tree
version=v4
num_class=1
num_tree_per_iteration=1
label_index=0
max_feature_idx=5
objective=quantile
feature_names=field broad_field credential state control log_completions
feature_infos=-1:387:383:151:291:388:285:44:362:155:360:240:415:300:45:361:147:310:37:347:15:399:410:311:386:393:384:373:356:42:30:359:344:327:289:64:307:372:348:367:34:43:21:56:136:170:58:395:345:237:189:332:117:266:298:143:416:418:354:394:363:371:145:346:148:36:271:303:397:31:25:55:309:18:389:57:417:258:365:318:302:296:324:398:53:185:308:156:96:267:305:49:376:130:23:396:93:109:352:407:50:168:251:385:4:94:364:76:166:98:12:349:22:292:3:16:38:103:380:391:325:341:268:337:350:162:239:404:131:288:48:294:336:152:199:201:238:272:357:252:254:299:0:46:14:105:343:142:314:134:184:392:405:2:100:172:24:95:137:144:420:90:160:62:159:171:200:111:234:323:158:230:293:358:403:259:297:102:63:71:290:401:124:127:6:92:275:312:319:369:169:263:301:402:17:89:146:165:198:355:29:52:68:70:108:283:400:51:61:97:99:186:256:317:353:377:390:5:28:107:164:214:265:295:378:19:149:277:375:8:27:150:161:179:191:197:205:320:326:329:338:370:374:9:11:35:47:66:132:133:135:174:194:208:212 -1:42:43:4:35:5:41:32:14:12:2:33:48:34:20:11:6:19:37:3:0:45:10:8:30:7:15:18:29:28:38:36:40:27:39:1:13:31:17 -1:2:4:1:0:5:6:7 -1:34:4:44:39:14:9:19:22:27:46:35:23:10:15:43:31:24:5:37:1:48:41:20:17:6:45:12:25:49:2:16:18:36:29:38:3:30:50:40:13:47:7:21:11:33:8:26:32:42:28 -1:2:1:0 [0:9.5238363793209437]
tree_sizes=2297 2365 2379 2408 2428 2376 2430 2354 2285 2395 2332 2409 2405 2455 2468 2529 2523 2551 2648 2502 2549 2608 2568 2548 2329 2488 2388 2673 2537 2653 2446 2456 2630 2494 2582 2465 2475 2640 2680 2512 2672 2700 2603 2749 2701 2569 2709 2854 2651 2752 2759 2746 2797 2685 2648 2809 2825 2712 2941 2582 2854 2573 2740 2573 2870 2662 2595 2739 2763 2931 2720 2911 2822 2956 2808 2614 2927 2654 2822 2707 2756 2760 2594 2827 2778 2892 2697 2746 2860 2836 2751 2755 2776 2818 2877 2909 2785 2823 2847 2764 2833 2837 2800 2709 2895 2709 2749 2715 2690 2649 2790 2959 2675 2856 2878 2853 2913 2613 2686 2902 2754 2557 2701 2660 2833 2992 2663 2850 3051 2890 2741 2933 2951 2761 2861 2892 2815 2757 2758 2580 2766 2990 2736 2731 2684 2826 2570 2857 2713 2839 2840 2829 2857 2846 2841 2661 2641 2859 2852 2936 2770 2881 2886 2864 2842 2964 2715 2711 2962 2897 2884 2681 2915 2828 2919 2725 2796 2879 2926 2931 2705 2784 2774 2852 2760 2680 2788 2922 2700 2759 2851 2698 2700 2710 2651 2637 2610 2631 2648 2765 2711 2668 2686 2619 2695 2636 2819 2772 2727 2704 2829 2785 2613 2687 2819 2593 2727 2657 2540 2535 2768 2746 2820 2848 2697 2800 2863 2881 2897 2960 2919 2848 2845 2515 2839 2655 2739 2663 2680 2719 2864 2723 2703 2799 2810 2762 2551 2669 2836 2699 2567 2831 2849 2806 2690 2626 2827 2948 2824 2774 2608 2890 2781 2700 2774 2710 2780 2700 2803 2978 2809 2834 2822 2756 2855 2792 2763 2841 2764 2872 3004 2764 2796 2936 2850 2860 2808 2611 2684 2691 2830 2749 2733 2780 2832 2913 2753 2743 2960 2715 2795 2822 2840 2825 2777 2779 2629 2929 2762 2829 2708 2717 2841 2968 2799 2856 2590 2790 2750 2719 2814 2760 2755 2803 2734 2696 2724 2727 2826 2791 2782 2796 2704 2736 2738 2840 2727 2678 2745 2797 2743 2854 2936 2884 2846 2770 2720 2926 2754 2795

Tree=0
num_leaves=23
num_cat=16
split_feature=0 2 0 2 0 0 3 1 0 0 5 5 5 4 0 0 5 5 4 2 5 3
split_gain=374.417 157.533 100.594 76.9169 127.389 63.6509 23.6018 21.8802 13.6544 11.536 9.8235 9.18768 9.12982 12.3406 6.97056 6.62232 6.03987 5.07986 4.68637 4.58518 4.31022 3.98929
threshold=0 1 2 3 4 5 6 7 8 9 5.310736838221497 4.7405652883788738 4.5900436644025815 10 11 12 4.8481086751891054 5.7975752026129497 13 14 4.3882378946731615 15
decision_type=9 9 9 9 9 9 9 9 9 9 10 8 8 1 9 9 10 10 1 9 10 9
left_child=1 5 17 8 9 10 -7 -6 12 -5 18 21 -2 -14 -8 -9 -16 -3 20 -17 -1 -11
right_child=3 2 -4 4 7 6 14 15 -10 11 -12 -13 13 -15 16 19 -18 -19 -20 -21 -22 -23
leaf_value=100231.80793130577 99026.649486126902 100114.67292544783 102805.39377552092 101290.07734807253 101279.84417767286 100211.13491941392 99001.09849096775 98536.343021717665 98135.730491392605 101185.02873273731 101748.46011441648 101371.98644908666 100936.62046862602 99397.494498100277 99266.841460577256 99866.889384889597 100127.13782807291 102637.26033606053 99801.720469280481 99136.512481453421 101296.1836590594 100016.62699014485
leaf_weight=80 505 362 712 107 125 244 777 1604 14935 114 142 386 125 289 316 113 212 58 283 1088 56 342
leaf_count=80 505 362 712 107 125 244 777 1604 14935 114 142 386 125 289 316 113 212 58 283 1088 56 342
internal_value=99291.2 99291.2 99291.2 99291.2 99291.2 99291.2 99291.2 99291.2 99291.2 99291.2 99291.2 99291.2 99291.2 99291.2 99291.2 99291.2 99291.2 99291.2 99291.2 99291.2 99291.2 99291.2
internal_weight=22975 3242 1132 19733 3879 2110 1549 2930 15854 949 561 842 919 414 1305 2805 528 420 419 1201 136 456
internal_count=22975 3242 1132 19733 3879 2110 1549 2930 15854 949 561 842 919 414 1305 2805 528 420 419 1201 136 456
cat_boundaries=0 13 14 24 25 38 44 46 48 61 74 75 87 99 100 101 103
cat_threshold=2392064 111411232 4305 2147484176 98304 6144 0 0 4096 2048 0 2148147296 147456 7 0 32 0 0 98304 0 0 0 0 2048 7 33554432 16777216 0 0 0 0 0 0 1024 524288 0 1280 8432156 2097152 111411200 4096 0 0 4096 1050640 4 16420 2048 0 2147614720 1073741824 64 16384 1024 64 0 134217728 2148007936 0 0 10498688 0 0 0 0 0 0 0 0 0 0 0 1024 512 2 0 0 0 0 0 0 0 0 0 0 0 2147483648 0 15376 0 0 1573120 536870912 0 65536 32772 4096 301989888 18907152 2 96 540688 128
is_linear=0
shrinkage=1


Tree=1
num_leaves=23
num_cat=18
split_feature=0 2 2 0 0 0 3 0 0 0 3 5 5 5 4 1 2 0 5 1 4 3
split_gain=343.217 229.852 74.7693 105.534 52.9127 20.6472 19.9691 17.5341 16.8096 14.812 11.2812 10.0503 8.24282 7.79206 11.5508 4.83454 6.96363 4.25776 6.03681 4.17133 3.63454 3.33464
threshold=0 1 2 3 4 5 6 7 8 9 10 5.4271478232179229 4.9801701820644562 4.6298509007569537 11 12 13 14 4.5900436644025815 15 16 17
decision_type=9 9 9 9 9 9 9 9 9 9 9 8 10 10 1 9 9 9 8 9 1 9
left_child=1 4 9 7 12 -5 21 11 -3 13 19 -4 -1 -2 -15 -12 -17 -8 -19 -7 -14 -6
right_child=2 8 3 5 6 10 17 -9 -10 -11 15 -13 20 14 -16 16 -18 18 -20 -21 -22 -23
leaf_value=693.7324821953282 -164.35577750186931 2147.7157764255221 876.76995521628919 -719.81294515581408 1019.3069203801903 1465.2066174725762 -259.50146261279582 1955.6427908822893 3353.1345314876048 -1152.3299035760517 1441.6526493027004 2451.6230511955619 4342.4248700837643 1637.1214311661006 107.8877190467836 773.7716246663598 -535.09571417222628 -209.41396333478122 719.66975591357027 349.20383477557885 1177.2151938800366 585.26387049753987
leaf_weight=331 750 126 483 1712 127 231 863 190 714 14664 229 166 45 118 351 115 808 178 147 237 174 216
leaf_count=331 750 126 483 1712 127 231 863 190 714 14664 229 166 45 118 351 115 808 178 147 237 174 216
internal_value=-0.000157659 0.0142211 -0.0022592 0.00309718 0.00610392 -0.000514056 0.00174692 0.0172438 0.0339613 -0.0036671 0.00311581 0.013146 0.0179359 0.00110032 0.0056465 0.000688143 -0.000784493 -0.0010425 0.00327151 0.008925 0.0250656 0.0111169
internal_weight=22975 2921 20054 4171 2081 3332 1531 839 840 15883 1620 649 550 1219 469 1152 923 1188 325 468 219 343
internal_count=22975 2921 20054 4171 2081 3332 1531 839 840 15883 1620 649 550 1219 469 1152 923 1188 325 468 219 343
cat_boundaries=0 13 14 15 28 40 52 54 67 72 85 87 88 90 91 103 105 106 107
cat_threshold=2392064 111411200 4305 2147484160 98304 6144 0 0 4096 0 0 2148147296 212992 7 7 33554432 0 0 0 0 0 0 0 1024 524288 0 1280 41500 2097152 111149056 4160 0 0 4096 0 0 0 0 0 524288 0 15376 0 0 1573120 536870912 0 65536 32772 4104 1509949440 18907160 2149056592 4 0 0 0 0 0 0 0 0 0 0 0 256 40984 0 0 0 0 98304 33554432 2164391936 536870912 80 16384 1024 64 0 134217728 3221751808 0 0 10498688 1573008 4 2 36 3072 32 0 0 1 0 0 0 0 0 4096 0 0 2147483648 16432 3072 2 1048592
is_linear=0
shrinkage=0.045


Tree=2
num_leaves=23
num_cat=17
split_feature=0 2 2 0 0 0 0 3 0 0 2 1 5 5 5 4 0 5 3 5 4 3
split_gain=306.715 210.774 67.5102 94.8019 44.0685 18.927 18.3158 17.4229 17.0601 13.6774 9.47202 9.95946 9.1181 9.08847 7.14255 11.3875 4.6055 5.65541 3.99432 3.84254 3.83861 3.66765
threshold=0 1 2 3 4 5 6 7 8 9 10 11 5.5816130673839615 5.3351284364833438 4.6298509007569537 12 13 4.2972622671762819 14 3.9415346756528771 15 16
decision_type=9 9 9 9 9 9 9 9 9 9 9 9 10 8 8 1 9 8 9 10 1 9
left_child=1 4 9 6 12 -5 13 -6 -3 14 -7 -12 20 -4 -2 -16 -9 -18 -13 -8 -1 -22
right_child=2 8 3 5 7 10 19 16 -10 -11 11 18 -14 -15 15 -17 17 -19 -20 -21 21 -23
leaf_value=1413.4549967941477 -197.05068635624315 2202.0038227503987 825.94031147686155 -675.69886448525529 740.05885927946338 1152.2753707760537 2409.461289360223 -271.8635897732201 3202.2434740837907 -1106.5590579601903 1336.8769123120244 525.57378391070347 2791.9092084654421 2326.7827842667748 1495.8565592558489 99.108754446292735 -256.49237202709548 532.42437600694745 -528.37753355571158 1763.0405402144322 744.16246122896905 320.51075747891502
leaf_weight=146 660 119 464 1716 372 171 70 845 724 14685 435 225 82 172 126 382 149 195 782 133 112 210
leaf_count=146 660 119 464 1716 372 171 70 845 724 14685 435 225 82 172 126 382 149 195 782 133 112 210
internal_value=-0.000312379 0.0131935 -0.00231166 0.00277966 0.00550895 -0.000645167 0.0161863 0.00159917 0.0320895 -0.00365134 0.002844 0.00160316 0.0163345 0.0119028 0.00103729 0.00504706 -0.00108285 0.00323595 -0.000869972 0.028193 0.0140936 0.0112222
internal_weight=22975 2954 20021 4168 2111 3329 839 1561 843 15853 1613 1442 550 636 1168 508 1189 344 1007 203 468 322
internal_count=22975 2954 20021 4168 2111 3329 839 1561 843 15853 1613 1442 550 636 1168 508 1189 344 1007 203 468 322
cat_boundaries=0 13 14 15 28 40 52 65 67 72 85 86 88 89 101 103 104 106
cat_threshold=2392064 112459776 4305 2147484176 98304 6144 0 0 4096 0 0 2148147296 212992 7 7 33554432 0 0 0 0 0 0 0 1024 524288 0 1280 41500 2097152 111149056 4160 0 0 4096 0 0 0 0 0 524288 0 15440 0 0 1573120 536870976 0 65536 32772 4104 1375731712 18907152 0 0 0 0 0 0 0 0 0 0 0 256 32792 2149056592 36 0 2097152 0 0 32768 0 2164391936 1610612736 64 16384 1024 64 0 134217728 3221751808 0 0 10498688 32 540709 3074 2 0 0 1 0 0 0 0 0 4096 0 0 2147483648 1048720 4 2 4194352 20608
is_linear=0
shrinkage=0.045


Tree=3
num_leaves=23
num_cat=16
split_feature=0 2 0 2 0 0 0 1 0 3 5 5 4 5 2 1 0 5 3 5 0 5
split_gain=278.698 137.568 79.0973 51.3547 84.0386 38.6202 18.9927 14.0114 13.8631 13.7694 7.67763 7.09305 8.11655 6.84129 6.66605 4.75102 4.4693 4.08347 3.94026 3.80163 3.64089 5.95646
threshold=0 1 2 3 4 5 6 7 8 9 5.4402485097224949 4.9163179057820896 10 5.5816130673839615 11 12 13 3.9415346756528771 14 5.4271478232179229 15 4.945201156493737
decision_type=9 9 9 9 9 9 9 9 9 9 10 10 1 10 9 9 9 10 9 10 9 8
left_child=1 5 14 8 6 13 10 19 11 -7 18 -2 -13 -1 -3 -10 -9 -8 -5 -6 -11 -22
right_child=3 2 -4 4 7 9 17 16 15 20 -12 12 -14 -15 -16 -17 -18 -19 -20 -21 21 -23
leaf_value=721.39687531999891 -72.807835935999933 502.7960004146467 3106.270187828894 1284.3964042268767 1130.5592772609666 716.34547877543912 2339.957267754985 -658.71147974400435 448.17639478628934 -249.70208630966451 2259.7738258339436 1537.4520248739618 101.48888843409863 2666.2732940844971 1681.3466273646036 -1059.9854881987605 -9.5899389059752984 1685.4047163103326 610.24772446233942 1517.6080696800946 -163.78826034055061 1087.2792296784467
leaf_weight=468 770 218 696 109 312 362 67 1594 103 865 140 89 232 82 216 14812 1005 132 373 41 179 110
leaf_count=468 770 218 696 109 312 362 67 1594 103 865 140 89 232 82 216 14812 1005 132 373 41 179 110
internal_value=-0.000445555 0.0118588 0.0244308 -0.00243952 0.00227913 0.00488113 0.0149046 -0.00127834 -0.00355269 0.00113089 0.0105615 0.00134225 0.00695201 0.0149733 0.00873767 -0.00391154 -0.00242838 0.0271066 0.00797727 0.00699041 -0.00128902 0.00300498
internal_weight=22975 3196 1130 19779 3773 2066 821 2952 16006 1516 622 1091 321 550 434 14915 2599 199 482 353 1154 289
internal_count=22975 3196 1130 19779 3773 2066 821 2952 16006 1516 622 1091 321 550 434 14915 2599 199 482 353 1154 289
cat_boundaries=0 13 14 24 25 38 50 63 65 78 80 81 82 83 95 97 110
cat_threshold=2392064 111411232 4305 2147484160 98304 6144 0 0 0 2048 0 2148147296 212992 7 0 2097184 0 0 98304 0 0 0 0 2048 135 33554432 0 0 0 0 0 0 0 1024 524288 0 1280 41500 2097152 111149056 4160 0 0 4096 0 0 0 0 0 524288 0 0 0 0 0 0 0 0 0 0 0 256 32792 1074282533 2056 0 16908288 536870912 80 16384 1024 64 0 134221824 2148007936 0 0 10760832 2148532304 8324 2 16 32 0 15376 0 0 18350336 536870912 0 65536 32772 4096 301989888 18907152 4718608 16512 0 0 1 0 0 0 0 0 0 0 0 2147483648 16384
is_linear=0
shrinkage=0.045


Tree=4
num_leaves=23
num_cat=18
split_feature=0 2 0 2 0 0 0 3 0 0 3 1 3 5 0 5 4 5 0 5 3 1
split_gain=248.834 124.754 77.2754 48.1751 80.0889 33.7593 17.3655 17.3582 12.2243 12.0664 10.0128 8.69868 7.45178 7.36049 6.313 6.21154 6.28496 5.8151 5.66445 5.1038 5.05083 4.79426
threshold=0 1 2 3 4 5 6 7 8 9 10 11 12 5.4271478232179229 13 4.4829865921051741 14 5.5816130673839615 15 3.9415346756528771 16 17
decision_type=9 9 9 9 9 9 9 9 9 9 9 9 9 8 9 10 1 10 9 10 9 9
left_child=1 5 10 8 6 17 13 20 12 -6 -3 14 15 -5 -11 -2 -17 -1 -12 -8 -7 -10
right_child=3 2 -4 4 9 7 19 -9 21 11 18 -13 -14 -15 -16 16 -18 -19 -20 -21 -22 -23
leaf_value=791.30760980360708 5.425171611538846 2466.9068785420332 3420.825338304368 760.18154623592307 -621.01888979281614 906.80187290164042 2195.7374852222483 -174.77145310089318 299.20238663847681 -59.783168810912663 125.18239747046995 -191.3373627092073 -171.07453978960277 2172.0191289004974 1506.8619573658841 1362.7956781670559 208.85597333069083 2837.0476966317583 1281.3078620396307 1613.9354749926385 413.52597286766786 -1111.8310957801796
leaf_weight=376 221 123 577 483 1714 111 60 1075 153 169 230 828 1519 166 329 73 110 70 202 130 478 13778
leaf_count=376 221 123 577 483 1714 111 60 1075 153 169 230 828 1519 166 329 73 110 70 202 130 478 13778
internal_value=-0.000566981 0.0109637 0.0229642 -0.00246663 0.00202506 0.00443214 0.0142297 0.00143914 -0.00356631 -0.00138598 0.0104365 0.0018296 -0.000193024 0.0102867 0.00645882 0.00514904 0.0113595 0.0152686 0.00677027 0.0262871 0.00756988 -0.00403138
internal_weight=22975 3242 1132 19733 3879 2110 839 1664 15854 3040 555 1326 1923 649 498 404 183 446 432 190 589 13931
internal_count=22975 3242 1132 19733 3879 2110 839 1664 15854 3040 555 1326 1923 649 498 404 183 446 432 190 589 13931
cat_boundaries=0 13 14 27 28 41 53 66 68 81 93 95 97 99 111 112 114 115 117
cat_threshold=2392064 111411232 4305 2147484176 98304 6144 0 0 4096 2048 0 2148147296 147456 7 294912 2097184 1 512 98304 0 0 0 0 2048 0 0 131072 7 33554432 0 0 0 0 0 0 0 1024 524288 0 1280 41500 2097152 109051904 64 0 0 0 0 0 0 0 0 524288 0 0 0 0 0 0 0 0 0 0 0 256 40984 2153251920 420 41943040 2164391936 1610612736 65 16384 1024 64 0 134217728 3221749776 0 4096 11023248 0 15376 0 0 1573120 536870976 0 65536 32772 4104 1509949440 18907152 1572880 4 537411621 3074 137888016 8320 0 16777216 0 0 0 0 0 0 65536 0 0 1048584 2 0 32 16 32 128
is_linear=0
shrinkage=0.045


Tree=5
num_leaves=23
num_cat=18
split_feature=0 0 2 0 2 1 2 3 5 0 0 3 1 5 1 5 3 5 2 3 4 0
split_gain=225.478 110.094 106.483 43.4187 28.7922 43.32 23.9624 20.3706 7.9268 7.79644 6.94542 6.88806 6.47029 5.05233 4.89566 4.85374 4.44834 3.94308 3.59823 3.52959 3.42689 3.42025
threshold=0 1 2 3 4 5 6 7 5.3589392201907193 8 9 10 11 5.705446369702539 12 4.4367340276668159 13 4.9801701820644562 14 15 16 17
decision_type=9 9 9 9 9 9 9 9 10 9 9 9 9 10 9 8 9 10 9 9 1 9
left_child=6 2 3 11 12 8 -1 15 16 -7 -9 -2 -3 19 -11 -4 -6 -8 -13 -12 -19 -14
right_child=1 4 7 -5 5 9 17 10 -10 14 13 18 21 -15 -16 -17 -18 20 -20 -21 -22 -23
leaf_value=3625.0528729158768 1815.1833648264094 79.071407129565884 520.70117310741887 1760.7442557205043 2023.1104945111501 -597.13658507396156 1190.1273736368219 -292.93233280156835 2201.9314802324875 881.50601853635499 329.32637216133787 -292.50804644704004 -268.85630143487282 1168.6282948921141 -147.55985845336801 762.75333535455002 591.02975001460595 4007.6497195203287 769.0365433049775 -108.33336860092164 1233.8542548675284 -1107.7707464406985
leaf_weight=289 105 557 176 573 102 1629 221 1294 171 356 250 155 1435 135 1008 373 457 35 150 559 115 12830
leaf_count=289 105 557 176 573 102 1629 221 1294 171 356 250 155 1435 135 1008 373 457 35 150 559 115 12830
internal_value=-0.000706033 -0.00147837 0.00552089 0.0181673 -0.00290389 0.000634939 0.0249777 0.00100161 0.0103706 -0.00177155 -0.000916001 0.00650474 -0.00379257 0.00200523 0.000739098 0.00867112 0.00786898 0.0160849 0.00276814 0.000671392 0.0222039 -0.0039793
internal_weight=22975 22315 3770 983 18545 3723 660 2787 730 2993 2238 410 14822 944 1364 549 559 371 305 809 150 14265
internal_count=22975 22315 3770 983 18545 3723 660 2787 730 2993 2238 410 14822 944 1364 549 559 371 305 809 150 14265
cat_boundaries=0 13 26 27 37 38 40 41 43 55 67 69 71 73 75 76 78 79 92
cat_threshold=2097152 100663296 128 2147483648 0 0 0 0 0 0 0 663648 131072 294912 10879008 33558609 528 98304 6176 0 0 4096 526336 0 2147484672 2450048 240 0 2097184 0 0 32768 0 0 0 0 2048 7 1073741828 2048 112 1574928 260 0 15376 0 0 1573120 536870976 0 65536 32772 4096 1375731712 18907152 0 131072 1 0 0 0 0 0 4096 0 0 2147484672 4734992 4 2147516448 144 540673 1024 4718608 16384 16 134218336 90256 2 583008256 0 1610612736 65 16384 0 64 134217728 0 18874384 0 6144 8917268
is_linear=0
shrinkage=0.045


Tree=6
num_leaves=23
num_cat=20
split_feature=0 0 2 0 2 0 2 3 3 3 0 5 1 1 5 0 4 0 3 0 0 2
split_gain=201.413 96.6045 88.7297 38.2731 26.7442 37.1767 24.8741 19.0145 7.05179 7.01759 6.98394 6.78334 6.37326 5.14678 4.88417 4.47623 3.73272 3.68865 3.61858 3.42258 3.41615 3.38318
threshold=0 1 2 3 4 5 6 7 8 9 10 5.6646935841241897 11 12 4.2835627800822236 13 14 15 16 17 18 19
decision_type=9 9 9 9 9 9 9 9 9 9 9 10 9 9 10 9 1 9 9 9 9 9
left_child=6 2 7 8 12 9 -1 14 -4 11 -7 -6 -3 19 -2 -9 18 -14 -16 -12 -8 -15
right_child=1 4 3 -5 5 10 20 15 -10 -11 13 -13 17 21 16 -17 -18 -19 -20 -21 -22 -23
leaf_value=3461.925493634662 263.2228756456571 75.513193808735409 1374.2938272566942 1694.5603778730872 1220.0831080984158 -566.59340948165982 368.91022857633106 -279.77411309993022 206.69050089704908 480.08747030394358 -26.762878032103472 2699.1097274408035 -249.89964312183494 -339.55069987879102 744.74717145053035 126.93230485600617 999.05653836809267 -1054.2984527676447 150.53306849373661 1569.0677037374819 2116.0386100931623 330.11168519584925
leaf_weight=289 250 557 112 584 361 1669 128 1465 287 387 117 69 1415 823 107 525 224 12857 205 167 243 134
leaf_count=289 250 557 112 584 361 1669 128 1465 287 387 117 69 1415 823 107 525 224 12857 205 167 243 134
internal_value=-0.000837251 -0.00156705 0.00500119 0.0165392 -0.00289999 0.000509092 0.0234375 0.000861907 0.00537591 0.00891858 -0.00187885 0.0129299 -0.00375652 0.00067877 0.00673308 -0.00148352 0.0092342 -0.00394175 0.00599044 0.00586824 0.0145574 -0.000914862
internal_weight=22975 22315 3759 983 18556 3727 660 2776 399 817 2910 430 14829 1241 786 1990 536 14272 312 284 371 957
internal_count=22975 22315 3759 983 18556 3727 660 2776 399 817 2910 430 14829 1241 786 1990 536 14272 312 284 371 957
cat_boundaries=0 13 26 27 37 38 51 52 54 56 58 70 72 74 87 88 101 102 114 116 117
cat_threshold=2097152 100663296 128 2147483648 0 0 0 0 0 0 0 663648 131072 294912 10879008 33558609 528 98304 6144 0 0 4096 526336 0 2147484672 2450048 7 0 32 0 0 32768 0 0 0 0 2048 7 33554432 0 0 0 0 0 0 0 1024 2097152 0 256 2155907100 112 1575376 8582 2160082960 4 2287517840 90244 0 15376 0 0 1573120 536870912 0 65536 32772 4104 1375731712 18907152 2147516448 144 16389 3074 0 131072 4097 0 0 0 0 0 4096 524288 0 2147484672 512 4 46137344 0 1610612736 65 16384 0 64 134217728 0 2097168 0 6144 8917268 16 0 0 0 0 0 64 0 0 0 0 0 1048584 0 67108864 16
is_linear=0
shrinkage=0.045


Tree=7
num_leaves=23
num_cat=18
split_feature=0 0 2 0 0 2 0 3 3 5 0 3 3 1 4 3 1 5 5 5 2 2
split_gain=178.03 73.4321 74.7239 39.5531 32.9558 23.115 31.8045 13.9671 7.33263 7.17873 6.14068 6.12551 6.03796 4.81392 4.70706 4.66245 3.85568 3.62096 3.31737 3.16589 2.93333 2.23493
threshold=0 1 2 3 4 5 6 7 8 4.6001450180613412 9 10 11 12 13 14 15 6.2136070970868564 6.0461887465411452 5.6646935841241897 16 17
decision_type=9 9 9 9 9 9 9 9 9 8 9 9 9 9 1 9 9 10 10 10 9 9
left_child=3 2 7 -1 11 13 12 9 18 -2 -8 -4 19 15 -11 21 -12 -9 -5 -7 -18 -3
right_child=1 5 4 8 -6 6 10 17 -10 14 16 -13 -14 -15 -16 -17 20 -19 -20 -21 -22 -23
leaf_value=3598.7826028893987 100.21217648659098 148.54874251255228 1433.6219400888256 1128.4571017958463 1640.9510240444924 1382.8362009809314 -541.00670592623896 -198.85337106153727 518.18348323871635 1201.502376486716 885.47086037087297 95.927216693187759 524.43106164005678 -1082.3111069019965 432.7467486644278 -490.74917183776836 -320.08549444401098 447.85882427261419 5758.4414532813289 2762.8817348451762 318.81617273282649 -942.00708496158006
leaf_weight=293 319 687 106 310 502 264 1657 2021 361 154 328 273 430 11454 276 2044 811 145 42 57 133 308
leaf_count=293 319 687 106 310 502 264 1657 2021 361 154 328 273 430 11454 276 2044 811 145 42 57 133 308
internal_value=-0.000964553 -0.00181568 0.00386896 0.0174342 0.0152637 -0.00300487 0.000182827 0.000376664 0.0112779 0.00562352 -0.00194169 0.00484527 0.00836894 -0.00381375 0.00947917 -0.00219617 0.00041355 -0.00145868 0.0160467 0.0130946 -0.00105439 0.000335153
internal_weight=22975 21969 3796 1006 881 18173 3680 2915 713 749 2929 379 751 14493 430 3039 1272 2166 352 321 944 995
internal_count=22975 21969 3796 1006 881 18173 3680 2915 713 749 2929 379 751 14493 430 3039 1272 2166 352 321 944 995
cat_boundaries=0 13 26 27 39 52 53 66 68 70 82 84 86 88 89 91 93 94 95
cat_threshold=2097152 111411200 208 512 98304 0 0 0 0 0 0 663648 131072 33849344 1179680 33558529 2147487760 0 7200 0 0 134221824 2148009984 0 2147484672 10842752 7 0 33554432 0 0 0 0 0 0 0 0 0 532576 0 32 1 2147483648 0 0 0 0 0 2048 0 0 8396800 7 0 0 0 0 0 0 0 0 1024 0 0 256 34844 135792720 8452 2283278896 8324 0 15376 0 0 1573120 536870912 0 65536 32772 4104 301989888 18907152 4734992 4 2287485008 90116 134217828 2192 2 808976816 24710 540677 3074 16 4
is_linear=0
shrinkage=0.045


Tree=8
num_leaves=23
num_cat=18
split_feature=0 0 2 0 0 2 2 3 5 2 3 0 3 3 1 3 5 5 2 5 4 4
split_gain=159.758 81.1145 65.9779 33.9216 24.7648 27.627 18.6515 15.6099 7.52328 7.0689 6.94373 5.89197 5.07865 4.64601 4.57531 4.56081 4.00476 3.773 3.21845 3.33716 3.75203 3.18798
threshold=0 1 2 3 4 5 6 7 5.4402485097224949 8 9 10 11 12 13 14 5.705446369702539 4.9801701820644562 15 4.3241107269113215 16 17
decision_type=9 9 9 9 9 9 9 9 10 9 9 9 9 9 9 9 10 10 9 8 1 1
left_child=6 2 7 10 5 12 17 21 13 -6 -4 -9 18 -7 -11 -5 -13 -1 -3 -20 -21 -2
right_child=1 4 3 15 9 8 -8 11 -10 14 -12 16 -14 -15 -16 -17 -18 -19 19 20 -22 -23
leaf_value=875.42590157459063 853.8676628984573 -1294.976798980467 1557.3561387419209 1004.5038974357158 257.33466040250119 1017.9986266923855 3637.9021297037134 -430.36652685219411 1927.5915823827384 95.476993186245053 69.064915525018264 16.397354919230793 -411.07191838139045 190.76744644807587 -881.2331605551467 1626.6648694604069 1129.2399051797966 1937.5242922619843 -183.97693631581606 695.44812905803349 84.960700877401678 421.54891823934008
leaf_weight=114 231 261 106 115 229 340 246 1080 177 437 303 846 1462 391 14649 457 122 107 363 205 318 416
leaf_count=114 231 261 106 115 229 340 246 1080 177 437 303 846 1462 391 14649 457 122 107 363 205 318 416
internal_value=-0.00107619 -0.00162216 0.00448292 0.0144063 -0.00281596 0.000590393 0.024642 0.000822866 0.00729783 -0.00359806 0.00417933 -0.00110971 -0.00176669 0.00533492 -0.00371851 0.0214829 0.00143265 0.0133069 0.000477566 0.00177394 0.00408857 0.00684901
internal_weight=22975 22508 3676 981 18832 3517 467 2695 908 15315 409 2048 2609 731 15086 572 968 221 1147 886 523 647
internal_count=22975 22508 3676 981 18832 3517 467 2695 908 15315 409 2048 2609 731 15086 572 968 221 1147 886 523 647
cat_boundaries=0 12 25 26 38 51 52 53 55 56 58 70 72 74 76 78 79 80 81
cat_threshold=2097152 33554432 128 0 0 0 0 0 0 0 0 532576 294912 77987872 33554512 2147484176 98304 6144 0 0 4096 524288 0 2147615744 2515584 7 0 32 0 2147483648 32768 0 0 0 0 0 0 131072 37748736 1064960 536875009 4160 278528 1056 64 0 134218752 3221236752 0 0 8984860 7 4 2149058832 8452 32 4734992 4 0 0 0 0 0 0 0 0 0 0 0 2147484672 406357424 90246 2152251408 16516 36 128 16777760 4104 2 2 2
is_linear=0
shrinkage=0.045


Tree=9
num_leaves=23
num_cat=17
split_feature=0 2 0 2 0 0 0 3 3 3 5 4 2 1 3 5 5 3 5 0 2 5
split_gain=146.121 65.2315 86.1158 34.9926 24.5408 19.7576 14.1003 11.6281 11.551 5.16706 5.13154 5.41281 4.77136 4.16091 4.03286 3.77543 3.43647 3.25484 3.06614 2.84498 2.68403 3.54259
threshold=0 1 2 3 4 5 6 7 8 9 4.3107766033702406 10 11 12 13 4.6101453514146771 5.3913496380844323 14 3.4498615536424366 15 16 4.3502571242716384
decision_type=9 9 9 9 9 9 9 9 9 9 8 1 9 9 9 10 10 9 10 9 9 8
left_child=3 4 6 -1 7 -4 -3 10 12 -8 -2 17 18 14 20 -14 -5 -12 -7 -9 21 -6
right_child=1 2 5 16 13 8 9 19 -10 -11 11 -13 15 -15 -16 -17 -18 -19 -20 -21 -22 -23
leaf_value=3194.7597495436612 -18.572984692165328 1261.3082017778347 -510.1124123497828 1036.4983627276536 -156.59015370996104 623.34590442199715 1656.061730627524 -225.99090329751087 49.086696148551042 866.26796761791047 707.90091678768977 1106.4628607075285 294.07389874854198 -986.22054144041704 -458.3158575893379 947.91194519632893 2251.7624533078324 65.752237986349229 2125.3839967336944 128.20005670195141 -892.35083768440313 366.29892558863668
leaf_weight=247 262 435 1884 286 340 41 221 1201 1134 403 122 255 380 11594 2269 184 85 277 70 504 330 451
leaf_count=247 262 435 1884 286 340 41 221 1201 1134 403 122 255 380 11594 2269 184 85 277 70 504 330 451
internal_value=-0.00114669 -0.00174758 0.00292632 0.0202286 -0.0030103 -0.00033158 0.0141639 0.00100665 0.0030173 0.00938207 0.0050625 0.0072439 0.007631 -0.00371319 -0.00230159 0.00567187 0.0106802 0.0039389 0.016061 -0.00119249 -8.34079e-05 0.00133935
internal_weight=22975 22357 4752 618 17605 3693 1059 2621 1809 624 916 654 675 14984 3390 564 371 399 111 1705 1121 791
internal_count=22975 22357 4752 618 17605 3693 1059 2621 1809 624 916 654 675 14984 3390 564 371 399 111 1705 1121 791
cat_boundaries=0 12 13 26 27 40 54 67 69 71 73 74 75 77 79 80 93 94
cat_threshold=2097152 100663296 128 0 0 0 0 0 0 0 0 532576 7 33849344 2097152 0 512 65536 0 0 0 1024 524288 0 2147484928 57868 112 294912 10878976 1610616897 80 0 7168 64 0 134221824 2148009984 0 2147483648 10773120 0 15380 0 0 18350336 536870912 0 268500992 32772 4104 503316480 18907160 0 1 33587200 0 0 0 0 0 0 0 1024 524288 0 2147484672 16896 137890000 8614 1622224 4 135806994 82048 4 96 134742116 2192 808976816 24708 16 0 2228224 536875009 64 0 1024 0 0 4096 524288 0 2147483648 8389120 4
is_linear=0
shrinkage=0.045


Tree=10
num_leaves=23
num_cat=19
split_feature=0 0 2 2 0 2 1 3 0 1 0 3 4 5 4 5 3 3 3 3 3 5
split_gain=123.256 60.4308 47.0748 32.9856 23.1241 20.2862 23.9022 13.5396 6.64224 5.66817 5.60251 5.41627 4.45268 5.42713 4.43092 5.07874 4.01109 3.98842 3.79548 3.58716 3.14825 3.13731
threshold=0 1 2 3 4 5 6 7 8 9 10 11 12 4.4484992763719129 13 4.5379471377116305 14 15 16 17 18 5.7573219937320976
decision_type=9 9 9 9 9 9 9 9 9 9 9 9 1 8 1 10 9 9 9 9 9 10
left_child=3 2 7 14 11 9 18 21 -8 19 -9 -4 13 -12 15 -1 -6 -10 -7 -3 -16 -2
right_child=1 5 4 -5 16 6 8 10 17 -11 12 -13 -14 -15 20 -17 -18 -19 -20 -21 -22 -23
leaf_value=350.11304990970967 498.42993423963566 -311.17013817566215 1217.7187318868646 3139.470420746261 1983.2270105436753 1517.443093536056 -523.08128078719471 -381.18798531960681 436.54600160447478 -859.14888621274235 51.252376389693652 85.353858243661037 -21.492077427025947 1071.1554351913769 982.95984234130322 3320.4134271324288 817.15861731437462 -122.97118143265251 683.99170847987591 143.91524864523331 271.12353576857043 1033.5030499897962
leaf_weight=78 451 448 108 330 219 226 1659 1256 386 13703 163 306 711 132 103 52 332 974 477 553 226 82
leaf_count=78 451 448 108 330 219 226 1659 1256 386 13703 163 306 711 132 103 52 332 974 477 553 226 82
internal_value=-0.00121524 -0.0018399 0.00335233 0.0161292 0.0118603 -0.00290091 6.98972e-05 0.000376736 -0.00167618 -0.00365235 -0.00115172 0.00354929 0.00134381 0.00598485 0.00784395 0.015 0.0178961 0.000655976 0.00747063 -0.000359823 0.00517976 0.00674587
internal_weight=22975 22186 3760 789 965 18426 3722 2795 3019 14704 2262 414 1006 295 459 130 551 1360 703 1001 329 533
internal_count=22975 22186 3760 789 965 18426 3722 2795 3019 14704 2262 414 1006 295 459 130 551 1360 703 1001 329 533
cat_boundaries=0 12 25 26 27 40 41 43 45 59 61 74 76 77 78 80 82 84 86 88
cat_threshold=2359296 100663296 208 512 65536 4096 0 0 0 0 0 532576 33587200 10879008 33558529 4112 32768 2080 0 0 134221824 526336 0 2147484672 10969728 7 6 0 32 0 0 32768 0 0 0 0 2048 0 0 131072 7 1073741828 2048 2148534416 260 0 15380 0 0 18350336 536870976 0 268500992 32768 4096 503316480 18907144 0 1 32868 144 33554432 131072 0 0 0 0 0 0 0 0 0 2147484672 16384 8929296 4 2 2 672661520 132 135299090 8196 4734992 81924 2210596418 201224 4194352 20480
is_linear=0
shrinkage=0.045


Tree=11
num_leaves=23
num_cat=19
split_feature=0 2 0 2 3 0 3 0 0 3 3 1 2 3 2 5 4 0 4 5 5 3
split_gain=106.363 102.887 25.7199 22.4691 17.5016 14.3336 10.9529 7.52125 6.88845 6.39243 5.95129 5.64357 5.40586 4.64116 4.41291 4.36595 4.90335 3.09207 3.01092 4.5936 2.92995 2.83182
threshold=0 1 2 3 4 5 6 7 8 9 10 11 12 13 14 4.863673427408628 15 16 17 4.1820210059610323 4.5485858369352732 18
decision_type=9 9 9 9 9 9 9 9 9 9 9 9 9 9 9 8 1 9 1 10 10 9
left_child=1 4 3 13 14 -3 -5 10 -6 -7 20 -9 -13 15 17 -2 -17 -1 19 -12 -4 -10
right_child=2 5 7 6 8 9 -8 11 21 -11 18 12 -14 -15 -16 16 -18 -19 -20 -21 -22 -23
leaf_value=1195.4368841724083 -220.78225356318893 3010.6456996995043 121.18244597352978 1361.9652160180003 -284.15519572620184 2176.4552965267667 359.48961115406524 762.872007680043 -17.130863971511783 1095.0627003178311 -279.11442325495335 204.30415294945124 -872.73211691788788 -377.37670470639949 88.832997658277833 1047.4714012698228 41.499171078336872 398.92239871667635 -376.02965427965802 392.82065018965892 418.16938384748772 392.82452145615792
leaf_weight=302 573 253 277 463 1313 251 551 124 222 361 389 222 13171 1319 210 140 311 230 1627 216 162 288
leaf_count=302 573 253 277 463 1313 251 551 124 222 361 389 222 13171 1319 210 140 311 230 1627 216 162 288
internal_value=-0.00129554 0.00600087 -0.00257823 0.00100579 0.00144063 0.0193187 0.0065614 -0.00332167 -0.000939238 0.0148413 -0.00112542 -0.00375427 -0.00384472 -0.00141975 0.00720955 0.00085135 0.00416225 0.0094136 -0.00206952 0.000630147 0.00360199 0.00344827
internal_weight=22975 3430 19545 3357 2565 865 1014 16188 1823 612 2671 13517 13393 2343 742 1024 451 532 2232 605 439 510
internal_count=22975 3430 19545 3357 2565 865 1014 16188 1823 612 2671 13517 13393 2343 742 1024 451 532 2232 605 439 510
cat_boundaries=0 13 14 27 28 30 42 44 57 70 72 74 76 77 79 80 81 94 95 97
cat_threshold=2392064 111542272 33558672 4624 98304 6144 0 0 4096 0 0 2148017248 2384000 7 33554432 1064992 536870977 2147483712 2147483648 1056 0 0 134218752 2148010048 8 131072 9116428 7 526416 74148 0 0 0 0 0 0 0 0 0 0 0 533568 676872336 90148 12664832 3238002752 1073741824 1 268713984 0 64 0 65536 1075848241 65536 1054976 32786 32768 393216 0 0 0 0 0 0 4096 0 0 2147484672 2097280 138936336 4228 1142424016 256 36 128 32 410550352 24966 4 2 2129920 33554432 4096 0 0 0 0 0 0 0 0 2147484672 128 2 29638656 6664
is_linear=0
shrinkage=0.045


Tree=12
num_leaves=23
num_cat=17
split_feature=0 2 0 2 0 3 2 2 0 3 3 1 0 5 1 1 3 5 4 5 5 5
split_gain=84.9534 54.8837 35.0143 32.646 18.891 10.634 9.29977 7.89419 8.92213 7.77958 6.78582 4.79915 4.10545 3.89439 3.88164 3.48578 3.44556 3.42804 3.39215 3.1816 2.99926 2.63131
threshold=0 1 2 3 4 5 6 7 8 9 10 11 12 4.6491756246494491 13 14 15 4.3502571242716384 16 5.5432204948189954 5.611299950786516 6.0124911652234827
decision_type=9 9 9 9 9 9 9 9 9 9 9 9 9 8 9 9 9 8 1 10 8 10
left_child=1 6 3 10 -3 20 9 12 -9 13 17 -7 16 -1 -14 -10 -4 -2 21 -11 -5 -19
right_child=2 4 7 5 -6 11 -8 8 15 19 -12 -13 14 -15 -16 -17 -18 18 -20 -21 -22 -23
leaf_value=397.94790780644456 -140.26983173390556 1054.8135599298564 71.631759178830791 1548.2730846926881 2559.9685749518808 966.04298813320895 -797.7297222945009 -461.57624409208813 -79.513841729424243 49.742299095721542 -305.88858608343145 -1.1717730305820533 454.01012085928778 1186.7860078265182 -935.74394705884049 440.36256295473015 -353.35777389856622 573.5946115063665 108.56425894375205 1137.8851000092404 2238.1032156755045 979.53328496240511
leaf_weight=133 448 227 528 244 419 616 448 1869 581 741 1996 282 110 211 11066 716 1326 253 557 102 57 45
leaf_count=133 448 227 528 244 419 616 448 1869 581 741 1996 282 110 211 11066 716 1326 253 557 102 57 45
internal_value=-0.00141304 0.00680789 -0.00232194 0.00118936 0.0178085 0.00750991 0.00236339 -0.00329726 -0.00126872 0.00443995 -0.0011267 0.00490549 -0.00378853 0.0100618 -0.00411709 0.00159167 -0.00179421 0.00139277 0.00307176 0.00203684 0.0147939 0.00693
internal_weight=22975 2281 20694 4498 646 1199 1635 16196 3166 1187 3299 898 13030 344 11176 1297 1854 1303 855 843 301 298
internal_count=22975 2281 20694 4498 646 1199 1635 16196 3166 1187 3299 898 13030 344 11176 1297 1854 1303 855 843 301 298
cat_boundaries=0 13 14 27 28 41 43 44 45 59 61 63 65 78 80 82 84 85
cat_threshold=2392064 111542272 33558720 528 98304 6144 0 0 4096 2048 0 533600 417920 7 37748736 1064992 1610612753 2147487808 2147483648 1056 0 0 134217728 3221749776 8 2147614720 2693900 7 262144 0 0 512 98304 0 0 0 0 2048 0 0 155648 2148007952 73732 4 7 0 15380 0 0 18350336 0 0 268500992 32772 4104 503316480 18907160 0 1 135790610 90384 406358192 24742 4 3072 545259544 2164260864 0 5 268451840 16777216 64 134217728 32768 23068736 65536 6144 8421392 32 128 268701744 525 3222831248 10624 2
is_linear=0
shrinkage=0.045


Tree=13
num_leaves=23
num_cat=19
split_feature=0 0 2 0 0 5 3 2 0 2 3 3 4 0 5 1 0 3 5 3 3 2
split_gain=73.56 37.0434 40.09 25.2543 13.1112 10.8431 9.3152 7.88943 8.33509 7.57495 5.7779 5.50496 4.6319 4.15833 3.89413 3.86166 3.54434 3.58697 3.59978 3.46893 3.33197 3.11768
threshold=0 1 2 3 4 5.7186697390068177 5 6 7 8 9 10 11 12 4.6491756246494491 13 14 15 4.9522934739897151 16 17 18
decision_type=9 9 9 9 9 10 9 9 9 9 9 9 1 9 8 9 9 9 8 9 9 9
left_child=3 2 6 -1 10 9 16 13 21 -5 -4 14 -7 20 -11 -15 -2 -18 -19 -10 -3 -9
right_child=1 7 4 5 -6 12 -8 8 19 11 -12 -13 -14 15 -16 -17 17 18 -20 -21 -22 -23
leaf_value=4233.4475308332921 -100.90507086773506 47.448617798298727 1366.8642735789178 1172.5821787446298 1100.7970904956953 3077.9878371746399 -301.3373366441823 227.78043412076119 389.55648719238729 284.357579933426 214.02014211651829 12.055893761915025 988.74664152605874 433.57966542062007 1062.7116631019917 -907.46398124613086 -8.8585178219479186 279.17321936335043 625.24980205960401 -74.74851414877152 -337.81297217529897 -665.25438320364594
leaf_weight=121 520 557 342 246 413 81 2582 104 593 173 482 794 161 110 182 11004 230 260 152 740 1361 1767
leaf_count=121 520 557 342 246 413 81 2582 104 593 173 482 794 161 110 182 11004 230 260 152 740 1361 1767
internal_value=-0.00148943 -0.00222297 0.00117074 0.00732712 0.00815332 0.00573893 -0.00115495 -0.00326422 -0.00125093 0.00423586 0.00471531 0.00260077 0.0145328 -0.00375759 0.00717302 -0.00409473 0.00217717 0.00438991 0.00687736 0.00146208 -0.00179067 -0.00318083
internal_weight=22975 21217 4981 1758 1237 1637 3744 16236 3204 1395 824 1149 242 13032 355 11114 1162 642 412 1333 1918 1871
internal_count=22975 21217 4981 1758 1237 1637 3744 16236 3204 1395 824 1149 242 13032 355 11114 1162 642 412 1333 1918 1871
cat_boundaries=0 13 26 27 39 52 54 55 69 70 72 74 75 88 90 103 105 107 109 110
cat_threshold=2392064 111542272 33554576 512 98304 6144 0 0 4096 2048 0 532576 422016 37748736 1048608 1610616897 4176 2147483648 1024 0 0 134217728 3221757968 8 2147615744 2689804 7 0 0 0 0 0 0 0 0 0 0 0 8288 0 32 1 0 0 0 0 0 0 0 0 131072 2060 339216560 8614 7 0 15380 0 0 18350336 0 0 268500992 98308 4106 503316480 16810008 0 1 48 2153299984 81956 1607762 90368 2 545259544 2164260864 67108864 5 1342193664 16777220 64 134217728 32768 23068736 65536 6144 8421392 32 128 0 0 1 0 0 0 0 0 0 1073741824 0 0 2572 67633184 8320 2287501458 2052 3357048976 8576 32
is_linear=0
shrinkage=0.045


Tree=14
num_leaves=23
num_cat=19
split_feature=0 0 2 0 1 3 3 2 5 3 0 5 4 0 3 0 1 5 4 0 0 3
split_gain=64.9828 37.0252 35.1153 22.982 10.735 9.37802 9.2706 7.1444 6.78066 6.76092 6.71141 5.08638 5.54735 3.36684 3.34115 3.15124 3.00893 2.94692 2.43777 2.17167 2.16505 2.1231
threshold=0 1 2 3 4 5 6 7 6.5589065201527559 8 9 4.3107766033702406 10 11 12 13 14 5.5548938233105778 15 16 17 18
decision_type=9 9 9 9 9 9 9 9 10 9 9 8 1 9 9 9 9 8 1 9 9 9
left_child=3 2 5 -1 9 11 18 10 13 17 -3 -2 15 -8 -12 -13 21 -4 -5 -16 -18 -9
right_child=1 7 4 6 -6 -7 8 16 -10 -11 14 12 -14 -15 19 -17 20 -19 -20 -21 -22 -23
leaf_value=4042.9423919457936 -203.70804651562312 -458.57587878980598 918.90563839329911 895.19851859525397 894.51675680686208 -364.10272527191916 373.25616997505233 -297.06024122644612 3040.3959587505624 116.88003432575458 330.0860853663998 1090.5328739318088 64.191835970044764 119.15530510837425 -337.407420298972 373.39493724341293 -350.72870690925748 1876.4627688822861 1814.2302164301375 120.00552382403902 -873.21681457563272 103.20998768793201
leaf_weight=121 610 1619 373 228 373 2490 343 242 38 528 553 100 689 997 386 252 1132 94 141 486 10839 341
leaf_count=121 610 1619 373 228 373 2490 343 242 38 528 553 100 689 997 386 252 1132 94 141 486 10839 341
internal_value=-0.00152859 -0.00224095 0.000929993 0.00649149 0.00714783 -0.00113882 0.00507305 -0.00336073 0.00330863 0.00458044 -0.00139005 0.00148557 0.00340412 0.00278316 0.000861168 0.00798305 -0.00383678 0.0084833 0.0113504 -0.000875567 -0.00399228 -0.000627732
internal_weight=22975 21107 5509 1868 1368 4141 1747 15598 1378 995 3044 1651 1041 1340 1425 352 12554 467 369 872 11971 583
internal_count=22975 21107 5509 1868 1368 4141 1747 15598 1378 995 3044 1651 1041 1340 1425 352 12554 467 369 872 11971 583
cat_boundaries=0 13 26 27 39 41 43 44 45 47 61 62 74 76 89 91 92 104 117 119
cat_threshold=2392064 111542272 4305 4624 98304 6144 0 0 134221824 0 0 532576 462976 37748736 1048608 1644167168 68 0 1056 0 0 0 3221760016 8 2147484672 2648860 7 0 0 0 0 0 0 0 0 0 0 0 8288 16 2052 3023604208 24966 135790672 240 2152251536 92292 0 16792596 0 0 18350336 536870976 0 268500992 32768 4096 503316480 16810008 0 1 2 2097152 41943040 208 0 0 0 0 0 0 0 0 524288 139985042 8212 0 0 0 0 0 1024 0 0 0 524288 0 0 20 100 144 4 0 64 0 0 134217728 0 0 0 65540 1026 0 2097152 536870936 0 0 0 3489677312 16777220 64 134217728 32768 23068736 0 6144 8421376 62916098 201224
is_linear=0
shrinkage=0.045


Tree=15
num_leaves=23
num_cat=17
split_feature=0 2 0 0 0 3 0 3 5 3 4 3 3 3 5 0 3 5 0 5 5 4
split_gain=58.0649 32.8083 40.2845 19.9904 13.1364 10.3659 8.32321 7.69967 6.12025 5.89763 4.52802 4.32264 4.25937 3.54491 3.27141 3.15486 3.1545 2.61854 2.58801 2.43913 2.36833 2.2994
threshold=0 1 2 3 4 5 6 7 6.4353484435784418 8 9 10 11 12 4.2413008733233104 13 14 5.6646935841241897 15 4.5485858369352732 5.8245230014317348 16
decision_type=9 9 9 9 9 9 9 9 10 9 1 9 9 9 10 9 9 10 9 8 10 1
left_child=3 4 9 -1 7 20 11 19 10 17 14 -4 -8 -12 -7 -6 18 -3 -17 -2 -5 -21
right_child=1 2 6 5 15 8 12 -9 -10 -11 13 -13 -14 -15 -16 16 -18 -19 -20 21 -22 -23
leaf_value=3861.0099843082321 9.9727726948792998 1495.6318543478174 223.91096158514591 -7.1302238881145081 -951.33991524346948 524.29484032351615 443.91762357155574 -181.76619026118473 3347.2874351261858 703.15110156455853 0.05847879367461855 -490.40095069857404 -58.786963336554869 639.4284532522621 1722.1278838442345 -651.43753370591287 -642.39344687678533 1543.473226005751 -92.140255990868539 742.08751755925709 883.60599385858575 183.99709871331385
leaf_weight=121 457 213 150 581 7608 123 655 2050 46 711 222 1821 873 336 193 756 3607 50 1798 178 74 352
leaf_count=121 457 213 150 581 7608 123 655 2050 46 711 222 1821 873 336 193 756 3607 50 1798 178 74 352
internal_value=-0.00157364 -0.0022127 0.00121104 0.00641276 -0.00312415 0.00494801 -0.0010497 -0.000438342 0.00801502 0.00924645 0.0072226 -0.00297504 0.00143766 0.00475714 0.0115189 -0.00371566 -0.00293852 0.0151691 -0.00170811 0.00280631 0.000573462 0.00490601
internal_weight=22975 21279 4473 1696 16806 1575 3499 3037 920 974 874 1971 1528 558 316 13769 6161 263 2554 987 655 530
internal_count=22975 21279 4473 1696 16806 1575 3499 3037 920 974 874 1971 1528 558 316 13769 6161 263 2554 987 655 530
cat_boundaries=0 13 14 27 39 52 54 68 70 72 73 74 76 78 92 94 108 109
cat_threshold=2392064 111280128 4224 592 98304 6144 0 0 4096 0 0 532576 417920 7 33554432 0 1 0 0 0 0 0 1024 524288 0 2147484928 33292 0 0 0 0 0 0 0 0 0 0 0 8288 12582912 2164523008 1610612801 5 1342193664 1024 64 0 134217856 3223846928 8 2147485696 2626064 2747679396 268808 0 15380 0 0 152568064 0 0 268500992 98304 4098 503316480 18907160 0 1 473434320 73830 2149056528 65540 2 16 135807184 404 134775808 8340 3221225472 13312 0 2097152 143130880 0 0 65536 536870912 8425480 503320704 33680 2147484705 1 1949927856 43396 4097 1073741828 0 41088 4 536870976 512 16384 2048 68288771 27262992 18874373 67108864 2 2
is_linear=0
shrinkage=0.045


Tree=16
num_leaves=23
num_cat=17
split_feature=0 0 2 0 0 3 0 3 3 2 0 5 0 4 5 5 4 5 3 3 5 0
split_gain=52.2084 29.8753 30.8412 17.2894 9.98338 8.31729 8.29911 8.01424 6.56002 5.50213 5.48344 3.32121 3.19893 2.81741 4.1597 2.80771 2.7307 2.59393 2.49561 2.38736 2.27585 2.10275
threshold=0 1 2 3 4 5 6 7 8 9 10 5.7853612818482238 11 12 4.7492611597348082 5.4094089116575796 13 3.5972184255501678 14 15 5.5548938233105778 16
decision_type=9 9 9 9 9 9 9 9 9 9 9 8 9 1 10 10 1 10 9 9 10 9
left_child=3 2 5 -1 11 12 -3 9 10 15 -8 18 -2 14 -12 -5 17 -11 -4 -18 -14 -10
right_child=1 6 4 7 -6 -7 8 -9 21 16 13 -13 20 -15 -16 -17 19 -19 -20 -21 -22 -23
leaf_value=3687.2645350143612 -178.01513822770542 -865.5771301457653 874.60251311437469 1181.2902191545413 1001.6811439246153 -305.0735421039459 -388.79923457801397 94.275155921746901 -672.22320864750486 -12.320005308441903 79.79344767930526 1563.7550710884202 145.35449644875226 -33.405927659334722 588.62501419686646 2596.5458946135109 1026.5200306498341 1669.1960810972739 83.658155164825658 60.197453560216708 509.74754868351289 -299.13632044410241
leaf_weight=121 319 7856 246 87 428 2284 749 816 2590 46 598 127 676 901 213 37 138 183 373 292 167 3728
leaf_count=121 319 7856 246 87 428 2284 749 816 2590 46 598 127 676 901 213 37 138 183 373 292 167 3728
internal_value=-0.00161868 -0.00222916 0.000971502 0.0058978 0.00723187 -0.00117901 -0.00311813 0.00455586 -0.00215965 0.00779434 -0.000183786 0.00394195 0.00190886 0.00122158 0.00314945 0.0164118 0.00590834 0.00995454 0.00261594 0.00385417 0.00335263 -0.00292749
internal_weight=22975 21255 4620 1720 1174 3446 16635 1599 8779 783 2461 746 1162 1712 811 124 659 229 619 430 843 6318
internal_count=22975 21255 4620 1720 1174 3446 16635 1599 8779 783 2461 746 1162 1712 811 124 659 229 619 430 843 6318
cat_boundaries=0 13 26 27 39 52 54 68 70 72 73 87 100 101 102 104 106 120
cat_threshold=2392064 111280128 4304 528 98304 6144 0 0 134221824 0 0 532576 483456 37748736 1310752 1644167169 4164 1073741824 1056 0 0 0 534544 8 2147484672 11014920 7 0 0 0 0 0 0 0 0 0 0 0 8288 0 32 1 0 0 0 0 0 0 2048 0 0 8388616 3493333232 166 3221225472 5120 0 2097152 143130884 0 0 65536 536870912 8556808 503320704 16810112 2147484705 1 135795794 90532 1410891920 8452 16 0 8192 0 40960 1048576 536871232 512 402669568 4 68173825 27328512 533 67108864 2 0 0 0 0 0 0 0 0 0 0 0 0 4104 2 2 8929296 16548 16 16384 4105 10324 0 128 17956872 536870976 0 1073774592 32768 4194304 18874384 271583761 68157440 4
is_linear=0
shrinkage=0.045


Tree=17
num_leaves=23
num_cat=17
split_feature=0 0 2 0 0 2 3 3 5 0 3 3 0 5 4 0 5 4 5 0 5 0
split_gain=47.4607 30.7718 25.878 14.0351 8.54905 7.92852 7.8426 7.76064 6.57868 5.75856 5.11839 5.08739 4.29539 4.01989 4.91009 3.47524 2.8777 3.11086 2.86035 2.41428 2.40532 2.6692
threshold=0 1 2 3 4 5 6 7 6.193383940289773 8 9 10 11 4.3502571242716384 12 13 4.7578820629520608 14 5.9622923416208602 15 4.2972622671762819 16
decision_type=9 9 9 9 9 9 9 9 10 9 9 9 9 8 1 9 10 1 10 9 8 9
left_child=3 2 7 -1 -4 -3 20 13 19 -7 18 12 -11 -2 15 -15 -14 -18 -6 -8 -5 -22
right_child=1 5 4 6 10 9 8 -9 -10 11 -12 -13 16 14 -16 -17 17 -19 -20 -21 21 -23
leaf_value=3521.3376309387145 -140.62529152064835 281.56681387826109 872.74488931721191 392.66358882578982 860.91303308612919 -912.03510597791239 -21.730465766423965 -283.35646853764405 2650.8467072936205 -397.07272742689639 53.278069963447869 -515.98314818046435 -94.746870323375987 322.24820765465608 63.806893108399002 1085.062818785748 419.79980834143686 -3.6170172276495292 1916.4089735038956 250.76251005734665 419.38075906287764 1342.5556192954975
leaf_weight=121 648 252 354 126 422 7582 531 2557 64 1066 544 4713 1548 226 714 117 246 326 47 458 116 197
leaf_count=121 648 252 354 126 422 7582 531 2557 64 1066 544 4713 1548 226 714 117 246 326 47 458 116 197
internal_value=-0.00163827 -0.00220053 0.000654936 0.00577938 0.00601414 -0.00322188 0.00448205 -0.00107604 0.00231127 -0.00335213 0.00380634 -0.0024909 -0.00109193 0.00127111 0.00298725 0.00739565 8.44267e-05 0.00280662 0.0072131 0.00141221 0.00948891 0.0118143
internal_weight=22975 21362 5629 1613 1367 15733 1492 4262 1053 15481 1013 7899 3186 1705 1057 343 2120 572 469 989 439 313
internal_count=22975 21362 5629 1613 1367 15733 1492 4262 1053 15481 1013 7899 3186 1705 1057 343 2120 572 469 989 439 313
cat_boundaries=0 13 26 27 39 52 53 55 57 71 73 75 89 90 103 104 117 130
cat_threshold=2392064 111280128 33554624 4624 98304 6144 0 0 134221824 0 0 532576 2560128 37748736 1310752 1610616849 68 262144 1056 64 0 0 1074276368 8 2147484672 549660 7 0 0 0 0 0 0 0 0 0 0 0 8288 0 0 0 0 0 0 0 0 0 0 0 2147484672 512 32 135790672 90368 2620918256 16550 3221225472 12292 0 2097152 8913156 0 0 65536 536870912 8556808 503320704 16810112 2147484705 1 2283290832 90244 1413038224 43396 4097 66560 0 8192 135266312 33554432 512 49152 2048 67108864 27328512 533 68157440 18 2 0 0 1 0 0 0 0 0 0 0 0 2147484672 520 2 294912 69206016 0 0 98304 2048 0 0 4096 0 0 0 2097280 0 75497472 0 0 32768 0 0 0 4096 0 0 524288 4096
is_linear=0
shrinkage=0.045


Tree=18
num_leaves=23
num_cat=17
split_feature=0 0 2 0 0 3 0 3 3 0 5 3 2 0 0 2 5 5 0 5 5 3
split_gain=41.326 26.3953 23.9381 10.289 7.76691 7.64041 7.2714 5.74869 4.42232 4.26998 4.11256 3.70477 3.25572 3.01981 2.93912 2.90026 2.84542 2.76618 2.55365 2.78932 2.40937 2.35625
threshold=0 1 2 3 4 5 6 7 8 9 6.193383940289773 10 11 12 13 14 4.7492611597348082 5.7853612818482238 15 5.5432204948189954 5.3913496380844323 16
decision_type=9 9 9 9 9 9 9 9 9 9 10 9 9 9 9 9 10 8 9 8 10 9
left_child=3 2 5 20 -3 14 17 9 -5 -6 -10 -8 16 -9 -2 -15 -11 21 -7 -20 -1 -4
right_child=1 4 6 8 7 18 11 13 10 12 -12 -13 -14 15 -16 -17 -18 -19 19 -21 -22 -23
leaf_value=1842.5578270370681 -65.118017940593276 -896.43250403445472 819.48259112656399 717.34919493105451 -270.05865214756523 -423.89889091639816 1509.2006085792507 -639.99627441794121 38.995260912651261 -64.675848471806134 2346.0856465037505 525.73222714134408 518.78392717817633 28.97507608969082 335.44329459652505 -355.42764387189828 269.00598317836216 1469.1823265579867 -136.15449399173895 277.46102978024118 2480.0648185837085 -0.96086255304094281
leaf_weight=224 428 7023 225 380 856 1806 115 3012 927 1050 50 313 105 830 596 3254 445 127 525 158 133 393
leaf_count=224 428 7023 225 380 856 1806 115 3012 927 1050 50 313 105 830 596 3254 445 127 525 158 133 393
internal_value=-0.0016794 -0.00222134 0.000760535 0.00502144 -0.0030643 -0.0011017 0.0062924 -0.00222177 0.00316545 -0.000339142 0.00151517 0.0109636 0.00103288 -0.00287169 0.00215444 -0.00205884 0.000462839 0.00347754 -0.00244522 -8.41737e-05 0.0117439 0.00226452
internal_weight=22975 21261 4686 1714 16575 3513 1173 9552 1357 2456 977 428 1600 7096 1024 4084 1495 745 2489 683 357 618
internal_count=22975 21261 4686 1714 16575 3513 1173 9552 1357 2456 977 428 1600 7096 1024 4084 1495 745 2489 683 357 618
cat_boundaries=0 13 26 27 39 53 55 68 70 72 86 88 89 103 116 117 130 132
cat_threshold=2392064 111280128 33554640 528 98304 6176 0 0 134221824 0 0 532576 2318464 37748736 2148794400 1610616833 2147487808 3221487616 1024 64 0 0 1074276368 8 2147484672 791304 7 2097152 33554432 0 0 0 0 0 0 0 0 0 8288 3221225472 4096 0 2097152 10092804 64 0 65536 536870912 8556808 503320704 16777217 2147484705 1 272107696 166 0 32 1 2147483648 0 0 0 0 0 2048 0 0 8 1410859152 8452 1572944 82048 0 9216 0 8196 134217728 33554688 512 0 0 68173825 564199424 33428 67108864 2 2282225680 4 23 4097 11348 0 128 150994952 536870912 0 1073774592 32768 0 18874384 270568080 68157440 6 0 262144 1 0 0 1024 0 0 0 1073741824 0 0 4104 112 37748736 0 536870912 64 2147483648 0 0 0 0 2064 0 2147484672 524552 2291154960 16420
is_linear=0
shrinkage=0.045


Tree=19
num_leaves=23
num_cat=19
split_feature=2 0 0 0 0 3 0 3 3 3 3 4 5 1 0 2 5 2 5 0 3 3
split_gain=37.2291 40.7524 21.0524 11.4153 7.60941 7.44472 7.39033 6.27013 5.58666 4.88855 3.96183 3.76917 5.42816 3.13591 2.85008 2.96761 2.77778 2.49433 2.50513 2.34383 2.15951 2.13134
threshold=0 1 2 3 4 5 6 7 8 9 10 11 4.2413008733233104 12 13 14 6.176905692078182 15 4.4367340276668159 16 17 18
decision_type=9 9 9 9 9 9 9 9 9 9 9 1 10 9 9 9 10 9 8 9 9 9
left_child=1 6 7 10 5 14 -1 11 -8 17 -3 12 -2 -6 15 -4 -9 18 -5 -15 -21 -10
right_child=2 3 4 9 13 -7 8 16 21 -11 -12 -13 -14 19 -16 -17 -18 -19 -20 20 -22 -23
leaf_value=2032.1382943540461 54.928686770411396 262.49980645965655 533.77111707951815 1147.8656361559633 154.58397753696102 -245.14309842570412 1432.8683240840403 -31.13250104692122 222.40397007669662 4.1014530043539601 -412.41459627592059 183.28684492175029 1773.0161549046586 -905.83249522917527 27.741936762829468 131.33829768251167 826.11462293240186 405.60713021348801 640.8495683638738 -277.02675766337069 -627.73229202882203 1031.6760282636981
leaf_weight=278 91 153 105 53 225 1997 117 1187 227 996 1921 525 147 6973 435 114 74 586 88 2660 3468 555
leaf_count=278 91 153 105 53 225 1997 117 1187 227 996 1921 525 147 6973 435 114 74 586 88 2660 3468 555
internal_value=-0.00169702 0.00174729 -0.00264834 -0.000528092 -0.00319635 -0.000981789 0.00901892 0.00167092 0.00682162 0.00217089 -0.0027699 0.00486 0.0096 -0.00363563 0.00314865 0.00722727 -0.000286333 0.00495061 0.0102647 -0.00372718 -0.00306205 0.00525944
internal_weight=22975 4974 18001 3797 15977 2651 1177 2024 899 1723 2074 763 238 13326 654 219 1261 727 141 13101 6128 782
internal_count=22975 4974 18001 3797 15977 2651 1177 2024 899 1723 2074 763 238 13326 654 219 1261 727 141 13101 6128 782
cat_boundaries=0 1 14 27 41 54 56 69 71 73 75 76 77 79 91 92 93 107 109 111
cat_threshold=240 35684352 69206016 128 512 65536 0 0 0 0 524288 0 2147493216 2147500556 2392064 2256666624 1610616897 80 0 7168 0 0 134221824 1074266112 8 524288 2384512 0 97364 0 0 18350336 0 0 268500992 98308 4098 503316480 18907160 0 1 46137352 19136512 67108864 5 3489677312 0 64 268435456 1152 2149580880 536870944 2147485696 8919312 2148010128 73732 2097152 69206016 0 0 0 0 0 0 0 0 0 9312 512 1215834192 90498 2148532240 8192 140001488 260 16 2 36 128 0 0 0 0 0 0 0 0 0 0 0 2147485696 4 96 3221225472 13312 0 0 8913156 0 0 65536 536870912 8556808 503320704 33552 2147484705 1 2084145584 74116 562495520 4152
is_linear=0
shrinkage=0.045


Tree=20
num_leaves=23
num_cat=21
split_feature=0 2 0 0 2 2 0 3 0 3 3 0 3 0 3 5 4 3 4 3 1 1
split_gain=33.1088 21.524 21.6157 11.9041 8.3083 7.67368 6.83663 5.40467 4.75311 4.37423 4.34161 3.72657 3.66947 3.59408 3.12121 2.31945 3.45554 2.57886 2.18777 2.09935 2.04565 1.99835
threshold=0 1 2 3 4 5 6 7 8 9 10 11 12 13 14 4.1026092131977068 15 16 17 18 19 20
decision_type=9 9 9 9 9 9 9 9 9 9 9 9 9 9 9 8 1 9 1 9 9 9
left_child=5 2 10 7 8 9 -7 15 19 -1 -2 -5 13 -13 -6 -3 -17 -18 -11 -4 -10 -15
right_child=1 3 4 11 14 6 -8 -9 20 18 -12 12 -14 21 -16 16 17 -19 -20 -21 -22 -23
leaf_value=646.84209248061813 1191.8660618086917 -99.716804564527976 -12.151513766680509 -867.75397428297651 -68.652280476939481 409.61871595225563 2213.1895354323201 -219.06099773577245 1002.4096366073427 424.673389792715 488.37661707893494 -410.22016605830544 -552.52658001329564 587.79742706607124 468.03017877691036 411.05517730758606 257.3399680435225 -59.138220126088619 -31.006296881942802 -724.12333224736244 -46.740509135674387 -92.957620686230939
leaf_weight=348 354 455 304 6881 101 223 276 1385 140 182 738 1030 4226 148 301 365 243 556 562 1478 1060 1619
leaf_count=348 354 455 304 6881 101 223 276 1385 140 182 738 1030 4226 148 301 365 243 556 562 1478 1060 1619
internal_value=-0.00175382 -0.00221972 0.00055548 -0.00295426 -0.00122438 0.00448877 0.00907926 -0.00037898 -0.0020471 0.00231522 0.00602446 -0.00350985 -0.00276525 -0.00148505 0.00476087 0.00138228 0.00245454 0.000792134 0.000333332 -0.00351672 0.000148514 -0.000245364
internal_weight=22975 21384 4476 16908 3384 1591 499 3004 2982 1092 1092 13904 7023 2797 402 1619 1164 799 744 1782 1200 1767
internal_count=22975 21384 4476 16908 3384 1591 499 3004 2982 1092 1092 13904 7023 2797 402 1619 1164 799 744 1782 1200 1767
cat_boundaries=0 13 14 27 40 41 42 55 57 69 71 73 86 88 102 104 105 107 108 110 112 114
cat_threshold=2129920 111280128 1107296464 528 98304 6176 0 0 134221824 0 0 532576 2822272 240 33816576 0 0 0 0 0 0 0 1024 526336 0 2147484928 2155932172 8650752 2164523008 536875009 68 1342193664 1280 64 0 128 3221749776 536870952 2147483648 287248 144 7 0 0 0 0 98304 0 0 0 0 0 0 524288 131072 3967291376 73958 0 15412 0 0 1573120 0 0 65536 536870912 4098 301989888 18907152 1835090 82320 2148007952 24708 3221225472 13312 0 0 8913156 0 0 65536 536870912 8556808 503320704 33552 2147484705 4097409456 8580 4096 1073741828 0 41088 134217728 536870976 512 16384 0 68173827 1101004816 17825925 68157440 19 29392896 18560 2 4196624 32 2 16 4 4 1024 100 128
is_linear=0
shrinkage=0.045


Tree=21
num_leaves=23
num_cat=21
split_feature=0 2 0 0 0 2 3 0 3 0 3 5 4 0 3 3 0 3 3 0 1 1
split_gain=29.892 19.6429 20.6464 12.258 7.053 6.93225 5.68672 5.28815 4.67299 3.69631 3.51791 3.03342 3.92441 4.1803 3.02927 3.02221 2.81592 2.47757 2.2572 2.08966 1.92551 1.90183
threshold=0 1 2 3 4 5 6 7 8 9 10 4.1190041246092024 11 12 13 14 15 16 17 18 19 20
decision_type=9 9 9 9 9 9 9 9 9 9 9 8 1 9 9 9 9 9 9 9 9 9
left_child=4 2 8 6 -1 15 -3 18 -2 -5 16 -8 13 -13 -6 -4 -11 21 -7 -16 -9 -14
right_child=1 3 5 9 14 7 11 20 -10 10 -12 12 17 -15 19 -17 -18 -19 -20 -21 -22 -23
leaf_value=2659.2725600904496 1236.5149937180797 -228.86173744667238 758.47056102276417 -841.04616990456145 10.035177008528722 0.8537380330613461 -154.87266893201547 606.12944823632949 450.61351272716411 -395.1373097708605 -520.13456170814243 1018.6551852723599 554.66604950242106 116.92684180938642 1013.5030544039923 215.31264612593347 -68.800203732743 -69.89954159214254 -659.53040027822829 257.51069823324826 -37.332352111356435 10.955096452522081
leaf_weight=169 369 1355 101 6879 478 339 540 299 618 1025 3767 125 118 273 212 220 2194 582 1543 669 966 134
leaf_count=169 369 1355 101 6879 478 339 540 299 618 1025 3767 125 118 273 212 220 2194 582 1543 669 966 134
internal_value=-0.00178907 -0.00222222 0.000438212 -0.00291955 0.00427208 -0.0012 -0.000368431 -0.00184758 0.00613964 -0.00349409 -0.00274964 0.00130661 0.00254538 0.00621 0.00312144 0.00498649 -0.00164206 0.000785884 -0.00335481 0.00468141 0.000405246 0.00439773
internal_weight=22975 21447 4455 16992 1528 3468 3127 3147 987 13865 6986 1772 1232 398 1359 321 3219 834 1882 881 1265 252
internal_count=22975 21447 4455 16992 1528 3468 3127 3147 987 13865 6986 1772 1232 398 1359 321 3219 834 1882 881 1265 252
cat_boundaries=0 13 14 27 40 52 53 55 69 71 84 86 87 100 102 104 118 120 122 135 137 139
cat_threshold=2359296 109445120 1073746128 528 98304 2048 0 0 134221824 8192 0 532576 2584704 240 33587200 2097152 0 0 0 0 0 0 0 524288 0 2147484928 2155905548 12615680 2147483648 536870913 69 1342193664 5376 64 0 128 3223846960 536870952 2147487744 8389136 0 33554432 0 0 0 0 0 0 0 0 0 8256 32 663187982 433929 0 15412 0 0 1573120 0 0 65536 536870912 4098 503316480 18907152 0 1 2153250832 24708 3221225472 13316 0 0 8913156 0 0 65536 536870912 9605384 503320704 33536 2147484705 3023669680 59780 2 32768 0 0 0 0 1024 0 0 0 524288 0 0 16 595775488 408120 528 36 20481 0 0 8320 134217728 64 512 16384 0 67125251 27262992 16777365 68157440 3 336 16416 144 4 2097152 0 1073746048 512 65536 0 0 0 0 0 0 32 2097152 1074282501 1024 36 1024
is_linear=0
shrinkage=0.045


Tree=22
num_leaves=23
num_cat=21
split_feature=0 2 0 0 2 0 0 5 4 3 3 0 1 3 0 3 3 3 3 1 1 2
split_gain=28.8362 17.8776 16.6576 8.47934 8.39951 6.6448 5.634 4.78872 5.75415 4.28323 3.81464 3.74419 3.68556 3.29199 3.2494 3.22552 3.21754 2.86877 2.71828 2.39307 1.77691 1.74035
threshold=0 1 2 3 4 5 6 5.5816130673839615 7 8 9 10 11 12 13 14 15 16 17 18 19 20
decision_type=9 9 9 9 9 9 9 8 1 9 9 9 9 9 9 9 9 9 9 9 9 9
left_child=4 2 18 9 7 16 -6 15 -9 12 19 -5 -3 14 -13 -1 -4 -10 -2 -7 -12 -20
right_child=1 3 5 11 6 10 -8 8 17 -11 20 13 -14 -15 -16 -17 -18 -19 21 -21 -22 -23
leaf_value=281.8785685438877 194.1193617578046 385.27234675802521 271.56961773063483 -807.74412688081043 350.20665988051104 1096.3476656768014 1966.8375552750331 2233.9372096952534 802.21003857672895 -138.56240824125661 448.72546980971799 -381.54848948744035 13.952334658066912 -489.88325996310567 -28.744981220762508 -73.919229482954648 -152.54499296652389 -18.269420240845058 59.363167516998026 405.20770376041736 -38.539112911782134 -613.04572674561564
leaf_weight=336 142 173 234 6667 283 372 326 78 102 1976 776 1084 326 4250 1860 933 727 214 134 154 237 1591
leaf_count=336 142 173 234 6667 283 372 326 78 102 1976 776 1084 326 4250 1860 933 727 214 134 154 237 1591
internal_value=-0.00181257 -0.00234026 0.000218885 -0.00302404 0.0029908 0.00261544 0.00747101 0.00130836 0.00563636 -0.000588059 0.00444197 -0.00345812 0.003091 -0.00273147 -0.00155886 -3.18657e-05 -0.000328367 0.00288679 -0.00298643 0.00756134 0.00275268 -0.00348446
internal_weight=22975 20703 4367 16336 2272 2500 609 1663 394 2475 1539 13861 499 7194 2944 1269 961 316 1867 526 1013 1725
internal_count=22975 20703 4367 16336 2272 2500 609 1663 394 2475 1539 13861 499 7194 2944 1269 961 316 1867 526 1013 1725
cat_boundaries=0 13 14 28 41 42 56 69 70 72 74 87 89 91 105 107 109 111 112 114 116 117
cat_threshold=2392064 109182976 193 528 98304 6144 0 0 134221824 532480 0 532576 2581120 240 0 97364 0 2147483648 18350336 64 0 268500992 65540 4098 503316480 16810008 0 1 41943040 2147745792 1677725696 69 1342193664 1280 64 0 132 3223324720 536870952 2147487744 16 7 0 16777248 0 0 142606336 0 0 0 32768 6292552 1090519040 2228224 16 4 0 0 1 0 98304 0 0 0 0 0 0 524288 147456 2 2147485840 8230 2283278352 16388 3221225472 13316 0 0 8913156 0 0 0 536870912 9605384 503320704 33552 2147484705 0 1024 1949925808 24964 20481 1073741824 0 8320 134217792 64 512 1073823744 0 67125251 1101004816 17825925 68161536 3 1075314770 8368 9437392 65540 4211728 16384 16 16416 3072 1073741828 3072 96
is_linear=0
shrinkage=0.045


Tree=23
num_leaves=23
num_cat=19
split_feature=0 2 0 0 2 2 0 0 3 0 3 3 3 0 3 3 5 3 4 5 1 5
split_gain=25.8018 16.5203 15.7401 8.97591 6.77067 5.20189 4.96183 4.91809 4.19526 3.92202 3.90279 3.89621 3.58669 3.25438 2.43206 2.22945 2.19786 2.13144 2.05645 3.20816 1.94044 1.87079
threshold=0 1 2 3 4 5 6 7 8 9 10 11 12 13 14 15 3.3497501700808394 16 17 4.6001450180613412 18 4.7050052835523761
decision_type=9 9 9 9 9 9 9 9 9 9 9 9 9 9 9 9 10 9 1 8 9 8
left_child=4 2 8 10 12 6 15 -6 16 -5 -3 13 18 -11 21 -4 -2 20 -1 -20 -8 -7
right_child=1 3 5 9 7 14 17 -9 -10 11 -12 -13 -14 -15 -16 -17 -18 -19 19 -21 -22 -23
leaf_value=253.18603858023869 2511.5973170885259 -197.01431704008749 1.3626093224779512 -778.60458324833417 339.74648852029492 794.89762006741171 936.69866051928409 1973.8329117353533 356.63881835831523 -480.90100092095236 72.539038381135754 -496.45960533086992 -0.90703015743924631 -48.926986960851742 84.23214833659388 -643.97549951418614 754.84658150760345 -180.63109862920555 54.020279852809395 2179.1133715788433 106.88178269282714 176.43324560675839
leaf_weight=281 64 1363 330 6337 250 65 102 286 653 1078 1357 4207 905 2369 279 1495 291 556 45 58 555 49
leaf_count=281 64 1363 330 6337 250 65 102 286 653 1078 1357 4207 905 2369 279 1495 291 556 45 58 555 49
internal_value=-0.00182628 -0.00226893 0.000172881 -0.00291721 0.00329477 -0.00128217 -0.00191508 0.00750547 0.00508235 -0.00337781 -0.000543559 -0.0026791 0.00149078 -0.00154423 0.00352222 -0.00339276 0.00901226 0.000319591 0.00506818 0.0105857 0.00203812 0.00878571
internal_weight=22975 21150 4439 16711 1825 3431 3038 536 1008 13991 2720 7654 1289 3447 393 1825 355 1213 384 103 657 114
internal_count=22975 21150 4439 16711 1825 3431 3038 536 1008 13991 2720 7654 1289 3447 393 1825 355 1213 384 103 657 114
cat_boundaries=0 13 14 27 40 41 42 56 69 71 84 86 88 90 104 106 108 110 111 113
cat_threshold=2392064 109445120 208 4624 98304 2048 0 0 134221824 532480 0 532576 2314368 240 33554432 2097152 0 0 0 0 0 8192 536871936 0 0 2147484928 8430092 8388608 2147483648 1677725697 69 1073758208 5376 64 0 132 3221227568 536870952 2147487744 270864 7 144 0 15412 0 0 1573120 0 0 65536 0 4098 1577058304 18907152 0 1 0 0 128 0 98304 0 0 0 0 0 0 524288 147456 2283274320 90116 3221225472 13316 0 0 8913156 0 0 0 536870912 9605384 503320704 33296 2147484705 1137176590 450312 4097409456 27012 3357016144 24576 20481 1073741824 0 8320 72 64 512 1073823744 0 67125251 27262992 17826181 68157440 19 16400 4132 144 4 2149105680 22916 4 16388 1024
is_linear=0
shrinkage=0.045


Tree=24
num_leaves=23
num_cat=17
split_feature=1 2 0 3 2 0 5 0 0 3 2 0 5 5 4 4 5 3 3 2 2 5
split_gain=25.1625 25.6946 13.3357 12.6781 6.89206 6.38043 5.90701 5.97553 4.40531 4.39002 3.43988 3.27427 3.07024 2.69466 3.48248 2.40149 2.4358 2.36305 2.10537 2.00973 1.82679 1.54879
threshold=0 1 2 3 4 5 6.193383940289773 6 7 8 9 10 7.0492544644954718 4.7050052835523761 11 12 6.5589065201527559 13 14 15 16 5.3913496380844323
decision_type=9 9 9 9 9 9 10 9 9 9 9 9 10 8 1 1 10 9 9 9 9 10
left_child=1 -1 18 6 8 12 7 10 13 -9 -4 -11 19 -2 -15 16 -8 -6 -3 -5 -7 -13
right_child=4 2 3 5 17 20 15 9 -10 11 -12 21 -14 14 -16 -17 -18 -19 -20 -21 -22 -23
leaf_value=-652.67546803335972 -323.18022442052586 37.113714586493352 1005.7986070506095 -102.74549819643856 669.93949842990639 86.555445229951644 1754.0058963994525 1218.849295499627 -599.70265345218127 185.60817298290164 -33.835915550749711 822.238239471361 1739.7449293497664 453.12011460959491 -160.99124969114911 604.17823166598987 2598.542434454886 3.1795354316604612 -218.68091831157363 111.86475352488554 1121.2990601495328 1265.4710837048399
leaf_weight=3481 801 529 278 1692 117 482 42 183 10267 543 590 348 37 181 285 101 41 241 1731 613 331 61
leaf_count=3481 801 529 278 1692 117 482 42 183 10267 543 590 348 37 181 285 101 41 241 1731 613 331 61
internal_value=-0.00184195 -0.000297297 0.00116903 0.00239372 -0.00327823 0.000561256 0.00501978 0.00432494 -0.00347029 0.00645379 0.00144204 0.00507884 -0.000634665 -0.000939407 0.00176923 0.0127258 0.0183706 0.00282162 -0.00172315 -0.000848506 0.00396545 0.0081342
internal_weight=22975 11083 7602 5342 11892 3155 2187 2003 11534 1135 868 952 2342 1267 466 184 83 358 2260 2305 813 409
internal_count=22975 11083 7602 5342 11892 3155 2187 2003 11534 1135 868 952 2342 1267 466 184 83 358 2260 2305 813 409
cat_boundaries=0 2 3 16 18 19 32 45 56 57 58 71 72 73 75 77 78 79
cat_threshold=3221783652 3216 3 0 1090519040 33554432 1 147456 16778240 640 8192 3072 0 65536 20091036 1346562 3359113424 82054 23 2129920 102760448 67112961 0 65536 0 0 0 4096 0 0 2147486720 10494492 33816576 2490368 1 4 32768 33558528 0 0 0 0 0 524544 8417800 16408 64 0 32768 3489660928 288 0 268435456 4 6827120 536870952 16 48 32768 75497472 0 0 0 0 0 0 4096 0 0 2147491840 144 2 2 134758416 4 544211184 81920 132 4
is_linear=0
shrinkage=0.045


Tree=25
num_leaves=23
num_cat=19
split_feature=0 0 2 0 3 0 0 5 3 3 3 3 0 1 1 4 1 4 3 5 5 4
split_gain=22.5414 14.8021 11.4373 11.2264 5.8742 7.49191 5.86883 4.8098 4.88505 4.60768 3.47025 3.05112 2.64826 2.54799 2.36675 2.32529 2.15162 1.79345 3.33001 3.38549 1.73868 1.66177
threshold=0 1 2 3 4 5 6 6.2136070970868564 7 8 9 10 11 12 13 14 15 16 17 4.0689902272260703 4.6491756246494491 18
decision_type=9 9 9 9 9 9 9 10 9 9 9 9 9 9 9 1 9 1 9 10 8 1
left_child=6 -2 3 10 5 11 -1 8 20 16 -3 -4 17 -7 -11 -9 -5 18 19 -6 -8 -22
right_child=1 2 4 9 12 13 7 15 -10 14 -12 -13 -14 -15 -16 -17 -18 -19 -20 -21 21 -23
leaf_value=2311.816666164184 -747.14283004502158 154.25127061664119 263.36535337751326 959.65947537538693 165.51886197523149 -25.080252823806266 238.71699254599233 2796.9514172582158 -11.810595581394566 434.2520778444291 -257.9978257658147 66.144369844234205 -434.99641660619852 -323.21003075323074 -106.39475495448842 1511.2551897432609 377.72306302566807 -195.91470702483522 -107.51602604373089 755.34795365412072 1501.8579831069944 323.65436126987373
leaf_weight=169 6153 297 306 409 63 1364 195 40 1064 804 1372 646 5874 1890 477 84 258 998 216 42 90 164
leaf_count=169 6153 297 306 409 63 1364 195 40 1064 804 1372 646 5874 1890 477 84 258 998 216 42 90 164
internal_value=-0.00183412 -0.00224543 -0.00148104 0.000722925 -0.0021804 -0.00083855 0.0029802 0.00210946 0.00141683 0.0030352 -0.00197829 0.00265145 -0.00296232 -0.00186559 0.00142343 0.0105714 0.00605081 -0.00111232 0.00179721 0.00788461 0.00528091 0.00783984
internal_weight=22975 21169 15016 3617 11399 4206 1806 1637 1513 1948 1669 952 7193 3254 1281 124 667 1319 321 105 449 254
internal_count=22975 21169 15016 3617 11399 4206 1806 1637 1513 1948 1669 952 7193 3254 1281 124 667 1319 321 105 449 254
cat_boundaries=0 13 27 28 42 44 57 69 71 73 75 77 90 92 94 95 97 98 100 101
cat_threshold=2129920 100794368 1073741905 528 98304 6144 0 0 134221824 532480 0 532576 2560128 3221229568 5120 0 0 10092804 0 0 0 536870912 8425728 503320704 16810497 1057 1 240 0 16803924 0 2147483648 16777216 64 0 268500992 98308 2098178 1090519040 2228248 16 4 3023571376 8612 42205192 25165824 536875008 0 0 256 0 0 1024 2097152 0 2147490816 8413200 0 33554432 0 0 0 0 0 0 0 0 0 8256 1226571856 66080 2283278480 73988 144 4 2147485840 32 4456448 2158231552 67108864 8197 268451840 1024 512 134217728 0 1075840080 536870952 0 27156 1611186272 2192 1073741828 3072 2 16416 3072 2 142639104 71680 2
is_linear=0
shrinkage=0.045


Tree=26
num_leaves=23
num_cat=18
split_feature=1 2 0 3 2 5 0 0 0 0 4 5 4 5 3 3 2 2 5 0 3 3
split_gain=20.8411 21.4176 11.9219 10.4357 6.74774 6.08594 4.5546 4.31094 4.21759 3.1829 3.12697 2.91853 2.74134 3.15962 2.61306 2.42655 2.34223 2.30878 2.281 1.83912 2.79419 1.73808
threshold=0 1 2 3 4 6.193383940289773 5 6 7 8 9 6.3465127852423047 10 4.7050052835523761 11 12 13 14 6.5589065201527559 15 16 17
decision_type=9 9 9 9 9 10 9 9 9 9 1 10 1 10 9 9 9 9 10 9 9 9
left_child=1 19 16 5 8 7 11 17 12 -8 18 -5 13 -2 -9 -6 -3 -4 -7 -1 -21 -18
right_child=4 2 3 6 15 10 9 14 -10 -11 -12 -13 -14 -15 -16 -17 21 -19 -20 20 -22 -23
leaf_value=-871.09672003701155 -111.42597004262547 216.19868348515686 -26.70085222029698 -93.419043683581322 632.67465400746266 1579.2958244032272 26.571123149023606 884.92008439793528 -569.75815059457329 564.22987047991523 531.93882496485901 1360.2121875974303 -345.80084351699293 412.47647543092364 375.04100094369136 5.0280539731052327 23.489693665093153 852.54126409804667 2355.745231947521 81.132239071354135 -480.92414462097713 -245.45633060387675
leaf_weight=2011 391 122 526 1866 115 41 780 342 9948 523 103 103 803 184 887 239 494 301 41 301 1188 1666
leaf_count=2011 391 122 526 1866 115 41 780 342 9948 523 103 103 803 184 887 239 494 301 41 301 1188 1666
internal_value=-0.00183216 -0.000451712 0.000861726 0.00199303 -0.0031637 0.0043522 0.000367234 0.00366035 -0.00335615 0.00241939 0.0121524 -0.000997225 -0.000997123 0.00136482 0.005334 0.00290164 -0.00186748 0.0010888 0.0186429 -0.00336988 -0.00212558 -0.00221685
internal_weight=22975 11295 7795 5513 11680 2241 3272 2056 11326 1303 185 1969 1378 575 1229 354 2282 827 82 3500 1489 2160
internal_count=22975 11295 7795 5513 11680 2241 3272 2056 11326 1303 185 1969 1378 575 1229 354 2282 827 82 3500 1489 2160
cat_boundaries=0 2 3 16 18 19 32 45 56 69 70 71 72 74 75 76 89 91 93
cat_threshold=3758654566 3216 3 4 1092616192 0 1 147456 16777216 640 8192 625664 0 65536 20086940 1346562 3359113424 82052 23 6324224 109051904 67112960 0 65536 1024 0 0 4096 0 0 3328 10486300 262152 67502080 1 4 32768 33558528 0 0 0 0 0 256 29192 16400 65616 0 32768 3489660928 288 0 402653184 4 6827120 536870952 0 262144 1 512 32768 0 0 0 0 0 0 2147487776 24832 2 2 2621456 134758416 4 32 4 33652736 0 2147483648 128 131072 0 0 0 0 0 0 268471172 1085 537165872 8230 542638544 65536
is_linear=0
shrinkage=0.045


Tree=27
num_leaves=23
num_cat=19
split_feature=0 2 0 0 5 3 2 0 3 3 0 3 3 0 0 5 5 3 3 4 0 0
split_gain=19.3899 13.4925 12.7424 8.25662 5.38268 5.13415 4.17531 4.66913 3.91283 3.89158 3.56735 3.11405 2.69595 2.38145 2.34835 2.06281 2.17298 1.66941 1.63332 1.82206 1.68237 1.49162
threshold=0 1 2 3 6.176905692078182 4 5 6 7 8 9 10 11 12 13 0.89587973461402759 5.7284737652803868 14 15 16 17 18
decision_type=9 9 9 9 8 9 9 9 9 9 9 9 9 9 9 8 10 9 9 1 9 9
left_child=4 2 8 9 5 13 7 17 -2 -3 -5 14 15 -1 -12 -9 -17 -4 20 -20 -11 -7
right_child=1 3 6 10 -6 21 -8 12 -10 18 11 -13 -14 -15 -16 16 -18 -19 19 -21 -22 -23
leaf_value=208.56182345148088 80.948248896298637 -182.93417207515702 245.68188821650259 -725.95790380041967 1682.1732602210279 -115.79424053550184 780.62435574668336 3228.5162381286395 -421.85098571460423 322.87674584757372 -386.13284528176234 -477.05140244644616 68.031619805373751 729.746439614152 -73.537593065280134 451.36581334794965 1708.2501313673765 -184.61575184277504 171.36593154682936 -54.896243807002563 90.695032138028367 190.70920762226339
leaf_weight=241 376 1343 242 5596 251 551 224 38 1701 112 1219 4244 554 278 2738 686 109 554 451 917 188 362
leaf_count=241 376 1343 242 5596 251 551 224 38 1701 112 1219 4244 554 278 2738 686 109 554 451 917 188 362
internal_value=-0.00183216 -0.00219931 -4.00463e-06 -0.00278454 0.00280619 0.00175104 0.0022193 0.00159294 -0.00257851 -0.000641582 -0.00325125 -0.00264148 0.0031619 0.00526271 -0.00171996 0.00477692 0.00431932 -0.00114728 0.000808928 0.000136955 0.00375 -0.000306488
internal_weight=22975 21292 4484 16808 1683 1432 2407 2183 2077 3011 13797 8201 1387 519 3957 833 795 796 1668 1368 300 913
internal_count=22975 21292 4484 16808 1683 1432 2407 2183 2077 3011 13797 8201 1387 519 3957 833 795 796 1668 1368 300 913
cat_boundaries=0 13 14 28 41 43 44 58 60 62 76 78 80 93 106 108 110 111 123 136
cat_threshold=2129920 2189557760 1073742016 528 98304 2080 0 0 134221824 1074274320 0 663648 2572416 240 0 31828 0 0 152568064 0 0 268500992 98308 4098 503316480 18907160 0 1 8650752 84148224 603983873 69 3221241856 1024 64 0 525444 2149580832 536870952 2147487744 8720 1780220624 65696 144 262144 18874400 1 0 8388608 64 0 0 536870912 2098184 1090519040 1048576 8208 4 16 4 1137177102 428824 3221225472 13312 0 0 9044228 0 0 0 536870912 1085696 503320704 33553 1057 1 1954121136 25988 2287485968 30852 32768 131072 0 0 32768 0 0 0 0 1074266112 0 0 16512 4096 1073741824 0 8320 1048640 64 512 1073823744 0 75513867 10616848 17825924 68157440 8421584 67716 2448 8194 2 0 83886080 0 0 0 0 0 0 0 0 0 2147483648 32768 42074112 0 512 32768 0 0 0 0 524304 0 524320 16384
is_linear=0
shrinkage=0.045


Tree=28
num_leaves=23
num_cat=20
split_feature=1 2 0 3 0 0 0 5 2 2 3 5 3 3 3 3 0 0 0 3 0 0
split_gain=18.1463 18.0242 11.1056 9.75462 5.51859 5.18112 3.44313 3.2387 3.15265 2.53198 2.4765 2.17419 2.3405 2.15789 2.0146 1.99723 2.12175 1.76064 1.70418 1.57916 2.37097 1.43891
threshold=0 1 2 3 4 5 6 6.193383940289773 7 8 9 5.688667405331941 10 11 12 13 14 15 16 17 18 19
decision_type=9 9 9 9 9 9 9 8 9 9 9 8 9 9 9 9 9 9 9 9 9 9
left_child=1 19 14 5 8 7 11 13 -2 21 18 -5 -13 -4 -3 16 -6 -11 -8 20 -1 -7
right_child=4 2 3 6 15 9 10 -9 -10 17 -12 12 -14 -15 -16 -17 -18 -19 -20 -21 -22 -23
leaf_value=203.73608972809225 632.14963894309074 16.834436853223483 295.53938591174835 -114.97840759595323 -86.106691572347586 90.058626655588313 75.637319188306776 2171.6900007523432 -118.06233087316573 -36.687225470943922 -0.50867091486607718 1272.4291207950391 -87.065210142917891 583.90932971038296 -257.57522524922956 -663.62661406372354 -478.36529775761898 153.47389599281303 655.75409722376719 -633.92137728435387 -518.56446034385942 977.57526958860217
leaf_weight=133 108 412 221 1642 1250 112 305 132 944 468 958 104 216 335 1939 6172 2506 872 384 2943 423 396
leaf_count=133 108 412 221 1642 1250 112 305 132 944 468 958 104 216 335 1939 6172 2506 872 384 2943 423 396
internal_value=-0.00184391 -0.000631508 0.000488715 0.00149464 -0.00316458 0.00362755 -1.11858e-05 0.00695571 -5.07529e-05 0.00235161 0.0015 -0.00128116 0.00209627 0.00551613 -0.00213479 -0.00349407 -0.0026465 0.00129808 0.00353709 -0.00334392 -0.00107747 0.00503654
internal_weight=22975 11995 8496 6145 10980 2536 3609 688 1052 1848 1647 1962 320 556 2351 9928 3756 1340 689 3499 556 508
internal_count=22975 11995 8496 6145 10980 2536 3609 688 1052 1848 1647 1962 320 556 2351 9928 3756 1340 689 3499 556 508
cat_boundaries=0 2 3 16 18 29 42 55 56 57 59 61 63 64 66 80 93 106 108 120 133
cat_threshold=3758670948 3216 3 0 3221225472 0 1 134365184 16778053 640 8192 100352 0 0 19955740 9733120 2352480472 82054 16392 16416 0 0 0 0 0 0 4 2632816 536870952 35684352 33554432 0 512 32768 0 0 0 0 0 0 2147494976 4 4194304 127926272 4096 0 2415919104 1024 0 0 5120 0 0 3200 2122270 160 48 1077955078 2416 21021696 2048 2284847104 16512 1075315152 1211736464 1414 0 11348 0 2138112 16777216 536870912 0 402653184 0 12713987 1090523136 0 2147483648 4 262144 2359296 0 4 268435456 0 0 0 4096 0 0 256 14346 32768 0 1 0 32768 0 0 0 0 0 0 2147483648 4096 537167920 8226 0 0 0 0 0 0 0 0 0 1073741824 0 2147484672 262144 0 0 0 0 0 0 0 0 0 0 524544 16
is_linear=0
shrinkage=0.045


Tree=29
num_leaves=23
num_cat=19
split_feature=0 0 2 0 3 0 3 2 3 0 5 4 3 0 3 0 5 0 0 2 3 5
split_gain=17.068 11.5284 9.14207 7.53453 5.15816 5.34469 4.73791 3.84202 3.83251 2.70169 2.69179 2.22793 2.31566 2.2018 2.03486 1.95607 1.84532 2.36201 1.786 1.74505 1.80475 1.56948
threshold=0 1 2 3 4 5 6 7 8 9 6.4353484435784418 10 11 12 13 14 3.7256208424938388 15 16 17 18 6.193383940289773
decision_type=9 9 9 9 9 9 9 9 9 9 10 1 9 9 9 9 10 9 9 9 9 10
left_child=6 -2 3 8 5 11 10 -5 -3 -9 19 16 15 -6 -11 -13 -4 -18 -8 20 -1 -16
right_child=1 2 4 7 13 -7 18 9 -10 14 -12 12 -14 -15 21 -17 17 -19 -20 -21 -22 -23
leaf_value=50.087023333863463 -689.48081168374165 118.06056801798069 -87.549818274072337 792.91338583077481 -511.16843726883349 -219.97391955863461 -75.068560315770156 -103.68974192337491 -274.72655647413399 -33.243566665262811 2199.991768279453 -125.06845065450491 -197.08544548117558 -189.91864884689312 565.21561063137631 269.84545167855305 28.863171051395632 451.20474252176763 485.16245245364075 1204.6228652955638 489.79385736617741 1289.5442145387376
leaf_weight=293 5190 304 195 189 3510 3372 600 587 1416 362 55 210 556 3598 892 283 255 242 405 133 267 61
leaf_count=293 5190 304 195 189 3510 3372 600 587 1416 362 55 210 556 3598 892 283 255 242 405 133 267 61
internal_value=-0.00184391 -0.00219596 -0.00159649 0.000328406 -0.00219648 -0.0011002 0.00241445 0.00213766 -0.00187067 0.0015 0.00510395 0.000921562 -0.000381067 -0.00298188 0.00262811 0.00184455 0.0029049 0.00435571 0.000376105 0.00438345 0.00306818 0.00371658
internal_weight=22975 21222 16032 3811 12221 5113 1753 2091 1720 1902 748 1741 1049 7108 1315 493 692 497 1005 693 560 953
internal_count=22975 21222 16032 3811 12221 5113 1753 2091 1720 1902 748 1741 1049 7108 1315 493 692 497 1005 693 560 953
cat_boundaries=0 13 26 27 41 43 56 58 59 61 74 75 77 91 93 106 119 131 132 134
cat_threshold=2146304 2181300224 1073742017 592 98304 6144 0 0 134221824 532496 0 532576 2298240 3221229568 4096 0 128 8519948 0 0 32768 536870912 37120 505413760 285245953 1057 240 0 27732 0 2147483648 152567808 64 0 268500992 65540 2097154 1090519040 2228248 8208 5 4097345968 24964 42205208 92274688 536875008 2097153 402653184 16778240 0 0 1024 2097152 0 2147490816 41492 1216086096 420 96 16 4 262144 18874400 0 0 0 0 0 0 32768 3144 0 1048576 16384 2 268437776 16388 8 9220 0 2097152 1572864 570425344 0 65536 34816 15859720 16781312 3476 2214592520 5 596083236 65576 262144 0 536870912 2097152 134217728 1024 0 0 0 2097152 0 0 33296 0 25165824 0 0 134217728 0 0 0 0 0 0 2147483648 512 2129920 33816576 1 64 0 0 0 0 4096 524288 0 524288 70 4718592 132
is_linear=0
shrinkage=0.045


Tree=30
num_leaves=23
num_cat=19
split_feature=1 2 0 3 0 2 0 5 2 3 0 5 4 2 0 5 3 2 3 4 0 0
split_gain=16.9346 18.0242 10.0837 8.39171 7.14685 6.17249 3.14037 2.68498 2.64834 2.31521 3.12805 2.29733 3.77158 2.17446 2.11934 1.9705 1.96377 2.60769 1.87612 1.75564 1.68734 1.66704
threshold=0 1 2 3 4 5 6 6.4353484435784418 7 8 9 4.7050052835523761 10 11 12 5.7284737652803868 13 14 15 16 17 18
decision_type=9 9 9 9 9 9 9 10 9 9 9 10 1 9 9 8 9 9 9 1 9 9
left_child=1 -1 16 4 13 -2 11 9 15 21 -11 -7 -13 -4 -10 -5 -3 -18 20 -9 -8 -6
right_child=5 2 3 8 7 6 18 19 14 10 -12 12 -14 -15 -16 -17 17 -19 -20 -21 -22 -23
leaf_value=-530.66822288623848 479.29215875480003 -311.11686475471924 671.97431517090013 79.839250912795634 -78.232631391013271 -250.07575277552567 -85.8061155542986 2620.2939562228739 -183.39383251921979 149.23787848585906 680.38747207700101 410.88404319999285 -154.36036616930605 -15.02630988998537 15.619900838767352 1451.3231915427123 -108.70805653695842 149.86092089651606 -637.23177057923374 431.05710563662069 -442.56122639190448 349.94953604766056
leaf_weight=3499 186 830 423 541 153 761 984 37 1381 317 725 150 219 1173 678 138 1462 107 6141 41 2539 490
leaf_count=3499 186 830 423 541 153 761 984 37 1381 317 725 150 219 1173 678 138 1462 107 6141 41 2539 490
internal_value=-0.00180278 -0.000631508 0.000488715 0.00146071 0.00296485 -0.0030786 -0.00322071 0.00493606 -0.000389456 0.00457469 0.0058833 -0.00094571 0.00195283 0.00076679 -0.0011929 0.00202532 -0.00197657 -0.00102182 -0.00348522 0.01305 -0.00262617 0.00231527
internal_weight=22975 11995 8496 6097 3359 10980 10794 1763 2738 1685 1042 1130 369 1596 2059 679 2399 1569 9664 78 3523 643
internal_count=22975 11995 8496 6097 3359 10980 10794 1763 2738 1685 1042 1130 369 1596 2059 679 2399 1569 9664 78 3523 643
cat_boundaries=0 2 3 16 18 31 32 43 44 46 59 60 61 74 76 77 79 80 94 106
cat_threshold=3758670948 3216 3 0 1090519040 0 1 134365184 16782149 640 8192 100352 0 0 19955740 9702400 3426241496 82102 4456448 67502080 1 4 268435456 33555456 0 0 4096 0 65536 528640 62346 32 16408 64 0 2147516416 0 0 0 0 4 6827120 536870952 80 3222290688 16544 33587200 0 536870912 0 32768 0 0 0 1024 0 0 0 16 2 48 2097152 35651584 4096 0 2147483648 1024 0 0 1024 0 0 2147487104 33310 187161636 303672 148 1209606544 42374 2 0 27700 0 2105344 16777216 536870912 0 402653184 0 9568257 1073745920 0 2147483648 4 0 0 0 0 0 0 0 0 0 0 0 2147484672
is_linear=0
shrinkage=0.045


Tree=31
num_leaves=23
num_cat=18
split_feature=1 2 0 3 0 2 0 0 0 5 1 3 5 0 4 5 3 3 2 5 3 3
split_gain=15.8555 16.1443 9.0512 7.7867 5.25002 5.07345 3.33103 3.21126 2.6474 2.50757 2.49406 2.50393 2.13326 1.95888 1.94514 3.09328 1.71529 1.65472 1.60341 2.03623 1.58355 1.40914
threshold=0 1 2 3 4 5 6 7 8 6.1537953943602615 9 10 5.705446369702539 11 12 4.8322978221268906 13 14 15 5.2704288588135384 16 17
decision_type=9 9 9 9 9 9 9 9 9 10 9 9 10 9 1 10 9 9 9 8 9 9
left_child=1 13 16 4 -4 -2 12 14 -8 10 11 -6 20 -1 15 -7 -3 -9 19 -10 -5 -15
right_child=5 2 3 6 9 7 8 17 18 -11 -12 -13 -14 21 -16 -17 -18 -19 -20 -21 -22 -23
leaf_value=39.176583040519361 457.72401161083383 -23.140992907424092 121.64685156494257 -259.97129881135521 1006.5101501000448 -101.56291313940427 7.5831595653076995 -348.00327273822359 9.2488705851904971 1323.1159864905392 154.95271698942335 489.90680371204286 120.28445080624407 -278.62078484335723 -318.15389684747419 388.29297378491952 -344.20902822671763 -619.36160505521991 1681.5796154547202 439.86016929975358 -64.119957610457533 -615.27815395057883
leaf_weight=240 186 979 1269 490 249 513 993 3819 303 124 506 415 314 846 914 163 1245 5385 196 64 1349 2413
leaf_count=240 186 979 1269 490 249 513 993 3819 303 124 506 415 314 846 914 163 1245 5385 196 64 1349 2413
internal_value=-0.00179495 -0.00066149 0.0003988 0.00127323 0.00317534 -0.00302948 -4.71658e-05 -0.00315825 0.00153252 0.00518913 0.00456911 0.0063639 -0.00119099 -0.00322857 -0.00126405 0.000557521 -0.00206082 -0.0034834 0.00396783 0.00205409 -0.00178191 -0.00352048
internal_weight=22975 11995 8496 6272 2563 10980 3709 10794 1556 1294 1170 664 2153 3499 1590 676 2224 9204 563 367 1839 3259
internal_count=22975 11995 8496 6272 2563 10980 3709 10794 1556 1294 1170 664 2153 3499 1590 676 2224 9204 563 367 1839 3259
cat_boundaries=0 2 3 16 18 31 32 45 56 69 71 73 86 87 89 91 92 94 96
cat_threshold=3758670948 3216 3 0 1073741824 0 0 2281848832 16782149 640 8192 100352 0 0 19955740 9440256 2352480600 82054 262144 94765056 1 4 268435456 33555456 0 0 0 0 0 524544 20634 32 4194304 119537664 4097 0 268500992 1024 0 0 5120 0 0 3200 2138654 16408 82032 0 2147516416 0 0 0 402653248 4 73935984 536870952 2129920 2155872256 67108864 1 32768 0 0 0 0 0 65536 2148008192 16384 16420 1152 16 4 0 0 1610612736 1 134217728 0 0 0 134217856 1073741824 0 4096 2048 2 3235389904 388 1276748208 42374 4 1107757062 295512 554207280 106534
is_linear=0
shrinkage=0.045


Tree=32
num_leaves=23
num_cat=18
split_feature=0 0 4 3 0 3 2 5 0 5 0 5 0 2 4 3 5 0 3 3 0 3
split_gain=15.0735 10.4046 8.41349 9.25576 6.85775 5.45883 5.3869 4.14836 3.77534 3.50384 3.46229 3.45347 3.07909 3.02261 2.87115 2.02685 1.8522 1.79753 3.09679 1.70646 2.39977 1.57808
threshold=0 1 2 3 4 5 6 4.2835627800822236 7 3.9796379800581989 8 4.7050052835523761 9 10 11 12 6.176905692078182 13 14 15 16 17
decision_type=9 9 1 9 9 9 9 8 9 8 9 10 9 9 1 9 10 9 9 9 9 9
left_child=6 -2 3 4 -3 8 7 -1 -4 13 11 -11 -7 -6 16 -14 -9 18 -10 -16 -21 -12
right_child=1 2 5 -5 9 12 -8 14 17 10 21 -13 15 -15 19 -17 -18 -19 -20 20 -22 -23
leaf_value=-164.99056026411418 -690.30586497767206 -154.75061187807782 -264.41829781885707 -216.75944218093665 761.22286397033054 -501.88941347795151 1676.31471875332 927.6635632350152 -156.79331065247575 147.20949062487537 434.83030173820481 796.67432882501987 -313.80396595445194 -77.156322793913347 -221.34753869364636 -111.59513512598292 3102.5026892758074 9.7371876681266869 324.73148058686013 -92.737315325785517 434.05110406533584 108.42844026181541
leaf_weight=484 4385 1150 926 2495 216 3688 212 207 139 199 312 158 1742 623 128 3119 37 1325 168 152 307 803
leaf_count=484 4385 1150 926 2495 216 3688 212 207 139 199 312 158 1742 623 128 3119 37 1325 168 152 307 803
internal_value=-0.00178516 -0.00209231 -0.00158732 -0.000223566 0.00128146 -0.00231988 0.00252339 0.00140731 -0.000486771 0.0026907 0.00402374 0.00784146 -0.00286421 0.000379904 0.00334394 -0.0021064 0.00742683 0.000815692 0.0038511 0.00162733 0.0028758 0.00269521
internal_weight=22975 21448 17063 5956 3461 11107 1527 1315 2558 2311 1472 357 8549 839 831 4861 244 1632 307 587 459 1115
internal_count=22975 21448 17063 5956 3461 11107 1527 1315 2558 2311 1472 357 8549 839 831 4861 244 1632 307 587 459 1115
cat_boundaries=0 13 26 27 29 43 45 46 59 72 86 87 88 90 103 105 107 117 119
cat_threshold=2146304 2181300224 1073742016 592 98304 2048 0 0 134221824 1074274352 0 8288 2298240 3221229569 4096 0 128 8519948 0 128 1073790976 0 37120 505417728 285245953 1056 2 3357050000 47508 0 93188 0 0 1572864 553648128 0 268500992 536870916 67127371 1098907648 20 75513858 3 341838128 16418 71 0 2080 0 2105344 135790592 33558848 0 134283264 536936448 9453576 536870912 2097540 67109393 0 0 0 2097152 0 1024 0 0 0 12583936 0 256 2147516948 37748736 10324 536870912 2105344 134742016 536871936 0 73728 536903680 12715018 16777344 1280 2214592513 1 48 2 1267343364 428569 33554432 131076 1 0 0 0 0 0 0 2 0 2147483648 10240 71303200 16384 8421378 4228 2113536 262144 0 0 0 0 0 0 4096 524288 3222798464 8192
is_linear=0
shrinkage=0.045


Tree=33
num_leaves=23
num_cat=17
split_feature=1 2 0 0 3 2 5 0 0 2 3 5 3 5 0 3 3 5 0 3 0 5
split_gain=14.5918 14.61 8.53515 7.33044 6.37464 5.12851 3.62401 3.47866 3.42685 2.79718 2.70407 2.81629 2.35278 2.39853 2.02284 2.94558 1.88237 1.77932 2.10531 3.79445 1.96431 1.86596
threshold=0 1 2 3 4 5 5.1503930356556173 6 7 8 9 1.2424533248940004 10 4.8713658868283671 11 12 13 4.9163179057820896 14 15 16 6.176905692078182
decision_type=9 9 9 9 9 9 10 9 9 9 9 8 9 8 9 9 9 10 9 9 9 10
left_child=1 14 16 6 8 7 -4 12 -5 -10 -6 -12 13 -2 -1 -16 -3 20 -19 21 -13 -20
right_child=5 2 3 4 10 -7 -8 -9 9 -11 11 17 -14 -15 15 -17 -18 18 19 -21 -22 -23
leaf_value=-958.07059839983935 -155.69902964900331 -31.043733226809621 3622.6201365137481 1090.6746998215885 -141.92952222756685 174.46559465954684 1052.2264971368288 -517.50535955395628 832.00505079784853 76.639502073244913 1493.3933238155319 -132.14879710222442 -310.02098562811034 177.83397048851288 72.804299574775172 -363.6890033909005 -311.13947911928909 -16.086336308666475 576.41685313102448 3.0718358235922985 34.4781533223954 1669.605836886147
leaf_weight=1660 577 1253 46 250 1029 339 56 8339 432 1106 69 783 1414 311 271 1568 1224 446 279 367 1094 62
leaf_count=1660 577 1253 46 250 1029 339 56 8339 432 1106 69 783 1414 311 271 1568 1224 446 279 367 1094 62
internal_value=-0.00177145 -0.000683977 0.000324752 0.00123935 0.00101931 -0.00295579 0.0125526 -0.00313053 0.003255 0.00241548 4.45534e-05 0.000708546 -0.00155964 0.000259999 -0.00312603 -0.00206402 -0.00189293 0.000502966 0.00189187 0.0033875 -0.00035205 0.00674363
internal_weight=22975 11995 8496 6019 5917 10980 102 10641 1788 1538 4129 3100 2302 888 3499 1839 2477 3031 1154 708 1877 341
internal_count=22975 11995 8496 6019 5917 10980 102 10641 1788 1538 4129 3100 2302 888 3499 1839 2477 3031 1154 708 1877 341
cat_boundaries=0 2 3 16 28 30 31 45 58 59 61 63 76 78 80 93 95 108
cat_threshold=3758670948 3216 3 0 3221225472 0 0 2281848832 16778053 640 8192 100352 0 0 19955740 9735168 0 0 0 0 0 0 0 0 0 0 0 8768 1277690264 81924 23 536887320 66640 0 2129920 0 536870912 0 402653248 4 73935985 536870952 0 2147483648 4 2097152 33554432 0 0 32768 0 0 0 0 0 0 3072 8196 48 822556676 427528 1209533840 16644 33587200 131072 2147483648 128 131072 33554432 0 0 0 0 0 268471044 33852 537395216 73762 3227001296 22660 262144 77594624 1 0 268468224 0 0 0 0 0 0 2147484672 512 2152776704 416 6291456 33554432 0 0 268500992 1024 0 0 4096 0 0 526336 12316
is_linear=0
shrinkage=0.045


Tree=34
num_leaves=23
num_cat=16
split_feature=0 2 0 4 3 3 5 0 3 0 0 0 1 5 5 5 3 3 2 3 5 5
split_gain=13.5982 10.8186 8.98664 8.5897 9.44671 6.18063 5.87531 7.49459 4.57486 4.21179 3.59561 3.17601 2.38721 2.29252 1.91407 2.09507 1.79653 1.69783 1.67459 1.83313 1.50629 1.29716
threshold=0 1 2 3 4 5 4.7050052835523761 6 7 8 9 10 11 5.5664324555418956 1.0000000180025095e-35 3.6762205501217919 12 13 14 15 5.2176457913436556 5.625819309938989
decision_type=9 9 9 1 9 9 10 9 9 9 9 9 9 10 8 10 9 9 9 9 10 8
left_child=-1 8 -3 4 6 9 10 -8 20 -5 -4 -7 21 16 -12 -16 -9 -13 -14 -20 -2 -11
right_child=1 2 3 5 -6 11 7 13 -10 12 14 17 18 -15 15 -17 -18 -19 19 -21 -22 -23
leaf_value=-628.31152992698173 742.55017597319386 -397.40692437493772 -62.27797805352683 -181.40712484250093 -180.62186299217572 -410.23006178031085 -47.707197487267983 739.65253800968139 34.914544435925954 149.33979101559299 2219.9442201633674 -255.8234076394757 -221.84874928273939 1563.1728837368219 -12.430831525348921 191.0812592960346 296.15515293936414 -81.677089677183247 238.99344006356668 2.8113084421023862 688.22569924344032 1542.2400073501879
leaf_weight=4439 297 4106 963 1062 1626 2629 272 105 496 156 35 1262 452 212 433 568 328 2016 501 862 97 58
leaf_count=4439 297 4106 963 1062 1626 2629 272 105 496 156 35 1262 452 212 433 568 328 2016 501 862 97 58
internal_value=-0.00175774 -0.00121938 -0.00146432 -0.000903189 0.00069124 -0.001709 0.00221926 0.00520511 0.00359202 -7.39618e-05 0.000856821 -0.00255981 0.00112665 0.00777397 0.00267939 0.00232851 0.00596896 -0.00161125 0.000578817 0.00136473 0.0071601 0.00549557
internal_weight=22975 18536 17646 13540 4542 8998 2916 917 890 3091 1999 5907 2029 645 1036 1001 433 3278 1815 1363 394 214
internal_count=22975 18536 17646 13540 4542 8998 2916 917 890 3091 1999 5907 2029 645 1036 1001 433 3278 1815 1363 394 214
cat_boundaries=0 13 14 28 29 31 33 45 47 61 75 89 91 93 95 96 98
cat_threshold=3221229569 4096 0 128 8519948 0 128 1073790976 0 37120 513806464 285213185 1056 224 16777220 10276 2147483648 268435456 18350656 1 256 66560 536870920 8405510 16 2129936 67108865 18 2 3367535824 47508 342972784 81954 0 1024 1 0 0 256 0 0 4 2097160 16777216 2148533248 2282766868 4132 8404992 1040 0 2105345 134217728 33558852 512 134217728 38912 7864328 553648128 2304 21008 1 0 83887104 1 0 134217728 553648128 0 268435456 0 71827464 16777216 1048836 2155909128 5 6291472 35651600 67108864 2097156 268435456 536871936 0 8192 32768 4850696 16777216 1049984 2148573712 5 68 34 134250624 4224 160038924 395801 2 67109136 16384
is_linear=0
shrinkage=0.045


Tree=35
num_leaves=23
num_cat=18
split_feature=1 2 0 0 3 0 5 2 3 0 3 0 3 4 5 0 3 5 0 5 4 3
split_gain=13.6379 13.4018 8.19793 7.01466 5.19518 4.11168 3.2301 2.89143 2.54813 2.41954 2.39085 2.25021 3.1218 2.19821 1.99969 1.98294 1.69408 1.61787 1.77078 1.61723 1.61499 1.59014
threshold=0 1 2 3 4 5 5.1503930356556173 6 7 8 9 10 11 12 6.9777449340088582 13 14 4.2835627800822236 15 4.2121001622835372 16 17
decision_type=9 9 9 9 9 9 10 9 9 9 9 9 9 1 10 9 9 8 9 8 1 9
left_child=1 11 21 6 7 8 -4 -5 13 -9 -6 -1 -13 16 15 19 -2 -11 -19 -12 -21 -3
right_child=5 2 3 4 10 -7 -8 9 -10 17 14 12 -14 -15 -16 -17 -18 18 -20 20 -22 -23
leaf_value=-882.95320105413737 61.189911503474761 -287.63914164976529 3487.8762492173437 860.14227872404319 -144.7751710295264 -443.91745280910908 988.60568783386111 -56.311115333746052 -252.38557064188439 20.059503488693846 -198.1126448561651 76.703722097720814 -331.2193693252309 -162.88478931961546 1286.1343233720163 66.882878444185906 297.43146330036001 25.464283197261164 593.98472444741139 270.16619538412567 -74.032653312298848 -56.799827537430211
leaf_weight=1703 288 677 46 604 1024 8628 56 442 1517 321 565 254 1542 430 37 1584 117 180 396 370 645 1549
leaf_count=1703 288 677 46 604 1024 8628 56 442 1517 321 565 254 1542 430 37 1584 117 180 396 370 645 1549
internal_value=-0.00176165 -0.000710212 0.000255993 0.00108882 0.000882523 -0.00290666 0.0121579 0.00280128 -0.00122208 0.00160215 -5.31143e-06 -0.00304913 -0.00190653 0.000770365 0.000600839 0.000477573 0.0031511 0.00293564 0.004391 -0.000650127 0.000420353 -0.00208311
internal_weight=22975 11995 8496 6270 6168 10980 102 1943 2352 1339 4225 3499 1796 835 3201 3164 405 897 576 1580 1015 2226
internal_count=22975 11995 8496 6270 6168 10980 102 1943 2352 1339 4225 3499 1796 835 3201 3164 405 897 576 1580 1015 2226
cat_boundaries=0 2 3 16 28 30 43 44 46 59 61 74 76 77 90 92 104 105 107
cat_threshold=3758670948 3216 3 0 3238002688 0 1 2281848832 16778053 640 8192 100352 0 65536 19955736 9438208 0 0 0 0 0 0 0 0 0 0 0 8768 1278738904 16388 16408 65652 0 2149613568 0 0 0 134217792 4 74067056 536870952 0 2147483648 112 1213727128 41220 0 10747904 1 4 0 0 0 0 4096 0 0 4 23178 319238148 427530 46170112 131072 2147483648 132 131072 33554432 0 0 0 0 0 268471040 33852 537395216 65570 2 6324224 35651584 4097 0 268435456 1024 0 0 5120 0 0 527360 47116 4718608 4 262144 67108864 0 0 268435456 0 0 0 1024 0 0 2147483904 2 187160612 303160
is_linear=0
shrinkage=0.045


Tree=36
num_leaves=23
num_cat=19
split_feature=0 2 0 0 0 3 0 3 3 3 3 1 5 2 0 4 5 3 1 5 1 0
split_gain=13.1089 10.9137 9.04438 6.19932 5.24377 4.56398 4.18345 3.88573 3.29162 2.97286 2.85261 2.60654 2.49027 2.32953 3.00769 2.14746 3.77489 4.79131 2.60303 1.84009 1.78312 1.68799
threshold=0 1 2 3 4 5 6 7 8 9 10 11 5.1503930356556173 12 13 14 4.2555875595453383 15 16 4.9089648320872419 17 18
decision_type=9 9 9 9 9 9 9 9 9 9 9 9 10 9 9 1 10 9 9 10 9 9
left_child=-1 3 7 9 12 -5 10 -3 13 -2 11 -7 -4 -6 -15 16 -8 -18 -19 -12 -17 -21
right_child=1 2 4 5 8 6 15 -9 -10 -11 19 -13 -14 14 -16 20 17 18 -20 21 -22 -23
leaf_value=-589.32324218270332 -39.936551226863273 63.584351925549591 2663.7060895760228 -382.12537172792611 952.33348062093489 -22.077937819161978 -230.57476892875448 -207.9442228360351 46.051732922495802 171.4972404131411 -165.52723675243359 292.90402331047108 1441.6028167624941 -19.098635125920627 691.76034848992902 84.850309199484059 -116.2023191059976 95.049604612834571 421.72001157853725 312.82233725516193 -318.0804276099658 -50.628292468731104
leaf_weight=4407 892 565 42 3969 166 181 1395 1306 1216 774 1154 241 65 326 618 244 434 243 170 224 3957 386
leaf_count=4407 892 565 42 3969 166 181 1395 1306 1216 774 1154 241 65 326 618 244 434 243 170 224 3957 386
internal_value=-0.00174403 -0.00121776 0.000767376 -0.0018169 0.00257116 -0.00215829 -0.00157221 -0.00157966 0.0020864 0.00076162 0.000131027 0.00340092 0.0118361 0.00385027 0.00289958 -0.00214927 -0.00102674 0.00134099 0.00473294 -0.00066892 -0.00275268 0.00132353
internal_weight=22975 18568 4304 14264 2433 12598 8629 1871 2326 1666 2186 422 107 1110 944 6443 2242 847 413 1764 4201 610
internal_count=22975 18568 4304 14264 2433 12598 8629 1871 2326 1666 2186 422 107 1110 944 6443 2242 847 413 1764 4201 610
cat_boundaries=0 13 14 28 41 53 55 68 70 72 74 76 78 79 91 92 94 96 98 111
cat_threshold=3221229569 6144 0 128 8519948 64 0 1073790976 0 37120 513806336 285213185 1056 7 0 67134548 0 2147483648 152567808 0 0 268500992 98308 2098178 1073741824 2785304 8208 4 2129920 109051904 1677725761 17 0 3328 64 0 134217728 1140850736 8 524288 290944 2097152 0 0 0 0 0 0 0 0 0 0 8256 59191822 396825 42205208 2164523008 0 64 16384 0 0 0 1152 2622464 32 2147490816 35344 34087056 292 3361226896 51460 2710227524 464924 2192 73824 32 2056 96 262144 16842784 1 0 0 0 0 0 0 2048 0 2148533248 2 541081744 90116 16416 3585 96 144 0 0 0 0 0 0 0 0 0 524288 0 0 33296
is_linear=0
shrinkage=0.045


Tree=37
num_leaves=23
num_cat=19
split_feature=0 2 0 0 3 3 0 0 3 5 4 0 3 0 3 3 0 1 4 5 3 5
split_gain=12.5341 9.69528 8.72337 6.07873 5.15917 3.99264 3.6083 3.5498 2.83164 2.46432 3.23484 3.41095 2.58239 2.39671 2.26864 2.20437 1.93236 1.9192 1.8034 3.07188 1.81463 1.38835
threshold=0 1 2 3 4 5 6 7 8 4.2972622671762819 9 10 11 12 13 14 15 16 17 4.2121001622835372 18 1.2424533248940004
decision_type=9 9 9 9 9 9 9 9 9 8 1 9 9 9 9 9 9 9 1 10 9 8
left_child=-1 3 4 8 -3 -5 -7 -4 -2 13 11 -11 17 -8 -9 -12 -17 -13 19 -10 -20 -16
right_child=1 2 7 5 -6 6 9 14 18 10 15 12 -14 -15 21 16 -18 -19 20 -21 -22 -23
leaf_value=-563.97529975935186 -87.030486521195826 147.01074086444689 1428.0197591932865 -385.10532799426187 -179.0509780915302 -333.5769244005175 -366.13842263312142 -31.900758508747149 -19.475864197488217 638.31732065990377 -185.69977453965703 -125.85686660821888 -54.082115164547204 -46.234110250181949 1899.5751006820612 -193.67925240554564 56.381021421673815 310.11815683545774 -160.93425406658952 1505.6977642772531 70.280810601168099 385.17438890336371
leaf_weight=4448 566 439 215 4246 1696 1933 1578 490 104 104 950 105 557 1351 51 429 1053 264 231 127 656 1382
leaf_count=4448 566 439 215 4246 1696 1933 1578 490 104 104 950 105 557 1351 51 429 1053 264 231 127 656 1382
internal_value=-0.0017597 -0.00124206 0.000637455 -0.00180555 -0.00139381 -0.00214592 -0.00156766 0.00266232 0.00073231 -0.00104787 -0.000236433 0.001875 0.000930703 -0.00200972 0.00201628 -0.00113147 -3.61456e-05 0.00379134 0.00203894 0.00558154 0.0011288 0.00291799
internal_weight=22975 18527 4273 14254 2135 12570 8324 2138 1684 6391 3462 1030 926 2929 1923 2432 1482 369 1118 231 887 1433
internal_count=22975 18527 4273 14254 2135 12570 8324 2138 1684 6391 3462 1030 926 2929 1923 2432 1482 369 1118 231 887 1433
cat_boundaries=0 13 14 28 41 43 45 59 72 74 75 88 90 104 106 108 121 123 124 126
cat_threshold=3221225473 6144 0 0 9568588 64 0 1073790976 0 37120 513806336 285213185 1056 7 0 67134580 0 0 151519232 536870912 0 268500992 98308 2098178 1090519040 2785304 8208 4 2408448 117702656 1610616897 17 0 3072 64 0 134217728 1140850736 8 524288 2367616 144 36 50803214 400921 4198468 1073751040 2147483648 8192 524800 33554433 0 134218752 536875016 16794115 1073873024 33040 67108864 17 35651584 2097152 0 512 0 0 0 0 0 524288 0 8256 164352 25381412 395276 2 0 0 0 0 0 0 0 0 0 8912896 0 0 16 3357049856 41088 33554440 0 0 128 134217728 536870912 0 65536 2048 13238280 16777216 4 2148565278 6 537281128 335912 3423076416 74182 0 0 0 2097152 402653184 4352 0 8192 1024 13107208 0 1048704 1 32 1536 2 2819129346 128
is_linear=0
shrinkage=0.045


Tree=38
num_leaves=23
num_cat=17
split_feature=0 0 3 0 0 2 5 2 0 2 0 2 3 3 0 5 3 4 5 5 0 5
split_gain=13.0307 8.84708 7.52234 4.91398 4.67771 3.92604 3.53505 3.50214 3.55365 2.85202 2.2743 2.09382 2.08348 1.92962 1.63191 1.39941 1.35724 1.65198 1.65272 1.31373 1.2965 1.63179
threshold=0 1 2 3 4 5 6.176905692078182 6 7 8 9 10 11 12 13 4.9663289649179552 14 15 3.9219243190762363 3.3842466058243152 16 4.7405652883788738
decision_type=9 9 9 9 9 9 10 9 9 9 9 9 9 9 9 8 9 1 10 8 9 10
left_child=-1 6 3 -3 -4 19 9 8 -6 -2 16 -12 -11 -10 15 -15 17 18 -7 -5 -13 -22
right_child=1 2 4 5 7 10 -8 -9 13 12 11 20 -14 14 -16 -17 -18 -19 -20 -21 21 -23
leaf_value=-514.35911064748279 1504.9972145742368 -217.21464753517728 -371.89671976334915 23.288608323923871 -262.9023432219015 -144.3179982437519 2690.5367969580384 -418.20541527446545 -144.15769259982071 -116.20511829792444 -137.1332356860072 390.54323618834758 159.45052015595181 -139.42885094625413 49.549804610663521 47.858661316153551 -100.66683169403406 -61.396118702786929 405.87306808386001 796.94220852764397 11.388043613326099 133.20954572411969
leaf_weight=4901 118 1295 3336 36 1506 38 70 2212 863 314 507 217 541 770 1987 500 1399 141 63 83 1276 802
leaf_count=4901 118 1295 3336 36 1506 38 70 2212 863 314 507 217 541 770 1987 500 1399 141 63 83 1276 802
internal_value=-0.00171857 -0.00115797 -0.00140495 -9.73771e-05 -0.00208949 0.000598162 0.00284502 -0.00148357 -0.000882761 0.00215538 0.000370706 0.00114819 0.00116782 -0.000196032 0.000306974 -0.000947739 -0.000955536 0.00209055 0.00650971 0.00827862 0.00172627 0.00136076
internal_weight=22975 18074 17031 5857 11174 4562 1043 7838 5626 973 4443 2802 855 4120 3257 1270 1641 242 101 119 2295 2078
internal_count=22975 18074 17031 5857 11174 4562 1043 7838 5626 973 4443 2802 855 4120 3257 1270 1641 242 101 119 2295 2078
cat_boundaries=0 13 26 28 42 56 57 58 72 73 87 88 90 92 105 106 107 119
cat_threshold=3221225473 4096 0 128 9568588 0 0 1073790976 536870912 37120 513806336 285213185 1056 2097152 41943040 1610612928 16 98304 2048 0 0 134217728 1073750064 0 8288 2560384 3289907664 8580 4198400 65536 0 40964 524288 64 640 134283264 4096 25182285 553713808 32768 68157444 19 25165832 11348 2147483648 2097152 151519232 536870980 0 65536 98304 8519680 1090519168 34832 2214592513 4 32 116 4112 1073758240 4096 0 2147484160 16781569 256 268444672 3080 7356427 0 1048576 8192 19 144 0 18892804 1 0 268451840 50336768 0 268435456 65536 5900290 1073741824 3146132 2155905536 4 3 2176894016 141324 268908548 394824 0 67174400 0 1 268435456 0 640 134217728 4096 527360 0 2626560 34826 1141899712 2 33587200 0 4096 0 0 0 0 0 1024 0 0 3072
is_linear=0
shrinkage=0.045


Tree=39
num_leaves=23
num_cat=19
split_feature=1 2 0 0 2 3 0 5 0 4 5 0 3 0 2 3 0 3 0 3 2 5
split_gain=10.8487 11.724 7.30844 4.84906 3.79324 3.57159 3.28578 2.82122 4.38768 2.58352 2.67501 2.50997 3.24076 2.42446 2.04778 1.9868 2.13684 1.96498 3.98245 1.76832 1.75506 1.67198
threshold=0 1 2 3 4 5 6 6.193383940289773 7 8 4.8322978221268906 9 10 11 12 13 14 15 16 17 18 4.2555875595453383
decision_type=9 9 9 9 9 9 9 8 9 1 10 9 9 9 9 9 9 9 9 9 9 10
left_child=1 11 19 -4 6 -5 9 13 -9 10 -2 -1 -13 14 -7 -15 -17 18 20 -3 -8 -18
right_child=4 2 3 5 -6 7 17 8 -10 -11 -12 12 -14 15 -16 16 21 -19 -20 -21 -22 -23
leaf_value=-804.99512579553266 -71.266231337638118 -18.365772009075613 2284.6913756302547 -66.479355635146462 187.84502517625384 509.9603225055742 192.85559388080108 1578.1492423367804 40.405130175454772 -277.52679787648128 266.83422003541693 -375.03785832803618 12.321319031568937 372.13682637517854 -58.481282797819055 26.214207578098048 27.283970281451197 -500.87182627635661 -346.77060710547471 -247.93905898552839 -116.9680505634808 515.31212754179774
leaf_weight=1688 864 1240 102 1544 339 392 252 209 305 1738 208 981 830 433 1274 1214 281 6015 1364 1201 200 301
leaf_count=1688 864 1240 102 1544 339 392 252 209 305 1738 208 981 830 433 1274 1214 281 6015 1364 1201 200 301
internal_value=-0.00169702 -0.000758933 0.000144921 0.000982775 -0.00271834 0.000804944 -0.00286863 0.00145657 0.00458721 -0.00153083 0.000201116 -0.0029466 -0.00175508 0.00104503 -0.00025745 0.00201004 0.00132909 -0.0033456 -0.00200875 -0.00192805 0.00162931 0.00354545
internal_weight=22975 11995 8496 6055 10980 5953 10641 4409 514 2810 1072 3499 1811 3895 1666 2229 1796 7831 1816 2441 452 582
internal_count=22975 11995 8496 6055 10980 5953 10641 4409 514 2810 1072 3499 1811 3895 1666 2229 1796 7831 1816 2441 452 582
cat_boundaries=0 2 3 16 28 29 31 45 58 59 72 74 87 88 90 103 105 116 118 119
cat_threshold=3758670948 3216 3 0 3221225472 4096 0 3355590656 16778053 640 8192 104448 0 0 19955736 9479168 0 0 0 0 0 0 0 0 0 0 0 8768 23 864499750 427594 16408 65616 0 2138112 0 536870912 0 402653248 4 74984568 536870952 0 2147483648 20 2129920 0 0 0 32768 0 0 0 0 0 0 0 12 2 46170112 131072 2147483648 128 131072 33554432 0 0 0 0 0 268471040 33852 216221198 412313 4227072 92405760 0 5 268468224 4096 0 0 524288 0 65536 528388 2118158 48 1210056720 65568 2097152 35651584 1 0 0 1024 0 0 1024 0 0 2147484032 2192 1073815696 73990 0 15396 0 0 0 0 0 0 0 4099 1073745920 1075324402 20868 16
is_linear=0
shrinkage=0.045


Tree=40
num_leaves=23
num_cat=19
split_feature=0 4 0 3 0 3 5 0 3 0 0 0 0 3 3 2 0 5 3 2 3 5
split_gain=10.1734 8.66878 7.85206 7.3927 5.32972 5.75267 4.15794 3.87181 3.28526 3.26573 3.22685 3.00685 2.53774 2.34128 1.93514 2.7369 1.94724 1.86869 1.59348 1.54667 1.50877 1.31498
threshold=0 1 2 3 4 5 4.0342014792848504 6 7 8 9 10 11 12 13 14 15 6.4052270920020655 16 17 18 5.9493387708841867
decision_type=9 1 9 9 9 9 10 9 9 9 9 9 9 9 9 9 9 10 9 9 9 8
left_child=10 2 -2 6 -3 11 9 8 -8 20 -1 -6 -7 -12 15 16 -13 -15 -9 -14 -4 -16
right_child=1 4 3 -5 5 12 7 18 -10 -11 13 14 19 17 21 -17 -18 -19 -20 -21 -22 -23
leaf_value=1827.4861935984743 -266.89399418429355 -606.95607470319987 -4.9027808538650577 -162.76146026476138 -198.18334154620379 -420.41110042323993 741.68601354672751 4.3469238256696894 193.9344715669684 -86.038317094625029 -51.834768066897531 193.37235677490068 -4.6790261012192529 119.92882086552903 -80.307982264150667 469.02979969931181 -21.044044941921605 2508.4198219867048 195.13195395855416 -228.24392814286466 610.22992394334585 160.08202575853176
leaf_weight=112 1911 3297 102 1967 1206 3109 133 598 302 1186 648 109 615 909 1868 156 473 48 588 3235 156 247
leaf_count=112 1911 3297 102 1967 1206 3109 133 598 302 1186 648 109 615 909 1868 156 473 48 588 3235 156 247
internal_value=-0.00170486 -0.00197348 -0.000669332 0.000265859 -0.00260722 -0.00212475 0.00164527 0.00321349 0.0067953 -0.00010581 0.00162146 -0.000772661 -0.0029107 0.00107143 2.67005e-05 0.001992 0.00051515 0.00247523 0.00181803 -0.00212066 0.00436667 -0.000666433
internal_weight=22975 21258 6943 5032 14315 11018 3065 1621 435 1444 1717 4059 6959 1605 2853 738 582 957 1186 3850 258 2115
internal_count=22975 21258 6943 5032 14315 11018 3065 1621 435 1444 1717 4059 6959 1605 2853 738 582 957 1186 3850 258 2115
cat_boundaries=0 13 14 28 30 43 45 58 60 73 85 99 112 114 116 117 129 131 132 134
cat_threshold=2146304 42074112 1610612929 513 98304 2048 0 0 134217728 1073750064 8 8288 2249088 2 2147483648 29700 0 0 1048832 0 0 1342242816 536870920 135427 511705216 16810008 0 18 1217955024 47508 3221225473 2048 0 2097280 9044236 64 0 134250496 65536 8552704 505413632 285213185 67109920 2221955376 81956 0 2097152 0 0 524288 536871936 0 0 0 13108224 0 0 2214627860 135299072 6272 0 65568 0 2097152 0 0 0 8192 32768 0 0 2149581824 516 0 0 0 0 0 2048 0 0 0 0 0 8256 8654848 0 0 40964 1074790400 33554692 512 0 536909824 6832128 553652352 2130176 32785 3 16 2110516 0 0 402653184 536871936 0 65536 536870912 4723720 16781328 1084560 2147491840 2695033444 407552 272 65536 7 0 0 0 0 0 536870912 0 0 1024 0 0 2147483776 142639120 2052 112 9469952 4224
is_linear=0
shrinkage=0.045


Tree=41
num_leaves=23
num_cat=19
split_feature=0 2 0 3 5 0 0 3 0 3 4 3 3 0 0 0 5 1 2 0 5 3
split_gain=11.2617 7.66848 6.24103 6.3486 4.13033 4.49803 4.12382 4.08974 4.06233 3.02856 2.75753 3.75592 2.31433 2.655 2.00497 1.98091 1.81028 1.57613 1.45405 1.74134 1.42994 1.38641
threshold=0 1 2 3 4.863673427408628 4 5 6 7 8 9 10 11 12 13 14 5.8391860522696701 15 16 17 4.8789996228937618 18
decision_type=9 9 9 9 10 9 9 9 9 9 1 9 9 9 9 9 10 9 9 9 10 9
left_child=-1 7 21 8 6 -6 -5 15 -4 17 11 20 18 -14 -12 -2 -11 -7 -8 -20 -10 -3
right_child=1 2 3 4 5 9 12 -9 10 16 14 -13 13 -15 -16 -17 -18 -19 19 -21 -22 -23
leaf_value=-493.70352091197952 1068.7973867768917 -99.31507625252506 -355.47059346985708 -234.71052816011382 -50.807279537240952 176.29964116538554 -372.95525366193084 -12.413795134271755 260.64992917526615 217.72588148302395 -315.78721446369411 -71.576230605789334 231.02356555880482 6.2546824782354991 -37.601885524692257 216.18610371014475 593.43202370586937 -95.92020328891752 118.51839416697099 -36.973610170253941 968.18834344239895 -405.981286922614
leaf_weight=4096 131 779 2970 1864 1101 115 565 405 244 743 1042 552 376 938 1450 356 307 411 236 1528 77 2689
leaf_count=4096 131 779 2970 1864 1101 115 565 405 244 743 1042 552 376 938 1450 356 307 411 236 1528 77 2689
internal_value=-0.00163827 -0.00117175 -0.00137433 -0.000962805 -0.000133969 0.00131523 -0.000838901 0.00287721 -0.00203128 0.00284509 -0.00095277 0.00121886 4.5553e-05 0.00154751 -0.00171772 0.00561824 0.00423729 3.34562e-05 -0.000805426 -0.000162163 0.00498649 -0.00308793
internal_weight=22975 18879 17987 14519 8184 2677 5507 892 6335 1576 3365 873 3643 1314 2492 487 1050 526 2329 1764 321 3468
internal_count=22975 18879 17987 14519 8184 2677 5507 892 6335 1576 3365 873 3643 1314 2492 487 1050 526 2329 1764 321 3468
cat_boundaries=0 13 14 27 29 43 57 59 73 75 76 78 80 93 107 119 120 121 134 136
cat_threshold=3221225477 4096 0 128 8520012 0 0 1073774592 0 4352 513806336 285213185 1056 224 16781312 10276 2147483648 268435456 18350592 33554433 256 1024 536870920 49670 144 2129936 67108864 730313230 400985 262144 92274704 1 0 134217728 4416 0 8192 0 1082261513 16777216 2148533380 2053 2 0 2163728 0 2138112 268435456 536872000 128 134283264 0 29362240 65536 1048832 2147516424 23 2283323926 4132 41943064 1104 0 2097152 134217728 4 0 73728 1024 9568264 1090519040 7552 2147483659 1 2147485744 73762 2 134250496 6160 3292546400 49284 2129920 0 1 1 134217728 0 0 8192 1024 0 0 2147486720 2177 6586368 35913728 0 0 0 536871936 0 16384 2048 4719616 0 1048576 1090068 6 0 36 0 0 0 0 0 0 0 0 0 2147491904 278564 3 33816576 75497472 0 4 0 256 0 0 1028 0 0 3076 2 1140850832 9030
is_linear=0
shrinkage=0.045


Tree=42
num_leaves=23
num_cat=18
split_feature=0 3 0 0 2 0 2 3 0 0 0 3 1 5 5 4 5 1 4 3 3 5
split_gain=10.3848 7.78952 6.49929 5.82272 3.59677 3.24726 3.30579 3.11342 3.00915 2.38804 2.29344 2.20867 1.94757 1.47818 1.34838 1.29497 1.21742 1.2096 3.07996 3.36816 1.89218 2.55357
threshold=0 1 2 3 4 5 6 7 8 9 10 11 12 4.9870196042435371 6.193383940289773 13 3.8176519431297078 14 15 16 17 5.3821962081647756
decision_type=9 9 9 9 9 9 9 9 9 9 9 9 9 10 8 1 8 9 1 9 9 10
left_child=-1 3 -3 -2 7 -4 12 14 11 -9 15 -8 -7 -13 -5 -6 -12 -10 19 -19 21 -20
right_child=1 2 5 4 10 6 8 9 17 -11 16 13 -14 -15 -16 -17 -18 18 20 -21 -22 -23
leaf_value=-503.25390559891412 -167.39574058036305 -376.64017927479756 -241.45669989340266 301.42346147497102 671.6574082041293 -428.62576027435409 -159.86063912953378 -320.38484404846628 105.44374160519143 186.57489952617266 -178.35680170858754 -58.316474477027448 3.1107559978028938 143.34137938454251 1275.6317615847067 46.12320498787156 2.63170966908348 982.71082817148454 -90.408942039354116 28.751439100760852 -278.90751473077006 277.88646546319535
leaf_weight=3691 1723 3684 2382 650 189 1090 1022 228 1287 522 778 882 446 410 85 383 2179 112 287 327 511 107
leaf_count=3691 1723 3684 2382 650 189 1090 1022 228 1287 522 778 882 446 410 85 383 2179 112 287 327 511 107
internal_value=-0.00162064 -0.00119963 -0.00186213 3.53375e-05 0.000811181 -0.00119814 -0.000672957 0.00266032 -0.000104399 0.00059055 2.66863e-05 -0.00128461 -0.00248837 -4.14121e-05 0.00472891 0.00260445 -0.000480466 0.000934732 -1.32754e-05 0.00307143 -0.00151323 0.000842363
internal_weight=22975 19284 12547 6737 5014 8863 6481 1485 4945 750 3529 2314 1536 1292 735 572 2957 2631 1344 439 905 394
internal_count=22975 19284 12547 6737 5014 8863 6481 1485 4945 750 3529 2314 1536 1292 735 572 2957 2631 1344 439 905 394
cat_boundaries=0 13 15 29 43 44 58 59 61 75 88 101 103 105 106 108 109 111 113
cat_threshold=3238002693 0 2147483648 0 8520524 1 0 1073775616 0 4352 511709184 285245953 1056 1412956560 82308 0 15444 0 2097152 17301504 536871236 512 81920 536936448 8552448 1092616192 2192 2214592513 1 20480 81920 0 8196 1572864 33554496 0 134283264 536870912 1082179658 555810960 256 68190208 3 240 8388624 1073758208 4096 268435520 135266304 50335744 256 268443648 33800 5262345 144 1049600 0 20 3 2097296 65540 4104 52756512 1 8704 268451840 0 128 134217728 6148 2621442 0 2621440 10526734 2 0 15396 0 0 0 0 0 0 0 0 0 524304 2048 2129920 50331648 4096 1 0 4 0 0 1024 524288 0 3072 8321 2701373988 295512 4 3072 2 525409 1154 2 134250496 14336 2168481376 262656
is_linear=0
shrinkage=0.045


Tree=43
num_leaves=23
num_cat=19
split_feature=0 0 3 0 2 0 2 0 0 2 0 0 5 4 3 3 3 3 0 5 5 1
split_gain=10.5238 7.2617 5.97975 5.26543 3.57898 2.94773 2.75634 4.26733 2.62692 2.38438 2.31117 2.28901 2.24033 1.85328 2.1919 1.73227 1.68084 1.5865 2.92226 1.53879 1.42572 1.31992
threshold=0 1 2 3 4 5 6 7 8 9 10 11 6.176905692078182 12 13 14 15 16 17 5.9039975907279691 2.3502401828962087 18
decision_type=9 9 9 9 9 9 9 9 9 9 9 9 10 1 9 9 9 9 9 10 10 9
left_child=17 9 5 -4 20 -3 11 15 13 -2 -7 -6 16 14 -9 -8 -11 18 -1 -15 -5 -12
right_child=1 2 3 4 6 10 7 8 -10 12 21 -13 -14 19 -16 -17 -18 -19 -20 -21 -22 -23
leaf_value=126.13000692125289 1566.5089487081461 -337.98329946463156 -223.20687180474863 23.298069484729439 -612.746546590702 -373.88477626938845 4.881112807062185 -64.565737771351479 82.328737060072328 -172.1383749224625 20.14028585423015 -49.663350400293758 2071.9241623416115 -226.6599038179296 146.15172005348808 -212.30059160034088 125.76738168562807 -519.29916541524631 -317.79042680906997 58.97515487177985 568.31094862207215 -135.69719411827592
leaf_weight=155 116 2489 1961 88 708 1795 742 541 3042 218 605 1013 65 953 476 1324 501 3501 758 177 130 1617
leaf_count=155 116 2489 1961 88 708 1795 742 541 3042 218 605 1013 65 953 476 1324 501 3501 758 177 130 1617
internal_value=-0.00157952 -0.0011075 -0.00130903 -0.000674981 -0.000221922 -0.00239291 -0.000363486 2.16722e-05 0.000710343 0.0028125 -0.00162733 -0.00197605 0.00184296 -0.00049398 0.000896466 -0.00170212 0.00112968 -0.00355242 -0.0018146 -0.00174912 0.00532174 -0.000648613
internal_weight=22975 18561 17661 11155 9194 6506 8976 7255 5189 900 4017 1721 784 2147 1017 2066 719 4414 913 1130 218 2222
internal_count=22975 18561 17661 11155 9194 6506 8976 7255 5189 900 4017 1721 784 2147 1017 2066 719 4414 913 1130 218 2222
cat_boundaries=0 14 27 29 43 44 57 58 71 85 86 100 113 114 116 118 120 122 132 134
cat_threshold=3221225477 4096 0 0 9044812 1 256 1073742848 0 4352 511709184 285213185 1056 16 2113536 33554432 1073742016 1 98304 2048 0 0 134217728 1073750064 0 8288 2228608 721924654 396889 4198464 65552 0 268476432 1074790400 33554496 0 134217728 536870920 25182724 19071104 32784 67633152 3 32 8388624 273460 536870912 2097152 134217728 0 0 65536 0 1212426 16777232 2133376 2147516419 3 0 10513412 0 4 2432696320 536870916 640 268558336 32768 4358146 1610612736 3145732 1052672 8 3221225472 1 2097152 134234112 16778496 0 0 69636 70781961 0 4096 2147518976 4 144 50626568 64 2147487744 0 16777216 16777284 0 57344 536873984 12583936 1073741984 1048592 76546056 5 33587200 131072 0 128 0 0 0 73728 0 0 0 2432 2147516444 2 2151695376 114724 1141900432 260 2176925760 131204 2105808 65796 0 4096 0 0 0 0 0 0 0 4096 536920289 176
is_linear=0
shrinkage=0.045


Tree=44
num_leaves=23
num_cat=18
split_feature=0 4 3 3 0 0 5 0 3 3 0 0 2 2 0 5 0 3 5 0 5 3
split_gain=10.3759 6.69658 7.31867 6.53438 5.57624 5.24772 3.58737 3.19286 2.97399 2.69939 2.32135 2.30931 2.48963 2.10607 2.56694 1.99489 1.89987 1.82004 1.75761 1.82814 1.58856 1.55697
threshold=0 1 2 3 4 5 4.0517471391904856 6 7 8 9 10 11 12 13 5.705446369702539 14 15 3.5694334999727624 16 5.344720891341141 17
decision_type=9 1 9 9 9 9 10 9 9 9 9 9 9 9 9 10 9 9 10 9 8 9
left_child=21 2 4 7 6 8 -2 -3 -5 -8 -7 -6 18 -9 20 -11 -4 -12 -13 -20 -15 -1
right_child=1 3 16 5 11 10 9 13 -10 15 17 12 -14 14 -16 -17 -18 -19 19 -21 -22 -23
leaf_value=-153.71796184938879 62.270474983433068 857.17182159976312 -288.57577249974264 -95.42966424113888 -76.907664975016417 -375.19562885178607 107.42303414898498 -325.85097826286085 54.559512049461098 505.2378169760961 -269.59199759807899 -220.28789520665396 572.42092880766461 280.24273627428045 1.6990219837663214 1948.6086374593194 -41.458757253076072 -127.86936774657281 -39.946840915631306 130.88500838321792 463.95511000453973 -523.5287815138214
leaf_weight=880 462 102 1220 608 932 3023 225 568 848 288 2203 416 538 125 1313 69 1260 3390 391 604 124 3386
leaf_count=880 462 102 1220 608 932 3023 225 568 848 288 2203 416 538 125 1313 69 1260 3390 391 604 124 3386
internal_value=-0.00157168 -0.00111268 6.67228e-05 -0.00172745 0.00127445 -0.0022143 0.00407386 0.000477272 0.000288146 0.00645719 -0.002637 0.00024732 0.00112672 8.40325e-05 0.000937737 0.00881707 -0.0018419 -0.0020818 0.00012333 0.00115095 0.00501724 -0.00357223
internal_weight=22975 18709 6405 12304 3925 10072 1044 2232 1456 582 8616 2881 1949 2130 1562 357 2480 5593 1411 995 249 4266
internal_count=22975 18709 6405 12304 3925 10072 1044 2232 1456 582 8616 2881 1949 2130 1562 357 2480 5593 1411 995 249 4266
cat_boundaries=0 13 14 16 18 31 44 57 59 61 74 88 89 90 103 117 119 132 134
cat_threshold=3221225477 4096 0 0 9569036 1 0 1073742848 8 21248 511705088 285245953 1056 2 1220052176 47508 340787472 16384 2392064 35717152 0 2097152 268468224 1088 0 8192 0 15336448 536870912 9344 2836 16384 92422144 1073741824 2147484165 16384 0 0 0 524416 3288334352 32 2150117408 20480 2129920 33554432 0 0 32768 0 0 0 0 2 0 0 8192 3249197066 428041 8914064 8192 20971520 33557520 0 2097152 151519232 536870916 0 134340608 536870912 13271050 16777216 128 2215641092 0 27668 0 0 0 536870912 0 268500992 536870916 66 16777216 2621460 8388610 3 7 3 0 0 0 0 0 536870912 0 0 0 0 16777216 2147491840 2147518476 32768 9220 0 2097152 134742016 0 0 73728 536870912 14812160 16777216 1049600 2214610956 4 176588876 240217 0 16777216 0 0 0 256 0 0 0 8 0 2148532480 8 2097616 65796
is_linear=0
shrinkage=0.045


Tree=45
num_leaves=23
num_cat=19
split_feature=0 0 3 0 3 2 0 3 4 5 5 2 0 1 2 3 1 0 3 4 5 3
split_gain=9.78933 7.05921 5.84387 4.84854 4.19163 3.64568 2.90758 2.90112 2.70316 3.01855 2.4979 2.44177 2.49974 2.41496 2.33179 2.2237 1.95495 1.70242 1.9047 1.70164 2.18318 1.67986
threshold=0 1 2 3 4 5 6 7 8 4.7050052835523761 6.176905692078182 9 10 11 12 13 14 15 16 17 3.7494348669884658 18
decision_type=9 9 9 9 9 9 9 9 1 10 10 9 9 9 9 9 9 9 9 1 8 9
left_child=-1 10 6 4 16 8 -3 -7 9 -5 14 12 -8 -9 15 -2 -4 -10 -19 20 -14 -11
right_child=1 2 3 5 -6 7 11 13 17 21 -12 -13 19 -15 -16 -17 -18 18 -20 -21 -22 -23
leaf_value=-458.11918159996543 -98.176075690683959 -321.27983137092116 28.094815969947625 -85.617278670714427 1.8139620525144675 355.43543943028345 -307.41397261295066 433.62716607046315 -336.42653365210924 482.11474377693378 2199.4459082558028 29.837476410617157 -198.16454346646535 -102.45130502747573 1522.67053511527 207.11488393413021 306.67116387919589 -226.36187043434512 -12.882599552787745 -115.59680963471624 246.02793043847575 31.632385235576805
leaf_weight=3927 337 2410 234 1723 2227 318 2520 468 1888 156 69 872 147 1013 114 408 340 1057 1116 1080 199 352
leaf_count=3927 337 2410 234 1723 2227 318 2520 468 1888 156 69 872 147 1013 114 408 340 1057 1116 1080 199 352
internal_value=-0.00154035 -0.00111627 -0.00131287 -0.000652881 0.000958229 -0.00121122 -0.0023047 0.000573991 -0.00172177 -0.000465518 0.00269042 -0.00165652 -0.0021329 -0.000274281 0.00204355 0.00104029 0.00434642 -0.00241558 -0.00153021 -0.000613353 0.00212069 0.00257647
internal_weight=22975 19048 18120 10892 2801 8091 7228 1799 6292 2231 928 4818 3946 1481 859 745 574 4061 2173 1426 346 508
internal_count=22975 19048 18120 10892 2801 8091 7228 1799 6292 2231 928 4818 3946 1481 859 745 574 4061 2173 1426 346 508
cat_boundaries=0 13 26 28 42 44 45 58 59 60 61 75 77 78 80 82 96 98 99 101
cat_threshold=3221225477 4096 0 0 8520460 65 0 1073742848 8 148224 511705088 285245953 1056 2097152 2181038080 1073742016 0 32768 2048 0 0 134217728 1073750032 0 8288 2371968 732402222 396889 33914896 86245472 536875009 1 16384 0 0 0 5120 0 32 2150112256 19 4 2448 65570 135 25165840 2108468 536875008 0 16777216 4 0 98304 536870912 1086464 4224 2100352 2147516419 1074790544 2 135 33849352 0 2147483648 0 134742016 553648128 0 24576 3072 12582920 16777232 2148536592 76548108 1 536887332 68098 71 2176843872 211084 100 2048 4096 8389636 0 2129920 270008384 33554432 0 134217728 536903680 8949771 539164672 0 68157964 1 1073744896 45478 2 1573888 4224
is_linear=0
shrinkage=0.045


Tree=46
num_leaves=23
num_cat=20
split_feature=0 2 3 0 0 3 0 2 0 0 5 1 3 3 3 2 0 5 3 0 0 3
split_gain=9.28179 6.99068 5.97399 6.16984 3.63159 3.22475 2.88752 2.90378 2.64977 2.10009 1.88054 1.78069 1.73628 1.69996 1.68462 1.59596 1.57662 1.32183 1.10709 1.08267 1.03782 1.27501
threshold=0 1 2 3 4 5 6 7 8 9 5.9622923416208602 10 11 12 13 14 15 4.816232960488728 16 17 18 19
decision_type=9 9 9 9 9 9 9 9 9 9 10 9 9 9 9 9 9 10 9 9 9 9
left_child=18 5 4 -4 -3 16 -5 8 10 12 14 -9 -6 -13 15 -8 -2 -11 -1 -19 -10 -22
right_child=1 2 3 6 9 -7 7 11 20 17 -12 13 -14 -15 -16 -17 -18 19 -20 -21 21 -23
leaf_value=-135.1969569448768 -10.845553197167785 -157.04025202173659 -355.00014461829187 -208.34540344879329 -150.74928622711144 -3.732673709713286 299.49325144338576 -394.39766513606605 109.49006966526011 -19.479667005359051 136.69404247377756 432.15477866465005 177.53209938922427 -182.74827536285241 -323.49817539236255 -159.63224678115949 558.44109670074965 -85.506851572442002 -472.44149861898609 90.32274688787308 -47.875720448759218 29.493393183625287
leaf_weight=381 101 1687 3330 2237 196 411 238 1137 387 2460 207 110 556 499 861 789 385 215 3372 1121 653 1642
leaf_count=381 101 1687 3330 2237 196 411 238 1137 387 2460 207 110 556 499 861 789 385 215 3372 1121 653 1642
internal_value=-0.00152076 -0.0011188 -0.00130924 -0.00189266 -0.000176486 0.00273762 -0.00126197 -0.000780185 -0.000203906 0.000485525 -0.00139891 -0.00234471 0.00263874 -0.000355074 -0.00185238 -0.00059336 0.00518675 5.19947e-05 -0.00356534 0.00119058 0.000731625 0.000360857
internal_weight=22975 19222 18325 12090 6235 897 8760 6523 4777 4548 2095 1746 752 609 1888 1027 486 3796 3753 1336 2682 2295
internal_count=22975 19222 18325 12090 6235 897 8760 6523 4777 4548 2095 1746 752 609 1888 1027 486 3796 3753 1336 2682 2295
cat_boundaries=0 14 15 17 30 44 46 60 61 75 88 90 92 94 96 97 109 111 125 138 140
cat_threshold=3221225477 0 0 0 8519948 65 0 1073742848 8 21248 511705104 285213185 67109920 16 224 1410859408 82308 16777216 15476 2147483648 2097152 17301504 536871172 512 114688 536870912 8388610 1073741824 34960 2147483648 20480 4 0 8196 1572864 33554432 0 134283264 536870912 1149272138 555815040 2130176 1048580 3 2283323988 4132 4112 1073741824 4096 268435648 135266880 50335744 256 8192 32768 5377025 16781440 1049600 1 1 20 8 35651584 0 8705 268451840 0 128 134217728 72708 2654216 2097152 2097152 10520588 6 35684352 33558544 4096 0 0 6144 0 0 0 132096 0 3072 8396929 4 3072 0 16512 4558880 2 2294572096 145920 16 0 0 0 0 0 0 0 0 0 0 0 2752512 400 258 262144 25436160 1 0 0 256 0 8192 0 0 0 20 16384 4 33570816 8519680 0 4 1073807360 0 0 0 0 32 65536 524548 4352 2718382158 393224
is_linear=0
shrinkage=0.045


Tree=47
num_leaves=23
num_cat=20
split_feature=0 4 3 0 0 5 3 3 0 0 0 0 3 0 1 3 0 3 0 5 2 0
split_gain=9.23956 6.31624 6.669 5.75687 5.42693 5.81037 5.25056 4.89316 3.63447 3.05381 2.75886 2.70807 2.18788 2.16826 1.75691 1.74515 1.62676 1.5625 1.71171 1.54282 1.50879 2.47021
threshold=0 1 2 3 4 4.2121001622835372 5 6 7 8 9 10 11 12 13 14 15 16 17 4.6298509007569537 18 19
decision_type=9 1 9 9 9 10 9 9 9 9 9 9 9 9 9 9 9 9 9 10 9 9
left_child=-1 2 4 7 -2 10 9 19 -7 -5 -6 -8 -10 -9 15 -12 -4 -13 -19 -3 -11 -22
right_child=1 3 16 6 5 8 11 13 12 20 14 17 -14 -15 -16 -17 -18 18 -20 -21 21 -23
leaf_value=-384.68949393978977 -74.298869926848795 138.91702107109833 -312.93214203743901 -201.8165592630418 -112.93098774197315 996.48254013715939 -387.73361664573315 870.72968773887249 417.14830754266723 -410.10578371451032 -44.614506724451573 -331.8593319286731 60.836798893871659 -33.421720175773856 -2.6044804322364881 816.60711903740969 -101.90348908900262 -247.24936638781196 -30.877041360511335 720.38132309581295 419.95668891092424 5.348046277471127
leaf_weight=3979 1267 115 535 940 736 209 2729 116 546 336 101 1220 584 1334 347 286 1810 2082 1726 114 353 1510
leaf_count=3979 1267 115 535 940 736 209 2729 116 546 336 101 1220 584 1334 347 286 1810 2082 1726 114 353 1510
internal_value=-0.00147963 -0.0010644 8.33712e-05 -0.00165123 0.00118224 0.0022827 -0.00202805 0.000801004 0.00443288 -0.000469852 0.000336276 -0.00265691 0.00330998 -0.00018468 0.0022681 0.00431955 -0.00182329 -0.002025 -0.0015644 0.00674066 0.000449795 0.000952799
internal_weight=22975 18996 6421 12575 4076 2809 10896 1679 1339 3139 1470 7757 1130 1450 734 387 2345 5028 3808 229 2199 1863
internal_count=22975 18996 6421 12575 4076 2809 10896 1679 1339 3139 1470 7757 1130 1450 734 387 2345 5028 3808 229 2199 1863
cat_boundaries=0 13 14 16 29 43 45 47 60 73 87 101 103 115 117 119 132 134 147 148 161
cat_threshold=3221225477 16 0 0 8519948 65 0 1073742848 536870920 4868 444596224 285213185 132128 2 1220052176 113044 81920 33685504 1610616960 4609 2147483648 0 64 0 134221824 1073750033 65576 2148016224 2125826 0 29700 0 0 1638400 256 512 268500992 4 67 1157627904 2150137860 8388610 3 2219856176 81920 536881172 34 2129920 0 0 0 32768 1024 0 0 0 8388608 0 8192 67108880 8654848 0 0 2105344 1209532416 33554432 0 134217728 98304 15253504 603984000 2102528 67108864 2129920 67110912 0 0 134217728 536870912 0 0 0 13107208 0 1048576 2214625304 4 39845904 7168 0 2097152 268992512 536871936 0 98304 0 13271050 67108880 1081472 2214593024 1 1209533504 6272 81920 0 1073741824 0 0 0 0 0 134217728 0 0 96 212 3072 1048576 4480 0 12292 0 2097152 0 0 0 8192 0 14812160 83886080 1049600 26628 671221764 165977 25300992 270340 0 128 150995520 4 0 134242304 65536 1064960 1090519168 1300 1605660 2 2129936 0 0 0 32768 0 0 0 0 2 0 1048580 2147483660
is_linear=0
shrinkage=0.045


Tree=48
num_leaves=23
num_cat=18
split_feature=0 0 3 0 0 2 0 0 5 0 0 3 3 5 4 5 3 4 3 5 3 1
split_gain=8.91782 5.85714 5.61455 3.27841 2.91902 2.86745 3.04753 2.65435 2.41008 4.13923 2.91261 2.60241 2.31501 1.98881 2.69948 1.55774 1.52534 1.49262 2.46152 1.50251 1.32542 1.33634
threshold=0 1 2 3 4 5 6 7 4.9308638091439496 8 9 10 11 5.9175479584402915 12 5.2496487501035594 13 14 15 4.4367340276668159 16 17
decision_type=9 9 9 9 9 9 9 9 8 9 9 9 9 10 1 10 9 1 9 8 9 9
left_child=-1 7 4 -4 -3 8 -7 15 10 -10 -5 -11 -12 16 -15 -2 -9 18 19 -6 -8 -22
right_child=1 2 3 5 17 6 20 13 9 11 12 -13 -14 14 -16 -17 -18 -19 -20 -21 21 -23
leaf_value=-365.61756107968404 1858.0625837936022 -340.01929117473168 -186.88042754800779 -143.57290891368325 307.7841737370378 -641.14383507155412 -175.90596329157137 -55.659414325114092 -78.364793730131623 399.88170668114071 104.67636823882636 83.399725070956165 -15.253143634768719 1591.2669331779762 16.873098914546645 262.55062102946249 43.224001252571171 -183.90178600477063 -119.46313525955998 685.90417354639953 60.062362220613792 -252.28809460594746
leaf_weight=4165 53 2299 1917 2240 114 678 597 758 740 305 786 1349 1458 57 121 68 886 2845 865 98 359 217
leaf_count=4165 53 2299 1917 2240 114 678 597 758 740 305 786 1349 1458 57 121 68 886 2845 865 98 359 217
internal_value=-0.0014953 -0.00107587 -0.00134555 -0.000716083 -0.0024193 -0.000344412 -0.00191063 0.00125908 7.96796e-05 0.00123205 -0.000535668 0.00247419 0.000610371 0.000804797 0.0053 0.00740977 0.000317131 -0.00166091 -0.000237721 0.00397768 -0.000505064 0.00102551
internal_weight=22975 18810 16867 10646 6221 8729 1851 1943 6878 2394 4484 1654 2244 1822 178 121 1644 3922 1077 212 1173 576
internal_count=22975 18810 16867 10646 6221 8729 1851 1943 6878 2394 4484 1654 2244 1822 178 121 1644 3922 1077 212 1173 576
cat_boundaries=0 13 26 28 42 55 56 69 81 95 109 111 113 114 116 117 119 121 123
cat_threshold=3221229573 0 0 268435456 8519948 1 0 1073742848 536870920 8393476 444596224 285213185 132128 2097152 58851360 536871104 17 1073774592 2048 0 0 134217728 1073741872 40 8288 2126720 721924646 396891 4194368 65536 0 40960 1638400 570425344 0 134217728 32768 16793603 1159925888 32784 68681728 1 8388624 2374676 0 2097152 134742016 0 0 65536 0 1213450 67108880 3200 2147483649 116 33587200 4100 0 128 0 0 0 73728 0 0 0 2304 2147516444 0 0 0 0 0 0 0 0 0 0 0 8288 0 67124224 1 0 134217728 4096 0 8192 4 132104 0 1573892 8390658 2 8 27668 0 2097152 2550136832 1088 128 98304 2048 6850624 536870912 3145728 2147516428 4 1074791808 49152 2159542480 65792 2 2212483684 264200 2 134217728 2064 13648960 16516 0 1024
is_linear=0
shrinkage=0.045


Tree=49
num_leaves=23
num_cat=21
split_feature=0 2 3 0 0 0 2 0 5 0 2 3 0 0 0 3 0 4 0 1 3 3
split_gain=8.65947 6.72719 5.91485 6.8744 3.7133 2.94013 3.40923 2.4947 2.42375 2.22521 2.20362 2.5332 1.86994 1.84656 1.7689 1.87949 1.71366 2.05694 1.61055 1.5775 1.73883 1.42547
threshold=0 1 2 3 4 5 6 7 5.9622923416208602 8 9 10 11 12 13 14 15 16 17 18 19 20
decision_type=9 9 9 9 9 9 9 9 10 9 9 9 9 9 9 9 9 1 9 9 9 9
left_child=-1 2 4 -4 -2 -5 7 8 -7 -3 11 16 -13 -12 -8 -16 17 -6 -9 20 -20 -11
right_child=1 9 3 5 10 6 14 18 -10 21 13 12 -14 -15 15 -17 -18 -19 19 -21 -22 -23
leaf_value=-433.8531951037952 -158.05702914749364 556.86731444635905 -343.2969720032026 -194.29746790584935 334.96659810140159 -150.72573010607425 -736.08119941845018 -1.9881757853664102 265.71071780304248 216.18598345476047 87.397777636232249 -174.22142391690312 111.17119930796365 -22.752956438072193 -285.83242857248371 36.80704568792568 361.51407084857527 109.0464439909734 345.73116151759359 -78.384523270663749 48.760352639513854 -12.599412430849565
leaf_weight=3402 1636 266 3137 2833 43 1811 674 1366 210 235 546 230 421 3272 477 487 436 58 278 291 439 427
leaf_count=3402 1636 266 3137 2833 43 1811 674 1366 210 235 546 230 421 3272 477 487 436 58 278 291 439 427
internal_value=-0.00144242 -0.001076 -0.00126266 -0.0018588 -0.000183951 -0.00121446 -0.000649877 5.10444e-06 -0.00115322 0.00264255 0.000425069 0.0021075 0.000196832 -0.000103395 -0.00239455 -0.001125 0.00436885 0.0095177 0.000992036 0.00234706 0.00347531 0.00118843
internal_weight=22975 19573 18645 12003 6642 8866 6033 4395 2021 928 5006 1188 651 3818 1638 964 537 101 2374 1008 717 662
internal_count=22975 19573 18645 12003 6642 8866 6033 4395 2021 928 5006 1188 651 3818 1638 964 537 101 2374 1008 717 662
cat_boundaries=0 13 14 16 30 44 58 59 73 85 86 88 101 114 127 129 139 140 153 155 157 159
cat_threshold=3221229573 0 0 268435456 8520460 0 256 1073742848 8 772 444596224 285245953 67240992 23 1410859472 82310 16777216 15476 2147483648 0 17301568 536871173 512 114688 536870912 8392706 1140850688 144 0 1 278528 81924 0 0 270008320 33554432 128 134217728 536875008 8437834 555946112 2097408 1048580 2 12582920 1107296256 0 2097216 135266304 16781312 0 8192 32768 5393417 16777360 1051648 2147483649 16 20 16 18874368 0 8704 268451840 64 128 134217728 72708 2654208 2097152 2101248 10521100 6 0 4128 0 0 0 0 0 0 536870912 0 0 2147491904 16 16 65540 0 11296 0 0 0 0 0 0 0 4096 0 2147483664 16 2129920 50331648 0 0 0 0 0 0 1024 0 0 3072 8397441 33587200 131072 0 128 0 33554432 0 0 0 0 0 260 32796 188891150 133657 0 7168 0 0 0 0 0 0 0 4096 4 294912 2214658048 67112961 32768 2147483648 0 0 0 0 0 536870912 2147483648 1073298 786532 3202 560218146 24 134775312 20480
is_linear=0
shrinkage=0.045


Tree=50
num_leaves=23
num_cat=20
split_feature=0 3 0 0 0 0 3 0 0 5 2 3 1 0 3 3 1 5 4 2 3 0
split_gain=8.45033 5.78211 5.14757 4.72498 2.73416 2.73094 2.31518 3.28875 2.49994 2.93852 2.0986 2.02831 1.70055 1.65119 1.49035 1.47646 1.40932 1.62558 1.37612 1.29249 1.25896 1.33048
threshold=0 1 2 3 4 5 6 7 8 5.2390944889447963 9 10 11 12 13 14 15 6.590987390102673 16 17 18 19
decision_type=9 9 9 9 9 9 9 9 9 10 9 9 9 9 9 9 9 10 1 9 9 9
left_child=-1 3 -3 15 18 -5 7 11 -8 -10 12 -7 20 -12 -15 -2 -16 -18 -4 -17 21 -6
right_child=1 2 4 5 10 6 8 -9 9 -11 13 -13 -14 14 16 19 17 -19 -20 -21 -22 -23
leaf_value=-371.65251948713257 386.69115881241396 -330.61024409922283 528.2312949409029 -168.85063080412002 -47.755568113062395 4.050162174787749 -96.858376477163276 5.0750018333240368 -17.304630775891734 149.94104481162935 -256.69513429875315 504.22816669103372 -161.65789439236622 -183.14174984779859 238.39835877374105 387.91149643434568 -42.972423307313882 209.62486111839317 -0.2465287278331193 -190.70036208928281 -32.556955805364773 453.63892158143119
leaf_weight=3692 303 2612 256 1598 122 127 2123 1181 2206 526 3027 262 453 1035 108 109 1249 42 890 187 494 373
leaf_count=3692 303 2612 256 1598 122 127 2123 1181 2206 526 3027 262 453 1035 108 109 1249 42 890 187 494 373
internal_value=-0.00144634 -0.00106652 -0.00176703 -0.000199098 -0.00119967 -0.000488925 -7.34048e-05 0.00142225 -0.000559381 0.000341107 -0.00153775 0.00494888 -6.19089e-06 -0.00194126 -0.00105601 0.0036162 -9.24887e-05 -0.00052149 0.000831605 0.00122727 0.00103846 0.00261834
internal_weight=22975 19283 10661 8622 8049 8023 6425 1570 4855 2732 6903 389 1442 5461 2434 599 1399 1291 1146 296 989 495
internal_count=22975 19283 10661 8622 8049 8023 6425 1570 4855 2732 6903 389 1442 5461 2434 599 1399 1291 1146 296 989 495
cat_boundaries=0 14 16 29 42 56 70 71 84 98 99 100 102 116 118 120 122 123 124 126 139
cat_threshold=3221229637 4096 0 268435456 8519948 64 0 1073742848 8 8388868 444596224 285212673 67108896 16 3558359512 90502 25165832 11348 2147483648 0 151519232 4 512 49152 536870912 4098 1140850704 1081984 2147484672 44040192 33816688 0 1 32768 0 0 0 0 0 0 10304 2097281 2375680 92405760 1 4 2416001024 1024 0 0 134217728 1073741872 536936456 536608 29442 2 4210688 81920 0 2129920 1638400 33554432 128 402653184 536875008 1073922120 1612910592 32768 1048580 3 1049040 32768 2048 0 0 0 536870912 0 0 0 5120 83886080 2150106128 2048 32768 16918528 1 8196 268435456 536870912 0 40960 32768 5248002 83886208 2150105872 35842 4 240 1048896 1611138116 68610 33554448 33554432 0 2097344 1049152 553648385 0 73728 3072 1196040 16777344 3344 8388633 1 184684582 396808 524304 73732 32 176 2 164 147063810 268816 0 0 0 0 32768 0 0 0 0 0 0 1040 16
is_linear=0
shrinkage=0.045


Tree=51
num_leaves=23
num_cat=20
split_feature=0 2 0 0 3 3 0 5 1 3 3 1 0 2 0 5 0 3 4 0 3 0
split_gain=7.96268 6.17355 5.43894 5.23774 4.25416 3.0533 3.03859 2.4518 2.20064 2.30391 2.16319 2.08992 2.01481 1.8733 2.07783 1.88666 1.70267 1.51588 1.36684 1.29479 1.32438 1.27732
threshold=0 1 2 3 4 5 6 5.4094089116575796 7 8 9 10 11 12 13 6.193383940289773 14 15 16 17 18 19
decision_type=9 9 9 9 9 9 9 10 9 9 9 9 9 9 9 10 9 9 1 9 9 9
left_child=18 3 10 17 13 7 -7 12 -9 -10 -3 -6 -5 -4 -15 -16 -14 -2 21 -8 -21 -1
right_child=1 2 4 5 11 6 19 8 9 -11 -12 -13 16 14 15 -17 -18 -19 -20 20 -22 -23
leaf_value=39.435915439851499 -156.90777311045386 2.1922209408925788 748.27685516213069 -263.09250825900398 189.75746189290453 -144.26040647527054 107.3040866210435 -112.45476020956075 384.38098031800183 23.324837718767334 -157.14969565712218 -226.63527774897992 -188.25766604302675 12.46279498746291 378.40462238016886 1986.8972577666118 0.57308000346044108 -396.55147552689647 -457.69446068728587 79.1051131636722 -3.3046977172362983 -389.40686032782025
leaf_weight=346 1978 935 112 2084 678 1526 720 421 116 300 942 407 1491 433 917 88 1107 2199 2670 147 2951 407
leaf_count=346 1978 935 112 2084 678 1526 720 421 116 300 942 407 1491 433 917 88 1107 2199 2670 147 2951 407
internal_value=-0.00143655 -0.00108383 0.000375994 -0.00152173 0.00169154 -0.000998484 -0.00023021 -0.00174028 0.000498807 0.0027757 -0.00146983 -0.000471742 -0.00214432 0.00319782 0.00270621 0.00382743 -0.00128966 -0.00287575 -0.00343625 0.000448824 4.63012e-05 -0.00174636
internal_weight=22975 19552 4512 15040 2635 10863 5344 5519 837 416 1877 1085 4682 1550 1438 1005 2598 4177 3423 3818 3098 753
internal_count=22975 19552 4512 15040 2635 10863 5344 5519 837 416 1877 1085 4682 1550 1438 1005 2598 4177 3423 3818 3098 753
cat_boundaries=0 13 14 27 41 43 45 58 60 61 63 65 79 80 93 107 109 110 123 124 137
cat_threshold=3221229637 2128 0 268435456 8519948 512 0 1073742848 8 131332 444596224 285213185 67108896 7 0 67200004 0 2147483648 152043520 536870912 0 268500992 99332 2098178 67108864 2786328 155664 131072 1073820676 0 512 524288 33554496 256 0 536872960 8411138 1073872896 1081616 1049608 17 3367519444 247940 197644806 433753 4194304 2359296 0 2129920 269484032 0 0 134242304 4096 5275737 18944144 4 8423430 1589312 1090 138428416 33743568 283444 525408 3075 27295752 33816576 2147483648 0 512 536870912 0 122880 0 8 83951760 7296 2149618192 4 32 262144 16777248 1 0 589824 0 0 0 536870912 64 0 2148532224 2155872256 38010896 131072 0 2097281 135266304 0 0 0 33792 5767168 4128 2147483652 8390661 2 3717726704 49542 2 2129928 100663296 0 1 64 4096 0 0 0 67108864 32 7168 2097281 448 0 2064 0 0 8388608 0 0 0 0 131072 0 512 67108864
is_linear=0
shrinkage=0.045


Tree=52
num_leaves=23
num_cat=19
split_feature=0 4 3 0 3 0 0 5 3 0 0 2 5 0 0 3 0 5 1 3 3 0
split_gain=8.42232 5.91811 5.90835 4.84208 4.34897 4.32897 3.12274 2.77308 2.90888 2.47126 2.32661 2.83387 2.24898 2.09672 1.93204 1.85567 2.86089 1.68109 1.731 2.11939 1.67404 1.60435
threshold=0 1 2 3 4 5 6 6.1147871526576338 7 8 9 10 5.4531797844617023 11 12 13 14 3.8176519431297078 15 16 17 18
decision_type=9 1 9 9 9 9 9 10 9 9 9 9 10 9 9 9 9 8 9 9 9 9
left_child=15 2 5 -3 10 7 -6 8 -2 20 -5 -12 -10 -7 -4 16 -1 -15 19 -19 -8 -13
right_child=1 3 14 4 6 13 9 -9 12 -11 11 21 -14 17 -16 -17 -18 18 -20 -21 -22 -23
leaf_value=131.89113158632148 79.783864338792924 -333.04543720561418 -301.54075747205019 -95.224409991329352 -262.15127769799648 -68.186935227314876 -334.60916287228849 940.05872006396521 334.63874022175327 0.82486647021108361 -188.75601697651194 424.17206424291197 1402.2259984582404 -51.647837970635841 -61.619313984662661 -393.69545111327682 -238.56486219148394 10.617675837297757 50.833869516641194 347.82757839336875 -69.320168494564612 17.065759214910326
leaf_weight=153 613 2316 642 950 2855 841 926 64 284 2193 582 544 36 700 1875 3058 646 179 1102 201 1078 1137
leaf_count=153 613 2316 642 950 2855 841 926 64 284 2193 582 544 36 700 1875 3058 646 179 1102 201 1078 1137
internal_value=-0.00139542 -0.00100633 9.15267e-05 -0.00157749 -0.00115379 0.00116071 -0.0017786 0.00371506 0.0031139 -0.000991092 0.000219069 0.00100286 0.00650602 0.000306918 -0.00161388 -0.00331132 -0.00132614 0.00104193 0.00190431 0.00447704 -0.00212947 0.00193768
internal_weight=22975 19118 6537 12581 10265 4020 7052 997 933 4197 3213 2263 320 3023 2517 3857 799 2182 1482 380 2004 1681
internal_count=22975 19118 6537 12581 10265 4020 7052 997 933 4197 3213 2263 320 3023 2517 3857 799 2182 1482 380 2004 1681
cat_boundaries=0 14 15 17 31 33 46 59 61 75 89 90 104 117 119 129 131 133 135 148
cat_threshold=3221229637 4096 0 268435456 8519948 576 256 1073742848 8 4356 444596224 285213185 32 16 2 1220052176 47508 8519680 2064 0 2129984 17301504 587202560 512 134225920 536870912 8964096 1140850704 32768 68683520 1 2487253328 16930 2392064 35651616 0 2097152 268468224 1024 0 8192 0 15352832 0 9344 1812 23068688 33817600 0 0 403734528 1024 0 114688 32768 4326408 16777216 1048832 2147516444 11010064 8324 33849352 8260 536870912 8208 2147483648 257 0 0 1024 1048578 2232448 3220 2107393 4 33570816 77602848 4096 513 135266304 1028 0 0 68608 3145736 536871040 2098304 0 6 3 0 16870420 0 0 1114112 256 0 268500992 0 67 1090519040 2654228 16386 3 0 8196 0 2097152 1048576 0 0 73728 536870912 14812160 83886080 1048576 26628 2097368 65798 0 4096 0 0 0 0 0 0 0 4096 1611450372 73736 9437200 8196 170230790 167113 2129936 33554432 0 0 268468224 0 0 0 0 0 0 2149058816 10254
is_linear=0
shrinkage=0.045


Tree=53
num_leaves=23
num_cat=20
split_feature=0 2 0 2 0 0 3 5 0 0 3 3 0 3 3 3 5 3 1 3 0 3
split_gain=8.31859 5.08666 4.73447 4.44226 3.94289 3.19186 3.33457 2.47874 4.64977 4.23142 5.79769 2.36641 2.30695 2.06833 1.95616 1.7126 2.84728 1.40414 1.47058 1.38369 1.82835 1.2046
threshold=0 1 2 3 4 5 6 4.9163179057820896 7 8 9 10 11 12 13 14 2.249904835165133 15 16 17 18 19
decision_type=9 9 9 9 9 9 9 8 9 9 9 9 9 9 9 9 10 9 9 9 9 9
left_child=19 2 11 4 13 -5 -7 8 15 21 -11 -2 -3 -4 -14 16 -6 -10 -19 20 -1 -9
right_child=1 12 3 5 7 6 -8 9 17 10 -12 -13 14 -15 -16 -17 -18 18 -20 -21 -22 -23
leaf_value=42.066878863916557 -66.523756208499947 -5.6301158427151687 -10.716170259055513 -671.56704721545282 1101.5407034858906 -269.75807980333002 20.293277730399016 9.6048322423590342 0.53146165054330918 417.03402217172999 11.788674064716812 -308.05028518786798 577.51876046425309 -210.71370148185852 125.95655617531422 -178.65853059416719 -46.780612080107545 205.35121996199572 3.6265837994918231 -394.57389916980253 -236.87330706330653 -110.61658877654355
leaf_weight=249 1149 364 1187 1119 43 1262 1203 621 1312 794 979 2464 231 1689 325 1458 1051 634 433 3031 831 546
leaf_count=249 1149 364 1187 1119 43 1262 1203 621 1312 794 979 2464 231 1689 325 1458 1051 634 433 3031 831 546
internal_value=-0.00137779 -0.000976002 -0.0011438 -0.000775257 -0.00031662 -0.00214488 -0.00122628 0.000204934 -0.000411414 0.00123895 0.00261428 -0.00259821 0.00226931 -0.00173892 0.00407218 -0.00174103 -0.00038246 0.00101819 0.00222289 -0.00320992 -0.00177198 -0.000866413
internal_weight=22975 18864 17944 14331 10747 3584 2465 7871 4931 2940 1773 3613 920 2876 556 2552 1094 2379 1067 4111 1080 1167
internal_count=22975 18864 17944 14331 10747 3584 2465 7871 4931 2940 1773 3613 920 2876 556 2552 1094 2379 1067 4111 1080 1167
cat_boundaries=0 13 14 28 29 43 56 58 72 85 87 89 101 103 105 107 109 111 113 126 128
cat_threshold=3221229637 4096 0 268435456 8388876 64 0 1073742848 8 4868 1518469120 285213184 67109920 23 537001984 26660 33554432 0 18481152 33554436 640 49152 536870912 8437762 67112976 32785 1048576 1 20 16777216 2163792 0 2129936 16384 553648129 256 402726912 32768 70386728 0 3149824 2147483648 18 46170112 131072 0 128 0 0 0 65536 0 2147483648 16777216 2304 32796 196494916 412361 6586392 2147483648 4096 4 402719296 3072 0 64 2048 4720704 18874368 0 36892 4 0 92274688 1 0 402653184 4352 0 0 1028 1 16842752 2147484672 18946 1213253056 313988 1074832536 81924 0 1024 0 2147483648 32768 0 0 0 0 0 0 2752552 3302507920 254272 2282766864 36 2696418416 61840 1229118596 177052 524384 1152 2654672 65798 0 4096 0 0 0 0 0 0 0 4096 0 0 1024 730335056 4228
is_linear=0
shrinkage=0.045


Tree=54
num_leaves=23
num_cat=18
split_feature=4 0 3 1 3 5 0 3 0 3 0 5 2 3 0 0 5 0 3 3 5 1
split_gain=7.71125 7.15356 6.25968 4.89918 4.73213 3.95841 2.93446 3.95566 2.92897 2.67717 2.18947 1.98028 1.78876 2.91178 2.1613 1.56116 1.51762 1.44903 1.357 1.34996 1.28964 1.87205
threshold=0 1 2 3 4 4.1026092131977068 5 6 7 8 9 5.8536372009884516 10 11 12 13 5.4094089116575796 14 15 16 5.705446369702539 17
decision_type=1 9 9 9 9 8 9 9 9 9 9 10 9 9 9 9 10 9 9 9 10 9
left_child=2 -2 3 5 8 17 7 -6 -3 16 -4 19 14 -14 -8 18 -7 -1 -5 -11 -16 -22
right_child=1 4 10 15 6 9 12 -9 -10 11 -12 -13 13 -15 20 -17 -18 -19 -20 -21 21 -23
leaf_value=-116.72667626426794 -393.4906042530061 -10.359859167801323 -281.02790121602544 133.80823402961244 298.58644156686375 292.14234220359015 -218.1858405702973 -6.9780514432054277 -266.17781788592259 1.1528045992152822 -57.228453275812257 733.11035611291641 154.77478513672213 -111.63542555483664 -75.847446490777912 -75.930243093819414 1737.1506049182456 84.214906333866963 -34.125102600865446 405.88658755163129 100.40697285867807 -15.555079577956594
leaf_weight=391 3166 1206 1162 505 311 177 1373 754 4747 375 1486 127 572 518 2487 1374 62 514 811 479 116 262
leaf_count=391 3166 1206 1162 505 311 177 1373 754 4747 375 1486 127 572 518 2487 1374 62 514 811 479 116 262
internal_value=-0.00139542 -0.00196719 -0.000206766 0.000759788 -0.0014733 0.00236897 -0.000620376 0.00152507 -0.00238617 0.00405074 -0.00195902 0.00289577 -0.00105169 0.000571687 -0.00146965 -0.000516285 0.00826494 0.000124034 0.000589607 0.00213434 -0.000758604 0.00168158
internal_weight=22975 15512 7463 4815 12346 2125 6393 1065 5953 1220 2648 981 5328 1090 4238 2690 239 905 1316 854 2865 378
internal_count=22975 15512 7463 4815 12346 2125 6393 1065 5953 1220 2648 981 5328 1090 4238 2690 239 905 1316 854 2865 378
cat_boundaries=0 1 14 16 18 20 33 35 48 50 63 64 66 80 94 107 109 111 113
cat_threshold=2 3221225473 0 0 2097152 25822028 320 0 134217728 536870912 8438016 503316480 285212672 68158496 3367537808 113044 1611191524 2312 1804567172 433369 32784 1124466692 536870912 1 2147516416 0 0 64 0 1073741826 40 2148014080 10370 268437528 546 65536 94371904 1677725697 8213 0 4 0 0 3072 1075838992 2228256 2150113312 16387 1209041920 2048 0 13316 0 2097152 0 0 0 1073815552 536870912 14815488 520093696 17826816 2147502092 7 2147505168 81924 0 8401920 0 32768 1074790400 570425348 512 8192 2048 2756625 2297872 277 8388620 4 8 68640 0 0 524288 0 0 134217728 536870912 1032 67108864 2148542208 2214592512 7 32768 0 0 0 8388608 0 0 0 32768 13107200 0 0 32792 1216348304 112640 8388624 32772 1048576 67584
is_linear=0
shrinkage=0.045


Tree=55
num_leaves=23
num_cat=19
split_feature=0 4 3 3 0 0 0 0 0 3 5 5 3 3 0 0 5 2 3 0 0 3
split_gain=7.3204 5.27098 4.71001 4.68766 4.06083 4.00256 3.31163 3.02717 2.46077 2.58207 2.28149 1.96105 1.88507 1.72973 2.4475 1.86831 1.66964 1.62069 1.53164 1.44122 1.40512 1.73526
threshold=0 1 2 3 4 5 6 7 8 9 5.9039975907279691 3.6505739029280164 10 11 12 13 6.0461887465411452 14 15 16 17 18
decision_type=9 1 9 9 9 9 9 9 9 9 10 8 9 9 9 9 10 9 9 9 9 9
left_child=12 3 7 -2 -5 -4 -7 -3 9 -6 -11 17 19 14 -9 -15 -17 -10 -8 -1 -13 -22
right_child=1 2 5 4 8 6 18 13 11 10 -12 20 -14 15 -16 16 -18 -19 -20 -21 21 -23
leaf_value=9.5713470295691163 -180.18685717569397 -179.80341555137846 -313.69009452965412 -63.187640949234961 46.680111819665164 -235.3521957151755 -101.81436267517496 327.90360852089196 389.85200801273498 529.9786255436909 2170.4397937690383 23.482098511896627 -401.75233325297251 -149.78703969356866 16.83130633538374 -5.4112446255976696 317.76592723515876 -128.69254819183837 12.760654514170234 -300.68623495103202 506.77454248321209 106.05755399772787
leaf_weight=492 1579 1141 2136 1165 265 2758 1931 217 198 279 35 1119 2665 617 779 1663 180 671 1369 563 132 1021
leaf_count=492 1579 1141 2136 1165 265 2758 1931 217 198 279 35 1119 2665 617 779 1663 180 671 1369 563 132 1021
internal_value=-0.00136996 -0.00101482 -0.00154456 3.20125e-05 0.000721359 -0.00219023 -0.00159242 -0.000387612 0.00144694 0.00411929 0.00684662 0.000940532 -0.00319534 0.000277681 0.00184821 -0.000364079 0.000356603 -0.000873135 -0.000625001 -0.00153936 0.00163852 0.0027309
internal_weight=22975 19255 12791 6464 4885 8194 6058 4597 3720 579 314 3141 3720 3456 996 2460 1843 869 3300 1055 2272 1153
internal_count=22975 19255 12791 6464 4885 8194 6058 4597 3720 579 314 3141 3720 3456 996 2460 1843 869 3300 1055 2272 1153
cat_boundaries=0 13 14 16 18 32 46 60 74 87 89 91 92 105 118 119 121 134 148 150
cat_threshold=3221225540 12288 0 268435456 8388876 64 0 1073742848 8 2308 1518469120 285212672 67109920 2 2488289658 90114 591860006 411240 4194312 16404 0 0 1114112 536870912 0 268500992 536903680 67113026 620756992 2654212 8404994 1 14680065 33556500 0 2097152 688128 536871936 0 98304 536870912 13275136 67108880 33280 2147516544 1 50466840 263168 0 128 150994944 1 0 134242304 32768 1048584 16777344 1048980 1057308 4 8404992 2080 4096 2097152 1075314688 33554436 128 134217728 536937472 11060224 67112960 4353 4116 2 35913728 32 0 2097152 32768 1024 0 0 0 557056 0 1024 8960 2157462032 73728 2655632 65796 335544600 32768 33554436 0 0 0 536870912 0 0 0 4096 0 2148565008 1 0 18875392 0 1 402653184 536870912 0 8192 4096 4098 16777216 1084436 1 48 176853508 428572 0 12288 0 0 8388608 0 0 0 0 0 0 0 1024 0 58721280 1 0 0 256 0 0 4 2229256 0 2147483920 32780 2 1207992384 2048
is_linear=0
shrinkage=0.045


Tree=56
num_leaves=23
num_cat=19
split_feature=0 2 0 0 3 0 3 0 0 3 0 3 0 3 3 5 5 0 5 0 3 4
split_gain=6.85967 4.81462 5.74349 4.29859 2.83159 3.12326 2.48882 2.3709 2.25755 2.05428 2.01862 2.08441 1.90907 1.8072 1.71998 1.65851 1.49515 1.38524 1.29598 1.83929 1.79453 1.64558
threshold=0 1 2 3 4 5 6 7 8 9 10 11 12 13 14 4.2972622671762819 3.4498615536424366 15 3.8176519431297078 16 17 18
decision_type=9 9 9 9 9 9 9 9 9 9 9 9 9 9 9 8 10 9 10 9 9 1
left_child=9 3 14 13 7 -6 8 -5 -4 17 11 -9 16 -2 -3 -13 -8 -1 19 -7 -21 -20
right_child=1 2 6 4 5 18 12 10 -10 -11 -12 15 -14 -15 -16 -17 -18 -19 21 20 -22 -23
leaf_value=52.373108098368959 -141.22587597548932 27.412952529122553 -141.19073788031753 -185.4990422234998 -103.05025434147052 -262.61245205474131 1675.2216337482564 -259.46790032915288 164.9454985794203 -396.13693926367142 7.9218092505709867 -157.93452962806845 171.80990326652466 -364.95464439855652 -177.1589014882417 16.090017042928956 1511.8952271603089 -196.14237263694636 263.21473355170889 -143.21484806764175 151.75143349399752 8.7739159012949077
leaf_weight=240 2245 501 315 1483 1479 347 36 1038 653 2737 1329 897 1528 1962 1313 1100 101 790 576 262 373 1670
leaf_count=240 2245 501 315 1483 1479 347 36 1038 653 2737 1329 897 1528 1962 1313 1100 101 790 576 262 373 1670
internal_value=-0.00133862 -0.000992249 0.000305785 -0.00138323 -0.000896083 -7.34276e-05 0.00164518 -0.00155684 -0.000174491 -0.00309249 -0.00102217 -0.00166147 0.00269678 -0.00259931 -0.00163636 -0.000799653 0.00764094 -0.00133877 0.00071111 -0.000649391 0.000799844 0.00130916
internal_weight=22975 19208 4447 14761 10554 4707 2633 5847 968 3767 4364 3035 1665 4207 1814 1997 137 1030 3228 982 635 2246
internal_count=22975 19208 4447 14761 10554 4707 2633 5847 968 3767 4364 3035 1665 4207 1814 1997 137 1030 3228 982 635 2246
cat_boundaries=0 13 14 27 41 43 57 59 73 86 88 102 104 117 119 121 133 146 148 149
cat_threshold=3221225540 12288 0 268435456 8388876 33554496 0 1073742848 8 16777472 1518469120 285212672 67240992 7 0 67128404 0 2147483648 152043520 536870912 0 268500992 99332 2100226 67108864 1736728 8208 541196288 66564 0 512 655360 0 256 8192 536872960 1234946 16777232 1082128 9437196 16 197644804 433741 41947152 2359296 4097 2138112 268435456 536872964 0 134234112 4096 12582921 2101248 2097156 2147486210 2 1935905640 760 16777224 33685504 0 2097152 1064960 16777473 512 114688 33792 67108864 603979904 4225 2150137985 1 32768 32 1 0 32768 0 0 0 0 4104 0 2097152 2048 2150138256 65796 44339201 2097152 0 144 134217728 536870912 0 0 0 15204360 4096 2147486724 6672 6 168235012 395272 2097152 0 0 0 0 0 0 0 0 8 0 320 33280 3587720536 50054 67113488 131364 0 12288 0 0 0 0 0 0 0 0 0 16777216 0 67108864 536870912 0 135266304 1024 0 65536 0 2621440 128 2048 45072 539492392 16514 2
is_linear=0
shrinkage=0.045


Tree=57
num_leaves=23
num_cat=20
split_feature=0 2 3 0 0 0 0 2 3 1 3 0 0 3 4 5 0 3 0 3 5 3
split_gain=6.61646 4.69332 4.34812 3.79032 3.65879 2.87175 2.43108 2.40219 2.38879 2.17994 2.17514 1.90183 1.89903 1.61186 1.57646 1.47524 3.78726 2.20235 2.14742 1.58788 1.46617 1.96702
threshold=0 1 2 3 4 5 6 7 8 9 10 11 12 13 14 4.7140145363037149 15 16 17 18 4.3107766033702406 19
decision_type=9 9 9 9 9 9 9 9 9 9 9 9 9 9 1 8 9 9 9 9 8 9
left_child=8 11 4 -4 -3 -5 -6 9 12 10 -7 -2 -1 -13 -9 18 -17 -18 -16 -20 -8 -22
right_child=1 2 3 5 6 7 20 14 -10 -11 -12 13 -14 -15 15 16 17 -19 19 -21 21 -23
leaf_value=95.992341642379955 -34.670255593980485 46.704489007849837 74.844941839394139 -165.76164286948895 -303.83635880749335 -262.95528422462201 -210.916892765413 -564.58250062755883 -351.21160620867664 -556.95328464553347 73.040123946861442 -19.354327616143657 -202.73679039834153 323.54586334723484 -143.094424379571 -63.273142191682766 -10.278334235473242 168.67909873917139 103.69622180624152 -16.836240009842257 6.9063625383554079 -168.17529691575345
leaf_weight=182 259 549 775 2209 2045 255 2331 234 2713 670 399 110 650 375 1440 921 577 1247 439 2062 1317 1216
leaf_count=182 259 549 775 2209 2045 255 2331 234 2713 670 399 110 650 375 1440 921 577 1247 439 2062 1317 1216
internal_value=-0.00133275 -0.00100453 -0.00114462 -0.00058372 -0.00198675 -0.0008097 -0.00226853 -0.000421876 -0.0031185 -0.00216916 -0.000297298 0.00247619 -0.00097038 0.00411972 -8.43923e-05 4.30611e-05 0.000843647 0.00202451 -0.000514711 0.000284718 -0.00171103 -0.000963906
internal_weight=22975 19430 18686 11228 7458 10453 6909 8244 3545 1324 654 744 832 485 6920 6686 2745 1824 3941 2501 4864 2533
internal_count=22975 19430 18686 11228 7458 10453 6909 8244 3545 1324 654 744 832 485 6920 6686 2745 1824 3941 2501 4864 2533
cat_boundaries=0 14 15 17 30 43 56 69 70 72 74 76 88 98 100 101 115 117 131 133 135
cat_threshold=3221225540 4096 0 268435456 8388876 33554496 0 1073742848 8 4352 1518469120 285212672 1049632 16 96 721918502 462457 2162704 1174667264 536875136 132 0 0 0 0 4 48 32 526400 2232577 4096 25296896 1 8725 268435456 1024 256 0 65536 1073741840 539033600 4 12544 4198400 8454148 0 33296 270073856 4 512 134217728 536870912 1149255682 606142464 3178628 67633152 8650752 2108516 536870912 2097280 655360 0 0 0 536870912 9601032 67112960 33296 2147483649 2 2623888 65798 2147500096 1120 82314240 16512 0 0 0 2147483648 32768 0 0 0 1024 0 0 655400 0 4096 0 0 0 0 0 0 0 4096 29360160 2176 1 0 16786464 1 2097152 0 536871168 0 8192 33792 132097 16781440 2147483664 18944 6 10494104 4354 32777 2115600 1 1 0 536871937 128 98304 98304 6850624 0 1 2147524620 4 8388760 258 151034370 1568
is_linear=0
shrinkage=0.045


Tree=58
num_leaves=23
num_cat=21
split_feature=4 0 3 3 0 0 0 0 5 0 0 3 0 3 0 0 1 3 0 3 0 2
split_gain=6.95691 6.78093 5.80515 4.50342 4.13948 2.99684 2.8481 2.77373 2.63548 3.95491 2.47598 2.41986 2.29014 2.25023 2.24226 2.02931 1.72746 1.28097 1.27222 1.47652 1.24491 1.14047
threshold=0 1 2 3 4 5 6 7 4.0689902272260703 8 9 10 11 12 13 14 15 16 17 18 19 20
decision_type=1 9 9 9 9 9 9 9 10 9 9 9 9 9 9 9 9 9 9 9 9 9
left_child=2 -2 4 5 -1 -3 -4 -5 10 -10 -6 15 -13 16 -7 -9 -12 20 -11 -20 -8 -17
right_child=1 3 6 7 8 14 17 11 9 18 13 12 -14 -15 -16 21 -18 -19 19 -21 -22 -23
leaf_value=-82.730740098629283 -354.9487329854436 -287.61718930779375 -272.49834897836803 -149.8986751513946 -162.23350048753596 -200.08771178708523 94.502271211482039 -92.372872025041971 602.51558111978648 -13.427742773113769 127.34360725449351 -119.23946046548323 7.094642246750599 226.91708882455225 -21.832051162146424 376.20387646030855 -163.64560939294265 -222.33701881736101 19.502673070677481 290.18367933264761 -45.093547815623722 104.90497547722579
leaf_weight=1020 3125 2331 835 1590 578 1749 241 225 346 471 334 1748 2307 457 1832 131 328 665 463 630 1095 474
leaf_count=1020 3125 2331 835 1590 578 1749 241 225 346 471 334 1748 2307 457 1832 131 328 665 463 630 1095 474
internal_value=-0.00129358 -0.00183666 -0.000164569 -0.00135991 0.00081774 -0.0022576 -0.00176334 -0.000537615 0.00153316 0.00268305 0.00024632 -4.59572e-06 -0.000459185 0.00147613 -0.00142903 0.00219121 -0.000213651 -0.00082936 0.00167322 0.00251267 -2.00307e-05 0.00353728
internal_weight=22975 15512 7463 12387 4627 5912 2836 6475 3607 1910 1697 4885 4055 1119 3581 830 662 2001 1564 1093 1336 605
internal_count=22975 15512 7463 12387 4627 5912 2836 6475 3607 1910 1697 4885 4055 1119 3581 830 662 2001 1564 1093 1336 605
cat_boundaries=0 1 14 16 18 31 44 57 70 83 96 97 110 112 126 139 141 143 157 159 172 173
cat_threshold=2 3221225472 0 0 2097152 25821516 64 512 134218752 536870912 8569088 503316480 268435456 68158496 1220052112 113044 1806664324 171225 0 29716 0 0 1048576 0 0 1342242816 12 67113218 864026624 2654212 8404992 12615697 33569844 0 0 268468224 1024 0 98304 32768 4722696 0 16814720 2147518472 0 12292 0 2097152 0 0 0 1073750016 536870912 14816512 520093696 17825792 2147510276 0 4160 0 32768 1207960064 33556484 256 8192 592896 2623488 2297872 769 2155872788 2129920 2048 0 0 8945664 536871936 0 0 0 12582912 0 0 67108880 32768 67110912 0 0 524544 536871936 0 0 0 12582920 0 1049088 67141656 335544592 42209280 2108416 536875008 8192 268435456 536870912 0 49152 4096 4199450 553648128 17867792 9 12091408 37248 52428804 262144 2147483648 128 134217728 536870912 0 8192 0 1049602 1090523280 1051920 8852 7 2097152 67108896 0 0 0 1024 0 65536 0 4194312 0 2097280 8 1610629252 3080 2701410912 131112 0 25165824 0 0 134217728 256 0 0 536870912 0 67108864 2147483920 0 4 8388752 260 0 1056 0 0 8388608 0 0 0 0 524288 0 1300 16 48
is_linear=0
shrinkage=0.045


Tree=59
num_leaves=23
num_cat=18
split_feature=2 1 3 0 0 3 0 5 3 3 2 0 3 0 1 0 5 0 3 5 3 5
split_gain=6.23678 9.02821 6.09279 4.46862 3.7838 3.35596 2.4575 2.00725 2.57411 2.13974 1.98929 1.88727 1.77517 1.76442 1.72725 1.50826 1.46105 1.42445 1.32426 1.22249 1.13002 1.21274
threshold=0 1 2 3 4 5 6 5.2176457913436556 7 8 9 10 11 12 13 14 6.2519020269174783 15 16 2.602003343538398 17 6.4052270920020655
decision_type=9 9 9 9 9 9 9 8 9 9 9 9 9 9 9 9 10 9 9 10 9 8
left_child=3 4 10 -1 -2 -5 7 9 -9 19 -3 -12 15 -14 18 -8 -15 -4 -7 -6 21 -13
right_child=1 2 17 5 6 14 12 8 -10 -11 11 20 13 16 -16 -17 -18 -19 -20 -21 -22 -23
leaf_value=-570.47509652907036 1349.3869445985649 254.54111967204355 -280.48584662021335 -255.29308629458299 400.11301636106936 -40.724967169919587 -34.724668736894976 332.20844153250658 -19.291097671464573 -103.4547987172329 -214.99523434677161 16.897758362486897 -10.038907403252971 43.730402934358317 -380.34585296166523 177.96839752430304 1551.4233682313111 -154.09776114058209 91.662424937725277 21.829544042943112 -81.927874380005036 -67.90323453585286
leaf_weight=2752 109 112 2444 1456 39 541 212 251 776 1853 915 2146 1906 1075 397 691 61 2550 581 364 1563 181
leaf_count=2752 109 112 2444 1456 39 541 212 251 776 1853 915 2146 1906 1075 397 691 61 2550 581 364 1563 181
internal_value=-0.00129945 -0.000870279 -0.00175547 -0.00258521 0.00032637 -0.00136341 0.000193922 -0.000714265 0.000931486 -0.00146679 -0.000627207 -0.000770709 0.000949582 0.00042436 0.000120508 0.00269016 0.00181881 -0.00286217 0.00102381 0.00148554 -0.000334445 0.000294355
internal_weight=22975 17248 9911 5727 7337 2975 7228 3283 1027 2256 4917 4805 3945 3042 1519 903 1136 4994 1122 403 3890 2327
internal_count=22975 17248 9911 5727 7337 2975 7228 3283 1027 2256 4917 4805 3945 3042 1519 903 1136 4994 1122 403 3890 2327
cat_boundaries=0 1 3 5 18 30 32 45 47 49 50 64 66 79 81 94 108 110 112
cat_threshold=3 37988 3200 3365406104 90500 3267526656 135172 0 0 8388868 33554432 0 65536 536870912 2147504384 16908288 268438272 33852 33554432 0 0 0 0 0 0 0 0 0 0 2624 727733828 412377 4194304 2149842944 637534209 512 212992 4096 0 0 0 0 0 20090904 11832972 138446144 24704 1048752 268288 32 4096 81924 0 32768 269484032 4 0 1476427776 4096 16811266 847249408 0 67108864 18 673186384 104 262144 50462720 0 5 8388608 3072 0 0 0 0 65536 2148017152 8210 2147484736 1144 2359296 75497472 0 0 32768 1024 0 0 0 0 0 524288 20480 16777224 15440 0 2097152 17301768 64 128 40960 536936448 10621184 1577058304 0 2147483648 2 9863178 5120 1075315088 16644
is_linear=0
shrinkage=0.045


Tree=60
num_leaves=23
num_cat=18
split_feature=4 0 3 3 0 3 0 3 0 0 0 0 3 0 5 5 5 0 5 0 3 3
split_gain=6.23901 6.47301 5.20867 4.18707 4.04307 3.81035 2.51455 2.60097 2.55428 2.23821 2.22813 1.9852 1.83579 1.61705 1.65248 1.58104 1.52212 1.65737 1.37911 1.50593 1.6461 1.34257
threshold=0 1 2 3 4 5 6 7 8 9 10 11 12 13 4.2121001622835372 4.0517471391904856 4.3107766033702406 14 1.0000000180025095e-35 15 16 17
decision_type=1 9 9 9 9 9 9 9 9 9 9 9 9 9 10 10 10 9 8 9 9 9
left_child=2 -2 4 9 5 15 12 -8 -9 -3 -4 -6 -5 -7 -15 -1 18 -18 -13 -20 -21 -19
right_child=1 3 10 6 11 13 7 8 -10 -11 -12 16 -14 14 -16 -17 17 21 19 20 -22 -23
leaf_value=-35.607491808296857 -324.95561006194526 -300.9926415914681 -279.96779959913306 -32.100021413360764 -72.791397801585461 147.64022383942955 83.90467102265643 -124.82267060822473 1.5544733331390552 -110.04450734151861 -65.068024438870211 803.93919981885551 -225.9376670674545 271.17085556713704 829.09792517433345 200.90879253969953 -57.187075532225563 48.501676278587368 -168.81524025530885 -148.85008110662542 69.278498894962155 497.87046786376698
leaf_weight=353 3142 1871 794 881 1169 135 845 1933 3398 2155 1761 39 1287 121 105 438 284 506 560 215 626 357
leaf_count=353 3142 1871 794 881 1169 135 845 1933 3398 2155 1761 39 1287 121 105 438 284 506 560 215 626 357
internal_value=-0.00127595 -0.00179026 -0.000206766 -0.00132289 0.000651218 0.00296907 -0.000745334 -0.000280706 -0.000649355 -0.00251412 -0.00184944 -6.68801e-05 -0.00206009 0.00674397 0.00915126 0.00117123 0.00062851 0.00185248 -0.000343274 -0.000580543 0.000627783 0.00281314
internal_weight=22975 15512 7463 12370 4908 1152 8344 6176 5331 4026 2555 3756 2168 361 226 791 2587 1147 1440 1401 841 863
internal_count=22975 15512 7463 12370 4908 1152 8344 6176 5331 4026 2555 3756 2168 361 226 791 2587 1147 1440 1401 841 863
cat_boundaries=0 1 14 16 18 31 33 47 49 62 75 88 102 104 117 130 144 146 148
cat_threshold=2 3221225476 16 0 2129920 25690380 64 512 134218752 536870912 8438016 1577058304 285212672 68158496 3367537872 113044 1803976836 167129 2392064 100663328 0 2097152 276856832 1088 0 134225920 0 13288448 536870912 1152 1812 2158493712 73860 41947136 6208 0 2147483648 131072 33557508 256 8192 589824 6946816 4112 288 2155873036 2 67109136 262144 16777224 35660800 0 8192 402653696 536870912 0 49152 37888 5129 16908288 1090064 8208 8388624 15396 536870912 0 134381568 536870912 0 65536 32768 4722696 16777216 1083264 2147516433 0 13316 0 2097152 8388608 0 0 1073750016 536870912 14815488 520093696 1049600 18436 0 28692 0 0 1048576 536870912 0 1342177280 32780 4426 327155712 3702788 8404992 4 2421171312 16640 0 32 0 0 0 0 0 8192 0 524288 0 1024 16 0 25166848 0 0 0 256 0 0 0 2097152 67108864 2147483904 2048 0 2048 0 0 134217728 0 0 65536 536870912 0 0 0 2214625288 1 2149090368 256 8421520 98692
is_linear=0
shrinkage=0.045


Tree=61
num_leaves=23
num_cat=18
split_feature=2 1 3 0 0 3 0 0 3 0 3 0 0 5 2 5 3 1 3 5 5 3
split_gain=6.01096 8.17291 6.47871 4.23264 3.84162 3.13587 2.55668 2.41927 1.72641 1.90996 1.69354 1.66286 1.60739 1.34067 1.3195 1.5126 1.31786 1.21811 1.22152 1.14111 1.14016 1.08719
threshold=0 1 2 3 4 5 6 7 8 9 10 11 12 5.2496487501035594 13 4.2413008733233104 14 15 16 6.3465127852423047 0.89587973461402759 17
decision_type=9 9 9 9 9 9 9 9 9 9 9 9 9 8 9 8 9 9 9 8 10 9
left_child=3 4 6 -1 -2 -5 -3 10 9 19 13 -4 -10 20 -8 -16 -15 18 -7 -9 -6 -19
right_child=1 2 11 5 7 17 14 8 12 -11 -12 -13 -14 16 15 -17 -18 21 -20 -21 -22 -23
leaf_value=-531.71600063747508 1305.413828470151 -124.78090421556871 -252.72806158549201 -247.28715782047178 591.23255401142922 -56.185578047700766 1.7906906811036962 -48.399481245067861 -21.061933418707046 156.60651269412253 -104.63228043914634 -141.30711991264778 61.865681259169619 313.78627424600325 368.49391007595005 -6.0028004303361335 6.3296692231363805 116.99073072703314 71.009728131759843 1434.2413596686335 -41.985091819536102 -439.93599363798768
leaf_weight=2650 108 1444 2680 1629 51 333 3037 311 1479 895 1356 2642 1112 249 56 52 378 112 636 46 1352 367
leaf_count=2650 108 1444 2680 1629 51 333 3037 311 1479 895 1356 2642 1112 249 56 52 378 112 636 46 1352 367
internal_value=-0.00122111 -0.000799885 -0.0016421 -0.00248327 0.000338616 -0.00133587 -0.000400023 0.000205703 0.000977042 0.00234256 -0.000670101 -0.00270979 0.00030945 0.000154259 0.000320715 0.00495 0.00188156 0.000191095 0.0011055 -0.000451221 -0.000618151 -0.00164053
internal_weight=22975 17248 9911 5727 7337 3077 4589 7229 3843 1252 3386 5322 2591 2030 3145 108 627 1448 969 357 1403 479
internal_count=22975 17248 9911 5727 7337 3077 4589 7229 3843 1252 3386 5322 2591 2030 3145 108 627 1448 969 357 1403 479
cat_boundaries=0 1 3 5 18 30 32 46 59 61 74 76 90 103 104 106 108 109 111
cat_threshold=3 37988 3200 3231188368 90502 3267395584 135172 0 0 8388868 0 0 65536 0 2147504384 16908288 268438272 33852 33554432 0 64 0 0 0 0 0 0 0 0 704 190862916 412381 4096 81924 0 32768 1343750144 536870980 512 1476395008 32768 75661634 981467136 0 67108864 18 4194304 2166358016 100667393 512 212992 4096 0 0 0 0 0 20090904 11832844 744507984 344 2392064 75759616 0 0 32768 2048 0 0 0 0 0 524288 20608 2404967824 383618 16777224 15440 0 2097152 151519496 64 128 57344 536870912 10621184 1577058304 1 0 2 262144 1107427328 536870912 17 8388608 1024 0 0 0 0 65536 2147493892 139282 84 138446080 19072 2147483712 1080 613580840 8421416 65536
is_linear=0
shrinkage=0.045


Tree=62
num_leaves=23
num_cat=19
split_feature=0 2 0 0 5 0 3 0 4 3 3 5 3 3 3 3 1 0 5 0 0 3
split_gain=6.12495 5.2337 4.85467 4.58117 2.92859 3.51076 3.48433 3.28551 3.61221 3.50852 3.09083 2.50111 2.38884 2.15516 2.12804 2.03395 1.87626 1.82896 1.84474 1.726 1.68413 1.62695
threshold=0 1 2 3 4.2972622671762819 4 5 6 7 8 9 1.2424533248940004 10 11 12 13 14 15 5.6750385347198877 16 17 18
decision_type=9 9 9 9 8 9 9 9 1 9 9 8 9 9 9 9 9 9 10 9 9 9
left_child=21 3 -3 12 5 6 -5 13 10 20 -9 -4 -2 19 -13 16 -7 -11 -19 -6 -10 -1
right_child=1 2 11 4 7 15 -8 8 9 17 -12 14 -14 -15 -16 -17 -18 18 -20 -21 -22 -23
leaf_value=-93.535116216482422 -135.55220060801989 -68.394929562868313 1009.9580400713785 -140.50463190920752 39.325307826727183 43.584987481977841 94.636267500978661 567.67096311039882 -165.94587785693557 -55.87708423968899 65.799106004678379 250.42943525509085 -360.61150655664761 -158.99441380945726 3.4123108371306503 -197.08780675198423 -215.43686615180457 42.737425234703238 189.21567500186217 -100.62361951927697 -11.593623443908672 -358.45888272181838
leaf_weight=742 3346 1840 89 355 705 629 505 220 496 371 613 1188 1708 1261 1401 2740 676 681 176 361 908 1964
leaf_count=742 3346 1840 89 355 705 629 505 220 496 371 613 1188 1708 1261 1401 2740 676 681 176 361 908 1964
internal_value=-0.00123091 -0.000960531 0.000389403 -0.00134775 -0.000818145 -0.00162778 0.000980504 -0.000133588 0.000744175 -7.17551e-05 0.00332515 0.00160929 -0.00246408 -0.00143715 0.00135643 -0.00217957 -0.000700457 0.00167661 0.00281185 5.84405e-05 -0.0016017 -0.00323841
internal_weight=22975 20269 4518 15751 10697 4905 860 5792 3465 2632 833 2678 5054 2327 2589 4045 1305 1228 857 1066 1404 2706
internal_count=22975 20269 4518 15751 10697 4905 860 5792 3465 2632 833 2678 5054 2327 2589 4045 1305 1228 857 1066 1404 2706
cat_boundaries=0 13 14 28 41 54 56 70 71 73 75 77 79 81 83 85 99 112 125 127
cat_threshold=3758227524 4096 33554432 268435456 268 0 0 33792 8 164608 1518469120 285245448 1049632 7 0 67136596 1 2147483648 152633344 536870912 0 268500992 33796 6292482 67108864 3801088 8192 1 4194304 1076044804 0 512 8912896 64 256 8192 536872960 9459714 16777232 1049344 8388620 2113536 83886080 2214596609 2105349 268435520 256 512 268435520 5120 0 32 2149580801 129 767672868 16904 4104 83886080 2147483648 2105344 268435968 50331905 512 0 33792 9 67113088 2149580949 2689 2 2 1216586774 235918 2282783744 6528 3721974864 127366 13142810 299029 2295384212 231686 1687233200 123162 16608 67426 35651584 33554432 1 0 134348800 536870912 0 0 0 524288 0 2048 67125248 5 0 0 0 2097152 268435968 33554432 0 0 32768 8 128 2147483668 2049 2097153 262144 0 17 0 0 0 65536 0 4718592 0 0 2214625296 2150171024 67844
is_linear=0
shrinkage=0.045


Tree=63
num_leaves=23
num_cat=19
split_feature=2 1 3 0 0 0 2 3 0 3 1 5 3 0 0 5 0 3 0 3 3 5
split_gain=5.75205 6.6781 6.19291 4.26928 3.60831 2.80852 2.99773 2.59114 2.21499 1.81932 1.67674 1.34622 1.30933 1.71516 1.57872 1.29988 2.73347 2.5591 2.39721 1.91434 1.81468 1.53933
threshold=0 1 2 3 4 5 6 7 8 9 10 1.0000000180025095e-35 11 12 13 5.4094089116575796 14 15 16 17 18 6.2334293711344477
decision_type=9 9 9 9 9 9 9 9 9 9 9 8 9 9 9 8 9 9 9 9 9 10
left_child=3 4 5 -1 -2 -3 12 -5 9 -6 -9 -10 14 -14 -7 16 20 18 -17 -18 -13 -20
right_child=1 2 -4 7 8 6 -8 10 11 -11 -12 15 13 -15 -16 17 19 -19 21 -21 -22 -23
leaf_value=-499.84512786935517 1274.7668377574362 -167.36855343664368 -207.36855731566334 -238.98315270564208 21.687521171549253 -174.97873289732615 225.63379666384546 30.187534846918144 1708.459229144119 -65.415999085651848 -503.48119627287542 5.8338962724253367 65.165137124450951 -4.3371233749981677 -14.915201628071985 -72.57383553035568 -0.8668061011610384 -12.551904413817452 279.12048218892005 111.30129920350183 -139.86876698098806 1357.9333802001638
leaf_weight=2650 108 1543 4398 1446 663 555 144 1331 77 1649 300 1001 592 1270 1216 225 911 606 432 758 949 151
leaf_count=2650 108 1543 4398 1446 663 555 144 1331 77 1649 300 1001 592 1270 1216 225 911 606 432 758 949 151
internal_value=-0.00120936 -0.000797278 -0.00157616 -0.00244407 0.000208829 -0.000540136 0.000122327 -0.00129217 8.3534e-05 -0.00106885 -5.75178e-05 0.000606207 -0.000139507 0.000691568 -0.00101206 0.000515689 6.33792e-05 0.00167161 0.00330366 0.0013947 -0.00107798 0.00481765
internal_weight=22975 17248 9718 5727 7530 5320 3777 3077 7422 2312 1631 5110 3633 1862 1771 5033 3619 1414 808 1669 1950 583
internal_count=22975 17248 9718 5727 7530 5320 3777 3077 7422 2312 1631 5110 3633 1862 1771 5033 3619 1414 808 1669 1950 583
cat_boundaries=0 1 3 5 18 30 44 45 47 60 62 64 66 80 91 104 106 119 121 123
cat_threshold=3 37989 3200 3365422488 90500 3267395584 135172 0 0 8388868 0 0 65536 0 2147504384 16908288 268438272 33852 33554432 131072 64 0 0 0 0 0 0 0 0 576 0 65536 0 32768 1573384 536870980 512 1476444160 0 9470278 2055208960 1 67108864 18 84 186799684 412377 16781313 2166358016 100667393 2147484164 147456 0 0 0 0 0 0 20086936 11717636 37757360 350224 3221226560 1146 3363849224 16512 0 15376 0 0 402653184 0 0 8192 4096 135169 0 0 0 4 0 14388 0 0 268435456 0 0 0 33792 5120 67108864 4227088 33554432 0 0 8486912 7168 0 0 0 0 0 12288 8984 156816468 18956 262144 67108864 0 0 0 0 0 0 0 0 0 2148009216 2 1129894068 199556 2629353968 82856
is_linear=0
shrinkage=0.045


Tree=64
num_leaves=23
num_cat=19
split_feature=4 0 3 0 3 0 3 0 0 3 0 0 0 0 3 5 0 1 5 0 5 3
split_gain=6.04918 5.75426 4.58353 4.23889 4.20583 2.83354 2.42932 2.31014 2.27583 2.08453 1.92667 1.80979 1.68539 1.55659 1.54947 1.53545 2.0393 1.54971 1.47603 1.42866 1.40401 1.38708
threshold=0 1 2 3 4 5 6 7 8 9 10 11 12 13 14 4.2835627800822236 15 16 6.9092530334720372 17 4.2696729980286863 18
decision_type=1 9 9 9 9 9 9 9 9 9 9 9 9 9 9 10 9 9 10 9 8 9
left_child=2 -2 12 6 5 -3 11 14 -5 13 -11 -4 -1 -9 -6 17 -17 -10 -12 -7 -15 -18
right_child=1 4 3 8 7 19 -8 9 15 10 18 -13 -14 20 -16 16 21 -19 -20 -21 -22 -23
leaf_value=-275.14414711872155 -297.26624496564665 -278.85928019522106 37.114221257780898 -76.55732376644346 3.7836356302616023 49.202209455807761 105.02688569341689 745.50498880145039 356.11006212948968 -96.834591699280807 -4.3222177382670939 781.00728558471576 -73.79698263023441 252.02861101103068 -227.52950720049898 -118.36473056064607 22.175332379887543 -55.801004684118595 351.00955147471154 -136.99755925425157 -1.2195199374527297 384.78226931185173
leaf_weight=789 2770 1657 109 1022 384 212 904 107 314 2400 3899 138 1261 184 1339 324 524 1528 36 2028 496 550
leaf_count=789 2770 1657 109 1022 384 212 904 107 314 2400 3899 138 1261 184 1339 324 524 1528 36 2028 496 550
internal_value=-0.00121132 -0.00171774 -0.000158541 0.000528386 -0.00130971 -0.00254068 0.0029368 -0.000764651 -0.000128452 -0.000404963 -0.000677093 0.00682818 -0.00196411 0.00176283 -0.00223833 0.000456641 0.00158143 -0.000395337 -6.27069e-05 -0.00147869 0.000910404 0.00251105
internal_weight=22975 15512 7463 5413 12742 3897 1151 8845 4262 7122 6335 247 2050 787 1723 3240 1398 1842 3935 2240 680 1074
internal_count=22975 15512 7463 5413 12742 3897 1151 8845 4262 7122 6335 247 2050 787 1723 3240 1398 1842 3935 2240 680 1074
cat_boundaries=0 1 14 16 29 31 44 46 60 74 75 88 101 114 126 128 140 142 156 158
cat_threshold=2 3229614084 2048 0 2129920 25690380 64 512 134218752 0 8438016 1241513984 285212672 68158496 591598438 411208 35913728 33554464 0 2097152 276856832 1024 0 134217728 0 13156352 0 9216 12052 1795588228 175321 16 13360 536870912 0 134381568 536870912 0 65536 536903680 529416 285212688 1084288 32785 1207993344 6400 33558528 80 0 2147483648 131072 33557508 256 8192 537460736 7864320 335544336 288 2155873028 2 4194312 16801796 0 0 1048832 536870912 0 1342177280 8 135170 1920991232 20480020 16384 5 272 17039368 33567744 0 8197 402653696 536870912 0 49152 39936 4097 19005440 41600 16408 0 32 0 0 0 0 0 0 0 524288 0 1024 20 2097152 15396 0 2097152 8388608 0 0 0 536870912 12718336 419430400 1048576 2060 32768 33554432 0 0 0 0 0 0 0 4096 16777216 2147483648 2152726624 16384 0 8388608 1 0 0 256 0 0 4 2097152 16777216 2147483648 1342178436 1024 65536 67108864 1073741824 8325 0 0 0 0 0 1073741824 32 532480 0 2 8405136 292
is_linear=0
shrinkage=0.045


Tree=65
num_leaves=23
num_cat=20
split_feature=2 1 3 0 2 0 0 3 3 0 2 1 0 3 5 3 0 0 3 5 0 0
split_gain=6.04889 6.27971 5.8842 4.15263 3.4402 3.21911 2.57526 2.4762 1.9046 1.75667 1.73464 1.64615 1.51877 1.50751 1.40863 1.33811 1.84492 1.62195 1.45245 1.41622 1.24372 1.22753
threshold=0 1 2 3 4 5 6 7 8 9 10 11 12 13 4.5798392285869785 14 15 16 17 4.8481086751891054 18 19
decision_type=9 9 9 9 9 9 9 9 9 9 9 9 9 9 8 9 9 9 9 8 9 9
left_child=3 5 4 -1 -3 14 -6 -5 20 10 -7 -9 -10 -12 -2 17 -17 -11 19 -18 -8 -4
right_child=1 2 21 7 6 9 8 11 12 15 13 -13 -14 -15 -16 16 18 -19 -20 -21 -22 -23
leaf_value=-468.94302556336021 1740.2435077222767 271.87171208429896 -269.80396112154142 -223.8714374674347 -206.24717002622805 81.13665987062474 53.249007104753247 28.658843741972678 -182.22117201593537 -12.781165301034934 -85.273875881479711 -475.11107565601174 -25.915168325908645 -0.70927788884729104 543.17196358618378 -25.283629766080676 37.021308683973807 153.29958852828028 -3.1679106387106586 403.88250923265281 -3.0802915971482259 -142.09937399310894
leaf_weight=2650 42 142 2107 1446 1267 165 887 1331 777 383 1325 300 1345 1717 88 1616 364 784 593 227 1472 1947
leaf_count=2650 42 142 2107 1446 1267 165 887 1331 777 383 1325 300 1345 1717 88 1616 364 784 593 227 1472 1947
internal_value=-0.00116236 -0.00073992 -0.00147529 -0.00242839 -0.000564217 0.000262027 -0.000740626 -0.00129217 -0.000231361 0.000129 -0.000652844 -8.49067e-05 -0.00120619 -0.000901769 0.00697183 0.00076112 0.000224039 0.00203435 0.00156522 0.00312686 0.000647194 -0.00279341
internal_weight=22975 17248 9944 5727 5890 7304 5748 3077 4481 7174 3207 1631 2122 3042 130 3967 2800 1167 1184 591 2359 4054
internal_count=22975 17248 9944 5727 5890 7304 5748 3077 4481 7174 3207 1631 2122 3042 130 3967 2800 1167 1184 591 2359 4054
cat_boundaries=0 1 3 5 18 19 31 45 47 49 62 63 65 77 79 81 94 107 109 123 136
cat_threshold=3 536907876 3200 3365422552 221606 3267395584 135172 0 0 8388868 0 0 65536 0 2147504384 16908288 268438272 33852 32 0 0 536870976 0 0 0 0 0 0 0 0 8768 4096 4 0 32768 269484040 68 256 1476395008 4096 1084422 981467136 0 67108864 18 186799684 412377 1075315088 82180 0 2164260864 100667393 513 0 4096 0 0 557056 0 0 20091032 3575304 96 3221226560 1146 0 14400 0 0 17334528 536870912 0 49152 536870912 8388864 67108864 1 1620032038 139628 2887781112 16720 4194304 41943040 0 16 0 1024 0 0 65536 0 65536 2148011012 8470 2392064 69468160 0 0 8388608 2048 0 0 0 0 0 256 20608 1094775808 45192 0 15408 0 8192 134250752 0 0 0 1024 67109128 0 0 2147483648 4 16777217 15472 0 2097152 655624 64 128 41984 536870912 10620936 167772160 0 2147483648
is_linear=0
shrinkage=0.045


Tree=66
num_leaves=23
num_cat=19
split_feature=2 1 3 0 0 0 2 3 0 0 5 3 5 5 0 3 0 3 3 1 0 3
split_gain=5.51682 5.31794 5.36945 3.90065 3.16275 2.59332 2.54376 2.25444 1.84574 1.72736 1.64982 1.52065 1.49021 1.44103 1.93474 1.41667 1.36646 1.27802 1.19955 1.10915 0.987942 1.02039
threshold=0 1 2 3 4 5 6 7 8 9 5.9039975907279691 10 5.1269313471631675 4.8481086751891054 11 12 13 14 15 16 17 18
decision_type=9 9 9 9 9 9 9 9 9 9 8 9 8 8 9 9 9 9 9 9 9 9
left_child=3 4 5 -1 12 -3 -7 -5 15 -4 -11 13 -2 -10 -15 -6 17 -13 -9 -12 21 -18
right_child=1 2 9 7 8 6 -8 18 11 10 19 16 -14 14 -16 -17 20 -19 -20 -21 -22 -23
leaf_value=-447.93647147387441 2688.721237104854 -103.90194067763788 -246.68786083457792 -232.49694695036925 -90.241134688406177 216.21863786601415 4.3483074067021601 -58.307623616169828 15.069420871950834 -156.27949791988217 118.32566497206419 34.559999184955039 588.46908625563333 -46.885428267657161 425.70745250047713 -7.8386658234554716 -26.952102268675389 -101.37094514819714 72.453621684124585 -61.969445356485046 126.53130441786035 28.508843051676298
leaf_weight=2555 38 1351 2017 1545 911 107 2628 1116 711 2733 112 723 74 106 513 1821 460 986 511 177 811 969
leaf_count=2555 38 1351 2017 1545 911 107 2628 1116 711 2733 112 723 74 106 513 1821 460 986 511 177 811 969
internal_value=-0.00118782 -0.000784242 -0.00152922 -0.00239702 5.3656e-05 -0.000314057 0.000483253 -0.00133135 -5.66507e-05 -0.00251148 -0.00181246 0.000434605 0.00718548 0.00174367 0.00334058 -0.00100365 -1.02258e-05 -0.000964847 -0.000156499 0.00140722 0.00071936 3.12177e-06
internal_weight=22975 17248 9125 5727 8123 4086 2735 3172 8011 5039 3022 5279 112 1330 619 2732 3949 1709 1627 289 2240 1429
internal_count=22975 17248 9125 5727 8123 4086 2735 3172 8011 5039 3022 5279 112 1330 619 2732 3949 1709 1627 289 2240 1429
cat_boundaries=0 1 3 5 18 30 44 45 47 60 74 76 89 91 104 106 108 110 123 125
cat_threshold=3 1073795172 3200 1209550224 221446 3267395584 135172 0 0 8388868 0 0 65536 0 20736 16777216 268436224 33852 0 0 64 0 0 0 0 0 0 0 0 8768 4096 81920 0 2129920 1572872 0 512 1476411392 32768 70310914 1518338048 0 67108864 2 160 186799172 412381 262144 2174746624 637538304 529 134217728 69 0 0 3072 0 0 17989660 1232384 16777217 15440 0 0 17449224 0 640 41984 536936448 8388864 1249902592 1 0 2 1210324432 16928 0 67371008 1 0 0 0 0 0 0 0 0 2098176 8192 723823766 205344 4227072 33554432 128 0 3489660928 7424 0 0 0 0 0 2627712 4238 2178449408 336000 2227995154 5120 1048576 65545 2097152 67108864 1 4 0 544 0 0 4096 0 65536 2147483680 8208 2161319938 237832
is_linear=0
shrinkage=0.045


Tree=67
num_leaves=23
num_cat=19
split_feature=4 0 3 3 0 0 0 2 2 5 0 2 3 0 0 0 3 1 3 5 5 1
split_gain=5.59087 5.53713 4.25951 4.23313 3.90008 3.29156 2.42448 2.1386 2.08747 2.23508 4.09718 2.02997 2.53134 1.83443 1.79018 1.75285 1.67206 2.08554 1.51244 1.42411 1.29442 1.58835
threshold=0 1 2 3 4 5 6 7 8 4.0689902272260703 9 10 11 12 13 14 15 16 17 4.5053345884235583 5.8245230014317348 18
decision_type=1 9 9 9 9 9 9 9 9 10 9 9 9 9 9 9 9 9 9 8 10 9
left_child=3 -2 5 -1 -5 -3 -4 -7 19 14 -11 13 -13 -8 -10 -9 17 -12 -16 -6 21 -15
right_child=1 2 6 4 8 7 11 15 9 10 16 12 -14 20 18 -17 -18 -19 -20 -21 -22 -23
leaf_value=-180.52211719723419 -283.64304684697782 -245.56640508140003 -126.78797186982132 -78.711633146185278 822.89655021414239 86.204461285349339 -99.538499184602728 -178.86536000864672 -125.22974655183765 524.31431633077466 475.40059686172435 287.20263834831951 7.1387117802922067 12.766785283115714 171.06962048298408 -37.191615351916212 4.5956347157834223 63.347329198756206 -9.9259566494599358 197.52526493966542 72.426794882902442 -197.68578204661543
leaf_weight=1323 2685 2170 1483 1200 67 107 1884 1504 941 360 112 254 851 1450 384 2168 1630 431 957 58 309 647
leaf_count=1323 2685 2170 1483 1200 67 107 1884 1504 941 360 112 254 851 1450 384 2168 1630 431 957 58 309 647
internal_value=-0.00115257 -0.00163942 -0.00124671 -0.000140457 0.000358419 -0.00212808 -0.000482004 -0.00131641 0.00091781 0.000759788 0.00168106 -3.74525e-05 0.00167189 -0.000481173 -0.000260071 -0.00150489 0.000920594 0.00305676 0.000794899 0.00640511 0.000342431 -5.78858e-05
internal_weight=22975 15512 12827 7463 6140 5949 6878 3779 4940 4815 2533 5395 1105 4290 2282 3672 2173 543 1341 125 2406 2097
internal_count=22975 15512 12827 7463 6140 5949 6878 3779 4940 4815 2533 5395 1105 4290 2282 3672 2173 543 1341 125 2406 2097
cat_boundaries=0 1 14 16 18 32 45 58 59 60 73 74 76 90 104 118 120 122 124 126
cat_threshold=2 3263168516 1073741824 0 2129920 25690380 320 512 1024 0 8438016 1241513984 268435456 68158496 1804566660 179449 575082754 411208 8 28692 0 0 1114368 0 0 1342177280 32776 135234 1384120320 20447236 9437184 17 4194320 33569824 0 0 268599296 1024 0 40960 536870912 4853768 85983232 33408 2147518992 282624 8388688 0 0 1073741824 570427396 0 134225920 536939520 6816768 335548432 2097953 8388612 96 160 2097152 2048 0 0 8945664 536871936 0 0 0 8389632 0 512 67108880 71 16 65540 2097152 33567748 1 0 269484544 1024 0 16384 36864 1052697 131072 1044 539 3 2129920 2048 0 0 134758400 536870912 0 65536 4 10486792 67108864 33280 67143704 4 19169280 18874372 2684354560 16 134217792 536870912 0 134299648 32768 1049602 131088 17828100 8328 3 1209009216 6272 36 65544 1207959680 100372 49267 3504
is_linear=0
shrinkage=0.045


Tree=68
num_leaves=23
num_cat=19
split_feature=0 2 0 3 5 0 0 3 3 0 0 5 3 0 3 5 3 1 3 3 0 0
split_gain=5.47406 4.53156 4.61202 3.20954 3.0211 3.77564 3.14236 3.43319 2.71726 2.66507 2.47458 2.21176 2.15658 2.12876 1.93014 1.91775 2.29073 1.77563 1.35828 1.33838 1.68758 1.32842
threshold=0 1 2 3 4.2972622671762819 4 5 6 7 8 9 1.2424533248940004 10 11 12 5.2176457913436556 13 14 15 16 17 18
decision_type=9 9 9 9 8 9 9 9 9 9 9 8 9 9 9 10 9 9 9 9 9 9
left_child=19 2 3 11 5 12 14 10 -7 -9 -8 -2 -4 -3 -6 17 -17 18 -11 20 -1 -10
right_child=1 13 4 -5 6 8 7 9 21 15 -12 -13 -14 -15 -16 16 -18 -19 -20 -21 -22 -23
leaf_value=124.39403687643836 249.57420688341406 340.90061548211906 128.62934477100444 -219.77244587976449 -177.44379696366698 -33.523107752272509 -101.9080518631017 -7.9922954113773752 -276.2608920099691 -58.43494922654132 25.459630596935007 -48.626014242516717 -7.8166339977928523 19.583818453997193 -6.434670005730033 25.322274790498067 364.46111342336542 182.21606284834317 83.590456347304851 -294.9881036319108 -412.5365377101943 -110.27525339409719
leaf_weight=107 51 257 370 3582 1069 2016 1391 1067 1743 315 1144 1884 792 663 1372 275 462 352 422 1882 172 1587
leaf_count=107 51 257 370 3582 1069 2016 1391 1067 1743 315 1144 1884 792 663 1372 275 462 352 422 1882 172 1587
internal_value=-0.00112319 -0.000897581 -0.00104079 -0.00214623 -0.000615158 -0.00133272 -2.22981e-05 0.000580697 -0.00183595 0.00163735 -0.00062721 -0.000658707 0.000988926 0.00217275 -0.00135936 0.00267845 0.00446346 0.001489 0.000198263 -0.00327405 -0.000293815 -0.00262567
internal_weight=22975 20814 19894 5517 14377 6508 7869 5428 5346 2893 2535 1935 1162 920 2441 1826 737 1089 737 2161 279 3330
internal_count=22975 20814 19894 5517 14377 6508 7869 5428 5346 2893 2535 1935 1162 920 2441 1826 737 1089 737 2161 279 3330
cat_boundaries=0 13 14 27 29 42 56 58 60 73 87 89 101 103 105 107 109 111 116 130
cat_threshold=3758227524 4096 33554432 270532608 16777484 4 0 33792 8 772 1384251392 268435464 1048608 23 33554432 2123812 0 0 8912896 16777216 640 1342201856 536870912 9458690 201326608 18907904 1024 1343277264 65926 2113536 75563008 2147487744 8197 268435456 256 0 134217792 525316 1090519056 536940576 2147483649 2102145 20488 67174400 2147487744 8704 268435456 570425665 0 0 33796 8 16781440 2148532369 129 2 101132822 466015 345587952 389378 262144 58852368 1 0 134348800 0 0 0 4096 1078067201 0 3076 18948 2097168 262144 1 1 134218240 1024 0 65536 0 2654208 0 4096 2223016472 1 3232245314 196 0 8224 0 0 0 0 0 0 536870912 2 0 2148532288 1764213792 92906 2306867240 8352 33860 76324 148394048 40960 524416 65540 0 4096 0 2097152 256 12615688 1088 536870912 128 131072 1024 0 65536 67584 71958536 18874368 1052800 2223030292 1
is_linear=0
shrinkage=0.045


Tree=69
num_leaves=23
num_cat=19
split_feature=4 0 3 3 0 0 0 0 3 5 0 0 0 5 3 3 0 0 0 3 5 1
split_gain=5.88796 5.31207 3.95271 3.9104 3.71368 3.54249 2.43327 2.34596 2.04775 1.55316 1.68126 1.62201 1.52454 1.47217 1.34688 1.32376 2.27026 2.2516 1.31489 1.35155 1.11351 1.25672
threshold=0 1 2 3 4 5 6 7 8 3.6762205501217919 9 10 11 0.89587973461402759 12 13 14 15 16 17 6.4052270920020655 18
decision_type=1 9 9 9 9 9 9 9 9 8 9 9 9 10 9 9 9 9 9 9 8 9
left_child=3 -2 5 18 -5 -3 -4 8 -6 11 -11 13 -7 -9 -12 17 -17 -8 19 -1 21 -19
right_child=1 2 6 4 7 12 15 9 -10 10 14 -13 -14 -15 -16 16 -18 20 -20 -21 -22 -23
leaf_value=164.30605526225858 -252.71942955198162 0.87815298585890977 -93.310672121548549 -87.088932931416537 -0.67894081892992553 -224.51046312209587 -87.782699903706899 2115.6492111143066 409.14162812939588 1.2185755201733852 2.6864988773895275 -103.6970207387856 -154.10880495467575 41.644272799978324 157.82309503892239 -42.032695252280988 67.794747649719525 65.193352845104556 -224.91982594655246 -124.86245071210573 204.11419873680973 -63.607189938536287
leaf_weight=107 2883 1244 1365 1028 282 1849 1117 35 461 1628 444 949 3236 304 995 948 1381 647 1111 119 130 712
leaf_count=107 2883 1244 1365 1028 282 1849 1117 35 461 1628 444 949 3236 304 995 948 1381 647 1111 119 130 712
internal_value=-0.0011369 -0.00163652 -0.00123491 -9.82596e-05 0.000384163 -0.00202894 -0.000434887 0.000882386 0.00320066 0.000479161 0.00103079 -0.000830234 -0.00255592 0.00180769 0.002143 3.18364e-05 0.000809268 -0.000663485 -0.0022917 0.000831932 0.000482677 0.000102497
internal_weight=22975 15512 12629 7463 6126 6329 6300 5098 743 4355 3067 1288 5085 339 1439 4935 2329 2606 1337 226 1489 1359
internal_count=22975 15512 12629 7463 6126 6329 6300 5098 743 4355 3067 1288 5085 339 1439 4935 2329 2606 1337 226 1489 1359
cat_boundaries=0 1 14 16 18 32 46 60 73 75 89 103 116 118 120 133 147 160 162 164
cat_threshold=2 3271557124 4096 0 2129920 1099432204 2112 768 1024 0 49408 1241514000 285212672 68157472 1796179076 171741 37949734 411208 8 16850964 0 0 1048832 0 0 1342177280 32776 134178 1920991232 20480004 1048576 17 65536 25296896 3556773889 5 1049152 0 0 0 0 1075838992 32 2150113297 8409091 6 20480 10304 4096 0 2148532736 33554436 128 24576 100352 3145728 872415232 33073 2147487764 2 2359296 33554464 0 2097152 8552448 1024 0 134217728 0 67665920 0 528 9984 2174222864 73728 0 2102272 0 0 134283264 256 0 0 536870916 2097480 83886080 2147491872 8437774 2 0 1024 0 0 0 0 0 8192 536870916 256 0 2147484928 4108 2 8388608 35651588 0 128 268599296 1024 0 98304 536870912 13243392 86118400 37376 2147518096 2687518288 8224 2162176554 262432 262144 75759620 1 0 402685952 1024 0 0 1024 8913928 4096 2108548 18953 10518528 16778288 1 8192 131072 536870912 0 65536 536870912 8392706 16777216 2148532864 34305 1 32768 0 0 0 524288 0 0 1073741824 0 524296 0 2097152 2214625808 32 16904 524320 1266
is_linear=0
shrinkage=0.045


Tree=70
num_leaves=23
num_cat=19
split_feature=0 2 0 3 5 0 0 3 3 0 0 0 0 1 3 4 3 5 5 3 3 3
split_gain=5.25738 4.51561 4.37867 3.52887 3.01678 3.82377 3.70136 3.34386 2.6369 2.48152 2.26066 2.10175 2.08669 2.05217 1.93072 1.8287 1.41543 1.73843 1.37427 1.35597 1.16281 1.0115
threshold=0 1 2 3 4.6298509007569537 4 5 6 7 8 9 10 11 12 13 14 15 4.9163179057820896 1.2424533248940004 16 17 18
decision_type=9 9 9 9 8 9 9 9 9 9 9 9 9 9 9 1 9 10 8 9 9 9
left_child=-1 10 3 18 6 14 19 9 11 -7 -2 -8 15 -9 -6 -10 -11 -18 -3 -4 -15 -12
right_child=1 2 4 -5 5 7 8 13 12 16 21 -13 -14 20 -16 -17 17 -19 -20 -21 -22 -23
leaf_value=-310.23508578806656 481.49979171013803 184.18107951182327 -271.77467649474511 -223.37758866005186 27.56285946315052 0.42472098684925197 -149.93773273795136 100.29449844079488 24.486599214485473 110.92641197616118 309.70891235559526 2.6463142372253028 41.343514984999757 -12.954470171447534 -108.90540205663659 -168.6958424996746 24.071303807737646 392.00117951740174 -52.209045188973292 -91.27397695009725 -195.83172863077286 11.958570664009558
leaf_weight=1673 148 59 1363 3354 632 699 1735 396 582 623 121 954 1614 1505 1608 877 190 442 2003 1443 334 620
leaf_count=1673 148 59 1363 3354 632 699 1735 396 582 623 121 954 1614 1505 1608 877 190 442 2003 1443 334 620
internal_value=-0.00111144 -0.000918834 -0.00105599 -0.00215217 -0.000658706 7.76696e-05 -0.0012119 0.000879432 -0.000554902 0.00223398 0.00220255 -0.00158108 0.000345704 -0.000310415 -0.00141874 -0.000884094 0.00342739 0.0049472 -0.000676954 -0.00254862 -0.000945706 0.00112948
internal_weight=22975 21302 20413 5416 14997 6429 8568 4189 5762 1954 889 2689 3073 2235 2240 1459 1255 632 2062 2806 1839 741
internal_count=22975 21302 20413 5416 14997 6429 8568 4189 5762 1954 889 2689 3073 2235 2240 1459 1255 632 2062 2806 1839 741
cat_boundaries=0 13 14 27 29 43 57 59 61 74 86 99 113 115 117 118 120 122 124 125
cat_threshold=3221356612 65600 33554432 270532608 268 4 0 33792 8 16810241 1384251392 268435464 1048608 224 570425344 28708 0 0 25821184 16777216 128 1342201856 536870912 9454594 201326608 17858816 1024 1410384080 82308 4096 77596688 0 512 268435456 570425600 512 0 37888 4104 16846848 2147486357 18433 2 29659160 0 536870912 0 1114112 33557569 0 65536 0 4200960 2097152 16 2214633484 21 3378042272 312224 1263703564 444073 262144 50463744 1 0 135266304 0 0 0 4 1080164352 128 2098176 32772 0 12320 0 0 0 0 0 0 536870912 0 0 64 0 134160 4097 128 134217728 536870912 0 134217728 2052 655368 16781472 2149586564 528 2097153 35653648 0 8196 402653184 536870912 0 0 34816 1076363272 553648256 2098176 8540690 2 80 1584 8913688 327699 2 2303201568 288 709834278 265340 41943634 14364 134250512
is_linear=0
shrinkage=0.045


Tree=71
num_leaves=23
num_cat=20
split_feature=0 4 0 3 3 0 0 3 0 0 0 3 3 5 5 3 0 0 0 1 0 3
split_gain=5.60167 4.68045 4.30487 3.7229 3.16616 3.1034 2.75587 2.55608 2.18206 2.12815 1.91918 1.92107 1.644 1.60893 1.49847 1.42385 1.48652 1.22499 1.20195 1.18742 1.17648 1.16471
threshold=0 1 2 3 4 5 6 7 8 9 10 11 12 0.89587973461402759 4.2413008733233104 13 14 15 16 17 18 19
decision_type=9 1 9 9 9 9 9 9 9 9 9 9 9 8 10 9 9 9 9 9 9 9
left_child=-1 3 7 -2 9 -5 -6 -3 12 -4 13 17 -8 -7 -13 16 -10 -12 -11 -16 -17 -19
right_child=1 2 4 5 6 10 8 -9 15 18 11 14 -14 -15 19 20 -18 21 -20 -21 -22 -23
leaf_value=-354.49549407910445 -175.28200668144436 -34.066984139662438 -229.82475564169349 -49.676659093897101 -96.335936929284017 869.91424274748465 -130.74209845470449 -252.85859140479539 -39.35793881968192 83.413626035359741 19.696104809271837 -11.079995908142616 4.6051205126695738 3.0510882854255184 10.606639349614865 -97.01588522675253 133.46986503623341 223.62245442308119 -71.212287854260239 496.62596479711874 11.589935549730457 855.46048394324009
leaf_weight=1598 1191 1351 1653 1380 1485 43 1376 2309 219 114 244 699 1368 2458 238 735 603 419 1256 264 1811 161
leaf_count=1598 1191 1351 1653 1380 1485 43 1376 2309 219 114 244 699 1368 2458 238 735 603 419 1256 264 1811 161
internal_value=-0.00106639 -0.000872482 -0.00134225 7.16287e-05 -0.000880362 0.000535315 -0.000388554 -0.00267157 3.527e-05 -0.00210989 0.00110467 0.00213181 -0.000904573 0.000266812 0.00096084 0.000801478 0.00241727 0.00380024 -0.000781477 0.00283928 0.000270914 0.00494088
internal_weight=22975 21377 14280 7097 10620 5906 7597 3660 6112 3023 4526 2025 2744 2501 1201 3368 822 824 1370 502 2546 580
internal_count=22975 21377 14280 7097 10620 5906 7597 3660 6112 3023 4526 2025 2744 2501 1201 3368 822 824 1370 502 2546 580
cat_boundaries=0 13 14 27 29 31 45 59 61 75 89 103 105 107 109 121 134 146 148 161 163
cat_threshold=3758227524 0 33554432 268435456 16777484 64 128 50176 8 18688 1384251392 285212680 1048608 2 41943040 340000 0 2129984 1082654720 16779264 256 8192 536870912 8946176 201326608 33024 67634432 37949702 411208 1779335300 167113 8 16805908 0 0 1130496 0 0 1342177280 32768 135211 603979776 3702788 16386 19 16781313 2128 0 2147483648 268468800 33555460 0 0 592896 3145728 538968064 33 2155889172 2 349192560 81924 4456448 2181039104 4096 8193 135397376 536871168 512 65536 36864 5192 16842752 1057300 2129928 1 6324240 33557508 603979776 128 163840 536871936 0 65536 0 4199432 16781312 2148534912 33304 4 4194304 2163712 1 0 134742016 553648384 512 65536 536871940 81788992 16777216 2147487776 2223147016 4 134251744 38964 18951682 340022 337717272 262178 0 92274688 1 0 0 0 0 0 0 4194304 128 2097280 32768 75499520 0 2097152 0 0 0 8192 0 524288 0 8704 16 65536 0 1073741824 5 0 0 0 0 1024 0 0 532480 1024 3584 16384 10616836 1610612736 0 0 0 0 0 0 3 4096 529408 10371 1120 4132
is_linear=0
shrinkage=0.045


Tree=72
num_leaves=23
num_cat=18
split_feature=0 3 0 0 0 2 1 0 3 2 0 2 0 5 3 5 3 5 5 0 0 0
split_gain=5.47108 4.46495 4.61361 3.54651 2.96354 2.67046 3.17116 3.07743 2.45138 1.85683 2.50779 1.80838 1.75209 1.58965 1.4837 1.21759 1.17733 1.15598 1.8018 2.78225 2.07494 1.69967
threshold=0 1 2 3 4 5 6 7 8 9 10 11 12 5.4531797844617023 13 5.3351284364833438 14 2.1383330595080281 4.2696729980286863 15 16 17
decision_type=9 9 9 9 9 9 9 9 9 9 9 9 9 10 9 8 9 8 8 9 9 9
left_child=-1 2 -2 -3 14 6 8 -7 -5 -9 16 12 -6 -14 15 -4 -11 -12 20 -20 -19 -21
right_child=1 3 4 5 11 7 -8 9 -10 10 17 -13 13 -15 -16 -17 -18 18 19 21 -22 -23
leaf_value=-370.98560544310465 -259.98715827714938 675.75084529087883 508.19254416738852 -157.12109607441607 -151.6855002248152 -108.19404785638582 -367.63452901849672 276.08987957309154 80.347100472233123 -105.53717427808253 221.05734675950987 20.449370615841762 -52.639076937055449 151.62833611078324 43.32079300014739 -56.598216840083815 -7.6894896608919767 -186.70450620877716 -30.85323505821243 16.359774553561824 2.3763438757299289 124.64895091131919
leaf_weight=1523 1920 106 78 355 2551 1757 1151 260 537 1059 248 909 1710 194 340 37 1269 647 1176 1976 1948 1224
leaf_count=1523 1920 106 78 355 2551 1757 1151 260 537 1059 248 909 1710 194 340 37 1269 647 1176 1976 1948 1224
internal_value=-0.00104681 -0.000859999 -0.00172371 -0.000371476 -0.00108738 -0.000438469 -0.00193358 -0.0001726 8.96007e-05 0.000138862 3.43644e-05 -0.00138449 -0.00175789 -0.000713989 0.00236081 0.00655512 -0.00124615 0.000448692 0.000341387 0.000898354 -0.000597806 0.00158312
internal_weight=22975 21452 7739 13713 5819 13607 2043 11564 892 9807 9547 5364 4455 1904 455 115 2328 7219 6971 4376 2595 3200
internal_count=22975 21452 7739 13713 5819 13607 2043 11564 892 9807 9547 5364 4455 1904 455 115 2328 7219 6971 4376 2595 3200
cat_boundaries=0 13 15 28 40 53 54 56 70 72 73 87 88 102 103 105 118 132 146
cat_threshold=3758227524 0 33554432 268435456 1090519308 4 128 50176 8 16794112 1384251408 268435464 32 726118414 429673 58720264 2112608 536875008 640 8912896 0 0 1073741824 2048 135424 218103808 16810496 32768 65552 0 0 128 0 0 0 0 0 16 32 64 20480 8519680 1 8197 268468224 0 0 134217728 32768 1073741824 0 532516 12290 2 2147500112 1120 4096 278532 536870912 40961 2417557504 16779328 0 268443648 32768 9469984 134287360 37024 67108864 16 12060192 16512 32 4472833 8224 1 2097152 0 570425345 256 1207959552 536870912 1076495362 67108864 1057296 11667456 2 7 17 4 2147483648 0 134348800 0 0 8192 536870912 32784 4096 2148533633 2222998557 5 167968770 2158512896 78096 8 127995904 4096 4 164352 256 0 0 5124 320 128 524549 2147488257 32768 33557504 0 0 0 1024 0 65536 0 4194304 536870912 16777216 41732 1 0 80 0 0 134217792 0 512 0 0 4198409 16777216 2149582848 33946 4
is_linear=0
shrinkage=0.045


Tree=73
num_leaves=23
num_cat=18
split_feature=0 4 3 0 3 0 0 0 5 0 3 0 3 0 0 5 3 0 5 0 5 3
split_gain=5.26184 4.12635 4.29616 3.57646 3.00021 2.95727 2.79809 2.7169 2.98582 2.06349 1.95726 1.91004 1.96586 1.89756 1.50969 1.46639 1.42984 2.05234 1.33028 1.27584 1.22358 1.18615
threshold=0 1 2 3 4 5 6 7 4.6001450180613412 8 9 10 11 12 13 0.89587973461402759 14 15 3.3140206880897671 16 3.4175922930736511 17
decision_type=9 1 9 9 9 9 9 9 10 9 9 9 9 9 9 8 9 9 10 9 10 9
left_child=-1 4 3 -3 14 -4 -5 -6 11 -10 -11 15 -13 21 -2 -9 17 -15 -14 -18 -20 -7
right_child=1 2 5 6 7 13 -8 8 9 10 -12 12 18 16 -16 -17 19 -19 20 -21 -22 -23
leaf_value=-306.72280686167966 -199.74671039678341 -243.25001905723801 -108.68361069967551 -196.05080544864316 -38.924145906924927 -95.627372547959993 -5.1768630804488094 1032.5339135054148 -25.836734129720227 540.13130628661088 165.77553317495867 512.1494786788445 -47.971833788749414 -93.988036277545532 -28.081812527712835 -54.770034146465086 -24.460345881993526 14.539291617150784 208.85293117612517 115.5073310006667 68.391127542218811 -1.3293116021326847
leaf_weight=1860 684 1911 1380 2790 1108 1139 2239 40 215 158 784 164 488 833 1199 1353 403 985 54 970 701 1517
leaf_count=1860 684 1911 1380 2790 1108 1139 2239 40 215 158 784 164 488 833 1199 1353 403 985 54 970 701 1517
internal_value=-0.00102918 -0.000825367 -0.00126625 -0.00206487 7.25169e-05 -0.000495442 -0.0014274 0.000642603 0.00119388 0.00311777 0.004 0.000401498 0.00156342 -5.14604e-05 -0.00145567 -0.000778293 0.000687011 -0.000142624 0.000921513 0.00177726 0.0021103 -0.000937782
internal_weight=22975 21115 14167 6940 6948 7227 5029 5065 3957 1157 942 2800 1407 5847 1883 1393 3191 1818 1243 1373 755 2656
internal_count=22975 21115 14167 6940 6948 7227 5029 5065 3957 1157 942 2800 1407 5847 1883 1393 3191 1818 1243 1373 755 2656
cat_boundaries=0 13 14 16 29 31 45 59 73 86 88 102 104 118 131 133 146 159 161
cat_threshold=3758227524 8192 0 268435584 16777228 512 128 1342227456 8 2308 1384251392 268468232 32 2 1798276228 171725 8388608 33554436 0 2097152 277512448 1024 0 0 536870912 8557568 220200976 17830400 2215642752 591598434 411208 33574913 268384 0 2129920 1572864 33554500 256 0 104448 2146304 671088640 289 67108868 2 40140800 5168 536870912 16 134217728 536870912 0 134291456 0 4718600 4224 1412 34842 1 4456456 25182228 0 0 1114368 536870912 0 0 0 5122 603979776 2167930896 16386 6 0 2102272 0 0 134217728 256 0 0 4 2097152 16777216 1024 2147483648 134251520 128 32768 67115008 1 0 134774784 16777216 512 65536 536870912 80232456 0 0 67145740 1 128 14352 16777216 25166848 1073745921 8192 8519680 1024 512 8192 536871936 5767176 67174400 2097680 2147504665 1 0 5156 0 0 8388608 0 0 0 536870912 12718080 150994944 1048576 10252 2161115690 286992 32784 2097168 0 4 268435712 0 0 0 0 1073746946 16777216 2149065732 41984 0 102760448 0 0 134250752 536870912 0 65536 0 8389632 4096 2176 2048 2155883018 74034
is_linear=0
shrinkage=0.045


Tree=74
num_leaves=23
num_cat=18
split_feature=0 3 0 0 0 3 2 0 0 3 0 5 0 2 0 5 3 3 0 5 4 5
split_gain=5.58024 4.38152 4.81966 3.47208 3.46183 3.41741 3.22953 2.21179 1.61684 1.49395 2.56142 2.52164 2.09533 1.29329 1.90375 1.14943 1.13098 1.10894 1.05529 1.01142 1.14315 1.38808
threshold=0 1 2 3 4 5 6 7 8 9 10 0.89587973461402759 11 12 13 5.4402485097224949 14 15 16 4.2121001622835372 17 5.0205801788306017
decision_type=9 9 9 9 9 9 9 9 9 9 9 8 9 9 9 8 9 9 9 10 1 10
left_child=-1 2 16 -4 5 -3 8 -8 -6 11 -11 -9 15 14 -5 -13 -2 -16 -15 -19 21 -21
right_child=1 4 3 13 6 -7 7 9 -10 10 -12 12 -14 18 17 -17 -18 19 -20 20 -22 -23
leaf_value=-298.1218548989126 486.75577152162231 -36.873839067890962 -222.77016086294697 -147.78157802063961 13.314716476347757 93.494020474442465 -112.43325323615846 332.90533611386303 -330.98945336703639 -75.261246899185153 7.091657170047692 48.662970887379089 -1.2755240782777619 -130.88421587420498 59.956874816305145 198.76635746678653 60.29412652335651 -228.32930575449615 93.950152718433074 7.3645821866772936 -7.5066544938056952 754.46193317279835
leaf_weight=1699 108 1157 2643 2491 223 1589 1529 35 1261 2078 3830 353 1089 206 556 154 228 546 702 56 407 35
leaf_count=1699 108 1157 2643 2491 223 1589 1529 35 1261 2078 3830 353 1089 206 556 154 228 546 702 56 407 35
internal_value=-0.00102135 -0.00082145 -0.00165469 -0.00188843 -0.000320512 0.00109971 -0.000690933 -0.000370706 -0.00262901 -5.30404e-05 -0.00038615 0.00114759 0.000884229 -0.0011845 -0.00152559 0.0032341 0.0035431 -0.000307073 0.000352173 -0.00116761 0.000287999 0.00479032
internal_weight=22975 21276 7978 7642 13298 2746 10552 9068 1484 7539 5908 1631 1596 4999 4091 507 336 1600 908 1044 498 91
internal_count=22975 21276 7978 7642 13298 2746 10552 9068 1484 7539 5908 1631 1596 4999 4091 507 336 1600 908 1044 498 91
cat_boundaries=0 13 15 28 41 55 57 58 72 84 86 100 114 115 129 131 133 145 146
cat_threshold=3758227524 64 0 268435584 16777228 68 128 1342227456 8 33024 310509568 285245448 32 726119438 429643 86016 131072 1073741824 8196 268468224 0 0 134217728 32768 1074790400 0 8224 12288 25165832 15392 2147483648 2097664 9044224 256 0 0 536872960 136208 218103824 1664 2147484672 10551313 2102304 128 532 134217728 4096 0 0 3072 17 16 2147491008 257 4 347079008 28816 2 4096 20 536870912 40961 2416984640 16779264 0 134225920 32768 1074790498 671158272 545 67108864 2 0 0 1610612736 1 0 0 0 8192 0 0 4224 512 68157520 16384 4227080 1124075520 0 0 557312 570426369 0 0 536940544 12715008 83886208 3153920 134144 17 32768 33556480 0 0 524544 536870912 0 0 536870912 8918016 83886080 2105344 10244 1 7 33816592 33554436 536870912 0 135266304 536870912 0 0 0 2097160 4224 2148536576 75548703 5 704708610 2048 557917184 294912 0 16 0 0 0 0 0 65536 0 2 0 1572880 2
is_linear=0
shrinkage=0.045


Tree=75
num_leaves=23
num_cat=20
split_feature=2 1 3 0 3 0 0 0 0 3 3 1 0 3 5 3 2 3 0 0 0 5
split_gain=5.06216 4.82329 5.32151 4.46268 2.74958 2.52765 2.41615 1.6931 1.67754 1.87202 1.75038 1.6176 1.39532 1.20699 1.16715 1.44311 1.14574 1.13132 1.28262 1.02446 0.904422 0.898034
threshold=0 1 2 3 4 5 6 7 8 9 10 11 12 13 4.2972622671762819 14 15 16 17 18 19 5.6646935841241897
decision_type=9 9 9 9 9 9 9 9 9 9 9 9 9 9 8 9 9 9 9 9 9 10
left_child=3 5 6 -1 -5 -2 17 16 10 -10 -7 -6 -11 -8 20 -16 -4 18 -3 -19 -9 -21
right_child=1 2 7 4 11 8 13 14 9 12 -12 -13 -14 -15 15 -17 -18 19 -20 21 -22 -23
leaf_value=-401.40838193742366 368.24561974011954 28.13833961201842 37.610266645147831 -180.58141455893588 19.433080398175093 42.017521994034951 -2.1439793298101568 3.7219940670511522 -51.892337270914147 18.837244081588523 -40.846395524324947 -403.68819938680241 114.74269576401947 -128.73723093016048 45.901363242257077 -86.559248099444986 -215.55051614352519 90.28170935874077 -102.40343228503744 -5.8486597074943436 -198.79846680077213 57.224532541846386
leaf_weight=2279 270 341 103 1582 1551 534 1439 223 1086 2607 1762 315 896 1262 644 693 2225 667 414 685 1271 126
leaf_count=2279 270 341 103 1582 1551 534 1439 223 1086 2607 1762 315 896 1262 644 693 2225 667 414 685 1271 126
internal_value=-0.000988054 -0.000601739 -0.00123488 -0.00214611 -0.0011159 0.000291962 -0.000176507 -0.00224434 0.000120704 0.000617147 -0.000869585 5.75069e-05 0.00112276 -0.0010798 -0.00148945 -0.000527634 -0.00315 0.000916035 -0.000498697 0.00163691 -0.00235829 0.000541311
internal_weight=22975 17248 10093 5727 3448 7155 4934 5159 6885 4589 2296 1866 3503 2701 2831 1337 2328 2233 755 1478 1494 811
internal_count=22975 17248 10093 5727 3448 7155 4934 5159 6885 4589 2296 1866 3503 2701 2831 1337 2328 2233 755 1478 1494 811
cat_boundaries=0 1 3 5 18 20 32 46 57 70 72 74 76 89 91 93 94 96 106 116 128
cat_threshold=3 36964 3200 3231203792 213380 3267395584 135172 0 0 8388868 0 0 65536 0 20736 16908288 268435712 33852 185472516 413400 8388608 1048576 0 0 0 0 0 0 0 0 0 2880 0 97392 0 0 134250752 0 512 65536 68612 77076745 1073741824 0 2147483648 4 16777216 15472 0 0 17432840 16777473 512 50176 536870912 4361 1577058304 262144 2172911616 603983872 517 0 6144 0 0 0 0 0 20615192 3329536 1107536198 164870 1073750880 382992 2147484736 1146 6291456 100663296 33554497 0 0 1024 0 0 0 0 0 2147484676 158 1075314960 16768 725648386 303624 160 9437504 16768 0 16 0 0 134250752 0 0 65536 4 9963528 0 15472 0 0 134217984 0 512 0 65536 256 16384 0 0 8192 0 536870912 0 134225984 1024 1572864 536870912 1
is_linear=0
shrinkage=0.045


Tree=76
num_leaves=23
num_cat=19
split_feature=0 4 3 0 3 0 0 0 5 0 5 0 3 0 3 3 2 0 3 0 0 5
split_gain=5.19148 3.59588 3.99901 3.79653 3.15018 2.89449 2.68102 2.46731 2.83624 2.19417 1.75983 1.62603 1.5359 1.51875 1.50118 1.36599 1.33774 1.32781 1.98545 1.09367 1.02247 1.25319
threshold=0 1 2 3 4 5 6 7 4.1510089048756029 8 4.7050052835523761 9 10 11 12 13 14 15 16 17 18 5.5965666693001079
decision_type=9 1 9 9 9 9 9 9 10 9 10 9 9 9 9 9 9 9 9 9 9 10
left_child=12 4 3 -3 13 -4 10 -6 17 -10 -5 15 -1 -2 -11 16 -7 -9 -19 -8 -16 -22
right_child=1 2 5 6 7 11 19 8 9 14 -12 -13 -14 -15 20 -17 -18 18 -20 -21 21 -23
leaf_value=-94.883455268339915 -173.81350960199751 -228.95163499044511 -95.730798120624598 -293.52183541390525 -32.378547625161751 -160.9576642146348 22.824869356421758 -73.571853051337598 709.6667499412531 -56.507689166853723 -21.148820611609416 7.597372839268183 -297.18303410464006 -16.776988807712662 39.630109326864861 1.0714079947602175 80.328265053918756 515.81708025090074 11.734069322275639 -8.21501472515952 166.1475934295517 1044.2530701520261
leaf_weight=468 800 2025 1330 1361 1269 977 208 935 212 268 801 4014 1659 1073 455 1124 146 116 931 1974 658 171
leaf_count=468 800 2025 1330 1361 1269 977 208 935 212 268 801 4014 1659 1073 455 1124 146 116 931 1974 658 171
internal_value=-0.000952802 -0.000735188 -0.00115062 -0.00198096 0.000105804 -0.000450415 -0.00122314 0.000693753 0.00127408 0.0025889 -0.00234315 -4.376e-05 -0.00306522 -0.0014634 0.00195077 -0.00100996 -0.00211322 0.00010887 0.00120255 -0.000106656 0.00259028 0.00353686
internal_weight=22975 20848 13960 6369 6888 7591 4344 5015 3746 1764 2162 6261 2127 1873 1552 2247 1123 1982 1047 2182 1284 829
internal_count=22975 20848 13960 6369 6888 7591 4344 5015 3746 1764 2162 6261 2127 1873 1552 2247 1123 1982 1047 2182 1284 829
cat_boundaries=0 13 14 16 29 31 45 59 73 86 100 102 115 117 119 120 133 135 148 161
cat_threshold=3758227524 8192 0 268435456 16777484 16777216 128 1342227456 8 33025 377618432 268468232 32 2 1779410054 429308 10485776 33554464 536870912 2097152 8945664 1024 0 134217728 536870912 13111304 153092112 16779904 68158976 591598434 411208 8392704 8390736 0 2129920 655424 2116 0 8192 33792 2113536 134217728 8481 2216693764 2 38043649 17044496 0 0 269484032 536870912 0 73728 34816 1180672 1073745920 1049860 2147518488 1 4194312 8409108 0 0 1114112 256 512 0 4 67116098 536870912 2167930900 2 7 2097152 2080 0 0 8912896 536871936 0 0 0 8388608 0 0 67108864 16793600 1056 0 8192 1216348160 570425600 0 0 536936448 138240 536870912 2626580 26129 5 1572880 260 0 5156 0 0 8388608 0 0 0 536870912 12718082 150994944 1048832 2147493900 16528 32 31457312 94979 22 2129920 3072 0 0 134774784 536870912 0 65536 32768 12713992 0 768 67141656 1207960704 2048 69632 10485760 3221225472 0 0 0 0 0 0 1073758208 0 532480 8192 0 85984256 1 0 134217728 0 0 0 536870912 2097160 16777216 9472 2048
is_linear=0
shrinkage=0.045


Tree=77
num_leaves=23
num_cat=18
split_feature=0 2 3 0 0 0 5 0 0 2 1 3 0 5 3 3 3 5 3 3 5 3
split_gain=5.61817 4.15141 4.08133 5.46567 3.31483 2.89864 2.70273 3.02365 2.45324 1.83804 2.73856 2.26557 1.91567 1.44919 1.28772 1.2252 1.22014 1.15358 1.22969 1.05251 1.02601 0.955045
threshold=0 1 2 3 4 5 4.2972622671762819 6 7 8 9 10 11 2.1383330595080281 12 13 14 6.590987390102673 15 16 4.135134555718313 17
decision_type=9 9 9 9 9 9 8 9 9 9 9 9 9 10 9 9 9 10 9 9 10 9
left_child=-1 2 3 -2 19 -3 7 -5 16 10 11 -6 13 -11 -7 -12 -8 18 -10 -4 21 -15
right_child=1 5 4 6 9 14 8 -9 17 12 15 -13 -14 20 -16 -17 -18 -19 -20 -21 -22 -23
leaf_value=-329.68759077598133 -197.45017179528602 517.30827146535466 -135.04352748351937 -255.77611984593688 -153.5002763668669 130.30549737301652 0.54383647960611248 -3.7896560699685855 65.987794452646042 536.56448806466653 -36.284390967314913 68.610088530639928 -4.2822766850936791 191.9135065042218 -8.3423111756723962 -333.92446013573459 -151.76530112313736 178.62179069479561 1.0670753402442004 -60.017060129998995 57.398707935873638 -45.354320582406615
leaf_weight=1614 2875 117 1090 1482 232 316 734 1151 609 169 230 553 5491 134 493 732 716 44 851 1015 1681 646
leaf_count=1614 2875 117 1090 1482 232 316 734 1151 609 169 230 553 5491 134 493 732 716 44 851 1015 1681 646
internal_value=-0.000946926 -0.000751861 -0.000885828 -0.00164196 -0.000350314 0.00217804 -0.000817379 -0.0018666 0.000115696 -3.6448e-06 -0.00132263 0.000649309 0.000281629 0.00127744 0.00115652 -0.00291992 -0.00120041 0.00138324 0.00116963 -0.00196623 0.00100304 -0.00034527
internal_weight=22975 21361 20435 8462 11973 926 5587 2633 2954 9868 1747 785 8121 2630 809 962 1450 1504 1460 2105 2461 780
internal_count=22975 21361 20435 8462 11973 926 5587 2633 2954 9868 1747 785 8121 2630 809 962 1450 1504 1460 2105 2461 780
cat_boundaries=0 13 14 16 29 43 55 69 83 84 86 88 101 103 105 107 109 111 113
cat_threshold=3758227524 0 0 268435456 16777484 64 128 1342227456 8 131328 1384251408 268435464 1048608 23 709342734 396921 62914568 2112608 536875008 0 143130624 16777216 512 0 536872964 4096 201326592 16810768 2147483649 4096 8405028 268435456 32768 81920 2308 0 8192 536870912 8437762 69206016 19955717 67651584 2 0 12292 0 0 0 0 0 0 536870912 2 0 64 294912 16777220 0 0 131072 0 0 65536 0 15254538 16777344 1053696 67144732 7 262160 67371028 1 2097152 268435456 536870912 0 8192 1024 8 4224 2149582852 17932 1 2 2147500112 1120 85458976 16512 48267281 33690624 4224 0 1216479232 4096 0 0 2052 1073741912 128 527360 269 2818621462 44 68157488 8192 138446344 545 570789896 262712 2173190432 12418 524432 65536
is_linear=0
shrinkage=0.045


Tree=78
num_leaves=23
num_cat=19
split_feature=0 3 0 0 0 2 0 3 1 0 5 0 0 3 1 2 0 0 1 3 5 5
split_gain=5.34559 3.76957 4.35974 2.49155 2.30266 2.84385 2.19534 2.14333 1.83671 1.64905 1.63886 2.82876 2.15556 1.92127 1.50112 1.49036 1.49 1.40231 1.3468 1.79459 2.02836 1.28044
threshold=0 1 2 3 4 5 6 7 8 9 4.6298509007569537 10 11 12 13 14 15 16 17 18 4.7317931335534196 0.89587973461402759
decision_type=9 9 9 9 9 9 9 9 9 9 8 9 9 9 9 9 9 9 9 9 8 10
left_child=-1 2 -2 -4 7 8 -7 16 -6 -5 12 -12 15 14 -13 -8 -3 -9 19 20 -11 -14
right_child=1 4 3 9 5 6 10 17 -10 18 11 13 21 -15 -16 -17 -18 -19 -20 -21 -22 -23
leaf_value=-282.52481071325388 -221.29725484567885 -99.338089965169019 -109.93640244412356 -33.411136550600702 3.3130867175373924 -90.231089725552891 512.22220746797848 534.32845250958451 -302.08593487220429 468.68682831669344 -32.79772416255291 225.04025790324621 200.8511395305799 17.41705179060051 79.742423247193543 8.0398060119546866 23.050780534157624 56.879492324217068 7.0453941627772751 68.32918351000248 553.91663902428854 -67.250496138748673
leaf_weight=1803 2124 543 2592 1480 436 1773 111 109 1218 68 1248 211 135 1612 617 1048 349 1362 725 277 41 3093
leaf_count=1803 2124 543 2592 1480 436 1773 111 109 1218 68 1248 211 135 1612 617 1048 349 1362 725 277 41 3093
internal_value=-0.000935175 -0.00073329 -0.00155985 -0.000851493 -0.000296715 -0.000559668 -0.000268358 0.000979578 -0.00227971 0.000136572 4.72971e-05 0.00074634 -0.000540329 0.00163336 0.00338571 0.00111827 -0.000756638 0.00203001 0.00143856 0.00355025 0.00821901 -0.00113611
internal_weight=22975 21172 7307 5183 13865 11502 9848 2363 1654 2591 8075 3688 4387 2440 828 1159 892 1471 1111 386 109 3228
internal_count=22975 21172 7307 5183 13865 11502 9848 2363 1654 2591 8075 3688 4387 2440 828 1159 892 1471 1111 386 109 3228
cat_boundaries=0 13 15 28 42 55 56 70 72 74 87 100 113 115 117 118 130 142 144 145
cat_threshold=3758227525 24576 0 268435456 16777228 16777280 128 1342227456 8 256 1451360256 268435464 32 721925134 396891 58982408 269408 0 2097680 8913152 0 0 0 2048 1184776 134217744 16810240 2156921856 16 33554436 536870912 0 134217728 0 0 8192 536870912 12582914 16781440 1578640 67160077 5 10485776 1075844096 128 645 1073741824 4096 0 0 3072 1179664 65552 2147488832 10502403 2 4214784 20 536870912 40960 269565952 536872965 0 8192 36864 8421378 671092736 1179809 0 18 2219311456 114816 2147483712 1120 32768 2097152 2214596608 129 1179648 0 0 65536 1028 2146320 0 2149582852 658 262144 92274720 4097 2097152 32768 256 512 0 536870916 1076364289 16777344 41236 7680 262144 75563104 4097 2097152 8519680 256 512 134217728 65540 67109896 16777344 20 6272 2149056992 49280 1622276 65536 33 0 5120 0 0 0 0 0 0 0 131072 0 2147484672 0 0 0 129 0 0 0 0 0 131088 0 4160 536871105 3120 704839682
is_linear=0
shrinkage=0.045


Tree=79
num_leaves=23
num_cat=20
split_feature=0 3 0 2 0 1 3 0 5 3 0 3 0 3 4 0 0 3 3 3 5 3
split_gain=5.33622 3.76255 4.02084 2.34658 3.07219 2.39907 2.57552 1.89076 1.71851 1.67474 1.62698 1.54577 1.6644 1.47301 1.394 1.35938 1.25004 1.2407 1.1725 1.1675 1.09194 1.01744
threshold=0 1 2 3 4 5 6 7 5.2704288588135384 8 9 10 11 12 13 14 15 16 17 18 4.0342014792848504 19
decision_type=9 9 9 9 9 9 9 9 8 9 9 9 9 9 1 9 9 9 9 9 10 9
left_child=-1 2 -2 5 8 6 -3 14 13 -10 17 12 -12 16 -4 19 -5 -6 -8 -13 21 -9
right_child=1 3 7 4 10 -7 18 20 9 -11 11 15 -14 -15 -16 -17 -18 -19 -20 -21 -22 -23
leaf_value=-379.40399009053397 -259.05140897270593 -197.11767929241196 -164.44096524539611 536.70608158093046 -16.161256653845854 -286.88461524697266 -71.28062191294471 395.48362980546318 32.692177727177011 220.60655397090648 -75.50365642950652 75.64477265028799 -2.2825842618927612 -34.099191365330796 -5.0254724319923092 15.314669315807199 15.185147293006903 -126.28802538326552 110.30537662554771 -57.467865645325908 54.986065194431433 -136.36383864142792
leaf_weight=1479 1563 355 1765 112 791 1398 263 120 447 480 1624 203 2260 1042 870 3287 1140 1039 446 1318 535 438
leaf_count=1479 1563 355 1765 112 791 1398 263 120 447 480 1624 203 2260 1042 870 3287 1140 1039 446 1318 535 438
internal_value=-0.000923424 -0.000741911 -0.00178286 -0.000400969 -0.000171102 -0.00167704 -5.85512e-05 -0.000972194 0.00104253 0.00267869 -0.000543384 -0.000285387 -0.000951746 0.000384145 -0.00162354 0.000253941 0.00141693 -0.00175896 0.00150416 -0.000854209 0.000598641 -0.000787501
internal_weight=22975 21496 5291 16205 13743 2462 1064 3728 3221 927 10522 8692 3884 2294 2635 4808 1252 1830 709 1521 1093 558
internal_count=22975 21496 5291 16205 13743 2462 1064 3728 3221 927 10522 8692 3884 2294 2635 4808 1252 1830 709 1521 1093 558
cat_boundaries=0 13 15 29 30 44 46 48 62 64 76 78 91 93 94 108 120 122 124 126 128
cat_threshold=3758227524 0 0 268435456 16777228 16777280 128 1342227456 8 131328 1451360256 268435464 32 705110030 134745 42237952 15392 536870912 0 8388864 0 0 0 2048 8426496 150994960 33040 16388 5 2 44072961 2491392 128 0 8388928 4096 256 64 0 1073741848 16777216 3136 266526 4 3221225536 1136 22549536 278656 2097168 4 0 0 134742016 0 0 73728 536870916 16394 4224 2150631040 2214637083 2 2172649488 28708 4096 8388612 536870912 2147524613 3222863872 570427397 0 0 4096 3 671158272 17969280 3498104480 12576 0 50346064 4097 2097152 32768 0 0 134225920 536969216 5771264 128 32784 67111937 9978032 86054 4 278552 67174400 0 512 268451840 0 0 0 2048 77644864 2097152 2654981 2214609536 3 0 2097152 0 0 0 0 0 0 0 16 0 1088 3222274896 348448 69255680 4 2112 49152 536936450 16
is_linear=0
shrinkage=0.045


Tree=80
num_leaves=23
num_cat=20
split_feature=0 2 0 0 3 0 3 3 3 0 0 3 0 2 3 0 3 5 5 3 1 0
split_gain=5.10717 3.28663 3.9231 3.07009 2.9394 2.47294 3.02621 2.44382 1.99631 1.7607 1.64523 1.41739 1.0772 1.07438 1.27075 1.44891 1.09792 1.02767 1.02408 1.70206 1.77707 1.61779
threshold=0 1 2 3 4 5 6 7 8 9 10 11 12 13 14 15 16 5.7975752026129497 4.2835627800822236 17 18 19
decision_type=9 9 9 9 9 9 9 9 9 9 9 9 9 9 9 9 9 10 8 9 9 9
left_child=-1 3 4 11 12 6 -4 -5 9 -7 17 -2 -3 14 -8 16 -16 -10 19 -12 -21 -20
right_child=1 2 5 7 -6 8 13 -9 10 -11 18 -13 -14 -15 15 -17 -18 -19 21 20 -22 -23
leaf_value=-296.57425634475334 -127.03823585353901 57.048488077119309 -165.79035297454357 -146.10610948777023 1.640791790037728 -69.194959575606205 -92.043011262991683 16.756374094926098 -36.495969846806766 -9.6685989927419502 47.786054158535123 -344.05067051400971 468.9752368020001 127.24523098995773 147.03471507855213 -58.690932060490752 -0.26353986568533239 84.406562090823556 -6.5464501601168514 32.036120084035595 -127.86709945520337 57.916787651687208
leaf_weight=1740 733 224 1549 1406 765 1316 1225 1474 1780 2691 680 1399 317 105 254 642 211 159 1081 430 929 1865
leaf_count=1740 733 224 1549 1406 765 1316 1225 1474 1780 2691 680 1399 317 105 254 642 211 159 1081 430 929 1865
internal_value=-0.000899923 -0.000706336 -0.000394427 -0.00171258 0.00195979 -0.00060195 -0.00156003 -0.000746889 -0.000251258 -0.00104914 0.000211504 -0.0030056 0.00446745 -0.000564109 -0.000771759 0.000333779 0.00221698 -0.000897233 0.000643885 -0.000130084 -0.00104705 0.00118148
internal_weight=22975 21235 16223 5012 1306 14917 3986 2880 10931 4007 6924 2132 541 2437 2332 1107 465 1939 4985 2039 1359 2946
internal_count=22975 21235 16223 5012 1306 14917 3986 2880 10931 4007 6924 2132 541 2437 2332 1107 465 1939 4985 2039 1359 2946
cat_boundaries=0 13 14 27 40 42 56 58 60 62 76 90 92 104 105 107 117 119 121 123 137
cat_threshold=3758227524 64 0 268435456 16777548 16777216 128 1342227456 8 256 377618432 268468232 32 3 44089345 1179648 4224 4 8388608 0 0 64 0 0 0 11204 258 48267264 4100 0 0 8388608 0 0 65536 536870912 2155892736 16777216 772 2148566044 2168472658 332072 16781312 14340 536870912 32768 1720832 33556485 256 0 536875008 2134050 134217728 1048577 67371008 2 2747740966 306712 184993348 413400 2047339566 144483 0 17040400 0 2097169 134250496 256 0 8192 33792 13763592 1073741824 16778256 3072 4 262152 2157970464 0 8192 65536 536870976 0 0 34816 1066048 553713664 2625536 2149634688 1 68482096 77841 35651584 0 0 0 8388608 0 0 0 0 0 0 8196 20 136889344 135392 0 14336 0 0 0 0 0 0 536870912 4096 2192 4 76025872 327944 1208484064 1024 0 117702656 1 2097664 268435456 256 512 8192 1024 524296 1073741824 2147483680 2048 4
is_linear=0
shrinkage=0.045


Tree=81
num_leaves=23
num_cat=19
split_feature=0 0 3 0 3 2 0 5 1 3 0 0 5 3 1 3 5 0 0 3 3 1
split_gain=5.06548 3.35732 3.83195 4.67868 2.38077 2.08005 2.45792 2.27412 1.65405 2.09182 1.53711 1.46642 1.36648 1.33865 1.77915 1.27562 1.25217 1.35479 1.2458 1.54671 1.23318 1.49894
threshold=0 1 2 3 4 5 6 5.3008111373035574 7 8 9 10 0.89587973461402759 11 12 13 3.3497501700808394 14 15 16 17 18
decision_type=9 9 9 9 9 9 9 8 9 9 9 9 8 9 9 9 8 9 9 9 9 9
left_child=-1 4 3 -3 -2 8 7 13 9 -4 -5 -8 -13 14 -7 -9 17 -14 19 -18 21 -20
right_child=1 2 5 10 -6 6 11 15 -10 -11 -12 12 16 -15 -16 -17 18 -19 20 -21 -22 -23
leaf_value=-362.91089035221688 -75.464330470865477 -216.41398380083868 -203.36320363340818 -123.9814318722275 276.52035150333256 186.32015795202133 -67.983738240589005 357.53617567901517 -394.73912878371061 22.671740107203927 -8.473453399305555 194.67872790420688 14.246127823623945 -18.555024190118075 -5.8996864063598089 83.37691874185785 -74.617816235119193 -181.83415458032277 -6.1309219304737912 3.5124949862321793 0.016016392859681663 135.39968274721735
leaf_weight=1365 307 1835 477 2368 527 238 1740 238 777 780 2883 154 230 1344 373 503 1336 697 291 2147 1935 430
leaf_count=1365 307 1835 477 2368 527 238 1740 238 777 780 2883 154 230 1344 373 503 1336 697 291 2147 1935 430
internal_value=-0.000897964 -0.000728426 -0.000841208 -0.0016902 0.00205319 -0.000400673 -0.000168153 0.00102031 -0.00172434 -0.000698583 -0.00100124 -0.00052664 -0.000242673 0.000218446 0.00194302 0.00314334 -0.000334891 -0.0018746 -0.000101857 -0.000660516 0.000630809 0.00220396
internal_weight=22975 21610 20776 7086 834 13690 11656 2696 2034 1257 5251 8960 7220 1955 611 741 7066 927 6139 3483 2656 721
internal_count=22975 21610 20776 7086 834 13690 11656 2696 2034 1257 5251 8960 7220 1955 611 741 7066 927 6139 3483 2656 721
cat_boundaries=0 13 26 28 42 44 45 59 61 63 77 91 93 95 97 111 124 126 128 130
cat_threshold=3758227525 0 0 268435456 16777228 512 128 1342227456 8 256 377618432 268435464 32 2162688 1179648 1073741952 5 0 4096 0 0 134217728 1073741840 536936480 8256 266496 721887758 396923 58720264 15456 4096 0 8388864 16777216 0 0 2048 10522624 1224736784 32768 76547076 1 2211020800 75812 2 42237968 1107314704 0 0 8536896 1088 256 0 2048 8388616 16777232 2048 1056783 1 545872 1120 1078513696 16512 4194320 35651588 536870912 128 134873088 1024 0 0 536870912 1180680 4224 1049344 2147534859 2 4214784 8650756 536875008 2105360 3222339584 33556484 0 8192 0 4194307 136318976 1085600 0 20 13139984 65792 4400 1026 14193664 128 0 4128 0 0 0 0 0 0 33796 1024 0 2147484688 3584 2 0 16850976 1 512 134742016 536871169 0 65536 536970240 5120 1073741952 2164786448 2149583488 342922400 24960 69226880 114816 1073759313 8
is_linear=0
shrinkage=0.045


Tree=82
num_leaves=23
num_cat=19
split_feature=0 2 0 0 3 0 3 0 3 0 4 5 5 4 1 3 3 2 3 0 5 3
split_gain=5.09217 3.42532 3.31516 3.17863 2.69783 2.72163 2.54649 2.352 2.16552 1.32098 1.63555 1.45736 1.3113 1.48755 1.96301 1.94011 1.24314 1.23021 1.21775 1.38547 1.20951 1.18718
threshold=0 1 2 3 4 5 6 7 8 9 10 2.3502401828962087 6.4052270920020655 11 12 13 14 15 16 17 4.9308638091439496 18
decision_type=9 9 9 9 9 9 9 9 9 9 1 8 10 1 9 9 9 9 9 9 10 9
left_child=-1 3 8 18 7 -6 -5 -4 9 10 -3 -11 13 21 16 -16 -15 -10 19 20 -2 -7
right_child=1 2 4 6 5 12 -8 -9 17 11 -12 -13 -14 14 15 -17 -18 -19 -20 -21 -22 -23
leaf_value=-335.83955513100193 242.81253129024705 809.88300304642758 -66.337630100820348 -127.28144264027947 -106.15775758063049 49.626766514841805 5.6270276436358584 13.245734226482885 190.40988866283354 931.98200360988312 6.5397276106066631 35.909648480283543 53.574817371104686 -28.331277714412025 -8.767120784815436 -193.81641856817262 38.50723462878539 -49.167590484968962 -350.58961152920796 -349.22586204185853 -76.240637646422357 -40.921234011707675
leaf_weight=1407 91 63 948 1397 2929 1147 1737 3121 571 68 51 1778 107 455 873 1399 628 1509 1485 258 172 781
leaf_count=1407 91 63 948 1397 2929 1147 1737 3121 571 68 51 1778 107 455 873 1399 628 1509 1485 258 172 781
internal_value=-0.000897964 -0.000725256 -0.0004073 -0.00173816 -0.000772259 -0.00123641 -0.000835348 0.000177529 0.000710759 0.00177992 0.00628571 0.00146286 -0.0006331 -0.000734817 -0.00130697 -0.00205298 0.000275341 -0.000301148 -0.00313528 -0.00119043 0.00109636 0.000261139
internal_weight=22975 21568 16428 5140 12388 8319 3134 4069 4040 1960 114 1846 5390 5283 3355 2272 1083 2080 2006 521 263 1928
internal_count=22975 21568 16428 5140 12388 8319 3134 4069 4040 1960 114 1846 5390 5283 3355 2272 1083 2080 2006 521 263 1928
cat_boundaries=0 13 14 27 40 42 56 58 72 74 86 87 88 90 92 94 95 97 110 112
cat_threshold=3758227525 0 33554432 268435456 16777228 0 128 1342227456 8 2308 377618432 268435464 32 3 44335104 33685504 128 2097156 1082130688 0 256 64 0 0 16842752 2147494848 536986 48267264 4100 0 0 8388864 0 0 65536 536870912 2155892736 16777216 35076 2148566044 1144523152 344324 16777216 1075854404 4096 0 540736 64 512 8192 536903680 4097 1207959552 1081345 67111936 20 185341508 413400 4096 25165824 536870912 0 1048576 16777536 0 0 6148 74499138 134217728 17334308 8405504 3 3833611864 332714 0 131072 0 0 0 0 0 0 0 0 16777216 192 4 2 1611137061 1280 2747273792 8728 432031236 10752 208 76600368 8208 33554432 0 0 0 8388608 0 0 0 0 0 0 32768 8 159404134 47248
is_linear=0
shrinkage=0.045


Tree=83
num_leaves=23
num_cat=20
split_feature=0 2 0 0 4 0 3 3 5 0 3 3 3 5 3 0 0 3 0 0 1 1
split_gain=4.64233 3.08844 3.71416 2.91732 2.31959 3.28926 3.62218 2.6578 3.03967 3.82615 2.31293 2.25569 2.14974 2.29816 2.0254 2.47269 1.79793 1.53161 1.31363 1.20035 1.15089 1.10065
threshold=0 1 2 3 4 5 6 7 3.8176519431297078 8 9 10 11 0.89587973461402759 12 13 14 15 16 17 18 19
decision_type=9 9 9 9 1 9 9 9 8 9 9 9 9 8 9 9 9 9 9 9 9 9
left_child=17 2 11 10 7 6 -6 8 -5 -10 -3 -2 13 -4 15 -7 -16 19 -9 -1 -11 -15
right_child=1 3 12 4 5 14 -8 18 9 20 -12 -13 -14 21 16 -17 -18 -19 -20 -21 -22 -23
leaf_value=-11.812956288934352 -129.96073571394604 -48.910704444206701 1521.3933468692296 -62.16513980527813 -3.9067253763993102 -116.73708686364273 -192.58243855026549 -85.835108635487344 514.03359830899717 -168.85904951557379 -214.20653700249122 5.647808220808952 -1.4694804048822243 394.53997336680197 -25.329654998233053 0.11174263692349733 36.65752417900007 -291.14140138464899 5.2595069242243282 -400.85825520175337 104.73360250587452 24.519832364890213
leaf_weight=692 973 1758 47 541 1311 1503 2260 883 239 138 1642 1148 1036 909 694 2020 1403 935 1234 500 574 535
leaf_count=692 973 1758 47 541 1311 1503 2260 883 239 138 1642 1148 1036 909 694 2020 1403 935 1234 500 574 535
internal_value=-0.000878379 -0.000672628 0.00034957 -0.000965952 -0.000653295 -0.00103334 -0.00209866 0.000312793 0.00175931 0.00330063 -0.00213658 -0.00103587 0.00151181 0.0026018 -0.000351564 -0.00100948 0.0007532 -0.00287588 -0.000712307 -0.00176412 0.00154144 0.00229046
internal_weight=22975 20848 4648 16200 12800 9191 3571 3609 1492 951 3400 2121 2527 1491 5620 3523 2097 2127 2117 1192 712 1444
internal_count=22975 20848 4648 16200 12800 9191 3571 3609 1492 951 3400 2121 2527 1491 5620 3523 2097 2127 2117 1192 712 1444
cat_boundaries=0 14 15 29 42 43 57 59 61 74 76 78 80 82 95 109 111 124 138 140 142
cat_threshold=3758227524 0 4096 268435456 16777484 16777216 128 1342211072 8 131328 511836160 268468232 32 1 240 33587200 67128436 0 2147483648 143654912 0 0 65536 1024 2098178 1073741824 3802128 139280 4 20975616 1073820676 67108864 512 0 33554497 0 0 2048 22530 1090519056 17826048 10488078 2 8388608 33554432 0 2129984 9043968 1280 256 134225920 536903680 11042904 2097152 132 68159120 4 2236617592 82193 1747485828 113104 2097152 0 0 0 8912896 1024 0 65536 0 2621440 0 0 2214592528 2509293776 102830 2874736678 27608 2312390710 183172 198149668 221076 2097169 131072 805306368 5 402653184 536870916 0 16384 1024 1048576 4224 7680 2147524608 35946496 27262976 1 8192 134217728 0 0 0 4096 5242880 536870912 1 2147504129 2 2283311856 285060 8 16777216 1 2097152 1048576 536870912 0 73728 536870912 2097152 0 2147484164 2214650368 0 0 4096 0 264 0 0 1073741824 0 256 469893120 32768 0 1 0 1024 802820 3087
is_linear=0
shrinkage=0.045


Tree=84
num_leaves=23
num_cat=19
split_feature=0 2 0 0 5 0 2 0 3 3 0 3 5 3 0 3 0 3 0 5 3 3
split_gain=4.75569 3.32394 3.60402 3.33339 2.79147 3.8915 3.29004 3.11676 2.52427 2.51778 2.37301 2.61039 2.40043 2.02191 1.77923 2.75625 1.73687 1.56123 1.54347 1.49329 1.66699 1.40041
threshold=0 1 2 3 4.6298509007569537 4 5 6 7 8 9 10 6.2334293711344477 11 12 13 14 15 16 5.3589392201907193 17 18
decision_type=9 9 9 9 8 9 9 9 9 9 9 9 10 9 9 9 9 9 9 10 9 9
left_child=-1 3 -3 -2 6 21 -4 17 -5 18 13 12 16 -7 15 -11 -12 -8 -9 20 -18 -6
right_child=1 2 4 8 5 10 7 9 -10 14 11 -13 -14 -15 -16 -17 19 -19 -20 -21 -22 -23
leaf_value=-300.72936804846722 -288.13118154964945 485.0445236747554 210.27603986253862 -141.0113894717891 12.317504492775628 21.03680677312531 -88.06466137826429 -191.68683969958059 5.5847744699419835 -80.993649851072504 -4.6698345825395888 5.8399893422128741 550.49489258253436 -67.608161600328245 -55.786939115542758 92.07592900462609 171.93485143473239 38.295451749034378 -66.390094443705152 239.40141251150496 -3.3740230232704458 -100.28013364990066
leaf_weight=1368 1867 248 278 1476 329 1249 350 1582 1827 697 382 1730 145 936 3005 904 374 944 1501 293 303 1187
leaf_count=1368 1867 248 278 1476 329 1249 350 1582 1827 697 382 1730 145 936 3005 904 374 944 1501 293 303 1187
internal_value=-0.000854878 -0.000690435 -0.000376711 -0.00168468 -0.000460806 0.000222077 -0.000972094 -0.00112212 -0.000818553 -0.00146611 0.000786503 0.0015602 0.00293141 -0.000358444 -0.00079515 0.000415684 0.00235303 0.000916538 -0.00246155 0.00334521 0.00220692 -0.00178469
internal_weight=22975 21607 16437 5170 16189 6928 9261 8983 3303 7689 5412 3227 1497 2185 4606 1601 1352 1294 3083 970 677 1516
internal_count=22975 21607 16437 5170 16189 6928 9261 8983 3303 7689 5412 3227 1497 2185 4606 1601 1352 1294 3083 970 677 1516
cat_boundaries=0 13 14 27 40 54 55 68 70 72 86 88 90 104 106 120 122 136 138 140
cat_threshold=3758227524 0 0 268435456 16777228 16777216 640 1342211072 8 2048 377618432 285212680 32 3 8388608 0 0 0 0 0 0 0 0 0 0 832 2621440 6324224 4100 0 0 8388864 0 0 65536 536870912 2155892992 16777216 33028 1082396 4096 25243696 4096 512 540672 4356 0 8192 5124 2097161 151060480 163840 18944 2 96 2113537 92471296 67108864 2105349 8388608 256 0 134225920 70656 83886337 65536 2147485700 16642 187225156 413400 726116198 298097 8 67374080 1 2149580820 135299648 570425344 0 0 536903680 529664 0 2148533284 1154 1 3360216132 322224 3822619228 262324 0 13424 4096 0 134348800 0 0 16384 32772 1180680 16777216 1152 2072 4 3291486208 12936 2097152 4 0 0 268435456 0 0 0 0 4325376 0 2629632 2147516416 4 1091620902 328240 16 15460 0 0 1573120 0 0 65536 536903684 2117642 134217728 1048576 2214625288 4 2281750528 279200 167788800 65804
is_linear=0
shrinkage=0.045


Tree=85
num_leaves=23
num_cat=20
split_feature=0 0 3 0 0 0 2 1 3 0 5 3 3 0 0 0 3 0 3 0 5 3
split_gain=4.513 3.22843 3.14117 3.5024 2.10526 2.07922 1.98149 2.4824 2.44933 1.97842 1.95816 1.558 1.39087 2.33148 1.99374 1.3656 1.24127 1.15598 1.10872 1.39913 1.47264 1.01456
threshold=0 1 2 3 4 5 6 7 8 9 2.1383330595080281 10 11 12 13 14 15 16 17 18 4.135134555718313 19
decision_type=9 9 9 9 9 9 9 9 9 9 10 9 9 9 9 9 9 9 9 9 10 9
left_child=-1 -2 3 -3 -4 -5 7 8 -6 10 17 -12 14 -14 -11 -15 -9 -8 -17 -20 -21 -10
right_child=1 2 4 5 6 -7 9 16 21 12 11 -13 13 15 -16 18 -18 -19 19 20 -22 -23
leaf_value=-395.60817178925106 695.00792806302184 -215.89801268202396 -89.899691908432629 71.703734901105747 -108.03718463946113 -63.775004697680487 1416.0535470659599 42.784139111129228 -43.864567446836269 -93.296840009921738 109.50217850630709 -5.212544045826907 -64.282206829810391 -2.3198607396813387 -4.627189097894294 -4.1090007324235076 -257.28779603209216 44.728910497794082 6.4270158405974556 20.536357301260438 198.44458235846045 129.19525987515502
leaf_weight=929 105 2133 1775 335 353 2826 103 102 260 1797 821 1884 1112 1892 2911 567 1218 156 556 356 403 381
leaf_count=929 105 2133 1775 335 353 2826 103 102 260 1797 821 1884 1112 1892 2911 567 1218 156 556 356 403 381
internal_value=-0.000862712 -0.000731572 -0.000770944 -0.00172503 -0.000466506 -0.000767256 -0.00029085 -0.00149742 0.000205764 -6.73042e-05 0.000946572 0.000590136 -0.000381325 0.000150673 -0.000932416 0.000684627 -0.00277027 0.00467241 0.0015396 0.00225509 0.00350778 0.00185375
internal_weight=22975 22046 21941 5294 16647 3161 14872 2314 994 12558 2964 2705 9594 4886 4708 3774 1320 259 1882 1315 759 641
internal_count=22975 22046 21941 5294 16647 3161 14872 2314 994 12558 2964 2705 9594 4886 4708 3774 1320 259 1882 1315 759 641
cat_boundaries=0 13 25 27 41 54 67 68 70 72 85 87 89 103 117 130 132 145 147 161 163
cat_threshold=3758227524 0 33554432 268435456 16777228 512 128 33792 8 0 42074112 268435464 32 0 1048576 0 0 0 0 0 0 134217728 16 65536 64 705110030 396873 41975808 15392 536870912 0 8388864 0 0 0 2048 169224 218103824 1081600 67125261 1 20480 4 335544320 2147491968 1114112 33556484 0 1476411392 0 1064962 1006632960 16818180 525440 65536 75628560 0 8321 1048576 1024 0 0 32768 1074266112 0 2105348 8320 2 1073741888 1136 89657888 16512 10518529 1073872896 128 16 8389440 0 768 0 0 1073874248 0 2147484672 9437454 13632528 98610 2429584928 12466 33816584 75497472 536870912 513 0 16782656 0 8192 2048 69240832 4096 4257 67129872 3 16 2111600 0 1 2550693888 536870912 0 0 65536 8912897 1073746064 3147904 2214600704 20 0 19226640 0 2097152 540672 536870913 0 65536 536904704 21495808 18874368 1048848 2149613569 84938784 8192 32768 0 0 0 0 0 0 0 0 0 0 2147483648 12 1091043584 49152 0 33554432 4097 0 134250496 0 0 0 65536 8388608 1073741824 2621952 2048 4 10503168 20
is_linear=0
shrinkage=0.045


Tree=86
num_leaves=23
num_cat=19
split_feature=0 2 0 0 1 3 3 0 3 0 0 3 3 0 5 5 3 0 3 5 2 0
split_gain=4.70458 2.99557 3.43107 3.16773 2.4092 3.19754 1.98082 1.45827 1.66938 2.10976 1.60445 1.15329 1.13839 1.31721 1.11198 1.10946 1.08764 2.10203 2.11524 1.19881 1.14785 1.32458
threshold=0 1 2 3 4 5 6 7 8 9 10 11 12 13 1.2424533248940004 1.2424533248940004 14 15 16 3.1984648276080736 17 18
decision_type=9 9 9 9 9 9 9 9 9 9 9 9 9 9 8 10 9 9 9 8 9 9
left_child=12 2 11 -3 5 -5 -4 -6 10 -10 -9 15 13 -1 -11 -2 20 18 -18 -20 -7 -22
right_child=1 3 6 4 7 16 -8 8 9 14 -12 -13 -14 -15 -16 -17 17 -19 19 -21 21 -23
leaf_value=-41.808432310674448 362.42441695913249 936.72992249670426 -134.10769697736748 -131.23439064073744 -16.643090595834714 91.959141467477451 10.121385110449554 -13.922296578384664 -16.165775466795072 894.12769020778194 108.89279026630079 -316.3700015429817 -276.76234884380409 -450.49410111471764 40.623581544161304 -182.94339916575288 -197.86841151796938 -8.8718801079993082 408.49660406394815 87.0396613508196 26.414476866699502 -84.694993758072783
leaf_weight=539 38 130 1538 2574 1699 118 1658 466 3438 56 649 1271 1001 377 2242 495 110 1724 56 370 601 1825
leaf_count=539 38 130 1538 2574 1699 118 1658 466 3438 56 649 1271 1001 377 2242 495 110 1724 56 370 601 1825
internal_value=-0.000850961 -0.000655245 -0.00161612 -0.000355073 -0.00041443 -0.00100961 -0.000723817 9.98588e-05 0.000392757 8.14186e-05 0.00197649 -0.00318172 -0.00297901 -0.00177479 0.00113377 -0.00134587 -0.00032143 0.000396126 0.00282482 0.00425342 -0.000957748 -0.00117391
internal_weight=22975 21058 5000 16058 15928 7378 3196 8550 6851 5736 1115 1804 1917 916 2298 533 4804 2260 536 426 2544 2426
internal_count=22975 21058 5000 16058 15928 7378 3196 8550 6851 5736 1115 1804 1917 916 2298 533 4804 2260 536 426 2544 2426
cat_boundaries=0 13 14 27 40 42 44 46 59 61 74 87 89 91 103 105 119 121 122 136
cat_threshold=3758227524 64 0 268435456 1090519116 16777216 128 1342211072 8 256 511836176 268468232 32 3 6324224 4100 0 0 8388864 0 0 65536 536870912 2155892736 16777216 260 2148566044 8388608 1073872896 0 0 0 0 0 0 0 0 0 576 2 1343491090 74511 908571430 269914 1795736644 412380 16797697 2155872256 603979776 33281 2415919104 33558593 512 8192 524288 0 65536 17956880 420480 69730632 17160 4194320 117702656 128 2105344 134218496 1284 0 134217728 98304 0 0 2622464 8422428 262144 2097152 1 0 8388608 0 0 0 0 0 0 2148017152 32776 68473904 73776 2283278896 6532 2147483648 64 0 0 16777288 16777216 0 32768 0 256 469762048 32768 2311603272 32896 8 14384 0 0 0 536870912 0 0 0 135169 1073741824 0 0 4 1073741824 24832 96 0 0 0 0 0 0 0 65536 3076 5898312 16777216 0 0 2
is_linear=0
shrinkage=0.045


Tree=87
num_leaves=23
num_cat=19
split_feature=0 2 0 3 0 3 3 5 0 0 0 3 4 2 0 3 0 3 5 5 3 3
split_gain=4.42037 2.78431 4.30365 3.01626 2.97039 3.03584 2.56073 1.77374 3.55945 2.15342 1.79807 2.27796 2.20499 1.62701 1.68195 1.93769 1.59622 1.57181 1.37711 1.21651 1.20147 1.14853
threshold=0 1 2 3 4 5 6 4.6298509007569537 7 8 9 10 11 12 13 14 15 16 0.89587973461402759 5.344720891341141 17 18
decision_type=9 9 9 9 9 9 9 8 9 9 9 9 1 9 9 9 9 9 10 10 9 9
left_child=-1 2 -2 -4 6 -6 -3 9 -9 -7 21 19 20 -11 17 -16 -8 -15 -19 -12 -13 -10
right_child=1 4 3 -5 5 7 16 8 10 13 11 12 -14 14 15 -17 -18 18 -20 -21 -22 -23
leaf_value=-365.01428314030665 -245.46843445387029 81.045362026026922 -114.69246278441884 52.277484094949386 -159.64901155931173 -123.78647137959354 -126.08590837624243 -67.371978810410553 105.31812787029499 311.22553577881718 95.106781190122419 5.4045542172090242 -5.8918324347485003 -153.98115215423709 -38.890872926737188 23.863716539040464 12.591552569258322 243.6660042596969 -21.776301079039779 178.3415912096242 379.65217349616876 -26.449933235782392
leaf_weight=1085 2060 1932 822 865 1281 1518 654 1232 298 189 448 270 1333 1369 1579 1399 642 46 1794 248 389 1522
leaf_count=1085 2060 1932 822 865 1281 1518 654 1232 298 189 448 270 1333 1369 1579 1399 642 46 1794 248 389 1522
internal_value=-0.000841168 -0.000700622 -0.00181604 -0.000124486 -0.000469211 -0.000737088 0.000766666 -0.00053884 6.26949e-05 -0.000976825 0.000649114 0.00138667 0.000601795 -0.000610051 -0.000738265 3.31093e-05 -0.000777524 -0.00145157 -0.000583154 0.00358474 0.00272995 -0.000442141
internal_weight=22975 21890 3747 1687 18143 14915 3228 13634 5740 7894 4508 2688 1992 6376 6187 2978 1296 3209 1840 696 659 1820
internal_count=22975 21890 3747 1687 18143 14915 3228 13634 5740 7894 4508 2688 1992 6376 6187 2978 1296 3209 1840 696 659 1820
cat_boundaries=0 13 14 27 29 42 44 46 60 74 88 90 91 92 105 107 119 121 123 125
cat_threshold=3758227524 0 0 268435456 16777228 0 128 1342211072 8 1 109182976 268435464 32 2 4227072 4100 0 0 8519936 0 0 65536 536870912 20744 150994944 34048 2147517468 256397350 149164 10846208 33685520 128 2147483648 1082261568 0 256 0 1024 1074921784 0 2147492932 4356 302456844 132161 16649784 135678 4096 25243680 4096 516 0 553648388 512 8192 36868 0 134287360 163969 2116609 2 16777232 1074020356 0 16 1114368 2113 0 65536 0 4212738 2101296 17832576 67117056 20 8 69209092 1 2097152 403227136 33554432 0 0 536870912 2098240 285212800 1579296 642 1 2151698496 311936 2 96 33554432 2112608 536870913 32769 268435456 536871936 0 0 536872960 10522624 1476395008 2129936 2147647496 2303776898 295100 0 0 0 0 0 0 0 0 1024 131336 0 2147484672 759695138 281144 545784368 65792 17334274 2048
is_linear=0
shrinkage=0.045


Tree=88
num_leaves=23
num_cat=20
split_feature=0 2 0 3 0 3 3 2 0 5 4 3 1 0 3 0 0 0 3 0 5 0
split_gain=4.50531 2.52025 4.3474 2.82758 2.43106 2.45805 2.11195 1.93813 2.12521 1.92631 1.87433 3.11587 2.75665 2.75514 2.45976 2.85982 1.69009 1.68116 1.79328 1.62953 1.57266 1.43115
threshold=0 1 2 3 4 5 6 7 8 3.5408542930527882 9 10 11 12 13 14 15 16 17 18 5.1269313471631675 19
decision_type=9 9 9 9 9 9 9 9 9 8 1 9 9 9 9 9 9 9 9 9 10 9
left_child=-1 2 -2 -4 6 -6 -3 -7 -9 17 11 12 -11 -13 19 -16 -8 -10 -19 -12 -14 -17
right_child=1 4 3 -5 5 7 16 8 9 10 14 13 20 -15 15 21 -18 18 -20 -21 -22 -23
leaf_value=-349.1152627711329 -233.90195461880069 101.85649367554787 -105.98352235442337 56.553206724633839 -154.1159409985637 138.84887029559678 804.11804275590498 -79.463429253292617 -171.07975279819792 647.18172553347517 -129.07811200743714 -66.038317705972659 16.947850735226702 41.940719568597544 -40.071836054772888 -1.996655812255689 -19.56474902095086 110.38648930769212 -73.056063797783011 -10.977243330180183 488.20910622613724 37.909239282823762
leaf_weight=1155 2083 1367 849 801 1191 321 101 1799 959 113 1188 1077 296 1454 1004 940 2471 382 854 1371 61 1138
leaf_count=1155 2083 1367 849 801 1191 321 101 1799 959 113 1188 1077 296 1454 1004 940 2471 382 854 1371 61 1138
internal_value=-0.000841168 -0.000694624 -0.00175794 -2.70769e-05 -0.000474143 -0.000749365 0.000513666 -0.000568009 -0.000656785 -0.000417689 -0.000115573 0.000792706 0.00410788 0.00015749 -0.000598885 0.000258887 -0.000247292 -0.00160788 -0.000490386 -0.00162602 0.0019878 0.00121005
internal_weight=22975 21820 3733 1650 18087 14148 3939 12957 12636 10837 8642 3001 470 2531 5641 3082 2572 2195 1236 2559 357 2078
internal_count=22975 21820 3733 1650 18087 14148 3939 12957 12636 10837 8642 3001 470 2531 5641 3082 2572 2195 1236 2559 357 2078
cat_boundaries=0 13 14 27 29 42 44 46 47 60 61 63 65 79 81 95 107 121 123 136 150
cat_threshold=3758227524 0 0 268435456 16777228 16777728 128 1342211072 0 512 1182924800 268435464 1048608 2 4227072 4100 0 0 8519936 0 0 65536 536870912 20744 150994944 34052 2147517468 258527270 149164 2195456 33685504 128 0 1082261568 0 768 0 65536 1073741880 0 2148017252 4364 302456844 132161 282985592 131354 32 16781312 1084229668 2751463424 2147516421 2148532736 2113 0 0 8 2 134221856 16814208 2097152 2 1210089472 104448 34848 74752 33816584 16789504 1 0 65536 0 0 0 536870912 4194624 822083584 3145984 2147510784 3 1770032162 113056 33832960 67108880 1 8192 524288 5124 0 134225920 38912 2638848 268435456 2097937 16387 3 2097152 0 0 0 0 0 0 0 0 0 0 64 0 83911680 0 0 524544 1024 0 65536 2048 16274432 2097280 1051136 67108880 20 1620574226 28944 0 275456 0 2105344 268992768 536871936 0 90112 536870912 8425472 0 1051136 67112464 0 2147758080 0 512 402685952 536871168 0 0 536871936 4227073 16 0 2214593024 4
is_linear=0
shrinkage=0.045


Tree=89
num_leaves=23
num_cat=20
split_feature=0 3 0 0 3 0 0 2 1 0 1 2 5 0 3 3 0 5 0 3 0 1
split_gain=4.31402 2.53594 4.79735 2.86187 2.62297 1.98311 1.88255 1.46723 1.33009 1.25858 1.22913 1.18402 1.22196 1.1017 1.41828 1.26459 1.2392 2.17766 1.07856 1.05698 1.05545 1.17874
threshold=0 1 2 3 4 5 6 7 8 9 10 11 6.9092530334720372 12 13 14 15 7.0492544644954718 16 17 18 19
decision_type=9 9 9 9 9 9 9 9 9 9 9 9 10 9 9 9 9 8 9 9 9 9
left_child=-1 2 -2 4 10 -4 -5 13 -9 -6 -3 12 20 14 -8 18 17 -17 -15 -11 -7 -22
right_child=1 3 5 6 9 11 7 8 -10 19 -12 -13 -14 15 -16 16 -18 -19 -20 -21 21 -23
leaf_value=-309.49198830191932 -148.95027811188652 -143.25122008302509 -69.719495206283284 -106.41712782452065 20.721256848252551 -28.840445346143859 14.359539322706803 -5.4876509277576888 -287.94104117597578 15.72952076383875 6.5223859336865253 406.24857166363142 193.21716415766517 -67.665493504101647 -93.435621917441637 -7.5259562976809651 72.821356961106844 471.25849124272293 7.9168864874954075 149.71169622101564 542.59379051571989 5.0674686573927428
leaf_weight=1176 2788 351 3598 1274 534 2526 712 842 619 380 290 203 40 918 1032 1009 1198 48 1225 559 114 1539
leaf_count=1176 2788 351 3598 1274 534 2526 712 842 619 380 290 203 40 918 1032 1009 1198 48 1225 559 114 1539
internal_value=-0.000827459 -0.000682707 -0.001172 -0.00020081 0.00128269 -0.000610683 -0.00055535 -0.000285425 -0.0015611 0.00232424 -0.0011095 2.84157e-05 -0.000137203 2.04734e-05 -0.000932803 0.000399999 0.00114138 1.26276e-05 -0.000382136 0.00331703 -0.000214184 0.000667567
internal_weight=22975 21799 10808 10991 2114 8020 8877 7603 1461 1473 641 4422 4219 6142 1744 4398 2255 1057 2143 939 4179 1653
internal_count=22975 21799 10808 10991 2114 8020 8877 7603 1461 1473 641 4422 4219 6142 1744 4398 2255 1057 2143 939 4179 1653
cat_boundaries=0 14 16 29 42 44 58 72 73 75 87 89 90 104 106 108 121 135 137 151 153
cat_threshold=3758231620 0 0 268435456 16777228 16777280 128 1342211072 0 4 109182976 268435464 32 16 726115846 401099 58720280 2178148 0 0 8519936 0 512 0 0 135489 1207959568 1084416 2147484672 44040208 144448 0 1 402784576 4 256 0 0 135185 144 7364 8193 1084231968 57360 4194305 16 0 0 403177472 0 0 0 536870912 12616712 285212800 19403652 68165646 1 16384 17039360 1610612736 32768 2148597760 4096 0 134234112 6144 3196930 404815872 8225 545280 2 53 5200 1136 44040192 0 0 1 402653440 4 0 0 0 0 128 128 1040 3072 23 262144 16388 1 8192 540672 536873217 0 8192 32768 17301504 553652224 2130688 69239168 4 1073760728 49408 3490728136 65572 32768 2099248 0 2097152 0 1024 512 0 536871948 4194304 0 2147483664 2147485714 8 109051920 0 0 0 0 0 65536 536870912 12584200 0 2165309440 8391684 1 2483568704 256 32768 67108864 3288338432 2097808 0 536871940 0 73728 3076 16386 2101248 2147483665 34833 4 2147516416 1184
is_linear=0
shrinkage=0.045


Tree=90
num_leaves=23
num_cat=19
split_feature=0 2 0 1 3 3 5 0 0 3 0 0 5 1 5 3 0 0 3 3 3 0
split_gain=4.47194 2.61204 3.34948 3.12076 2.87991 2.68801 1.70216 1.58678 1.27573 1.43335 2.23475 1.9717 1.33703 1.34191 1.29053 1.24157 1.18548 1.18281 1.11736 1.09128 0.997176 0.989594
threshold=0 1 2 3 4 5 5.8245230014317348 6 7 8 9 10 4.0517471391904856 11 7.4966485886878944 12 13 14 15 16 17 18
decision_type=9 9 9 9 9 9 8 9 9 9 9 9 10 9 8 9 9 9 9 9 9 9
left_child=-1 2 -2 4 21 18 17 20 -9 11 -11 -10 13 -13 15 -12 -7 -6 -4 -18 -5 -3
right_child=1 3 5 7 6 16 -8 8 9 10 14 12 -14 -15 -16 -17 19 -19 -20 -21 -22 -23
leaf_value=-263.55134392404472 -384.46099788866235 9.7491172028596598 121.24020650257889 15.183805671432189 -76.87575372797221 -169.52744781798609 16.676480285059046 450.31261910513081 -14.420232631191929 -34.823832156663975 -41.035345976270278 66.448504713373751 118.98175155898065 -92.945365929240495 587.35773609321416 43.311147102727155 -136.19300863483025 -151.12161850703325 5.9094293242346536 2.6885114620672379 -42.494876860961405 -17.252743783701071
leaf_weight=1239 1260 1533 209 805 1291 1249 309 249 818 2089 536 245 985 305 115 1357 516 1813 881 1053 1247 2871
leaf_count=1239 1260 1533 209 805 1291 1249 309 249 818 2089 536 245 985 305 115 1357 516 1813 881 1053 1247 2871
internal_value=-0.000796123 -0.00064475 -0.00152722 -0.000368578 -0.0010214 -0.000870154 -0.00200102 0.000215165 0.000550513 0.00042479 -8.43282e-05 0.00130719 0.00225436 0.000489129 0.000984652 0.000705276 -0.00160283 -0.00232389 0.00102087 -0.000765656 -0.000876455 -0.000258833
internal_weight=22975 21736 5168 16568 7817 3908 3413 8751 6699 6450 4097 2353 1535 550 2008 1893 2818 3104 1090 1569 2052 4404
internal_count=22975 21736 5168 16568 7817 3908 3413 8751 6699 6450 4097 2353 1535 550 2008 1893 2818 3104 1090 1569 2052 4404
cat_boundaries=0 14 15 28 30 32 34 47 59 61 74 87 89 91 104 118 120 122 124 136
cat_threshold=3775008837 64 33554432 268435456 16777740 16777216 128 1342211072 0 0 109182976 268435464 32 16 3 6324224 4100 0 0 256 0 0 65536 536870912 2155892992 16777216 33028 1082392 1343491088 74511 3231205456 225700 345024568 107555 16384 3221225472 603979777 2147516929 268435456 33556545 0 8192 524288 0 65536 3311616 10915330 8388608 131072 0 0 0 0 0 0 0 0 0 832 2796426568 279448 4194304 92536832 0 2105360 3355443264 5376 0 0 32768 0 0 17309700 20504 33849360 10485760 4096 0 0 4 0 134217728 0 0 0 2147493040 1073284 536887520 1024 1091674276 133122 41943040 0 0 0 142737408 33554432 0 0 0 0 134221840 3584 2147483652 0 0 0 0 1064960 536870912 0 81984 536871940 14155784 553648128 0 67108864 5 269494304 40960 587481092 281096 1129354068 284672 0 29728 0 0 524288 0 0 0 3076 21769 1073741824 1
is_linear=0
shrinkage=0.045


Tree=91
num_leaves=23
num_cat=19
split_feature=0 3 0 0 2 0 0 5 3 3 0 0 3 4 1 3 2 0 2 5 3 5
split_gain=4.29406 2.56341 3.83943 1.76107 1.77114 2.80053 2.03622 1.50904 1.56212 1.48012 3.00149 2.08214 1.75869 1.42391 1.37887 1.28197 1.27204 1.24203 1.26547 2.12834 0.994855 0.930866
threshold=0 1 2 3 4 5 6 6.0461887465411452 7 8 9 10 11 12 13 14 15 16 17 3.3497501700808394 18 3.2384861814448418
decision_type=9 9 9 9 9 9 9 10 9 9 9 9 9 1 9 9 9 9 9 10 9 8
left_child=-1 2 -2 15 5 16 7 8 -6 11 12 -8 -11 -12 -7 -3 -5 -4 -19 -20 21 -18
right_child=1 3 17 4 6 14 9 -9 -10 10 13 -13 -14 -15 -16 -17 20 18 19 -21 -22 -23
leaf_value=-293.41174064278255 -201.73150655427756 4.1673336779483732 73.887487847718091 207.51394162488592 -42.691397752065974 1258.8552719507854 -66.111362628839672 58.949854355295933 -116.02921324621111 99.836213475789975 -395.64395126447931 6.7193526402064583 -103.14314814923539 39.528938091821779 59.316153905822489 -96.530903348618622 372.77370927762723 -74.078819716985294 1020.7654070941525 -20.99334971201808 -87.692209329491121 11.675343803397832
leaf_weight=1179 1564 569 203 193 1890 100 2800 315 1661 235 74 3122 745 1313 1593 1447 35 2253 95 356 1021 212
leaf_count=1179 1564 569 203 193 1890 100 2800 315 1661 235 74 3122 745 1313 1593 1447 35 2253 95 356 1021 212
internal_value=-0.000801999 -0.00065742 -0.00161711 -0.000408809 -0.00024349 0.000704989 -0.000490056 -0.00134141 -0.00160977 -9.16165e-05 0.000856872 -0.00047169 -0.00104335 0.00219693 0.00194516 -0.00165533 -0.000736254 -0.000642858 -0.000901327 0.00125378 -0.00125859 0.00126834
internal_weight=22975 21796 4471 17325 15309 3154 12155 3866 3551 8289 2367 5922 980 1387 1693 2016 1461 2907 2704 451 1268 247
internal_count=22975 21796 4471 17325 15309 3154 12155 3866 3551 8289 2367 5922 980 1387 1693 2016 1461 2907 2704 451 1268 247
cat_boundaries=0 13 15 29 42 43 56 69 71 73 87 101 103 104 106 108 109 122 123 125
cat_threshold=3758231620 0 0 268435472 16777220 16781312 128 1342211072 0 0 1182924800 268435464 1048608 168239110 3657 44302336 15396 536870912 0 8388872 0 0 0 2048 8426760 16777232 1084672 6 4 4210688 1073741828 1409286144 2147524612 3222339584 33556481 256 16384 4096 16384 402653184 18915588 2098176 176 33587200 67127408 1 0 134250496 536870912 0 65536 536970240 2098242 0 2149057552 155648 24 50540544 0 0 524288 68 0 8192 536872972 1054723 16777216 544 2155905806 1343242288 118950 2701182512 250022 10518528 10486784 1 0 268484864 536871168 0 0 0 1078460672 536936448 2147486864 67133440 4 33816576 67371008 0 1 411173120 1024 0 134283264 1024 8552456 4248 1572865 67111056 18 1074792584 16 1 4 1024 2684354896 20736 32 0 92405760 1073741824 1 0 1024 0 0 32768 1073741824 0 8196 128 7 536870992 204832
is_linear=0
shrinkage=0.045


Tree=92
num_leaves=23
num_cat=20
split_feature=0 3 0 0 0 0 3 5 5 3 1 0 2 0 3 1 1 3 1 3 0 3
split_gain=4.17642 2.77467 4.23454 2.26268 2.00546 1.30145 1.24226 1.21346 1.17204 1.85461 2.40472 1.22903 1.38297 1.58857 1.54289 2.61284 1.69373 1.51781 1.28928 1.26967 1.18329 1.0597
threshold=0 1 2 3 4 5 6 6.3465127852423047 3.7494348669884658 7 8 9 10 11 12 13 14 15 16 17 18 19
decision_type=9 9 9 9 9 9 9 8 8 9 9 9 9 9 9 9 9 9 9 9 9 9
left_child=-1 2 -2 6 7 -5 -3 -4 9 20 -11 21 17 19 15 -15 -16 -13 -19 -14 -7 -10
right_child=1 3 4 5 -6 8 -8 -9 11 10 -12 12 13 14 16 -17 -18 18 -20 -21 -22 -23
leaf_value=-228.74447964773739 -157.66044208280286 -16.463076687835564 -116.41251821835732 32.898969108119275 8.4559813177028502 -1.4587570632654996 -105.74272938067527 42.621334003766336 -63.751020233836215 173.96984280282655 -33.186553260364946 -174.09885969770309 -27.571225792870631 -50.594263940725455 90.791222983080488 173.36732257010061 -0.34264723617239679 -160.24246586457446 36.564670019070249 12.899167830626812 -154.56704635905513 -0.89489664917229617
leaf_weight=1733 2155 1730 1918 634 2219 630 983 180 558 300 582 641 821 146 715 629 1524 196 562 1759 1364 996
leaf_count=1733 2155 1730 1918 634 2219 630 983 180 558 300 582 641 821 146 715 629 1524 196 562 1759 1364 996
internal_value=-0.000753037 -0.000578433 -0.00135472 -0.000237452 -0.000537423 2.72174e-05 -0.00140862 -0.00153128 -8.38227e-05 -0.000869355 0.000845637 0.000180546 0.000434903 0.000751337 0.00145142 0.00317344 0.000841625 -0.000826011 0.000537661 -6.94455e-05 -0.00162413 -0.000959771
internal_weight=22975 21242 6472 14770 4317 12057 2713 2098 11423 2876 882 8547 6993 5594 3014 775 2239 1399 758 2580 1994 1554
internal_count=22975 21242 6472 14770 4317 12057 2713 2098 11423 2876 882 8547 6993 5594 3014 775 2239 1399 758 2580 1994 1554
cat_boundaries=0 14 16 29 42 56 69 71 73 75 89 90 104 106 108 110 112 114 116 130 132
cat_threshold=3779199044 64 0 268435456 16777220 16777217 128 1342211072 8 18432 243400704 268468232 32 16 721920518 3657 41943041 277556 536870912 128 9044232 0 0 0 2048 37128 1073741840 16778496 2147486722 20480 1073741828 268435456 40960 3222339584 570427392 0 16384 536969216 2097154 287375360 8484 2621968 2097168 33554432 67108864 0 0 0 0 65536 536870912 12715010 285212832 3676816 67149837 3 10485761 33554448 2684354688 144 0 0 256 0 0 32 32 64 8193 3222816048 53664 3225965576 446628 545008 6 0 8593440 4096 2097665 268468736 4 512 73728 1028 655681 1073745920 1048576 17792 6 2 33554432 2166625280 1 0 134742080 5440 0 0 0 4194304 0 2166493841 34818 1 1145573376 253954 1073741840 1028 1610634288 1028 4722720 475286 1280 67586 2485655720 90400 0 67112992 0 0 9043968 0 0 8192 1024 32768 128 2149581841 32776 6 2148533272 20480
is_linear=0
shrinkage=0.045


Tree=93
num_leaves=23
num_cat=20
split_feature=0 3 0 0 2 1 3 0 3 0 4 0 0 5 3 3 0 0 3 5 0 0
split_gain=4.09189 2.46925 3.17154 1.83558 1.67652 2.0721 3.02774 1.51185 1.45492 1.98296 1.87125 1.68378 1.4634 1.45114 1.39126 1.38468 1.25331 1.17007 1.08876 1.33773 1.43023 1.08235
threshold=0 1 2 3 4 5 6 7 8 9 10 11 12 5.6365721362514982 13 14 15 16 17 4.1820210059610323 18 19
decision_type=9 9 9 9 9 9 9 9 9 9 1 9 9 8 9 9 9 9 9 8 9 9
left_child=-1 2 -2 21 5 6 -5 14 10 15 12 -12 -9 -8 -6 -10 -4 -11 -14 20 -20 -3
right_child=1 3 16 4 7 -7 13 8 9 17 11 -13 18 -15 -16 -17 -18 -19 19 -21 -22 -23
leaf_value=-284.43831325969722 -180.67884504734911 540.57889766645849 52.116482577684494 -164.7175313250201 -1.5874447564005099 -288.45210525940615 74.163480329490582 -51.701055412720486 66.726556857975055 73.326192677974575 -104.6906047543078 -11.756452445055372 -138.69154845922705 -51.923534772635129 -120.94682506239234 -54.896972493125602 -56.199205199164346 12.843436824852889 -125.43790247587265 186.3199823438878 64.017348833511392 7.7470946485079626
leaf_weight=1009 1574 108 268 721 868 953 493 576 382 389 1223 2001 111 204 963 2079 1926 3904 218 446 289 2270
leaf_count=1009 1574 108 268 721 868 953 493 576 382 389 1223 2001 111 204 963 2079 1926 3904 218 446 289 2270
internal_value=-0.00073541 -0.000605243 -0.00165238 -0.00038748 -0.000562785 -0.00166366 -0.000560141 -0.000367396 -0.000177215 0.000250073 -0.000769689 -0.0014005 0.000465894 0.00154231 -0.00156511 -0.000766075 -0.000538532 0.0008331 0.00144702 0.00194456 0.000380156 0.000775731
internal_weight=22975 21966 3768 18198 15820 2371 1418 13449 11618 6754 4864 3224 1640 697 1831 2461 2194 4293 1064 953 507 2378
internal_count=22975 21966 3768 18198 15820 2371 1418 13449 11618 6754 4864 3224 1640 697 1831 2461 2194 4293 1064 953 507 2378
cat_boundaries=0 13 15 28 42 43 45 47 60 62 76 77 90 104 106 108 120 133 134 147 161
cat_threshold=3221356608 0 33554432 268435456 16777220 0 128 1342211072 0 67108864 109182976 268435464 32 34013318 3657 35913728 15396 0 0 9044232 0 0 0 536872964 13112584 150999040 16 1035 10846208 33554432 2147483776 16 512 0 256 0 4 1074790448 69672 1264 20743 16 2 3221770310 1072 694702624 147588 16797700 1073741892 536870912 2147516417 3222290432 570427397 0 134217728 69632 2 402653184 2144256 128 3103827496 372784 4194312 75498496 4096 2097664 524288 64 512 0 536903680 23068736 555745280 525056 2216722960 7 2 16 2372608 0 8192 403210496 0 512 90112 0 8426496 144 524800 67151360 0 83898416 0 0 134217728 0 0 0 0 6426632 0 2149056516 2048 4 2819621976 340228 1074790720 16384 0 25296896 0 1 134217728 536870912 0 0 33792 0 0 2629636 16 0 0 0 131336 16777216 0 16384 0 131081 144 0 1048576 512 0 0 0 0 8388608 0 0 65536 536870912 524288 0 0 32792 0 0 0 16 0 0 0 0 0 16 0 64 256 16
is_linear=0
shrinkage=0.045


Tree=94
num_leaves=23
num_cat=18
split_feature=0 3 0 0 0 3 0 3 2 0 3 5 0 5 0 3 0 5 3 5 3 3
split_gain=4.16793 2.31654 3.78752 1.99066 1.8139 1.49231 1.23948 2.13088 1.39795 1.69808 1.33276 1.28999 1.15727 1.03456 2.73298 1.58415 1.49506 1.60395 1.58026 1.3384 1.25933 1.16031
threshold=0 1 2 3 4 5 6 7 8 9 10 3.795426061844291 11 4.6959141240107813 12 13 14 2.1383330595080281 15 5.2067464199591091 16 17
decision_type=9 9 9 9 9 9 9 9 9 9 9 10 9 8 9 9 9 10 9 10 9 9
left_child=-1 2 -2 5 -4 -3 7 11 12 -10 -11 -5 -8 16 20 19 17 -14 -18 -16 -15 -19
right_child=1 3 4 6 -6 -7 8 -9 9 10 -12 -13 13 14 15 -17 18 21 -20 -21 -22 -23
leaf_value=-201.01087344906523 -138.9757295414561 -127.67145246017377 -91.500426552186227 288.91225934748843 3.1687291791975696 -15.167318075802507 -18.433513781394883 1.4409213236041427 -387.54356632507381 -90.231290542601485 16.806557919500573 22.187011769256586 416.04281637799295 -162.77718623051919 85.387907868321648 16.247222086403877 73.108893305189625 14.786355144113552 0.99023622297672786 312.73502411425574 2.7834948104118684 -99.866390144436934
leaf_weight=1476 1780 933 2231 110 2751 1369 2122 980 348 978 1085 219 99 220 274 992 416 421 1581 250 1039 1301
leaf_count=1476 1780 933 2231 110 2751 1369 2122 980 348 978 1085 219 99 220 274 992 416 421 1581 250 1039 1301
internal_value=-0.000707992 -0.000547884 -0.00123694 -0.000230966 -0.000596517 -0.00144296 -5.42407e-06 0.00129788 -0.000159994 -0.00111618 -0.000613736 0.00436803 0.000105705 0.000399923 0.0010614 0.00233835 -8.01058e-05 -0.001009 0.000768292 0.00433209 -0.000492133 -0.00133643
internal_weight=22975 21499 6762 14737 4982 2302 12435 1309 11126 2411 2063 329 8715 6593 2775 1516 3818 1821 1997 524 1259 1722
internal_count=22975 21499 6762 14737 4982 2302 12435 1309 11126 2411 2063 329 8715 6593 2775 1516 3818 1821 1997 524 1259 1722
cat_boundaries=0 14 16 29 42 56 58 71 73 74 87 89 103 116 118 132 134 136 138
cat_threshold=3242328140 64 67108864 268435472 16777220 1 128 1342211072 0 131136 109182976 268468232 32 16 185049606 36443 41943041 277556 2147483648 128 9044232 16777216 0 0 2048 37120 1207959568 16778240 8389632 282624 8388612 268435456 40960 3222339584 570427392 0 16384 69632 4194322 824180864 8480 69206528 2097168 33554432 536870912 2097152 0 0 0 65536 536870912 10503178 285212672 2626304 2214635531 2 551556192 458788 10485761 33816592 2147487872 2097284 131144 16777220 768 0 0 1073741856 32 5184 8449 67633160 458788 116 32768 0 0 0 256 0 0 65536 536870912 8409344 0 1050624 33808 3762815048 409764 0 3238084608 536870912 513 268484608 0 0 8192 536870920 86018057 134283264 1048577 2147635200 3 0 69221408 1 0 134217728 4352 0 0 33796 524288 0 2147483668 8390672 4211776 24736 32768 133120 0 0 524288 1088 0 65536 34816 8934400 1073741824 2164785168 1081356 4 2754089088 335872 538973184 24832 2426411088 393216
is_linear=0
shrinkage=0.045


Tree=95
num_leaves=23
num_cat=19
split_feature=0 4 3 0 0 3 0 0 3 3 0 5 0 1 0 0 3 5 0 3 5 0
split_gain=4.42531 2.30404 3.37441 3.62201 2.81146 3.04733 2.45061 2.23831 1.94055 1.87009 1.68695 1.65981 2.2641 1.60145 1.36648 1.22094 1.79533 0.932748 0.91577 0.879979 0.855188 1.04238
threshold=0 1 2 3 4 5 6 7 8 9 10 3.3140206880897671 11 12 13 14 15 4.4248287033199567 16 17 8.0923871901078765 18
decision_type=9 1 9 9 9 9 9 9 9 9 9 10 9 9 9 9 9 10 9 9 8 9
left_child=-1 4 3 -3 8 10 -4 17 20 11 -6 18 19 -14 -11 16 -8 -5 -7 -13 21 -2
right_child=1 2 6 7 5 9 15 -9 -10 14 -12 12 13 -15 -16 -17 -18 -19 -20 -21 -22 -23
leaf_value=-201.27331301903706 -75.1114249012887 -157.73696526838839 -72.687614983695894 -167.13129455915856 15.416866639847433 -166.02803207113988 -4.4222467037512461 -0.76769746861625332 -127.30448562553319 -140.44331217441052 289.61326725051072 56.42194344429992 427.86867484795653 78.589528008841597 1.8612776618455356 -2.0932908677924558 83.168874377626139 -38.86810420994486 3.6292145374978655 -36.494106605113771 324.21263765911425 15.333580980825625
leaf_weight=1283 201 1677 1674 1321 275 255 578 2606 1143 573 448 404 130 1174 649 5082 602 1012 481 714 57 636
leaf_count=1283 201 1677 1674 1321 275 255 578 2606 1143 573 448 404 130 1174 649 5082 602 1012 481 714 57 636
internal_value=-0.000651196 -0.00049802 -0.000823074 -0.00157242 0.000163819 0.000727565 -0.000195899 -0.000953445 -0.00124524 0.000276638 0.0034102 0.000854573 0.00142574 0.00268769 -0.0012107 0.000213738 0.00151007 -0.00196311 -0.0010122 -7.16825e-05 0.000327814 -3.75458e-05
internal_weight=22975 21692 14552 6616 7140 5103 7936 4939 2037 4380 723 3158 2422 1304 1222 6262 1180 2333 736 1118 894 837
internal_count=22975 21692 14552 6616 7140 5103 7936 4939 2037 4380 723 3158 2422 1304 1222 6262 1180 2333 736 1118 894 837
cat_boundaries=0 14 15 17 30 44 46 60 74 76 78 91 104 105 118 132 134 147 149 161
cat_threshold=3242328128 0 33554432 268435472 16777220 16777729 128 1342211072 0 256 109182976 285212680 524320 16 2 1260880518 175357 35651601 33558560 536870912 0 8945920 1024 0 134217728 536870912 8949776 1207959568 32769 68160512 33554432 29700 0 0 1130752 0 0 65536 8 131107 822083712 2150662144 8390658 7 1207960672 43280 4096 10488832 0 8192 655360 3072 0 90112 66560 2670609 673185792 4384 67125776 4 32780 17050704 0 2097152 8 536870912 0 0 2048 10 285212672 1049476 2147525145 3 3233022612 149604 2174668804 69804 32768 32 0 0 0 0 0 0 4 4198408 0 1024 2147516440 8 60819472 1 0 134217728 536871168 0 134217728 536870912 2621440 1073741824 533008 49676 536921216 32768 0 0 0 142639104 0 0 0 536870916 12587008 134217728 256 33292 33587217 50724880 536875008 0 2147483648 0 512 0 0 1073745922 268501040 2129921 2107395 3 2953859176 20480 0 32 0 2097152 0 0 0 0 536903680 4198408 134217728 1024 2214592528 25300992 4232 0 16388 0 0 1048832 0 0 0 0 0 285212672 3145728
is_linear=0
shrinkage=0.045


Tree=96
num_leaves=23
num_cat=15
split_feature=0 3 0 0 0 5 0 0 3 2 0 3 0 3 5 1 5 5 5 5 5 0
split_gain=3.89623 2.42328 4.57227 1.59984 1.59895 1.37893 2.47882 2.16117 2.73666 1.3729 1.28326 1.34498 1.0562 1.35509 1.0305 1.00644 0.931084 0.915725 0.886285 0.96808 0.882233 0.846478
threshold=0 1 2 3 4 3.9019216517693867 5 6 7 8 9 10 11 12 0.89587973461402759 13 3.4811217321331038 6.5316059599741179 4.4716224665663962 4.2972622671762819 7.4966485886878944 14
decision_type=9 9 9 9 9 8 9 9 9 9 9 9 9 9 10 9 8 10 8 10 8 9
left_child=-1 2 -2 -3 -4 7 17 8 -5 15 11 20 -9 -14 -15 -6 -17 -7 19 -13 -8 -11
right_child=1 3 4 5 9 6 10 12 -10 21 -12 18 13 14 -16 16 -18 -19 -20 -21 -22 -23
leaf_value=-204.42743731398349 -177.96252423063498 235.78478522055593 77.73370058031891 -119.55546156664757 -83.015102181993583 -70.843568925813145 36.520850568421118 -177.49273082013278 115.20114151258804 -120.05521571275398 1.308515670545233 10.474598136749339 -123.14709547553191 121.27153230424885 -13.236764943939788 1147.2301557882522 52.160491048046083 60.094094440058988 -43.29235951175 168.04359848835887 789.91398543696209 -9.8142019599663222
leaf_weight=1566 1348 341 346 496 134 1530 414 722 781 1944 8056 106 1287 103 1373 71 440 67 316 44 56 1434
leaf_count=1566 1348 341 346 496 134 1530 414 722 781 1944 8056 106 1287 103 1373 71 440 67 316 44 56 1434
internal_value=-0.000653154 -0.000493465 -0.00128583 -0.000204026 -0.000574185 -0.000272702 1.31705e-05 -0.000908691 0.000673777 -0.000828626 0.000303864 0.00187025 -0.00148628 -0.00107514 -0.000139114 0.00106164 0.00197036 -0.00161374 0.000131798 0.00296053 0.00354772 -0.00119204
internal_weight=22975 21409 5717 15692 4369 15351 10589 4762 1277 4023 8992 936 3485 2763 1476 645 511 1597 466 150 470 3378
internal_count=22975 21409 5717 15692 4369 15351 10589 4762 1277 4023 8992 936 3485 2763 1476 645 511 1597 466 150 470 3378
cat_boundaries=0 13 15 28 41 54 68 82 84 85 99 101 115 117 119 133
cat_threshold=3242328128 4 0 268435456 2164260868 2625 384 1342211072 0 16384 109182992 268435464 1056 185016366 265803 2097152 277600 2147483648 2097792 8913160 0 0 0 0 2262290 285212672 17858560 8388612 10485760 0 2147483776 16 0 0 0 0 0 272 32 64 2621440 65536 75628544 1073741824 8193 1048576 1024 0 0 32768 1074266112 0 8320 4224 20480 8585248 0 2147491969 1179648 33554692 0 8192 536970240 0 134283264 43297 4224 4 262144 33697904 0 2105473 142737480 0 0 8192 33796 0 4096 2148568065 4099 4 1140888576 61616 112 98313 2048 1610612736 512 17152 16777216 0 134217728 2048 75629568 538968064 0 9453572 1 5801040 82048 98312 16384 1073741824 0 1048832 0 0 134283264 67584 75497474 538968064 4 68157444 17 15242880 139424 1048628 6 42205200 0 0 0 0 0 0 8192 536872960 8392704 134217856 2147489536 67151897 5
is_linear=0
shrinkage=0.045


Tree=97
num_leaves=23
num_cat=20
split_feature=0 3 0 0 0 5 0 0 3 3 2 2 0 2 3 5 3 0 0 3 0 3
split_gain=3.79513 2.37295 3.6536 2.04631 1.80571 1.61546 2.12823 1.81304 1.39821 1.38225 1.36218 1.02101 1.07041 1.00006 0.97933 0.941133 1.63947 2.01223 1.33806 1.01549 0.940187 0.888737
threshold=0 1 2 3 4 3.5972184255501678 5 6 7 8 9 10 11 12 13 4.9308638091439496 14 15 16 17 18 19
decision_type=9 9 9 9 9 8 9 9 9 9 9 9 9 9 9 8 9 9 9 9 9 9
left_child=-1 2 -2 8 -4 6 21 -7 -3 -10 -6 12 13 -9 -13 18 20 -18 -14 -20 -17 -5
right_child=1 3 4 5 10 7 -8 11 9 -11 -12 14 15 -15 -16 16 17 -19 19 -21 -22 -23
leaf_value=-197.85280821855346 -143.35334397133559 -3.7508940157787483 80.056989010477295 211.92238256262638 -46.724138003675421 -62.527299358317322 -119.57230366505753 374.31841279844269 7.1276831138500629 134.50617915143312 13.328368262459643 35.773985791595479 -87.40225310597144 -12.299757416384217 -70.852055011872949 -58.999884019084426 -17.714974462939285 145.71173141452232 29.899951688876019 -4.4257227533772339 21.148811763695175 -1.4950178523773037
leaf_weight=1465 1973 424 380 110 4153 1528 1854 164 318 185 894 279 659 2206 1630 247 235 693 1096 973 640 869
leaf_count=1465 1973 424 380 110 4153 1528 1854 164 318 185 894 279 659 2206 1630 247 235 693 1096 973 640 869
internal_value=-0.000641403 -0.000489268 -0.00114139 -0.000146581 -0.000535302 -0.000290907 -0.00124286 -3.043e-05 0.00188339 0.00346893 -0.000762306 0.00021802 0.000472418 -0.000302268 -0.000700418 0.000876289 0.00167171 0.00297766 0.000349449 0.000910379 0.000265294 0.000458627
internal_weight=22975 21510 7400 14110 5427 13183 2833 10350 927 503 5047 8822 6913 2370 1909 4543 1815 928 2728 2069 887 979
internal_count=22975 21510 7400 14110 5427 13183 2833 10350 927 503 5047 8822 6913 2370 1909 4543 1815 928 2728 2069 887 979
cat_boundaries=0 14 16 30 44 57 71 85 87 89 90 91 104 105 107 109 122 135 137 150 151
cat_threshold=3225550920 0 0 268435472 16777216 1 128 1342211072 0 16640 109182976 268468232 524320 1 721920558 3674 50331649 15476 2147483648 128 8913164 16777216 0 0 2048 37888 1476395024 256 8391680 2 18874373 33816656 2684358784 129 264 16777216 0 0 2048 131073 48 4160 131329 16 69632 8519680 0 8197 0 4 0 0 32768 1074266112 69632 10240 4224 262144 143392 0 2097152 8519680 536870912 0 8192 1028 0 16781440 2164262145 8396296 6 4096 8585216 0 8704 3221291008 570427396 512 8192 536936452 0 1090588672 10528 640 6 2151683152 24736 8404992 4100 135 116 16384 3238010916 1 2097152 269533248 256 0 0 1024 6848522 268435456 2147484673 2150400 96 68175872 8225 2155872400 339972 262144 67113984 0 0 134217728 0 0 0 0 0 0 2621440 10240 33816576 2097152 0 0 0 1088 0 81920 0 64 0 16777216 2147483660 3290454032 471044 0 67108864 0 0 134217728 0 0 0 0 8388608 134217728 1048580 2214592528 2147483664
is_linear=0
shrinkage=0.045


Tree=98
num_leaves=23
num_cat=20
split_feature=0 3 0 0 0 4 0 0 3 2 0 3 5 2 0 0 3 3 0 3 5 3
split_gain=3.7015 2.24222 3.90776 2.0751 2.05683 1.81143 1.66246 1.42175 1.28003 1.25381 1.12244 1.15775 1.09667 1.08254 2.10147 1.59986 1.12079 1.08055 1.05091 1.04658 1.03996 1.01879
threshold=0 1 2 3 4 5 6 7 8 9 10 11 4.5591125415341898 12 13 14 15 16 17 18 6.6612149451924996 19
decision_type=9 9 9 9 9 1 9 9 9 9 9 9 10 9 9 9 9 9 9 9 10 9
left_child=-1 2 -2 20 -4 7 8 12 -7 19 11 -5 -6 14 16 -15 -12 -17 -18 -8 -3 -16
right_child=1 3 4 10 5 6 9 -9 -10 -11 13 -13 -14 15 21 17 18 -19 -20 -21 -22 -23
leaf_value=-216.41701626825653 -136.32663954284541 -51.87168802351222 122.65824395055955 -16.261191111327776 -117.72359742077207 -19.399135720436984 -86.297711693892097 103.28705354147191 -149.23870288651929 65.262989739747653 -65.95824963460727 63.100586349259061 105.0283004906934 -48.507828915154882 -8.3135673497268634 38.007953825150238 145.44743154879211 1.5291966088569624 -41.967019521661655 0.36279228641725364 76.55839497274529 188.04219249992664
leaf_weight=1493 1832 2597 340 261 719 572 844 776 1474 320 470 381 347 3032 249 508 253 4137 208 1209 51 902
leaf_count=1493 1832 2597 340 261 719 572 844 776 1474 320 470 381 347 3032 249 508 253 4137 208 1209 51 902
internal_value=-0.000631611 -0.000479856 -0.00105133 -0.000109908 -0.000538259 -0.000725252 -0.00122043 0.000458784 -0.00215598 -0.000401888 0.000176749 0.00198165 -0.000609463 5.57251e-05 0.00096275 -0.000191378 -0.000625134 0.000333368 0.000941859 -0.000812834 -0.00123158 0.00224033
internal_weight=22975 21482 8433 13049 6601 6261 4419 1842 2046 2373 10401 642 1066 9759 2082 7677 931 4645 461 2053 2648 1151
internal_count=22975 21482 8433 13049 6601 6261 4419 1842 2046 2373 10401 642 1066 9759 2082 7677 931 4645 461 2053 2648 1151
cat_boundaries=0 13 15 29 43 56 57 70 84 86 87 100 102 103 116 129 131 133 145 147 149
cat_threshold=3259105344 1073741828 0 268468224 16777216 33556993 128 1342211072 0 18432 111280128 268435464 32 185049646 265946 16777217 15472 2147487744 128 9044236 64 0 0 0 131394 1358954496 2097153 1049600 2 266240 25296896 0 8192 2148630528 5380 0 16384 536875008 2098176 134217728 557344 77615632 4 69632 25296896 0 8192 1048576 260 0 0 0 1075838976 0 8224 20480 2 2129936 33554432 536870913 0 402685952 536871936 0 134217728 536870912 8426520 134217744 1086208 2214593036 0 67108864 0 0 0 0 0 65536 536870916 4198400 0 2149057536 2155907100 4 16810018 514 135 18874369 262208 536875136 133 1073741832 0 512 0 0 1073742081 32 64 524545 13632576 24580 48 0 67127344 0 0 134217728 536870912 0 65536 99332 2 268435456 2150630400 131072 8 35660800 1073741824 0 524800 64 0 8192 34816 8949786 1090519040 1058836 2147516430 2161655808 20480 2416969856 8193 0 2096 0 0 0 0 0 0 32772 2 0 1049600 33849380 3712 537399744 32
is_linear=0
shrinkage=0.045


Tree=99
num_leaves=23
num_cat=21
split_feature=0 2 0 1 3 3 0 2 3 0 3 0 0 0 3 0 0 5 3 0 3 0
split_gain=4.11603 2.36694 3.2088 2.6342 2.89216 2.61686 1.61543 1.15146 1.30128 1.45374 1.131 1.0836 1.06385 0.981961 1.3818 1.32304 1.01509 1.41189 1.78591 1.53523 1.53052 1.03282
threshold=0 1 2 3 4 5 6 7 8 9 10 11 12 13 14 15 16 5.2067464199591091 17 18 19 20
decision_type=9 9 9 9 9 9 9 9 9 9 9 9 9 9 9 9 9 8 9 9 9 9
left_child=-1 2 -2 4 -3 12 -5 -6 9 -9 -7 -10 -4 -8 16 -16 -15 19 -19 -18 -21 -20
right_child=1 3 5 6 7 10 13 8 11 -11 -12 -13 -14 14 15 -17 17 18 21 20 -22 -23
leaf_value=-194.63817255607722 -327.75044523606846 -111.11853200497974 -178.54700590976682 465.59045518843584 164.4945561566299 110.85913076412533 -9.2592523615328286 61.450660439498201 -0.92502908325446809 -7.0775572826450253 7.4073474144306628 -78.04899310847847 -55.596097817401045 1.4851432091432297 -23.018664532824861 8.4310997379704027 -8.7534164326532284 349.80699078638514 224.39767510372224 -9.1671883061666701 106.41916199260612 -11.462657259931252
leaf_weight=1290 1162 2294 645 215 131 215 1860 564 1572 1350 1369 1612 1800 1249 1787 1674 845 261 111 237 474 258
leaf_count=1290 1162 2294 645 215 131 215 1860 564 1572 1350 1369 1612 1800 1249 1787 1674 845 261 111 237 474 258
internal_value=-0.000617902 -0.000469766 -0.00130684 -0.000205563 -0.000825947 -0.000700447 0.000315094 -0.000239555 -0.00035049 0.000574765 0.000721803 -0.00090676 -0.00162088 0.000217608 0.000465112 -0.000169739 0.00110313 0.00168699 0.00348892 0.000964697 0.0024834 0.00131102
internal_weight=22975 21685 5191 16494 7523 4029 8971 5229 5098 1914 1584 3184 2445 8756 6896 3461 3435 2186 630 1556 711 369
internal_count=22975 21685 5191 16494 7523 4029 8971 5229 5098 1914 1584 3184 2445 8756 6896 3461 3435 2186 630 1556 711 369
cat_boundaries=0 13 14 27 29 31 33 45 46 48 62 64 78 91 104 106 119 132 134 147 149 162
cat_threshold=3225550921 0 33554432 268435456 16777224 65 128 1342211072 0 147524 109182976 268435464 32 3 2129920 4100 0 0 256 0 0 65536 536870912 2155876608 16777216 260 1082392 269749266 74511 371667750 36506 1797932614 416460 8388608 0 0 0 0 0 0 0 0 0 0 832 32 1050768 213252 0 15360 0 0 32768 536870912 0 0 0 1052673 1073741824 0 67108864 5 269494304 40960 0 66560 0 0 688128 0 0 65536 0 81301768 822083584 1 2147483648 3 33554432 0 0 1 8388608 33554432 0 0 0 8 0 36864 2147483652 4112 3229614080 4097 2147516929 268435520 50332676 0 8192 563200 0 65536 1179664 10748416 1156323288 27528 262144 52428800 0 2097168 142607104 256 0 134217728 1024 0 0 19431424 1104904 17039360 2490368 0 8196 134217728 6144 512 0 65536 0 0 2150118564 8578 4199488 25216 35684352 16777216 0 2097152 0 0 0 0 0 0 0 0 33820 1600 896 2129920 0 0 0 0 0 0 0 0 0 0 0 32788
is_linear=0
shrinkage=0.045


Tree=100
num_leaves=23
num_cat=19
split_feature=0 3 0 0 3 0 5 3 4 0 5 0 0 3 5 3 0 3 2 3 0 3
split_gain=3.99091 2.04219 3.20368 2.18002 1.6727 1.5111 1.40478 1.60262 1.40553 1.39232 0.960869 1.70801 1.47207 1.37005 1.30662 1.2504 0.99864 1.48077 1.17298 1.00866 0.953957 0.901727
threshold=0 1 2 3 4 5 4.2972622671762819 6 7 8 3.7494348669884658 9 10 11 1.8688348091416842 12 13 14 15 16 17 18
decision_type=9 9 9 9 9 9 8 9 1 9 8 9 9 9 10 9 9 9 9 9 9 9
left_child=-1 2 -2 4 -3 6 -4 8 -8 -5 11 13 21 14 -11 -13 18 -18 -14 20 -20 -12
right_child=1 3 5 9 -6 -7 7 -9 -10 10 12 15 16 -15 -16 -17 17 -19 19 -21 -22 -23
leaf_value=-160.16493384276956 -136.97552301867489 0.67433801357171252 -134.81393490135437 -66.235813469200593 51.667923933295747 2.2917706933930941 -7.6689346060500938 -96.215737664948605 175.84186064656487 650.97761412007264 -75.535476800652177 14.011691881440294 424.90285729405053 -89.525638095644553 38.478071678495127 -122.37516605736911 -0.85242319306359771 45.869028558086079 -22.081922019664866 -15.227456710169575 44.596511731262346 -2.0358113163406126
leaf_weight=1610 2086 638 1197 1138 530 3215 534 493 242 94 1011 277 138 373 505 1630 905 1122 561 2555 656 1465
leaf_count=1610 2086 638 1197 1138 530 3215 534 493 242 94 1011 277 138 373 505 1630 905 1122 561 2555 656 1465
internal_value=-0.000621819 -0.000457853 -0.00103953 -0.000124983 0.00172373 -0.000482963 -0.0013184 -0.000279702 0.000993654 -0.000300194 -0.00014809 -0.000857516 9.46513e-05 0.000676828 0.00199591 -0.00163445 0.000478819 0.00128666 5.73676e-05 -9.75169e-05 0.000962977 -0.00082476
internal_weight=22975 21365 7767 13598 1168 5681 2466 1269 776 12430 11292 2879 8413 972 599 1907 5937 2027 3910 3772 1217 2476
internal_count=22975 21365 7767 13598 1168 5681 2466 1269 776 12430 11292 2879 8413 972 599 1907 5937 2027 3910 3772 1217 2476
cat_boundaries=0 13 15 28 41 43 57 59 60 74 87 100 102 104 117 119 120 122 135 137
cat_threshold=3225550912 1073741828 0 268468240 16777472 33554945 128 1342178304 8 0 111280128 285212680 1056 789022350 265818 50331665 100940912 2147483648 128 8388620 0 0 0 2048 264 1476395024 524544 9469952 27262977 100925504 2147483776 133 8 16777280 768 0 3072 1073873216 4096 528448 2097409 8407120 90244 8650752 2097152 603979776 0 655360 0 0 0 536870916 15881216 16777216 38416 2214594575 1 151094284 2584 4 86020 8388608 268435456 8192 1074872320 536872964 0 134258688 0 2 536936456 10272 544768 22 262144 8240 0 2097152 8519680 0 0 0 536903684 24 0 2147516693 10760 0 16973856 4096 2097664 2424864768 0 0 0 536969220 16401 1358954496 1081621 41600 8933488 65668 2415919168 82176 262144 2112528 1 0 134218240 1280 0 65536 0 7373320 134217856 2147483648 2155874330 2153251072 139652 33 2160068864 131333 262144 2099200 1 0 0 0 0 0 0 2097160 0 0 2147485720 2162166048 213253
is_linear=0
shrinkage=0.045


Tree=101
num_leaves=23
num_cat=20
split_feature=0 3 0 0 3 0 4 0 5 0 2 0 0 3 5 3 3 3 2 0 3 0
split_gain=3.51449 2.18761 3.4643 2.16844 1.62351 1.46352 1.57344 1.91588 1.50594 1.44751 1.36449 1.64064 1.34388 1.36993 1.35245 1.30727 1.27409 1.23217 1.05948 1.263 1.03115 2.95378
threshold=0 1 2 3 4 5 6 7 4.6298509007569537 8 9 10 11 12 1.0000000180025095e-35 13 14 15 16 17 18 19
decision_type=9 9 9 9 9 9 1 9 8 9 9 9 9 9 8 9 9 9 9 9 9 9
left_child=-1 2 -2 4 -3 8 -7 -8 -4 17 12 -12 13 -11 -15 -13 -9 -5 -10 -20 21 -14
right_child=1 3 5 9 -6 6 7 16 18 10 11 15 20 14 -16 -17 -18 -19 19 -21 -22 -23
leaf_value=-240.30017862456114 -110.40088577928518 -58.505042625192779 -125.31088226751891 -185.22772210084241 67.252333453166457 64.536662983860808 -82.421247006745062 46.006911190696044 -24.252155305636304 -77.425085177455287 -240.62901433371948 -74.386307024591048 -38.374341420697853 764.59374552521706 -1.1788252593573303 13.563087001018966 -24.912961634919949 -7.197392259490635 -220.62235569693763 221.87949220572065 1.0708269026729171 51.858569684688327
leaf_weight=1014 1970 224 1724 571 898 968 1559 759 849 1026 596 872 616 37 1680 890 843 683 112 306 3514 1264
leaf_count=1014 1970 224 1724 571 898 968 1559 759 849 1026 596 872 616 37 1680 890 843 683 112 306 3514 1264
internal_value=-0.000600275 -0.00047943 -0.00101351 -0.000101647 0.00177778 -0.000548935 1.08562e-06 -0.000485142 -0.0013052 -0.000282758 -0.000109214 -0.00105949 0.00016732 -0.000641925 0.00013794 -0.000360204 0.000607806 -0.00172038 -0.000131207 0.00169535 0.000579355 0.00142706
internal_weight=22975 21961 9090 12871 1122 7120 4129 3161 2991 11749 10495 2358 8137 2743 1717 1762 1602 1254 1267 418 5394 1880
internal_count=22975 21961 9090 12871 1122 7120 4129 3161 2991 11749 10495 2358 8137 2743 1717 1762 1602 1254 1267 418 5394 1880
cat_boundaries=0 13 15 28 41 43 57 58 71 85 86 99 112 114 116 118 120 121 133 135 149
cat_threshold=3225550920 0 33554432 268435456 16777728 1 128 1342178304 0 0 109182976 268435464 32 721913382 7770 50331664 277620 2147483648 128 8519944 16777216 512 0 0 8524032 1073741840 2048 9440256 27262993 1107558480 0 129 131336 16777472 0 0 1028 131184 4112 6208 133121 2147487808 90113 8388609 2097152 0 2097152 0 0 0 98304 536870916 7356426 134221952 17863936 67149838 5 2 2392064 33554432 4097 8196 403210240 536871936 0 134225920 0 558096 16777216 532 2147500561 20480 8388608 1610612736 40960 1130500 570425348 0 49216 32768 0 824246272 8224 67129600 2 116 98304 4100 0 0 0 0 0 65536 536870912 16384 134217728 256 2147517464 33816576 16793604 1 512 3490218048 2048 0 0 536942592 16813059 134217728 2166359056 33280 2487769344 466944 1088946240 409732 459778 5714 14700552 499716 6 0 0 0 0 0 0 0 0 0 0 4224 33024 2221412352 483584 32768 2309120 0 2097152 0 64 0 0 0 5771264 0 524544 8192 5
is_linear=0
shrinkage=0.045


Tree=102
num_leaves=23
num_cat=19
split_feature=0 0 3 0 0 2 0 3 0 3 0 3 5 5 5 2 0 3 4 3 0 3
split_gain=3.69284 1.96977 2.08963 3.18311 1.62214 1.26587 1.48598 1.39866 1.22253 1.16135 1.1485 1.46054 1.22109 1.20853 1.09178 1.07322 1.48833 0.933725 0.932674 1.16373 0.894482 1.87127
threshold=0 1 2 3 4 5 6 7 8 9 10 11 6.0626210638078133 4.0517471391904856 4.863673427408628 12 13 14 15 16 17 18
decision_type=9 9 9 9 9 9 9 9 9 9 9 9 8 10 10 9 9 9 1 9 9 9
left_child=-1 -2 3 -3 9 6 18 -8 -7 -4 11 13 -13 -6 -15 16 -12 -18 19 -5 21 -17
right_child=1 2 4 5 10 8 7 -9 -10 -11 15 12 -14 14 -16 20 17 -19 -20 -21 -22 -23
leaf_value=-180.95106757800406 72.366062130442373 -115.61980589688535 44.070688508037854 -88.178681184901379 4.3901377347356609 -16.378119952510158 22.813635422737772 -12.850825471213113 200.72695112356911 -75.177833759963804 -257.37146296454603 -0.82265219399278877 556.71708010136433 370.47899054370163 50.041182895308694 -68.691468574983134 -80.639920264758857 15.752815942466292 -112.05511064689452 27.703948925846614 7.7077279714324929 14.414307784663249
leaf_weight=1087 376 2250 213 267 151 398 640 1699 846 1726 572 871 85 96 136 1092 611 769 2422 552 4669 1447
leaf_count=1087 376 2250 213 267 151 398 640 1699 846 1726 572 871 85 96 136 1092 611 769 2422 552 4669 1447
internal_value=-0.0005944 -0.000466028 -0.000523092 -0.00104204 -0.000143856 -0.000555589 -0.000844958 2.10538e-05 0.000738056 -0.00133547 7.74892e-05 0.00130237 0.000344007 0.00361139 0.00573077 -0.000103032 -0.00103564 -0.000226294 -0.00146772 -0.000158954 0.00015083 -0.000527441
internal_weight=22975 21888 21512 9074 12438 6824 5580 2339 1244 1939 10499 1339 956 383 232 9160 1952 1380 3241 819 7208 2539
internal_count=22975 21888 21512 9074 12438 6824 5580 2339 1244 1939 10499 1339 956 383 232 9160 1952 1380 3241 819 7208 2539
cat_boundaries=0 13 26 28 41 55 56 70 72 84 86 100 102 103 116 118 119 121 135 137
cat_threshold=3242328064 0 0 268435584 16777216 16777217 128 1342178304 0 0 109182976 285212680 524320 65537 0 33554432 20 0 4096 0 0 134217728 1073741840 65536 64 4096 789001766 138842 33554448 15476 0 0 8520456 0 512 0 0 2262272 1207959568 1024 9456644 20480 75497472 1073745920 32768 1130500 570427396 0 134217728 0 514 941621376 1056800 2149614336 2 135 2097160 2359296 0 2097153 524288 1024 0 65536 536873984 9457672 16777344 2148571920 67141656 1 151072770 132096 0 16777216 1 0 135299072 0 0 65536 32768 4106 268435456 2621440 3222274304 8192 10485776 1109657664 0 1 131592 256 0 32768 4 132128 16 5120 10246 17 1081368 262176 3 32768 4096 0 0 256 0 0 65536 536870912 16384 16777216 2304 1048 1076379648 286884 2 33690114 132608 33554432 16777236 536870913 8704 3221749824 0 0 8192 536909824 18876489 1073741824 2149613585 67108864 4 2421735488 73760
is_linear=0
shrinkage=0.045


Tree=103
num_leaves=23
num_cat=20
split_feature=0 2 0 0 3 3 0 3 0 0 5 0 0 3 3 3 0 3 1 5 3 1
split_gain=3.35666 1.91055 3.35615 2.47739 2.14189 1.81316 1.56614 1.52091 2.73625 1.79662 1.43883 1.19102 1.13511 1.52907 1.11603 1.10265 1.0303 1.20442 1.20786 1.03002 1.86702 1.61827
threshold=0 1 2 3 4 5 6 7 8 9 5.2176457913436556 10 11 12 13 14 15 16 17 3.5972184255501678 18 19
decision_type=9 9 9 9 9 9 9 9 9 9 8 9 9 9 9 9 9 9 9 8 9 9
left_child=-1 2 -2 4 6 12 -3 8 -5 14 16 -12 13 -4 -9 -7 -10 18 -18 20 21 -11
right_child=1 3 5 7 -6 15 -8 9 10 19 11 -13 -14 -15 -16 -17 17 -19 -20 -21 -22 -23
leaf_value=-163.02625840083675 -273.53771311646256 13.029624275524462 76.942963004318472 -113.29053144604109 -0.30454781555927374 210.36402024077313 312.7715451319462 12.2926061119807 -93.566998492226716 154.26796748880761 -26.136564315440122 95.46447335177379 -110.98259300695639 -39.677773672837638 -85.537612858963243 5.2175729298213476 -55.7839444869986 -31.449697852138335 58.912108015441348 7.1689699625595242 -72.503859501045184 -14.46888513497378
leaf_weight=1516 1396 255 118 1381 707 109 327 634 1144 257 301 652 1857 313 1343 1373 238 806 502 6305 1073 368
leaf_count=1516 1396 255 118 1381 707 109 327 634 1144 257 301 652 1857 313 1343 1373 238 806 502 6305 1073 368
internal_value=-0.000570898 -0.000425249 -0.00117845 -0.000185742 0.00169831 -0.00047594 0.00369697 -0.000348829 -0.000986498 -2.70227e-05 -0.000336116 0.00116387 -0.00126783 0.000802482 -0.00123756 0.000746987 -0.000869243 -0.000103981 0.00119681 0.000273424 -0.000709413 0.00123626
internal_weight=22975 21459 5166 16293 1289 3770 582 15004 5024 9980 3643 953 2288 431 1977 1482 2690 1546 740 8003 1698 625
internal_count=22975 21459 5166 16293 1289 3770 582 15004 5024 9980 3643 953 2288 431 1977 1482 2690 1546 740 8003 1698 625
cat_boundaries=0 14 15 28 41 43 45 57 59 73 87 100 113 115 117 119 132 134 136 138 140
cat_threshold=3221356544 262212 0 268468224 1090519040 33554437 384 1342178368 0 0 1185021952 268435464 1048608 1 3 6324224 4096 0 0 256 0 0 65536 536870912 2155892992 16777216 35076 2147517468 14729217 0 33558656 1 8388864 0 0 0 0 0 0 964 525570 3910157394 282664 1862927942 481996 2097152 0 0 1 8388864 0 0 0 0 0 0 4 2065146990 35890 16 16790576 0 2097152 1048584 256 0 0 3072 10486026 268435456 34817 75515904 4 4096 8390656 0 8192 245824 3072 0 8192 536870920 6340672 671154176 536608 2241024 2 0 67108864 1 0 134250496 0 0 8192 0 0 0 2150105088 4 65536 0 3221225472 128 0 0 0 8192 0 1073741840 40 128 1 134873600 196608 4194304 16772 269494272 32768 0 0 0 0 524288 1024 0 65536 536903680 5120 134217728 1048576 2147516440 152510530 32784 1065233 2560 8913552 213312 1048752 66562
is_linear=0
shrinkage=0.045


Tree=104
num_leaves=23
num_cat=21
split_feature=0 4 3 0 3 0 0 5 0 3 0 1 3 2 0 0 3 0 0 3 3 1
split_gain=3.90876 1.96642 3.06417 3.1207 2.78057 3.12879 2.43932 2.23464 2.08715 1.81676 1.57353 1.46738 1.35754 1.28658 1.97665 1.76846 1.56441 2.19704 1.69878 1.41474 1.37516 1.05686
threshold=0 1 2 3 4 5 6 3.8176519431297078 7 8 9 10 11 12 13 14 15 16 17 18 19 20
decision_type=9 1 9 9 9 9 9 8 9 9 9 9 9 9 9 9 9 9 9 9 9 9
left_child=-1 4 3 -3 5 -2 -4 -7 -6 21 -5 12 -11 14 -8 20 18 -18 -17 -16 -15 -9
right_child=1 2 6 10 8 7 13 9 -10 11 -12 -13 -14 15 19 16 17 -19 -20 -21 -22 -23
leaf_value=-176.72646520060644 -25.14590349952714 6.9910131722484383 -50.018374101101124 -186.86447000822301 34.913523936487643 1.0804036556747467 -124.81717757504238 177.41005352389834 -66.271013747346359 124.5285602756521 -85.420405021715879 15.84370859833883 492.71797516916115 33.154804498309197 -55.43607588092587 -36.506740114592105 207.58675998167993 19.599292906265777 11.439376771875827 38.093653990614655 -51.806385833510085 532.40174702879165
leaf_weight=1081 1297 1082 1858 1249 599 1101 1021 214 2343 333 2697 1019 146 240 912 701 369 1706 821 953 1063 170
leaf_count=1081 1297 1082 1858 1249 599 1101 1021 214 2343 333 2697 1019 146 240 912 701 369 1706 821 953 1063 170
internal_value=-0.000547396 -0.000415778 -0.000715144 -0.00161429 0.000191859 0.000922646 -0.000244202 0.00172337 -0.000871362 0.00267038 -0.00220111 0.00191324 0.0039501 0.00010618 -0.000645964 0.000549673 0.00106359 0.00186512 -3.52032e-05 0.000227756 -0.000865781 0.00540909
internal_weight=22975 21894 14672 5028 7222 4280 9644 2983 2942 1882 3946 1498 479 7786 2886 4900 3597 2075 1522 1865 1303 384
internal_count=22975 21894 14672 5028 7222 4280 9644 2983 2942 1882 3946 1498 479 7786 2886 4900 3597 2075 1522 1865 1303 384
cat_boundaries=0 13 14 16 30 32 46 59 72 74 87 89 91 92 105 119 121 134 147 149 151 153
cat_threshold=3225550849 64 33558528 268435472 16777216 2561 384 1342178304 0 0 44171264 268435464 524320 2 1261338756 175318 262144 0 1140850688 8325 135397376 0 0 73728 0 1077018624 4256 2164785168 8404999 4 3366751424 178612 0 10501124 1 0 1048576 536870912 0 0 4 4194306 352321536 2150146064 8421378 6 278528 2100256 2147483648 2147524608 134905864 0 0 73728 589824 2277377 134217728 48 1065744 32768 67110912 0 2097152 8912896 536870912 0 0 32768 525320 0 2629652 67142160 1207960576 166176 2097168 50335792 0 2097152 268992516 536871936 0 0 536870912 8388864 218103824 39168 68199552 1611174948 65548 8913024 8196 3 32768 131072 0 128 8388864 33554432 0 0 536870912 8392720 16777216 33028 1036 4096 3229622272 0 1 268436032 5376 512 0 4096 5770248 65536 18350209 2214592512 6 2962307872 69633 16810000 131092 0 0 3221225728 0 0 16384 0 2 16777216 256 10244 32768 50331668 1 0 1048576 536870912 0 0 536903680 8392706 0 2107392 14348 605029970 344584 71371008 81920 1066000 3072
is_linear=0
shrinkage=0.045


Tree=105
num_leaves=23
num_cat=19
split_feature=0 0 2 0 3 1 3 2 0 0 3 0 5 0 3 3 5 3 1 3 0 5
split_gain=4.02898 2.04759 1.9091 3.3368 2.27802 2.1722 2.72759 1.22552 1.19675 1.03304 1.19078 1.96523 1.80815 1.43401 1.17471 1.16515 1.22732 1.01025 0.993498 0.975732 0.955881 1.18778
threshold=0 1 2 3 4 5 6 7 8 9 10 11 3.5694334999727624 12 13 14 5.8847132099692177 15 16 17 18 4.5485858369352732
decision_type=9 9 9 9 9 9 9 9 9 9 9 9 8 9 9 9 10 9 9 9 9 10
left_child=-1 -2 5 -4 -5 6 8 -8 -3 19 11 -11 -13 15 -15 -12 -17 -9 -16 -7 21 -19
right_child=1 2 3 4 -6 9 7 17 -10 10 13 12 -14 14 18 16 -18 20 -20 -21 -22 -23
leaf_value=-203.60768718081815 366.9702976625739 -7.4313282955970195 -245.9648950159783 -99.705737421118684 6.4121580148321957 -58.480493186229403 178.15162183262555 -42.322638691225301 -173.11083777706153 -75.158168825754558 -39.246826300613229 -65.963507605581896 94.086405911033069 58.37972559760366 -6.1073123561905254 -1.2321332193607475 329.11686679247754 -3.4417784788179984 164.89100418161567 3.6178925495546199 -28.956765530150683 53.875145377945891
leaf_weight=909 119 400 1424 1704 2336 698 160 2692 1105 317 1398 158 684 1277 1436 1474 162 1155 299 832 1482 754
leaf_count=909 119 400 1424 1704 2336 698 160 2692 1105 317 1398 158 684 1277 1436 1474 162 1155 299 832 1482 754
internal_value=-0.000547396 -0.000425175 -0.000458424 -0.00118663 -0.000521966 -0.000216339 -0.000764305 -0.000347483 -0.00247693 0.000270092 0.000495704 0.00180999 0.00294028 0.000240672 0.000934523 -0.000449115 0.000365897 -0.000452585 0.000167429 -0.000787939 6.47947e-05 0.000728526
internal_weight=22975 22066 21947 5464 4040 16483 7748 6243 1505 8735 7205 1159 842 6046 3012 3034 1636 6083 1735 1530 3391 1909
internal_count=22975 22066 21947 5464 4040 16483 7748 6243 1505 8735 7205 1159 842 6046 3012 3034 1636 6083 1735 1530 3391 1909
cat_boundaries=0 12 24 25 38 40 42 44 45 58 71 73 86 99 101 103 105 107 109 123
cat_threshold=3238133761 0 33558528 268435456 1090519040 0 128 1342178304 8 67111424 42074112 268435464 65600 262144 0 0 0 0 0 0 134217728 0 0 64 116 6324224 132100 0 0 260 0 0 65536 536870912 2155892992 83886080 1083648 1082396 187303494 281288 269749520 74511 369504292 3730 32 0 0 0 0 1048576 0 0 65536 4 12079104 134217728 0 2147483648 33574916 3229614080 67108865 2147516932 2415919104 50331649 512 8192 563200 0 65536 1179776 10748416 3290562880 16920 262144 35651584 0 2097152 8388608 0 0 0 0 0 0 2148007952 10240 4194320 83886080 536871040 8193 134217728 5924 0 134217728 1024 0 0 2665476 37004 138429972 299040 403819060 430176 681658122 45160 4166 3072 2292597840 321804 0 15440 0 0 33024 536870912 0 65536 0 13685000 1140850688 1 2214592512 5
is_linear=0
shrinkage=0.045


Tree=106
num_leaves=23
num_cat=21
split_feature=0 0 3 0 0 2 1 3 2 0 3 4 2 0 3 0 3 5 0 0 3 3
split_gain=3.70628 2.41314 1.97927 2.52079 1.66677 1.95047 2.25013 2.66712 1.92908 1.50225 1.49718 1.24955 1.58729 2.42578 1.47857 1.37704 1.50142 1.36645 2.32279 1.59121 1.63875 1.33677
threshold=0 1 2 3 4 5 6 7 8 9 10 11 12 13 14 15 16 4.6298509007569537 17 18 19 20
decision_type=9 9 9 9 9 9 9 9 9 9 9 1 9 9 9 9 9 10 9 9 9 9
left_child=-1 -2 3 -3 8 6 -6 -8 10 -7 -4 -11 15 -14 -15 16 -13 19 -19 -17 -21 -20
right_child=1 2 4 -5 5 9 7 -9 -10 11 -12 12 13 14 -16 17 -18 18 21 20 -22 -23
leaf_value=-224.55706210419336 443.85585583291754 -166.21313720673558 -0.39767323555995787 -13.776792689968254 -224.811324427317 -41.357127639334564 -120.61755793954788 28.783437779860993 -73.149056195031775 -370.02824238682149 93.668244210840939 -81.739346358032165 -30.633529714394516 552.79801093201104 140.95564946626277 -39.689198954706008 -6.5353302386188545 -12.351959419074253 115.88921345266711 -13.783375967828604 51.745809553198015 11.012430985547525
leaf_weight=959 116 1175 408 1672 1091 1515 878 897 463 261 664 929 430 100 476 2703 2071 1449 888 1358 1189 1283
leaf_count=959 116 1175 408 1672 1091 1515 878 897 463 261 664 929 430 100 476 2703 2071 1449 888 1358 1189 1283
internal_value=-0.000518019 -0.000397541 -0.000433325 -0.00153778 -0.000267428 -0.000392243 -0.00146352 -0.000465866 0.001149 -0.00018167 0.00219188 -2.63529e-05 3.634e-05 0.00174165 0.00362755 -0.000109831 -0.000941236 0.000172257 0.000844836 -0.000291319 0.000515239 0.00177073
internal_weight=22975 22016 21900 2847 19053 17518 2866 1775 1535 14652 1072 13137 12876 1006 576 11870 3000 8870 3620 5250 2547 2171
internal_count=22975 22016 21900 2847 19053 17518 2866 1775 1535 14652 1072 13137 12876 1006 576 11870 3000 8870 3620 5250 2547 2171
cat_boundaries=0 12 24 26 40 53 54 56 58 59 73 75 76 77 90 92 106 108 121 135 137 139
cat_threshold=3225550920 1074004032 0 268435456 16777216 577 128 1342177280 8 0 42074112 268435464 0 0 33558528 0 1073741824 0 0 0 134217728 0 8 64 33947654 265792 32768 15392 0 0 8913152 0 0 0 536872960 12584202 150994944 3472 37 1 27328513 33554432 603979904 17 72 0 0 32832 1024 1073741872 69632 2208 2752803 2 1049876 2575 770265632 14 22 33558528 2162704 2147483648 2147524608 2148532224 33554688 512 134218752 36864 1025 1946157216 17306112 128 16 25198688 143492 1 148 32768 0 0 0 8421376 0 0 0 4 0 0 2269440 16 1064992 44 16 2155892772 1 4 671744 536875008 0 16384 0 19007554 136314880 3178497 67373056 6 1639485792 32794 262144 83895296 0 512 142606336 0 0 8192 4 524296 16777216 2147483668 17920 278528 133120 0 0 402719488 3076 0 65536 536870912 13160448 0 16 2155917832 1 2017508384 184484 14194016 16552
is_linear=0
shrinkage=0.045


Tree=107
num_leaves=23
num_cat=20
split_feature=0 3 0 0 1 0 3 2 3 2 0 3 0 5 3 2 5 1 0 1 0 3
split_gain=3.812 1.88145 3.40445 1.94272 1.52937 1.2211 1.13826 1.43392 1.08249 1.04284 1.96129 1.54471 1.08935 0.986392 0.921546 0.874809 1.09701 0.873528 0.850444 0.837003 0.784934 1.11739
threshold=0 1 2 3 4 5 6 7 8 9 10 11 12 6.5589065201527559 13 14 2.9174053685313028 15 16 17 18 19
decision_type=9 9 9 9 9 9 9 9 9 9 9 9 9 10 9 9 10 9 9 9 9 9
left_child=-1 2 -2 6 -4 8 19 -8 -5 10 -7 17 13 14 -11 18 -17 -12 -6 -3 21 -14
right_child=1 3 4 5 15 9 7 -9 -10 12 11 -13 20 -15 -16 16 -18 -19 -20 -21 -22 -23
leaf_value=-181.18319143260794 -144.16262939719257 49.946642293426336 59.669463639594561 -137.50296275856903 17.20195470342555 -186.91609721226212 4.590809145439418 375.61440671774449 -26.63181273358569 -77.775294490795531 63.895593100016988 26.721258680788026 7.1874590038669925 76.965495302005806 -6.3409003932244978 905.33627450205404 2.1045540972979047 -73.444412629775229 -102.50029215340979 -152.49677969431696 8.7906036851357268 -28.092160048533295
leaf_weight=896 1492 162 281 423 338 965 375 127 1126 1099 159 1064 1669 70 1437 65 414 1258 1631 163 5993 1768
leaf_count=896 1492 162 281 423 338 965 375 127 1126 1099 159 1064 1669 70 1437 65 414 1258 1631 163 5993 1768
internal_value=-0.000541521 -0.000423499 -0.00127676 -0.000221098 -0.000326707 -0.000325032 0.00189332 0.00322179 -0.00152499 -0.000203886 -0.000892714 -0.000218413 -5.97717e-06 -0.000818183 -0.000968086 -0.000691464 0.00101731 -0.00118719 -0.0011108 -0.000200298 0.000219232 -0.000322268
internal_weight=22975 22079 4221 17858 2729 17031 827 502 1549 15482 3446 2481 12036 2606 2536 2448 479 1417 1969 325 9430 3437
internal_count=22975 22079 4221 17858 2729 17031 827 502 1549 15482 3446 2481 12036 2606 2536 2448 479 1417 1969 325 9430 3437
cat_boundaries=0 13 15 29 43 45 59 61 62 64 65 78 80 94 96 97 99 113 115 128 130
cat_threshold=3221356544 262144 100667392 268435472 1090519040 1 128 1342177280 8 0 42074112 268435464 524288 772210694 265794 2129920 67124260 0 0 8388872 0 0 0 3072 1290 16777216 36096 32807 1 27328513 1073741824 128 5 64 0 0 32768 0 48 4096 64 2097153 1 536871072 48 4112 16 1073741824 2147524608 2148597760 33556480 0 134218752 102400 49153 2082471960 16777216 1024 16 2147504232 86176 5 16800800 98344 3 4227072 4096 0 0 260 0 0 65536 536870912 8392960 16777216 260 32796 3253248512 20620 0 2155937828 0 2097152 704512 4096 512 8192 536870912 19922946 65536 1060865 67506304 6 2167960416 167944 7 2147483648 2 0 0 0 0 134217728 536871936 0 0 0 524288 0 660 9216 2 5 1024 33554436 18895872 1 0 402653184 536871936 0 16448 524288 67116108 0 655392 2155915776 2173192336 147492
is_linear=0
shrinkage=0.045


Tree=108
num_leaves=23
num_cat=19
split_feature=0 0 2 0 3 1 3 0 0 0 4 5 0 3 3 5 3 0 3 5 0 3
split_gain=3.53163 2.21524 1.86691 3.35061 2.22262 1.92796 2.564 1.73153 1.48497 1.476 1.17715 1.17163 1.11128 1.79139 1.0819 1.95133 1.04932 0.983704 1.8798 0.884065 0.842848 0.884559
threshold=0 1 2 3 4 5 6 7 8 9 10 5.9952067579627961 11 12 13 3.5972184255501678 14 15 16 2.3502401828962087 17 18
decision_type=9 9 9 9 9 9 9 9 9 9 1 8 9 9 9 10 9 9 9 10 9 9
left_child=-1 -2 5 -4 7 6 8 -5 -3 11 14 -6 13 -8 15 -10 -14 18 -7 -11 -15 -22
right_child=1 2 3 4 9 17 12 -9 10 19 -12 -13 16 20 -16 -17 -18 -19 -20 -21 21 -23
leaf_value=-226.05004371429487 561.22676629023749 -150.94970392509831 -262.22274853751202 -137.67823810048216 176.44993484903918 36.402222121399078 -37.803915593134349 -18.841042804207277 -156.86950032051035 303.17618050429888 -83.142576931977018 -160.42890508001847 -88.34887247027207 9.0488214942474787 -119.48317533843753 203.55123014878666 0.44123563608474942 6.0781609718054375 -79.254167381481736 -7.9678714762275336 2.9299915807196237 102.25225076873238
leaf_weight=754 114 894 1180 875 218 936 809 1637 131 200 863 39 981 933 237 204 1247 7571 1073 1359 313 407
leaf_count=754 114 894 1180 875 218 936 809 1637 131 200 863 39 981 933 237 204 1247 7571 1073 1359 313 407
internal_value=-0.000484725 -0.000380719 -0.000414419 -0.00113152 -0.000547467 -0.000175818 -0.000741787 -0.00141205 -0.00195878 0.00064989 -0.00104181 0.00373048 -0.000133987 0.000523847 0.0005331 0.00213977 -0.000859822 0.000239261 -0.000643494 0.00011744 0.00137027 0.00252049
internal_weight=22975 22221 22107 5508 4328 16599 7019 2512 2329 1816 1435 257 4690 2462 572 335 2228 9580 2009 1559 1653 720
internal_count=22975 22221 22107 5508 4328 16599 7019 2512 2329 1816 1435 257 4690 2462 572 335 2228 9580 2009 1559 1653 720
cat_boundaries=0 12 25 26 39 41 43 45 58 69 82 83 97 99 101 103 116 118 131 132
cat_threshold=3221356544 0 33558528 268435456 1090519040 0 128 1342177280 0 0 42074112 268435464 0 1074003968 0 0 0 0 0 0 134217728 0 0 64 2097152 116 6324224 1028 0 0 256 0 0 65536 536870912 2155893008 83886080 1048832 1082392 3947513414 285384 1477709072 74503 1060581484 44690 33554432 0 0 129 8519680 33554432 0 0 0 0 4096 37892 36 0 15412 0 0 16648 0 0 49152 0 1026 354418688 0 32 2147483648 1 131072 33554432 0 0 0 1073741824 4112 32772 32 2 0 15444 0 0 840 536870912 0 50176 5128 5387 18874368 0 2147483648 20 1077970176 20744 151060480 34944 2147500690 458792 50331669 2147483648 1 2147516928 268435456 16778497 512 8192 524288 90177536 65536 1179776 8684032 3411563040 90512 0 3076 0 0 512 536870912 0 16384 5120 1034 16777216 0 2147483648 2155889154
is_linear=0
shrinkage=0.045


Tree=109
num_leaves=23
num_cat=19
split_feature=0 0 2 0 1 3 3 5 0 3 0 3 0 3 3 3 3 0 5 0 3 5
split_gain=3.24556 2.43049 1.96583 3.04491 2.02063 2.39252 1.65987 0.961036 1.74861 1.71348 1.56281 2.21928 2.40848 2.16301 1.62512 1.45472 1.41158 1.36605 1.19712 1.05807 1.02441 0.955953
threshold=0 1 2 3 4 5 6 3.5694334999727624 7 8 9 10 11 12 13 14 15 16 6.176905692078182 17 18 7.4966485886878944
decision_type=9 9 9 9 9 9 9 8 9 9 9 9 9 9 9 9 9 9 10 9 9 8
left_child=-1 -2 3 -3 5 -4 -5 8 9 -6 13 19 14 -9 -13 -14 -10 18 -17 -12 21 -19
right_child=1 2 4 6 7 -7 -8 10 16 -11 11 12 15 -15 -16 17 -18 20 -20 -21 -22 -23
leaf_value=-216.11227853020546 429.5617880101002 -220.15693924191581 -117.69286942806453 -98.368560328308973 442.37058784855685 -3.4812240390879285 1.2838264137410031 31.461484646774991 12.539475987047497 4.9179773768082802 1.8756090209179841 12.932320932429265 104.94256573450336 -39.311404671465986 -35.589159732971737 -14.756238140893858 -103.09021428341764 101.60785016372193 870.3575759791155 72.301911752014661 6.1699889084995281 810.64453132910637
leaf_weight=818 109 1328 1696 1318 104 4850 2823 923 367 360 229 1361 298 1707 1739 699 992 346 47 564 261 36
leaf_count=818 109 1328 1696 1318 104 4850 2823 923 367 360 229 1361 298 1707 1739 699 992 346 47 564 261 36
internal_value=-0.000478849 -0.000374916 -0.000409611 -0.00114861 -0.000165181 -0.000779507 -0.000542862 0.000236087 -0.000697809 0.00166386 0.000443862 0.000869098 0.000499791 -0.00045988 -0.000245824 0.00186198 -0.00150657 0.00122377 -9.49879e-05 0.00305776 0.00272748 0.00420304
internal_weight=22975 22157 22048 5469 16579 6546 4141 10033 1823 464 8210 5580 4787 2630 3100 1687 1359 1389 746 793 643 382
internal_count=22975 22157 22048 5469 16579 6546 4141 10033 1823 464 8210 5580 4787 2630 3100 1687 1359 1389 746 793 643 382
cat_boundaries=0 12 24 25 38 40 42 44 57 59 72 74 87 89 91 93 95 108 121 123
cat_threshold=3238133760 1074003968 0 268435456 16777216 1 128 1342177280 0 2048 42074112 268435464 0 0 33558528 0 0 0 0 0 134217728 0 65536 64 131 6324224 1028 0 0 260 0 0 65536 536870912 2155892992 83886080 35076 1082392 402951440 74503 923152740 11922 1663042118 281288 262144 131072 0 0 0 0 0 8192 0 0 0 2147516688 16008 20971538 128 33820672 2149711872 1 2147525120 402653184 256 512 57344 0 2228224 0 2147647504 8403842 1677725696 246296 16 125829120 67108992 2097156 2155872256 4 0 65536 1024 13107200 0 1049732 33816 193071636 41236 2446852960 272514 35684418 4128 1628979392 20752 2097161 0 0 0 0 33554496 0 0 102400 67141632 0 2633984 4 2097152 109051904 0 0 0 0 0 65536 1024 4227072 0 2621440 4 138429456 10372
is_linear=0
shrinkage=0.045


Tree=110
num_leaves=23
num_cat=20
split_feature=0 0 4 3 0 0 0 3 3 3 0 0 3 0 5 3 3 0 3 0 5 2
split_gain=3.38704 1.74306 1.69664 2.86527 3.20224 2.822 2.32201 2.88365 2.08863 1.98688 1.54471 1.42284 1.25842 1.25172 1.24745 1.24331 1.07129 0.981686 0.935933 1.25652 1.35464 1.13354
threshold=0 1 2 3 4 5 6 7 8 9 10 11 12 13 3.5694334999727624 14 15 16 17 18 5.705446369702539 19
decision_type=9 9 1 9 9 9 9 9 9 9 9 9 9 9 10 9 9 9 9 9 10 9
left_child=-1 -2 6 4 9 -5 7 -3 17 -4 -6 16 14 15 -9 -7 -10 -8 21 -20 -21 -13
right_child=1 2 3 5 10 13 8 12 11 -11 -12 18 -14 -15 -16 -17 -18 -19 19 20 -22 -23
leaf_value=-192.93166759798737 695.59158021838005 -50.151040980051114 38.823610924977338 -60.309076847118341 -174.67566905643247 139.79246158961979 -120.1681311868162 49.202066730498835 95.061924073859316 -77.942389321741359 -64.819626060601905 412.88038891876829 126.02152562615612 2.8984372648056786 742.36079115119969 2.1488835157960993 -49.741121953508511 -42.699034310851303 -22.692009509629735 43.165501962724633 1285.2705025537462 -4.797694222527074
leaf_weight=839 100 473 786 1818 806 113 530 35 147 638 4703 100 748 5772 65 152 929 1147 385 1024 102 1563
leaf_count=839 100 473 786 1818 806 113 530 35 147 638 4703 100 748 5772 65 152 929 1147 385 1024 102 1563
internal_value=-0.000486683 -0.000379132 -0.000407385 -0.000683977 -0.00134968 -9.43827e-05 0.000156413 0.00185334 -0.000225039 0.000551531 -0.00184124 0.000306193 0.00341163 0.000374193 0.00803571 0.00333032 -0.00110018 -0.00156394 0.00078531 0.00159258 0.00234886 4.56706e-05
internal_weight=22975 22136 22036 14788 6933 7855 7248 1321 5927 1424 5509 4250 848 6037 100 265 1076 1677 3174 1511 1126 1663
internal_count=22975 22136 22036 14788 6933 7855 7248 1321 5927 1424 5509 4250 848 6037 100 265 1076 1677 3174 1511 1126 1663
cat_boundaries=0 12 24 25 27 41 54 67 69 71 73 86 100 102 114 116 118 132 134 147 148
cat_threshold=3221356608 1074003968 33558528 268435456 16777216 16777729 0 1342177280 0 0 42074112 268435464 0 0 0 0 0 0 0 0 134217728 1073741824 0 64 2 1260880100 179942 8654848 77725696 3288334337 5 1048576 0 0 0 2048 4211712 4128 2166883344 4097 4 278528 75501664 0 32768 1703944 1088 0 134217728 71680 4768768 134217728 524592 67113488 14680064 33554496 0 2097152 277348352 1344 0 134217728 1024 8962056 0 12928 68302720 2161115808 172548 574869766 345672 16908320 143588 4259840 48 268435456 2097168 268960064 1024 128 134266880 0 164114 1159725056 1048577 1056768 0 25620 0 0 1130752 0 0 0 8 132099 889192448 20480004 2155888642 4 1207959552 2080 16842752 131072 0 16 64 0 0 32768 0 131090 16777232 1 525840 16 2147484288 133120 0 83890180 1 0 0 0 0 8192 536870912 258 402653184 2147516416 4 4 2284585616 4256 0 75499520 1 0 0 0 0 0 32768 2097408 0 2147484672 32784 34
is_linear=0
shrinkage=0.045


Tree=111
num_leaves=23
num_cat=19
split_feature=0 0 3 0 0 0 2 5 5 5 0 3 0 0 3 3 0 0 2 1 0 0
split_gain=3.28506 1.8244 1.51273 3.08201 2.04665 1.36715 1.34339 1.16656 1.12029 1.04248 2.43245 2.47213 1.79277 1.5133 1.99064 1.37213 1.19826 1.04922 1.12075 1.03619 0.953665 0.950288
threshold=0 1 2 3 4 5 6 4.4367340276668159 3.3140206880897671 3.9019216517693867 7 8 9 10 11 12 13 14 15 16 17 18
decision_type=9 9 9 9 9 9 9 10 10 10 9 9 9 9 9 9 9 9 9 9 9 9
left_child=-1 -2 3 7 -5 -4 19 -3 -8 10 11 -7 -11 -14 21 20 -17 -16 -19 -6 -12 -15
right_child=1 2 5 4 6 9 8 -9 -10 12 15 -13 13 14 17 16 -18 18 -20 -21 -22 -23
leaf_value=-171.45383311835266 477.50712183912083 4.0916101058404539 -39.970696630432371 -147.42948374624547 -136.01332558784588 -50.842791213150015 501.80603989343359 476.5600779600336 2.945498678373542 -22.496685611879688 -128.38657059824976 63.160051540714463 -0.14031601994515394 3.3269954327665587 -1.0031171369552527 109.92919484007483 -28.707445216803304 164.52433847492173 6.5270523095865904 -27.068298084712101 -44.253703075966271 132.44890498860622
leaf_weight=1062 117 189 1521 889 853 607 105 125 447 2465 1191 1024 4408 205 1531 372 1139 317 821 1948 1237 402
leaf_count=1062 117 189 1521 889 853 607 105 125 447 2465 1191 1024 4408 205 1531 372 1139 317 821 1948 1237 402
internal_value=-0.000469057 -0.000349534 -0.000380916 -0.00110924 -0.00143018 -0.000187805 -0.000913374 0.00311963 0.00110106 -6.26481e-05 -0.000557252 0.000901094 0.000208796 0.000547296 0.00127828 -0.00116059 -9.15966e-05 0.000740208 0.00176869 -0.00131337 -0.00182213 0.00358401
internal_weight=22975 21913 21796 4556 4242 17240 3353 314 552 15719 5570 1631 10149 7684 3276 3939 1511 2669 1138 2801 2428 607
internal_count=22975 21913 21796 4556 4242 17240 3353 314 552 15719 5570 1631 10149 7684 3276 3939 1511 2669 1138 2801 2428 607
cat_boundaries=0 13 25 27 40 54 68 69 83 85 98 111 113 115 128 142 143 145 159 173
cat_threshold=3225550848 64 33558528 268468224 16777216 16777217 256 268436480 4096 0 1185021952 268435464 131072 64 0 0 4 0 0 0 0 134217728 16 0 64 170328102 134722 33554432 8519680 1073741824 8321 0 536871936 0 0 32768 1074266112 32 532480 13440 8421376 11300 0 2097152 8388872 0 0 0 1024 132354 16777216 1050880 0 4 20496 8519696 0 2149589184 2148597760 3072 0 1073741824 65536 1073758721 671088648 17309696 1049600 2 7 10747904 16853024 0 1 142606336 0 0 40960 33792 131080 4128 2149615760 528419 16 68206720 315568 262144 17113124 0 0 134217728 33558784 640 57344 536903680 1048648 65536 1081648 4994 41943040 102766592 1 512 277512196 536870912 0 65536 0 2756608 268439568 2149582976 2147493896 1074839616 40 13153800 45213 32768 5120 0 0 655360 536870912 0 0 0 4718592 0 1049344 2048 2195456 0 0 0 768 4 0 0 1024 8422402 16777344 1028 49172 1 18 1074266130 2056 98304 5120 536870912 0 655360 536870912 0 65536 2048 80220160 285212688 1050112 2214594576 1 0 0 0 0 0 0 0 0 0 4194306 128 512 67125265 4
is_linear=0
shrinkage=0.045


Tree=112
num_leaves=23
num_cat=19
split_feature=0 0 3 0 0 0 5 2 5 2 0 0 3 0 5 1 2 3 1 3 3 3
split_gain=3.30389 1.94849 1.63689 3.49062 1.66755 1.61466 1.42117 1.02892 1.07589 1.02551 1.76038 1.0961 1.07043 1.30718 1.02365 0.933652 1.22803 0.930012 1.27472 0.89809 0.889753 0.886057
threshold=0 1 2 3 4 5 4.6491756246494491 6 5.2176457913436556 7 8 9 10 11 2.4414009612931857 12 13 14 15 16 17 18
decision_type=9 9 9 9 9 9 10 9 8 9 9 9 9 9 8 9 9 9 9 9 9 9
left_child=-1 -2 3 -3 6 19 14 8 -6 10 -7 -11 13 -12 -5 16 -14 18 -16 -4 -17 -18
right_child=1 2 5 4 7 9 -8 -9 -10 11 12 -13 15 -15 17 20 21 -19 -20 -21 -22 -23
leaf_value=-152.26787008352534 472.43342006762163 -116.17266423653633 -6.2160353769244319 606.77400664257959 -2.6797729199371987 -160.99717102899075 172.81382102040882 -38.545470346656451 697.34032753809993 22.779465590137992 28.847816626086971 0.90080235343020787 -47.886950803775335 -80.928468109827193 -137.04737371139103 -114.00667860813016 -5.1548468484181678 -116.59338839337001 216.1328486901148 -91.402026939240088 37.339457902232539 150.02336699582398
leaf_weight=1133 101 1807 1109 38 437 887 295 3261 140 1237 249 8633 273 980 113 304 124 222 119 999 155 359
leaf_count=1133 101 1807 1109 38 437 887 295 3261 140 1237 249 8633 273 980 113 304 124 222 119 999 155 359
internal_value=-0.000484725 -0.000360759 -0.000391188 -0.000993018 -0.000334808 -0.000137753 0.00153755 -0.000722339 0.00101613 4.73387e-05 -0.000634012 0.000277777 -7.33006e-06 -0.000939163 7.28734e-05 0.000935207 0.00189844 -0.000532896 0.00143852 -0.00129057 -0.000659237 0.00324545
internal_weight=22975 21842 21741 6432 4625 15309 787 3838 577 13201 3331 9870 2444 1229 492 1215 756 454 232 2108 459 483
internal_count=22975 21842 21741 6432 4625 15309 787 3838 577 13201 3331 9870 2444 1229 492 1215 756 454 232 2108 459 483
cat_boundaries=0 14 26 28 41 55 69 70 71 84 97 99 112 114 115 117 119 121 123 124
cat_threshold=3221356616 0 67108864 268468228 16777216 16777217 256 268436480 8 2048 1117913088 268435464 32 1 0 0 2181042176 0 0 0 0 0 134217728 0 0 64 187143206 134722 25165824 277620 0 2097664 8913164 0 0 0 1024 258 352321536 3332 8421376 2134016 2228224 1 8320 269516800 536871936 0 1073750016 32772 1082130432 0 532480 2147495936 2 4214788 131072 0 8192 2416033792 536873984 128 1073750016 536870912 1082147328 671088640 16785440 12800 2 80 131 32768 4 0 128 256 33554432 0 65536 0 4368 16777216 33024 2147484700 27262976 1073741888 128 528 8388872 33554432 0 16384 1024 288 16777216 36228 132096 1145569856 344220 8388608 0 0 0 0 0 0 0 0 8 0 128 1 80 1120 1 186684416 131072 268435492 66560 1141916112 278916 2684370960 4128 9453568
is_linear=0
shrinkage=0.045


Tree=113
num_leaves=23
num_cat=20
split_feature=0 2 0 0 3 0 5 0 3 0 3 0 3 0 0 1 5 0 3 3 0 4
split_gain=3.09045 1.88541 2.89062 2.14172 2.00887 1.85538 1.69145 2.48884 2.48696 2.16531 2.03228 1.37823 1.3064 1.87119 1.41536 1.28048 1.26317 1.24607 2.10281 1.3759 1.38442 1.25577
threshold=0 1 2 3 4 5 3.5408542930527882 6 7 8 9 10 11 12 13 14 2.602003343538398 15 16 17 18 19
decision_type=9 9 9 9 9 9 8 9 9 9 9 9 9 9 9 9 10 9 9 9 9 1
left_child=-1 2 -2 -3 5 -4 7 -5 15 10 -8 16 13 -11 -14 -9 -10 19 -19 20 -16 -20
right_child=1 3 4 6 -6 -7 9 8 11 12 -12 -13 14 -15 17 -17 -18 18 21 -21 -22 -23
leaf_value=-146.2212725537978 -271.8569774302444 111.36989321347443 -157.86975381198934 -122.60771234317055 13.856583353948057 -32.991453016539595 0.13231936008838896 -30.338795520126986 1101.7847766136522 21.015761443644692 -100.37664221321566 -96.61668835195708 -7.4854026994740179 -45.221498242551036 -12.020069414133417 146.84909382463874 -4.8536340012832664 172.26490467776156 138.43812157780846 -1.452867069657253 80.027548938812188 2.5400907909359169
leaf_weight=973 865 391 721 1299 1932 1767 1480 265 55 526 1253 921 1831 1996 292 472 195 402 710 2811 447 1371
leaf_count=973 865 391 721 1299 1932 1767 1480 265 55 526 1253 921 1831 1996 292 472 195 402 710 2811 447 1371
internal_value=-0.000471016 -0.000360181 -0.00110015 -0.000125621 -0.000629514 -0.0014724 -0.000205473 -0.00113166 -8.90636e-05 2.09196e-05 -0.00110328 -0.0013732 0.000317656 -0.000571824 0.000603351 0.00194059 0.0015458 0.000935731 0.00170801 0.000391633 0.00210319 0.00111586
internal_weight=22975 22002 5285 16717 4420 2488 16326 3207 1908 13119 2733 1171 10386 2522 7864 737 250 6033 2483 3550 739 2081
internal_count=22975 22002 5285 16717 4420 2488 16326 3207 1908 13119 2733 1171 10386 2522 7864 737 250 6033 2483 3550 739 2081
cat_boundaries=0 12 13 26 39 41 54 68 70 84 86 99 101 113 127 129 142 144 146 159 160
cat_threshold=3221356608 0 33558528 268468228 16777224 1 256 268436480 0 256 1117913088 268435464 3 6324224 4100 0 0 256 0 0 65536 536870912 2155892752 83886080 256 1049616 12582912 262144 67108864 0 0 0 0 0 0 0 0 832 525568 3949593094 285388 0 0 0 129 8388608 0 0 0 0 0 134217744 36868 2147516460 32768 17412 0 0 1573120 1024 0 1073807360 34816 16258050 201326592 19924992 2215641104 2 551290578 221504 0 2155943984 0 2147483648 180224 256 640 41024 536870916 9 268500992 131073 8391296 2 23676368 438772 262144 0 0 0 0 0 0 0 536871940 32768 0 2147483664 8712 319250530 140657 2097152 67108864 1 0 142606336 0 0 0 32768 4722688 0 2630660 17043456 131076 1 8192 1476395072 570425408 0 0 33792 2099296 134217728 2633760 2138112 4 1342194753 2057 33554456 69215296 0 2097664 1114112 4100 0 65536 65536 13242370 553648128 2148533268 2147483656 1142980736 279048 2685405700 65546 0 2097152 0 0 0 0 0 0 0 8912896 0 1048592 2147483656 2
is_linear=0
shrinkage=0.045


Tree=114
num_leaves=23
num_cat=20
split_feature=0 3 0 0 0 0 3 2 0 0 3 4 2 1 5 0 0 3 0 3 0 5
split_gain=3.10081 1.82285 2.88659 2.09205 1.77419 1.2496 1.18973 1.16486 2.06615 1.26381 1.33646 0.979073 0.975738 0.924307 0.901961 2.0881 1.49127 1.20406 1.1675 0.861535 0.855323 1.05915
threshold=0 1 2 3 4 5 6 7 8 9 10 11 12 13 4.7317931335534196 14 15 16 17 18 19 1.2424533248940004
decision_type=9 9 9 9 9 9 9 9 9 9 9 1 9 9 10 9 9 9 9 9 9 8
left_child=-1 2 -2 11 -3 6 -6 9 -9 10 -7 -4 -5 -14 16 -16 -11 20 -19 -17 -18 -22
right_child=1 4 3 12 5 7 -8 8 -10 14 -12 -13 13 -15 15 19 17 18 -20 -21 21 -23
leaf_value=-134.02990181637185 -124.49095101932846 69.272454348514984 980.48136413415716 31.051174225091145 4.1221867224756368 139.29008248871756 -83.093328526117858 -223.93489534790828 -9.9363765596864422 -36.273247125744739 0.093277871970251003 46.042436895856277 -114.85539314266758 -23.606647388982623 -36.672405039370346 -13.655088801933688 -76.896647849865104 -17.918540177497505 22.069555155452278 32.113673058647578 611.86670652235171 -2.1824232229649594
leaf_weight=1068 1109 211 46 577 440 529 1049 639 3049 1759 575 290 825 2083 887 281 991 961 1495 2645 48 1418
leaf_count=1068 1109 211 46 577 440 529 1049 639 3049 1759 575 290 825 2083 887 281 991 961 1495 2645 48 1418
internal_value=-0.000512144 -0.000395617 -0.00115642 -0.000564702 -0.000174025 -0.000226905 -0.00146602 -0.000105077 -0.000800271 0.000116756 0.00155645 0.00276724 -0.000894339 -0.0012298 -3.64401e-05 0.000515464 -0.000351964 5.20801e-05 0.000754861 0.0010936 -0.000650669 4.26241e-05
internal_weight=22975 21907 4930 3821 16977 16766 1489 15277 3688 11589 1104 336 3485 2908 10485 3813 6672 4913 2456 2926 2457 1466
internal_count=22975 21907 4930 3821 16977 16766 1489 15277 3688 11589 1104 336 3485 2908 10485 3813 6672 4913 2456 2926 2457 1466
cat_boundaries=0 12 14 28 41 54 67 69 70 83 95 97 98 99 101 115 129 131 145 147 161
cat_threshold=3221356608 262144 33558528 268468228 16777216 1 256 268469248 0 67108864 1185021952 268435464 707209254 134720 8421376 11380 536870912 0 8388872 0 0 0 1024 8389890 16777216 1050880 36 4 0 67239936 0 8193 1048576 1024 0 0 32768 1074266112 4112 532484 5120 8454144 0 536871040 0 72 0 0 64 0 32 0 64 131072 4096 8519680 2147483648 2147491904 3222339584 3072 0 1207959552 32768 1073758721 671088656 532480 69207040 1073741888 16790 116 4227072 1028 0 128 256 0 0 65536 536870912 4368 16777216 1081600 2147483664 23101448 64 0 16 8389376 0 0 16384 0 33024 16777216 2944 1075364944 4136 2 240 1074266130 2056 262144 69216288 1 0 0 4356 512 8192 1028 1032 0 33844 18944 2 16400 16793620 0 0 268615680 536870976 128 65536 65536 2234434 268435456 16781313 2155917824 4 291030336 4272 262144 100669440 0 2097152 524288 0 0 0 2048 14156808 0 4 266 2 1342177416 336130 0 8224 1 0 134742016 0 0 0 536870912 8388608 0 3146752 2056 1
is_linear=0
shrinkage=0.045


Tree=115
num_leaves=23
num_cat=21
split_feature=0 0 3 0 0 3 2 0 3 0 0 3 3 0 3 3 5 0 0 3 0 3
split_gain=3.06579 2.00875 1.49238 2.1075 1.03603 1.21147 0.905439 2.04728 1.26121 1.17636 1.06234 1.27523 1.00288 1.69439 1.49023 0.879673 0.873131 2.24954 1.99017 1.37425 1.47156 1.23071
threshold=0 1 2 3 4 5 6 7 8 9 10 11 12 13 14 15 4.6001450180613412 16 17 18 19 20
decision_type=9 9 9 9 9 9 9 9 9 9 9 9 9 9 9 9 8 9 9 9 9 9
left_child=15 -2 3 -3 5 -4 7 8 9 -6 11 -8 -9 -14 -15 -1 18 -18 -12 20 -19 -20
right_child=1 2 4 -5 6 -7 10 12 -10 -11 16 -13 13 14 -16 -17 17 19 21 -21 -22 -23
leaf_value=-13.786140820683173 300.66643883712271 -134.41680928955117 1.2491383669734863 -3.0288715078305097 61.316655221022259 -76.823326727924766 -4.698086726901141 -34.554309838017971 -212.82788373423801 -130.27932628619939 -64.329606459599944 136.17133367466477 82.189955227673437 -72.172416330190217 58.347172234882009 -143.98348318707568 -20.557240246881342 -2.7196500349734651 50.922616608166109 6.1052079916475277 126.15945715073445 -1.7972052835738046
leaf_weight=407 119 1292 851 1431 249 1218 520 1529 933 274 2489 519 275 425 525 880 1863 337 733 2283 717 3106
leaf_count=407 119 1292 851 1431 249 1218 520 1529 933 274 2489 519 275 425 525 880 1863 337 733 2283 717 3106
internal_value=-0.000498434 -0.000370784 -0.000404315 -0.00138702 -0.000261535 -0.00120879 -0.000143935 -0.000714118 -0.00207221 -0.000277571 4.75782e-05 0.00141722 9.76032e-06 0.000964025 4.67765e-05 -0.0026224 -7.72108e-05 0.00035467 -0.000432229 0.0010521 0.0023893 0.000211502
internal_weight=22975 21688 21569 2723 18846 2069 16777 4210 1456 523 12567 1039 2754 1225 950 1287 11528 5200 6328 3337 1054 3839
internal_count=22975 21688 21569 2723 18846 2069 16777 4210 1456 523 12567 1039 2754 1225 950 1287 11528 5200 6328 3337 1054 3839
cat_boundaries=0 14 26 28 42 56 58 59 72 74 87 101 103 105 118 120 122 135 149 151 165 167
cat_threshold=3242328072 80 33558528 268468224 16777472 1 256 268436480 4096 0 1117913088 268435464 1048576 16 65600 262144 0 0 0 0 0 0 134217728 0 0 64 34021380 265792 32768 15396 1 0 8912896 0 0 0 536872960 8388874 16777344 1051904 32813 5 16400 16842784 67108864 2147491904 2148532224 64 640 1207975936 8 2116100 402653184 8192 10489344 2 541082944 12678 3 35684352 135168 1073741824 128 4 33554432 0 65536 536870912 8392976 16777216 35584 32792 9977912 12289 33554432 4096 0 0 4 0 0 0 0 0 0 33280 8 10518528 131072 128 4 8388616 0 0 32832 0 32 0 2816 131330 1 2827485728 77972 3425191514 20609 0 0 0 1 0 0 0 0 0 8 4112 0 33 29364224 131080 8949842 139780 4096 77602816 0 2097664 134266880 4352 0 8192 1028 4232456 83951616 2148171780 16512 0 1107312644 536870912 0 268632064 3076 0 65536 536903680 13238338 0 3674112 2214637580 4 2823328002 245776 0 5120 1 0 268435456 536870912 0 0 536903680 2 0 2098208 0 4 547357330 1
is_linear=0
shrinkage=0.045


Tree=116
num_leaves=23
num_cat=20
split_feature=0 0 5 0 3 0 3 0 0 3 0 0 3 2 5 0 0 3 0 3 3 1
split_gain=3.09887 1.80136 1.44175 3.0933 2.1524 1.7288 2.22082 1.49152 1.48093 1.24597 2.58042 1.43066 1.32392 1.22419 1.18305 1.2701 1.1147 1.10177 1.06216 1.39569 1.13907 1.593
threshold=0 1 3.5694334999727624 2 3 4 5 6 7 8 9 10 11 12 5.2176457913436556 13 14 15 16 17 18 19
decision_type=9 9 8 9 9 9 9 9 9 9 9 9 9 9 10 9 9 9 9 9 9 9
left_child=-1 -2 3 -3 7 6 -4 -5 -6 10 -7 12 -11 16 15 -12 17 -13 19 -15 21 -20
right_child=1 2 5 4 8 9 -8 -9 -10 11 14 13 -14 18 -16 -17 -18 -19 20 -21 -22 -23
leaf_value=-147.97481787759091 436.78829449218074 -149.36689396582597 -100.77167917884978 30.676572037504609 165.55625957012452 -99.53035988472611 -1.988006424228532 -113.21914135320917 0.58198064119944215 71.278356170748097 33.543069663146859 50.105345307376048 5.155478025398434 -35.958503250782094 158.64853228279213 -31.714694224621997 -123.20425222024406 -74.462666799117756 -6.8257577124932078 8.2123499789278807 4.9812730522000157 128.13262855962185
leaf_weight=981 105 1416 1016 219 377 1459 1590 1505 1191 227 285 511 1282 1455 406 1133 1038 487 309 1701 3667 615
leaf_count=981 105 1416 1016 219 377 1459 1590 1505 1191 227 285 511 1282 1455 406 1133 1038 487 309 1701 3667 615
internal_value=-0.0004906 -0.000379125 -0.000408681 -0.00110637 -0.000343221 -0.000217629 -0.00128228 -0.00143606 0.000860126 -2.62231e-05 -0.000796207 0.000198247 0.00148225 -1.37933e-06 0.000333332 -0.000278874 -0.000979982 9.80187e-05 0.000256926 -0.000377842 0.000693134 0.00209615
internal_weight=22975 21994 21889 4708 3292 17181 2606 1724 1568 14575 3283 11292 1509 9783 1824 1418 2036 998 7747 3156 4591 924
internal_count=22975 21994 21889 4708 3292 17181 2606 1724 1568 14575 3283 11292 1509 9783 1824 1418 2036 998 7747 3156 4591 924
cat_boundaries=0 14 26 39 41 55 57 71 84 86 100 114 116 117 129 141 143 156 158 160 162
cat_threshold=3221356612 262208 4096 268468224 16777224 1 256 268436480 0 0 1117913088 268435464 0 16 0 0 67108864 0 0 0 0 0 134217728 16 8 64 4292616 67125252 0 0 1572868 1024 0 1073741824 2048 16258050 201326592 19924992 2215641108 241413676 313998 0 8456240 2147483648 128 8421696 256 640 8256 4 164096 16842752 32768 8390560 3 3391293486 219747 262144 16 536870912 0 256 0 0 8192 536903680 0 4224 16 512 1 0 131120 0 128 8388608 0 0 0 536870916 8 0 2147516416 34849 856077668 132176 16 16789508 0 0 1572864 536870912 0 0 536871936 10 402653328 2164263824 2214602753 4 25231384 1073766400 128 17 1074921476 1024 0 0 2048 1048576 144 18876548 68157441 4 134217728 279049 195 35651584 67108864 1073741824 1 134217728 0 0 0 0 1082654720 4128 524292 33554432 135168 536870912 0 134217728 0 0 0 128 8 0 2147485216 5259288 4263 33558528 67240960 0 2105348 402670080 536875008 0 134283264 536870912 531467 0 2148536337 2109440 1215315970 96552 1075838984 117288 1879048241 512
is_linear=0
shrinkage=0.045


Tree=117
num_leaves=23
num_cat=19
split_feature=0 3 0 0 0 0 5 3 3 4 0 2 1 3 0 2 5 3 3 0 5 2
split_gain=2.90926 1.68203 3.05654 1.54868 1.21218 0.990336 1.01654 0.921019 0.917394 0.832636 1.23005 0.90193 1.96386 1.96369 1.24785 1.51512 1.24077 1.19732 1.09061 1.26537 0.939234 0.816149
threshold=0 1 2 3 4 5 3.9415346756528771 6 7 8 9 10 11 12 13 14 5.9493387708841867 15 16 17 4.2555875595453383 18
decision_type=9 9 9 9 9 9 10 9 9 1 9 9 9 9 9 9 10 9 9 9 10 9
left_child=8 2 -2 -3 7 6 -4 -5 -1 10 -6 12 17 -14 15 -13 18 -11 19 -17 -19 -9
right_child=1 3 5 4 9 -7 -8 21 -10 11 -12 14 13 -15 -16 16 -18 20 -20 -21 -22 -23
leaf_value=-27.829415789479452 -128.17988500296457 282.85137650223578 -274.6446679867222 -136.84879657519684 95.024886862937677 -10.989557568316114 498.53955345119613 8.8622541534383696 -195.78078817913917 -216.90570240326019 -329.24784874887985 169.91391986545992 -65.804678965375246 47.84953670294432 -0.65751985022898696 -0.24380999549245491 180.24342727134203 -78.380904008328642 -5.420543683474297 74.020070704984391 86.294396008808803 -100.54740478627743
leaf_weight=290 1533 128 52 741 125 2612 72 612 714 582 461 223 803 823 10531 352 172 259 1251 263 95 281
leaf_count=290 1533 128 52 741 125 2612 72 612 714 582 461 223 803 823 10531 352 172 259 1251 263 95 281
internal_value=-0.000453389 -0.000344108 -0.00114471 -0.000150391 -0.000187821 -0.000239084 0.00350735 -0.00135055 -0.00280807 -6.77042e-05 -0.00172959 -4.1037e-06 -0.000772728 0.000175823 0.000150421 0.00110669 0.000706828 -0.0024019 0.000370984 0.00190191 -0.000295083 -0.000362984
internal_weight=22975 21971 4269 17702 17574 2736 124 1634 1004 15940 586 15354 2562 1626 12792 2261 2038 936 1866 615 354 893
internal_count=22975 21971 4269 17702 17574 2736 124 1634 1004 15940 586 15354 2562 1626 12792 2261 2038 936 1866 615 354 893
cat_boundaries=0 13 15 29 41 55 68 70 72 73 86 87 89 91 104 105 107 109 122 123
cat_threshold=3221356608 262144 67108864 268468352 16777216 33554433 0 268436480 0 0 1117913088 268435464 9437184 707198980 429635 10518528 8403972 0 0 8388864 536870912 0 0 3072 1290 285212672 3149056 33300 1 8388608 0 4224 0 0 0 0 0 0 0 32 64 266256 48 0 2147491904 3222339584 3072 0 1207959552 65544 1076904512 134283264 8192 132096 18 262144 0 0 0 1048576 1024 0 0 0 1073741824 0 8196 1024 1099471514 4104 2160627778 8708 1 33554432 0 0 0 0 0 0 0 0 0 0 2147484800 1 130 525604 68111 1170755618 65548 23101448 131136 0 16 8519944 4096 256 32832 2048 264 16777216 2100224 2138244 65 2148041234 20628 1150836880 16416 2097160 0 0 0 8388608 0 0 0 2048 8 0 2098176 32896 165
is_linear=0
shrinkage=0.045


Tree=118
num_leaves=23
num_cat=21
split_feature=0 0 5 0 3 0 3 1 3 0 0 3 2 3 4 0 0 2 3 3 1 3
split_gain=2.83538 2.0261 1.41584 2.84935 1.47687 1.46072 1.37808 1.35821 1.25659 2.81427 1.22386 2.35094 1.33713 1.35226 1.21783 1.2127 1.11887 1.6042 1.57315 1.0744 0.938131 0.930278
threshold=0 1 3.5694334999727624 2 3 4 5 6 7 8 9 10 11 12 13 14 15 16 17 18 19 20
decision_type=9 9 8 9 9 9 9 9 9 9 9 9 9 9 1 9 9 9 9 9 9 9
left_child=-1 -2 3 6 15 -4 -3 -6 9 -7 11 14 13 -12 -10 -5 19 18 -18 -14 -15 -19
right_child=1 2 5 4 7 8 -8 -9 10 -11 12 -13 16 20 -16 -17 17 21 -20 -21 -22 -23
leaf_value=-174.29233290606842 339.63555852658942 49.275609514332778 -34.192328588952869 183.99325104869237 -64.259286759956936 37.045762793276126 -166.5933902136376 20.435467178453155 709.55786732500928 -77.459948464975454 -125.6726560726205 2.5907617213300993 10.458754101120903 -109.74660210720715 82.123189453493907 -106.54332676541569 376.19618397844243 -4.817615728143644 25.383228714909606 -45.582596900170095 16.832090528181116 12.105439795879763
leaf_weight=846 105 106 1973 104 448 538 1281 1600 67 1926 828 1247 669 294 294 1210 232 2872 374 1205 740 4016
leaf_count=846 105 106 1973 104 448 538 1281 1600 67 1926 828 1247 669 294 294 1210 232 2872 374 1205 740 4016
internal_value=-0.000429887 -0.000331084 -0.000362272 -0.00105041 -0.000336101 -0.000173208 -0.00275661 0.000419416 -2.40967e-05 -0.000952344 0.000154785 0.00131111 -1.20096e-05 -0.00110939 0.00445174 -0.00150679 0.000207248 0.000453236 0.00265048 -0.000773066 -1.72095e-05 0.000255651
internal_weight=22975 22129 22024 4749 3362 17275 1387 2048 15302 2464 12838 1608 11230 1862 361 1314 9368 7494 606 1874 1034 6888
internal_count=22975 22129 22024 4749 3362 17275 1387 2048 15302 2464 12838 1608 11230 1862 361 1314 9368 7494 606 1874 1034 6888
cat_boundaries=0 12 24 37 39 53 55 57 59 72 85 87 88 90 91 105 119 120 122 124 126 128
cat_threshold=3242328064 0 67108864 268468224 16777224 1 0 268435456 0 0 1117913088 268435464 64 262144 2147483648 0 0 0 0 0 134217728 0 0 64 98312 67125248 0 0 1572868 1024 0 1073774592 2048 16258048 469762048 19925120 2215641108 237221932 323086 266240 67616 0 2147483776 33088 256 896 8256 4 131393 16842752 257 8390560 1 2147487872 65792 1611662337 65849 587596102 3152 0 75497472 1 1 134217728 0 0 65536 0 4722688 268439680 2630144 16 2195480 16384 536871040 5 1073758212 16778240 0 0 2048 1048592 536870912 16779396 70275077 1207993344 82696 2 136400928 475790 2 0 0 0 0 0 0 0 8192 536903680 0 4096 16 512 1 33570816 2157969472 0 2105344 402653696 536875072 0 134300672 33792 2048 268439552 668192 0 2 97 148394032 4 2156470912 41124 1024 67595 3499683360 8481
is_linear=0
shrinkage=0.045


Tree=119
num_leaves=23
num_cat=17
split_feature=0 2 0 3 0 0 3 3 0 0 5 0 0 0 5 5 3 3 5 5 0 0
split_gain=2.70565 1.82854 2.57959 2.03528 1.90485 1.85498 2.08385 1.33882 2.81544 1.45792 0.974311 0.965108 0.925242 0.862788 1.55585 0.862703 0.861385 0.849629 0.76674 0.755884 1.88254 1.82304
threshold=0 1 2 3 4 5 6 7 8 9 4.9089648320872419 10 11 12 4.2972622671762819 4.6774800307930642 13 14 5.4659459730803723 4.6395599436855051 15 16
decision_type=9 9 9 9 9 9 9 9 9 9 8 9 9 9 10 10 9 9 10 8 9 9
left_child=-1 2 -2 11 -5 6 10 8 -7 17 15 -4 -11 14 -10 -3 -6 18 -9 21 -21 -14
right_child=1 5 3 4 16 7 -8 9 13 12 -12 -13 19 -15 -16 -17 -18 -19 -20 20 -22 -23
leaf_value=-160.49879240966243 -226.71621930631869 51.231357022390227 211.40374861100781 -114.79009444385208 -107.20746560771246 -95.821116911982855 -1.1767586620755308 -0.51529603834799942 -26.437075840002645 -16.268397024345013 339.00160142138469 6.5478153985014673 -38.28801440238653 -11.637881624102294 75.177192410151974 -102.47002478885609 6.8507691649224558 -54.468677823233271 141.6932576036061 -5.9569663434469735 47.779323233714109 12.649855325591744
leaf_weight=781 843 296 260 1368 593 1154 788 276 198 2837 246 711 2168 1611 181 38 1557 1221 40 1436 2060 2312
leaf_count=781 843 296 260 1368 593 1154 788 276 198 2837 246 711 2168 1611 181 38 1557 1221 40 1436 2060 2312
internal_value=-0.000429887 -0.000337207 -0.00106269 -0.000628861 -0.00113201 -0.000107207 0.00147391 -0.000247841 -0.0010751 -3.64029e-05 0.00349662 0.00118566 0.000148405 -4.49561e-05 0.00185294 0.00195536 -0.000291398 -0.00132763 0.000740853 0.000396594 0.000892795 1.00391e-05
internal_weight=22975 22194 5332 4489 3518 16862 1368 15494 3144 12350 580 971 10813 1990 379 334 2150 1537 316 7976 3496 4480
internal_count=22975 22194 5332 4489 3518 16862 1368 15494 3144 12350 580 971 10813 1990 379 334 2150 1537 316 7976 3496 4480
cat_boundaries=0 12 13 26 28 41 55 57 59 73 87 100 114 127 129 131 144 158
cat_threshold=3221356608 262144 2214592512 268435456 16777216 1 0 268435456 0 0 1117782016 268435464 3 6324224 4100 0 0 256 0 0 0 536870912 2155892992 83886080 256 1049616 344991800 40994 41943040 131072 536870912 0 142737408 33554432 0 0 0 0 134352896 35844 2147516424 14729216 0 128 21 8388928 0 0 0 0 0 0 11076 656640 16 3780297746 278840 856143908 33842 16 16791604 0 2097152 1572864 536870912 0 8192 536904704 3178498 419430400 16809984 2214635520 6 33554432 2155873280 536870912 2147483648 1342358016 0 0 1073742848 4104 2104384 65536 659457 69206016 1 33554432 0 0 0 131072 0 0 0 0 8 4096 33792 8 0 67616 4096 40960 1048576 50335808 384 8256 4 97124362 671088640 3145760 8389120 2 0 8388608 1 0 0 0 0 0 0 12719104 0 524288 16 52559876 264788 8388688 16640 4096 67248128 1 2097664 134742016 256 0 0 33792 33024 83886080 2147517440 18578 262144 1176518724 1 512 2148007936 1028 0 98304 536872960 16385 0 16 2148577308 4
is_linear=0
shrinkage=0.045


Tree=120
num_leaves=23
num_cat=21
split_feature=0 3 0 0 0 4 3 1 3 1 4 0 1 3 0 3 0 0 0 2 5 0
split_gain=3.19161 1.48107 2.36571 1.56585 1.11225 1.05229 0.992167 0.938957 0.926689 0.892144 0.885083 1.25988 0.893711 2.66132 2.25383 1.59977 3.75793 2.56157 1.50197 1.36845 1.52951 1.70796
threshold=0 1 2 3 4 5 6 7 8 9 10 11 12 13 14 15 16 17 18 19 4.7050052835523761 20
decision_type=9 9 9 9 9 1 9 9 9 9 1 9 9 9 9 9 9 9 9 9 8 9
left_child=-1 2 -2 -3 8 9 -7 -8 -5 -4 11 -6 15 14 -14 16 -12 -17 -15 -19 -21 -22
right_child=1 3 5 4 10 6 7 -9 -10 -11 12 -13 13 18 -16 17 -18 19 -20 20 21 -23
leaf_value=-114.91934132249104 -153.34131737484452 238.16173060045162 -239.39693386974935 2.5555176050847286 91.623066442896487 -92.634031320402798 -37.525224232934711 190.3028244269581 -63.304967195608278 -2.8014490424536391 45.001218973032259 -294.84890686724844 -71.21944725649287 -6.6134631083563749 18.127389910442954 -94.349820065930231 -6.9489538968403748 -93.169516583881347 72.191993861900443 -6.3898673135068726 123.30598138690792 6.2945535221126203
leaf_weight=1226 1247 101 208 749 104 106 106 288 1500 896 1474 475 1231 461 1149 2180 2860 736 1072 3012 476 1318
leaf_count=1226 1247 101 208 749 104 106 106 288 1500 896 1474 475 1231 461 1149 2180 2860 736 1072 3012 476 1318
internal_value=-0.000416178 -0.000289303 -0.00124328 -0.000144686 -0.000176326 -9.46793e-05 0.00161354 0.00261576 -0.00111256 -0.000870706 -4.83706e-05 -0.00177367 1.43687e-05 0.000604203 -0.00033863 -0.000177495 0.000513575 -0.000565556 0.00205922 -5.02351e-05 0.000227894 0.00126782
internal_weight=22975 21749 2851 18898 18797 1604 500 394 2249 1104 16548 579 15969 3913 2380 12056 4334 7722 1533 5542 4806 1794
internal_count=22975 21749 2851 18898 18797 1604 500 394 2249 1104 16548 579 15969 3913 2380 12056 4334 7722 1533 5542 4806 1794
cat_boundaries=0 13 15 29 41 54 55 57 59 61 63 64 77 79 81 92 94 108 122 133 134 147
cat_threshold=3221356608 262144 2181038080 268435456 1090519360 1 0 268435520 0 512 1117913088 268435464 9962496 705036292 3137 2129920 15380 0 128 8388608 0 0 0 536873984 4195336 285212672 3178752 32825 1 0 0 603979904 0 0 0 0 0 0 32 0 64 16384 2147549216 4096 2149589056 753668 33557568 128 1207976960 65544 1073758208 134283264 8196 67108864 4 33554432 1088 1064976 65540 3225485376 213292 2308 10760 1 33554432 0 0 0 0 0 0 0 0 0 0 2147483776 1 269753363 69389 2148585178 356390 33816576 67108864 1 32901 2281701888 16777472 0 8192 2048 8 4240 2148536016 78112 9 15364 0 0 0 536870912 0 0 0 258 352321536 2166889600 160 7 4109 1028 0 0 16384 536870912 0 32768 0 67109123 352321536 2164790400 770 3 14942208 1101135872 1073741824 512 268435456 4 0 8192 32768 0 160 2 0 16 0 0 0 0 0 65536 0 8388608 0 1048848 2147516436
is_linear=0
shrinkage=0.045


Tree=121
num_leaves=23
num_cat=17
split_feature=0 0 3 0 0 3 2 1 3 0 0 3 0 5 5 3 5 3 5 5 3 1
split_gain=2.79001 1.69567 1.38687 1.97272 0.986167 1.34094 1.19921 2.57864 2.2844 1.26816 0.976355 0.971973 0.915249 1.50769 0.8719 0.850254 0.849832 0.838075 1.03204 0.824232 2.09321 1.13028
threshold=0 1 2 3 4 5 6 7 8 9 10 11 12 4.3107766033702406 3.9796379800581989 13 5.9952067579627961 14 4.0689902272260703 1.2424533248940004 15 16
decision_type=9 9 9 9 9 9 9 9 9 9 9 9 9 10 10 9 8 9 10 10 9 9
left_child=15 -2 3 -3 5 10 7 17 -9 11 -4 -8 13 14 -7 -1 -10 18 -6 20 21 -11
right_child=1 2 4 -5 6 12 9 8 16 19 -12 -13 -14 -15 -16 -17 -18 -19 -20 -21 -22 -23
leaf_value=-13.044989181546512 241.5821742370068 -146.66247287357109 -101.69650661863228 -2.3948017029605912 -91.125508887981638 58.690151783689124 -94.034595712625475 -81.772722272427856 64.569415170806721 522.32314477559464 6.2655414772898217 -8.4917533911769212 3.9812299446871342 -8.2946069773571818 217.46983760651787 -223.58897932071642 -38.747361381117841 -190.13270212939514 94.339643045155086 -1.1942010425131109 -18.839319258734061 73.616504504103972
leaf_weight=256 120 1057 276 1513 77 161 756 1057 568 115 551 926 566 91 35 626 138 1036 39 12229 472 310
leaf_count=256 120 1057 276 1513 77 161 756 1057 568 115 551 926 566 91 35 626 138 1036 39 12229 472 310
internal_value=-0.00041422 -0.000314116 -0.000344486 -0.00132456 -0.000213934 0.000824467 -0.000312857 -0.00114537 -5.83109e-05 -0.000148179 -0.000466628 -0.00130697 0.00206532 0.00410869 0.00645454 -0.0028792 0.00190529 -0.00279124 0.000843749 1.369e-06 0.00131646 0.00355263
internal_weight=22975 22093 21973 2570 19403 1680 17723 2915 1763 14808 827 1682 853 287 196 882 706 1152 116 13126 897 425
internal_count=22975 22093 21973 2570 19403 1680 17723 2915 1763 14808 827 1682 853 287 196 882 706 1152 116 13126 897 425
cat_boundaries=0 13 25 27 41 55 57 58 60 62 75 88 90 103 105 106 108 110
cat_threshold=3221356553 0 67108864 268468240 16777280 513 0 0 0 0 1117913088 268435464 1048576 0 262144 33554432 4 0 0 0 0 134217728 0 0 64 36044804 36417 32768 15412 1 0 8913152 0 0 0 0 1082654984 150994944 1424 32821 4 10551296 100663296 2147483776 129 8 4096 0 32832 1024 1179696 8 2176 659747 20 566346834 148 2 1301 68111 206131746 479244 33570832 2147549216 536870912 2147491840 3222274048 0 640 1476411392 8 2112 536875056 1585664 75497472 0 67108864 0 1 0 4096 0 0 1024 0 0 128 32 2307954328 266240 0 67108864 0 129 0 0 0 0 1024 0 0 128 32 2155909184 12804 13631520 135299122 16548 537399300 515
is_linear=0
shrinkage=0.045


Tree=122
num_leaves=23
num_cat=20
split_feature=0 0 3 0 4 3 0 3 5 0 3 5 3 0 2 3 1 0 3 0 3 3
split_gain=2.93433 1.54671 1.29987 2.45126 1.16695 1.09422 1.00143 1.65804 0.866902 2.06841 1.22824 1.20401 1.85288 1.13706 1.07558 1.21961 1.30644 0.985987 1.66043 0.938922 0.894997 0.823044
threshold=0 1 2 3 4 5 6 7 3.5694334999727624 8 9 2.3502401828962087 10 11 12 13 14 15 16 17 18 19
decision_type=9 9 9 9 1 9 9 9 8 9 9 10 9 9 9 9 9 9 9 9 9 9
left_child=-1 -2 3 -3 5 -5 7 -4 9 10 19 12 -11 -10 15 -15 -17 18 -16 -8 -13 -19
right_child=1 2 6 4 -6 -7 8 -9 13 11 -12 20 -14 14 17 16 -18 21 -20 -21 -22 -23
leaf_value=-137.25424922101539 141.51062636083395 28.65388928629309 -117.04380161475764 401.95605486641477 -120.94632398544505 -34.563983440190761 115.33354450260097 0.11848528861648347 14.696334267103724 220.92829617273949 -137.41520046289656 24.858200618776948 -28.55980554372108 -91.18193923676597 8.3862315653943291 -166.89482001072176 18.118085068874279 25.281163376704193 -64.41360947887776 -23.282449099574574 -56.277895903353588 1.0591413750025185
leaf_weight=966 111 746 901 111 1743 460 111 1000 1058 240 927 626 291 1080 1005 127 757 2210 1037 355 985 6128
leaf_count=966 111 746 901 111 1743 460 111 1000 1058 240 927 626 291 1080 1005 127 757 2210 1037 355 985 6128
internal_value=-0.000422054 -0.000314496 -0.000342584 -0.00120117 -0.00192304 -0.000164923 -0.000202441 -0.00117852 -9.21304e-05 -0.000718831 -0.00205943 0.000162952 0.00201782 7.3186e-05 -4.88033e-05 -0.00101113 0.000231026 0.000134237 -0.000749271 -0.000150629 -0.000449164 0.000351376
internal_weight=22975 22009 21898 3060 2314 571 18838 1901 16937 3535 1393 2142 531 13402 12344 1964 884 10380 2042 466 1611 8338
internal_count=22975 22009 21898 3060 2314 571 18838 1901 16937 3535 1393 2142 531 13402 12344 1964 884 10380 2042 466 1611 8338
cat_boundaries=0 13 25 27 39 40 42 55 57 71 73 75 88 89 91 93 107 109 122 124 126
cat_threshold=3221356544 262144 33554432 268435588 1090519040 16777217 0 0 0 516 1117913088 268435464 9437184 65 0 2214592512 0 0 0 0 0 134217728 0 0 64 572928004 166977 0 67108896 1 0 134250496 1024 0 73728 4 1073745920 4096 2150642180 2 0 2048 33570816 2147549216 0 2147491904 268435456 33554432 128 1476476928 8 1073760320 67178496 1056772 2884640 1208045098 349056 4227072 21504 0 1 1703936 1024 0 0 2048 16258050 939524224 18874880 2214592532 4 2147500786 90384 146800690 69792 31522824 16384 536871040 16 147460 4096 0 32768 2048 1081360 24 16779392 20481 130 155714082 266910 272 3 266240 69343248 0 2129921 32776 536871168 512 8256 1028 257 0 135937 896 3 18368322 8364 0 5120 0 0 655360 0 0 0 0 0 268435456 0 2147483648 22577872 332048 209780752 279050
is_linear=0
shrinkage=0.045


Tree=123
num_leaves=23
num_cat=20
split_feature=0 3 0 0 4 5 0 2 0 1 3 3 3 0 3 3 0 3 5 1 3 0
split_gain=2.74118 1.32933 2.06665 1.53168 1.25338 1.05541 2.46274 1.43808 1.37964 1.22173 1.23797 1.23422 1.19608 0.964704 0.892126 0.835174 0.824062 0.823134 0.897058 0.811358 1.21038 0.774781
threshold=0 1 2 3 4 3.5694334999727624 5 6 7 8 9 10 11 12 13 14 15 16 3.4811217321331038 17 18 19
decision_type=9 9 9 9 1 8 9 9 9 9 9 9 9 9 9 9 9 9 8 9 9 9
left_child=15 2 -2 -3 16 6 12 19 14 10 -9 -11 -5 -13 -7 -1 -4 18 -6 -8 -21 -10
right_child=1 3 4 5 17 8 7 9 21 11 -12 13 -14 -15 -16 -17 -18 -19 -20 20 -22 -23
leaf_value=-55.379040810871523 -136.72943707172982 41.307470086290984 34.104786747641597 -1.6388062209424226 164.2233531772867 -1.9857449804414329 409.92122884591492 -156.02402587674771 11.00131986144749 -136.04186108141468 83.77864353217177 17.908444827931081 -137.3838907167557 -76.670844142127379 -109.44663411781286 -126.35770813912731 -73.930850910495352 117.3965143629714 -96.113009700519399 -78.941265498809187 134.67677205000967 0.48977044026405336
leaf_weight=601 1036 142 122 341 47 718 104 103 914 528 389 484 929 610 743 767 842 303 97 207 304 12644
leaf_count=601 1036 142 122 341 47 718 104 103 914 528 389 484 929 610 743 767 842 303 97 207 304 12644
internal_value=-0.000396593 -0.000272053 -0.00125722 -0.000145526 -0.000129657 -0.000181609 -0.000831168 -6.40288e-05 -8.68891e-06 -0.000622296 0.00132143 -0.00121726 -0.0024571 -0.000341773 -0.0013167 -0.00234131 -0.00104348 0.00183407 -0.00098077 0.00183014 0.0010239 0.000133308
internal_weight=22975 21607 2447 19160 1411 19018 3999 2729 15019 2114 492 1622 1270 1094 1461 1368 964 447 144 615 511 13558
internal_count=22975 21607 2447 19160 1411 19018 3999 2729 15019 2114 492 1622 1270 1094 1461 1368 964 447 144 615 511 13558
cat_boundaries=0 13 15 28 42 43 56 57 71 73 75 77 79 93 95 97 110 112 114 116 129
cat_threshold=3221356616 327680 2147483648 268435456 1090519296 16777217 640 268435520 8 576 1117913088 268435464 9438208 36044836 3137 2129920 11284 1 0 8912896 536870912 0 0 0 1086324746 419430544 1296 67141673 0 0 0 144 0 0 0 0 0 0 0 64 32 16 4 12681216 67129344 0 0 1572868 1024 0 65536 2048 14160896 469762048 3146244 67108884 48 33574912 2158100512 67108864 2147524608 32776 33554688 256 1073750016 0 16384 65568 172032 2944 2 791008 100 2281701376 200712 138507264 320304 2701152450 82704 0 9216 0 0 134217728 0 0 0 536871936 8 0 36241 2049 2 558892368 25012 14192720 74132 0 131072 0 1 0 0 0 65536 0 0 32 512 2147483648 33816576 1088 0 67586 2156953600 21164 14745600 1073758208 536871040 0 147524 0 0 16384 2048 1081360 24 16779268 4097
is_linear=0
shrinkage=0.045


Tree=124
num_leaves=23
num_cat=20
split_feature=0 0 2 0 3 0 3 0 5 3 1 3 0 0 5 0 3 3 0 3 3 3
split_gain=2.68704 1.72337 1.23086 2.43133 1.48839 1.33687 1.70375 1.26075 1.17842 2.41865 2.52488 1.80759 2.26349 2.06134 1.74088 1.4644 1.37432 1.05695 0.830743 1.21892 0.915785 0.81219
threshold=0 1 2 3 4 5 6 7 5.705446369702539 8 9 10 11 12 3.9019216517693867 13 14 15 16 17 18 19
decision_type=9 9 9 9 9 9 9 9 10 9 9 9 9 9 10 9 9 9 9 9 9 9
left_child=21 -2 3 -3 7 6 -4 -5 11 10 -10 12 -7 -13 -14 16 -15 -16 19 -17 -20 -1
right_child=1 2 5 4 -6 8 -8 -9 9 -11 -12 13 14 15 17 18 -18 -19 20 -21 -22 -23
leaf_value=-121.55402474950512 49.483917417585204 -213.68264563691631 40.713069031671907 -135.21458623021056 3.5215376005702992 -64.443783472593537 -41.383344859776678 -22.252725459345449 -22.97666973288149 1.7889395364190488 323.56098300485394 -42.550636836503834 -55.404661866619094 48.395937098768066 67.17370307143868 -17.68320641936916 -17.909678962199735 4.184179831377036 6.8611433269969408 20.414283192823106 75.86932030432672 -238.21741747015676
leaf_weight=416 125 900 269 589 2337 1583 2235 1620 122 1256 256 1327 617 491 227 1157 2835 715 552 1739 1123 484
leaf_count=416 125 900 269 589 2337 1583 2235 1620 122 1256 256 1327 617 491 227 1157 2835 715 552 1739 1123 484
internal_value=-0.000369175 -0.000269956 -0.000301203 -0.000887139 -0.000460071 -0.000107352 -0.0010624 -0.00129469 6.42296e-05 0.00119927 0.00429231 -8.58678e-05 -0.00101585 0.000231918 0.000203373 0.000508091 -0.000210307 0.00142055 0.00103 0.000563273 0.00182721 -0.00276316
internal_weight=22975 22075 21950 5446 4546 16504 2504 2209 14000 1634 378 12366 3142 9224 1559 7897 3326 942 4571 2896 1675 900
internal_count=22975 22075 21950 5446 4546 16504 2504 2209 14000 1634 378 12366 3142 9224 1559 7897 3326 942 4571 2896 1675 900
cat_boundaries=0 13 25 26 39 41 55 57 70 72 74 76 90 104 118 120 122 136 138 140 142
cat_threshold=3221356544 0 0 268435456 1090519040 16777217 256 1342177344 0 0 1117913088 268435464 9437184 0 262144 0 0 0 0 0 0 134217728 0 0 16777280 131 6324224 1028 0 0 256 0 0 0 536870912 2155892736 83886080 35076 1040 1261306374 346844 0 2147567664 536875008 2147483648 1196032 4160 0 8192 8 2099272 671088640 1572993 67518464 2 1145112576 491840 0 4096 536870912 128 8388608 0 0 0 0 0 4096 4096 32808 54580544 2576 16432 1024 1448590628 34304 32768 16789568 1 2097152 557056 536871936 0 65536 536870912 545794 285212672 2130960 2147485196 4 35667984 1082130436 0 40961 2415952384 2048 128 0 0 17989665 67108864 8192 2142724 1 4100 67109888 67108992 4 134742016 1024 512 134218752 536906752 79709190 0 2232320 2147485704 4 2147483776 409888 100831232 32768 32768 18882560 0 2097664 8454464 536871172 0 65536 4100 528384 285212672 2147516432 146 16 2284322818 149604 25166400 397696 2160628320 12932
is_linear=0
shrinkage=0.045


Tree=125
num_leaves=23
num_cat=19
split_feature=0 0 4 3 0 0 0 3 3 3 5 0 0 0 0 3 5 5 3 3 0 0
split_gain=2.79254 1.6257 1.27854 2.55947 3.11638 2.43506 2.32879 2.7256 2.40691 2.05982 1.80862 1.78153 1.57451 1.39488 1.0696 0.933788 0.907579 2.00843 0.890337 0.836406 2.32424 2.04223
threshold=0 1 2 3 4 5 6 7 8 9 4.0689902272260703 10 11 12 13 14 4.4601277074540464 5.4271478232179229 15 16 17 18
decision_type=9 9 1 9 9 9 9 9 9 9 10 9 9 9 9 9 10 10 9 9 9 9
left_child=-1 -2 6 4 9 15 7 -3 11 -4 -9 -8 -10 18 -6 -5 -12 -18 -7 21 -21 -15
right_child=1 2 3 5 14 13 8 10 12 -11 16 -13 -14 19 -16 -17 17 -19 -20 20 -22 -23
leaf_value=-196.56872443363403 248.53358485426241 1.7499306597811639 61.541527364504489 -3.9172304420734263 -156.44053495546305 -9.9900454487306192 -25.736826813792579 45.664968835505668 -110.61827854150469 -46.923618352003778 399.39146308391747 44.711287823950521 -5.03054563172069 13.709785825579131 -72.417401128237884 -118.676251226913 40.346573173981632 913.61505554228006 28.306161923420877 -23.581068650507472 31.742421240685154 -38.300433895283142
leaf_weight=628 108 1023 446 735 1040 241 610 349 954 659 82 2404 1759 1200 2490 983 94 46 835 1614 2266 2409
leaf_count=628 108 1023 446 735 1040 241 610 349 954 659 82 2404 1759 1200 2490 983 94 46 835 1614 2266 2409
internal_value=-0.000359382 -0.000275125 -0.000303156 -0.000542293 -0.00141866 -0.000145557 0.000183735 0.00169801 -0.000240722 0.000664726 0.00416038 0.000633509 -0.00121046 0.000165267 -0.00207086 -0.00168555 0.00739286 0.00507042 0.00167095 -5.3394e-05 0.000404675 -0.000545569
internal_weight=22975 22347 22239 14918 4635 10283 7321 1594 5727 1105 571 3014 2713 8565 3530 1718 222 140 1076 7489 3880 3609
internal_count=22975 22347 22239 14918 4635 10283 7321 1594 5727 1105 571 3014 2713 8565 3530 1718 222 140 1076 7489 3880 3609
cat_boundaries=0 12 24 25 27 41 55 69 71 73 75 88 100 112 125 127 129 131 145 159
cat_threshold=3221356609 64 33554432 268435456 16777216 16777217 0 268435456 0 0 1075838976 268435464 0 262144 0 0 1073741824 0 256 0 134217728 0 0 64 2 1260822724 35028 33558528 75500544 1 0 135397384 0 0 8192 32768 1064960 4128 2166892048 4 4 16384 2099232 0 2147524608 557056 3072 0 8192 589824 2637840 167772160 524336 70255376 4 10780672 33554432 0 0 277348352 536872192 0 134217728 1024 8966152 0 12420 1054608 1 2690138770 205444 3367241344 178676 33693696 132 0 2108436 0 0 1048832 0 0 1073741824 32768 132352 822083584 3670016 2155872260 33554440 16789540 0 0 1048576 0 0 8192 536870912 6291458 503316480 2147516928 8388608 139284 3825205249 656 1179652 4096 128 32832 0 1073873154 285278208 16777217 2097168 33554484 536870912 2097280 557060 536871936 0 32768 536870912 8421640 369098752 36865 2215674880 542186256 352256 608178216 278528 2694389248 208899 266240 67113984 4096 2097152 142606336 570425668 0 65536 7168 5275648 67112960 2149582980 16417 2 33558528 83890176 0 2097152 142606336 536870912 0 0 3072 32768 135200 2149580928 16417 2
is_linear=0
shrinkage=0.045


Tree=126
num_leaves=23
num_cat=20
split_feature=0 0 3 0 0 3 3 5 0 0 3 2 1 3 3 5 4 3 0 2 0 3
split_gain=2.44204 1.486 1.1282 2.29675 1.0622 0.992167 0.955421 0.884944 1.08111 0.825365 1.69039 1.0397 2.1149 2.12963 1.7075 1.31099 1.0528 0.95831 0.875021 1.55584 3.24742 2.05038
threshold=0 1 2 3 4 5 6 5.4094089116575796 7 8 9 10 11 12 13 4.5695295849856103 14 15 16 17 18 19
decision_type=9 9 9 9 9 9 9 10 9 9 9 9 9 9 9 8 1 9 9 9 9 9
left_child=5 -2 3 -3 6 -1 -4 8 -5 10 -6 12 13 -11 -14 17 -13 -15 -18 -20 -21 -22
right_child=1 2 4 7 9 -7 -8 -9 -10 11 -12 16 14 15 -16 -17 18 -19 19 20 21 -23
leaf_value=41.550992475825915 99.328054696870339 -154.00379454353208 -7.4828719976419391 37.363747964618028 27.08722115930939 -221.62569363514351 -110.24219798355055 94.37373198601172 -56.571220641276227 -92.67610248899625 -1.1276768576046423 -280.3078071944152 46.383373881841138 6.0138442773913949 -186.3931140357393 -14.227915571062079 -12.947627287030866 219.94210438272839 -1.7925844064276872 140.36437285715868 -18.162232296208646 78.964375993031368
leaf_weight=104 119 692 1110 237 499 561 773 149 1021 578 1416 381 126 216 1073 579 2355 294 7481 512 1251 1448
leaf_count=104 119 692 1110 237 499 561 773 149 1021 578 1416 381 126 216 1073 579 2355 294 7481 512 1251 1448
internal_value=-0.000361341 -0.000280218 -0.00030827 -0.0012982 -0.00020414 -0.00302437 -0.00121821 -0.000244187 -0.000635715 -9.85412e-05 0.000782303 -0.000202565 -0.000978806 6.16428e-05 -0.00241164 0.00123024 -3.61618e-05 0.00290039 3.20704e-05 0.000205156 0.0010318 0.000400036
internal_weight=22975 22310 22191 2099 20092 665 1883 1407 1258 18209 1915 16294 2866 1667 1199 1089 13428 510 13047 10692 3211 2699
internal_count=22975 22310 22191 2099 20092 665 1883 1407 1258 18209 1915 16294 2866 1667 1199 1089 13428 510 13047 10692 3211 2699
cat_boundaries=0 13 25 27 41 54 56 58 71 84 86 87 89 91 92 93 95 108 109 122 124
cat_threshold=3221356544 262144 0 268435456 1090519048 1 256 0 0 0 1075970048 268435464 1048576 65 0 67108864 0 0 0 0 0 134217728 0 65536 64 33947652 3584 32768 15396 0 0 8388864 0 0 0 536870912 12582920 128 400 33 4 20496 65536 0 2147491904 2417000448 64 512 1342194688 32776 18948 234881024 8192 75629056 2160066560 516 1765904594 20900 0 16777216 0 1 134217728 0 0 65536 1024 0 268435504 512 2560 27328512 109051904 536875136 16 131140 4096 128 32832 0 131120 4104 148 524577 2889363488 16664 2 1073745984 1072 234360866 262152 30408736 1 58368 16533 33554432 2166374452 0 1 524288 16777216 0 134217728 0 85984259 813695024 1740800 24576 4 0 4096 0 512 256 0 0 8192 536870912 524360 16777216 16777216 2147516422 2432237960 225512
is_linear=0
shrinkage=0.045


Tree=127
num_leaves=23
num_cat=20
split_feature=0 0 2 0 3 0 3 0 5 0 0 3 0 3 0 3 3 0 3 3 1 5
split_gain=2.41431 1.65788 1.30029 2.2373 2.02796 1.47174 1.50461 1.44433 1.04138 2.52238 2.43217 2.09342 2.781 1.82855 1.61046 1.42138 1.27392 1.17209 1.13614 1.07732 1.21454 1.07714
threshold=0 1 2 3 4 5 6 7 4.7317931335534196 8 9 10 11 12 13 14 15 16 17 18 19 1.7005986908310777
decision_type=9 9 9 9 9 9 9 9 8 9 9 9 9 9 9 9 9 9 9 9 9 10
left_child=-1 -2 3 -3 -5 6 -4 -6 9 15 16 12 -12 -11 -15 -7 -10 -13 -14 20 -16 -22
right_child=1 2 5 4 7 8 -8 -9 10 13 11 17 18 14 19 -17 -18 -19 -20 -21 21 -23
leaf_value=-405.5734927241474 190.46559927513502 -200.4020104976689 10.699383440040718 21.876133116794055 -90.041832481479815 -137.79092620900337 -62.413116396456275 -15.109209237051095 -73.189458994782612 -16.744293980402585 2.2110720525425833 -18.0383447438773 78.353083424082129 -3.3290090483470069 -87.771182873295785 -28.246486014230534 -0.56440749836120618 14.561647433667954 227.70193836224249 54.934363827354773 396.46519059586859 6.3324682943638653
leaf_weight=315 101 854 1116 1118 976 805 1710 2494 475 2025 989 867 722 1571 210 2046 839 1172 606 1230 36 698
leaf_count=315 101 854 1116 1118 976 805 1710 2494 475 2025 989 867 722 1571 210 2046 839 1172 606 1230 36 698
internal_value=-0.000357424 -0.000301695 -0.000328764 -0.000933994 -0.000536088 -0.000135823 -0.00107188 -0.00107266 5.00234e-05 -0.000261453 0.000523624 0.00103434 0.00195728 0.000280179 0.000868378 -0.0013533 -0.00116742 -1.97475e-05 0.00329776 0.00165919 0.000498953 0.00136327
internal_weight=22975 22660 22559 5442 4588 17117 2826 3470 14291 8621 5670 4356 2317 5770 3745 2851 1314 2039 1328 2174 944 734
internal_count=22975 22660 22559 5442 4588 17117 2826 3470 14291 8621 5670 4356 2317 5770 3745 2851 1314 2039 1328 2174 944 734
cat_boundaries=0 12 26 27 40 42 56 58 71 85 99 101 114 116 130 132 134 147 149 151 153
cat_threshold=1073872896 0 0 268435456 16777216 0 0 0 0 0 0 268435464 64 0 0 0 1073741824 0 256 0 134217728 0 0 64 0 16 3 2129920 4100 0 0 256 0 0 0 536870912 2155892736 83886080 2304 1049616 2492479600 40995 0 2147551264 0 0 269664256 65 512 268435456 8 2099208 1780482048 18874497 67502592 2 1614874688 227780 2181038080 0 536870912 128 8388608 33554432 0 65536 0 0 134348800 32772 2147516456 16810000 16452 0 0 590400 536873984 0 65536 536870912 8405058 0 1052672 2148577292 1 0 92286976 4096 2147484160 524288 16781572 0 8192 1028 557056 83951616 689188 19458 4 3394037012 182960 266240 1028 1 0 142606336 536870912 0 0 0 4330497 268435456 2148532496 32784 2068315140 131616 37765120 1075844112 0 2138129 134217736 16777216 0 1073750016 4 5936128 8454144 524288 8388624 4 575483686 34832 2160628768 15152 2129920 33816576 0 0 256 1024 0 0 536903680 21506 0 8208 2155872268 2152489236 16 9437472 344516 1074266371 520
is_linear=0
shrinkage=0.045


Tree=128
num_leaves=23
num_cat=20
split_feature=0 0 4 3 0 0 3 0 0 3 0 3 5 0 5 0 0 3 0 3 0 0
split_gain=2.64417 1.19423 1.11595 2.49126 2.33584 2.2953 2.16559 2.48365 1.93469 1.3831 1.30234 1.46273 2.25003 1.19251 1.19098 1.22507 1.07704 1.04675 1.03064 1.85244 2.01124 1.61689
threshold=0 1 2 3 4 5 6 7 8 9 10 11 4.9663289649179552 12 2.9174053685313028 13 14 15 16 17 18 19
decision_type=9 9 1 9 9 9 9 9 9 9 9 9 8 9 8 9 9 9 9 9 9 9
left_child=-1 -2 6 5 9 -4 8 -8 -3 -5 11 12 -6 -9 -15 -16 -7 -17 -12 20 -20 -21
right_child=1 2 3 4 10 16 7 13 -10 -11 18 -13 -14 14 15 17 -18 -19 19 21 -22 -23
leaf_value=-212.89679908805266 234.44714666092773 -102.85138802613382 -143.80111125887646 -1.3191209294668091 -34.489272121198752 7.3976716887523688 -17.038188306871078 445.35500633966529 -2.9450281406013255 -135.63842306935675 -7.4345886832201682 -50.543866650310072 107.5929986645634 -63.148796899440605 14.704796091914593 61.283742935287925 -50.686175319792099 180.55109014982517 -95.957710406260276 -0.94665134049980404 12.479896354377521 34.397231352000745
leaf_weight=535 116 693 1175 538 379 628 1213 125 1924 872 3185 1706 181 377 1598 887 1695 539 679 1103 768 2059
leaf_count=535 116 693 1175 538 379 628 1213 125 1924 872 3185 1706 181 377 1598 887 1695 539 679 1103 768 2059
internal_value=-0.000404427 -0.000328702 -0.000353377 -0.000576554 -0.000254748 -0.00162564 0.000100298 0.000673436 -0.000936289 -0.00196203 -1.34046e-05 -0.000960054 0.00102273 0.00127699 0.00110621 0.00140681 -0.000795933 0.00235953 0.000262874 0.000692382 -0.000638452 0.00130151
internal_weight=22975 22440 22324 14968 11470 3498 7356 4739 2617 1410 10060 2266 560 3526 3401 3024 2323 1426 7794 4609 1447 3162
internal_count=22975 22440 22324 14968 11470 3498 7356 4739 2617 1410 10060 2266 560 3526 3401 3024 2323 1426 7794 4609 1447 3162
cat_boundaries=0 14 27 28 30 44 58 60 74 87 89 102 104 117 131 144 146 159 161 173 187
cat_threshold=1073872964 0 67108864 268435584 64 2049 256 0 0 4 2097152 268435464 0 16 0 0 0 16 0 4096 0 0 134217728 0 65536 64 262144 2 1244037124 166098 278528 10487872 0 2147524672 557056 1024 0 8192 589824 2638352 1241513984 32 9438976 1 2155905024 12324 0 2097156 8945924 536871936 0 0 536870912 13139976 268435472 256 67150336 4 591876914 280072 0 8399888 1 0 269484032 553648192 0 1073741824 32772 73 830472192 2150146064 8404998 1 35651592 4132 0 0 1081600 0 0 8192 536870912 4198402 436207616 1048832 8196 22087024 24576 39845888 262176 536870912 2097152 1090519808 33554688 512 134283264 4096 1084416 67108992 8212 2216722452 2690121984 344832 2097152 33554432 0 0 0 1024 0 0 0 49152 0 0 256 0 2166788 0 0 134316032 256 0 268435456 536870912 1026 0 1796 2214625816 6 262144 8388608 1073741824 1 1048576 0 0 8192 0 1074790400 4224 2148008468 1028 12059776 135492 2147483656 3221225472 0 0 276824064 536870980 0 17408 536873984 75632712 135168 1573632 30728 903356768 24832 16 16790544 1 0 0 0 0 0 0 1073741826 16777216 2149616640 8421376 100679680 0 1 135397380 0 0 0 32768 4194560 536870928 1025 3 6
is_linear=0
shrinkage=0.045


Tree=129
num_leaves=23
num_cat=18
split_feature=0 0 5 0 3 0 1 3 3 0 3 0 0 0 5 3 0 0 5 5 3 2
split_gain=2.55392 1.33285 0.960488 3.01223 1.96679 1.91864 1.73528 1.3845 1.37836 1.35908 1.16348 3.10802 1.63902 1.14787 1.10111 1.0822 1.02675 1.00147 0.963304 0.915594 0.902908 0.998266
threshold=0 1 3.5694334999727624 2 3 4 5 6 7 8 9 10 11 12 4.0689902272260703 13 14 15 1.7005986908310777 6.6612149451924996 16 17
decision_type=9 9 8 9 9 9 9 9 9 9 9 9 9 9 10 9 9 9 10 10 9 9
left_child=-1 -2 3 8 6 7 -5 19 -3 -6 11 14 -12 -14 -7 -16 18 -15 -8 -4 -19 -22
right_child=1 2 5 4 9 10 16 -9 -10 -11 12 -13 13 17 15 -17 -18 20 -20 -21 21 -23
leaf_value=-210.39911645009781 98.266091657963571 42.19418078646688 -19.889616418738068 156.77133535497725 66.574656874010017 -7.4045853120659491 452.10851300786311 -116.52917434659518 -138.85247789922619 -0.030249188327944203 -22.766443627157823 -23.380172079989087 -1.0675211833539653 7.9272407641888627 119.61433322901661 12.90317066365334 -136.47262629290407 15.763342490570166 -27.935196139605125 96.826469371998755 152.98496134207369 18.145983381702976
leaf_weight=591 118 104 1087 115 550 316 73 896 1273 1330 1407 4098 3910 3412 248 516 978 792 404 42 458 257
leaf_count=591 118 104 1087 115 550 316 73 896 1273 1330 1407 4098 3910 3412 248 516 978 792 404 42 458 257
internal_value=-0.00040051 -0.000322291 -0.000348641 -0.000910438 -0.000194975 -0.000193253 -0.00136536 -0.00149116 -0.00267927 0.000784883 -2.1588e-05 -0.000570521 0.000256439 0.000484051 0.00156593 0.00250261 -0.00179448 0.000940883 -6.44182e-05 -0.000429887 0.00190487 0.00306396
internal_weight=22975 22384 22266 4827 3450 17439 1570 2025 1377 1880 15414 5178 10236 8829 1080 764 1455 4919 477 1129 1507 715
internal_count=22975 22384 22266 4827 3450 17439 1570 2025 1377 1880 15414 5178 10236 8829 1080 764 1455 4919 477 1129 1507 715
cat_boundaries=0 13 25 39 41 54 56 58 60 73 75 89 103 117 119 133 146 148 149
cat_threshold=1073872905 0 33554432 268435472 512 1 0 0 0 18432 2097152 268435464 128 64 0 67108864 128 0 0 256 0 134217728 0 0 64 98304 16388 536870912 0 1573124 1024 0 1073741824 2048 14160896 469762048 19925120 68157460 1 237501452 312198 2181054464 67616 2147483648 32768 1358987272 33554432 512 268443712 536870916 131136 1107492864 0 8389408 268436928 64 165319216 403844 2147487808 65792 8388608 132128 0 0 134217728 536870912 0 65536 536871936 8 50335744 2147483668 35360 721850980 462193 32768 8781824 1073741825 8193 4 1028 0 0 32768 1084751872 32 17841316 17424 7 4456448 8781824 4096 2105860 65600 6148 0 1073774592 98304 1084752896 4096 13472 2 2 4096 2149581888 0 0 142606340 536871168 0 1024 0 523 150994960 2149056784 2147535892 5 570560608 32 2147745792 2096 0 0 0 0 0 8192 536903680 32768 128 2147483920 1577 4 32768 117452804 1 0 2148008192 1088 128 81920 5120 4198416 536871040 18907141 67108872 13697296 24590 6
is_linear=0
shrinkage=0.045


Tree=130
num_leaves=23
num_cat=20
split_feature=0 0 3 0 0 3 1 5 5 0 2 0 0 3 3 1 3 0 3 2 3 0
split_gain=2.80293 1.77199 1.11676 2.67094 1.49069 1.07619 1.03986 1.04706 0.885812 0.861495 0.853492 1.40163 1.21408 1.85963 0.906731 0.94802 1.4084 0.887113 1.02101 0.928795 0.832049 0.787057
threshold=0 1 2 3 4 5 6 5.4094089116575796 3.795426061844291 7 8 9 10 11 12 13 14 15 16 17 18 19
decision_type=9 9 9 9 9 9 9 10 8 9 9 9 9 9 9 9 9 9 9 9 9 9
left_child=-1 -2 3 -3 5 -4 7 -5 -8 -10 11 20 13 -12 21 16 -16 18 -14 -19 -6 -13
right_child=1 2 4 6 10 -7 8 -9 9 -11 12 14 17 -15 15 -17 -18 19 -20 -21 -22 -23
leaf_value=-375.46476231617021 5.965086462879075 -112.04207468604761 0.57708451741252087 42.864950234422182 -11.860893604103383 -83.074874216086059 -103.6730657690397 357.93095756595375 -39.004136422579435 7.4425063233281952 -9.1034212646529138 4.7592963018179635 20.742193586466996 70.585237799465474 -126.27217663914128 0.21425430283200692 240.14315087464931 168.4208596408275 -37.259916083678696 1.2144943264624757 -194.90768069695142 -62.667101085245534
leaf_weight=420 230 1349 572 317 288 1252 679 54 691 909 442 771 604 477 111 1038 189 187 1429 9164 530 1272
leaf_count=420 230 1349 572 317 288 1252 679 54 691 909 442 771 604 477 111 1038 189 187 1429 9164 530 1272
internal_value=-0.000367216 -0.000298113 -0.00033946 -0.00101982 -0.000190425 -0.00140686 -0.000185951 0.00198564 -0.000548015 2.80888e-05 -5.50453e-05 -0.000608051 0.000134104 0.00169656 -0.000200266 0.000706666 0.00288461 6.31693e-06 -0.000842788 0.000191764 -0.00226627 -0.000794892
internal_weight=22975 22555 22325 3999 18326 1824 2650 371 2279 1600 16502 4199 12303 919 3381 1338 300 11384 2033 9351 818 2043
internal_count=22975 22555 22325 3999 18326 1824 2650 371 2279 1600 16502 4199 12303 919 3381 1338 300 11384 2033 9351 818 2043
cat_boundaries=0 12 26 28 42 55 57 59 72 73 86 100 102 104 106 108 122 124 125 127 140
cat_threshold=1090650176 0 0 268435456 0 513 0 0 0 67108868 8388608 268435464 1 0 33554432 128 8 0 256 0 134217728 0 0 16777280 0 16 235315236 265280 2147516416 16791588 536870912 2097152 256 536870912 0 0 3072 4228104 369098768 557312 32809 4 33570816 3223388160 0 2147524672 98816 33557504 0 1342177280 0 10633728 170000392 1050624 2105344 3234861384 8452 33952 88 2097152 16 0 1 8912896 0 0 65536 4 2 16777344 2147484672 512 67 32768 131072 1073741824 0 256 0 0 73728 536870912 4096 16777216 565536 1044 14712832 0 128 16 320 0 128 32832 0 256 0 524544 656512 4 2161115648 12428 1621624322 217740 1088 2096 2164260944 1 0 8405024 536875008 513 147456 4160 512 0 67584 17334368 1610612736 2101249 2214855168 3 1073809536 217092 32 2702704656 65696 4259840 0 0 0 4 0 0 0 0 24 4128 2149580928 2147483681
is_linear=0
shrinkage=0.045


Tree=131
num_leaves=23
num_cat=20
split_feature=0 0 2 0 3 0 3 3 0 0 0 3 0 5 0 0 5 0 3 4 0 3
split_gain=2.3512 1.91167 1.40202 1.751 1.70311 1.27127 2.74735 1.94915 2.0832 1.89953 1.23446 1.03179 1.01733 1.38954 0.898962 0.835385 0.790583 0.747108 0.723111 0.891855 0.708707 0.778976
threshold=0 1 2 3 4 5 6 7 8 9 10 11 12 3.5114340430413216 13 14 1.2424533248940004 15 16 17 18 19
decision_type=9 9 9 9 9 9 9 9 9 9 9 9 9 8 9 9 8 9 9 1 9 9
left_child=-1 -2 3 -3 20 6 15 9 -9 -7 11 -6 13 -10 -11 -4 -8 -18 -12 -20 -5 -22
right_child=1 2 5 4 10 7 16 8 12 14 18 -13 -14 -15 -16 -17 17 -19 19 -21 21 -23
leaf_value=-369.94424850715308 8.5089424329600583 -204.56097801825754 5.6251848969517724 -28.335548265813934 -43.316090008235228 -63.232746625306291 842.37186213787243 -42.723039147092095 -119.46067943434605 4.4538748225679186 -72.004034449745689 -134.31724908334306 12.61153278825214 1.0878777116684228 -14.620370444080647 113.74527869095269 -42.291228850794582 4.8144372881490289 4.229487483061745 -78.330993319531402 31.435625448515133 254.17133317247675
leaf_weight=328 210 724 253 242 551 1351 62 1285 414 1166 384 582 4826 1568 3065 657 1112 1249 1840 350 619 137
leaf_count=328 210 724 253 242 551 1351 62 1285 414 1166 384 582 4826 1568 3065 657 1112 1249 1840 350 619 137
internal_value=-0.000361341 -0.000305244 -0.000346186 -0.000975098 -0.000653488 -0.000144889 0.000641703 -0.000337 0.000109376 -0.000983019 -0.00109747 -0.00233057 0.000423606 -0.000433301 -0.000510135 0.00273319 -0.000153389 -0.000287559 -0.000546405 -0.000224797 0.000989108 0.00166406
internal_weight=22975 22647 22437 5429 4705 17008 3333 13675 8093 5582 3707 1133 6808 1982 4231 910 2423 2361 2574 2190 998 756
internal_count=22975 22647 22437 5429 4705 17008 3333 13675 8093 5582 3707 1133 6808 1982 4231 910 2423 2361 2574 2190 998 756
cat_boundaries=0 12 26 27 40 42 56 58 60 74 87 100 102 115 129 142 156 158 159 172 174
cat_threshold=1073872896 0 67108864 268435456 0 1 0 0 0 0 0 268435464 16777281 0 33554432 0 0 512 256 0 134217728 0 0 16777280 0 16 3 2129920 4 0 0 256 0 0 0 536870912 2155892736 83886080 256 1049616 2425366648 8194 10784768 131072 4224 8196 1082130504 33554432 0 33856 0 71303168 16777216 2147493632 525586 1 570693464 33082 974650988 102419 16384 8391680 0 2097664 212992 4100 640 1073750016 2048 131136 446758912 0 2122240 2 0 262256 0 1 269517056 536871232 0 134299648 33792 2114824 1677721600 2176 2214594688 2181038080 4096 536870912 128 8519680 33554432 0 65536 0 256 134348800 34820 32776 21272064 135772 0 1090519044 536870912 32768 17302016 536873024 0 0 4108 9994754 0 3674132 75530240 16384 8391680 0 2097152 66048 4 128 1073741824 4100 9572352 134283264 4116 49156 2 2101248 0 0 0 8388608 0 0 0 0 4194304 0 256 2 36864 131072 0 8192 1073741888 33554432 0 1024 0 0 16777216 2147492864 256 1 1142951940 264784 4 8388608 4096 1073741824 0 0 0 0 0 0 1073741824 144 512 5 2156920856 2
is_linear=0
shrinkage=0.045


Tree=132
num_leaves=23
num_cat=19
split_feature=0 0 2 3 0 3 0 0 3 5 0 0 3 0 3 0 0 3 0 5 3 5
split_gain=2.49228 1.73878 1.199 1.59986 1.36976 1.33594 1.19377 1.11544 1.5623 0.955823 2.46795 2.11038 1.96144 1.94933 1.67181 2.16019 1.51152 1.46202 1.40102 0.983524 0.87899 0.912602
threshold=0 1 2 3 4 5 6 7 8 4.7317931335534196 9 10 11 12 13 14 15 16 17 1.4978661367769956 18 6.2719327192022343
decision_type=9 9 9 9 9 9 9 9 9 8 9 9 9 9 9 9 9 9 9 10 9 8
left_child=-1 -2 3 -3 5 6 -5 8 -4 11 -11 17 16 -14 15 -12 -13 -9 -16 -18 -20 -22
right_child=1 2 7 4 -6 -7 -8 9 -10 10 14 12 13 -15 18 -17 19 -19 20 -21 21 -23
leaf_value=-427.23892728035179 7.6217176575497199 83.05895303603711 3.6942705614431075 44.938247278600507 -8.7263043182373927 -138.21994130410374 -155.16169757921412 -82.426285270343953 -84.322274133235084 -28.746104946841221 2.3032766235114979 -48.62357849408793 63.567274187544399 0.16343941373236051 -22.175440100604774 97.654066670395579 164.64859036673192 -2.6294017028574368 88.005642580892911 1.6612822356808352 12.752426466670149 -91.070097067707209
leaf_weight=324 315 262 908 443 3145 1170 368 1805 973 1068 956 1659 1104 1569 1136 1083 83 1397 954 1544 541 168
leaf_count=324 315 262 908 443 3145 1170 368 1805 973 1068 956 1659 1104 1569 1136 1083 83 1397 954 1544 541 168
internal_value=-0.000357424 -0.000300028 -0.000347549 -0.000931668 -0.0011088 -0.00203437 -0.000606927 -0.000161322 -0.00119097 -3.19329e-05 0.000414352 -0.000319711 0.000181627 0.00108436 0.000846184 0.00182326 -0.000553973 -0.00124891 0.000129668 0.000420072 0.000959103 -0.000243413
internal_weight=22975 22651 22336 5388 5126 1981 811 16948 1881 15067 5906 9161 5959 2673 4838 2039 3286 3202 2799 1627 1663 709
internal_count=22975 22651 22336 5388 5126 1981 811 16948 1881 15067 5906 9161 5959 2673 4838 2039 3286 3202 2799 1627 1663 709
cat_boundaries=0 12 26 27 29 42 44 57 71 73 86 100 102 115 117 130 143 145 159 161
cat_threshold=1073872896 0 0 268435456 0 1 0 0 0 512 0 268435464 16777281 0 100663440 144 0 512 256 0 134217728 0 0 16777280 0 16 3 269494304 8192 37781504 135172 536870912 1 142606592 33554432 0 65536 536870912 2147504128 151126016 35072 1082396 92575256 69682 0 4096 536870912 0 8388608 33554432 0 0 0 0 131072 34816 8 0 2147811328 536870912 0 1090666496 33560640 512 268435520 2056 34920 1176502272 0 75891200 2 1641613440 184804 33554432 92284960 4096 2147484160 32768 16777476 0 8192 33796 524288 16842752 2261024 3072 32784 16468 0 2097156 1638976 536871936 0 65536 536870912 14696448 0 1052672 2148577292 5 3143033894 152232 262144 25176096 1 0 142606592 0 0 8192 70660 67109120 285212672 2148011137 3200 709160724 133664 2097152 4116 1 0 143130624 536870912 0 0 0 5121 268435456 1574160 2147483662 262144 18885664 4097 0 402653448 0 0 32768 5120 529410 402653184 2657409 19456 47181606 7220 266240 35652608 1 0 270008576 0 0 0 536870912 135170 134217728 2148016148 16402 4 3238531138 57612
is_linear=0
shrinkage=0.045


Tree=133
num_leaves=23
num_cat=20
split_feature=0 0 3 5 0 3 0 1 3 3 3 0 0 3 4 0 0 3 0 5 4 3
split_gain=2.39861 1.52321 1.24395 0.881227 2.51874 1.97448 1.3439 1.32378 1.27635 1.21562 1.15849 2.04397 1.8379 2.01521 1.50171 1.14824 1.0443 1.13103 0.906604 0.878862 0.865038 0.782417
threshold=0 1 2 3.5408542930527882 3 4 5 6 7 8 9 10 11 12 13 14 15 16 17 2.9700856263602158 18 19
decision_type=9 9 9 8 9 9 9 9 9 9 9 9 9 9 1 9 9 9 9 10 1 9
left_child=2 -2 20 4 -3 15 8 16 -5 -9 11 21 13 -12 -15 -6 17 19 -13 -7 -1 -8
right_child=1 3 -4 6 5 7 10 9 -10 -11 12 18 -14 14 -16 -17 -18 -19 -20 -21 -22 -23
leaf_value=-451.0180243483511 9.1405151303040313 -107.07844240732263 -100.33109355863976 -64.738736245832655 27.434547970415256 593.56814735264663 -9.9764834584941031 2.0129260420369248 -3.5601549335791391 66.136650860018918 12.370514664011781 85.526526174755233 0.38309090915465999 735.5008567407524 49.60531577853385 -101.45262473226698 -79.271818909537132 -10.436433136503267 1.6016722126327259 13.410239450224166 -0.18391750513452029 -67.087575931561744
leaf_weight=106 225 1208 836 1214 381 53 815 405 1710 408 1103 123 8130 60 375 1164 477 210 2163 53 617 1139
leaf_count=106 225 1208 836 1214 381 53 815 405 1710 408 1103 123 8130 60 375 1164 477 210 2163 53 617 1139
internal_value=-0.000390718 -0.000265868 -0.00208816 -0.00030583 -0.000876062 -0.000200602 -0.000158252 0.000901111 -0.00103304 0.00216545 2.65075e-05 -0.000592663 0.000298449 0.00171871 0.00427852 -0.00134393 -0.000408076 0.00156402 0.000321148 0.00511017 -0.000691838 -0.00165717
internal_weight=22975 21416 1559 21191 4359 3151 16832 1606 2924 813 13908 4240 9668 1538 435 1545 793 316 2286 106 723 1954
internal_count=22975 21416 1559 21191 4359 3151 16832 1606 2924 813 13908 4240 9668 1538 435 1545 793 316 2286 106 723 1954
cat_boundaries=0 13 25 27 41 43 56 58 60 62 64 77 90 92 93 106 119 121 135 136 138
cat_threshold=3221360640 1082196032 0 268435456 264 33556481 0 64 6152 576 1176633344 268437512 9961472 16777281 0 100663296 128 0 512 0 0 134217728 0 0 16777280 3234402936 132 98304 67125252 536870912 0 1572868 1024 0 1073807360 32768 5784576 402653184 3145860 67108885 3 2386291756 316032 278528 2080 2147483648 2149613568 8421440 536871168 832 268460032 536870916 1073774593 268500992 1 1952 1342194691 3880 3391318126 82665 1094980224 2340 856037090 207952 2097168 50344976 1 0 1703936 1024 0 65536 0 9442570 4224 2147516688 67127301 10551312 33570816 536875136 0 2149188100 16778240 0 0 65536 68162816 8388608 4224 69226497 2161655832 37284 2 0 2064 0 0 134217728 0 0 8192 0 32768 4096 2147484929 33312 0 0 0 0 131072 0 0 0 0 0 16777344 2147516416 3624 4194832 133184 0 131072 1073741824 1 0 4 0 0 32768 0 0 2097152 0 2 1 553911808 131136
is_linear=0
shrinkage=0.045


Tree=134
num_leaves=23
num_cat=20
split_feature=0 0 3 0 3 0 0 0 5 0 5 3 3 1 1 4 4 0 3 0 1 0
split_gain=2.38086 1.65184 0.943017 2.73421 1.83626 1.59738 1.44871 1.13236 1.03347 1.10692 1.1369 1.18139 0.989763 0.973227 0.85642 1.02801 0.83608 0.826185 1.00763 2.08722 1.78614 1.20123
threshold=0 1 2 3 4 5 6 7 4.2972622671762819 8 6.4960202730614363 9 10 11 12 13 14 15 16 17 18 19
decision_type=9 9 9 9 9 9 9 9 8 9 10 9 9 9 9 1 1 9 9 9 9 9
left_child=-1 -2 3 4 -3 -4 -5 12 13 -10 11 14 -7 -8 -11 -16 -9 -18 19 -19 -20 -22
right_child=1 2 5 6 -6 7 8 16 9 10 -12 -13 -14 -15 15 -17 17 18 20 -21 21 -23
leaf_value=-337.23090081109694 6.9877893598376417 66.683603255212077 -39.151166937322209 -90.524479856936622 0.18421692266428502 2.809489924466618 2.5286359710689985 -213.07143039796017 -31.972419606995295 -37.868243167206153 132.18375152599384 -7.1042987388524752 -36.420616007266602 -142.56932768125461 403.30379683927038 21.434250323135174 -5.8124662355710184 -20.077694346374518 -2.6758476459935889 15.176647167975954 19.003319264179218 59.59108818957413
leaf_weight=343 317 331 1116 1638 989 1322 388 423 867 129 47 675 1930 1318 71 216 2389 3036 1115 2862 670 783
leaf_count=343 317 331 1116 1638 989 1322 388 423 867 129 47 675 1930 1318 71 216 2389 3036 1115 2862 670 783
internal_value=-0.00031042 -0.000252783 -0.000299302 -0.00074697 0.00108108 -0.000108061 -0.0011995 1.85658e-05 -0.000702257 -1.12118e-05 0.000907825 0.000613448 -0.00071967 -0.00151757 0.00246028 0.00380769 0.000231974 0.000308786 0.000516984 0.000191877 0.0012593 0.00229454
internal_weight=22975 22632 22315 6669 1320 15646 5349 14530 3711 2005 1138 1091 3252 1706 416 287 11278 10855 8466 5898 2568 1453
internal_count=22975 22632 22315 6669 1320 15646 5349 14530 3711 2005 1138 1091 3252 1706 416 287 11278 10855 8466 5898 2568 1453
cat_boundaries=0 12 25 27 41 43 57 70 84 97 99 101 103 105 106 107 120 122 136 138 151
cat_threshold=1073872896 64 0 268435456 0 1 0 0 0 0 0 268435464 16777280 1073741824 100663440 132 0 512 256 0 134217728 0 0 16777280 131072 168209956 396883 262144 25296896 1073741824 2105344 1048580 1024 0 1073750016 32768 1073873170 16781312 2149589649 28672 2 33565184 3 20484 25165824 0 2147492352 2147565632 7168 0 1342177280 69632 1073741824 86114304 133121 2097152 18 8388608 100677668 1 0 131328 536870980 0 0 2052 558088 1375731856 256 32769 2185232400 1040 0 2097216 1081860 33554432 0 8192 536903680 16778768 33554432 2150629376 75506208 1 33554432 262160 0 0 143163392 0 0 0 0 4096 67239968 32768 1548 134258688 264704 1151341008 20608 134241459 36 1048640 1536 2 1 262144 2147565572 0 32768 524288 0 0 1024 8 2783235 671154176 565408 2147487748 1149829202 86188 32768 69468192 536870913 1 8519936 536870912 128 134283264 4 13631552 4224 528 1589274 4 1074548755 1536 2129920 35782656 0 0 0 0 0 0 0 32776 0 0 52232
is_linear=0
shrinkage=0.045


Tree=135
num_leaves=23
num_cat=18
split_feature=0 0 4 3 0 0 3 3 0 0 0 5 3 2 0 3 5 0 3 5 0 5
split_gain=2.58827 1.6262 1.17321 2.41171 3.38133 2.12613 2.24644 2.05286 2.04431 1.59005 1.5759 1.46968 1.36223 1.10549 1.07719 1.2645 0.988727 0.94017 0.917833 0.816731 0.759837 0.915911
threshold=0 1 2 3 4 5 6 7 8 9 10 4.166635176627655 11 12 13 14 4.3882378946731615 15 16 5.1503930356556173 17 4.0342014792848504
decision_type=9 9 1 9 9 9 9 9 9 9 9 10 9 9 9 9 8 9 9 10 9 10
left_child=-1 -2 5 4 12 6 11 10 -5 -9 -7 -3 -4 16 15 19 -11 -6 -8 -10 21 -14
right_child=1 2 3 8 17 7 18 9 14 13 -12 -13 20 -15 -16 -17 -18 -19 -20 -21 -22 -23
leaf_value=-369.00585679563983 5.6510854961276182 117.93236344103666 60.133394024886002 -50.857205502989203 -146.80973581549156 4.5152504053983211 -59.361808330603978 -22.206530844105579 -94.797919531840122 473.95512273472428 -62.566516004187839 463.78419968067868 -110.71614766812471 17.368251972751445 3.4245250063168609 1.1235872573511054 36.277293891043399 -65.231141566262323 57.185539648159711 5.0421654024435218 -35.792684440825354 94.530473351178344
leaf_weight=327 365 203 340 1196 1131 1111 251 478 980 60 1584 104 56 2789 7038 1404 44 1747 718 300 685 64
leaf_count=327 365 203 340 1196 1131 1111 251 478 980 60 1584 104 56 2789 7038 1404 44 1747 718 300 685 64
internal_value=-0.000304545 -0.000245853 -0.000295291 -0.000524293 -0.00146431 0.000170342 0.00183074 -0.000182133 -0.000176213 0.000557344 -0.00110547 0.00512069 0.000602851 0.000955765 4.06811e-05 -0.000724408 0.00527586 -0.00228581 0.000738531 -0.00174149 -0.000413098 0.00272727
internal_weight=22975 22648 22283 14941 4023 7342 1276 6066 10918 3371 2695 307 1145 2893 9722 2684 104 2878 969 1280 805 120
internal_count=22975 22648 22283 14941 4023 7342 1276 6066 10918 3371 2695 307 1145 2893 9722 2684 104 2878 969 1280 805 120
cat_boundaries=0 13 26 27 29 43 56 58 60 74 88 102 104 105 118 120 134 136 149
cat_threshold=1073872896 0 0 268435472 0 0 0 0 0 0 0 268435464 524288 16777280 1073741824 2248147088 128 0 512 256 0 134217728 256 0 16777280 131072 2 1244006404 166101 262144 8398864 1073741824 1 135397376 0 0 73728 0 1074790402 4096 2150114965 67109888 4 10747904 33554496 0 0 277348608 1280 0 134217728 1024 75547648 134217728 12804 1095056 671126560 6272 709613876 345608 278528 2097152 0 2147524608 524352 7424 0 8192 589824 2670592 1109393408 8228 78644480 4 0 2064 0 0 1130496 0 0 1073741824 32768 131072 822083584 3670144 75497476 1 0 69209104 1 2097152 134217728 0 0 1073741824 32772 655368 16777216 524544 2222983692 1 133120 5 160 4198400 2155874336 4096 0 285212928 0 512 134283264 4096 1074793496 201326592 2147485712 2147484208 881386498 87808 2158002176 50331652 536870912 2097152 8945920 536870912 0 0 536903680 8945664 201326608 1048832 1081872 3 2177892864 131584 262144 0 1073741824 0 1048576 0 0 0 0 1074790400 0 524304 1024
is_linear=0
shrinkage=0.045


Tree=136
num_leaves=23
num_cat=20
split_feature=0 0 3 3 0 0 3 3 0 0 0 5 0 2 5 1 4 3 4 3 0 3
split_gain=2.68495 1.61235 1.65705 1.02256 3.03583 1.30838 2.60384 1.04222 2.22647 1.82773 1.05159 1.00624 0.840638 1.37135 1.28597 0.865203 0.791155 0.75501 0.748185 0.777677 0.717145 1.00912
threshold=0 1 2 3 4 5 6 7 8 9 10 3.3140206880897671 11 12 6.2334293711344477 13 14 15 16 17 18 19
decision_type=9 9 9 9 9 9 9 9 9 9 9 10 9 9 8 9 1 9 1 9 9 9
left_child=-1 2 11 4 -3 6 -5 9 17 18 16 -2 13 -6 15 -14 -11 -9 19 -7 21 -10
right_child=1 3 -4 5 12 7 -8 8 20 10 -12 -13 14 -15 -16 -17 -18 -19 -20 -21 -22 -23
leaf_value=-365.82797210454891 -7.9156686560017953 -106.39214803505014 0.49556943382640073 28.356394305289729 -311.55588983277681 10.357727350793336 -11.95307932849342 -0.9530110007159116 -45.168169412420681 -0.006503818926257043 1.8031212517261879 101.45547288822611 -92.497261354084472 58.281963317732497 60.849003442291881 2.7132159649868117 -57.788905668792758 -70.315341676276688 -122.42322120255071 -120.12167921254122 6.6423477061099829 64.215770563758795
leaf_weight=331 53 1632 375 1360 110 311 1483 518 111 1196 3762 178 1445 519 292 1049 1992 892 823 239 3891 413
leaf_count=331 53 1632 375 1360 110 311 1483 518 111 1196 3762 178 1445 519 292 1049 1992 892 823 239 3891 413
internal_value=-0.0002595 -0.000199418 0.00206796 -0.000262858 -0.000824571 -9.5543e-05 0.000783361 -0.000272671 0.00018888 -0.000595502 -0.000297329 0.00498148 -5.90907e-05 0.00141108 -0.000395641 -0.000728366 -0.000897189 -0.00136076 -0.00208917 -0.000815218 0.000686129 0.00223321
internal_weight=22975 22644 606 22038 5047 16991 2843 14148 5825 8323 6950 231 3415 629 2786 2494 3188 1410 1373 550 4415 524
internal_count=22975 22644 606 22038 5047 16991 2843 14148 5825 8323 6950 231 3415 629 2786 2494 3188 1410 1373 550 4415 524
cat_boundaries=0 12 25 27 29 43 57 59 61 75 89 103 117 118 120 121 123 124 126 140 142
cat_threshold=1073872896 0 0 268435456 0 0 0 268435456 8 0 0 268435464 16777280 1073741824 2785018000 20 0 512 256 0 134217728 256 0 16777312 151808 2291155488 20616 184976420 264211 2147483664 12388 0 2097152 1573120 0 0 0 3072 32778 302120976 560388 2147516561 4 10485760 67123264 0 128 1073873160 256 0 0 3072 67108913 268439576 525329 524417 4 2150116298 202020 2217241098 136428 20480 2359296 1073745920 0 0 5188 0 1073823744 4096 51202 16777216 2149583616 10494500 2 32780 0 0 8193 268485120 536870913 0 134250496 0 1079509056 773849088 139264 68160514 17 2185232384 25362432 0 0 25690116 33555456 0 8192 536940544 10621960 65664 512 8421400 2 33554432 8519680 1 8193 32768 1024 0 1073750016 4 1074921472 16781344 8832 10240 3 1 1069072 10795 2 80 16384 2 2147483648 4228 2147516424 131072 0 1 2415919108 536870912 512 134217728 0 1048640 65536 0 35842 1 8454144 41216
is_linear=0
shrinkage=0.045


Tree=137
num_leaves=23
num_cat=19
split_feature=0 0 2 3 0 3 0 3 0 5 3 0 0 0 0 3 0 3 5 5 3 2
split_gain=2.43032 1.53248 1.19604 1.60994 1.37799 1.63585 1.32463 1.79417 1.0788 1.01575 0.844144 2.56912 2.29931 1.2686 0.786813 0.89009 0.76827 1.18477 0.732596 1.66355 0.681309 0.662282
threshold=0 1 2 3 4 5 6 7 8 5.0205801788306017 9 10 11 12 13 14 15 16 4.2972622671762819 4.9732735209982879 17 18
decision_type=9 9 9 9 9 9 9 9 9 10 9 9 9 9 9 9 9 9 8 10 9 9
left_child=-1 -2 3 6 5 9 7 -3 -5 -4 11 -6 -12 18 -7 -16 17 -14 -13 -20 -8 -15
right_child=1 2 4 8 10 14 20 -9 -10 -11 12 13 16 21 15 -17 -18 -19 19 -21 -22 -23
leaf_value=-340.09833129778588 174.52072058444872 26.003730734825378 9.437858263782207 -144.57642136037967 -70.606140988450889 -16.308220017719037 -18.734766614434644 -108.96547047740668 3.9115588064003344 183.65090493937737 -51.233462545336543 -4.0064568150456452 -33.21025785948099 141.88731251270113 -29.04215112202839 16.981716243397308 10.985621737748163 14.605965439773225 327.68099362428052 0.47175031138348639 -118.01042045587141 -7.7181140873713865
leaf_weight=327 110 370 632 223 1496 574 393 486 2340 212 1300 247 1390 104 234 727 5008 784 164 212 1619 4023
leaf_count=327 110 370 632 223 1496 574 393 486 2340 212 1300 247 1390 104 234 727 5008 784 164 212 1619 4023
internal_value=-0.000292794 -0.000235923 -0.000263017 -0.000844113 -7.80722e-05 0.000924089 -0.001575 -8.29504e-05 -2.27195e-05 0.00250234 -0.000240571 -0.000637106 5.19179e-05 -0.000122849 4.36318e-05 0.000827851 0.000367805 -0.000337604 0.00175039 0.00302381 -0.00220553 -0.000409883
internal_weight=22975 22648 22538 5431 17107 2379 2868 856 2563 844 14728 6246 8482 4750 1535 961 7182 2174 623 376 2012 4127
internal_count=22975 22648 22538 5431 17107 2379 2868 856 2563 844 14728 6246 8482 4750 1535 961 7182 2174 623 376 2012 4127
cat_boundaries=0 12 24 25 27 41 43 56 58 71 73 87 101 114 128 130 144 146 148 149
cat_threshold=1073872896 0 0 268435456 0 1 256 0 0 0 0 268435464 16448 0 67108880 0 0 512 0 0 134217728 0 0 64 3 1801848390 412253 65306625 131136 4224 16 8388864 0 0 64 0 67240192 0 16781056 2753810 4 1611190936 491576 46202880 131072 2147483648 129 131076 0 0 8192 0 1073742104 4248 128 1025 155320322 131608 32768 0 0 128 260 0 0 0 536870912 2155872272 0 0 16 1059058212 363554 8 16853012 0 1 1589248 536871232 0 134234112 6144 2621443 1979711488 2097152 2214592640 2 0 2359296 1 2097664 268632064 6148 512 1342185472 65544 32840 18939904 1056932 16896 16 0 2359296 1 2097664 0 4 0 1073750016 65540 1048640 16842752 1060901 16384 16777216 131136 4096 16 256 0 0 0 0 131072 0 0 16 4 9503014 8704 0 2214609952 0 8193 1208009280 33555456 0 0 36868 13108224 33554432 1 2155913216 3 2098330 135828 1074005568 64 32
is_linear=0
shrinkage=0.045


Tree=138
num_leaves=23
num_cat=20
split_feature=0 0 3 0 0 3 0 2 1 3 0 3 0 0 3 2 5 5 4 0 3 3
split_gain=2.69147 1.40253 1.04683 2.07383 1.55481 1.81013 1.3067 1.41314 1.22412 1.12326 1.12159 1.06521 1.29314 1.27971 0.977121 0.936011 0.879651 0.856107 0.801611 0.880831 0.971272 0.852232
threshold=0 1 2 3 4 5 6 7 8 9 10 11 12 13 14 15 6.0969494222992333 6.0294818902459815 16 17 18 19
decision_type=9 9 9 9 9 9 9 9 9 9 9 9 9 9 9 9 8 10 1 9 9 9
left_child=-1 -2 3 9 5 17 14 11 -9 -3 -6 13 -13 -8 -5 -12 -10 -4 -17 20 -20 -21
right_child=1 2 4 6 10 -7 7 8 16 -11 15 12 -14 -15 -16 18 -18 -19 19 21 -22 -23
leaf_value=-339.17948124455756 329.00568975181955 122.63316170047085 -7.127172913613343 -174.33182246453293 -35.709596916173659 35.811566976783176 -125.24287286620191 -46.5794611868833 13.823176896981131 2.9371696946658865 133.22152090094818 34.007331738567991 -10.850790303077808 -7.0975848039086005 -44.115705889805639 -221.94996629858292 710.58547422781476 262.24597154248647 -42.103051928885613 20.317374810434586 1.6099399489135222 -0.29794466590128926
leaf_weight=315 107 125 933 411 1199 956 1020 130 484 753 250 517 1283 1166 978 399 65 36 1464 992 1413 7979
leaf_count=315 107 125 933 411 1199 956 1020 130 484 753 250 517 1283 1166 978 399 65 36 1464 992 1413 7979
internal_value=-0.000281043 -0.000222302 -0.000247885 -0.000707662 -4.34668e-05 0.00114997 -0.00100445 -0.000639834 0.00124385 0.00132472 -0.000212067 -0.000963483 -0.000149008 -0.00162966 -0.00221306 -8.52597e-05 0.0021738 -0.000224772 -0.00014206 -7.51909e-05 -0.000758568 0.000144772
internal_weight=22975 22660 22553 6932 15621 1925 6054 4665 679 878 13696 3986 1800 2186 1389 12497 549 969 12247 11848 2877 8971
internal_count=22975 22660 22553 6932 15621 1925 6054 4665 679 878 13696 3986 1800 2186 1389 12497 549 969 12247 11848 2877 8971
cat_boundaries=0 12 25 27 41 54 56 69 70 72 74 88 90 104 118 120 121 122 135 137 139
cat_threshold=1073872896 0 0 268435456 0 512 0 0 8 0 0 268435464 16777280 0 0 0 0 0 256 0 134217728 0 0 64 2097152 184990758 429635 2147749888 67239952 0 8321 32768 0 128 1073750016 32772 1074921472 4128 2630161 12416 2 10485760 33558592 1677721728 528 131332 0 0 16384 1024 67141937 131072 16784512 656384 1624260880 12432 8388616 14436 0 2097664 655624 0 0 16384 1024 32768 486670464 1083392 8421376 135 1064960 6 33562626 32768 2151698436 16 4096 8320 2147598336 536872960 128 1342178304 0 1073742400 639631360 524320 28672 2 168174598 35840 2129920 1024 0 0 8388608 1024 0 0 0 12587016 33554448 0 67109377 5 0 1024 536870912 0 8388612 0 0 0 0 12582920 33554448 5376 2589 5 50470948 294912 32 1 262160 1075970084 1 32768 1074790912 33555460 0 8192 536903680 25707522 0 40960 2214593024 546915072 69652 75497536 8464
is_linear=0
shrinkage=0.045


Tree=139
num_leaves=23
num_cat=20
split_feature=0 0 3 0 4 0 1 5 1 3 5 0 3 4 0 2 0 3 3 0 2 3
split_gain=2.63343 1.22485 1.03574 2.77456 1.3045 1.21357 1.03049 0.956653 1.0961 0.924539 0.807809 0.716007 1.45751 0.61816 1.19633 0.734619 1.5291 1.77912 1.23778 0.903475 1.41861 0.998513
threshold=0 1 2 3 4 5 6 7.2019093767561548 7 8 3.8176519431297078 9 10 11 12 13 14 15 16 17 18 19
decision_type=9 9 9 9 1 9 9 8 9 9 10 9 9 1 9 9 9 9 9 9 9 9
left_child=-1 -2 3 -3 7 9 10 8 -5 -4 -6 12 -7 14 -13 16 17 -15 -18 20 -17 -22
right_child=1 2 5 4 6 11 -8 -9 -10 -11 -12 13 -14 15 -16 19 18 -19 -20 -21 21 -23
leaf_value=-323.63036690072477 246.83455129128268 -120.42952454250126 -94.619421984644148 0.95095714196954895 26.802204240509301 20.259148802524869 15.211228676502451 249.75650597558496 -83.911591134123753 -1.4230004847031132 733.65789568062451 89.971181307069429 0.18041715087151525 -71.166499018454743 -271.98291003676485 221.44825598471854 -89.212709285015549 91.062060398350354 -5.8361084508394869 -0.32219804434744687 -42.96034504570725 45.634445769157104
leaf_weight=330 113 1199 512 863 66 474 437 77 647 707 56 103 1291 105 456 138 1115 216 1417 11909 205 539
leaf_count=330 113 1199 512 863 66 474 437 77 647 707 56 103 1291 105 456 138 1115 216 1417 11909 205 539
internal_value=-0.000290835 -0.000231387 -0.000255901 -0.000985256 -1.25127e-05 -0.000128211 0.00185294 -0.000671178 -0.00092262 -0.00149513 0.00530597 -3.45394e-05 0.000823015 -0.000128493 -0.00159626 -7.5931e-05 -0.000727226 0.00214865 -0.00110024 6.99435e-05 0.00144966 0.000630951
internal_weight=22975 22645 22532 3345 2146 19187 559 1587 1510 1219 122 17968 1765 16203 559 15644 2853 321 2532 12791 882 744
internal_count=22975 22645 22532 3345 2146 19187 559 1587 1510 1219 122 17968 1765 16203 559 15644 2853 321 2532 12791 882 744
cat_boundaries=0 12 25 27 41 42 56 58 60 62 76 78 79 91 92 105 107 109 121 122 124
cat_threshold=1073872960 0 0 268435456 0 0 0 0 0 1 0 268435464 0 1073741824 128 16 0 512 0 0 134217728 0 0 64 131072 235315204 264192 2147516416 16792612 0 2097152 256 0 0 0 3072 4194312 268435472 557312 33337 6 4 16384 2147549184 2147483648 2147524672 1073840640 3076 256 1342177280 8 1075839488 1109524488 17825792 3145728 16 3072 10760 1605985 66676 555238610 70208 6356992 8527936 603979776 128 12 0 0 49216 3072 67109152 16 129 544897 4 3221815338 197249 1 2181038080 0 0 0 131072 0 0 0 0 0 4096 2147484672 66 2181038080 0 0 5 0 0 0 0 0 16 4128 2103552 32 4194306 151556 1084756482 148110 8421376 0 0 0 131328 0 0 0 0 8 0 525312 1 2155872288 28800
is_linear=0
shrinkage=0.045


Tree=140
num_leaves=23
num_cat=18
split_feature=0 0 2 0 3 0 3 3 3 0 0 0 3 5 5 0 5 3 5 3 0 0
split_gain=2.74297 1.38026 1.00929 1.79712 1.4249 1.15396 1.10645 1.00235 1.00102 2.88527 1.64932 1.1271 1.20416 1.21027 1.08276 1.07845 1.2356 0.856636 0.871723 0.816251 1.12548 0.852992
threshold=0 1 2 3 4 5 6 7 8 9 10 11 12 6.2334293711344477 4.1026092131977068 13 3.9019216517693867 14 4.0517471391904856 15 16 17
decision_type=9 9 9 9 9 9 9 9 9 9 9 9 9 8 8 9 8 9 10 9 9 9
left_child=-1 -2 3 6 5 7 -3 -5 9 -4 -10 12 14 19 -12 16 -11 -18 -19 20 -14 -21
right_child=1 2 8 4 -6 -7 -8 -9 10 15 11 -13 13 -15 -16 -17 17 18 -20 21 -22 -23
leaf_value=-291.05996159278624 410.22398486321708 -19.019171040402192 -53.651243508519322 -128.29951677822629 11.017634793944902 -66.048663321713107 -230.85532488700034 12.022972278467837 -24.313564188654283 -51.93596385514806 8.5720174352805287 1.1174679181882952 -138.59812041064851 341.98492351703686 251.37704445604905 -6.8526064879842767 78.282523863887306 135.93084735189211 2.0298356560072675 -4.5897793921101204 10.592025919899989 68.776797199269623
leaf_weight=321 101 619 1231 219 1580 1850 655 502 1611 390 46 9719 334 147 55 1827 327 54 400 222 371 394
leaf_count=321 101 619 1231 219 1580 1850 655 502 1611 390 46 9719 334 147 55 1827 327 54 400 222 371 394
internal_value=-0.000283001 -0.000223155 -0.000247885 -0.000782142 -0.000325367 -0.000977353 -0.0022535 0.000546384 -7.82391e-05 -0.000678025 0.000118851 0.000311415 0.001426 0.00107027 0.00593363 7.77398e-05 0.00113736 0.00217816 0.000830471 0.000642856 -0.000407951 0.00182006
internal_weight=22975 22654 22553 5425 4151 2571 1274 721 17128 4229 12899 11288 1569 1468 101 2998 1171 781 454 1321 705 616
internal_count=22975 22654 22553 5425 4151 2571 1274 721 17128 4229 12899 11288 1569 1468 101 2998 1171 781 454 1321 705 616
cat_boundaries=0 13 25 26 39 41 54 56 58 60 74 88 101 103 117 118 120 133 146
cat_threshold=1073872896 1073741824 0 268435456 0 0 0 0 0 0 0 268435464 131072 64 0 0 0 0 512 0 0 134217728 0 8 96 3 39878656 4100 2147483648 128 134217984 33554432 0 65536 536870912 2155892752 218234880 35076 1048596 1332380166 481996 0 0 0 4 131076 0 0 8192 0 8 4144 128 2147486721 2711257648 204968 33587206 6208 3206002724 262146 262160 16792676 0 2097152 1048832 0 0 65536 3072 2097160 285212672 33152 2147526656 6 0 2147483648 4096 2147483649 246272 570432516 0 1073750016 4 5374018 1107361792 4101 2097664 16 10780697 131156 536871040 16 1073742088 0 0 134234176 1024 16673 268435456 16810368 132 1073741834 768 32768 67108864 0 8192 142639104 536871936 0 8192 4 13766658 134217728 1057812 5136 1 571715588 8930176 18580 2129928 20 0 0 0 0 0 0 0 16384 268435456 0 132 16 64 0 0 256 0 0 134217728 1024 0 268435456 32768 4
is_linear=0
shrinkage=0.045


Tree=141
num_leaves=23
num_cat=20
split_feature=0 0 3 3 0 0 0 3 2 5 5 0 0 0 0 2 0 3 3 0 0 0
split_gain=2.55229 1.17858 1.04752 0.840608 2.8765 1.92049 1.50432 1.29472 0.986892 1.09644 0.983093 1.76366 1.14368 0.95993 0.865742 0.832635 1.13789 1.55725 1.23456 3.3444 1.79315 1.07594
threshold=0 1 2 3 4 5 6 7 8 3.7494348669884658 5.310736838221497 9 10 11 12 13 14 15 16 17 18 19
decision_type=9 9 9 9 9 9 9 9 9 10 8 9 9 9 9 9 9 9 9 9 9 9
left_child=2 -2 -1 4 -3 8 7 -5 -6 -10 12 -12 -7 -8 -11 21 17 -17 19 -18 -20 -15
right_child=1 3 -4 6 5 10 13 -9 9 14 11 -13 -14 15 -16 16 18 -19 20 -21 -22 -23
leaf_value=-2.9946948175126265 284.63279958603465 -82.856917671485064 -192.80568176124018 -13.58281260814044 123.01584432492376 -78.466208222923541 -12.362144453654038 -148.00296519165383 -161.22032941622862 -17.035454732628132 -32.535209919713168 103.81704408632588 0.97594562780176231 -279.40691514536701 142.69959270432068 7.2637425111089113 -33.034460653230248 -41.617370937726655 54.856173003662086 20.194726974310779 5.4212738650464534 2.4007727596252892
leaf_weight=370 107 1298 606 961 164 1828 3570 466 153 106 442 568 1418 222 237 1786 1782 1796 1458 1201 1984 452
leaf_count=370 107 1298 606 961 164 1828 3570 466 153 106 442 568 1418 222 237 1786 1782 1796 1458 1201 1984 452
internal_value=-0.000294752 -0.000194018 -0.00253239 -0.00021818 -0.000660618 -0.000160715 -4.24485e-05 -0.00142912 0.00207589 0.00100984 -0.000512419 0.000711461 -0.000895013 9.74889e-05 0.00243913 0.000310997 0.000414561 -0.000227881 0.000772486 0.000100667 0.00135234 -0.001207
internal_weight=22975 21999 976 21892 6214 4916 15678 1427 660 496 4256 1010 3246 14251 343 10681 10007 3582 6425 2983 3442 674
internal_count=22975 21999 976 21892 6214 4916 15678 1427 660 496 4256 1010 3246 14251 343 10681 10007 3582 6425 2983 3442 674
cat_boundaries=0 13 27 29 31 45 58 71 73 74 87 101 114 127 128 142 144 146 160 173 186
cat_threshold=1073741888 65536 0 268435456 1073742088 516 256 64 65544 609 1075970056 268435464 9437312 0 1073741824 0 0 0 0 0 0 134217728 16 0 64 0 16 14172738 140 192323622 264705 2155872256 16792676 536870912 2097664 268435460 0 0 0 3072 2098178 385875968 35076 16416 2 33558528 33947648 0 8192 1081344 536871936 0 1207959552 32768 5898240 4112 8704 6146 33574912 2147876864 0 2147483648 2148631040 3136 0 1476396032 4 1736704 603979776 32 2099714 3229631440 20612 18 2097152 0 0 0 142606336 0 0 8192 0 4096 128 2150105088 513 294928 0 0 128 524288 0 0 65536 536870912 8404992 134217856 2148537360 2214633500 5 16810000 2113536 1 32832 0 33554432 0 106496 536903680 3250585612 176160912 2097664 53248 0 33816576 0 0 0 0 0 0 0 524288 4096 512 2048 1 4194304 100663296 4096 8192 671808 536875008 640 0 128 2099202 16777216 18489345 2214600732 1 3288882576 90136 1686721792 114824 262152 15460 536870912 5 8388608 0 0 0 0 20480 268435456 2147521552 0 6 9 15428 536870912 145 16777220 1 0 0 4096 16384 0 2147490960 288 0 0 0 0 0 0 0 0 0 0 4128 2432 16
is_linear=0
shrinkage=0.045


Tree=142
num_leaves=23
num_cat=20
split_feature=0 0 2 0 3 0 3 3 0 0 3 0 3 0 1 4 2 0 5 1 5 3
split_gain=2.82046 1.50149 1.12872 3.36233 2.02457 2.00851 1.56927 1.46261 2.90267 1.6696 1.27341 1.17911 1.63092 1.07216 1.00513 1.00675 0.965105 0.989341 0.955216 0.799118 0.796918 0.768966
threshold=0 1 2 3 4 5 6 7 8 9 10 11 12 13 14 15 16 17 3.0201273556387074 18 7.111919780603535 19
decision_type=9 9 9 9 9 9 9 9 9 9 9 9 9 9 9 1 9 9 8 9 8 9
left_child=-1 -2 3 10 -5 6 -4 8 -7 21 -3 12 -11 -6 18 20 17 -12 -10 -17 -16 -9
right_child=1 2 5 4 13 7 -8 9 14 11 16 -13 -14 -15 15 19 -18 -19 -20 -21 -22 -23
leaf_value=-212.18563969116431 139.06648046051947 -91.079498869545105 -109.63867778804155 132.87948909157137 231.18981248876713 -106.95027972617201 -2.6571079468605108 0.26366701067906828 116.55650792627149 -102.035484225652 1.865074198201381 1.4168982587248384 -0.83734310837606951 2.2518891549443509 -68.070893439963015 105.43811099478515 28.869795725461323 -97.99727084813253 21.025187202138657 -34.895789120111893 61.009652471931801 19.637627454546799
leaf_weight=445 104 755 990 830 200 1499 1181 362 52 733 486 8354 1095 1847 1267 421 345 447 512 345 67 638
leaf_count=445 104 755 990 830 200 1499 1181 362 52 733 486 8354 1095 1847 1267 421 345 447 512 345 67 638
internal_value=-0.000290835 -0.000219591 -0.000245879 0.000356561 0.00134424 -0.00041488 -0.0016924 -0.000232957 -0.000951738 3.5375e-05 -0.00104083 -0.000137729 -0.00116902 0.000574793 -5.7176e-05 -0.000511365 -0.000167443 -0.000919049 0.00160937 0.000785155 -0.00125973 0.00177866
internal_weight=22975 22530 22426 4910 2877 17516 2171 15345 4163 11182 2033 10182 1828 2047 2664 2100 1278 933 564 766 1334 1000
internal_count=22975 22530 22426 4910 2877 17516 2171 15345 4163 11182 2033 10182 1828 2047 2664 2100 1278 933 564 766 1334 1000
cat_boundaries=0 14 26 27 41 43 56 58 60 74 88 90 103 105 118 120 121 122 134 136 138
cat_threshold=1073741888 1073741824 0 268435584 0 512 0 0 0 0 1075838976 268435464 0 16 16384 0 0 0 1073741824 4 0 0 134217728 0 0 64 240 33554432 83905568 1 2147483648 135364608 0 0 65536 33796 6292482 469762048 2785296 24576 4 1747194902 239880 8 33763332 4096 512 256 33554496 0 268435456 2056 2131 33751040 1048576 11539206 2881688888 428634 708091910 265284 33554432 16778240 0 2097152 1572864 0 0 8192 1024 264 285212704 40320 2147518520 5 54591492 0 603979776 17 1048580 257 128 49216 33792 1280 268435488 2097153 24608 4 564073638 8840 266241 2097152 2147483648 64 131656 536873984 0 1207960576 536875008 1074843648 536875008 516 1024 16981504 74664 2097152 2097152 0 0 256 0 0 0 0 2048 50331648 1024 8421892 134481120 2132 4 16 0 16780288 0 0 65536 0 0 0 0 1026 0 2097168 32780 1544 20975696 254000
is_linear=0
shrinkage=0.045


Tree=143
num_leaves=23
num_cat=21
split_feature=0 0 3 2 0 3 0 3 3 3 0 3 3 0 0 0 0 1 0 3 5 3
split_gain=2.62534 1.24544 1.0492 0.888909 1.65555 1.23356 1.00957 1.55946 0.858913 0.858466 0.845054 1.52167 0.880472 0.838984 0.767375 0.730596 0.727558 0.711272 0.691306 1.74703 0.928017 2.33418
threshold=0 1 2 3 4 5 6 7 8 9 10 11 12 13 14 15 16 17 18 19 3.4498615536424366 20
decision_type=9 9 9 9 9 9 9 9 9 9 9 9 9 9 9 9 9 9 9 9 8 9
left_child=2 -2 -1 4 8 -6 7 17 15 16 11 -11 13 -12 -9 -3 -7 -5 19 -8 21 -20
right_child=1 3 -4 6 5 9 18 14 -10 10 12 -13 -14 -15 -16 -17 -18 -19 20 -21 -22 -23
leaf_value=-7.7674634285976323 89.090102253067386 47.625020668610134 -167.37747896960465 1.1843182330221262 91.96933686100347 50.052834474208758 6.3870828188859932 7.749056578797596 -188.28201112837183 49.852357615244706 -3.1870833942158603 -15.73472013566869 6.8015819401646356 -66.322861970744952 89.914477458769269 -169.29203026545161 -122.70447568178659 -55.119351232465256 23.035277452979521 -78.331516590979632 1.2738332729636732 -79.814574571870992
leaf_weight=445 111 228 546 645 213 102 1078 463 570 260 727 354 1230 988 409 209 386 280 562 1447 10275 1447
leaf_count=445 111 228 546 645 213 102 1078 463 570 260 727 354 1230 988 409 209 386 280 562 1447 10275 1447
internal_value=-0.000265375 -0.00016244 -0.00251695 -0.000187732 -0.00069644 -0.000305479 -2.5997e-05 0.000977611 -0.00232728 -0.00048448 -0.00023817 0.00126517 -0.000555463 -0.00121164 0.00233145 -0.000771716 -0.002232 -0.000312168 -0.000148473 -0.000824794 -8.78442e-06 -0.00089284
internal_weight=22975 21984 991 21873 5267 4260 16606 1797 1007 4047 3559 614 2945 1715 872 437 488 925 14809 2525 12284 2009
internal_count=22975 21984 991 21873 5267 4260 16606 1797 1007 4047 3559 614 2945 1715 872 437 488 925 14809 2525 12284 2009
cat_boundaries=0 14 26 28 29 42 44 58 60 62 64 77 79 81 94 108 121 133 135 149 151 153
cat_threshold=1073741824 65536 0 0 264 516 0 268451840 69640 67111424 1143078920 268435464 1048576 16 64 0 0 2147483776 0 0 256 0 134217728 0 0 64 2160607762 65548 3 2260992 135172 0 0 0 33554432 0 65536 536870912 2155892752 16777216 35072 20 805316640 40960 48267280 131152 603979904 8208 8388608 0 0 64 32768 16640 65536 16780032 664834 4 2169778724 113292 2685960752 80032 35651590 264704 0 0 2147483648 4 131076 0 0 8192 0 0 32 4224 33825 2282426368 86029 1296695808 217292 42008576 0 0 0 0 0 0 0 0 1073741832 128 2147484672 2147483648 33587216 64 0 0 8388608 0 0 0 0 16384 0 16777472 258 4 0 135168 0 0 0 33554432 0 0 0 0 16777216 33024 4 0 0 0 0 0 0 0 0 0 1073741824 4240 512 4165 66568 4 2147502112 4096 513 1228800 5184 512 8192 524288 18875464 310378496 131073 262784 2 1623822528 260560 3766485714 16752
is_linear=0
shrinkage=0.045


Tree=144
num_leaves=23
num_cat=17
split_feature=0 0 2 0 3 3 0 3 5 3 0 0 3 5 0 0 3 5 0 5 5 3
split_gain=2.23198 1.44692 1.12078 1.74434 1.16222 1.09276 0.892044 1.99274 1.06821 0.854295 1.28084 1.08375 1.09581 0.927267 0.767703 0.762675 0.639265 0.816648 0.752734 0.628011 0.605046 0.663778
threshold=0 1 2 3 4 5 6 7 6.1366459725839873 8 9 10 11 5.4659459730803723 12 13 14 3.1132683346437333 15 4.7492611597348082 2.602003343538398 16
decision_type=9 9 9 9 9 9 9 9 10 9 9 9 9 10 9 9 9 10 9 10 8 9
left_child=-1 -2 3 5 15 14 7 -4 20 10 -8 12 13 -11 -3 -5 17 -17 -18 -12 -9 -22
right_child=1 2 6 4 -6 -7 9 8 -10 11 19 -13 -14 -15 -16 16 18 -19 -20 -21 21 -23
leaf_value=-280.3232123757569 124.34557210405147 17.147518560316808 -6.42141032588105 -71.294058241497211 6.8667707645196803 -196.42835721819034 -94.648578554069289 16.260097538144606 348.47777986086152 -0.51788370638042391 -7.5691025827220484 0.7496491915050757 -80.629357806485274 344.4755044617765 -114.01719373963886 -161.48422695948651 18.550977296684628 28.747678775057313 -61.354120060087176 17.954851134388054 -1.9484997910765138 25.941501835444676
leaf_weight=316 105 342 795 980 1696 640 580 113 89 344 605 12175 841 37 349 140 108 668 523 204 538 787
leaf_count=316 105 342 795 980 1696 640 580 113 89 344 605 12175 841 37 349 140 108 668 523 204 538 787
internal_value=-0.000237956 -0.0001844 -0.000210185 -0.000771712 -0.000310759 -0.00218131 -3.10174e-05 0.000786631 0.00173392 -0.000159955 -0.00121735 -4.93336e-05 -0.0013201 0.000675571 -0.000902562 -0.000942206 -0.000276018 0.000559755 -0.0013367 -4.93311e-05 0.00144375 0.00116993
internal_weight=22975 22659 22554 5446 4115 1331 17108 2322 1527 14786 1389 13397 1222 381 691 2419 1439 808 631 809 1438 1325
internal_count=22975 22659 22554 5446 4115 1331 17108 2322 1527 14786 1389 13397 1222 381 691 2419 1439 808 631 809 1438 1325
cat_boundaries=0 12 25 26 39 41 43 57 59 60 73 87 89 102 115 117 130 132
cat_threshold=1073741824 0 67108864 0 0 0 0 0 0 0 2097152 268435464 64 0 0 0 0 4 256 0 134217728 0 0 64 262144 3 2153938944 135172 0 0 134217984 33554432 0 65536 536870912 2155892736 218234880 35076 1048628 1261212678 482028 2694349872 209576 44339216 8519744 536875136 0 8388864 33554432 0 64 4 16384 0 16781072 524678 20 2214539524 2648 906143776 0 16790528 0 0 524288 536870912 0 0 536871936 4227082 402653184 2147483648 2568 0 2147549184 0 2147524609 147976 5120 512 1073775616 4096 2231296 1149304832 8193 10485760 3 12583108 22920 2147483648 4096 0 0 134217728 33554432 0 0 0 0 0 33024 36 41943040 0 536870912 1 8388608 0 0 0 0 264 4256 4096 32776 1242039296 86180 65536 0 0 128 0 0 0 0 0 0 16 0 1 536921600 147616
is_linear=0
shrinkage=0.045


Tree=145
num_leaves=23
num_cat=19
split_feature=0 0 4 3 0 0 3 0 0 3 1 0 3 5 0 1 5 0 0 5 0 3
split_gain=2.49755 1.25885 1.10506 1.98512 2.22556 1.94351 1.80461 2.73341 1.92703 1.38981 1.16646 1.14772 1.90896 1.14485 1.12679 1.10621 1.02156 1.15344 1.00997 0.960205 0.920907 2.20668
threshold=0 1 2 3 4 5 6 7 8 9 10 11 12 4.0689902272260703 13 14 0.89587973461402759 15 16 4.516324041782946 17 18
decision_type=9 9 1 9 9 9 9 9 9 9 9 9 9 10 9 9 8 9 9 10 9 9
left_child=-1 -2 3 4 -3 -5 7 -4 -8 14 -6 12 -9 16 -7 19 -12 -18 -11 -15 21 -10
right_child=1 2 6 5 10 9 8 11 20 18 13 -13 -14 15 -16 -17 17 -19 -20 -21 -22 -23
leaf_value=-222.78870235415664 198.4031576455904 -12.437559795478926 -137.08757250332414 -39.209388270173861 297.81408760024988 -8.3859558638991896 -33.018272201079157 33.655666096205508 -9.3622810858472185 -149.73158376823531 617.91137199795423 -44.185538359440301 -62.08289623897339 209.36478721735091 40.540268959669795 186.82573616455971 -73.361460042120171 16.02265567134874 1.9022494945178186 -92.006014539255517 -0.86282850916893317 44.01607161460646
leaf_weight=326 104 803 1033 1548 230 806 1326 604 450 499 35 2301 490 52 1555 471 247 493 604 76 8106 816
leaf_count=326 104 803 1033 1548 230 806 1326 604 450 499 35 2301 490 52 1555 471 247 493 604 76 8106 816
internal_value=-0.000234039 -0.000176538 -0.000200493 0.000249224 0.00130777 -0.000261546 -0.000421207 -0.00118378 -0.000104203 0.000331414 0.00227228 -0.000561345 0.000634719 0.00174026 0.000946269 0.00322712 0.000608107 0.000242587 -0.000980719 -0.000578572 0.00012372 0.00124648
internal_weight=22975 22649 22545 7419 2407 5012 15126 4428 10698 3464 1604 3395 1094 1374 2361 599 775 740 1103 128 9372 1266
internal_count=22975 22649 22545 7419 2407 5012 15126 4428 10698 3464 1604 3395 1094 1374 2361 599 775 740 1103 128 9372 1266
cat_boundaries=0 12 24 25 27 40 54 56 70 83 85 87 100 102 116 118 131 144 158 160
cat_threshold=1073741888 0 0 0 0 4 256 0 0 0 0 268435464 0 0 67108864 128 0 0 0 0 134217728 0 8 64 2 1218708676 178608 32768 67124256 1 0 33024 0 0 0 4 12582922 83886080 2151194768 8388612 33816584 16797700 1 0 1064960 0 0 1342242816 536870912 2117632 327155712 2167439872 67125248 2 1311145988 141524 2149613568 50331648 536870912 0 557316 536871936 0 32768 536903680 8945920 218103824 257 1089552 2 278529 8390688 0 32772 524360 6400 0 8192 589824 2637824 35651584 10276 9438980 2701840416 65548 32964 520 262144 67111936 0 1 135397384 0 0 73728 2048 1074790402 4096 2165834772 1029 201457664 139460 0 44043280 0 2097152 0 0 0 8192 1024 524547 67108864 525312 2147485194 5 16384 1024 0 4 0 0 0 536870912 0 0 536870912 0 0 0 67141656 0 32 0 0 142770432 0 0 0 4 8388608 134217728 256 2147484188 65552 139284 1610616832 528 1048576 1 128 32832 0 258 352387120 2621569 2097152 3 566317088 49186
is_linear=0
shrinkage=0.045


Tree=146
num_leaves=23
num_cat=19
split_feature=0 0 2 0 3 0 3 0 3 3 3 3 0 3 3 0 3 3 5 1 5 5
split_gain=2.46924 1.30799 0.74791 1.83186 1.09907 1.01099 1.22226 0.960577 2.2541 0.943001 0.839326 0.792601 0.779868 0.989721 0.77725 0.760338 0.710385 0.705809 0.676985 1.16218 0.79283 0.632402
threshold=0 1 2 3 4 5 6 7 8 9 10 11 12 13 14 15 16 17 4.7578820629520608 18 4.9732735209982879 4.6101453514146771
decision_type=9 9 9 9 9 9 9 9 9 9 9 9 9 9 9 9 9 9 10 9 10 10
left_child=17 -2 3 11 5 6 -5 8 14 15 -8 -3 13 -11 -4 -9 -10 -1 19 -6 -20 -14
right_child=1 2 7 4 18 -7 10 9 16 12 -12 -13 21 -15 -16 -17 -18 -19 20 -21 -22 -23
leaf_value=-5.9500830670123257 121.86527754607728 -17.458778063508426 223.65083062256079 -165.80465878809193 427.75155388180031 -55.980795666739098 -128.87344704743771 16.826231873935768 10.685801865618897 3.1871976848675301 51.329802468048939 -156.45104865859344 -3.5905712818446616 -47.026455334599483 19.154341007126639 -64.963228875799885 -19.606853857219036 -239.32043329253986 -199.39570042159676 8.1449975838646687 1.1454618654840889 5.9502916986671419
leaf_weight=251 130 468 103 102 110 1936 106 102 617 664 192 810 7607 846 545 765 779 442 87 912 579 4822
leaf_count=251 130 468 103 102 110 1936 106 102 617 664 192 810 7607 846 545 765 779 442 87 912 579 4822
internal_value=-0.000269292 -0.000186105 -0.000213591 -0.00067915 -0.000205155 -0.000835606 0.00120146 -6.67191e-05 0.000844843 -0.000193145 0.00264193 -0.00215582 -0.000102897 -0.00106439 0.00301364 -0.00162287 -0.000178978 -0.00289149 0.000667058 0.00139746 -0.000444612 1.48289e-05
internal_weight=22975 22282 22152 5302 4024 2336 400 16850 2044 14806 298 1278 13939 1510 648 867 1396 693 1688 1022 666 12429
internal_count=22975 22282 22152 5302 4024 2336 400 16850 2044 14806 298 1278 13939 1510 648 867 1396 693 1688 1022 666 12429
cat_boundaries=0 13 25 26 39 41 54 56 69 71 72 74 76 90 92 94 107 109 111 113
cat_threshold=1073741832 0 0 268435584 8 1 0 0 8 67111488 1084358664 268435464 1048576 64 0 0 0 0 4 256 0 134217728 16 0 64 3 2187493376 135172 0 0 134217988 33554432 0 65536 536870912 2155892736 218103808 35072 20 1202357254 481996 65536 0 2147483648 4 0 0 0 8192 0 0 4144 0 1025 1030 18432 10752017 10616832 128 2147491860 256 0 0 64 0 0 65536 3844 525462 1644251042 115480 839000096 33587200 4288 2694479904 80425 33554432 2147811328 0 513 1196032 4160 512 1342227456 0 655616 536870912 2105344 2490880 3 1105215686 88200 1644167552 33024 0 0 0 0 142606336 0 0 0 0 4096 0 16 2147483648 700432 133156 2161132098 147492 4160 16
is_linear=0
shrinkage=0.045


Tree=147
num_leaves=23
num_cat=20
split_feature=0 0 3 2 0 3 0 3 3 0 0 3 5 3 5 0 3 0 0 0 3 0
split_gain=2.06107 1.33401 0.849532 0.849372 1.7211 0.933727 1.09668 2.15358 0.899617 0.848444 0.833352 0.998537 0.82466 0.821256 0.757616 0.739269 0.69532 2.43835 2.33792 1.33533 0.966987 0.884037
threshold=0 1 2 3 4 5 6 7 8 9 10 11 1.0000000180025095e-35 12 7.4966485886878944 13 14 15 16 17 18 19
decision_type=9 9 9 9 9 9 9 9 9 9 9 9 10 9 10 9 9 9 9 9 9 9
left_child=2 -2 -1 4 13 9 7 -7 -8 -6 11 -5 -10 15 16 -3 18 20 -12 -20 -18 -19
right_child=1 3 -4 10 5 6 8 -9 12 -11 14 -13 -14 -15 -16 -17 17 21 19 -21 -22 -23
leaf_value=0.68970746400656646 224.00187183585095 30.03536853292756 -229.04741599390178 3.6945375490164079 -190.78598497536689 -37.034848320591678 -39.592650701671737 99.925313953158735 507.38022669269378 -8.301148777881302 -37.058202224209104 -62.621032181485873 7.7770013654952388 -146.08948651069917 159.56487908981924 -159.989474099951 1.0095781141545277 27.21384780564243 47.584198471621463 1.2342072749655388 -63.030314460298982 5.7101835727165202
leaf_weight=100 109 255 452 923 472 331 752 286 54 1606 2495 1145 650 735 42 223 738 1186 324 4370 1066 4661
leaf_count=100 109 255 452 923 472 331 752 286 54 1606 2495 1145 650 735 42 223 738 1186 324 4370 1066 4661
internal_value=-0.000281043 -0.000213217 -0.00296809 -0.000238647 -0.000731586 -0.000292939 0.000382013 0.0019531 -0.000294279 -0.000964594 -8.22437e-05 -0.000925963 0.000854748 -0.0022151 3.56509e-05 -0.000716328 1.81905e-05 0.00031652 -0.000299334 0.000292604 -0.001125 0.000762672
internal_weight=22975 22423 552 22314 5364 4151 2073 617 1456 2078 16950 2068 704 1213 14882 478 14840 7651 7189 4694 1804 5847
internal_count=22975 22423 552 22314 5364 4151 2073 617 1456 2078 16950 2068 704 1213 14882 478 14840 7651 7189 4694 1804 5847
cat_boundaries=0 13 25 27 28 41 43 56 58 60 73 87 89 91 104 106 119 133 147 149 162
cat_threshold=1073741824 1073741824 67108864 268435456 8 1 0 0 8 512 1075970048 268435464 1572864 0 262144 0 0 0 0 256 0 134217728 0 8 64 12583424 4 3 2153938944 135172 0 0 134217984 33554432 0 65536 536870912 2155892752 218103808 35072 20 1865193030 346788 42008576 0 536870912 129 131072 0 0 8192 0 8 4224 4100 1 2147565592 135233 12713984 135258 41943040 0 536870912 128 0 0 0 0 0 8 128 4 32776 0 2147565568 4096 2147484160 1196032 536875072 512 268460032 0 2639946 545259520 0 410112 2 1129398802 248200 2694349872 76448 2147483648 0 0 0 0 33554432 0 0 0 0 16777216 33024 20 995615782 77450 33574928 18874368 0 2129920 98304 16780292 128 1208025088 2048 5242880 134217728 8228 45192 0 14452 0 0 285736960 0 0 32768 4096 8426497 369164288 2150631552 67108868 5 20496 0 0 2097152 0 4 128 1073741824 0 1048576 0 8224 12416 16 2225078592 180484 2097153 80 536871040 0 285212928 0 0 32768 4096 37889 65536 2148010240 1284
is_linear=0
shrinkage=0.045


Tree=148
num_leaves=23
num_cat=21
split_feature=0 0 3 2 0 3 1 3 2 0 3 0 0 0 3 0 5 3 4 3 3 0
split_gain=2.09885 1.18809 1.12725 0.918679 1.59422 0.958829 0.784816 1.41265 1.35361 1.34208 1.11787 1.83999 1.75957 1.16722 1.53666 1.09066 0.909399 1.92993 0.901001 0.863379 0.862839 0.883887
threshold=0 1 2 3 4 5 6 7 8 9 10 11 12 13 14 15 3.3497501700808394 16 17 18 19 20
decision_type=9 9 9 9 9 9 9 9 9 9 9 9 9 9 9 9 10 9 1 9 9 9
left_child=2 -2 -1 4 5 -3 7 9 18 -5 11 -8 20 -14 -15 -10 17 -17 -9 -13 -12 -22
right_child=1 3 -4 6 -6 -7 10 8 15 -11 12 19 13 14 -16 16 -18 -19 -20 -21 21 -23
leaf_value=5.3113931311413767 175.87201170280349 -173.20187142523247 -219.8327269422154 1.6076120752188328 -6.3070362443613757 -28.402571125993166 -2.651143793205549 7.6598413045125673 -59.365326067647402 -94.114793435252267 -41.041500786085088 58.028880330238707 -1.902461217161711 -18.575323153101429 39.896412540444018 16.822094265337046 4.5536811327389959 -101.04470043667007 339.56959496602497 12.785968355445753 9.8567792040797322 -17.389110954263444
leaf_weight=124 121 454 449 639 4084 788 1644 94 670 1404 1258 704 2284 375 1153 338 3599 539 67 1108 613 466
leaf_count=124 121 454 449 639 4084 788 1644 94 670 1404 1258 704 2284 375 1153 338 3599 539 67 1108 613 466
internal_value=-0.00028496 -0.000215224 -0.00294615 -0.000240413 -0.00075534 -0.00216029 -7.82412e-05 -0.000427874 -3.97642e-05 -0.00142993 0.000189507 0.000835639 -0.000174567 0.000421286 0.00137922 -0.000170998 8.42235e-05 -0.00121331 0.00387572 0.00182072 -0.00114368 -0.000202109
internal_weight=22975 22402 573 22281 5326 1242 16955 7350 5307 2043 9605 3456 6149 3812 1528 5146 4476 877 161 1812 2337 1079
internal_count=22975 22402 573 22281 5326 1242 16955 7350 5307 2043 9605 3456 6149 3812 1528 5146 4476 877 161 1812 2337 1079
cat_boundaries=0 13 25 27 28 41 43 45 47 48 62 64 77 90 103 105 119 121 122 124 126 139
cat_threshold=1073741824 262144 0 268435456 0 1 256 0 8 512 1076035592 268435464 1048576 0 1073741824 2147483648 2147483648 0 0 0 0 134217728 16 0 64 12583490 4 3 2187493376 4100 0 128 134217984 33554432 0 65536 536870912 2155892736 218103808 35072 20 172245514 18501 403999762 74510 923150112 262810 160 0 80 0 0 1048576 1024 0 65536 4 6951168 16777216 0 0 23 1176635352 312010 37765120 111149056 4097 0 142606336 16777280 512 0 536940544 0 0 1573044 8423054 16809984 25165824 0 2105857 2415919616 16777476 640 8192 536904704 3 0 2166361088 61440 6574096 35782656 0 32784 150995200 32 0 0 2048 0 0 696484 3608 563447812 196608 0 16432 0 0 1064960 4096 0 1342193664 0 2623744 0 0 0 2 2155872466 151840 4 69207688 262728 273272866 145664 32768 8388608 0 0 0 0 0 0 536870912 2 0 2147484672 20480
is_linear=0
shrinkage=0.045


Tree=149
num_leaves=23
num_cat=20
split_feature=0 0 2 0 3 3 0 3 0 0 3 0 0 3 0 0 0 5 5 2 3 0
split_gain=2.48689 1.24133 1.01526 1.65389 1.183 0.856666 1.21014 0.745372 0.92703 0.69274 1.8642 0.675887 0.671708 0.612388 1.76407 1.4177 1.13533 1.3128 0.835329 0.805223 0.718728 0.717728
threshold=0 1 2 3 4 5 6 7 8 9 10 11 12 13 14 15 16 6.2334293711344477 4.4829865921051741 17 18 19
decision_type=9 9 9 9 9 9 9 9 9 9 9 9 9 9 9 9 9 10 10 9 9 9
left_child=-1 -2 3 4 -3 6 7 -5 -9 10 12 -12 -4 14 -11 -15 18 19 -16 20 -18 -17
right_child=1 2 9 5 -6 -7 -8 8 -10 13 11 -13 -14 15 16 21 17 -19 -20 -21 -22 -23
leaf_value=-201.36308126179435 266.69363443231833 -21.914374564296931 4.3251864098009749 -52.957361060042999 -169.12952407991492 5.3840540893894095 -64.658743369023625 98.706354648309045 3.4854158357263789 -33.756426599024905 -43.94510337989071 3.314564070012306 278.68636453278356 -37.69604893010564 4.0987514755628558 -2.2607234959062499 -14.150827770341737 119.04072738067308 239.89759638891266 -20.120251763544349 48.39820823787511 4.5586082781954715
leaf_weight=438 105 616 118 390 570 2087 1374 104 266 1570 373 613 220 1315 134 2917 252 128 94 1968 388 6935
leaf_count=438 105 616 118 390 570 2087 1374 104 266 1570 373 613 220 1315 134 2917 252 128 94 1968 388 6935
internal_value=-0.000267334 -0.000200963 -0.000224961 -0.000761488 -0.00223873 -0.000341248 -0.000972974 0.00046632 0.00188482 -5.41479e-05 0.00092964 -7.21453e-05 0.00375428 -0.000137753 -0.000578092 4.14606e-05 6.95554e-05 -0.000189957 0.0030375 -0.000410346 0.000966257 0.000227189
internal_weight=22975 22537 22432 5407 1186 4221 2134 760 370 17025 1324 986 338 15701 4534 11167 2964 2736 228 2608 640 9852
internal_count=22975 22537 22432 5407 1186 4221 2134 760 370 17025 1324 986 338 15701 4534 11167 2964 2736 228 2608 640 9852
cat_boundaries=0 13 25 26 39 41 43 56 58 70 83 85 95 107 109 123 137 151 152 154 167
cat_threshold=1073741824 0 2147483712 268435456 0 1 0 268435456 0 0 1075838976 268435464 131072 0 0 128 0 0 4096 256 0 134217728 0 8 64 3 35815424 4100 0 128 256 33554432 0 65536 536870912 2155892752 84017152 35072 1048596 2694480432 77992 1332347398 510676 0 131072 0 0 131076 0 0 8192 0 1073741832 176 640 1025 33554948 395460 0 0 0 0 0 0 0 0 0 0 176 128 10784784 131088 603979776 8192 256 33554432 0 33856 0 1048832 0 16780032 2621442 1209009522 32 36880 131072 536870912 8192 0 33554432 0 1088 0 1048832 2359296 16 0 0 256 0 0 0 0 0 0 16777216 445885542 547 0 2104416 0 0 268435456 1088 0 134283264 1024 2637834 83886080 3178628 2222999568 4 16384 1082195968 0 1 2165555712 536872960 0 1073750016 32768 131136 704643072 528384 5120 3 0 8388608 0 0 0 536870912 0 1073741824 32768 131072 33554432 524288 12288 1 112 199712 544 33554436 17055748 1 2129920 1342177280 4 512 0 536940544 21028352 276824064 36 8840
is_linear=0
shrinkage=0.045


Tree=150
num_leaves=23
num_cat=21
split_feature=0 0 2 0 3 3 0 3 0 3 0 3 0 0 0 5 3 0 3 0 3 4
split_gain=2.07396 1.31369 0.926988 1.61835 0.952098 0.910814 1.13931 0.846858 0.691426 1.06726 0.745839 0.717055 1.87888 1.82438 1.08766 1.01238 0.925821 1.11919 0.882321 0.835532 0.995971 0.884209
threshold=0 1 2 3 4 5 6 7 8 9 10 11 12 13 14 4.7317931335534196 15 16 17 18 19 20
decision_type=9 9 9 9 9 9 9 9 9 9 9 9 9 9 9 8 9 9 9 9 9 1
left_child=7 -2 3 4 -3 6 -5 -1 9 10 -4 12 -10 -13 18 19 -17 -18 -14 -16 -21 -22
right_child=1 2 8 5 -6 -7 -8 -9 11 -11 -12 13 14 -15 15 16 17 -19 -20 20 21 -23
leaf_value=-17.838586941424342 56.484218017491372 -19.314488252886743 -129.73118040697113 -56.414164975164653 -189.76221556155056 6.6276588222043147 -4.9370991333443497 -199.97832565263471 -51.300622389030856 14.640764834297963 0.5623953753600901 -48.32384754664583 -10.031638554658354 4.3534702527413049 -46.529796684259509 50.726027850822192 -44.156443199152477 16.440191269277435 88.790354376522558 -37.052057609854842 295.18971406418478 1.4505363434603493
leaf_weight=215 109 464 225 741 602 1718 1765 453 1256 847 285 1364 101 7925 1403 657 586 518 182 858 202 499
leaf_count=215 109 464 225 741 602 1718 1765 453 1256 847 285 1364 101 7925 1403 657 586 518 182 858 202 499
internal_value=-0.000251666 -0.000176824 -0.000202207 -0.000721427 -0.00227922 -0.000322947 -0.000868548 -0.0027 -3.93628e-05 0.00093024 -0.000689656 -0.000124624 -0.000496335 0.000126276 -0.000104027 -0.000268956 0.000584514 -0.000217743 0.00254746 -0.000777329 -5.4425e-05 0.00119285
internal_weight=22975 22307 22198 5290 1066 4224 2506 668 16908 1357 510 15551 6262 9289 5006 4723 1761 1104 283 2962 1559 701
internal_count=22975 22307 22198 5290 1066 4224 2506 668 16908 1357 510 15551 6262 9289 5006 4723 1761 1104 283 2962 1559 701
cat_boundaries=0 13 25 26 39 41 43 56 58 71 73 86 88 102 116 129 131 144 145 158 160 161
cat_threshold=1073741824 0 0 0 1073741824 33554432 256 268435520 4104 513 1075970056 268435464 8388608 64 0 2147483712 128 0 0 0 0 134217728 0 0 64 3 35815424 4100 0 0 256 0 0 65536 536870912 2155892752 83886080 35072 20 2694480416 77992 1332380166 383692 2151677952 0 536870912 1 8388608 0 0 0 0 256 134221824 4096 40 2160067090 4 10747904 2490384 603979904 0 256 0 0 33792 0 0 16842752 16780032 2770050 156635204 25420 2097152 2228224 0 0 256 0 0 32768 0 0 16842752 0 16384 1043590182 47155 16 25165920 0 16 403734528 257 512 8192 1028 2621704 67108864 525440 2048 7 20488 1140850688 0 0 213056 536877060 128 1073741824 2048 50240 981467136 1060864 8960 2 20488 67108864 0 0 0 0 128 1073741824 2048 0 570425344 12288 8192 135302144 32816 32768 5120 0 0 524288 0 0 0 536903680 2 134217728 2148532224 67108892 135315488 32768 12292 1 2097152 8 0 0 81920 536903680 12599298 0 2097152 2147520536 571630626 34848 2
is_linear=0
shrinkage=0.045


Tree=151
num_leaves=23
num_cat=19
split_feature=0 0 4 3 0 0 0 3 3 0 0 0 3 0 3 3 5 0 0 5 3 5
split_gain=2.12138 1.27582 0.924546 1.85385 3.71378 1.96897 1.68274 2.08244 1.98001 1.91632 1.59075 1.58236 1.56364 1.29791 1.56109 1.28359 1.13531 1.04617 0.936263 0.857923 0.844422 0.843285
threshold=0 1 2 3 4 5 6 7 8 9 10 11 12 13 14 15 4.5379471377116305 16 17 4.0342014792848504 18 3.0677824455408698
decision_type=9 9 1 9 9 9 9 9 9 9 9 9 9 9 9 9 10 9 9 10 9 8
left_child=-1 -2 6 4 12 20 8 9 17 15 -9 -6 -4 14 -7 19 18 -3 -16 -8 -5 -19
right_child=1 2 3 5 11 13 7 10 -10 -11 -12 -13 -14 -15 16 -17 -18 21 -20 -21 -22 -23
leaf_value=-183.69036223334393 133.92658716905331 5.6924250193403516 -32.204092586037163 -78.270372645769456 -111.41538056328355 -0.080017011638365818 35.9075817552771 -19.867602963867633 0.27262311231075997 -60.05804944723608 35.016758293668595 -34.573441118010933 38.89841177418343 0.82273977672781473 -84.952694036404907 -15.74509670056305 140.0163057799414 0.90833886408615838 135.00868409607375 349.567057998819 -7.5603634505726518 265.20541717519569
leaf_weight=598 117 219 694 389 1293 495 70 1205 943 1824 2304 4210 1162 5494 105 203 244 100 214 65 652 375
leaf_count=598 117 219 694 389 1293 495 70 1205 943 1824 2304 4210 1162 5494 105 203 244 100 214 65 652 375
internal_value=-0.000243832 -0.000172251 -0.000198008 -0.00040083 -0.000909036 9.28983e-05 0.000216688 -0.000151242 0.00148181 -0.00124609 0.000525276 -0.00149565 0.000828693 0.00038254 0.00181682 0.00182571 0.00342 0.00328895 0.00169626 0.00505102 -0.00171368 0.00448152
internal_weight=22975 22377 22260 14952 7359 7593 7308 5671 1637 2162 3509 5503 1856 6552 1058 338 563 694 319 135 1041 475
internal_count=22975 22377 22260 14952 7359 7593 7308 5671 1637 2162 3509 5503 1856 6552 1058 338 563 694 319 135 1041 475
cat_boundaries=0 12 24 25 27 40 54 68 70 72 86 100 113 115 129 131 133 147 160 162
cat_threshold=1073741896 0 0 0 268435456 0 256 64 4104 512 1084358656 268435464 0 0 0 4 1073741824 4 0 0 134217728 0 0 64 2 1261347878 301527 266241 2496528 1610616832 0 1048648 0 0 1024 2048 1073745922 268439552 2166358545 2147504129 50614273 77596672 536875008 32768 72 4160 0 0 67584 545792 536870912 2097680 2101504 4 10747904 41943040 0 0 8912896 1280 0 134217728 1024 8946696 134217728 12676 1217936 20 574869810 349960 1761661956 121248 32768 3088 0 0 0 0 0 0 0 2228224 50331648 2621440 2214593024 1 32768 16804868 0 0 1130496 16777280 0 1073741824 0 6422529 318767104 2166882304 2214608898 3 32784 0 335544320 2097280 17334528 1024 0 134234112 0 8946960 67108880 4100 68190736 1224901632 35088 2147516432 140292 67108864 641 2148532480 1 0 49152 0 259 65552 1048576 50722 2 2965379072 24616 32784 69640 0 8388608 0 0 0 0 0 0 0 8388616 0 8192 32768 4 0 0 0 1 256 0 0 0 0 2 0 0 34336 76614208 131592
is_linear=0
shrinkage=0.045


Tree=152
num_leaves=23
num_cat=20
split_feature=0 0 2 0 3 0 3 0 3 0 3 3 0 0 2 5 5 0 3 0 0 3
split_gain=2.01379 1.33342 0.94538 1.44427 1.08701 0.952485 0.935633 0.762852 2.04353 0.757003 0.801323 0.723994 2.22319 1.31257 1.05317 0.798857 0.781385 1.44987 1.02778 0.91901 0.836151 0.770283
threshold=0 1 2 3 4 5 6 7 8 9 10 11 12 13 14 5.5965666693001079 3.5694334999727624 15 16 17 18 19
decision_type=9 9 9 9 9 9 9 9 9 9 9 9 9 9 9 10 10 9 9 9 9 9
left_child=-1 -2 3 4 -3 -4 -5 8 -7 10 -8 12 15 -13 -14 -9 20 18 19 -18 -16 -19
right_child=1 2 5 6 -6 7 9 11 -10 -11 -12 13 14 -15 16 -17 17 21 -20 -21 -22 -23
leaf_value=-188.64732860375247 166.36311009530257 -5.2190021547820544 -12.995172316965961 -35.138015332926834 -131.35985950708172 -51.316051614561573 -123.79165072889971 -76.823228244567119 33.188783349558264 -1.9554419720691476 52.216132660397705 -14.218672774452791 220.33734506202086 5.7084105891075119 7.6420983554011697 8.8921250761694068 66.539531631360234 37.237855563264915 -24.605104295476256 -0.36339109760889965 -65.358113774478554 8.1325851770149935
leaf_weight=327 129 450 1372 2153 688 396 104 1463 718 1574 448 2352 112 7290 214 237 111 243 997 210 517 870
leaf_count=327 129 450 1372 2153 688 396 104 1463 718 1574 448 2352 112 7290 214 237 111 243 997 210 517 870
internal_value=-0.000234039 -0.000182305 -0.000209512 -0.000726931 -0.00214435 -4.52272e-05 -0.000345026 5.43122e-05 0.00118295 0.000324134 0.00173936 -3.26098e-05 -0.000472925 0.00019484 0.000213633 -0.00178738 5.38742e-05 0.000442046 -0.000568422 0.00160811 -0.00123397 0.001628
internal_weight=22975 22648 22519 5417 1138 17102 4279 15730 1114 2126 552 14616 4974 9642 3274 1700 3162 2431 1318 321 731 1113
internal_count=22975 22648 22519 5417 1138 17102 4279 15730 1114 2126 552 14616 4974 9642 3274 1700 3162 2431 1318 321 731 1113
cat_boundaries=0 12 24 25 38 40 54 56 69 71 84 86 88 101 115 116 129 131 143 156 158
cat_threshold=1073741824 0 0 0 0 4 0 0 0 0 2097152 268435464 64 0 67108880 0 0 0 256 0 134217728 16 0 64 3 2153938944 131076 0 0 134217984 33554432 0 65536 536870912 2155892736 218234880 35072 20 2694349872 68256 0 2147565568 536875008 2147484160 1196032 4096 640 268460032 8 526401 1686110208 16777221 393216 3 1802147398 379460 14696448 393216 128 16 268435712 0 0 64 0 0 16842752 9088 2638848 148246596 8900 8388608 4096 536870912 1 131072 0 0 8192 0 0 4096 5124 2147483681 2147827712 17 2115141158 101376 33554440 33556596 1 0 33280 1344 0 98304 1024 10536200 33554432 2621440 67110924 4113 1075840000 0 2105349 589896 2049 0 1073741824 536870912 1196034 402653184 1053696 41600 4 224 0 25178112 0 0 159907840 536870912 0 134217728 536872964 4325376 268435456 2147516432 512 134220288 33792 0 4096 0 0 524288 0 0 0 0 0 0 2147483648 0 8192 0 0 134217728 0 0 0 536872960 0 268435456 2147483648 528 637677572 98304
is_linear=0
shrinkage=0.045


Tree=153
num_leaves=23
num_cat=19
split_feature=0 0 2 0 3 0 3 5 3 1 0 3 0 0 5 0 3 3 0 0 4 5
split_gain=2.05082 1.40975 0.924093 2.85653 1.80339 1.45573 2.18361 1.3787 1.36228 1.23138 1.22488 1.18842 2.32571 2.1614 0.986195 0.962149 2.29874 1.27896 2.23973 1.42209 1.38207 1.20424
threshold=0 1 2 3 4 5 6 3.4811217321331038 7 8 9 10 11 12 3.1567740231385479 13 14 15 16 17 18 1.7005986908310777
decision_type=9 9 9 9 9 9 9 8 9 9 9 9 9 9 8 9 9 9 9 9 1 8
left_child=-1 -2 3 4 -3 6 10 -6 -5 -10 -4 12 -7 -13 -12 16 -15 19 -19 -17 -20 -22
right_child=1 2 5 8 7 11 -8 -9 9 -11 14 13 -14 15 -16 17 -18 18 20 -21 21 -23
leaf_value=-182.25390441151518 101.91112910419422 -18.244932326964047 0.42863234506183845 -23.268104920614135 407.51944176188658 -92.098912518655141 -2.0677594894132794 62.912404450799933 16.506428387620591 -99.848735671436884 -97.249803610886232 -48.284055776271835 -4.5011314000168241 28.790996532179502 101.31081201065864 -34.406273204737303 -45.256254434578395 -4.9198612012746867 -233.07129869973025 6.6029957689453127 454.63147444633051 35.917257814058075
leaf_weight=315 113 390 243 1726 166 1193 1214 837 1445 371 51 1278 2198 852 305 2263 1704 1775 103 2727 44 1662
leaf_count=315 113 390 243 1726 166 1193 1214 837 1445 371 51 1278 2198 852 305 2263 1704 1775 103 2727 44 1662
internal_value=-0.00024579 -0.000194514 -0.000220822 0.000322922 0.00204021 -0.000373299 0.000830958 0.00304581 -0.000357064 0.000502187 0.003027 -0.000512018 -0.00125757 -0.000307247 0.00469565 -0.000105009 -0.00086916 0.000123689 0.000770855 -0.000341864 0.00188056 0.00219731
internal_weight=22975 22660 22547 4935 1393 17612 1813 1003 3542 1816 599 15799 3391 12408 356 11130 2556 8574 3584 4990 1809 1706
internal_count=22975 22660 22547 4935 1393 17612 1813 1003 3542 1816 599 15799 3391 12408 356 11130 2556 8574 3584 4990 1809 1706
cat_boundaries=0 12 24 25 39 41 55 57 59 61 74 76 90 103 117 119 121 134 148 149
cat_threshold=1073741888 1073741824 67108864 0 0 0 0 0 0 0 0 268435464 0 0 0 16 0 4 0 0 134217728 0 65536 64 240 2097152 18886656 0 512 524544 536870976 0 8192 536936448 528384 50331648 256 2155907596 5 50502368 688 10502144 8388608 4096 129 1343356940 0 0 32832 32768 2098464 268439552 19398800 541696 16 3895271946 287121 412703914 315784 269493296 3073 10485760 0 4096 128 131072 0 0 32768 0 0 4096 16 17408 707141638 461073 2147516432 5120 536870912 0 256 0 0 0 536871936 32776 33685504 39168 39465 7 4460545 33693696 0 8708 0 2112 512 1073742848 8 1074810899 1107296288 1048580 2097410 8 2147749892 2147483648 268435520 524352 570425344 0 402653184 0 524800 622854280 33280 2155880580 5 1141393552 20480 3292578320 28774 16 2098176 536870913 0 8388608 1024 0 65536 0 12615680 131072 2147486720 67144201 33652740 83886080 0 2097152 134217984 4352 128 24576 536872960 8 134217744 257 4120 2 1
is_linear=0
shrinkage=0.045


Tree=154
num_leaves=23
num_cat=20
split_feature=0 0 3 0 0 0 3 5 4 0 0 3 2 0 3 0 0 3 3 0 5 1
split_gain=1.99697 1.36982 0.923421 2.32909 1.29215 1.20164 0.932228 0.884828 0.841281 1.69512 0.991671 1.15728 0.920665 3.07498 1.97908 1.15524 1.12638 1.46279 1.02175 1.50879 1.00772 1.12976
threshold=0 1 2 3 4 5 6 5.4094089116575796 7 8 9 10 11 12 13 14 15 16 17 18 5.2390944889447963 19
decision_type=9 9 9 9 9 9 9 8 1 9 9 9 9 9 9 9 9 9 9 9 10 9
left_child=-1 -2 3 -3 6 -5 -4 -7 9 -6 11 -10 16 -14 -15 -16 17 -12 19 20 -18 -22
right_child=1 2 4 5 8 7 -8 -9 10 -11 12 -13 13 14 15 -17 18 -19 -20 -21 21 -23
leaf_value=-101.68456229234918 164.59163983916304 37.578866614203662 -1.9233355310963842 -56.540534065546332 102.27385925503762 -26.546700901600275 -81.890773720695279 13.878271083144313 19.957348047758863 -200.19932422397216 -56.396912333542161 3.0383545485691426 -20.54402398206582 17.049617786949462 472.45556368535443 166.03466528512917 -18.937265233224945 -0.54863109224487261 -1.6325302426308783 37.840938589699917 -14.283960241886636 103.71109099567387
leaf_weight=934 100 576 990 1308 102 1887 888 438 375 482 1267 1676 436 298 106 275 958 1812 6510 1183 144 230
leaf_count=934 100 576 990 1308 102 1887 888 438 375 482 1267 1676 436 298 106 275 958 1812 6510 1183 144 230
internal_value=-0.000230122 -0.000143043 -0.000168292 -0.000766526 -2.5869e-05 -0.00118889 -0.0011381 -0.000568037 0.000106642 -0.00156655 0.0001709 0.00108846 2.75479e-05 0.00125776 0.00313242 0.00525572 -8.69109e-05 -0.000828374 0.000166813 0.000934902 -0.000107144 0.00186702
internal_weight=22975 22041 21941 4209 17732 3633 1878 2325 15854 584 15270 2051 13219 1115 679 381 12104 3079 9025 2515 1332 374
internal_count=22975 22041 21941 4209 17732 3633 1878 2325 15854 584 15270 2051 13219 1115 679 381 12104 3079 9025 2515 1332 374
cat_boundaries=0 14 26 28 41 54 68 70 71 84 98 100 101 114 116 129 142 144 146 159 161
cat_threshold=1073741840 65536 0 64 1073741824 0 640 1342193664 65544 2657 1076035584 268435464 0 17 64 1073741824 0 0 0 0 256 0 134217728 0 8 64 773193734 297473 2147745792 2228240 0 1 1179648 536870912 0 0 32768 1077936128 134217872 1581700 3200 4096 2147614720 0 2415927296 2148630528 570427460 0 1024 0 17825796 411041936 1057280 663680 2097152 8395812 0 0 8388864 1024 0 0 1024 8913930 33554432 2132224 67117093 6 3251159056 28946 1 2181038080 0 0 0 131072 0 0 0 0 0 4096 2147483648 1 31522820 6144 2751463552 128 268435524 0 0 32832 3072 256 16781312 256 11535392 4 1075931264 131184 22 2147483648 1024 0 0 0 0 0 0 4 16 32 2754720 17 2164266072 151552 0 32 0 0 8388608 0 0 0 0 8 0 0 8 262144 2383924 4097 0 16924672 4096 0 134225920 536870912 1076363274 603979776 32785 268288 2158557952 4146 276863944 90144 32768 125829120 0 0 134217728 1024 0 65536 0 4247552 0 2166360068 2147516936 16416 1024
is_linear=0
shrinkage=0.045


Tree=155
num_leaves=23
num_cat=20
split_feature=0 0 3 0 0 3 0 0 3 3 2 1 3 0 4 3 5 0 3 2 3 5
split_gain=1.9768 1.65498 0.918503 2.12057 2.11222 1.54299 1.42506 1.36753 1.1191 1.07517 0.90057 1.0504 0.921142 0.991059 1.16566 1.02148 1.31281 0.909093 1.16959 0.954293 0.864643 0.827354
threshold=0 1 2 3 4 5 6 7 8 9 10 11 12 13 14 15 4.1190041246092024 16 17 18 19 3.3140206880897671
decision_type=9 9 9 9 9 9 9 9 9 9 9 9 9 9 1 9 10 9 9 9 9 8
left_child=20 -2 3 -3 5 -4 8 9 -6 -5 11 -8 -13 -14 -15 -16 -17 18 -12 -19 -1 -21
right_child=1 2 4 7 6 -7 10 -9 -10 -11 17 12 13 14 15 16 -18 19 -20 21 -22 -23
leaf_value=29.212588021050287 43.677392087597845 -50.933779631090324 -111.42931235059774 62.353222071080651 41.255188103632484 -0.042160224183921645 -151.93304392768599 -4.5961456593913113 3.0619927837169394 -0.076817425741527195 8.1276106242938564 -45.736712693207572 -15.125054986350586 -293.19798031103016 25.036385491199493 116.88922404003655 396.59811724116599 337.30898211779231 -35.927295896703988 -12.076371201107353 -217.30420397859692 9.3617106080772778
leaf_weight=109 118 1605 759 474 133 659 371 5402 962 638 683 1067 730 60 287 89 50 115 1642 937 450 5635
leaf_count=109 118 1605 759 474 133 659 371 5402 962 638 683 1067 730 60 287 89 50 115 1642 937 450 5635
internal_value=-0.000214455 -0.000147674 -0.000177097 -0.000558419 4.15393e-05 -0.0015986 0.000225122 -0.000195833 0.00176829 0.0012331 7.86083e-05 -0.000648163 -0.000280393 0.000564331 0.00211446 0.00298598 0.00599007 0.000293217 -0.00047176 0.00055956 -0.00282925 0.000483899
internal_weight=22975 22416 22298 8119 14179 1418 12761 6514 1095 1112 11666 2654 2283 1216 486 426 139 9012 2325 6687 559 6572
internal_count=22975 22416 22298 8119 14179 1418 12761 6514 1095 1112 11666 2654 2283 1216 486 426 139 9012 2325 6687 559 6572
cat_boundaries=0 12 24 26 40 54 56 70 84 86 88 89 91 93 106 107 109 122 124 125 127
cat_threshold=1073741888 65536 0 0 8 1 256 0 8 576 1075970056 268435464 0 0 64 0 1073741824 4 0 0 134217728 0 65536 64 773233254 7939 25231360 273456 1 128 16640 1024 640 65536 0 16410 67108864 16810240 3104 4 33558536 131072 1073741824 8704 1146880 4096 0 1342178304 65536 1076002816 310378624 1048576 67109248 3 2164286616 426052 2176909312 2064 2214592512 128 16448 64 128 16448 1024 33 4096 4 2104321 20 266241 19005440 1073745920 8192 286261252 0 0 1073741824 34816 1084358912 285212704 1057280 67142016 2 8192 393224 100667426 4865 3 277 541 3228049408 409692 0 0 0 0 8519680 33554432 0 0 0 8 0 2147484288 52 1 8389648 65664 1 1166016576 0 1 2164785664 536873216 0 8192 4096 26214400 150994944 2150117376 49664 9616 208 32 8389186 4
is_linear=0
shrinkage=0.045


Tree=156
num_leaves=23
num_cat=19
split_feature=0 0 3 0 0 0 5 3 0 2 0 0 1 3 3 3 3 4 3 5 2 5
split_gain=1.86126 1.33629 0.877937 2.19214 1.68588 1.42776 1.1139 1.09572 0.948861 0.817332 0.984354 0.918903 1.09598 0.809215 0.805261 0.748586 0.746908 0.982081 0.73074 0.691339 0.682045 0.913341
threshold=0 1 2 3 4 5 3.6242520361853052 6 7 8 9 10 11 12 13 14 15 16 17 6.5316059599741179 18 4.1510089048756029
decision_type=9 9 9 9 9 9 10 9 9 9 9 9 9 9 9 9 9 1 9 10 9 10
left_child=13 -2 3 6 7 -5 18 -4 14 10 -7 -11 15 -1 -6 -13 -8 -18 -3 -14 21 -19
right_child=1 2 4 5 8 9 16 -9 -10 11 -12 12 19 -15 -16 -17 17 20 -20 -21 -22 -23
leaf_value=25.10416776877927 146.4458423808625 33.329697757332738 -144.98252314279449 -45.117185369278289 53.162913518137529 3.9957598679724016 73.225440879744198 -16.09504759398207 0.96487984979069141 -16.666942922456432 -66.25462205112035 -4.7044344390966941 -0.59067891965377206 -221.81053560407113 0.84737258975033103 80.323376007463835 484.0611859383672 -43.133547731360537 -62.64129239172776 76.410504590983692 -5.7008028490998424 214.04975045386354
leaf_weight=112 101 108 416 1429 295 358 262 962 11227 2612 936 120 2168 431 397 242 60 36 267 38 332 66
leaf_count=112 101 108 416 1429 295 358 262 962 11227 2612 936 120 2168 431 397 242 60 36 267 38 332 66
internal_value=-0.000206621 -0.000142756 -0.000167369 -0.000509397 6.52555e-05 -0.000774922 0.00133464 -0.00141799 0.000237992 -0.000488438 -0.00149541 -0.000234015 0.000369766 -0.00278108 0.00184091 0.00262299 0.00233905 0.00120949 -0.0006565 -1.21742e-05 0.00047477 0.00347368
internal_weight=22975 22432 22331 9034 13297 7903 1131 1378 11919 6474 1294 5180 2568 543 692 362 756 494 375 2206 434 102
internal_count=22975 22432 22331 9034 13297 7903 1131 1378 11919 6474 1294 5180 2568 543 692 362 756 494 375 2206 434 102
cat_boundaries=0 13 25 27 40 53 67 69 83 84 96 110 112 114 116 118 120 121 123 124
cat_threshold=1073741824 65536 0 0 8 1 0 0 8 576 1075970048 268435464 128 64 0 67108864 0 0 0 256 0 134217728 0 8 64 774297702 269915 2191593473 67239936 1610616832 8192 285212672 4 0 1073759232 2048 10485760 144 3154436 67112960 33558545 0 1610616832 40960 3239116800 2048 0 1342193664 4096 1084243968 276824208 1056768 67633408 16809984 8292 2147483648 144 256 570425344 0 40960 1024 5292304 201326592 6144 9456128 4 17835656 196640 16777216 8256 128 144 131140 0 128 32832 1024 48 65568 4096 3162112 4 2 0 4096 0 0 4 0 0 0 0 0 4096 2147483776 8 44309504 1 0 134742016 64 128 134283264 536870912 525322 301994016 524448 11 3 4132 656 12583490 4 1581576 196644 134217830 576 103043074 262152 2 536907778 4608 66
is_linear=0
shrinkage=0.045


Tree=157
num_leaves=23
num_cat=19
split_feature=0 0 4 3 0 3 0 0 3 0 0 0 2 0 3 5 5 3 0 0 3 5
split_gain=2.07131 0.880672 0.942303 1.80066 2.35643 1.6975 2.89096 2.05569 1.99668 1.66727 1.50341 1.45133 1.12026 1.11859 1.78627 1.11527 1.10774 0.977409 0.923151 0.891247 0.880081 0.865094
threshold=0 1 2 3 4 5 6 7 8 9 10 11 12 13 14 5.310736838221497 2.740319461670996 15 16 17 18 1.8688348091416842
decision_type=9 9 1 9 9 9 9 9 9 9 9 9 9 9 9 10 8 9 9 9 9 10
left_child=20 -2 3 9 -5 6 12 8 -7 21 -6 -9 -4 14 16 -12 -8 18 -15 -16 -1 -3
right_child=1 2 5 4 10 7 13 11 -10 -11 15 -13 -14 17 19 -17 -18 -19 -20 -21 -22 -23
leaf_value=23.279341589836271 16.414006714960596 180.38809516671714 -112.715801590406 -34.360878458314019 8.1118250996455448 93.8833384320302 521.71391665164128 -37.695761967104652 0.28299780320143186 -58.859165930786432 52.505268896147115 0.81409994770751282 0.38691470477345469 -23.576518027342608 -119.44726240028496 403.22131124160575 34.804292694522211 -29.736504097676008 14.432395089145089 7.436396603272744 -145.48598455380125 2.2269163681666009
leaf_weight=122 185 73 1615 1186 1806 430 51 1139 523 1363 1532 5595 336 234 430 214 801 2721 712 367 463 1077
leaf_count=122 185 73 1615 1186 1806 430 51 1139 523 1363 1532 5595 336 234 430 214 801 2721 712 367 463 1077
internal_value=-0.000210538 -0.000140614 -0.000167103 0.000253756 0.000769262 -0.00037129 -0.00086365 9.5271e-05 0.00203782 -0.000718219 0.00134848 -0.000182776 -0.00234055 -0.000317569 0.000652919 0.00228839 0.00207292 -0.00075469 0.000488517 -0.000873301 -0.00282663 0.000542168
internal_weight=22975 22390 22205 7251 4738 14954 7267 7687 953 2513 3552 6734 1951 5316 1649 1746 852 3667 946 797 585 1150
internal_count=22975 22390 22205 7251 4738 14954 7267 7687 953 2513 3552 6734 1951 5316 1649 1746 852 3667 946 797 585 1150
cat_boundaries=0 12 26 27 29 43 45 59 73 75 88 102 115 116 129 131 133 147 159 161
cat_threshold=1073741824 65536 67112960 0 0 1 256 1073741824 8 576 1075970048 268435464 64 0 2147483648 0 0 0 0 1024 134217728 0 0 64 0 4 2 2723306256 411144 0 69217332 1 0 1114112 0 0 0 0 4194307 293601280 2167447552 16386 1 1781436518 342485 2153807888 50331648 536870912 16 524544 536871936 128 134234112 0 8 201326608 36864 68198936 2 2168553488 17178628 0 144 2148532232 4 0 49216 0 3 83955728 32768 2113538 2 8414232 131584 0 67116048 0 2097152 143261696 536870912 0 65536 0 13108490 16777216 2149621780 2147485712 32768 25186304 0 2097152 411058176 16777472 0 268500992 4 8918272 67108864 525332 2155872280 2 10752000 75499616 0 33280 1090519040 4416 0 0 71680 11011088 838860832 2105360 2147483648 6 8654849 69343280 1073741824 0 286261248 0 0 0 2048 0 268435616 2166891184 16384 393218 78021 537563136 270608 0 9216 1 0 0 0 0 0 536871936 2 0 2304 2147484672 1 0 4144 0 0 1048576 0 0 0 0 0 160 2149580800 12583520 4
is_linear=0
shrinkage=0.045


Tree=158
num_leaves=23
num_cat=20
split_feature=0 0 3 0 0 3 0 0 3 3 3 0 5 0 0 3 2 0 0 5 1 3
split_gain=2.22044 1.3497 0.883889 2.2004 1.74866 1.50068 1.38291 1.28233 1.01497 0.968845 0.842808 0.823003 0.822811 0.662824 0.637655 1.62115 0.631373 1.33475 0.8214 0.939521 0.817602 0.753209
threshold=0 1 2 3 4 5 6 7 8 9 10 11 4.6200466650627661 12 13 14 15 16 17 3.7256208424938388 18 19
decision_type=9 9 9 9 9 9 9 9 9 9 9 9 10 9 9 9 9 9 9 10 9 9
left_child=10 -2 3 -3 5 13 9 12 11 -6 -1 -9 -5 -4 15 -8 17 -10 21 20 -20 -18
right_child=1 2 4 7 6 -7 14 8 16 -11 -12 -13 -14 -15 -16 -17 18 -19 19 -21 -22 -23
leaf_value=-3.9840014692587919 161.36277781496213 -41.741256407589638 -97.707474871848049 4.7903856310260062 19.811969118649905 47.910901045959207 -49.892702259402306 -83.793779157364369 375.44721269202091 -55.855072287265912 -173.28353551175522 -12.493103650288619 111.2215189029283 0.62903830436434693 2.3625814286321738 4.288428502189336 1.0630762436469559 3.7765629033319885 37.577367118293886 18.324469583074436 -97.599288904451129 -73.855955639781101
leaf_weight=201 100 1849 136 771 252 866 1136 534 107 1241 456 733 349 347 7820 1910 549 904 106 1293 408 907
leaf_count=201 100 1849 136 771 252 866 1136 534 107 1241 456 733 349 347 7820 1910 549 904 106 1293 408 907
internal_value=-0.000183119 -0.000106405 -0.000131175 -0.000491083 9.24916e-05 0.00162344 -7.60256e-05 -0.000108573 -0.00038979 -0.00135449 -0.00273767 -0.00150235 0.00127208 -0.00039091 0.000100937 -0.000450295 -5.66973e-05 0.000919354 -0.000361375 0.000279548 -0.00134302 -0.00115259
internal_weight=22975 22318 22218 8510 13708 1349 12359 6661 5541 1493 657 1267 1120 483 10866 3046 4274 1011 3263 1807 514 1456
internal_count=22975 22318 22218 8510 13708 1349 12359 6661 5541 1493 657 1267 1120 483 10866 3046 4274 1011 3263 1807 514 1456
cat_boundaries=0 14 26 28 42 56 58 71 84 86 88 90 103 116 129 131 132 145 159 161 163
cat_threshold=1073741824 65536 64 0 0 1 0 1073741824 8 2625 1076035584 268435464 1048576 16 64 0 4096 0 0 0 0 1024 134217728 0 0 64 776402982 268867 21069824 8396900 0 640 402653440 570425600 640 90112 0 1024 67108864 7552 32 3 18972672 1082138704 2214592640 145 1090650176 33554432 384 64 1024 16 0 6272 17408 2 2175270976 24704 4112 262144 1073741824 8192 98816 2112 0 402653184 4096 1083179008 847249544 17834497 2105602 2181304321 101056512 1073741824 8192 1048576 64 0 134217728 4 1082130688 176 1057281 67149954 637669382 1 1074266368 57600 13632096 16420 0 16782336 0 0 8912896 1024 0 0 536870912 4194312 150994944 16 2056 0 8192 0 0 131072 0 0 0 0 0 0 2048 1024 2181300233 67108864 1 32832 2149056512 1028 0 0 536870916 2752526 4112 4 2223540225 1050312 65588 17 0 1024 0 0 8388608 0 0 0 0 8 0 0 2052 8 16778240 0 2097153 131072 0 0 0 536905728 2134024 167772160 2654212 6684 4 32804 1024 4210688 262720
is_linear=0
shrinkage=0.045


Tree=159
num_leaves=23
num_cat=20
split_feature=0 0 2 3 0 0 0 3 3 0 0 3 5 0 0 3 0 3 3 3 0 5
split_gain=2.34334 0.974743 0.913476 1.51596 1.70185 1.22967 1.0298 1.52362 1.07365 2.21452 1.69595 1.35955 1.14987 2.36617 2.014 1.83506 1.30473 1.8896 1.09413 1.03959 1.03189 1.02446
threshold=0 1 2 3 4 5 6 7 8 9 10 11 4.2696729980286863 12 13 14 15 16 17 18 19 3.9607678160667752
decision_type=9 9 9 9 9 9 9 9 9 9 9 9 8 9 9 9 9 9 9 9 9 8
left_child=-1 -2 3 4 -3 -5 7 21 9 -8 11 -10 14 18 19 -16 17 -15 -14 -12 -11 -4
right_child=1 2 6 5 -6 -7 8 -9 10 20 12 -13 13 16 15 -17 -18 -19 -20 -21 -22 -23
leaf_value=-87.034546831929163 67.248143995935365 -1.0958668803813458 80.181446121792661 -149.38799301195834 -103.72258856619904 3.3542347032904267 -16.165737235697044 -76.039585648405392 9.1610425074692508 119.46547708519626 3.2799977769781044 -35.038601780500187 5.8774221380732534 51.379167580764765 -37.167012944609176 11.433792988149531 39.01858410957373 -7.4861834942275705 -47.74404942652945 -91.138462222418667 15.483009444897547 -7.2017991701137287
leaf_weight=644 113 831 213 447 1163 2918 1047 1057 371 318 345 2097 1057 955 814 2481 1183 1136 1126 932 1356 371
leaf_count=644 113 831 213 447 1163 2918 1047 1057 371 318 345 2097 1057 955 814 2481 1183 1136 1126 932 1356 371
internal_value=-0.000188994 -0.000110975 -0.000133199 -0.000644294 -0.00162413 -5.99655e-05 2.96059e-05 -0.00103721 0.00014537 0.000953347 -3.12985e-05 -0.00108508 0.00022901 0.000670177 -0.000297115 0.00029256 0.00143244 0.000746789 -0.000477678 -0.00180489 0.00196441 0.000800335
internal_weight=22975 22331 22218 5359 1994 3365 16859 1641 15218 2721 12497 2468 10029 5457 4572 3295 3274 2091 2183 1277 1674 584
internal_count=22975 22331 22218 5359 1994 3365 16859 1641 15218 2721 12497 2468 10029 5457 4572 3295 3274 2091 2183 1277 1674 584
cat_boundaries=0 13 27 28 30 43 56 70 72 74 87 101 103 116 129 131 144 146 148 150 164
cat_threshold=1073741888 0 2214596608 0 64 1 0 1073741888 8 576 1075970048 268435464 1048576 0 0 64 16 0 0 0 0 134217728 0 65536 64 0 16 3 1247806022 280653 42008576 131072 0 0 131076 0 0 0 0 1073741832 128 2147486340 33793 8486912 4 1073741824 0 256 0 0 0 536870912 3229630480 16777216 2048 1040 0 2156216352 0 2147484161 180224 4160 640 268460032 0 2099208 8388608 129 393216 2 566820928 76108 3223323096 278528 0 85996544 1 2097152 9437184 0 0 134217728 4100 5410816 452984832 1049604 67117080 16777236 131072 536870912 8192 2433221120 33555712 256 32768 536870912 76022787 603979776 18874368 3072 5 151027744 576 35913736 50341904 0 4 134217728 16777216 0 134217728 37888 135424 167772160 2148171796 33286 32768 1075840064 1 0 1048832 536870912 0 65536 65536 4210688 268435456 1050624 2223038720 252819456 1544 4096 69210116 1 0 1048832 0 0 65536 4 0 285212672 1057056 2147483672 589123586 174728 42413606 4406 22165506 200960 2097152 16 0 0 268435712 1024 0 0 0 2 603979776 2629632 3076 5
is_linear=0
shrinkage=0.045


Tree=160
num_leaves=23
num_cat=19
split_feature=0 0 2 0 3 0 3 0 3 0 3 0 3 0 0 3 5 5 3 5 3 0
split_gain=2.17917 1.16029 0.672592 1.45474 1.34232 1.21113 0.924441 0.793654 0.795454 0.779069 2.21932 0.833179 0.82063 1.27108 0.995127 1.02505 0.84825 0.760566 0.708637 0.710431 0.682989 1.56788
threshold=0 1 2 3 4 5 6 7 8 9 10 11 12 13 14 15 3.9796379800581989 4.0342014792848504 16 5.9039975907279691 17 18
decision_type=9 9 9 9 9 9 9 9 9 9 9 9 9 9 9 9 8 8 9 8 9 9
left_child=-1 -2 3 6 7 17 -3 -5 -9 10 11 18 13 16 15 -14 -11 -6 19 -4 -16 -22
right_child=1 2 9 4 5 -7 -8 8 -10 12 -12 -13 14 -15 20 -17 -18 -19 -20 -21 21 -23
leaf_value=-126.15739282593238 127.56841265884607 -24.777787563786525 -21.893936444397806 -59.692784243521842 -17.216391204757901 3.820213883636757 -168.21472427432579 -122.01840038550992 2.8653826371196391 -21.201408528608315 -4.8844920902448585 60.401876244682668 4.3964724427297188 -56.773825280846488 -1.5770946867862616 -51.869655940149329 35.937542011719096 250.66700054173066 65.178646353332738 490.62335061600993 -8.0721980623002132 12.092877680421434
leaf_weight=541 107 363 238 1092 44 1895 576 281 1052 76 1330 452 497 1002 5849 816 153 70 235 43 1733 4530
leaf_count=541 107 363 238 1092 44 1895 576 281 1052 76 1330 452 497 1002 5849 816 153 70 235 43 1733 4530
internal_value=-0.000228164 -0.000159183 -0.000182708 -0.000620892 -0.000277329 0.000581147 -0.00221924 -0.000987896 -0.000244239 -4.34998e-05 0.000724674 0.00235102 -0.000164441 -0.00127072 -6.19569e-05 -0.00123283 0.00169917 0.00485714 0.00105682 -0.00047611 6.60662e-05 0.00039227
internal_weight=22975 22434 22327 5373 4434 2009 939 2425 1333 16954 2298 968 14656 1231 13425 1313 229 114 516 281 12112 6263
internal_count=22975 22434 22327 5373 4434 2009 939 2425 1333 16954 2298 968 14656 1231 13425 1313 229 114 516 281 12112 6263
cat_boundaries=0 13 26 27 40 42 53 55 68 70 84 86 99 101 114 128 130 132 134 147
cat_threshold=1073741888 1073741888 0 16 1073741824 1 0 0 0 512 1075970048 268435464 1048576 0 0 2214592576 2147483648 0 0 0 0 134217728 0 0 64 262144 3 14843904 4 0 0 134217984 33554432 0 65536 536870912 2155892752 218103808 33024 16 1265112646 411885 33554432 4096 536870912 1 0 0 0 0 0 0 16 2693300272 131240 2181038080 4096 536870912 1 8388608 0 0 0 0 256 4272 2564 32780 35651654 264256 6586369 2490384 4224 0 134218048 0 0 64 0 0 16777216 528128 663682 4 1082811898 493608 2392064 262144 4096 0 134217728 0 0 0 0 0 0 1024 130 906115104 2 0 67108864 0 0 8388608 0 0 0 0 8916992 0 1048592 32788 33558528 2147549184 0 8193 268582912 4356 0 1342235648 32776 133440 8388608 17825797 2097152 3 5801618 24 8405042 133152 144492362 109080 16400 83887136 0 2097664 2155937792 3072 640 0 65536 75497512 805306368 2105344 8441872
is_linear=0
shrinkage=0.045


Tree=161
num_leaves=23
num_cat=20
split_feature=0 0 2 0 3 3 0 3 2 0 3 3 0 0 0 5 1 0 3 0 5 1
split_gain=2.03181 1.26922 0.738455 1.47835 1.23799 0.91934 0.724889 1.02964 0.755832 1.13249 1.92066 1.36413 2.48893 1.95553 1.4146 1.27656 0.947425 0.900966 0.891726 0.845775 0.948183 0.818636
threshold=0 1 2 3 4 5 6 7 8 9 10 11 12 13 14 1.8688348091416842 15 16 17 18 5.9039975907279691 19
decision_type=9 9 9 9 9 9 9 9 9 9 9 9 9 9 9 8 9 9 9 9 10 9
left_child=-1 -2 3 4 -3 -5 7 -4 16 10 17 12 -11 15 -14 -13 -8 18 -10 -15 21 -21
right_child=1 2 6 5 -6 -7 8 -9 9 11 -12 13 14 19 -16 -17 -18 -19 -20 20 -22 -23
leaf_value=-106.79342469539965 193.27996248780781 -21.091366734085391 20.051699808155231 -27.682007067855906 -170.09902663142606 4.6202824902297461 168.71425255803973 -63.746977114651166 24.069665092177623 -31.236700618123507 2.9413152829528606 116.85974798631925 -2.2046099160546961 15.787205560040549 15.166927686562122 -16.125472718721301 2.5076628323105679 -60.534653415365248 -43.878699813695185 131.98178051210189 211.27149678852544 10.18387818999671
leaf_weight=549 103 402 409 2294 513 2164 179 1346 375 1739 2310 66 1920 2286 1444 1568 470 1314 405 335 56 728
leaf_count=549 103 402 409 2294 513 2164 179 1346 375 1739 2310 66 1920 2286 1444 1568 470 1314 405 335 56 728
internal_value=-0.000204662 -0.00013758 -0.000161788 -0.000620892 -0.00225728 -0.000279867 -1.5919e-05 -0.000878609 8.43351e-05 1.66908e-05 -0.00058492 0.000278313 -0.000240177 0.000802711 0.000474525 -0.0004757 0.00157262 -0.00156838 -0.00034091 0.00141571 0.00243103 0.00214225
internal_weight=22975 22426 22323 5373 915 4458 16950 1755 15195 14546 4404 10142 5103 5039 3364 1634 649 2094 780 3405 1119 1063
internal_count=22975 22426 22323 5373 915 4458 16950 1755 15195 14546 4404 10142 5103 5039 3364 1634 649 2094 780 3405 1119 1063
cat_boundaries=0 13 26 27 40 42 44 58 60 61 74 76 78 92 105 118 119 131 133 146 148
cat_threshold=1073741825 0 2214592576 0 268435456 0 0 64 8 512 2228224 268435464 1048576 64 1073741824 0 0 1073741824 0 0 0 134217728 0 0 64 2097152 3 40009728 4 0 0 134217984 33554432 0 65536 536870912 2155892736 218103808 33024 16 2694479920 131240 1263273030 412397 33554436 2147566592 0 2147484161 180224 1088 512 268443648 524288 16780352 343932928 655361 262272 3 38046432 90112 224 8405008 2103332 1 0 17825792 553648128 0 1073807360 0 74088458 167772160 1085584 32768 716095028 265755 2490497126 112996 21004288 58982416 0 2105344 2148007936 256 128 0 536972288 256 553713664 2166358020 8394752 20 2359304 67117056 4096 0 8389128 4 0 134250496 5124 9453568 1073741824 2097408 2214604294 4096 131072 0 32784 142606912 2049 256 50176 0 4097 0 3072 2214592540 48 16400 2099200 0 0 16777216 536870912 0 1073807360 0 131082 0 1048576 537427988 2072 4096 42336256 0 0 134742016 4096 0 16384 536870912 4097 0 2164261892 8405016 537411600 3456
is_linear=0
shrinkage=0.045


Tree=162
num_leaves=23
num_cat=19
split_feature=0 0 3 0 0 3 1 0 2 0 3 5 0 0 3 3 0 3 0 5 0 5
split_gain=2.68949 1.02799 0.657428 1.88278 1.03913 1.18898 0.743463 0.665498 1.45538 0.995671 0.863382 0.776143 2.1042 1.75562 1.57992 1.48276 1.48196 1.28981 1.21658 1.13648 0.952453 0.94058
threshold=0 1 2 3 4 5 6 7 8 9 10 4.6395599436855051 11 12 13 14 15 16 17 6.9092530334720372 18 6.5316059599741179
decision_type=9 9 9 9 9 9 9 9 9 9 9 8 9 9 9 9 9 9 9 10 9 8
left_child=-1 -2 3 -3 5 -4 -5 8 -6 -10 -11 13 15 -9 19 -13 -16 18 -15 20 21 -14
right_child=1 2 4 6 7 -7 -8 11 9 10 -12 12 14 17 16 -17 -18 -19 -20 -21 -22 -23
leaf_value=-93.724388436852621 145.37901573163433 -67.434063677428824 0.0016855503427138522 10.279440585255895 -63.327633703204746 -76.277428874547141 -6.0856246617177314 -34.421009059337173 43.930722315044257 -4.4530559512030017 14.760089673288793 1.8869451908377683 -21.8048988944835 -19.558269380232002 -13.517625795095148 -43.938236436851881 32.530050205328145 -1.5731190295952877 53.824150075208571 305.98503589850196 71.685185919751078 66.132014678467357
leaf_weight=642 118 1022 722 1014 438 654 1287 2953 170 760 1093 1346 446 111 1498 930 1178 5110 421 41 958 63
leaf_count=642 118 1022 722 1014 438 654 1287 2953 170 760 1093 1346 446 111 1498 930 1178 5110 421 41 958 63
internal_value=-0.000196828 -0.000113382 -0.000136659 -0.000719191 -3.38034e-05 -0.00121902 -1.94659e-06 6.00742e-05 0.000744237 0.00125381 0.000933779 -5.22676e-05 0.000320333 -0.000332384 0.000918016 -0.000778847 0.000257811 0.00013371 0.00221691 0.00207829 0.00187781 0.000267753
internal_weight=22975 22333 22215 3323 18892 1376 2301 17516 2461 2023 1853 15055 6460 8595 4184 2276 2676 5642 532 1508 1467 509
internal_count=22975 22333 22215 3323 18892 1376 2301 17516 2461 2023 1853 15055 6460 8595 4184 2276 2676 5642 532 1508 1467 509
cat_boundaries=0 13 25 27 41 54 56 58 71 72 84 86 100 114 116 118 132 134 146 159
cat_threshold=1090519104 1073741824 0 0 3221225472 2561 0 0 8 544 1612906496 268435464 131072 0 0 2214592576 0 0 0 0 0 134217728 16 0 64 102109220 264259 2392064 15396 1 2097152 524544 536870912 0 0 0 525320 486539280 2621712 67108901 4 33570816 2149646336 0 2415919296 0 33555712 0 1342210048 65536 1074817092 8 17834496 262144 3370663962 180352 402669672 67092 2359296 41951236 129 32784 16777292 4096 256 16448 3076 256 4112 416 1576963 1 0 0 0 0 0 0 0 0 0 0 4112 128 2711659344 205320 2147483648 67239968 4096 2097665 8421376 16777216 512 8192 4096 5128 184549376 2147649540 2116768 4 12619792 16400 1073741824 0 268501248 64 128 65536 32768 11141122 128 529408 2147525148 1 2302715202 148008 13168152 131476 36864 262160 0 0 134217728 64 0 0 536903680 6815746 67108864 2625536 2147484184 3 270600648 74752 0 0 0 0 134742016 536870912 0 0 0 4104 16777216 16 0 16784384 0 0 256 536870912 0 0 536870912 4194304 268435584 16 41476
is_linear=0
shrinkage=0.045


Tree=163
num_leaves=23
num_cat=20
split_feature=0 0 3 4 0 3 0 0 3 3 5 0 3 5 1 0 3 1 3 0 0 0
split_gain=2.23735 1.07983 0.833274 0.65824 1.70825 1.70509 2.48591 2.05789 2.47999 1.65092 1.88569 1.58547 2.0043 1.21043 1.8635 1.69692 1.28418 1.47179 1.00692 2.0926 1.84259 0.955064
threshold=0 1 2 3 4 5 6 7 8 9 5.0657496176235997 10 11 4.2121001622835372 12 13 14 15 16 17 18 19
decision_type=9 9 9 1 9 9 9 9 9 9 10 9 9 8 9 9 9 9 9 9 9 9
left_child=2 -2 -1 11 9 6 -6 8 -7 10 -5 -3 21 15 -15 -14 -17 -18 20 -20 -9 -13
right_child=1 3 -4 4 5 7 -8 18 -10 -11 -12 12 13 14 -16 16 17 -19 19 -21 -22 -23
leaf_value=43.7933581555505 186.81419607712945 -28.232730647634305 -139.7684144585555 -35.586113802108429 -104.4396794293703 -44.266540423325701 -1.642165994156968 11.342128087149385 23.14239369117357 -102.52578979774066 86.051305754009718 110.93808629303035 -35.078746390285652 579.70885899594259 54.425701735184269 -3.9737036007832907 -17.233115934671478 95.119409113857387 -19.893777561816396 11.52971447637049 -32.064664453397135 -52.183405463504144
leaf_weight=103 102 1692 435 376 1116 321 2127 1582 1029 1095 145 233 1080 224 1753 391 148 741 1539 2894 2782 1067
leaf_count=103 102 1692 435 376 1116 321 2127 1582 1029 1095 145 233 1080 224 1753 391 148 741 1539 2894 2782 1067
internal_value=-0.000175285 -0.000105641 -0.00301091 -0.000127871 -0.000298642 -0.000130952 -0.00102719 0.000156363 0.00178414 -0.00167506 0.000413695 0.000221592 0.000583908 0.00104817 0.0018714 0.00036198 0.00146285 0.00240233 -9.55284e-05 0.000381664 -0.000579983 -0.000960367
internal_weight=22975 22437 538 22335 15006 13390 3243 10147 1350 1616 521 7329 5637 4337 1977 2360 1280 889 8797 4433 4364 1300
internal_count=22975 22437 538 22335 15006 13390 3243 10147 1350 1616 521 7329 5637 4337 1977 2360 1280 889 8797 4433 4364 1300
cat_boundaries=0 12 24 26 27 41 43 56 69 71 73 87 89 91 105 107 109 111 125 138 152
cat_threshold=1073741888 65536 2214592576 0 0 2560 0 0 8 608 2228224 268435464 0 0 0 2147483664 1073741824 0 0 0 134217728 0 8 64 12583424 36 2 2097164 1074003968 536870912 268476480 557120 1280 512 134217728 65536 2755600 1073741824 4096 11534608 4 1328054404 2515 2181070864 117445684 0 2097153 0 536870912 0 0 536870912 8388618 201326640 36100 67149856 2147483664 143380 4097 641 8 5 128 49216 0 258 48 19398656 24576 272699456 442880 3410600768 278546 33554432 25652 1 0 1130496 16777280 0 1342177280 0 3 276824192 2167963648 16386 19 2185495442 280128 538738692 8192 2129920 75503616 0 0 256 536870912 0 65536 536870912 4195328 67108864 1536 2214625308 4 18351108 196904 537395232 2 9856034 77860 50614272 10487840 0 2097156 8388608 64 0 0 6144 1097728 838926464 2147492624 2147483652 1 4096 77597728 0 2097152 8519680 536870912 0 0 2048 32768 301990016 2147485456 36 0 6144 0 0 524288 0 0 0 0 525312 67108864 1536 2147483648 4
is_linear=0
shrinkage=0.045


Tree=164
num_leaves=23
num_cat=17
split_feature=0 0 3 3 0 0 3 0 0 5 3 5 0 0 3 5 3 5 3 0 5 0
split_gain=2.3802 1.00458 0.995308 0.668379 2.03363 2.0195 2.15299 1.30893 1.13797 1.02528 0.988831 0.944319 1.30276 1.14339 1.10722 0.794608 0.791597 0.783512 0.906006 0.877517 0.778884 0.732769
threshold=0 1 2 3 4 5 6 7 8 1.2424533248940004 9 3.3140206880897671 10 11 12 3.5408542930527882 13 4.3882378946731615 14 15 2.6735537653587347 16
decision_type=9 9 9 9 9 9 9 9 9 8 9 8 9 9 9 10 9 10 9 9 10 9
left_child=2 -2 -1 5 -5 6 15 -7 10 -9 -6 12 -11 16 20 -3 -13 18 -15 -19 -14 -18
right_child=1 3 -4 4 8 7 -8 9 -10 11 -12 13 14 17 -16 -17 21 19 -20 -21 -22 -23
leaf_value=-0.45582378028479165 129.0170199437427 23.379096404206368 -103.30536442057004 -39.110205939279382 22.361879454319684 -44.73220805017047 -3.1646948366075467 97.089933271905821 1.1408421218943323 -153.25018060604015 5.4331016055860966 -45.178669784449141 537.42244650795931 -34.766713670934436 -62.900763169718957 97.105886442158592 -29.79599007665778 -0.54794245247471818 8.0752411864027458 52.452565258688743 1.8918917601992573 12.064002169188329
leaf_weight=341 104 103 668 968 217 1194 377 202 9515 329 1351 1743 36 907 632 170 681 728 740 784 89 1096
leaf_count=341 104 103 668 968 217 1194 377 202 9515 329 1351 1743 36 907 632 170 681 728 740 784 89 1096
internal_value=-0.000163534 -6.47021e-05 -0.00228746 -8.68165e-05 0.000137651 -0.000362365 0.00203927 -0.000535213 0.000311085 -0.000325418 0.00142975 -0.00040846 -0.00163787 -0.000208129 -0.000567621 0.00500526 -0.00076444 0.00041296 -0.000264707 0.00115324 0.00312044 -9.30698e-05
internal_weight=22975 21966 1009 21862 12051 9811 650 9161 11083 7967 1568 7765 1086 6679 757 273 3520 3159 1647 1512 125 1777
internal_count=22975 21966 1009 21862 12051 9811 650 9161 11083 7967 1568 7765 1086 6679 757 273 3520 3159 1647 1512 125 1777
cat_boundaries=0 13 25 27 29 42 55 57 71 85 87 100 113 115 117 119 132 145
cat_threshold=1082130448 65536 0 268435536 1073742336 324 896 1342193664 8 2564 2228232 268435464 9568256 64 262144 67108864 0 0 0 0 0 134217728 0 0 64 12616230 8332 776401958 3819 2181124100 1073741824 1073741824 2129920 1065024 16778240 0 9216 2048 3162112 16 8225 2125952 2181124096 0 1073741824 2097156 1048576 0 0 8256 2048 2113792 0 532513 28800 132130 648 20971528 1140 0 128 268435716 570425344 0 32768 4096 4228096 335544320 16779280 0 5 20971520 8388688 2147487873 8320 285343748 4096 0 32768 5120 4227345 4096 16780416 1025 16 16779520 458768 32768 0 536870912 0 9043968 1024 0 0 0 4096 134217728 1152 2214628368 2359296 75511808 4097 0 159940616 0 0 65536 536870916 655368 167776400 2147517568 544 537137154 2048 570463270 2568 671515682 704 0 50462720 0 1 0 0 0 0 33792 0 16777248 3145728 33805 2097152 75507712 4096 0 142639104 0 0 65536 0 0 33558528 32768 512
is_linear=0
shrinkage=0.045


Tree=165
num_leaves=23
num_cat=19
split_feature=0 0 2 0 3 3 0 0 3 3 0 0 0 3 5 0 3 3 0 5 0 5
split_gain=2.44653 1.16228 0.77573 1.35496 0.986792 0.905167 1.0347 0.79021 1.19128 0.913542 2.9878 1.41529 1.14502 1.01213 0.975989 0.882836 1.61877 1.13604 1.0559 1.08533 0.95186 0.835595
threshold=0 1 2 3 4 5 6 7 8 9 10 11 12 13 6.6234007758748676 14 15 16 17 3.7494348669884658 18 3.6505739029280164
decision_type=9 9 9 9 9 9 9 9 9 9 9 9 9 9 10 9 9 9 9 8 9 8
left_child=-1 -2 3 4 -3 6 -5 8 -4 10 -9 13 -12 -11 -15 16 21 20 -19 -20 -17 -13
right_child=1 2 7 5 -6 -7 -8 9 -10 11 12 15 -14 14 -16 17 -18 18 19 -21 -22 -23
leaf_value=-66.013834040998802 50.117740161040963 -30.763700408930251 18.414679505370611 1.2257398078306643 -180.93449842439787 5.6885108020246831 -48.367812427004665 -37.974135487948423 -90.56358317018794 -83.638776988766637 108.09012102709355 -43.124746832673175 20.916361929253032 -12.618892550462066 68.73043287689103 -26.479690092987411 -25.530615134410429 -2.7110880276398852 -6.9512732522257732 44.391123864717926 36.207230738901188 14.944528592879678
leaf_weight=648 119 391 390 1301 420 1924 1319 1157 847 369 305 481 1826 2587 35 222 1581 3232 400 856 947 1618
leaf_count=648 119 391 390 1301 420 1924 1319 1157 847 369 305 481 1826 2587 35 222 1581 3232 400 856 947 1618
internal_value=-0.000149825 -6.99012e-05 -9.47806e-05 -0.00056596 -0.00224727 -0.000260756 -0.000803572 5.52317e-05 -0.00103403 0.000142244 0.000807272 -3.57385e-05 0.00180378 -0.000885615 -0.000567199 0.000237297 -0.000304714 0.000589785 0.000261999 0.00136277 0.00183277 0.000513736
internal_weight=22975 22327 22208 5355 811 4544 2620 16853 1237 15616 3288 12328 2131 2991 2622 9337 3680 5657 4488 1256 1169 2099
internal_count=22975 22327 22208 5355 811 4544 2620 16853 1237 15616 3288 12328 2131 2991 2622 9337 3680 5657 4488 1256 1169 2099
cat_boundaries=0 13 25 26 39 41 43 56 70 72 74 87 101 115 117 131 133 135 148 161
cat_threshold=1073741824 262208 67108864 268435472 1073741832 512 256 0 8 512 2228232 268435464 1572864 16793664 1073741824 64 0 0 0 0 0 134217728 0 0 64 3 48398336 4096 0 0 134217984 33554432 0 65536 536870912 2155892752 218103808 32768 16 2697593392 135176 1332085318 416973 65536 0 3221225472 128 131076 0 0 8192 0 1073741832 0 2147485316 2147484673 33554432 2147565600 0 2147484161 180224 4160 640 268443648 524288 18876480 8454144 131073 262272 2 4197440 75916 1075905434 17472 262144 85985296 1 2097152 143654912 4 0 0 4100 13684744 167772160 1048596 4616 4194304 8520704 536870912 8192 2416509696 536872193 0 32768 536903680 524323 603979776 2097152 2214626304 1 2097152 8396800 0 8192 268435712 0 0 0 32768 2 603979776 40960 0 4 880803844 41234 2097160 35665924 0 4 1048576 0 0 134300672 5120 1049864 402653184 2165866624 10240 4 73157636 170887 562040832 303162 294912 83886096 4225 2097152 142606336 33554432 0 0 4 79843328 33554432 12548 16920 16 16777216 0 2097152 0 0 0 0 0 49152 16777216 3088 4
is_linear=0
shrinkage=0.045


Tree=166
num_leaves=23
num_cat=19
split_feature=0 0 3 5 3 0 0 0 5 0 3 0 3 1 2 0 4 3 5 3 4 0
split_gain=2.38158 0.957617 0.770374 0.766604 0.550335 2.12564 1.63048 1.34897 1.37843 1.2575 1.16788 1.10737 0.879663 0.637906 0.630462 0.992022 0.677105 0.626323 0.609798 0.573174 0.563788 1.27485
threshold=0 1 2 4.3107766033702406 3 4 5 6 3.7494348669884658 7 8 9 10 11 12 13 14 15 6.9777449340088582 16 17 18
decision_type=9 9 9 8 9 9 9 9 10 9 9 9 9 9 9 9 1 9 10 9 1 9
left_child=2 3 -1 -2 5 -3 10 8 -7 12 11 -6 -8 -13 15 16 -12 -10 20 -16 21 -9
right_child=1 4 -4 -5 6 7 9 18 17 -11 14 13 -14 -15 19 -17 -18 -19 -20 -21 -22 -23
leaf_value=-9.8145499035436803 55.956765529412699 -46.561687790349808 -89.79724838618688 563.81991771867922 -25.859849341191605 -19.799248762547133 -115.90416689389693 -52.995926713475427 78.432987178113308 0.14443372268293267 93.743438360801505 19.475606007276429 -0.085627208568711005 54.439871817892275 4.2236404102915257 1.3949771522966958 3.6613580422125716 142.79908387910837 77.084298647256219 -88.739289244169086 3.9678128431566546 2.2309994661792283
leaf_weight=514 75 1557 471 38 101 259 627 1960 104 11764 141 205 394 137 218 567 71 305 48 251 1582 1586
leaf_count=514 75 1557 471 38 101 259 627 1960 104 11764 141 205 394 137 218 567 71 305 48 251 1582 1586
internal_value=-0.000173327 -7.5676e-05 -0.00232447 0.003852 -9.8064e-05 -0.000413396 6.33617e-05 -1.84437e-05 0.00186618 -0.000110769 0.0013714 0.00333297 -0.00161617 0.00455085 0.000649999 0.00142794 0.00397768 0.0035146 -0.000265421 -0.000645531 -0.000314036 -0.000629088
internal_weight=22975 21990 985 113 21877 7401 14476 5844 668 12785 1691 443 1021 342 1248 779 212 409 5176 469 5128 3546
internal_count=22975 21990 985 113 21877 7401 14476 5844 668 12785 1691 443 1021 342 1248 779 212 409 5176 469 5128 3546
cat_boundaries=0 14 27 29 31 45 59 73 87 89 101 103 105 106 118 119 120 122 123 136
cat_threshold=1073741888 1082458112 67108864 268435520 1073741824 256 896 1342177280 8 2561 69337088 268435464 524288 16 0 64 0 0 0 0 0 0 134217728 16 0 64 262144 3233809968 82084 778452006 265427 12615696 9264 1 4 269091072 536870912 0 0 4 165122 268435472 35072 67125792 5 27262992 1024 2147483777 4 2147615244 536875009 0 49152 1024 34112 16 2304 131073 4 33820672 33685504 536870912 8193 1048576 1024 0 134226944 34816 1572864 0 532513 8403968 2 33837060 0 536870912 8192 16448 16780288 0 134225920 34816 1074790404 536936448 655393 10489856 2 1091584000 164392 2097152 1024 0 0 4 0 0 0 0 256 0 2048 2155921424 69932 1310980 1036 38 0 1024 0 0 516 1 0 32768 0 1024 0 2304 4 37879810 622608 65540 4 2097152 83890180 0 2097280 142639108 0 0 65536 536871936 6291464 167772160 5124 32797
is_linear=0
shrinkage=0.045


Tree=167
num_leaves=23
num_cat=18
split_feature=0 0 0 3 3 0 0 5 5 2 1 3 0 0 5 3 0 3 5 2 1 3
split_gain=2.04296 1.34227 0.637335 1.76905 0.662147 1.54915 1.30642 0.866846 0.854596 0.977321 0.850459 1.56858 1.80864 0.987243 0.819319 0.940827 0.726331 0.713846 0.68554 1.27504 0.939571 0.695121
threshold=0 1 2 3 4 5 6 7.111919780603535 3.1132683346437333 7 8 9 10 11 4.2972622671762819 12 13 14 4.3882378946731615 15 16 17
decision_type=9 9 9 9 9 9 9 10 8 9 9 9 9 9 10 9 9 9 8 9 9 9
left_child=-1 -2 3 -3 5 8 -6 16 -4 17 -8 12 -12 -13 15 -15 -7 -10 20 -20 21 -18
right_child=1 2 4 -5 6 7 10 -9 9 -11 11 13 -14 14 -16 -17 18 -19 19 -21 -22 -23
leaf_value=-90.562742881524429 183.07578813775808 7.8113814469098397 276.5681215697648 -36.400973572156538 -30.485844235852998 -47.999687919949665 0.52476704314404576 82.305182808525757 -120.34810883866038 -36.286248758034382 -16.561843294794496 2.1958256462144652 56.857685941031519 -17.304113906241842 202.69145055420964 111.65010466370718 -34.522162210646833 75.266418938743442 8.0956388010750171 -48.090392470722499 -74.74458599621164 10.977111295106068
leaf_weight=542 100 794 73 987 1792 2026 9548 51 106 345 893 327 858 137 270 196 231 495 1204 505 1030 465
leaf_count=542 100 794 73 987 1792 2026 9548 51 106 345 893 327 858 137 270 196 231 495 1204 505 1030 465
internal_value=-0.000159617 -9.2828e-05 -0.00011741 -0.000931122 -4.63928e-05 -0.000420221 0.000127947 -0.000718502 0.00118283 0.000825948 0.00029446 0.00100093 0.000201644 0.00248408 0.00356341 0.00210895 -0.000775125 0.0019013 -0.000372064 0.000265633 -0.00100521 0.00027966
internal_weight=22975 22433 22333 1781 20552 6531 14021 5512 1019 946 12229 2681 1751 930 603 333 5461 601 3435 1709 1726 696
internal_count=22975 22433 22333 1781 20552 6531 14021 5512 1019 946 12229 2681 1751 930 603 333 5461 601 3435 1709 1726 696
cat_boundaries=0 13 26 39 41 43 57 71 72 74 76 87 97 98 111 113 114 116 118
cat_threshold=1090523136 0 2147483648 268435456 512 2049 256 0 0 512 2228224 268435464 524288 0 0 0 0 1073741824 0 0 0 134217728 0 65536 64 2097152 37781520 81984 0 2147484352 49408 33554496 512 1342177280 32776 1141901332 75497472 2048 1152 173541594 199180 779499076 133635 2147762176 83886080 0 8193 16777216 0 0 134225920 0 32768 134221840 2165317633 4098 2 262212 1090519040 0 20 2164326464 1024 0 134291456 0 57408 134217744 1056768 9437730 3 84 268441627 77643 2147518520 94628 0 69468160 1073741825 2105345 402653184 4 128 16384 66560 4096 128 2097152 109051904 1073741824 0 131072 536871168 0 0 0 5376 25182208 10551296 146480 536870912 0 402653196 536870912 0 32768 536870912 2753544 318767232 524544 32772 572530688 131584 84 267376 1030 35786752 133634
is_linear=0
shrinkage=0.045


Tree=168
num_leaves=23
num_cat=21
split_feature=0 3 0 4 3 0 0 3 0 0 3 3 0 0 0 3 0 3 1 0 2 5
split_gain=2.04483 1.35155 0.888245 0.666614 1.66411 2.67561 2.02108 1.42861 2.46841 1.81023 1.83936 0.99505 1.74085 1.49424 0.938492 0.866626 0.926462 0.876977 0.891306 0.86228 1.22239 1.00803
threshold=0 1 2 3 4 5 6 7 8 9 10 11 12 13 14 15 16 17 18 19 20 6.4960202730614363
decision_type=9 9 9 1 9 9 9 9 9 9 9 9 9 9 9 9 9 9 9 9 9 10
left_child=1 -1 -2 4 6 -6 -4 8 -5 10 -9 13 -13 -11 -8 -7 -17 18 -18 -10 21 -21
right_child=2 -3 3 7 5 15 14 9 19 11 -12 12 -14 -15 -16 16 17 -19 -20 20 -22 -23
leaf_value=-1.6050654406516491 61.692660447993603 -42.901148569373419 41.506342132886488 -134.75685961545514 -24.136994001930965 263.83241972063615 -69.221718263668492 -4.586351860607861 23.813423571478442 54.868797507615049 26.70805350836962 -69.160439397841287 -0.94781532847393202 -2.3572582648876406 -27.045556127602435 4.6554313901212341 73.074862943036365 0.51556042682169656 235.64129593664254 -59.566562057092902 17.008655233596993 59.995062141669493
leaf_weight=721 137 807 744 943 1265 292 516 723 544 1059 927 1435 4237 2168 1329 1407 410 519 553 1807 373 59
leaf_count=721 137 807 744 943 1265 292 516 723 544 1059 927 1435 4237 2168 1329 1407 410 519 553 1807 373 59
internal_value=-0.000163534 -0.0017474 -4.97005e-05 -7.38684e-05 0.000284566 0.000811574 -0.000621108 -0.000250579 -0.00100642 1.74689e-05 0.00138087 -0.000236843 -0.000595356 0.000393176 -0.00141761 0.00150658 0.00125801 0.00204217 0.00284769 -0.000326835 -0.000717682 -0.0011885
internal_weight=22975 1528 21447 21310 7035 4446 2589 14275 3726 10549 1650 8899 5672 3227 1845 3181 2889 1482 963 2783 2239 1866
internal_count=22975 1528 21447 21310 7035 4446 2589 14275 3726 10549 1650 8899 5672 3227 1845 3181 2889 1482 963 2783 2239 1866
cat_boundaries=0 13 15 27 28 30 44 58 60 74 87 89 91 105 119 132 134 148 150 152 166 167
cat_threshold=1073741840 327744 100663296 2097216 1342177536 64 640 1342193728 32776 2560 69402624 285214728 524288 1082737182 66188 16793600 0 2147483648 4 0 0 0 0 134217728 0 0 64 2 2722644786 280064 0 69233684 1 0 1048576 536870912 0 0 1024 258 285212672 2151195268 2155888646 1 0 67111952 0 0 8912896 0 0 0 0 8914184 16777216 2148016900 8388628 5 1243874436 35269 35913728 117440532 536870912 128 557056 536871936 0 0 0 13141000 4240 1048836 1081984 1 33619968 2164391956 536875009 128 1049088 4101 0 32768 0 4194563 16777400 3145728 49281 2958152264 409632 2421229912 156672 12881920 35654656 0 8192 688132 33555456 0 134217728 65536 1074823184 134217728 524288 67112456 2 8421376 33554432 0 8193 134381572 570426368 0 134217728 0 1076887560 134217728 557189 67119630 1 33587208 16781312 0 0 1081344 536870912 0 0 536870916 2101248 167772160 2098176 24576 1073741828 43024 0 16777248 0 0 142606336 1024 0 65536 0 4215880 536870912 256 35352 2 134254784 4484 540752 74753 0 0 0 0 1179648 0 0 0 2048 1074790402 0 2150105616 9216 6 7
is_linear=0
shrinkage=0.045


Tree=169
num_leaves=23
num_cat=20
split_feature=0 3 0 5 2 0 0 3 5 0 3 0 3 0 0 3 0 3 1 3 0 3
split_gain=2.16746 1.06622 0.859303 0.708926 0.612285 0.785261 0.632067 1.38733 0.631804 2.27373 1.90696 1.86576 1.64651 1.83064 1.44367 1.35949 2.10917 1.3098 1.24729 1.24051 1.11058 1.18121
threshold=0 1 2 5.2600927804663344 3 4 5 6 4.0689902272260703 7 8 9 10 11 12 13 14 15 16 17 18 19
decision_type=9 9 9 8 9 9 9 9 8 9 9 9 9 9 9 9 9 9 9 9 9 9
left_child=1 3 -2 -1 5 -4 7 -6 9 10 -8 17 13 -11 -14 16 -13 -10 -18 -16 -17 -22
right_child=2 -3 4 -5 6 -7 8 -9 11 12 -12 15 14 -15 19 20 18 -19 -20 -21 21 -23
leaf_value=58.151414758393265 14.208019711850451 -71.155947680307008 -57.991761210518163 -107.38796795402618 12.019833684883471 243.26166317411608 -9.7795652962819712 -26.27442769383077 7.9029954962632827 59.852230547147066 70.753523722322186 -0.62031726856018332 -99.482052826724228 -3.3261614189449933 -66.606033079708027 -5.3710343909319134 32.317038205283005 -37.79007616330383 189.84277630294443 0.50298091382329913 33.745965779848213 -1.2794820266307398
leaf_weight=180 154 837 137 74 377 265 497 1647 1116 379 859 985 1417 1294 1111 3490 957 1838 409 1683 1538 1731
leaf_count=180 154 837 137 74 377 265 497 1647 1116 379 859 985 1417 1294 1111 3490 957 1838 409 1683 1538 1731
internal_value=-0.000179202 -0.00212557 -8.09748e-05 0.000439849 -0.000105557 0.00160869 -0.000138755 -0.000892928 -5.91748e-05 -0.000391468 0.00126316 0.000140228 -0.000773916 0.000419287 -0.00124781 0.00045878 0.00138828 -0.000840527 0.00252758 -0.000647898 0.000133583 0.000728283
internal_weight=22975 1091 21884 254 21730 402 21328 2024 19304 7240 1356 12064 5884 1673 4211 9110 2351 2954 1366 2794 6759 3269
internal_count=22975 1091 21884 254 21730 402 21328 2024 19304 7240 1356 12064 5884 1673 4211 9110 2351 2954 1366 2794 6759 3269
cat_boundaries=0 13 15 28 29 41 54 56 70 72 86 88 101 115 117 130 132 134 136 150 152
cat_threshold=1090519052 327680 67108864 64 1342177280 512 896 16384 4104 16777729 69402624 268437512 1572864 8389144 65544 0 0 64 0 0 0 0 1024 134217728 0 0 64 1024 32 0 0 0 0 32768 0 0 0 1024 0 268435456 2621440 33816576 2157985888 0 270533120 16640 33554496 0 1342177280 32772 70780934 41943040 0 128 1082130594 73888 2157985792 16908304 4096 41088 134348808 0 0 41024 1024 131088 4128 2149580929 135681 4 642879494 152104 2155888640 139268 2147487744 2147491840 16809992 16777476 0 40960 536871936 131088 4128 2147516689 544 4 2438009330 237888 0 67122176 0 0 0 536870912 0 65536 536870912 4194312 0 16809984 2048 32768 67109888 536870912 0 0 536871936 0 65536 65536 1086342152 805306368 17830404 2147502086 1 1354336584 50712 0 50338816 1 4 143261696 0 0 65536 0 1073746176 134217728 2630656 2147493888 151128728 4119 262208 3118 1856564232 1 2097168 83886096 0 16 2291270144 536871937 0 0 65536 4194376 1207959552 1574020 32792 3 671106182 137253
is_linear=0
shrinkage=0.045


Tree=170
num_leaves=23
num_cat=20
split_feature=0 3 0 2 0 3 0 3 3 0 0 0 2 1 3 0 0 5 3 5 0 0
split_gain=2.1887 1.22303 0.890689 0.716678 2.41653 2.37218 1.34338 1.53502 1.35559 1.91203 1.88998 1.40253 1.37676 1.16601 1.10573 0.954563 0.951743 1.16862 0.871157 1.12798 0.871058 0.86913
threshold=0 1 2 3 4 5 6 7 8 9 10 11 12 13 14 15 16 3.6242520361853052 17 5.2067464199591091 18 19
decision_type=9 9 9 9 9 9 9 9 9 9 9 9 9 9 9 9 9 8 9 8 9 9
left_child=1 -1 -2 4 14 15 7 -5 9 -8 -10 -12 -13 -7 16 -6 -4 -18 19 -17 -20 -11
right_child=2 -3 3 6 5 13 8 -9 10 21 11 12 -14 -15 -16 18 17 -19 20 -21 -22 -23
leaf_value=-2.2364131715052924 2.6791087884954656 -89.943104166957397 -33.222732075440689 -64.37445287602381 154.93466716183377 60.949976187508057 -33.517700617697123 -3.1361911305325556 -12.370997667515619 10.272321895121184 2.4101756400571013 42.263771617757989 -103.69703784722341 -30.373993697514532 -30.916476207761455 28.17784421648852 266.45376448006107 36.281670018889443 -87.39515934694613 404.04818321987523 84.221027781210779 -1.9951000936611818
leaf_weight=522 301 712 120 1268 235 473 2441 1786 1649 524 3065 1545 224 886 1219 362 54 185 208 144 799 4253
leaf_count=522 301 712 120 1268 235 473 2441 1786 1649 524 3065 1545 224 886 1219 362 54 185 208 144 799 4253
internal_value=-0.000202704 -0.00203692 -9.74359e-05 -0.000132157 0.000359271 0.0010864 -0.000269727 -0.00112133 -7.90866e-05 -0.000502906 0.00039284 0.000841311 0.001847 -0.000324946 -0.00106981 0.00217841 0.00110377 0.00270717 0.00173213 0.00324903 0.000940627 2.1611e-05
internal_weight=22975 1234 21741 21440 4685 3107 16755 3054 13701 7218 6483 4834 1769 1359 1578 1748 359 239 1513 506 1007 4777
internal_count=22975 1234 21741 21440 4685 3107 16755 3054 13701 7218 6483 4834 1769 1359 1578 1748 359 239 1513 506 1007 4777
cat_boundaries=0 13 15 28 29 43 45 59 61 63 76 90 103 104 106 108 121 133 135 148 161
cat_threshold=1073741836 1073807360 2147483648 64 524 0 896 134234112 4104 16778788 1143078912 285212680 9961472 12617232 81932 16793600 2147483648 536871040 0 1073741824 4 0 0 134217728 0 0 64 1024 240 33587200 83904624 1 2147483648 143753472 0 0 65536 32772 6291456 402653184 2752512 155648 4 3903157782 145476 8650768 33693696 0 512 256 33556544 0 268443648 2048 1579026 33619968 1048576 2103566 1 2720881582 448768 778232916 470095 2147483648 75501568 67112960 2097168 1572864 536875264 0 0 1024 71467264 830472320 4480 2214593168 37851137 2359296 1073741824 132 147520 16777216 0 1073807360 0 1082146817 4096 2147518484 40992 2 0 16782340 4096 8193 143130624 536871936 0 0 536903680 2097224 687865856 1537 2147500561 6 1074282596 2058 557248 65588 0 12288 0 0 524288 0 0 0 0 0 33554432 0 2147484160 0 16793616 0 0 0 0 0 0 4 0 402653184 2097152 3758370836 10240 0 4 0 0 0 0 0 0 0 4096 0 1057792 16 4263937 0 0 4 131072 0 0 65536 0 1073741825 0 2129940 8192
is_linear=0
shrinkage=0.045


Tree=171
num_leaves=23
num_cat=19
split_feature=0 0 3 0 0 3 2 1 3 5 3 0 4 3 0 0 5 5 0 0 3 3
split_gain=2.22736 1.07418 0.824931 0.608625 0.592577 1.18547 0.669591 0.588223 1.30197 2.42429 0.756294 0.819764 0.68714 0.667659 0.768162 0.763723 0.862544 0.558459 1.8817 1.52807 2.09551 1.57119
threshold=0 1 2 3 4 5 6 7 8 4.5271940351011493 9 10 11 12 13 14 3.1984648276080736 4.7050052835523761 15 16 17 18
decision_type=9 9 9 9 9 9 9 9 9 8 9 9 1 9 9 9 8 8 9 9 9 9
left_child=2 -2 3 -1 5 6 -3 8 9 -6 11 -9 -13 14 -10 -15 -17 18 -12 20 -19 -21
right_child=1 4 -4 -5 7 -7 -8 10 13 -11 17 12 -14 15 -16 16 -18 19 -20 21 -22 -23
leaf_value=11.629021076290741 136.43187604476304 -9.5441456313318778 -100.17083259372222 -115.41537768836429 302.25422882795675 -14.885155410398566 51.190756972928213 29.456467060784359 -89.294146407055578 -4.1541056238528737 -47.871542277783206 -89.65316355684007 0.74831960351143456 -2.9927942559749505 0.57618172706982307 485.47289628346562 46.37279258279424 77.075871055059636 1.0410463850043685 7.2764402807984716 0.28443562254015958 -20.012927700769271
leaf_weight=201 109 132 545 279 59 1941 231 117 107 61 2861 729 287 337 381 44 361 1055 7238 2262 1428 2210
leaf_count=201 109 132 545 279 59 1941 231 117 107 61 2861 729 287 337 381 44 361 1055 7238 2262 1428 2210
internal_value=-0.000196828 -0.000100402 -0.00223481 -0.000823172 -0.00012376 -0.000804405 0.001524 -4.30468e-05 0.00085903 0.00511364 -0.000110529 -0.00123013 -0.00164592 0.00039855 -0.000882001 0.00124138 0.00253597 -3.53345e-05 -0.000249036 0.000274902 0.00116693 -0.000222793
internal_weight=22975 21950 1025 480 21841 2304 363 19537 1350 120 18187 1133 1016 1230 488 742 405 17054 10099 6955 2483 4472
internal_count=22975 21950 1025 480 21841 2304 363 19537 1350 120 18187 1133 1016 1230 488 742 405 17054 10099 6955 2483 4472
cat_boundaries=0 13 25 27 40 53 55 56 58 60 62 75 76 78 88 97 111 125 127 129
cat_threshold=1073741848 1073807360 33554496 0 16777732 512 896 1476427840 4104 16779776 1075970048 268435464 1703936 16384 0 0 0 1073741824 0 0 0 134217728 16 0 64 12617332 84484 16 65536 0 0 16777220 0 512 1207992320 0 0 1075970048 0 1048576 37752832 75513952 0 2415919744 49408 1088 0 0 33796 70254598 578813952 2048 128 3255828610 139304 82 1610612832 144 137363488 18 840957952 2051 0 0 0 0 134217728 0 0 0 0 0 4096 512 2147483664 4 2172830272 90272 0 262144 1610616832 4 0 0 0 0 65536 1073741824 0 18874368 603979777 80 0 0 0 0 2048 294976 0 0 2105344 268501056 33556480 0 65536 0 8962112 469766280 1052672 2147516428 3 32768 4112 0 0 269549568 33558528 0 65536 0 12632128 469762176 2625556 2214637580 1 139461986 95136 1209784984 426004
is_linear=0
shrinkage=0.045


Tree=172
num_leaves=23
num_cat=19
split_feature=0 0 3 4 3 0 0 0 3 0 0 0 5 3 0 3 5 0 3 2 5 1
split_gain=2.0013 1.19414 0.846429 0.633694 1.40749 2.68382 1.64702 1.40607 1.70642 1.50072 1.29482 1.02925 1.00562 0.911307 1.25855 0.909452 0.850185 0.827448 1.78942 0.703719 0.67727 0.745654
threshold=0 1 2 3 4 5 6 7 8 9 10 11 5.4094089116575796 12 13 14 4.0342014792848504 15 16 17 6.4960202730614363 18
decision_type=9 9 9 1 9 9 9 9 9 9 9 9 10 9 9 9 10 9 9 9 10 9
left_child=2 -2 -1 7 5 19 -6 15 9 16 -10 -7 -11 14 -12 -3 -9 18 -8 -5 21 -13
right_child=1 3 -4 4 6 11 17 8 10 12 13 20 -14 -15 -16 -17 -18 -19 -20 -21 -22 -23
leaf_value=3.9907589775433085 35.154324123466267 -75.904629628851126 -51.204700024918544 -1.9641074430686052 -33.63566626085786 -33.023072986991131 -28.748947631357471 54.214629217724507 -21.623857243533585 3.6938798298817312 -10.663950752526057 17.448818072896149 867.45775799847377 -12.120479643984702 91.057718632820951 -1.2002253156273071 420.94645640906134 0.60326884140922088 17.894916412151812 -120.19438168975212 30.806033320260223 -23.01761198325282
leaf_weight=324 111 620 1076 207 1193 1499 392 203 1325 1330 460 1089 117 890 711 1150 172 7236 828 1102 54 886
leaf_count=324 111 620 1076 207 1193 1499 392 203 1325 1330 460 1089 117 890 711 1150 172 7236 828 1102 54 886
internal_value=-0.000175285 -6.77502e-05 -0.00181657 -9.30352e-05 -0.00026277 -0.000888122 5.17017e-05 0.000259168 0.000631033 0.00173719 3.17823e-05 -0.000238984 0.00105792 0.000735889 0.00155579 -0.000833334 0.00424419 0.000273145 0.00135146 -0.00261961 0.000421116 0.000284521
internal_weight=22975 21575 1400 21464 14486 4837 9649 6978 5208 1822 3386 3528 1447 2061 1171 1770 375 8456 1220 1309 2029 1975
internal_count=22975 21575 1400 21464 14486 4837 9649 6978 5208 1822 3386 3528 1447 2061 1171 1770 375 8456 1220 1309 2029 1975
cat_boundaries=0 13 25 27 28 30 44 57 71 73 86 99 113 115 129 131 144 146 147 149
cat_threshold=1073741840 2147549184 67112960 20 1073741824 64 640 1476427776 98312 2566 1109524480 268435464 1179648 16777280 1073741824 64 0 0 0 0 64 134217728 0 0 64 12587012 98852 2 1311114276 43478 2097152 50331684 536870913 2097152 557316 536871936 0 0 536871936 10518536 67108880 4096 67152532 4 8671232 10487808 0 40961 16777280 5376 0 73728 2048 1073759248 671154176 1056800 2101504 33554432 8416308 1 0 1130496 16777216 0 65536 4 67108897 293601408 2165866496 16386 2 1093014752 113112 2129920 16777216 0 2097152 8388608 536872192 0 0 0 2097152 0 2098176 67146240 294920 16777216 0 2097152 142606336 536871168 0 0 536870912 6307840 0 2098944 2214629892 2147516416 67114000 1073741824 128 135266304 0 0 0 0 4723968 150999040 35205 41 1 680099842 131108 0 69206016 0 0 0 1024 0 0 1024 524544 0 8192 2072 5 592629824 90712 2151743488 17178644 1073741825 2097664 2148532736 536870913 0 16384 0 257 83886096 2097152 49280 827398208 147488 145 1610613989 3072
is_linear=0
shrinkage=0.045


Tree=173
num_leaves=23
num_cat=19
split_feature=0 0 3 5 0 3 0 3 3 5 0 0 0 3 4 0 0 3 5 0 3 0
split_gain=1.97103 1.23158 0.878563 0.694618 3.24263 2.05577 1.55266 1.67472 1.47419 1.11122 1.00111 0.97001 0.76378 0.733495 0.728947 0.700967 0.69689 1.9602 1.78461 0.768509 0.738652 2.39028
threshold=0 1 2 3.3140206880897671 3 4 5 6 7 2.8029010331479989 8 9 10 11 12 13 14 15 5.5965666693001079 16 17 18
decision_type=9 9 9 8 9 9 9 9 9 10 9 9 9 9 1 9 9 9 8 9 9 9
left_child=2 -2 -1 4 5 9 7 10 15 -3 -5 -10 -7 14 -13 -6 17 -8 19 -19 21 -18
right_child=1 3 -4 6 8 12 16 -9 11 -11 -12 13 -14 -15 -16 -17 20 18 -20 -21 -22 -23
leaf_value=-2.1087762281114912 19.415572752388883 156.18713262407564 -142.16163446338484 48.038543309662906 -8.3451968453715963 -104.43926824125737 -12.981705649420274 -55.232618681227855 -73.478909880658961 13.566803281095225 -48.454281141311597 -37.218286695012544 5.3441063418630241 97.126813197091437 32.620086836465489 -127.1202870486501 -65.723263683028577 122.86625140245705 -50.046688129682948 34.198614144022265 1.4967051099276987 7.1269771829523458
leaf_weight=359 110 266 458 372 206 220 691 1175 314 230 315 287 395 279 207 951 1222 116 144 562 12703 1393
leaf_count=359 110 266 458 372 206 220 691 1175 314 230 315 287 395 279 207 951 1222 116 144 562 12703 1393
internal_value=-0.000163534 -8.28157e-05 -0.00231785 -0.000107707 -0.000703754 0.00127827 -7.23191e-07 -0.00122946 -0.00168351 0.00340157 0.000534334 -0.000479073 -0.000466508 0.000384075 -0.000658104 -0.00279855 0.00013599 0.00105344 0.00252518 0.00352059 4.46173e-05 -0.000642369
internal_weight=22975 22158 817 22048 3355 1111 18693 1862 2244 496 687 1087 615 773 494 1157 16831 1513 822 678 15318 2615
internal_count=22975 22158 817 22048 3355 1111 18693 1862 2244 496 687 1087 615 773 494 1157 16831 1513 822 678 15318 2615
cat_boundaries=0 13 27 29 43 45 58 60 62 75 88 101 103 104 117 130 132 144 146 160
cat_threshold=1073741840 65536 0 268435472 1073741824 1 768 134266880 69640 512 2228224 268435464 9961472 64 0 64 0 0 0 0 1088 134217728 0 0 64 0 16 2160591440 67628 2156134400 141364 0 0 8388616 0 0 268443648 536871940 264 33554560 2147483920 3621 4 1082135634 198892 2147762180 96 2147483648 2147516416 32840 536871168 64 268443648 1028 1073873985 570425376 256 416 3242366272 10796 1248478220 297199 2147483648 32 0 0 32768 536870912 0 268435456 1024 1 536870912 256 128 0 1024 0 2097152 131328 0 0 0 0 5242882 134217728 2099712 67108888 2147483648 8228 0 0 0 0 0 0 0 8 0 0 3104 2709819952 4608 4 0 0 0 2097152 131072 0 0 65536 2048 1572864 4096 35840 8 37814273 2147762176 1677721728 65 131072 4 0 0 2048 16416 65544 524805 67138560 2709566036 205428 33619968 0 1610612736 1 0 0 0 0 2048 0 0 1 1445368070 2370 32768 25172992 1 0 524544 0 0 0 536870912 4751368 134221840 2147484816 2561 5
is_linear=0
shrinkage=0.045


Tree=174
num_leaves=23
num_cat=21
split_feature=0 0 3 2 0 3 0 3 0 3 3 5 0 3 0 0 0 3 0 0 3 3
split_gain=1.71643 0.960531 0.807873 0.583844 1.57316 1.38406 1.04688 1.28393 0.947226 1.61551 1.47758 1.23035 0.941724 0.859408 1.86778 1.80212 1.1802 1.17222 1.08544 0.986229 0.909775 0.823597
threshold=0 1 2 3 4 5 6 7 8 9 10 5.1387309967764621 11 12 13 14 15 16 17 18 19 20
decision_type=9 9 9 9 9 9 9 9 9 9 9 10 9 9 9 9 9 9 9 9 9 9
left_child=2 -2 -1 6 -5 12 7 -3 9 -7 -10 -11 -6 14 21 -15 20 -18 -19 -16 -17 -8
right_child=1 3 -4 4 5 8 13 -9 10 11 -12 -13 -14 15 19 16 17 18 -20 -21 -22 -23
leaf_value=-2.0588056030357107 17.032605738141157 -83.75421600293474 -110.28913548876808 -158.9239481702223 36.154094009116498 -8.3735785681781145 -7.8928460316563305 2.0372485153962026 -45.729768489829461 34.486323303659788 14.079042195398129 -10.830808208641761 -134.68628619548468 -9.6238105191425394 -3.3283285059776806 13.77025944125908 76.835054626029958 -33.483387700849377 10.868231278596618 11.633637404278343 -4.3053200020930209 -67.173567552999856
leaf_weight=537 141 831 590 492 132 959 1223 834 1418 690 1054 268 514 1923 2607 830 1194 421 962 2670 2015 670
leaf_count=537 141 831 590 492 132 959 1223 834 1418 690 1054 268 514 1923 2607 830 1194 421 962 2670 2015 670
internal_value=-0.000141991 -5.31118e-05 -0.00184504 -7.81124e-05 -0.000476892 -0.00023628 5.83611e-05 -0.00100626 5.21462e-05 0.000800154 -0.000528987 0.00209691 -0.0021611 0.000181213 -0.000169174 0.00052297 0.000942399 0.00163905 0.000732257 0.000266306 0.000307139 -0.00137717
internal_weight=22975 21848 1127 21707 5527 5035 16180 1665 4389 1917 2472 958 646 14515 7170 7345 5422 2577 1383 5277 2845 1893
internal_count=22975 21848 1127 21707 5527 5035 16180 1665 4389 1917 2472 958 646 14515 7170 7345 5422 2577 1383 5277 2845 1893
cat_boundaries=0 13 25 27 28 41 43 57 59 72 74 76 88 90 104 117 131 133 145 159 161 163
cat_threshold=1073741828 81920 0 20 0 536870977 256 1342210048 69644 2564 2228224 268435464 9453568 0 0 64 0 0 0 0 64 134217728 0 65536 16777280 2176844390 70316 116 2260992 1028 0 0 256 0 0 65536 0 2155892752 83886080 1048576 16 1109393412 281664 16384 48 536870912 2147484161 16957504 16782336 0 8192 524288 85984322 1619001344 131201 262144 2 27120310 4624 2181103616 4128 536870912 1 8519680 33554432 0 8192 0 264 184 4224 2147517473 912912 135331 768348682 135708 0 0 0 0 0 0 0 0 0 0 4096 1664 3166348388 467095 262144 8781824 4097 8192 270008320 256 128 134234112 33792 49161 385875968 2654464 2214594560 4 33554440 1142958144 0 2097152 142672384 2048 512 65536 2048 1184000 134217728 1052724 2135040 16809984 50598916 4096 0 1074790400 260 0 0 536870912 13139976 33554432 2629632 2147492490 1 1107561114 18688 4097 8388608 0 0 268435456 0 0 0 32768 16384 335544320 2147486720 4112 119544836 0 0 0 33554432 0 65536 536870912 13107200 0 2148540416 34320 1 17108992 18272 143130656 401540
is_linear=0
shrinkage=0.045


Tree=175
num_leaves=23
num_cat=18
split_feature=0 3 0 3 0 0 3 0 0 0 3 3 0 1 3 5 3 5 5 3 1 5
split_gain=1.80134 1.20149 1.07272 0.729044 2.47138 1.57551 1.42762 2.20277 1.38709 1.13587 1.01845 0.921856 0.86489 0.72535 0.735928 0.808175 0.610781 0.575359 0.566206 0.710076 0.538603 0.603941
threshold=0 1 2 3 4 5 6 7 8 9 10 11 12 13 14 3.9796379800581989 15 3.7256208424938388 6.5589065201527559 16 17 4.0163424379838117
decision_type=9 9 9 9 9 9 9 9 9 9 9 9 9 9 9 10 9 10 8 9 9 10
left_child=1 -1 -2 4 16 6 7 -5 10 11 -6 17 18 -10 15 -15 -4 -7 19 -8 -19 -22
right_child=2 -3 3 5 8 9 12 -9 13 -11 -12 -13 -14 14 -16 -17 -18 20 -20 -21 21 -23
leaf_value=-1.0007415641676309 155.46641354972257 -66.023105884413766 -53.756834744176714 7.2058246927730529 9.331268915068387 -43.870629497531695 84.380749729323966 103.5989924421558 116.20356657487929 1.0707931438835885 -36.063881712588426 -29.704962051569762 -4.4104571896422113 -159.10928184296975 8.6805217246179733 1.6281962752063344 -143.28918728949645 169.34913317517658 -21.401268683893111 0.14672006500514875 69.368679690559276 -3.6006793393755361
leaf_weight=717 101 784 869 254 657 182 274 206 375 10434 1677 1539 717 224 2590 289 456 104 38 205 53 230
leaf_count=717 101 784 869 254 657 182 274 206 375 10434 1677 1539 717 224 2590 289 456 104 38 205 53 230
internal_value=-0.000138074 -0.0016388 -3.22546e-05 -5.53436e-05 -0.000426145 0.000130754 0.00141383 0.00352754 -2.47263e-05 -4.37322e-05 -0.000870845 -0.000993397 0.000599517 0.000544125 0.000313482 -0.00122572 -0.00217091 0.000549913 0.00198204 0.00244179 0.00153856 0.000411863
internal_weight=22975 1501 21474 21373 7137 14236 1694 460 5812 12542 2334 2108 1234 3478 3103 513 1325 569 517 479 387 283
internal_count=22975 1501 21474 21373 7137 14236 1694 460 5812 12542 2334 2108 1234 3478 3103 513 1325 569 517 479 387 283
cat_boundaries=0 13 15 27 29 42 56 58 70 84 98 100 102 115 117 119 121 123 125
cat_threshold=1073741825 2147565600 67108992 0 2415919108 65 256 402685952 36872 2099716 606208000 268435464 1048576 1086948482 97060 16384 0 64 0 0 0 0 0 134217728 16 0 64 1714159654 413255 360456 67111952 1 512 256 33554688 128 8192 2052 1049602 192938016 2320 16418 25493508 1140853776 0 32768 0 33554692 640 24576 2052 96 16777248 16778272 20514 4 134350216 32904 262144 3072 0 0 0 0 0 0 4 0 16777216 1024 41943056 16777216 1610612736 2097281 8912896 536870912 0 0 1024 12599296 4096 2147488897 67146248 7 4198400 8650816 2684354560 268443652 1081408 3072 0 1073741824 0 67145728 1342177304 3154432 2149581828 16 262176 16963 2415976832 4112 25165824 3072 0 0 0 33554432 512 16384 4 64 16777216 0 16418 537135204 128 35913728 515 1611137056 395332 2148581968 65536 64 2568
is_linear=0
shrinkage=0.045


Tree=176
num_leaves=23
num_cat=17
split_feature=0 3 0 3 0 0 5 0 0 3 0 4 3 5 0 5 5 0 3 5 0 3
split_gain=1.7919 1.10501 0.820342 0.667314 3.1724 1.8073 1.77539 1.46919 1.12239 2.18395 1.10989 1.07413 1.66891 0.80719 1.03745 1.12743 0.802828 0.865011 0.74698 0.746583 0.681974 0.837548
threshold=0 1 2 3 4 5 3.5114340430413216 6 7 8 9 10 11 5.3205649864913136 12 4.6586997221347959 6.3198682039985092 13 14 6.176905692078182 15 16
decision_type=9 9 9 9 9 9 8 9 9 9 9 1 9 10 9 8 8 9 9 8 9 9
left_child=1 -1 -2 4 6 18 -4 -6 9 16 19 -12 -13 14 -14 -16 17 -7 -5 -8 21 -10
right_child=2 -3 3 5 7 8 10 -9 20 -11 11 12 13 -15 15 -17 -18 -19 -20 -21 -22 -23
leaf_value=-2.9937770811538478 14.472318768298999 -65.626947000966268 -50.85178435247439 29.25386982301859 -81.01446338208082 2.6899959475507407 -50.269431395384949 -11.517122415857521 8.8981671098461117 -3.5358246593830014 284.01840682838628 -36.854664841880528 -44.026106614204608 120.83133366754966 89.077410995871659 -11.270045567222324 -74.328631152756984 55.845546000926362 -44.402577019935237 253.98043750313792 2.3031625936101245 -24.280764294819555
leaf_weight=617 126 592 313 106 1087 280 335 4179 1037 1079 205 180 116 52 161 63 80 696 1324 50 8265 2032
leaf_count=617 126 592 313 106 1087 280 335 4179 1037 1079 205 180 116 52 161 63 80 696 1324 50 8265 2032
internal_value=-0.000161576 -0.00183907 -6.73626e-05 -8.93693e-05 -0.000460463 7.87663e-05 0.00137693 -0.000977076 0.000240671 0.00118421 0.00219588 0.00315399 0.00217944 0.00376485 0.00302631 0.00469068 0.00262921 0.0030092 -0.00143551 0.000170024 6.1871e-05 -0.000509738
internal_weight=22975 1209 21766 21640 6741 14899 1475 5266 13469 2135 1162 777 572 392 340 224 1056 976 1430 385 11334 3069
internal_count=22975 1209 21766 21640 6741 14899 1475 5266 13469 2135 1162 777 572 392 340 224 1056 976 1430 385 11334 3069
cat_boundaries=0 13 15 29 31 44 57 70 83 85 97 98 100 113 126 128 141 143
cat_threshold=1082130436 8716288 64 4 0 64 256 402669632 6152 2099748 2293760 285212680 1048578 29394432 162204 0 2147483648 0 2147483648 0 4 0 0 134217728 0 0 64 131072 16 1852047524 282323 33816576 52428800 0 2105344 1605636 1280 0 1073741824 536871936 5767168 16 3154560 2222987264 38027264 50331648 0 40976 3222323204 16780288 0 1073741824 0 1572864 536870936 131232 8395776 32768 11316 4096 128 268566784 570425344 0 8192 0 163842 16777248 2304 8224 2164326416 139284 2214596608 192 268566536 536870913 640 0 0 135233 32 527616 8352 2147639386 65580 262144 2097152 0 0 32768 256 0 0 536870912 4194304 16 8192 2 1610612736 2178 0 33554432 0 0 524288 0 0 0 1024 0 0 0 2214592512 0 4 67112960 0 268435456 0 128 0 0 131136 0 256 32 16777480 65536 1 1075838976 1 270532608 17367040 4352 0 0 536937472 20971520 503320576 3154432 67650308 17949184 37120
is_linear=0
shrinkage=0.045


Tree=177
num_leaves=23
num_cat=18
split_feature=0 3 0 3 0 0 5 5 0 0 0 2 0 5 3 3 3 5 0 3 3 0
split_gain=1.66923 0.923719 0.883789 0.626893 2.6272 1.77468 1.29978 1.28934 1.16943 1.15524 0.991556 1.23792 0.963544 0.905107 0.831675 0.677213 0.673284 0.654634 0.627454 1.28532 0.854481 1.33262
threshold=0 1 2 3 4 5 4.6298509007569537 1.2424533248940004 6 7 8 9 10 3.5408542930527882 11 12 13 5.9622923416208602 14 15 16 17
decision_type=9 9 9 9 9 9 10 8 9 9 9 9 9 10 9 9 9 10 9 9 9 9
left_child=1 -1 -2 4 6 -5 7 -4 16 14 15 -12 -8 -11 -9 17 -6 -7 19 -13 -20 -22
right_child=2 -3 3 5 8 10 12 9 -10 13 11 18 -14 -15 -16 -17 -18 -19 20 -21 21 -23
leaf_value=-1.8488893377321154 54.451167025613252 -125.91859920113203 304.21305132786057 -27.700566254558971 -9.3571610662542994 -55.074923652049371 -2.7703333376710275 15.101020890401413 -4.0937279135381424 -48.902235117068564 258.74028406551662 -24.308798558402138 164.9212166822322 35.972974452175521 -191.27140729736533 0.60607283790192557 -79.608019690512052 6.7010032875339371 11.148857475667594 9.680640215558034 -8.8751544400915687 16.599299565024321
leaf_weight=516 123 490 47 1230 742 1105 113 231 5058 120 171 1706 280 242 274 1766 1055 110 2513 1361 1921 1801
leaf_count=516 123 490 47 1230 742 1105 113 231 5058 120 171 1706 280 242 274 1766 1055 110 2513 1361 1921 1801
internal_value=-0.000145908 -0.00192731 -6.32603e-05 -8.56448e-05 -0.000397481 0.000100539 0.00144314 0.000520741 -0.000750329 0.000119101 0.000262072 0.000487242 0.00361139 0.00202139 -0.00126209 -0.000452557 -0.00173383 -0.00126528 0.000414536 -0.000112538 0.000673522 0.000238617
internal_weight=22975 1006 21969 21846 8162 13684 1307 914 6855 867 12454 9473 393 362 505 2981 1797 1215 9302 3067 6235 3722
internal_count=22975 1006 21969 21846 8162 13684 1307 914 6855 867 12454 9473 393 362 505 2981 1797 1215 9302 3067 6235 3722
cat_boundaries=0 13 15 28 30 43 56 70 83 96 97 110 112 114 116 130 132 134 148
cat_threshold=1073741825 81920 192 268435524 12 64 256 1476411392 6152 2564 2293760 268435464 1048576 12600864 88204 0 2147483648 0 2147516416 0 4 0 0 134217728 0 0 64 131072 778444838 413387 38080512 84148240 1073741824 8321 1572864 1280 0 1024 33792 3670024 0 8196 2155886720 33574912 33685504 0 8320 3222372352 16784384 0 0 33792 3145728 536870936 2105376 10492032 2155905040 7204 603983872 0 276955136 570425344 0 0 4 163842 251658272 2064 16416 2 4456448 0 1073741824 0 524288 1024 0 0 0 1572872 0 0 2155872384 4456448 1073741840 1073741824 1 524288 256 0 65536 536936448 17301544 4096 688133 2215151110 96 0 83886096 0 0 524288 256 0 0 0 0 0 0 10240 675282976 147464 2148538048 308 742662146 394306 32768 94371876 2147483649 0 16384 33554464 128 8192 0 1149240338 134217856 1049088 8457 16 1351109512 4148 2415991496 8244 8388608 12352 536870912 0 134217984 0 0 32768 4 4210944 1140850688 2147490960 48 2
is_linear=0
shrinkage=0.045


Tree=178
num_leaves=23
num_cat=18
split_feature=0 0 3 1 3 0 0 5 0 5 0 3 0 5 3 0 0 2 5 3 0 0
split_gain=1.76784 1.03783 0.954225 0.605986 0.581337 2.26129 1.55656 0.998294 0.99951 0.838567 0.722857 1.06705 0.880208 0.969313 0.715442 0.768523 0.675594 0.665107 0.838443 0.659915 2.31093 2.09388
threshold=0 1 2 3 4 5 6 6.9092530334720372 7 5.7284737652803868 8 9 10 5.6646935841241897 11 12 13 14 3.5114340430413216 15 16 17
decision_type=9 9 9 9 9 9 9 8 9 10 9 9 9 10 9 9 9 9 10 9 9 9
left_child=2 -2 3 -1 5 9 -6 8 -7 14 11 12 -8 -14 15 -3 -13 18 -18 20 -12 -21
right_child=1 4 -4 -5 6 7 10 -9 -10 -11 19 16 13 -15 -16 -17 17 -19 -20 21 -22 -23
leaf_value=12.845204387455752 66.69286489966531 -32.683549985535066 -90.11711903126313 -24.019383395642372 -22.257765507411946 -88.537733255421443 -84.544778527506111 61.745094461348934 -14.526557475145061 250.20189097857156 -34.532921897587634 32.915045576377736 -18.752503107665714 37.209717180917167 -0.46992509431968998 112.19825989109584 -64.211772430906677 -29.620755382854824 14.253058116549855 37.064222472954597 15.753301079241707 2.1530163549530039
leaf_weight=223 110 110 609 235 1440 929 726 272 3869 71 1934 751 890 117 549 298 171 391 669 1224 1881 5506
leaf_count=223 110 110 609 235 1440 929 726 272 3869 71 1934 751 890 117 549 298 171 391 669 1224 1881 5506
internal_value=-0.00016941 -8.17073e-05 -0.00194764 -0.000363831 -0.000104815 -0.000477251 4.00957e-05 -0.00086777 -0.00102 0.00143654 0.000182874 -0.000356186 -0.0011682 -0.000295879 0.00109333 0.00248571 0.000356569 -0.000293243 0.000422534 0.000372974 -9.99488e-05 0.000640758
internal_weight=22975 21908 1067 458 21798 6098 15700 5070 4798 1028 14260 3715 1733 1007 957 408 1982 1231 840 10545 3815 6730
internal_count=22975 21908 1067 458 21798 6098 15700 5070 4798 1028 14260 3715 1733 1007 957 408 1982 1231 840 10545 3815 6730
cat_boundaries=0 14 26 28 30 32 45 58 72 85 87 100 102 115 128 129 131 145 158
cat_threshold=1090519044 2147811328 128 0 12 68 256 402670592 4104 2099716 2228224 268435464 1179776 16 0 1073741824 64 0 65536 0 0 0 134217728 0 65536 64 12632066 96396 134496528 2188 778184742 413187 33820672 8519680 536870912 8320 1605632 1024 0 1073807360 32768 1074790400 268439696 8705 2147499010 37769216 8519744 0 268443780 3222306816 3072 0 1073741824 32768 1091567616 545263640 8193 2148007938 8454144 11296 4096 2097152 268566528 536870912 0 0 4 16386 167772160 2103568 16416 6 262144 33554432 536870913 0 540672 33554432 0 65536 536938496 67239976 1543504000 3801632 8439812 2417268288 65660 262144 33554432 1 0 0 0 0 0 2048 8 335544448 524800 8390656 706740228 16898 0 131072 0 0 32768 0 0 0 0 0 268435584 0 2147485696 262144 33554432 1 0 0 0 0 0 2048 8 268435584 544 8390656 5 1099465088 37264 2155905040 15392 1073741824 1 131072 536870912 0 8192 0 4194579 0 2164296852 8712 2 2155937808 13344 1140854784 513 131136 1 640 41024 0 259 32 6144 8192
is_linear=0
shrinkage=0.045


Tree=179
num_leaves=23
num_cat=19
split_feature=0 0 3 3 0 0 3 0 5 5 3 0 3 0 5 3 0 0 0 3 0 3
split_gain=1.86909 1.12847 1.00907 0.555397 1.59996 0.646407 1.43279 0.697717 0.638684 0.629308 0.889441 0.633624 1.43434 1.26174 0.798608 0.664752 2.37322 2.23525 0.887061 0.871984 0.850187 0.86332
threshold=0 1 2 3 4 5 6 7 3.5972184255501678 1.8688348091416842 8 9 10 11 6.4052270920020655 12 13 14 15 16 17 18
decision_type=9 9 9 9 9 9 9 9 8 8 9 9 9 9 10 9 9 9 9 9 9 9
left_child=2 -2 -1 4 -3 6 -5 -8 -9 10 -7 12 13 -11 -14 16 -13 19 -19 -17 -18 -22
right_child=1 3 -4 5 -6 9 7 8 -10 11 -12 15 14 -15 -16 17 20 18 -20 -21 21 -23
leaf_value=-127.65180883183308 7.2815955490462088 47.733222381201578 -3.5249783516154305 -53.509677272991851 -83.446215604516524 106.18988450209376 90.545915582126639 -100.51634183624789 9.30849410505766 107.2097446963779 0.4260330674958388 -35.060810700762815 -31.250157949838169 -6.2338724891473838 207.82144348774824 2.6150882580760788 -0.60737034850600158 -8.6713834952436475 4.1629344412580807 46.722209575841504 26.388616758794317 2.4740915580770122
leaf_weight=313 120 223 854 960 662 221 250 161 529 285 407 2265 2234 439 65 508 3740 2474 2733 965 1032 1535
leaf_count=313 120 223 854 960 662 221 250 161 529 285 407 2265 2234 439 65 508 3740 2474 2733 965 1032 1535
internal_value=-0.000151783 -5.73338e-05 -0.00189695 -8.25356e-05 -0.00117893 -3.52401e-05 -0.000823746 0.000425419 -0.000320514 4.44874e-05 0.00144286 -3.69424e-06 -0.00059753 0.00113723 -0.00114691 0.000114386 -0.000147834 0.000450537 1.1208e-05 0.00199091 0.000301233 0.000930011
internal_weight=22975 21808 1167 21688 885 20803 1900 940 690 18903 628 18275 3023 724 2299 15252 8572 6680 5207 1473 6307 2567
internal_count=22975 21808 1167 21688 885 20803 1900 940 690 18903 628 18275 3023 724 2299 15252 8572 6680 5207 1473 6307 2567
cat_boundaries=0 13 27 29 31 43 56 58 70 72 85 87 100 102 116 130 143 145 159 161
cat_threshold=1082130432 327680 536870976 16 524 0 768 1476444160 4104 2099712 2097152 268435464 1065090 0 0 0 268435456 1073741824 0 0 1024 134217728 0 8 64 0 16 2334003276 131664 102760452 3 0 8192 0 0 0 0 0 65536 0 1073745920 4224 2147485184 131144 18432 1342181504 2147484160 16384 33555520 0 0 524288 2232422422 578813952 1187840 1024 160778848 443268 8 2048 1073741824 0 16384 33554432 0 0 0 0 41943040 8192 8392752 6368 266240 41943136 0 0 268468224 4608 192 8192 4 1073751112 32 18881025 8782596 21567592 180480 0 41943040 0 0 32768 0 0 0 0 1073741832 0 1 8389120 1079693346 256252 2147532805 1073873936 1 8192 17367040 536871169 0 0 32768 257 469962768 2147483664 0 3 2164342785 16909312 1 8192 2148073472 256 0 0 32768 0 352518160 2148007952 528384 7 39845904 2109440 0 128 135266560 2052 0 65536 536936448 4734976 1073741952 260 2147526672 293667080 266496 4194304 16781316 67108864 2097156 142606400 0 0 0 536873984 12615680 1090519040 33952 69212201 4 1074429986 43048
is_linear=0
shrinkage=0.045


Tree=180
num_leaves=23
num_cat=17
split_feature=0 3 0 0 3 5 0 3 5 3 0 3 0 5 5 1 0 3 5 3 0 3
split_gain=1.75687 1.51712 1.13234 0.834577 0.514718 0.505713 3.2678 1.75734 1.68076 1.60079 1.54738 1.2813 1.23432 1.16703 1.19603 0.990776 0.89506 1.69901 0.984225 1.5918 1.13987 0.931655
threshold=0 1 2 3 4 3.5408542930527882 5 6 3.2769667020129059 7 8 9 10 2.8029010331479989 2.4414009612931857 11 12 13 4.3107766033702406 14 15 16
decision_type=9 9 9 9 9 8 9 9 10 9 9 9 9 10 10 9 9 9 10 9 9 9
left_child=1 3 -2 -1 -3 6 7 8 13 15 11 -7 -11 14 -4 -8 17 -12 19 -19 -20 -18
right_child=2 4 5 -5 -6 10 9 -9 -10 12 16 -13 -14 -15 -16 -17 21 18 20 -21 -22 -23
leaf_value=86.62218749403857 5.89635091827392 -125.24521411489521 20.847166459098254 -15.688665338724505 -29.543664806116603 6.5069872236826836 -136.69543278675124 5.1009205506692075 173.91692278192764 -70.616494156065542 -21.825031899616686 -58.200867114430501 -25.563682428750596 -53.565445676827828 406.94170586027292 32.085670015983546 -6.53378970676515 1.3015242358494139 -27.544520342445676 83.177227038735694 14.302541623685377 3.6116337797209752
leaf_weight=110 113 334 98 289 569 713 121 822 112 900 527 1345 1806 137 50 399 4806 273 214 339 542 8356
leaf_count=110 113 334 98 289 569 713 121 822 112 900 527 1345 1806 137 50 399 4806 273 214 339 542 8356
internal_value=-0.0001557 -0.00175343 -5.87283e-05 0.000558393 -0.00276885 -8.34426e-05 -0.00051102 0.00146588 0.00388386 -0.00125911 2.76031e-05 -0.00112609 -0.00169868 0.00211672 0.00486 0.00101504 0.000186043 0.00109727 0.00193043 0.00328339 0.00085488 5.39689e-05
internal_weight=22975 1302 21673 399 903 21560 4445 1219 397 3226 17115 2058 2706 285 148 520 15057 1895 1368 612 756 13162
internal_count=22975 1302 21673 399 903 21560 4445 1219 397 3226 17115 2058 2706 285 148 520 15057 1895 1368 612 756 13162
cat_boundaries=0 13 15 27 40 42 56 58 60 74 76 89 91 105 107 109 121 123
cat_threshold=1082130440 83968 3758096384 0 12 576 768 402702336 4104 2099748 2162688 268435464 1048576 4227088 77828 0 1073741824 0 2415919104 1073741824 0 0 1024 134217728 0 0 64 8388616 2048 0 0 0 64 512 0 0 0 0 0 1048576 2300448872 131648 2147745792 139360 0 0 134217728 536870912 0 8192 536872964 131072 33554448 2147517717 527904 4 2693547158 131136 16842946 90448 2147762180 131168 67108864 32768 32832 260 64 8256 536870912 1073741889 33554432 131073 4000 1 155227616 403492 32768 83891200 0 1 524288 1024 0 1073741824 32768 5788672 1006632960 19925120 67112960 1049604 520 4263953 2231369728 4224 65 147712 33554432 0 1073741824 33792 9453840 83886088 128 67112960 16 1673683200 139590 820848 2560 16 67108864 4096 0 131072 0 0 0 33792 256 0 128 977278434 420217
is_linear=0
shrinkage=0.045


Tree=181
num_leaves=23
num_cat=21
split_feature=0 0 3 2 3 0 3 0 3 1 1 0 3 3 0 0 0 3 0 1 5 3
split_gain=1.51317 1.25532 0.964918 0.642726 1.56241 1.4007 1.02898 1.02144 0.930005 1.14223 1.01775 0.845934 1.14304 0.804351 1.88248 1.87428 1.30943 1.06381 1.5478 1.46674 1.04546 1.18124
threshold=0 1 2 3 4 5 6 7 8 9 10 11 12 13 14 15 16 17 18 19 5.2176457913436556 20
decision_type=9 9 9 9 9 9 9 9 9 9 9 9 9 9 9 9 9 9 9 9 8 9
left_child=2 -2 -1 11 7 6 -6 -5 10 -10 -7 12 -3 14 -13 -15 -17 19 -19 -18 -16 -22
right_child=1 3 -4 4 5 8 -8 -9 9 -11 -12 13 -14 15 20 16 17 18 -20 -21 21 -23
leaf_value=-125.93944369947927 124.46865756000133 14.087084857163708 -5.5243295736906717 27.082723196126164 2.614092605523791 -82.369136851376169 -98.426458237361473 -117.51341715055092 183.44004530958631 5.4584629504219411 2.0583696829117741 -25.863543411699357 -29.143878470748326 -15.980849484329413 -1.1775466147422164 3.2285072245486903 78.462421999845247 5.5845708057817305 85.160723361478134 -4.1404072125816516 -4.8852376065097518 65.127838505603179
leaf_weight=401 109 239 760 112 433 281 857 815 168 1263 1510 1669 1627 2686 2821 3754 524 671 677 780 267 551
leaf_count=401 109 239 760 112 433 281 857 815 168 1263 1510 1669 1627 2686 2821 3754 524 671 677 780 267 551
internal_value=-0.0001557 -7.09257e-05 -0.00173018 -9.63542e-05 -0.000519264 -0.000171089 -0.00141705 -0.0021901 0.000331168 0.00118191 -0.000351915 4.53362e-05 -0.000853036 0.000162364 -0.000277445 0.000419155 0.000837176 0.00160135 0.00248823 0.000670212 0.000297041 0.00171219
internal_weight=22975 21814 1161 21705 5439 4512 1290 927 3222 1431 1791 16266 1866 14400 5308 9092 6406 2652 1348 1304 3639 818
internal_count=22975 21814 1161 21705 5439 4512 1290 927 3222 1431 1791 16266 1866 14400 5308 9092 6406 2652 1348 1304 3639 818
cat_boundaries=0 14 26 28 29 31 44 46 58 60 62 64 78 80 82 96 109 122 124 136 138 140
cat_threshold=3221225496 81920 4096 0 4 576 256 1476395008 4104 2099780 2097152 268435465 9961472 16 16384 0 0 32768 1073741824 0 0 64 134217728 0 0 64 721814110 393328 116 1109393476 282179 12615680 1028 1073741824 4 134217984 0 0 65536 0 3229634576 150994944 1083908 2076 2148880952 73728 0 131072 0 0 0 0 0 0 0 0 16 640 67982874 200864 1088 209 101 197 33554436 67108912 0 2147484165 285392896 16782336 0 8192 524288 83887106 1115684864 131200 262272 2 2281705664 8288 3161636260 204995 0 42213376 1 0 134217728 536870912 128 16384 33792 32777 822083584 2166918400 2052 5 262144 1073744896 536870912 2105344 9503296 2308 512 65536 2048 5767168 134217728 1048612 2150922 16777216 2183147584 0 0 134742016 0 0 32768 536937476 8421672 67174400 2166894608 2214592528 1090847232 37180 2129920 25165828 1 0 0 536870912 0 0 0 20480 805306368 33792 100 1024 2147622944 65664
is_linear=0
shrinkage=0.045


Tree=182
num_leaves=23
num_cat=19
split_feature=0 0 3 0 0 0 3 5 0 4 3 0 3 2 0 5 4 0 2 3 5 0
split_gain=1.79469 0.905912 0.705023 2.61788 1.27584 1.26458 0.958339 0.900838 1.04773 1.02811 1.26577 0.88192 1.72364 0.866911 0.801342 0.768027 0.730805 0.694799 0.680479 0.840768 0.661262 1.34694
threshold=0 1 2 3 4 5 6 3.9607678160667752 7 8 9 10 11 12 13 4.1510089048756029 14 15 16 17 4.6774800307930642 18
decision_type=9 9 9 9 9 9 9 10 9 1 9 9 9 9 9 10 1 9 9 9 8 9
left_child=-1 -2 3 7 6 -5 -4 -3 15 10 -10 12 17 -8 -15 -9 -7 -6 19 -13 -20 -22
right_child=1 2 4 5 11 16 13 8 9 -11 -12 18 -14 14 -16 -17 -18 -19 20 -21 21 -23
leaf_value=-21.089889599134207 108.89608170209654 -0.35233170447330042 -57.03026272523929 -57.414010458150351 -54.170009510766349 33.945376415414415 -106.09137881586129 69.497180418781795 111.83568637301853 1150.5653673066774 14.910340179793788 -10.21125918588991 13.703375670493012 67.852722277756044 -2.6055690751684106 -9.0681230843079739 -10.011394196652473 0.90564122729996577 -3.2691445417708973 232.27641313325205 -8.6448150155119539 10.167666209303015
leaf_weight=1086 109 511 1094 1183 110 69 189 49 104 44 203 109 455 230 342 258 2447 429 7856 202 1852 4044
leaf_count=1086 109 511 1094 1183 110 69 189 49 104 44 203 109 455 230 342 258 2447 429 7856 202 1852 4044
internal_value=-0.000216413 -0.000127187 -0.000148679 -0.000625206 -1.11686e-05 -0.0012114 -0.00112078 0.00122311 0.00233182 0.00395454 0.00310194 0.000126318 0.00141352 0.000110607 0.0009863 0.00032445 -0.000633704 -0.000318513 3.42085e-05 0.00207585 -1.37325e-05 0.000346388
internal_weight=22975 21889 21780 4868 16912 3699 1855 1169 658 351 307 15057 994 761 572 307 2516 539 14063 311 13752 5896
internal_count=22975 21889 21780 4868 16912 3699 1855 1169 658 351 307 15057 994 761 572 307 2516 539 14063 311 13752 5896
cat_boundaries=0 13 25 27 40 53 67 69 82 83 85 98 100 101 113 114 127 128 130 144
cat_threshold=1073741832 327680 100663296 268435520 3221225484 512 256 134218816 4104 2097664 2228224 268437513 1703936 0 0 0 2147483648 0 0 0 0 134217728 16 65536 64 640038918 20259 2101248 8396804 0 8193 135790592 1024 0 0 33792 1082134528 301994128 2667012 2214600704 2151698448 8388672 1073741824 128 1081344 1024 0 268435456 33792 1090521092 838864912 537092 262528 17072128 3120 4096 0 8519936 0 0 8192 2048 1605640 150994944 144 52256 5 139577040 327692 0 8396804 0 0 134742016 0 0 0 1024 0 33558528 2097152 2147491840 4 537137156 16384 16842752 2147483648 536875008 20 16908864 4 640 49152 2052 288 0 16777264 20514 13206032 77828 65 2147483648 0 0 0 1048576 0 0 0 0 0 301993984 524800 1 0 0 0 4 0 0 128 0 2048 0 0 16777248 4096 96 163627008 128 33816576 2099236 1 2097665 16384 256 0 8192 0 167938 16777344 2148565248 67111953 2
is_linear=0
shrinkage=0.045


Tree=183
num_leaves=23
num_cat=18
split_feature=0 0 3 3 0 0 5 0 0 3 4 0 2 3 5 3 5 5 3 0 0 0
split_gain=1.71484 1.15281 0.868894 0.583032 2.3929 1.23464 1.29737 1.04194 0.805333 1.47498 0.878633 0.996799 0.75161 0.832127 0.734641 0.701876 0.662603 0.652027 0.565055 2.04089 1.72976 0.84702
threshold=0 1 2 3 4 5 2.9700856263602158 6 7 8 9 10 11 12 5.5432204948189954 13 4.8789996228937618 6.3465127852423047 14 15 16 17
decision_type=9 9 9 9 9 9 10 9 9 9 1 9 9 9 8 9 10 10 9 9 9 9
left_child=2 -2 -1 4 -3 6 -6 15 9 -9 11 -10 13 -7 -11 -5 -8 -17 19 -12 -20 -22
right_child=1 3 -4 7 5 12 16 8 10 14 18 -13 -14 -15 -16 17 -18 -19 20 -21 21 -23
leaf_value=-1.48344588226483 14.927938784292294 -75.809435084581466 -76.037364206601453 1.3572501260178047 -245.66888079034604 5.6848600741249804 59.422458141340563 -2.7871513035971573 41.53791580631367 37.961867928929756 -30.067586984881427 -253.46597750329229 2.8232614690414386 -152.76762164277386 -6.2235388290149602 -39.914744887022003 578.00276602199938 168.49963844672038 -17.507195067341758 2.7872435151434671 3.1041703356527051 37.450647922569011
leaf_weight=376 113 1203 674 886 36 226 156 734 104 681 2244 327 1522 365 146 1637 35 49 1400 4476 3801 1784
leaf_count=376 113 1203 674 886 36 226 156 734 104 681 2244 327 1522 365 146 1637 35 49 1400 4476 3801 1784
internal_value=-0.000183119 -9.74392e-05 -0.00194915 -0.000122069 -0.000649368 0.000191325 0.00325732 -1.94475e-05 0.000118307 0.00108423 1.08132e-05 -0.00198499 -0.000154589 -0.0015 0.00237604 -0.000856812 0.00487306 -0.00139399 7.38663e-05 -0.000220589 0.000356938 0.000711541
internal_weight=22975 21925 1050 21812 3543 2340 227 18269 15697 1561 14136 431 2113 591 827 2572 191 1686 13705 6720 6985 5585
internal_count=22975 21925 1050 21812 3543 2340 227 18269 15697 1561 14136 431 2113 591 827 2572 191 1686 13705 6720 6985 5585
cat_boundaries=0 13 25 27 29 43 56 69 82 84 85 97 98 100 102 104 118 132 145
cat_threshold=1073741832 327680 1174405120 268435520 1073742348 576 768 268436480 8 2099712 2228224 268435464 9961472 0 1073741824 64 0 0 0 0 0 134217728 0 0 16777280 46170628 94468 640024580 20035 0 142388 0 0 8519936 0 0 8192 536872964 540680 184549376 526608 32817 5 2097152 8388608 0 2097153 0 1024 0 0 0 0 16 8708 67108864 16384 25165824 268435456 2147491968 2148581376 1024 0 134217792 0 1157627910 570490880 3287556 2147483908 16842752 2147616784 4096 16 285343808 33554436 0 1073790976 4 16672 8 524304 2248867 10077696 78208 1 0 0 0 0 0 0 0 0 0 0 4096 2147484800 3 537001988 515 3221349864 135192 3360224554 135216 41975824 2106432 0 2097153 0 256 128 8192 0 4722705 201330704 2147521536 67112448 4 2153779204 100663300 0 32772 524288 2048 0 65536 100352 8553472 293601408 129 8192 3 262161 2117664 536870913 2097152 142672128 536870912 0 0 536876032 1052680 134221824 2147483648 67143192
is_linear=0
shrinkage=0.045


Tree=184
num_leaves=23
num_cat=17
split_feature=0 0 3 5 0 3 3 0 0 0 3 0 5 0 0 3 5 3 5 0 3 5
split_gain=1.50719 0.961801 0.824875 0.546432 2.95884 1.47782 1.44864 1.25041 0.920332 0.868347 0.850566 0.798116 0.763888 0.752433 0.6407 1.81903 0.759845 0.724379 0.695544 0.921604 0.714649 1.08572
threshold=0 1 2 3.3497501700808394 3 4 5 6 7 8 9 10 1.2424533248940004 11 12 13 4.9938224302714262 14 5.5432204948189954 15 16 4.2121001622835372
decision_type=9 9 9 8 9 9 9 9 9 9 9 9 10 9 9 9 10 9 8 9 9 10
left_child=2 -2 -1 4 5 8 11 10 -3 -8 13 -6 -13 -5 15 16 -9 -17 19 -19 -21 -22
right_child=1 3 -4 7 6 -7 9 14 -10 -11 -12 12 -14 -15 -16 17 -18 18 -20 20 21 -23
leaf_value=-118.54163955678247 115.71578051471312 -9.0590736488486936 -5.0687276313001206 22.124581282339701 -77.263507941417956 -2.0403772960637441 -12.160678039299132 37.999321332633315 99.318900757997625 -100.43065247370271 -41.879778955848771 415.64253988526758 2.3672867228402135 -27.953821911927523 0.23211447051815243 -51.827265059329115 -19.480997997376615 -6.3960350089877238 -36.279992335246334 12.311887243122609 10.442932819750501 61.205524379256197
leaf_weight=340 113 107 837 475 114 711 447 181 375 1175 996 67 465 559 14737 299 51 314 183 227 106 96
leaf_count=340 113 107 837 475 114 711 447 181 375 1175 996 67 465 559 14737 299 51 314 183 227 106 96
internal_value=-0.00016941 -8.41826e-05 -0.00172961 -0.000106813 -0.000625037 0.00118382 -0.001575 -8.39567e-06 0.00307895 -0.00229131 -0.00105779 0.000232522 0.000976102 -0.000146273 0.000123842 0.00102008 0.00457377 0.000309215 0.000930703 0.00155235 0.00286735 0.00479439
internal_weight=22975 21798 1177 21685 3461 1193 2268 18224 482 1622 2030 646 532 1034 16194 1457 232 1225 926 743 429 202
internal_count=22975 21798 1177 21685 3461 1193 2268 18224 482 1622 2030 646 532 1034 16194 1457 232 1225 926 743 429 202
cat_boundaries=0 14 27 29 42 44 46 59 71 85 87 100 113 126 128 130 143 145
cat_threshold=1073758217 2147565568 128 528 256 577 256 268451840 4104 2565 10616832 268435464 1572864 4 0 0 0 4 8 0 0 0 134217728 0 0 64 131072 2332528676 16752 2156134400 141364 0 2097152 8388608 0 0 8192 536870916 256 33558672 2164264208 2147487265 3380614356 204900 538286818 209168 2147745796 33687648 2147483648 2147516416 0 256 64 8256 0 131392 1107365920 16910336 3876 0 8192 0 2097152 0 0 0 0 0 0 128 256 0 0 536870912 0 135921664 536870912 0 65536 3072 2097160 0 4096 8388620 19 2185949488 338100 0 0 0 0 131072 0 0 0 0 4098 134217728 512 12 0 133216 0 0 0 256 0 8192 0 0 0 2048 2052 37814272 0 1677721600 65 1073872960 50331648 512 1073775616 100352 1064992 536870920 524801 69226496 1379370 264 2684358720 205380 65536 0 67108864 0 131072 0 512 1073775616 32768 16384 0 1 67108864 54575632 4096
is_linear=0
shrinkage=0.045


Tree=185
num_leaves=23
num_cat=18
split_feature=0 0 3 5 3 5 0 2 3 0 0 0 3 3 3 5 5 1 3 0 0 3
split_gain=1.56454 1.14175 0.712726 0.940093 0.631221 0.607106 2.41928 1.43089 1.37545 1.63362 1.47183 1.10392 1.3419 1.10246 1.02921 1.20656 1.03574 0.94218 0.877063 0.727344 0.709873 2.46305
threshold=0 1 2 3.3842466058243152 3 3.5408542930527882 4 5 6 7 8 9 10 11 12 2.249904835165133 3.0677824455408698 13 14 15 16 17
decision_type=9 9 9 8 9 8 9 9 9 9 9 9 9 9 9 10 10 9 9 9 9 9
left_child=4 2 3 -2 -1 6 18 14 10 -10 -9 12 19 17 15 -8 -16 -11 -3 -7 21 -13
right_child=1 5 -4 -5 -6 11 7 8 9 13 -12 20 -14 -15 16 -17 -18 -19 -20 -21 -22 -23
leaf_value=-95.225623474355999 31.804406920747248 -39.183017284274861 5.4638129151637935 -33.474454098994997 -4.8344270945839334 30.553758374915077 425.41322965179904 63.06460518192435 -37.152263502717837 149.14341477769949 -81.990587422699377 -36.612826890785385 -70.180181413823647 99.460727084969491 28.012589051937386 -87.379030303004143 140.71160080986053 -11.942341897572753 -105.46950957492557 -17.227148501813357 2.6772375421068895 8.1815324141528709
leaf_weight=364 36 511 274 82 813 382 90 106 617 104 1061 2463 1121 303 216 263 170 474 492 466 8855 3712
leaf_count=364 36 511 274 82 813 382 90 106 617 104 1061 2463 1121 303 216 263 170 474 492 466 8855 3712
internal_value=-0.000140032 -5.32335e-05 0.00231683 -0.000623078 -0.00172961 -9.79094e-05 -0.000568497 7.90291e-06 -0.000479082 0.000423178 -0.00162977 2.40857e-05 -0.000974509 0.00165789 0.00174367 -3.69873e-05 0.00332412 0.00047288 -0.00249606 0.000376743 0.000155563 -0.000214564
internal_weight=22975 21798 392 118 1177 21406 4407 3404 2665 1498 1167 16999 1969 881 739 353 386 578 1003 848 15030 6175
internal_count=22975 21798 392 118 1177 21406 4407 3404 2665 1498 1167 16999 1969 881 739 353 386 578 1003 848 15030 6175
cat_boundaries=0 14 27 29 31 45 46 48 61 74 88 90 92 94 95 97 111 124 126
cat_threshold=1073745929 2147565568 0 68 8 577 256 268452864 8 2565 572522496 268435464 1703936 4 0 0 128 2415919104 1073741824 4 0 64 134217728 256 0 16777280 1152 20972560 4 2300264480 18768 4292608 67108864 536870912 129 1179652 1024 0 1073807360 1024 7885826 201326592 3147904 67108864 2 176 3476957740 428550 33554432 13312 0 0 256 0 0 0 536872960 32776 16781312 1536 2147516949 0 0 0 0 0 0 0 0 536870912 0 4096 1025 1 2147745796 133232 2214592512 33280 32832 536871168 64 8192 0 131152 65536 163841 2854 1 139116880 338436 545275922 86168 8684784 4780 282816 2173846128 209420 262144 131120 0 0 32768 0 0 0 0 0 0 0 2054 1 33570816 2364416 268435456 0 134218240 4096 640 0 536870916 1075871778 1342181536 2149584144 8200 2120847654 477777
is_linear=0
shrinkage=0.045


Tree=186
num_leaves=23
num_cat=21
split_feature=0 0 3 5 0 0 3 0 3 4 3 0 0 3 1 3 2 3 0 1 3 0
split_gain=1.6923 1.02634 0.954664 0.944747 2.18698 1.18969 1.44557 1.02065 1.73193 1.25959 0.877216 2.71747 1.43469 2.15315 1.24091 0.895202 0.864403 0.891781 0.850375 0.796637 0.766256 0.782884
threshold=0 1 2 3.5408542930527882 3 4 5 6 7 8 9 10 11 12 13 14 15 16 17 18 19 20
decision_type=9 9 9 8 9 9 9 9 9 1 9 9 9 9 9 9 9 9 9 9 9 9
left_child=2 -2 -1 4 -3 -6 -7 8 9 -5 11 15 13 -12 -13 -9 17 -16 -17 -8 -18 -22
right_child=1 3 -4 7 5 6 19 10 -10 -11 12 14 -14 -15 16 18 20 -19 -20 -21 21 -23
leaf_value=-83.140939419415787 4.0204105931009915 -74.158068001491557 -5.7867964484657728 53.056812342821118 37.59723400847021 -40.528470266196756 -60.346412069705345 10.903411758224337 -57.847976870632266 0.68009833036947642 106.54166050191006 227.12286210907155 -1.6905644638643673 -0.1775356053888652 88.992706229840451 -1.7698569329239622 1.6782227158626517 -2.7586215695595171 -71.519754858088731 9.9454049724854894 98.34736530662552 25.138797115591935
leaf_weight=392 434 926 822 43 527 1352 247 255 1596 1982 545 258 8338 953 107 647 354 720 445 1278 229 525
leaf_count=392 434 926 822 43 527 1352 247 255 1596 1982 545 258 8338 953 107 647 354 720 445 1278 229 525
internal_value=-0.000149825 -5.80776e-05 -0.00177651 -0.0001027 -0.000695984 -0.00016335 -0.000524923 4.8443e-05 -0.000620563 0.000254049 0.000229906 0.000836148 1.09656e-05 0.00128742 0.0018102 -0.000751657 0.0013983 0.000284266 -0.0013125 0.000424527 0.00221786 0.00303133
internal_weight=22975 21761 1214 21327 4330 3404 2877 16997 3621 2025 13376 3540 9836 1498 2193 1347 1935 827 1092 1525 1108 754
internal_count=22975 21761 1214 21327 4330 3404 2877 16997 3621 2025 13376 3540 9836 1498 2193 1347 1935 827 1092 1525 1108 754
cat_boundaries=0 13 26 28 42 55 57 70 72 73 75 89 103 105 107 109 110 111 124 126 127 141
cat_threshold=3221225484 2147565632 33554432 4 4 577 0 268452864 32776 2629 2097152 268435464 1703970 0 0 128 268468224 64 4 0 32832 134217728 256 65536 64 2098304 722454536 2256 4292608 83886080 1610612736 129 1573120 1024 0 1073741824 0 5788674 201326592 3145728 67108864 2 262144 2080 0 0 8 536870912 0 8192 4 131072 33554432 2147484672 8704 2392243308 295558 33816576 2096 2214592512 2147484160 32776 536871168 832 8192 536870916 131104 1107296288 2149744641 772 148029392 45207 1 3568156680 296456 32768 127938560 1 0 1572864 0 0 134217728 0 1080594432 201326592 531600 43009 6 4227073 1115684864 0 8320 1091715072 16777216 0 1207959552 4096 1079525376 746586112 16781344 67112960 2 189793344 149648 557412 16 327688 34304 147 75497472 0 69218304 1 0 524288 0 0 0 0 2658304 0 16 43009 1074807809 72 2149859336 0 0 0 0 268435456 0 0 0 1024 8 285212672 1048832 67108880 1
is_linear=0
shrinkage=0.045


Tree=187
num_leaves=23
num_cat=19
split_feature=0 0 3 5 5 5 0 0 3 0 0 0 3 3 0 0 1 4 3 3 2 0
split_gain=1.87051 1.16292 1.07456 0.866035 0.785287 0.680668 2.08964 1.68002 1.54822 2.40385 2.34661 1.01227 2.68216 1.57017 2.43422 1.37385 1.21001 1.09753 1.00658 0.993328 0.968166 0.928265
threshold=0 1 2 4.4005842009683471 2.3502401828962087 4.0689902272260703 3 4 5 6 7 8 9 10 11 12 13 14 15 16 17 18
decision_type=9 9 9 10 10 8 9 9 9 9 9 9 9 9 9 9 9 1 9 9 9 9
left_child=2 4 3 -1 -2 6 18 19 9 -8 -10 12 21 15 -15 20 -16 -18 -3 -7 -13 -9
right_child=1 5 -4 -5 -6 7 8 11 10 -11 -12 13 -14 14 16 -17 17 -19 -20 -21 -22 -23
leaf_value=69.709869894834185 8.786919207777613 55.125481122392564 -62.219794475934307 -102.56521431934691 1.0590349119196325 1.7243032249041994 12.353113068001516 -47.565376642946951 108.00769651977724 -43.386172842729707 -0.95639314216693061 25.34399770102177 -30.263153440779842 -0.062090794915750619 17.738282289117976 4.4731304134087688 452.67472393275602 51.421344163247021 -86.090381153507437 -62.704434125081576 -54.706809207989586 19.904479504466721
leaf_weight=131 69 170 750 83 479 318 877 503 888 2199 2687 502 1975 1823 1187 2706 214 612 1305 720 1231 1546
leaf_count=131 69 170 750 83 479 318 877 503 888 2199 2687 502 1975 1823 1187 2706 214 612 1305 720 1231 1546
internal_value=-0.000165493 -7.98948e-05 -0.00209324 0.000716813 0.00194464 -0.000132644 -0.000457309 6.51088e-05 -0.00011549 -0.000853952 0.000520629 0.00021237 -0.000372399 0.000496861 0.00116242 -7.98708e-05 0.00223778 0.00356563 -0.00198218 -0.00166286 -0.00106504 0.000766374
internal_weight=22975 22011 964 214 548 21463 8126 13337 6651 3076 3575 12299 4024 8275 3836 4439 2013 826 1475 1038 1733 2049
internal_count=22975 22011 964 214 548 21463 8126 13337 6651 3076 3575 12299 4024 8275 3836 4439 2013 826 1475 1038 1733 2049
cat_boundaries=0 13 26 28 42 55 57 70 83 96 98 100 114 128 130 131 133 135 136 148
cat_threshold=1082130444 1073807424 33558592 0 1358954504 1 0 402669568 8 2625 2097152 268435464 1048576 131072 2147483648 128 268468224 64 0 0 32832 134217728 256 65536 16777280 2233472 12584000 10244 98305 33570816 536870913 0 8405248 1024 0 1073741824 2048 81806338 1895825424 1052672 8404996 1 2198093824 131104 2147483648 2149581316 0 260 512 9216 1024 1081344 33558560 163841 32 237689962 55065 2183135232 2052 0 2105344 134742016 536870912 0 0 536903684 163840 134221824 2147483793 67117057 262144 67248160 0 0 131072 0 0 8192 1024 1048584 33558528 2147517444 526848 4194304 8393748 67108864 8320 134381572 50335808 0 0 536875008 659456 67108864 2150105476 768 2173110878 5423 2739284982 462919 4096 33818624 1 1 8388864 536870912 0 0 32772 12582922 150994960 11280 2214627335 4 2097168 85991424 0 0 590336 3072 128 0 32768 2098186 131200 1048608 8396824 2 269487441 68096 2 2147500032 16640 172200544 139288 17 0 8388612 0 0 32768 4096 0 0 536870912 524288 67108864 4
is_linear=0
shrinkage=0.045


Tree=188
num_leaves=23
num_cat=18
split_feature=0 0 3 3 5 5 0 3 0 0 0 3 3 5 1 0 3 2 0 3 5 3
split_gain=1.75662 1.28508 0.918827 0.868422 1.02004 0.726903 2.39493 1.33844 1.57696 1.26571 0.997584 1.30663 0.793242 1.04231 0.919321 0.745362 1.56506 0.994146 0.846436 1.29152 1.07768 0.857795
threshold=0 1 2 3 3.0201273556387074 3.3497501700808394 4 5 6 7 8 9 10 1.7005986908310777 11 12 13 14 15 16 5.1269313471631675 17
decision_type=9 9 9 9 8 8 9 9 9 9 9 9 9 10 9 9 9 9 9 9 8 9
left_child=2 3 -1 4 -2 6 -3 8 -8 -9 11 -7 13 -11 -14 16 -12 -18 19 -19 -21 -20
right_child=1 5 -4 -5 -6 10 7 9 -10 12 15 -13 14 -15 -16 -17 17 18 21 20 -22 -23
leaf_value=-81.854961361469961 15.19727662915664 -94.163204836550833 -3.2953792228605252 2.7258501163898523 -29.252253046691205 13.074543972155151 27.490241460371344 -17.062776920907869 -78.747977279802186 606.42249712163198 -13.089666936239544 -42.614703581191698 14.763264556686236 -13.964047033511864 99.702290399766468 0.28126088104330815 -80.993578061768545 0.23311225268099675 -5.5343763756120374 192.72511593028975 -46.279743283881494 8.0857827505072954
leaf_weight=618 36 917 690 376 179 495 220 348 812 89 769 1412 206 329 393 14108 134 101 226 153 37 327
leaf_count=618 36 917 690 376 179 495 220 348 812 89 769 1412 206 329 393 14108 134 101 226 153 37 327
internal_value=-0.000138074 -4.08932e-05 -0.00173182 0.00200746 -0.000297358 -9.94415e-05 -0.000711099 4.29628e-05 -0.00117241 0.000964051 1.46916e-05 -0.000954404 0.00176239 0.000230232 0.00280605 0.000131876 0.0010054 0.00219091 0.00276519 0.00473762 0.00690594 0.00164867
internal_weight=22975 21667 1308 591 215 21076 3314 2397 1032 1365 17762 1907 1017 418 599 15855 1747 978 844 291 190 553
internal_count=22975 21667 1308 591 215 21076 3314 2397 1032 1365 17762 1907 1017 418 599 15855 1747 978 844 291 190 553
cat_boundaries=0 13 26 28 30 44 46 59 73 86 88 90 92 106 108 109 121 123 125
cat_threshold=1082130440 1074069504 64 64 16777472 512 0 402653184 69640 69208640 572653576 268435464 1572864 147456 0 536871040 268468224 8 4 0 33856 134217728 256 65536 16777280 132224 184698424 410320 155189264 12324 33587200 67126272 0 1 1048576 1024 0 0 34816 5821442 469762048 3146241 67112976 2 256779820 315912 0 2052 0 0 0 0 0 8192 0 0 16781440 2147485696 32805 0 10260 0 0 0 536870912 0 0 4 0 16777344 35840 32780 1 2147745796 2181171296 2147487744 2147484164 32768 33554752 320 8192 1024 131073 1073741984 131072 2848 4718672 8244 1064960 228 527365 2051 33619984 75513856 67108864 1 1073872964 16777216 512 1073758208 34816 1097776 67108864 524801 69210112 4 3817001040 237668 65 65536 67108864 0 1 4 0 0 1073741824 2048 0 0 524801 138413568 8 524320 22656
is_linear=0
shrinkage=0.045


Tree=189
num_leaves=23
num_cat=20
split_feature=0 0 3 3 5 0 3 3 1 0 3 3 0 0 3 0 0 3 5 1 3 3
split_gain=1.69833 1.54061 1.16982 0.871521 0.868292 2.51215 1.75045 1.71816 0.990687 0.905718 1.46144 0.900454 2.63587 1.45728 1.41879 1.16476 1.01188 0.966702 1.00845 1.14189 0.935829 0.881818
threshold=0 1 2 3 3.3140206880897671 4 5 6 7 8 9 10 11 12 13 14 15 16 7.3343274329751802 17 18 19
decision_type=9 9 9 9 8 9 9 9 9 9 9 9 9 9 9 9 9 9 8 9 9 9
left_child=2 3 -1 -2 5 6 -3 8 -7 10 -6 12 -11 14 -13 21 20 -17 19 -19 -15 -14
right_child=1 4 -4 -5 9 7 -8 -9 -10 11 -12 13 15 16 -16 17 -18 18 -20 -21 -22 -23
leaf_value=-107.43963272559886 3.2791680845337456 186.36633946931224 -3.537579266050606 1.3599083029382482 36.701184459759766 169.69750009543424 0.50915769798062271 -85.876749916158474 -2.6583918321534381 -84.009141708821801 1.8950978832720367 1.231979737889773 14.843456793243179 -86.483117298891344 31.765364175995192 -18.974564977845933 1.9163731396622536 58.897361500130792 176.97783057368312 2.4282075956960463 2.3031884391752135 -46.252887804039226
leaf_weight=459 109 223 746 549 216 117 712 1604 494 695 1210 651 409 814 511 746 7862 377 170 1774 563 1964
leaf_count=459 109 223 746 549 216 117 712 1604 494 695 1210 651 409 814 511 746 7862 377 170 1774 563 1964
internal_value=-0.000120448 -2.8924e-05 -0.00175637 0.00209552 -9.62897e-05 -0.000785217 0.0011642 -0.00160642 0.000426163 2.4548e-05 0.00110779 -6.96167e-05 -0.000501465 0.000185392 0.00167887 -0.000165078 -4.37898e-06 0.000413607 0.000866051 0.00060404 -0.00112419 -0.000911322
internal_weight=22975 21770 1205 658 21112 3150 935 2215 611 17962 1426 16536 6135 10401 1162 5440 9239 3067 2321 2151 1377 2373
internal_count=22975 21770 1205 658 21112 3150 935 2215 611 17962 1426 16536 6135 10401 1162 5440 9239 3067 2321 2151 1377 2373
cat_boundaries=0 13 26 28 30 44 46 48 50 63 65 67 81 95 97 110 124 126 128 130 132
cat_threshold=1082130444 3221553152 4160 64 4 64 0 1342177280 4104 69208644 572522496 268435464 1572864 147456 0 536871040 2415951872 8 4 0 33856 134283264 256 65536 16777280 2229376 152715864 133712 8929314 65536 262144 141344 0 0 8912896 0 0 73728 4 0 4224 2147483920 2147494437 4 2147664976 65600 1620382370 200976 192 546 35717136 16384 1140850688 1 1073872896 0 512 16384 32768 16432 1140850696 524801 67112960 33917962 8 1915075622 96609 2164260864 2128 0 128 2164261120 256 0 8192 0 1179656 131072 20 2080 4 16777216 80 0 16 2298544384 16779265 0 0 0 1212416 131248 2100 2050 4 5259288 163996 0 2105376 1 0 134250496 570425344 0 65536 536870916 37890 150999216 2147486720 57857 4460544 100794400 0 516 268452352 0 0 134217728 0 1073741824 276824064 2101504 2147483652 2 839133188 353 134217760 66064 160432656 660 536881156 97
is_linear=0
shrinkage=0.045


Tree=190
num_leaves=23
num_cat=20
split_feature=0 0 3 3 5 0 0 3 0 3 3 0 0 3 4 3 5 0 3 0 1 1
split_gain=1.71565 1.50431 1.3262 0.749048 0.650179 2.25601 1.16195 1.33377 0.853658 1.37099 0.821377 2.46851 1.48467 1.35584 1.24462 1.46088 1.48585 1.20024 1.14017 0.999243 0.831975 0.80508
threshold=0 1 2 3 3.3140206880897671 4 5 6 7 8 9 10 11 12 13 14 4.5591125415341898 15 16 17 18 19
decision_type=9 9 9 9 8 9 9 9 9 9 9 9 9 9 1 9 8 9 9 9 9 9
left_child=2 3 -1 -2 5 -3 -7 -8 9 -6 11 -10 13 -12 15 16 -13 -16 -19 -17 -21 -20
right_child=1 4 -4 -5 8 6 7 -9 10 -11 12 14 -14 -15 17 19 -18 18 21 20 -22 -23
leaf_value=-52.281007128623614 5.8099215688933077 -76.727959441697493 -8.2805499752940328 0.9583680243062811 -94.442406011051034 260.21792108736241 379.85776987588383 -7.3363583059038096 -38.793244402438454 0.30496334932804936 64.063164534432914 25.770902046894765 1.3647081913623547 7.9044241756311298 -37.977770938928707 -16.294496808416646 434.02598859320079 40.731026150710051 12.793142657336217 71.564570567123042 324.72665324938487 -19.242576119862122
leaf_weight=419 225 1039 939 510 960 240 112 1689 2514 1728 203 160 7676 959 1017 476 85 355 371 386 216 696
leaf_count=419 225 1039 939 510 960 240 112 1689 2514 1728 203 160 7676 959 1017 476 85 355 371 386 216 696
internal_value=-0.000124365 -2.64239e-05 -0.00166861 0.00195783 -9.73496e-05 -0.000700845 0.00017316 -0.00022587 7.07599e-06 -0.000730001 0.000138634 -0.000254772 0.000417965 0.00190886 0.000474562 0.00158604 0.00464008 -0.000127203 0.00071548 0.000833944 0.00203746 -2.91948e-05
internal_weight=22975 21617 1358 735 20882 3080 2041 1801 17802 2688 15114 6276 8838 1162 3762 1323 245 2439 1422 1078 602 1067
internal_count=22975 21617 1358 735 20882 3080 2041 1801 17802 2688 15114 6276 8838 1162 3762 1323 245 2439 1422 1078 602 1067
cat_boundaries=0 13 26 28 30 44 57 59 72 74 76 90 104 106 107 109 122 124 137 139 141
cat_threshold=3246395405 81920 2147483712 64 324 33554496 0 402653184 4104 69208580 538968064 8 1572864 147456 2147483648 536871040 2415951872 8 516 0 33856 134283264 256 65536 16777280 2233472 722421836 147536 144196642 65672 37781504 5120 0 2097153 135397376 1024 0 65536 34816 5804034 469762048 271581697 67108880 2 262144 131072 0 0 0 0 0 8192 4 0 33554432 2147483648 544 536936448 74000 262208 8521824 0 512 268468224 256 320 8192 0 1073873985 1107300512 163840 2147486500 2736074636 394185 2116587558 92470 32784 83887120 0 0 1048576 536870913 128 16384 3072 1048586 16777216 2149582101 8405001 7 65552 1090520080 0 129 2148679680 1 512 16384 2048 1048594 75497472 271056913 16384 7 2148533440 262656 2 1207963684 2048 35651584 33558528 1 2097152 655360 1024 0 0 536870912 4243456 201326608 524288 67141648 875036678 8192 0 0 1 0 134217728 0 0 65536 536870916 4722688 268435456 1581056 32768 268441712 3584 524448 3080
is_linear=0
shrinkage=0.045


Tree=191
num_leaves=23
num_cat=21
split_feature=0 3 0 3 5 0 3 3 0 0 3 0 3 2 4 3 2 3 2 3 0 3
split_gain=1.65892 1.83265 1.46602 0.763626 0.748305 1.73985 1.65905 1.40128 1.8236 0.899318 1.29823 0.807451 0.833279 0.804769 0.76747 0.708761 0.679427 0.62848 0.551704 1.32648 1.05708 1.54419
threshold=0 1 2 3 3.5408542930527882 4 5 6 7 8 9 10 11 12 13 14 15 16 17 18 19 20
decision_type=9 9 9 9 8 9 9 9 9 9 9 9 9 9 1 9 9 9 9 9 9 9
left_child=1 -1 3 -2 5 6 -4 8 13 10 -6 15 16 -7 -14 -9 -13 -3 20 -20 -11 -22
right_child=2 17 4 -5 9 7 -8 11 -10 18 -12 12 14 -15 -16 -17 -18 -19 19 -21 21 -23
leaf_value=30.03271525583812 -105.41499106976548 -74.440157798883774 33.956837548593171 -13.832345051416214 0.33323609044013713 -4.3476135974679897 -95.638262069395793 20.172501139757699 -54.106402460189486 -2.103330253608422 -81.520342519267714 472.3901800514364 66.033614960482325 84.714252641153351 11.599430534397968 -40.831811400502744 -6.595388338717501 1.7636827075842105 -36.240448885270759 3.8997408261005062 34.912381559882874 3.3191846550983777
leaf_weight=105 235 104 121 696 1169 183 998 229 962 4023 715 138 309 164 194 494 564 623 1616 2191 599 6543
leaf_count=105 235 104 121 696 1169 183 998 229 962 4023 715 138 309 164 194 494 564 623 1616 2191 599 6543
internal_value=-0.000102821 0.00185545 -0.00017732 -0.00191357 -0.000100076 -0.000625747 -0.00214456 -9.27989e-05 -0.00122294 3.57683e-05 -0.000887659 0.000677319 0.00138661 0.00154178 0.0027699 -0.000508164 0.000365545 0.000992556 0.000152562 -0.000314612 0.000312024 0.00064034
internal_weight=22975 832 22143 931 21212 4356 1119 3237 1309 16856 1884 1928 1205 347 503 723 702 727 14972 3807 11165 7142
internal_count=22975 832 22143 931 21212 4356 1119 3237 1309 16856 1884 1928 1205 347 503 723 702 727 14972 3807 11165 7142
cat_boundaries=0 13 14 27 29 43 45 47 60 74 76 89 91 92 93 95 96 98 99 101 115 117
cat_threshold=147456 2147614784 536871040 2147516416 8 516 0 33856 134283264 131328 65536 16777280 2233344 2182610978 1073741852 1073807360 2147483712 0 2147483652 64 512 1342193664 4104 83888644 2097152 8 1589248 186388558 131152 37847040 16793600 0 129 1048576 1024 0 65536 33792 16274432 738197504 3145732 2222981124 2 2155872320 131088 2410331244 434688 2147483648 10288 0 2097152 134217728 0 0 8192 536870912 0 4096 2147517440 545 2147745792 33556512 67108864 512 32832 570425600 320 8192 4 65 33554448 163841 930 5 2303774930 78516 2147483648 7184 0 2097152 143130624 0 0 0 2052 32770 1073746048 33808 2097 1065616 20628 37 4 4211344 16384 16 4096 28672 116 1718423636 478849 33554433 86004752 1 2097152 151011328 4096 128 0 536870912 2654242 1879048192 2149580928 2052 2 1174474760 163850
is_linear=0
shrinkage=0.045


Tree=192
num_leaves=23
num_cat=17
split_feature=0 3 0 3 0 0 0 3 5 0 2 3 3 5 0 5 5 0 5 2 3 0
split_gain=1.37612 1.27311 1.1591 0.623285 2.6814 1.48059 1.34235 1.59966 1.56204 1.17279 0.961676 0.92385 0.79142 0.663567 0.744184 0.705966 0.578799 0.56471 0.548919 0.546541 0.647473 0.560862
threshold=0 1 2 3 4 5 6 7 4.1820210059610323 8 9 10 11 5.2857353797162627 12 4.8322978221268906 6.3465127852423047 13 5.344720891341141 14 15 16
decision_type=9 9 9 9 9 9 9 9 8 9 9 9 9 8 9 10 10 9 8 9 9 9
left_child=1 18 -2 4 -4 11 7 -6 -9 19 12 -5 17 14 -13 -16 -12 -8 -1 20 -7 -21
right_child=2 -3 3 5 6 9 10 8 -10 -11 16 13 -14 -15 15 -17 -18 -19 -20 21 -22 -23
leaf_value=59.705344115391995 33.230380591670915 -65.463005053750067 -68.853656327185348 29.160311420534711 -7.9952373794602716 -140.10645136544576 -114.81438337982847 4.8316031927372114 286.5977800181733 0.84917984670572011 0.40853639272171594 1.1637922442177946 -50.536614141048425 -93.41801005369588 17.138435555232419 132.69588003738588 112.7700367577321 26.575877995493279 -19.649135756950312 39.855943145111311 -25.744181037819736 -8.2023365125579595
leaf_weight=261 132 1010 1103 106 217 221 148 118 124 12632 2929 512 725 180 260 38 93 270 59 195 340 1302
leaf_count=261 132 1010 1103 106 217 221 148 118 124 12632 2929 512 725 180 260 38 93 270 59 195 340 1302
internal_value=-0.000110655 -0.00150894 -2.38963e-05 -5.08025e-05 -0.000452432 9.51376e-05 2.52362e-05 0.00230255 0.00474803 -2.44875e-05 -0.000231627 0.00168141 -0.00133636 0.00121257 0.0017734 0.0035129 0.000189847 0.000230232 0.000948794 -0.00101739 -0.00220681 -0.000557655
internal_weight=22975 1330 21645 21513 5727 15786 4624 459 242 14690 4165 1096 1143 990 810 298 3022 418 320 2058 561 1497
internal_count=22975 1330 21645 21513 5727 15786 4624 459 242 14690 4165 1096 1143 990 810 298 3022 418 320 2058 561 1497
cat_boundaries=0 13 15 27 29 43 56 70 72 86 87 88 90 103 116 117 119 130
cat_threshold=3225419789 81920 33554432 268436032 4 33554496 512 268435456 8 16780804 580911120 8 1572864 2155909120 94752 147456 64 0 0 0 512 0 1024 134217728 0 0 64 1713773574 478723 58982400 109051904 536870913 0 131336 0 0 32768 2052 5423112 151130112 272 16928 1 25165824 2155872256 603979776 0 16908808 256 0 49152 67588 147504 131072 16779312 132130 2134016 0 0 2097280 1048576 0 0 1073741824 32768 1073741824 268435456 8704 12416 2 399360 475138 102400 1090519072 2147483648 2097280 2148548608 1024 256 1207959552 32768 1075838976 1342242848 2105857 8320 18 3 134283304 134146 65537 0 8388608 67108864 0 0 0 0 32768 2048 147488 0 16779280 132098 0 4096 0 0 8388608 0 0 0 0 0 0 3072 16 17 2294808672 4136 0 32 0 0 0 0 0 0 0 1073741824 268435456
is_linear=0
shrinkage=0.045


Tree=193
num_leaves=23
num_cat=19
split_feature=0 0 3 3 0 3 0 3 0 2 5 3 0 1 0 3 4 3 5 5 0 2
split_gain=1.30155 1.07091 0.895531 0.729433 2.15293 1.38938 1.31115 0.929974 0.865412 1.05332 1.69116 1.01191 0.89809 0.790454 0.704622 0.951515 0.630637 0.822462 0.597411 0.572811 0.570444 1.31586
threshold=0 1 2 3 4 5 6 7 8 9 5.2176457913436556 10 11 12 13 14 15 16 3.5114340430413216 4.2121001622835372 17 18
decision_type=9 9 9 9 9 9 9 9 9 9 8 9 9 9 9 9 1 9 10 10 9 9
left_child=2 19 -1 4 5 -3 7 -5 -6 10 -10 13 -13 -11 15 -8 17 -14 -7 -2 21 -16
right_child=1 3 -4 6 8 18 14 -9 9 11 -12 12 16 -15 20 -17 -18 -19 -20 -21 -22 -23
leaf_value=-1.5874678497002566 7.4310712820754343 45.368901257985485 -50.611769781498126 -55.986987111912441 -49.856959157816213 -118.52563922873891 -30.620454109928396 -0.35011179919958479 -8.772997558588699 -14.453619043366359 530.7684777589343 -131.46791434878162 116.72499753474338 23.569950944240809 436.49551654110559 3.4689258631779674 -11.008201137339228 -22.36597001355921 0.68762789338164354 355.95526956421469 3.4439496950906974 -0.89049235388829961
leaf_weight=427 82 680 462 721 1595 96 1558 695 373 347 136 502 113 468 113 1511 1182 187 249 40 6525 4913
leaf_count=427 82 680 462 721 1595 96 1558 695 373 347 136 502 113 468 113 1511 1182 187 249 40 6525 4913
internal_value=-0.000116531 -4.80597e-05 -0.00179301 -7.24892e-05 -0.000498486 0.00136692 8.52432e-05 -0.00121639 -0.000890845 -0.000471688 0.00139059 -0.000814836 -0.00136172 0.000516928 0.000212205 -0.000392893 -0.000789158 0.00104305 -0.000945379 0.00396269 0.000373215 1.25039e-05
internal_weight=22975 22086 889 21964 5928 1025 16036 1416 4903 3308 509 2799 1984 815 14620 3069 1482 300 345 122 11551 5026
internal_count=22975 22086 889 21964 5928 1025 16036 1416 4903 3308 509 2799 1984 815 14620 3069 1482 300 345 122 11551 5026
cat_boundaries=0 13 25 27 29 43 45 59 61 74 75 77 90 92 106 108 109 111 124 125
cat_threshold=1073872905 81920 33554432 64 16777220 64 0 1342194688 8 2564 538968064 8 8194 16384 0 0 0 0 0 256 0 134283264 0 8 64 146834998 77828 1847723110 281091 35655680 25296896 0 8192 1605632 1024 0 134217728 536903680 1084227584 16 8832 2147488768 3 169869410 18944 2151747588 1090519040 0 8320 3222388736 3073 0 134217728 32768 2097152 1342177424 8192 528384 18 1333272 102500 0 100678768 1 0 131328 0 0 0 4 1213450 50462720 559376 49185 80 537003008 514 2147483648 0 0 2097153 0 0 0 8192 0 0 32 2147487748 2056 1073746176 10824 33849344 8388608 1073741824 0 524288 0 576 0 536872960 3315073088 159383584 3277345 2147484032 1 21523208 140396 2 1073741924 2048 0 2490404 268435584 2097156 134217984 553648672 128 73728 128 4352 33554432 2147516548 264732 96
is_linear=0
shrinkage=0.045


Tree=194
num_leaves=23
num_cat=18
split_feature=0 3 0 3 0 0 0 3 3 2 0 0 3 5 3 3 3 5 1 5 5 1
split_gain=1.25361 1.25333 0.839834 0.719962 2.19233 1.32467 1.29175 0.962223 0.908033 0.806732 0.983682 0.741906 1.43215 1.07469 0.710158 0.695095 0.688297 0.679993 0.58765 0.556585 0.545913 0.597131
threshold=0 1 2 3 4 5 6 7 8 9 10 11 12 5.611299950786516 13 14 15 3.2384861814448418 16 4.516324041782946 6.590987390102673 17
decision_type=9 9 9 9 9 9 9 9 9 9 9 9 9 10 9 9 9 10 9 10 10 9
left_child=1 18 -2 4 14 8 7 19 -5 15 16 12 -7 -14 -4 -8 -11 -9 -1 -6 21 -12
right_child=2 -3 3 5 6 11 9 17 -10 10 20 -13 13 -15 -16 -17 -18 -19 -20 -21 -22 -23
leaf_value=-17.42339861448961 34.415177838406116 -52.062846247713622 7.7909360369940703 -108.32982791719647 -84.957414615697701 -1.8170989601037058 -65.907238502121743 -34.568853042108053 -2.5460742806152168 -8.7515955506692773 4.6190979639670102 0.99974754073643157 32.540832719277027 -58.300670251053575 -58.873920879008161 60.086701061489954 -48.323041376498161 51.107060081337586 57.230248981792911 228.2703241817392 59.061172433143533 -5.9267441419204783
leaf_weight=126 139 1074 183 399 72 744 101 54 636 598 978 10428 1137 115 1598 939 978 300 231 44 97 2004
leaf_count=126 139 1074 183 399 72 744 101 54 636 598 978 10428 1137 115 1598 939 978 300 231 44 97 2004
internal_value=-0.000122406 -0.00140645 -3.63251e-05 -5.98834e-05 -0.000399222 0.000140634 3.64147e-06 0.00224066 -0.00139685 -0.0001853 -0.00043872 0.000269941 0.00106225 0.00198655 -0.00178444 0.000941064 -0.00134887 0.00339344 0.000890243 -0.00126563 3.05716e-05 -7.84193e-05
internal_weight=22975 1431 21544 21405 7946 13459 6165 470 1035 5695 4655 12424 1996 1252 1781 1040 1576 354 357 116 3079 2982
internal_count=22975 1431 21544 21405 7946 13459 6165 470 1035 5695 4655 12424 1996 1252 1781 1040 1576 354 357 116 3079 2982
cat_boundaries=0 13 15 27 29 42 56 70 72 74 75 88 101 103 104 106 108 110 112
cat_threshold=1073762312 81924 33554432 2147484224 2147483648 64 0 1476395008 32776 2099780 815792128 16777224 2 8390190 112896 0 0 0 268435456 0 4096 0 64 134217728 131072 0 64 1848258150 281347 2155872256 100666416 536875008 0 268566528 553648384 0 0 4 5804042 100663296 268468480 49312 4259844 64 0 2097296 1090633988 3073 0 0 0 67108880 131200 8193 8913152 19 2162688 8388672 0 2105344 17825796 0 0 1024 0 1073742096 8 8321 8388608 2 1073872930 264192 331800 8228 176 294928 2109440 1 1 0 4 0 0 0 0 134217728 7184 67116557 2172649472 2064 603983872 32769 131584 553648388 0 49152 4 41 0 268437776 70255649 2157199488 106704 1073750022 537004032 262400 134350916 17152 536887304 1024 51232 2760
is_linear=0
shrinkage=0.045


Tree=195
num_leaves=23
num_cat=18
split_feature=0 0 3 0 0 0 3 0 2 5 1 5 0 3 0 0 3 5 5 3 4 0
split_gain=1.33942 0.949077 0.605668 2.09712 1.32473 1.26242 1.03931 0.679598 0.653629 0.591847 0.578482 1.37941 0.566281 1.7401 0.829544 0.613261 1.14645 0.634894 0.933847 0.629502 0.599754 1.52811
threshold=0 1 2 3 4 5 6 7 8 3.0201273556387074 9 3.4811217321331038 10 11 12 13 14 3.6242520361853052 3.2384861814448418 15 16 17
decision_type=9 9 9 9 9 9 9 9 9 10 9 10 9 9 9 9 9 10 10 9 1 9
left_child=-1 -2 3 -3 -5 6 7 -4 9 -6 11 -10 13 14 -7 19 -17 18 -18 -15 21 -14
right_child=1 2 5 4 8 12 -8 -9 10 -11 -12 -13 20 15 -16 16 17 -19 -20 -21 -22 -23
leaf_value=-52.672615016598549 53.774913979953567 -44.546557602011255 -5.8314327297226125 120.18874147461085 1888.1746189278288 15.073756952647258 1.408230603592995 -130.93907999811231 -115.18350763587451 13.084493008003779 -11.593588033303176 48.139907480522211 126.95131118450637 12.820169790092308 -22.951003076493286 1.3448633431875718 17.273922341468623 21.867264154518573 127.67423049933468 -24.5198017859835 0.76285789052859931 -181.39264555887627
leaf_weight=717 113 1236 363 225 39 109 632 525 86 322 1952 212 105 114 717 386 118 509 72 247 13727 449
leaf_count=717 113 1236 363 225 39 109 632 525 86 322 1952 212 105 114 717 386 118 509 72 247 13727 449
internal_value=-0.000120448 -5.8196e-05 -8.0224e-05 -0.000575172 0.000101123 3.15997e-05 -0.00120431 -0.00219 -0.000190432 0.0015563 -0.000477455 0.00133548 0.000145879 0.000803852 -0.00083771 0.00174074 0.00227666 0.00336076 0.005625 0.000108578 4.06132e-05 -0.00140827
internal_weight=22975 22258 22145 4072 2836 18073 1520 888 2611 361 2250 298 16553 2272 826 1446 1085 699 190 361 14281 554
internal_count=22975 22258 22145 4072 2836 18073 1520 888 2611 361 2250 298 16553 2272 826 1446 1085 699 190 361 14281 554
cat_boundaries=0 13 25 27 40 54 67 69 82 83 85 99 101 110 124 126 128 129 142
cat_threshold=1090519048 81920 0 2147483648 16777728 65 0 1342178368 8 2564 2097152 8 1179648 0 2147483648 128 0 0 0 0 0 134217728 0 0 16777280 790765636 2563 2149580800 41958452 0 512 8388864 0 0 0 0 1034 318767136 559232 16564 0 0 1 0 1081344 536870912 0 0 4 1073741824 4112 8192 5120 4 4476992 262144 1 8320 3221323776 570427392 0 134217728 4 1141899328 537006224 8224 528384 329400 340140 278528 0 1 0 65536 570425344 0 0 4 0 0 8224 4096 80 32933 128 8388608 8534032 2214592512 577 268435784 4 896 49152 2048 131376 0 128 16516 1 1086620928 45472 8388608 2064 0 0 0 0 128 0 2048 8388608 2064 0 1 0 0 640 0 2048 32 0 0 16512 1 268451864 262168 2147483698 8 1 33554432 0 0 0 0 0 0 0 0 0 0 2415920128 1
is_linear=0
shrinkage=0.045


Tree=196
num_leaves=23
num_cat=18
split_feature=0 3 3 0 2 3 0 0 0 5 2 5 2 4 1 0 4 3 3 5 5 0
split_gain=1.06423 1.88105 0.962274 0.947345 0.758217 0.706328 2.19646 1.21118 1.19457 1.09942 1.02957 0.892815 0.914586 0.812763 0.751992 0.745473 0.735575 0.796617 0.732318 0.898311 0.860041 0.727355
threshold=0 1 2 3 4 5 6 7 8 3.5408542930527882 9 6.4960202730614363 10 11 12 13 14 15 16 3.3842466058243152 5.2176457913436556 17
decision_type=9 9 9 9 9 9 9 9 9 8 9 8 9 1 9 9 1 9 9 10 10 9
left_child=1 -1 4 -2 -3 6 9 -7 -8 -5 13 12 14 -11 16 -15 -10 -18 20 -20 -14 -9
right_child=3 2 -4 5 -6 7 8 21 11 10 -12 -13 18 15 -16 -17 17 -19 19 -21 -22 -23
leaf_value=182.88444149967478 18.163734664646867 13.639025136512272 -70.330049891671834 -12.563507685028609 -54.379946797319349 -15.860197058153938 -43.037122365616156 5.2164649678951784 -71.795556476123423 409.40884587909744 68.909971523646689 48.007856925141894 -44.288602429913091 -150.18406794195175 -0.24477635499184736 7.5874698524498809 -80.561342567570108 10.801163941562377 1241.054509748215 31.31100479054399 251.94432054707767 1.1186760342900957
leaf_weight=113 148 363 979 257 374 1392 1322 1094 1448 90 143 317 194 114 1206 373 213 308 55 308 67 12097
leaf_count=113 148 363 979 257 374 1392 1322 1094 1448 90 143 317 194 114 1206 373 213 308 55 308 67 12097
internal_value=-0.000108697 -0.00114639 -0.00152604 -1.8292e-05 -0.000282378 -4.45513e-05 -0.000437608 0.00012857 -0.00079101 0.00151517 0.00243075 -0.000409885 -0.000602606 0.00147453 -0.000910732 0.000763803 -0.00145154 -8.60528e-06 0.000962263 0.002244 -0.00084066 0.000262098
internal_weight=22975 1829 1716 21146 737 20998 6415 14583 5438 977 720 4116 3799 577 3175 487 1969 521 624 363 261 13191
internal_count=22975 1829 1716 21146 737 20998 6415 14583 5438 977 720 4116 3799 577 3175 487 1969 521 624 363 261 13191
cat_boundaries=0 12 14 16 28 29 31 45 59 73 74 75 76 78 91 92 94 96 110
cat_threshold=1077952520 8470564 2147483648 268435968 16384 64 0 1342177280 8 2099716 849346576 285212680 1073741834 73984 545309860 153636 64 0 0 2147483648 0 0 0 1088 134217728 131072 0 64 164 1847989286 158225 2147749888 16908288 0 8325 270008388 1024 0 0 2048 1073742080 0 1057412 2214604928 2 2147815428 1073872896 0 8341 2147549252 3072 0 134217728 0 3221225472 1073741832 1187844 2148020224 2 0 33565776 536870913 0 131328 256 0 16384 32772 49178 151126016 526608 18464 4 21 7 2 1073746065 68613 0 0 0 0 0 0 0 0 0 0 0 644 67108864 4 1243873282 2560 570561568 8704 16777216 2147483648 603979776 32832 1073742600 261 0 16384 65540 67141680 131072 524304 2244641 4
is_linear=0
shrinkage=0.045


Tree=197
num_leaves=23
num_cat=20
split_feature=0 4 0 3 0 0 3 0 3 0 3 2 3 0 3 0 5 1 3 4 5 3
split_gain=1.31339 1.03904 3.13316 0.934345 1.78349 1.21362 1.07386 0.912678 1.25078 0.879214 0.705744 0.641977 1.10621 0.624326 1.40777 0.600908 0.575244 0.55726 0.93239 0.778423 0.562235 0.947113
threshold=0 1 2 3 4 5 6 7 8 9 10 11 12 13 14 15 1.8688348091416842 16 17 18 3.8393944990995772 19
decision_type=9 1 9 9 9 9 9 9 9 9 9 9 9 9 9 9 10 9 9 1 8 9
left_child=-1 2 -2 4 10 6 -5 8 16 -6 -3 12 -4 14 15 -9 -7 18 -11 -20 -19 -22
right_child=1 3 11 5 9 7 -8 13 -10 17 -12 -13 -14 -15 -16 -17 -18 20 19 -21 21 -23
leaf_value=55.887142611953927 152.96360683648203 -26.68529188905838 107.74302322605631 -101.21427919639952 -38.907411444056692 183.27780746507077 -2.967125166492111 2.8873518718608842 -31.057542825151554 -29.721907537778026 78.347050243934888 -175.3318789550049 -156.96847481787086 1.5331549773699054 1.5061355284773561 30.793891631575899 2.5044423036919747 -78.135124417472625 9.31673819464317 1006.5350447582757 5.8472206687963784 -22.554339144914028
leaf_weight=101 115 122 106 341 1108 119 1092 107 1463 102 377 577 206 11515 1229 267 1356 762 156 35 856 863
leaf_count=101 115 122 106 341 1108 119 1092 107 1463 102 377 577 206 11515 1229 267 1356 762 156 35 856 863
internal_value=-0.000100863 -0.000124662 -0.00153877 -5.96664e-05 -0.00064637 8.76796e-05 -0.00116159 0.000199962 -0.000515594 -0.000973037 0.00185812 -0.00244229 -0.000722223 0.000360547 0.00118978 0.00356736 0.00040854 -0.000539484 0.00128361 0.00308128 -0.000759929 -0.000311157
internal_weight=22975 22874 1004 21870 4381 17489 1433 16056 2938 3882 499 889 312 13118 1603 374 1475 2774 293 191 2481 1719
internal_count=22975 22874 1004 21870 4381 17489 1433 16056 2938 3882 499 889 312 13118 1603 374 1475 2774 293 191 2481 1719
cat_boundaries=0 12 13 26 28 42 56 58 71 73 87 89 90 92 106 108 121 123 124 125 127
cat_threshold=0 0 0 0 0 0 0 64 134217728 0 0 16777280 1 33554432 0 0 0 0 0 0 0 0 0 0 2147484672 1 773993484 2627 2149613568 83886080 1 2105344 1703936 0 0 8192 2048 1073741826 0 1056772 13312 2 81932 1073741828 0 2097280 2416001024 2048 0 1476403200 8 1073742339 2101248 8197 536576 2 1090781216 118800 3221520384 84082704 268435456 268443648 131072 536871936 640 0 0 16803844 570425376 2148696096 2147483648 3230663440 241816 33554432 41957408 0 0 256 0 0 0 32772 4752392 285212672 2654224 32933 5 2097156 2050 50 131096 262208 25165824 2155872256 2214592640 64 1073741836 0 256 32768 0 67240208 16777216 524544 1213604 1 589936 16432 0 0 0 0 0 0 0 0 0 0 0 256 32800 134251553 8384 136196 4 67245068 514
is_linear=0
shrinkage=0.045


Tree=198
num_leaves=23
num_cat=20
split_feature=0 0 3 3 0 3 0 3 0 5 2 5 0 3 0 1 1 3 2 0 3 3
split_gain=1.00448 0.926927 1.51463 1.01383 1.5442 1.37103 1.07685 0.832241 0.80666 0.789447 0.887877 0.651742 0.601837 0.970505 0.648384 0.588038 0.555936 0.6834 0.516898 0.77094 0.71344 0.547669
threshold=0 1 2 3 4 5 6 7 8 2.6735537653587347 9 3.3842466058243152 10 11 12 13 14 15 16 17 18 19
decision_type=9 9 9 9 9 9 9 9 9 10 9 8 9 9 9 9 9 9 9 9 9 9
left_child=-1 2 -2 4 5 -3 7 -5 -6 -9 -11 -7 13 14 -8 -12 17 -10 20 -20 -4 -21
right_child=1 3 18 6 8 11 12 9 16 10 15 -13 -14 -15 -16 -17 -18 -19 19 21 -22 -23
leaf_value=10.315857705159974 -84.023419182301396 -20.006332699059787 -157.9490847446931 -61.367070202619395 -41.274552543189152 -11.267019401802541 20.884712883925271 -154.64182600550578 205.37046916427849 62.783831760173321 30.825010503675617 75.810527481531949 3.0724439484240933 3.5968608419786174 -14.349585495116331 -15.529390285789576 -8.7529770676389376 -9.9840144887958111 -158.59854878312271 36.442369227046626 1.0923381744967053 -0.020481110566456791
leaf_weight=126 437 280 340 607 975 67 105 145 104 195 157 280 9748 1958 1277 569 4398 130 107 232 321 417
leaf_count=126 437 280 340 607 975 67 105 145 104 195 157 280 9748 1958 1277 569 4398 130 107 232 321 417
internal_value=-0.000110655 -0.000133657 -0.00109486 -4.81993e-05 -0.00052882 0.00157042 0.000155045 -0.000916025 -0.000766419 -0.000150279 0.000336402 0.003422 0.000292671 -0.000228223 -0.0011363 -0.00040244 -0.000515505 0.00157317 -0.000368441 0.000433593 -0.00127712 0.00102799
internal_weight=22975 22849 1854 20995 6234 627 14761 1673 5607 1066 921 347 13088 3340 1382 726 4632 234 1417 756 661 649
internal_count=22975 22849 1854 20995 6234 627 14761 1673 5607 1066 921 347 13088 3340 1382 726 4632 234 1417 756 661 649
cat_boundaries=0 12 25 27 29 43 45 59 61 74 75 89 91 104 106 107 109 110 121 123 125
cat_threshold=131136 0 0 0 0 0 0 1024 134217728 0 0 16777280 1077952512 2147565600 0 2418016896 16640 3136 0 1342177344 8 1073744388 815792128 8 139264 18225168 624 1847747622 150531 4096 2490368 536870912 8192 12 0 0 0 0 9961472 0 1057408 5124 2 1747067904 131074 69636 1076232196 2147483648 8196 65548 0 256 134217728 0 2621440 16781448 1057284 528384 2 5312576 66092 8388616 100665424 1 0 1048576 570425600 0 0 1024 4227328 100794368 2131968 67127329 34 32768 25167872 603979776 0 134742016 0 640 0 537397248 2173718530 33554480 32929 2147483654 4 291248968 13056 0 0 536870912 0 0 0 0 0 0 1048576 33554448 1 2 16 2560 671612960 1058 16384 83 4194304 65536 0 0 16384 2112 0 0 8 2048 2097152 2684912164 6276 2156445794 2048
is_linear=0
shrinkage=0.045


Tree=199
num_leaves=23
num_cat=20
split_feature=0 3 0 3 0 0 3 0 3 5 0 0 5 3 4 2 0 0 1 3 2 0
split_gain=1.18033 1.07123 1.54654 1.14349 1.33524 1.00426 1.03868 1.00381 0.851586 0.787976 0.785766 0.776937 0.750211 0.690008 0.598425 0.925395 1.78162 0.67943 0.922592 0.913823 0.695675 2.17975
threshold=0 1 2 3 4 5 6 7 8 5.2857353797162627 9 10 5.0657496176235997 11 12 13 14 15 16 17 18 19
decision_type=9 9 9 9 9 9 9 9 9 10 9 9 10 9 1 9 9 9 9 9 9 9
left_child=8 2 3 4 -2 6 -3 -5 -1 12 -4 13 -8 -7 15 16 -13 -16 19 -19 21 -20
right_child=1 5 10 7 -6 11 9 -9 -10 -11 -12 14 -14 -15 17 -17 -18 18 20 -21 -22 -23
leaf_value=-37.262706148188521 -24.751592027135079 -2.5329764405800774 -46.186329212769792 -76.35716943921804 133.93319810744893 -109.36605314638184 26.147536136226819 8.9921473224647048 -2.1365502218008814 -50.95252572197068 -10.618504197376939 293.35877635881769 22.852607880828597 1.1078676605024027 -4.5139762779533443 -370.17520549968634 -145.05111204997161 -9.1421418724094625 -33.259620873890881 262.45863032946846 1.3589847181090011 215.488338949839
leaf_weight=570 132 521 472 343 346 328 623 464 808 72 3673 105 39 304 4024 251 187 106 237 140 8917 313
leaf_count=570 132 521 472 343 346 328 623 464 808 72 3673 105 39 304 4024 251 187 106 237 140 8917 313
internal_value=-0.000114572 -3.26958e-05 -0.000578832 0.000780647 0.00249796 0.000151028 0.0013674 -0.000258243 -0.00138561 0.00244906 -0.00100132 4.76403e-05 0.00296837 -0.00148137 0.000116498 -0.00134587 0.000414473 0.000174575 0.000378045 0.00303488 0.000305253 0.00184164
internal_weight=22975 21597 5430 1285 478 16167 1255 807 1378 734 4145 14912 662 632 14280 543 292 13737 9713 246 9467 550
internal_count=22975 21597 5430 1285 478 16167 1255 807 1378 734 4145 14912 662 632 14280 543 292 13737 9713 246 9467 550
cat_boundaries=0 13 15 29 31 44 57 59 73 75 89 103 105 106 107 120 133 135 137 138 150
cat_threshold=1073758208 1074085888 192 2415919744 260 0 512 1476411392 4104 2564 815792128 16777224 8192 1847723046 411651 35983360 75628560 536870912 8192 557056 1024 0 66560 536870912 1084228608 128 1057408 2147488260 3 134217764 16384 2097152 67239952 0 0 0 0 0 0 0 0 128 1048576 2147483648 2172649488 2147483728 1140854784 64 1073742344 260 0 0 65540 164144 131072 268959824 2228353 17142296 408 33554432 8388608 0 0 557056 1024 0 0 536870912 8389632 0 0 516 1 2869334064 16504 2155872272 16780352 0 2097152 131080 256 0 0 4 4227072 33554448 524288 0 4 4198404 0 2147483648 8192 81920 3072 0 0 0 1075838976 1073741832 8192 528384 18 14155792 102948 1 38 0 0 0 0 0 0 0 0 0 0 0 2147485312 8 32768 131108 536870912 0 134774784 0 320 8256 536905728 93863937 128 2148663457 2147745794 2147483712 176 8421376 4228 97 0 0 0 0 0 0 0 0 1024 0 4096 2099968
is_linear=0
shrinkage=0.045


Tree=200
num_leaves=23
num_cat=19
split_feature=0 0 3 3 0 0 3 0 0 3 2 0 3 5 1 5 1 2 0 3 5 0
split_gain=1.33323 1.12626 0.886356 0.874899 2.10183 1.03126 1.25584 0.901317 0.70204 1.36342 1.28595 0.921026 0.787436 0.685158 0.585285 0.526585 0.469843 0.574694 1.44025 1.41615 1.0745 0.91678
threshold=0 1 2 3 4 5 6 7 8 9 10 11 12 3.8606743063089755 13 4.2972622671762819 14 15 16 17 4.3882378946731615 18
decision_type=9 9 9 9 9 9 9 9 9 9 9 9 9 10 9 10 9 9 9 9 8 9
left_child=2 -2 -1 4 -3 6 -5 13 9 10 -7 -11 -13 -6 -8 -15 -10 18 19 20 -18 -19
right_child=1 3 -4 5 7 8 14 -9 16 11 -12 12 -14 15 -16 -17 17 21 -20 -21 -22 -23
leaf_value=-83.495048595433886 16.253991956788404 -47.496495509435711 -4.9863389628929218 -78.732291456268868 -1.4441346072142813 2.1722736960622959 36.788614571662592 -1.6135452791427671 106.33606526790641 2.7210166412878816 -152.57922898404135 4.5238933981003759 116.81936771618572 103.31648207438555 -7.5670062958234343 104.34587115719948 217.68275082483214 20.234981710241637 -86.207822802263976 -19.841501287587235 7.3253641012903321 0.36040535891756559
leaf_weight=382 106 1545 834 990 144 639 254 3672 173 379 242 217 223 59 212 137 168 1278 784 746 353 9438
leaf_count=382 106 1545 834 990 144 639 254 3672 173 379 242 217 223 59 212 137 168 1278 784 746 353 9438
internal_value=-0.000118489 -3.69998e-05 -0.00156108 -6.08596e-05 -0.000547047 0.000107275 -0.00102997 -2.23765e-06 0.000221129 0.00107769 -0.000156216 0.00238809 0.00378318 0.00217329 0.000884936 0.00395454 0.000107704 7.50048e-05 -0.000612943 0.000327208 0.00210225 0.000207214
internal_weight=22975 21759 1216 21653 5557 16096 1456 4012 14640 1700 881 819 440 340 466 196 12940 12767 2051 1267 521 10716
internal_count=22975 21759 1216 21653 5557 16096 1456 4012 14640 1700 881 819 440 340 466 196 12940 12767 2051 1267 521 10716
cat_boundaries=0 13 27 29 31 44 58 60 74 87 89 90 102 104 106 108 109 122 124 137
cat_threshold=1073741824 1073823808 4224 2097232 4 0 512 1476395008 8 2149583428 547422224 8 32 131136 0 0 2147483648 1073741824 0 0 0 134217728 0 0 64 0 16 2303132688 2128 773864484 347651 8388608 33560628 0 1 134349056 570425408 0 90112 33796 49162 33554560 268468484 8193 4308996 0 536870912 268444164 2148614144 3072 0 0 0 1091043328 1073745920 1179777 2625536 2 13255250 12644 49152 67108864 536870912 8192 1048576 0 0 0 0 1073742080 0 8321 1024 2 16777216 2147614736 1073741824 32769 520 33554496 0 16384 69636 67273008 160 285741332 131073 9552456 139420 22 0 131072 0 0 8 64 0 0 4 131072 0 16777492 16777232 4096 34820 3072 64 176 2 2181038080 4096 0 0 8519680 0 0 8192 0 0 0 2147518976 32792 2156937240 12384 10485776 0 0 0 8519936 257 0 0 0 8 67108864 1024 1028
is_linear=0
shrinkage=0.045


Tree=201
num_leaves=23
num_cat=16
split_feature=0 3 0 0 3 0 3 5 0 3 0 0 0 3 5 1 1 5 1 5 5 5
split_gain=1.38711 1.07708 1.81375 1.10385 1.0026 0.823597 1.16247 0.764412 0.973979 0.753852 0.79685 0.73023 0.687786 0.62632 0.832444 0.817502 0.783213 0.577613 0.568302 0.989452 0.570877 0.565609
threshold=0 1 2 3 4 5 6 3.5694334999727624 7 8 9 10 11 12 5.9801499880778026 13 14 4.166635176627655 15 4.1820210059610323 3.795426061844291 5.2600927804663344
decision_type=9 9 9 9 9 9 9 10 9 9 9 9 9 9 8 9 9 10 9 10 8 10
left_child=9 2 -2 4 -3 6 -5 -6 17 12 -11 -4 -1 16 15 -15 -13 -9 19 20 -7 -10
right_child=1 3 11 5 7 18 -8 8 21 10 -12 13 -14 14 -16 -17 -18 -19 -20 -21 -22 -23
leaf_value=6.9685848857344119 -47.275070842601686 0.053018563563903831 -9.3645281332944066 -62.948207341740442 2.5543635329557453 224.27323933808526 0.27940016143612401 66.819755058997686 74.639857181403926 22.863138009529511 -16.466697516104468 -35.063132506808273 -80.304720960081355 9.26112476813997 410.90113679089882 -67.560251030113861 20.881818208640432 -0.96991144758130499 0.62130458865927385 447.69017649957414 -288.01064960174517 -9.3334397432283467
leaf_weight=111 1125 704 2127 599 230 61 855 112 235 373 214 240 579 253 54 290 1059 188 13433 54 35 44
leaf_count=111 1125 704 2127 599 230 61 855 112 235 373 214 240 579 253 54 290 1059 188 13433 54 35 44
internal_value=-0.000126323 -4.10421e-05 -0.000608722 0.000135852 0.00128951 1.88374e-05 -0.000994544 0.00236236 0.00326076 -0.00156051 -0.00035309 -0.000159481 -0.0025641 0.000481131 -0.00071675 -0.0012633 0.00103318 0.00129808 0.000128097 0.00277778 0.000183672 0.00511856
internal_weight=22975 21698 5148 16550 1513 15037 1454 809 579 1277 587 4023 690 1896 597 543 1299 300 13583 150 96 279
internal_count=22975 21698 5148 16550 1513 15037 1454 809 579 1277 587 4023 690 1896 597 543 1299 300 13583 150 96 279
cat_boundaries=0 13 15 28 41 43 57 59 71 73 86 99 110 112 114 116 118
cat_threshold=1073741824 81920 2147483776 656 516 1024 512 1476395008 65544 2149583428 547422224 8 131104 773983268 216065 2155872272 67110996 536870912 1 1179904 570425344 0 0 1028 37130 302121088 557328 2176 8388624 2147614720 1073745920 268435521 1342177288 33554496 0 16384 1028 33072 0 268960080 2097153 25268760 8408 4308996 32 0 8196 81920 2052 0 64 0 1158676482 32 131105 536582 2 1087115778 307984 0 131072 0 0 268435456 33554432 0 0 1028 16 0 272 21959762 6356 1073741824 0 0 656 4 1024 0 1073741824 8 2097216 16 0 32 2097152 33697824 0 2097152 142606336 0 0 0 34816 13779968 4096 2149586944 67142169 0 16384 0 0 0 0 0 402653184 65536 2052 8388608 235013120 83968 1048692 1024 1065296 24 2147483712 144
is_linear=0
shrinkage=0.045


Tree=202
num_leaves=23
num_cat=18
split_feature=0 0 3 0 5 0 3 3 0 3 2 0 0 5 2 1 3 1 5 0 5 0
split_gain=1.55275 0.897222 0.839607 2.11157 0.97339 0.925547 0.783143 0.782309 0.584554 0.867236 0.712138 0.773009 0.581873 0.8543 0.524819 0.697672 0.688862 1.42747 0.591111 0.67244 0.518295 0.516901
threshold=0 1 2 3 7.111919780603535 4 5 6 7 8 9 10 11 3.4498615536424366 12 13 14 15 6.5316059599741179 16 5.6365721362514982 17
decision_type=9 9 9 9 10 9 9 9 9 9 9 9 9 8 9 9 9 9 8 9 8 9
left_child=7 -2 3 -3 12 6 -4 -1 9 10 11 -7 13 -5 15 -14 17 -16 19 -18 -21 -11
right_child=1 2 5 4 -6 8 -8 -9 -10 21 -12 -13 14 -15 16 -17 18 -19 -20 20 -22 -23
leaf_value=-45.411417341444064 9.5553296738662841 -40.622388022669249 -69.331641127115674 -140.07023132754372 158.05763506009674 -73.759647466673485 1.4605393208586555 -4.4824446997508485 0.63772410502759758 0.060810424494760727 -20.058837032351651 10.091564394724516 -57.546873910298487 66.913687316939587 92.631537632522353 121.03166477441735 -44.36294132655577 -79.245181132745273 32.799875355827218 3.0236360167456331 -16.279184679885766 34.904863577527586
leaf_weight=506 129 1464 780 73 38 122 698 788 12654 328 374 275 117 275 101 463 529 686 151 1473 234 717
leaf_count=506 129 1464 780 73 38 122 698 788 12654 328 374 275 117 275 101 463 529 686 151 1473 234 717
internal_value=-0.000126323 -3.54733e-05 -5.88492e-05 -0.000532052 -1.08392e-05 0.000107706 -0.000960404 -0.00163323 0.00021751 0.000969911 -0.000178162 0.00113325 -7.89484e-05 0.00165 -0.000243761 0.000988175 -0.000471752 -0.0016164 -8.81628e-05 -0.00027346 0.00016492 0.00180937
internal_weight=22975 21681 21552 5604 4140 15948 1478 1294 14470 1816 771 397 4102 348 3754 580 3174 787 2387 2236 1707 1045
internal_count=22975 21681 21552 5604 4140 15948 1478 1294 14470 1816 771 397 4102 348 3754 580 3174 787 2387 2236 1707 1045
cat_boundaries=0 13 25 27 40 54 56 58 72 74 75 88 102 103 105 107 109 122 136
cat_threshold=1082130448 344064 2751467648 80 512 1024 512 1476396032 8 2149583428 10551296 8 32 0 0 0 268435456 0 4 0 0 134217728 0 0 16777280 775300132 289795 2359296 7216 1 2097152 269484032 536870912 0 16384 33796 21770 16 557312 67119105 33603660 1075838976 0 8705 1073823748 2048 0 8192 0 17833986 536875048 131585 528384 18 2148126728 135980 587617886 2128 18874368 2147485776 0 32772 2147483656 33554753 0 16384 69636 67109168 131088 268435728 67240065 4 8999624 98512 6 2097152 0 0 4 0 0 0 0 0 0 0 0 67108864 33554432 77594624 0 8193 4 0 0 0 0 1179648 0 2105856 4096 2 112 1064976 512 35913732 2048 1048673 65536 0 16908288 0 0 0 0 0 0 2048 0 184549376 2048 2147484700 0 64 0 32768 0 33554689 0 0 65540 67108880 0 16 128 4
is_linear=0
shrinkage=0.045


Tree=203
num_leaves=23
num_cat=15
split_feature=0 0 3 0 0 3 0 5 3 5 3 1 3 5 3 0 3 2 5 5 5 5
split_gain=1.49816 1.26214 0.903163 1.85331 0.857032 0.748906 0.735861 0.855088 0.614594 0.563182 0.678602 0.714774 0.553586 0.477447 0.769527 0.457795 1.11756 0.959685 0.797757 0.929828 0.649389 0.648108
threshold=0 1 2 3 4 5 6 6.6612149451924996 7 3.795426061844291 8 9 10 4.9732735209982879 11 12 13 14 4.3630783395783075 4.5379471377116305 5.4909995847486188 2.9174053685313028
decision_type=9 9 9 9 9 9 9 10 9 8 9 9 9 10 9 9 9 9 8 10 10 8
left_child=5 -2 3 -3 13 -1 7 8 -4 12 -11 -12 -6 14 -5 16 -8 20 -19 -20 21 -18
right_child=1 2 6 4 9 -7 15 -9 -10 10 11 -13 -14 -15 -16 -17 17 18 19 -21 -22 -23
leaf_value=-76.846879775980966 16.08526999125715 -46.207652682982463 -39.515954468476352 -0.035798660824845549 -8.5978554570924448 -3.7315197109365728 -0.11476897837016371 124.39342714337208 -3.7303706993612962 11.687975742275654 -119.04533825345591 4.3453285459166358 -98.668238558693474 -5.9473620028567469 234.78158022187839 0.4573914371166059 -6.8780227903227598 -57.173469801876692 194.35418516508548 0.52002606452907452 -4.7608599472019941 62.926545598635087
leaf_weight=397 115 1445 819 140 271 765 1549 58 1595 591 323 447 232 125 196 13002 58 180 37 119 95 416
leaf_count=397 115 1445 819 140 271 765 1549 58 1595 591 323 447 232 125 196 13002 58 180 37 119 95 416
internal_value=-0.000128282 -4.39186e-05 -7.0061e-05 -0.000702011 8.66485e-05 -0.00169421 6.32096e-05 -0.000655798 -0.000789736 -0.000345417 0.000128759 -0.000748083 -0.00163069 0.0017981 0.00271598 0.000178626 0.000740875 0.00198746 5.17231e-05 0.0023924 0.00310585 0.00383823
internal_weight=22975 21813 21698 3770 2325 1162 17928 2472 2414 1864 1361 770 503 461 336 15456 2454 905 336 156 569 474
internal_count=22975 21813 21698 3770 2325 1162 17928 2472 2414 1864 1361 770 503 461 336 15456 2454 905 336 156 569 474
cat_boundaries=0 13 25 27 40 53 55 69 71 73 75 77 79 92 94 95
cat_threshold=1090519056 65536 2751463488 192 2164261384 1024 0 1342193664 4104 2149583424 2097160 8 32 0 0 0 0 1073741824 4 0 1088 134217728 0 0 64 237117476 19459 2149613568 16792628 0 2097153 8519936 536870912 0 0 1028 32778 301989904 2654468 2056 33554432 8388608 0 8192 32772 0 0 0 536870912 1074266112 4096 1057408 9728 558765570 2256 33554496 393216 1073745920 268443648 98308 2048 256 32768 536903680 1091567622 545394688 131616 2147483654 2 538218056 271280 167911428 1024 540673 66560 2228256 18433 2228228 3074 2149646336 2147484752 0 2129937 8388672 33554496 640 0 65536 67109168 1073741840 268435728 131201 5331738 70116 6
is_linear=0
shrinkage=0.045


Tree=204
num_leaves=23
num_cat=16
split_feature=0 0 3 0 0 3 3 1 3 5 0 3 5 1 3 5 5 0 5 0 5 0
split_gain=1.43245 1.14697 0.782467 2.72997 0.900628 0.922031 0.731691 0.641099 0.658835 0.565417 0.552027 1.94012 0.839016 0.743493 0.920662 0.834008 0.807917 0.541432 0.53525 0.522242 0.583707 0.521758
threshold=0 1 2 3 4 5 6 7 8 6.590987390102673 9 10 2.6735537653587347 11 12 3.8393944990995772 3.8176519431297078 13 4.2413008733233104 14 5.1029059508623904 15
decision_type=9 9 9 9 9 9 9 9 9 8 9 9 10 9 9 10 10 9 10 9 10 9
left_child=6 -2 3 21 5 17 -1 8 -5 -10 11 19 -13 14 -14 -16 -15 -4 -18 -6 -21 -3
right_child=1 2 4 7 10 -7 -8 -9 9 -11 -12 12 13 16 15 -17 18 -19 -20 20 -22 -23
leaf_value=-91.325727373858356 24.092128404526086 -45.989497141525142 -13.615471577696434 -134.622715097471 -47.523264144208561 1.6791650005883427 -4.1128166722294885 31.564666581424937 -1.1415610445301534 418.507118037228 0.4484567168257913 -5.0482704696046152 0.052533413157746366 77.368480771355252 -19.675609214374575 74.518955745502168 -7.1553715375768752 -90.731243534320086 127.43676207853106 -5.7153608638015179 48.348798394577059 -73.917393971529862
leaf_weight=366 119 742 723 158 331 1084 858 667 867 74 14228 155 364 87 75 297 51 553 135 467 98 476
leaf_count=366 119 742 723 158 331 1084 858 667 867 74 14228 155 364 87 75 297 51 553 135 467 98 476
internal_value=-0.000126323 -4.15624e-05 -6.6948e-05 -0.00074199 4.1478e-05 -0.000777826 -0.00161651 0.000389763 -0.000279479 0.000184154 0.000160674 0.000847007 0.00205102 0.00254154 0.00170856 0.00325781 0.00453158 -0.00159317 0.00296808 -0.000723569 0.000116983 -0.00237073
internal_weight=22975 21751 21632 2984 18648 2360 1224 1766 1099 941 16288 2060 1164 1009 736 372 273 1276 186 896 565 1218
internal_count=22975 21751 21632 2984 18648 2360 1224 1766 1099 941 16288 2060 1164 1009 736 372 273 1276 186 896 565 1218
cat_boundaries=0 14 26 28 41 55 57 59 61 63 77 79 81 83 96 109 122
cat_threshold=1073741840 81920 2684358784 592 16777792 1024 640 268435456 4104 2147486276 10485784 8 32 16 0 64 0 0 1073741824 0 0 1088 134217728 0 0 64 773849120 57345 2129920 16923696 0 2097152 134217984 536870912 0 8192 1024 20490 16777216 2150143232 2147493889 262216 262176 1073741824 8193 81924 2048 256 0 536870912 91227136 268636288 131104 524418 1 2053660 395366 21954582 10320 806900736 77360 35651584 1 2149597185 3221356560 0 268468224 8 33554501 0 16384 65536 135216 16777216 268448000 2236417 4 4463432 70612 540933 66566 10208256 2048 0 32 0 0 16384 2048 256 0 536870912 22021120 196608 0 2 0 131072 0 0 0 33554432 0 0 65536 135168 16777216 8192 8192 2129920 135200 0 0 134217984 0 0 8192 0 8 0 2147484672 2147483649
is_linear=0
shrinkage=0.045


Tree=205
num_leaves=23
num_cat=18
split_feature=0 3 0 3 0 0 3 0 2 0 5 5 4 3 5 0 5 2 0 3 0 3
split_gain=1.4633 0.931676 0.759144 0.673138 1.93245 0.786967 1.03135 0.727595 0.615269 0.42893 0.426676 0.917998 0.413257 0.69591 0.402223 0.390788 0.646221 0.375435 2.50295 2.05938 1.71861 2.18913
threshold=0 1 2 3 4 5 6 7 8 9 4.6491756246494491 5.0336952619030333 10 11 5.9952067579627961 12 4.9522934739897151 13 14 15 16 17
decision_type=9 9 9 9 9 9 9 9 9 9 8 10 1 9 10 9 8 9 9 9 9 9
left_child=1 15 -2 4 14 6 -5 10 12 -8 -6 -12 13 -9 -4 16 -1 18 -7 -20 21 -19
right_child=2 -3 3 5 7 17 9 8 -10 -11 11 -13 -14 -15 -16 -17 -18 20 19 -21 -22 -23
leaf_value=-151.01048294619468 42.137363324898736 -1.2054961670905437 -82.830818836190389 -66.68956408058979 7.0854831782822121 -212.68191555047622 -45.564702586479378 -17.191484564120064 -27.491273117951497 5.8668909581292175 492.31642436093978 18.192620563767967 83.946918439755279 20.830372763531578 132.06812137315362 -118.07136655415292 98.788574266044719 96.24291091953377 255.8567314441616 -0.45642532405389796 0.17706583736030965 0.41258488586547842
leaf_weight=73 107 626 844 808 167 457 225 239 346 1163 39 50 165 151 54 340 36 467 109 592 15275 642
leaf_count=73 107 626 844 808 167 457 225 239 346 1163 39 50 165 151 54 340 36 467 109 592 15275 642
internal_value=-0.000147866 -0.00175943 -6.77722e-05 -8.72976e-05 -0.000859943 -6.38082e-06 -0.000807066 0.000357997 -0.00025137 -5.78582e-05 0.00241791 0.0049945 0.000674602 -0.000114797 -0.00241319 -0.00330911 -0.000706613 9.43364e-05 -0.000684616 0.00100351 0.000149853 0.00185058
internal_weight=22975 1075 21900 21793 2055 19738 2196 1157 901 1388 256 89 555 390 898 449 109 17542 1158 701 16384 1109
internal_count=22975 1075 21900 21793 2055 19738 2196 1157 901 1388 256 89 555 390 898 449 109 17542 1158 701 16384 1109
cat_boundaries=0 13 15 28 30 43 57 59 71 72 86 87 89 100 101 113 115 128 130
cat_threshold=1073741840 65536 2684358784 268435520 1090519560 64 640 268435456 65544 2147486276 2162696 8 8224 2705525300 26832 0 0 0 0 0 4 0 32768 134217728 0 0 64 131072 236978208 294915 2129920 67116068 0 2097152 134217728 536870912 0 65536 1024 4106 0 2655488 2214625308 278600 2147500032 0 2147492352 81988 3072 0 1073742848 536870912 1091699712 142737536 131120 2 16 3775810572 76616 0 0 1 0 0 1024 0 0 536872960 1082131456 134217856 528 52 278528 0 0 0 81920 1024 0 1073741824 0 0 0 32 0 16 4 134217760 32768 16 0 0 0 0 64 512 268435456 0 2052 2097152 1 33554432 0 0 0 0 0 0 0 0 0 4144 2147486592 5898240 132 2181038080 0 1073741824 1 0 0 256 16448 0 67108880 4144 15232 128 2701983774 92216
is_linear=0
shrinkage=0.045


Tree=206
num_leaves=23
num_cat=19
split_feature=0 3 0 3 0 0 3 2 1 0 5 2 3 0 5 5 0 0 3 3 0 0
split_gain=1.37119 0.937321 0.903862 0.776761 1.31631 0.494818 1.60874 0.883306 1.01519 0.679709 0.53658 0.516304 0.534044 0.430335 0.570584 0.428133 1.80642 1.73975 1.64476 1.34488 1.8179 1.58661
threshold=0 1 2 3 4 5 6 7 8 9 3.7256208424938388 10 11 12 4.9732735209982879 4.0689902272260703 13 14 15 16 17 18
decision_type=9 9 9 9 9 9 9 9 9 9 8 9 9 9 10 10 9 9 9 9 9 9
left_child=1 -1 -2 4 -4 6 -5 9 10 -8 -9 -11 -13 14 -3 17 18 -7 -17 20 -19 -21
right_child=2 13 3 5 -6 15 7 8 -10 11 -12 12 -14 -15 -16 16 -18 19 -20 21 -22 -23
leaf_value=0.42448988885665834 31.518620655342481 -38.691594782413041 36.196535565531363 -57.556166748904793 -26.840118953948071 -30.032739653413074 -92.589445160518395 6.5036466277710048 -9.2965142087259025 200.54738726744858 219.85501048379447 -170.1719610134798 9.6560278842872869 -87.365652550653436 54.67660132885748 7.5239955919061616 4.585391227280935 21.744043086101815 -48.218274719741622 -4.9099986381029312 -45.058099073978568 18.871517167483521
leaf_weight=380 101 187 344 686 1158 1828 328 63 119 105 90 136 266 474 44 1488 7799 604 1534 1399 1289 2553
leaf_count=380 101 187 344 686 1158 1828 328 63 119 105 90 136 266 474 44 1488 7799 604 1534 1399 1289 2553
internal_value=-0.000149825 -0.00170237 -7.19123e-05 -9.26803e-05 -0.00107596 -1.92877e-05 -0.000730472 0.000333779 0.00250352 -0.000398466 0.00482727 0.000632947 -0.000130436 -0.00266737 -0.000944445 5.00908e-05 0.000232421 -0.000206972 -0.000700067 0.000172869 -0.000810237 0.000644802
internal_weight=22975 1085 21890 21789 1502 20287 1793 1107 272 835 153 507 402 705 231 18494 10821 7673 3022 5845 1893 3952
internal_count=22975 1085 21890 21789 1502 20287 1793 1107 272 835 153 507 402 705 231 18494 10821 7673 3022 5845 1893 3952
cat_boundaries=0 13 15 28 30 43 56 58 59 61 74 75 77 90 103 117 119 121 134 148
cat_threshold=1073741840 2147549184 3221229568 268435520 1090519560 64 640 268451904 65544 2628 2097176 8 160 43009098 74284 64 0 128 0 0 0 0 0 134217728 0 65536 64 131072 236978176 262147 0 8192 0 0 655360 1024 0 0 536870912 1082654720 134217856 2148532368 1 2147504136 16416 0 2147492480 81924 3072 0 0 4 3306192896 42078208 131232 2101250 5131326 840 85 16 1088 0 16416 0 0 16384 0 0 0 0 1074790400 4096 128 2 80 16777216 65668 0 0 1073745920 0 512 64 0 16384 65536 2052 2097152 0 32 8650752 1040 67108864 0 403177472 553652480 0 40960 536908800 655362 32 2150664209 1024 98305 33556480 536870913 0 164096 0 0 134217728 2048 12600320 1962934400 17302016 9453585 1 2156289820 148 1602568 64272 8388608 67108868 0 2097152 9961472 0 0 0 33792 0 134217728 2149581073 2147516420 14942212 1140850756 0 2097153 9961472 536870912 0 1073741824 0 256 134217760 3145985 2214625284 6
is_linear=0
shrinkage=0.045


Tree=207
num_leaves=23
num_cat=18
split_feature=0 0 3 3 0 0 0 3 5 4 5 3 1 5 5 0 3 0 3 3 0 3
split_gain=1.36017 1.15418 0.791681 0.698221 1.94068 0.940243 0.886294 0.868496 0.710042 0.552555 0.50139 0.744826 0.582319 0.48175 0.455414 1.64837 1.78456 1.27178 1.53735 1.14973 2.65378 1.07382
threshold=0 1 2 3 4 5 6 7 1.8688348091416842 8 3.0201273556387074 9 10 3.4498615536424366 4.0689902272260703 11 12 13 14 15 16 17
decision_type=9 9 9 9 9 9 9 9 10 1 10 9 9 10 10 9 9 9 9 9 9 9
left_child=2 -2 -1 4 8 7 -6 -5 -3 -9 -11 12 13 -12 15 16 -7 18 -16 20 -19 -17
right_child=1 3 -4 5 6 14 -8 9 -10 10 11 -13 -14 -15 17 21 -18 19 -20 -21 -22 -23
leaf_value=-75.086438280184055 3.0237720796257785 507.00307516447441 -1.9596578273195207 -64.122929237072711 -78.22998069335172 -27.259567371024719 -8.5930549271069729 -298.65307150343506 17.150944146576613 61.279177782258444 -177.23630219348775 6.1257875672380582 -59.427576708668511 12.420699423915929 7.7124786219194217 1.5703185714321322 23.953396209726296 -5.7108730127571503 -63.320727210909254 2.6879959092034458 57.658236098977994 -18.568846859063914
leaf_weight=435 220 36 567 824 572 384 2011 57 559 170 44 314 256 316 1104 1800 1207 762 1140 5492 1117 3588
leaf_count=435 220 36 567 824 572 384 2011 57 559 170 44 314 256 316 1104 1800 1207 762 1140 5492 1117 3588
internal_value=-0.000128282 -5.38332e-05 -0.00173965 -8.7458e-05 -0.000702509 1.81568e-05 -0.00123642 -0.00090542 0.0015939 -0.000103936 0.000122503 -0.000289701 -0.00118949 -1.03827e-09 0.000128988 -0.000147616 0.00112009 0.000329884 -0.000606384 0.000614993 0.00157298 -0.000523334
internal_weight=22975 21973 1002 21753 3178 18575 2583 1981 595 1157 1100 930 616 360 16594 6979 1591 9615 2244 7371 1879 5388
internal_count=22975 21973 1002 21753 3178 18575 2583 1981 595 1157 1100 930 616 360 16594 6979 1591 9615 2244 7371 1879 5388
cat_boundaries=0 13 27 29 31 45 59 72 74 75 77 79 92 94 107 109 111 125 127
cat_threshold=1082130456 65536 1107296320 2415919168 2164261384 68 512 268451904 65544 2624 2097152 8 32 0 0 2147483648 0 1073741824 2048 0 1024 134217728 0 0 285212736 0 16 2303529510 149712 505413664 279587 0 8388608 536870913 8192 557312 1024 0 0 536905728 1082164224 33558656 528 516 1 64 2147500032 536875008 8704 82180 1024 64 32768 536903684 1093697540 8523784 160 2 2 2147483648 67111968 0 2097152 0 570425344 0 8192 0 4106 285212672 33024 40960 3758509086 76368 1 29458432 4236 268435505 585 2183413760 75637872 0 2130049 64 16777216 0 8192 1024 524288 33554432 2149613585 659584 1091948676 528 2187612160 8519712 67108865 4 268959744 16781568 0 8192 5120 524290 33554464 2147516433 4224 1082154516 660 1084031048 35352 0 16784384 0 0 134217728 0 0 65536 0 8392968 0 525312 67158533 4 3774976150 196872
is_linear=0
shrinkage=0.045


Tree=208
num_leaves=23
num_cat=16
split_feature=0 0 3 0 0 0 3 0 3 5 0 5 3 5 5 0 5 3 1 4 0 5
split_gain=1.35473 1.17584 0.669873 2.63228 1.25975 1.17625 1.24487 0.883584 1.36228 0.702786 0.733931 0.607514 0.578414 0.621802 0.57196 0.568325 1.39666 0.830603 0.822843 0.938588 0.79812 1.17147
threshold=0 1 2 3 4 5 6 7 8 6.703185102203908 9 3.5408542930527882 10 inf 3.2384861814448418 11 4.2413008733233104 12 13 14 15 4.5053345884235583
decision_type=9 9 9 9 9 9 9 9 9 8 9 10 9 8 10 9 8 9 9 1 9 8
left_child=12 -2 3 -3 -5 6 11 8 -7 10 14 -4 13 -1 -10 -6 18 -18 19 -17 -19 -22
right_child=1 2 5 4 15 7 -8 -9 9 -11 -12 -13 -14 -15 -16 16 17 20 -20 -21 21 -23
leaf_value=-11.946704923018304 73.676774521375819 -64.186836127365012 -66.495161878079955 42.313388620117642 -11.594617986019914 0.38071974256808405 -73.635296026882145 0.65936748907732523 -42.183370460521125 -24.957557133312125 41.578783005537687 15.894513082298902 -10.555526150427534 202.58395732758876 9.4361710132947447 177.84156751055249 -2.5224312705414027 14.253650619945091 -111.90590412247418 -2.9449071849717798 126.11145869241248 80.682306322928213
leaf_weight=554 104 1313 140 438 1955 1026 888 12410 61 91 287 387 724 58 301 73 434 378 601 278 108 366
leaf_count=554 104 1313 140 438 1955 1026 888 12410 61 91 287 387 724 58 301 73 434 378 601 278 108 366
internal_value=-0.00010478 -1.84991e-05 -4.28145e-05 -0.000448792 5.71818e-05 0.000112189 -0.00111948 0.000235973 0.00117435 0.00263298 0.00318663 0.000609461 -0.00148887 -0.000447116 0.00166043 -0.000185138 0.000303999 0.00127174 -0.001 0.000731404 0.00207292 0.0032963
internal_weight=22975 21639 21535 5944 4631 15591 1415 14176 1766 740 649 527 1336 612 362 4193 2238 1286 952 351 852 474
internal_count=22975 21639 21535 5944 4631 15591 1415 14176 1766 740 649 527 1336 612 362 4193 2238 1286 952 351 852 474
cat_boundaries=0 13 25 27 40 54 68 70 83 85 98 100 114 116 118 119 132
cat_threshold=1082130440 1073823744 33554432 268435520 2147484160 33554496 512 268484672 98316 2628 2097152 136 32 0 0 0 0 1073741824 2048 0 1024 134217728 0 8 64 237569056 282163 0 3120 0 1 131072 536871168 0 73728 0 3674122 100663328 268477444 57472 278528 8650752 0 8192 1081348 1024 0 1073741824 3072 1073873152 0 1 8394752 3 81924 41943040 1140850688 8208 1163332 1024 0 1073741824 0 1073905920 1895825408 1 8392704 3 3225455296 4224 50331648 2147615760 2147487744 32769 268566536 257 0 0 0 33 67108864 287354900 2670722 1086620230 102788 33554432 1024 4096 0 8 256 0 0 0 0 0 2129936 49152 2328166456 73884 33554448 143428 536870912 0 411041792 0 0 134217728 536870912 8389632 135184 2149587200 67109379 4 134217760 262179 2281 1056 2 0 83886080 1 0 524544 0 0 0 0 0 128 524304 12
is_linear=0
shrinkage=0.045


Tree=209
num_leaves=23
num_cat=17
split_feature=0 3 0 0 0 0 5 3 2 1 3 4 0 3 0 5 0 3 5 5 0 5
split_gain=1.59306 0.854623 2.01224 1.26385 1.08402 0.93379 1.33723 0.787508 1.12019 0.823311 0.663929 0.631145 1.14379 0.876188 0.698345 0.834959 0.629062 0.618267 0.615916 0.571134 0.527568 0.626836
threshold=0 1 2 3 4 5 4.4005842009683471 6 7 8 9 10 11 12 13 6.6612149451924996 14 15 5.6646935841241897 4.5379471377116305 16 4.5591125415341898
decision_type=9 9 9 9 9 9 8 9 9 9 9 1 9 9 9 8 9 9 10 8 9 10
left_child=10 2 -2 -3 7 6 -4 18 9 -9 -1 14 19 16 15 17 -14 -7 -5 -13 21 -15
right_child=1 3 5 4 -6 11 -8 8 -10 -11 -12 12 13 20 -16 -17 -18 -19 -20 -21 -22 -23
leaf_value=-95.865958552354968 -38.653870342035162 16.450717452795573 -2.7301028086313965 -59.785026619888399 1.0078055515372339 -1.2522622640524059 164.59231356227207 32.476123741523985 -314.91044484221277 -7.6724984545221506 -2.9279662984312065 285.64420156658451 39.417302388534189 -101.85006118837612 -0.56921573821358462 55.677945267704402 -106.62093842196622 -79.760984027314024 95.071661641754616 4.4900685584866853 123.71206642092227 104.58763969656231
leaf_weight=327 1272 305 246 648 14966 277 195 285 188 695 651 69 145 76 1387 72 258 560 41 35 232 45
leaf_count=327 1272 305 246 648 14966 277 195 285 188 695 651 69 145 76 1387 72 258 560 41 35 232 45
internal_value=-0.000134157 -5.45924e-05 -0.000579903 9.50398e-05 4.19651e-05 -3.36669e-05 0.00187748 -0.000979937 -0.000259323 0.000362902 -0.0019 -0.000306819 0.000730857 8.20302e-05 -0.000697129 -0.00165635 -0.00133374 -0.00207569 -0.00217618 0.00488793 0.00168904 -0.000710527
internal_weight=22975 21997 4869 17128 16823 3597 441 1857 1168 980 978 3156 860 756 2296 909 403 837 689 104 353 121
internal_count=22975 21997 4869 17128 16823 3597 441 1857 1168 980 978 3156 860 756 2296 909 403 837 689 104 353 121
cat_boundaries=0 13 15 28 42 56 70 72 73 75 77 78 91 93 106 119 121 134
cat_threshold=1073741833 1073823744 128 268435536 1073742400 64 512 268485696 65544 2628 538968064 8 32 236979240 18995 0 273456 0 2097153 134349056 570425344 0 8192 4 10489866 268435488 2097156 42129 0 2147483664 2147483648 0 268435464 0 0 0 134217728 16 0 268435520 2228224 16 49156 16777220 603979776 8192 2148614148 3072 0 1073741824 34816 3238002720 1140850696 133792 4096 2 2147516416 25165824 0 8192 1048580 1024 0 1073741824 2048 1077936128 0 2176 4096 1 1623388160 172100 22 1610612737 1024 2164546116 19152 4 2097152 4 0 0 524288 0 0 0 0 0 0 33280 67109376 33555488 16928 35651584 4 1 0 8912896 0 0 134283264 536870912 557056 167776256 34304 2214593024 0 0 0 0 8388608 0 0 65536 0 0 0 1024 2147483660 100663296 16416 0 4096 0 0 0 0 0 65536 0 0 0 1024 8
is_linear=0
shrinkage=0.045


Tree=210
num_leaves=23
num_cat=19
split_feature=0 3 0 3 0 5 0 3 0 0 2 3 0 4 0 3 3 0 0 3 5 5
split_gain=1.36654 1.0727 0.965566 0.893668 2.40446 0.838405 0.832919 1.31384 0.795227 0.649253 0.605234 0.876883 0.868271 0.583657 0.567284 1.702 0.681415 1.97171 1.27138 1.01503 1.14806 0.932178
threshold=0 1 2 3 4 3.2769667020129059 5 6 7 8 9 10 11 12 13 14 15 16 17 18 3.795426061844291 4.4484992763719129
decision_type=9 9 9 9 9 8 9 9 9 9 9 9 9 1 9 9 9 9 9 9 8 8
left_child=1 -1 -2 4 -4 13 7 -5 -7 -9 11 -8 -13 -6 15 -12 17 -16 19 -18 -21 -22
right_child=2 -3 3 6 5 8 10 9 -10 -11 14 12 -14 -15 16 -17 18 -19 -20 20 21 -23
leaf_value=-38.196056267200198 9.538375702237845 -2.7565097793091384 -74.873418548643514 -34.129387985046257 36.228994580512179 88.251856014075685 -32.872293725680706 20.894882339905131 1.6313952274224837 -7.1427783618341527 -54.465759918424979 -2.306469819657428 231.73282250515237 -122.22881420235859 17.605289551244454 5.0760800883468171 0.15067103666892612 0.29411957076427242 -2.5893043749451947 128.63350212063381 -13.011681012030929 32.993583721933931
leaf_weight=482 133 713 1169 1195 69 237 117 651 1403 749 1258 152 244 184 1066 1427 904 2581 7391 256 208 386
leaf_count=482 133 713 1169 1195 69 237 117 651 1403 749 1258 152 244 184 1066 1427 904 2581 7391 256 208 386
internal_value=-0.000110655 -0.00158451 -2.89108e-05 -5.33969e-05 -0.000764152 0.000229133 6.41222e-05 -0.000681819 0.000602922 0.000254956 0.000185601 0.00168857 0.00269118 -0.00217059 0.000134514 -0.000458844 0.000259371 0.00077849 5.15988e-05 0.00113647 0.00224478 0.00117785
internal_weight=22975 1195 21780 21647 3062 1893 18585 2595 1640 1400 15990 513 396 253 15477 2685 12792 3647 9145 1754 850 594
internal_count=22975 1195 21780 21647 3062 1893 18585 2595 1640 1400 15990 513 396 253 15477 2685 12792 3647 9145 1754 850 594
cat_boundaries=0 12 14 26 28 41 54 56 69 82 83 85 97 98 111 113 115 129 142 144
cat_threshold=1082130440 3221307392 2147483648 2147484240 512 64 512 1073759296 98316 2564 547360768 8 2300402688 2808 64 0 0 0 1073741824 0 0 0 134217728 0 8 16777280 236988448 278547 2147516416 16915492 0 2097152 134348800 536870912 0 73728 1024 50186 318767104 13572 2147483656 4194304 8388672 536870912 268443648 16842756 3076 256 32768 536870912 3245871104 134348800 655521 2 3759064202 14952 0 8388608 0 8192 0 1024 0 0 0 1082130432 128 3670528 8196 0 8388608 0 8192 16777216 0 0 32768 0 5771264 134348800 32 2 96 4198402 4736 0 0 0 0 32768 0 0 0 1024 0 0 2097152 2 266244 35653668 1 128 16384 16777216 0 268435456 4096 8389634 1073741952 1081856 2361380 3776774912 2732 4036301704 1608 2181103616 67118096 1073741824 2097153 134742016 536870912 0 0 1024 163840 369164304 2052 67158032 3 18923537 17170432 0 32768 72 0 0 65536 3072 16401 16777216 268439824 9581952 4866052 78084
is_linear=0
shrinkage=0.045


Tree=211
num_leaves=23
num_cat=19
split_feature=0 3 0 3 0 0 3 1 5 4 0 0 3 3 0 1 3 0 3 5 5 0
split_gain=1.14211 0.842542 0.814243 0.786322 2.40145 1.25724 1.16165 0.975763 0.859062 0.721537 1.40476 0.989624 1.09964 0.704184 2.43808 1.8176 1.21841 1.08053 0.728956 0.687154 0.669428 1.53553
threshold=0 1 2 3 4 5 6 7 4.4005842009683471 8 9 10 11 12 13 14 15 16 17 7.0492544644954718 3.7494348669884658 18
decision_type=9 9 9 9 9 9 9 9 10 1 9 9 9 9 9 9 9 9 9 8 10 9
left_child=1 -1 -2 4 -4 6 -5 -6 -9 10 -7 12 -11 17 18 16 -16 -13 -15 -17 21 -19
right_child=2 -3 3 5 7 9 -8 8 -10 11 -12 13 -14 14 15 19 -18 20 -20 -21 -22 -23
leaf_value=-75.950061117050808 38.04371455256355 -0.74562129789643383 -32.996995299345784 -54.64407648833523 -5.3522219568461704 31.904782336789832 -0.34879520407543857 -0.5652414745467268 87.814809586295937 -47.432346839186913 -161.69081976293782 -5.3683065844056328 0.98485641103078925 39.574343420128073 2.4046669080186032 5.7164826193531955 184.75636702660398 19.802658587758984 -12.321738880812775 258.07790196948724 12.492731110213926 -13.706504874136893
leaf_weight=446 148 724 1026 795 2881 180 1117 482 400 1381 494 2724 3015 103 111 1333 206 454 1142 80 2741 992
leaf_count=446 148 724 1026 795 2881 180 1117 482 400 1381 494 2724 3015 103 111 1333 206 454 1142 80 2741 992
internal_value=-0.000122406 -0.00148477 -4.84724e-05 -7.20625e-05 -0.000580193 7.25108e-05 -0.0010104 -5.12593e-05 0.00124832 0.00021165 -0.00122485 0.000279752 -0.000281762 0.000529197 0.0011073 0.00219575 0.0052386 0.000278852 -0.000411696 0.00147474 0.000731959 -4.97248e-05
internal_weight=22975 1170 21805 21657 4789 16868 1912 3763 882 14956 674 14282 4396 9886 2975 1730 317 6911 1245 1413 4187 1446
internal_count=22975 1170 21805 21657 4789 16868 1912 3763 882 14956 674 14282 4396 9886 2975 1730 317 6911 1245 1413 4187 1446
cat_boundaries=0 13 15 28 30 44 58 60 62 63 76 89 91 93 106 108 110 123 124 138
cat_threshold=1090519048 3221307392 0 2147484224 1073742400 64 0 17472 65548 35332 547426304 8 128 2164612144 18456 64 0 0 0 0 0 0 0 134217728 0 8 64 8192 237151234 278577 262144 19268640 536870912 2097153 131328 33554432 0 0 3072 4214792 402653200 34820 36352 4 2134020 2052 0 268476560 81920 536873984 960 8192 0 18874370 1073741856 16777249 4100 2 1619857956 47618 403722520 76815 1 2147483648 0 0 0 131072 0 0 0 0 0 0 2415919616 1 131072 33562640 1342177408 0 151552008 32 0 268435456 536903808 8389665 503316608 2147492352 2147500033 827394088 142016 3230155540 202188 0 25170976 0 2097152 268435456 0 0 65536 3072 545040 16777216 3179540 67108914 64 58 537133120 2560 4210688 67502112 536870913 1 2156921088 1 0 1207959552 0 1079640128 16 3670144 67636232 536873088 2189688832 1024 0 2097156 0 0 0 0 1024 24 0 38928 8388642 16
is_linear=0
shrinkage=0.045


Tree=212
num_leaves=23
num_cat=15
split_feature=0 3 0 3 0 0 0 3 3 2 5 0 3 3 5 5 5 5 5 3 1 5
split_gain=1.25426 1.35149 0.741667 0.732779 1.86479 1.52368 1.32475 0.967765 0.953692 0.813966 0.723549 0.679643 0.800844 0.637518 0.594987 1.63071 0.58528 0.598327 1.52653 1.14002 0.878812 0.604388
threshold=0 1 2 3 4 5 6 7 8 9 5.705446369702539 10 11 12 3.7256208424938388 4.2413008733233104 5.9493387708841867 4.6681339642869872 4.1971736807086968 13 14 3.9415346756528771
decision_type=9 9 9 9 9 9 9 9 9 9 10 9 9 9 8 10 10 10 10 9 9 8
left_child=1 -1 14 4 -4 8 7 -6 -5 13 -9 -11 -13 -8 -2 -16 17 18 20 -20 21 -14
right_child=2 -3 3 5 6 -7 9 10 -10 11 -12 12 16 -15 15 -17 -18 -19 19 -21 -22 -23
leaf_value=49.483365785862254 -18.410109634684474 -15.532606269916919 -31.601659036602193 -74.733467276786826 -14.131616243735477 1.4701257902139238 1.7223360514414061 68.835926601737199 -0.20483041049681958 -10.281960945867041 -143.60061729806097 -59.27643055319917 143.18195482464222 -53.586603871375907 161.86092706003245 -9.6703218067224093 216.23380265267596 -5.2840009880700105 -4.2323197408639972 182.10066244694198 -13.328177508953447 -58.902577956091498
leaf_weight=176 103 1036 1190 827 125 13117 278 531 694 1963 40 246 81 767 88 104 144 553 102 182 590 38
leaf_count=176 103 1036 1190 827 125 13117 278 531 694 1963 40 246 81 767 88 104 144 553 102 182 590 38
internal_value=-0.000149825 -0.00155147 -7.08851e-05 -0.000102236 -0.000486701 7.74051e-05 -0.000143313 0.00167797 -0.00126517 -0.000403149 0.00246226 -0.000102405 0.000494352 -0.00151135 0.00212541 0.00366495 0.000846062 0.000593022 0.00125276 0.00402797 0.00013291 0.00346946
internal_weight=22975 1212 21763 21468 6830 14638 5640 696 1521 4944 571 3899 1936 1045 295 192 1690 1546 993 284 709 119
internal_count=22975 1212 21763 21468 6830 14638 5640 696 1521 4944 571 3899 1936 1045 295 192 1690 1546 993 284 709 119
cat_boundaries=0 14 16 29 31 45 59 73 75 77 78 91 92 94 96 97
cat_threshold=3221225480 1073823744 128 84 1090519552 33556480 0 1088 69644 2147518980 1075838992 8 128 16 8388672 8708 64 2147483648 1073741824 268435456 64 0 0 0 134218752 0 0 64 2228224 774382626 287291 0 2100256 4096 2097152 131072 536871232 0 134225920 0 1594370 201457664 2560 67128320 4 33656836 68 268435456 0 81920 1028 192 1073741824 32768 1075970048 805310600 524289 8917024 2 331776 67371076 0 8193 1048580 1028 128 1073741824 32768 1073873152 536875136 1 8400898 3 67108864 262689 475676 67780 2 0 50335760 1 0 268992512 0 0 81920 536872960 4194312 33554432 2149089680 2147516929 201334784 67118112 8736 1026 278528 540768
is_linear=0
shrinkage=0.045


Tree=213
num_leaves=23
num_cat=18
split_feature=0 3 0 0 0 3 0 0 3 5 0 2 5 3 1 5 1 5 3 1 0 3
split_gain=1.52125 0.999105 2.12015 1.24721 1.08036 1.04626 0.878832 0.659253 0.655229 0.697814 0.89544 0.614884 0.770256 0.603729 0.583938 0.658455 0.556001 0.546389 0.700125 0.536453 0.472771 0.913198
threshold=0 1 2 3 4 5 6 7 8 4.1026092131977068 9 10 3.4811217321331038 11 12 6.2334293711344477 13 4.7492611597348082 14 15 16 17
decision_type=9 9 9 9 9 9 9 9 9 8 9 9 10 9 9 10 9 8 9 9 9 9
left_child=13 2 -2 -3 5 -5 -4 -7 16 10 -10 12 -12 -1 -11 17 -8 18 -16 -20 21 -6
right_child=1 3 6 4 20 7 8 -9 9 14 11 -13 -14 -15 15 -17 -18 -19 19 -21 -22 -23
leaf_value=-34.838556938073211 -28.169038307900948 41.307379816092933 -11.957347154001241 -69.199429691417166 10.637317514447481 50.120035268359246 35.260515591758903 -9.0520548361919335 -167.45053385194791 254.59952018817344 -2.7017471428883448 -0.94375926578088187 198.88016494106472 -4.7064535660604356 -1.3573857184486366 214.44839879362371 -31.429752786378579 -0.96468398776533082 40.384862549394391 67.820764305376912 0.54004015216861534 0.10118304708419275
leaf_weight=404 1256 113 1990 895 899 250 116 438 208 120 66 362 60 674 118 91 518 557 104 111 12303 1322
leaf_count=404 1256 113 1990 895 899 250 116 438 208 120 66 362 60 674 118 91 518 557 104 111 12303 1322
internal_value=-0.000167451 -8.56508e-05 -0.000598788 9.42572e-05 5.94629e-05 -0.00105235 -0.000132981 0.000269999 0.000440236 0.000878108 -0.000232093 0.000827999 0.0033913 -0.00180826 0.00158703 0.00117371 -0.000794119 0.000807174 0.00224328 0.0036674 0.000181411 0.000783922
internal_weight=22975 21897 5677 16220 16107 1583 4421 688 2431 1797 696 488 126 1078 1101 981 634 890 333 215 14524 2221
internal_count=22975 21897 5677 16220 16107 1583 4421 688 2431 1797 696 488 126 1078 1101 981 634 890 333 215 14524 2221
cat_boundaries=0 13 15 29 41 55 57 70 84 86 99 100 102 104 106 108 110 124 126
cat_threshold=1073741912 65536 570425344 16 2164261376 0 640 1073741888 36872 2147486208 1075904528 268435464 8388736 1042809888 287281 0 19008528 0 4 131328 570425664 0 16384 1028 1070090 0 2099968 67166208 4 0 2147483712 0 0 0 4 0 17408 134217728 0 0 64 98308 41943044 0 8192 1074872384 3072 64 0 67584 1073905664 805310496 524289 659488 18 2173095956 67660 33554432 67383328 0 2097152 403177472 4 0 134291456 536870912 524288 218234880 2149102596 2147486208 0 4 0 0 1048576 0 0 0 2048 32768 805306368 524289 0 2 33554464 262177 0 0 0 0 0 1024 0 0 0 12582912 268435456 16 24 2 152633410 138488 575504 65568 97 66112 1024 16400 36 2048 25165825 1073873936 4096 32768 264 570425601 0 134217728 0 97 8 18913536 69256192 4 1091922386 2056
is_linear=0
shrinkage=0.045


Tree=214
num_leaves=23
num_cat=19
split_feature=0 3 0 0 3 0 3 0 5 3 0 0 4 0 2 3 5 3 0 0 5 0
split_gain=1.42454 1.00647 2.46789 0.974697 1.91551 0.776189 0.775549 0.755234 0.860837 0.603407 0.638053 0.635859 0.546564 0.518173 0.489127 0.584172 0.990576 0.437848 0.558468 0.515702 0.496183 0.436798
threshold=0 1 2 3 4 5 6 7 6.193383940289773 8 9 10 11 12 13 14 4.6001450180613412 15 16 17 5.2857353797162627 18
decision_type=9 9 9 9 9 9 9 9 10 9 9 9 1 9 9 9 8 9 9 9 10 9
left_child=6 2 -2 4 13 -5 12 8 17 11 -11 -9 -1 14 15 -3 -17 19 -19 20 -4 -7
right_child=1 3 7 5 -6 21 -8 9 -10 10 -12 -13 -14 -15 -16 16 -18 18 -20 -21 -22 -23
leaf_value=57.74518417217196 -56.123129591238708 -3.5975926844793022 4.9558695274251336 153.83030848245991 -69.605177731652233 3.0611582428388626 -35.49774754327904 -5.8662140187448264 137.07273572418728 31.373379635284632 -3.1872908611925128 71.278768432099596 -4.7731476129943999 -4.1577423636228623 -71.868013770929977 13.28603886053321 292.60637211856596 -2.5228812555937679 -67.912610140880744 -10.041978164245522 699.25995871678981 0.56002217068101168
leaf_weight=157 1435 115 116 150 1124 2242 601 240 127 208 959 658 399 420 108 147 40 493 833 349 39 12015
leaf_count=157 1435 115 116 150 1124 2242 601 240 127 208 959 658 399 420 108 147 40 493 833 349 39 12015
internal_value=-0.000151783 -6.96758e-05 -0.000598191 0.000106913 -0.000833165 0.000235001 -0.00168221 -2.45425e-05 -0.000655918 0.000574144 -0.000103054 0.00144395 -0.000443663 0.000801662 0.00191943 0.00283758 0.00436432 -0.000908844 -0.00133184 0.000226743 0.00229042 0.000199627
internal_weight=22975 21818 5457 16361 1954 14407 1157 4022 1957 2065 1167 898 556 830 410 302 187 1830 1326 504 155 14257
internal_count=22975 21818 5457 16361 1954 14407 1157 4022 1957 2065 1167 898 556 830 410 302 187 1830 1326 504 155 14257
cat_boundaries=0 13 15 29 43 45 57 59 72 74 88 101 102 114 115 117 119 132 145 159
cat_threshold=1073741897 81920 570425472 84 2147484160 64 512 1024 36872 2147518981 1075838992 8 131200 505938978 287249 0 2100272 0 0 131072 0 0 81920 1028 1594378 33689600 48388 67125792 4 4100 41943108 0 268443648 1074872388 1024 256 0 2048 131072 822083592 641 8400900 2 3221343112 6592 0 2147483648 0 0 0 0 0 16384 134217728 0 0 6208 43651092 209452 44072960 75902976 1 2097152 134217984 536870912 0 1073750016 0 10486016 201326624 2150105088 2147518474 336068610 16400 2147483648 16777220 0 8192 1048576 1024 0 0 2048 1077936128 0 16 0 1 0 16777220 0 0 524288 0 0 0 536870912 4194304 16777216 16 8192 2 0 0 0 0 1048580 1024 0 0 2048 0 285212672 640 6 49664 64 1024 270849 2097152 8785920 1 0 134217984 0 0 8192 0 8388608 134217728 524288 2 0 0 0 0 0 0 0 0 0 0 0 2149580800 8 25165824 1073742864 67112960 32768 0 570427649 0 1207959552 0 17504 196608 285254912 67650560 4
is_linear=0
shrinkage=0.045


Tree=215
num_leaves=23
num_cat=15
split_feature=0 3 0 0 3 0 0 5 3 5 0 5 1 1 3 5 4 3 5 5 5 0
split_gain=1.37676 0.991127 2.40165 0.897438 1.11822 0.833745 0.687685 0.55809 1.07406 0.435218 0.405584 0.768139 1.08772 0.750657 0.720981 0.553876 0.477171 0.627757 0.432071 0.447637 0.416958 0.392002
threshold=0 1 2 3 4 5 6 3.5408542930527882 7 4.816232960488728 8 4.1510089048756029 9 10 11 4.4367340276668159 12 13 3.795426061844291 3.2384861814448418 5.0530509062989237 14
decision_type=9 9 9 9 9 9 9 10 9 8 9 10 9 9 9 10 1 9 8 10 10 9
left_child=-1 2 -2 4 -3 9 -5 -6 -9 -4 16 12 18 -13 -15 -16 -7 -18 19 -12 -17 -19
right_child=1 3 5 6 7 10 -8 8 -10 -11 11 13 -14 14 15 20 17 21 -20 -21 -22 -23
leaf_value=-7.5109430714146885 -68.240136789220713 -85.701266526705851 17.370155903048015 145.26322069621904 -96.632922875705503 -10.911028732004302 0.93696497803399359 70.044262699108458 -23.969972638606674 258.20233880903021 -0.80426111011992851 -2.9066956846460261 -49.635024204856947 -10.002209940647663 77.427251348052707 1.1262203293173338 -153.18382708307757 -8.6112537880438413 -9.6839793621573502 132.8785004824615 166.24267697132234 125.0488376413053
leaf_weight=1106 1194 338 163 141 345 976 15551 233 515 71 73 408 521 157 94 174 117 130 134 82 229 223
leaf_count=1106 1194 338 163 141 345 976 15551 233 515 71 73 408 521 157 94 174 117 130 134 82 229 223
internal_value=-0.000134157 -5.5323e-05 -0.000629888 0.000104259 -0.000969856 -4.04051e-05 0.000202877 -0.000256562 0.000431999 0.0024878 -0.000227028 0.00021019 -0.000831282 0.00100658 0.00193243 0.00276719 -0.000790125 0.000381355 0.00136046 0.00300955 0.00207778 0.00131918
internal_weight=22975 21869 4746 17123 1431 3552 15692 1093 748 234 3318 1872 810 1062 654 497 1446 470 289 155 403 353
internal_count=22975 21869 4746 17123 1431 3552 15692 1093 748 234 3318 1872 810 1062 654 497 1446 470 289 155 403 353
cat_boundaries=0 13 15 29 43 45 59 71 73 86 88 90 91 92 94 107
cat_threshold=1073741896 65536 570425344 64 2147484168 512 512 16384 38920 2147518977 2162704 8 8388736 505938976 279057 0 134176 0 0 131328 536870976 0 134217728 1028 545802 100663296 572676 67158016 4 4194308 41959424 1073741824 268443648 1163332 1024 256 0 65536 1048576 553648160 131105 135172 3 545263630 174376 0 0 0 8192 1048576 1024 0 0 0 131328 0 129 4100 3 8388608 0 0 4 0 0 0 1024 134217728 0 0 4160 2152890432 128 33816576 69480452 0 2097152 411074560 0 0 1073815552 0 1048576 268566656 2147484160 2147493408 16504 1089 18480 1089 134217760 4 33554432 16896 0 0 0 0 32768 0 0 65536 0 0 0 2147484160 2147483648
is_linear=0
shrinkage=0.045


Tree=216
num_leaves=23
num_cat=19
split_feature=0 3 0 0 3 0 5 0 3 3 1 0 0 3 3 3 4 0 5 5 3 3
split_gain=1.55464 1.00506 2.12686 1.24646 1.108 0.964779 0.780334 0.688773 1.61808 0.655132 1.96247 1.09406 0.834672 1.04376 0.781463 0.632748 0.738465 0.631362 1.13048 0.708217 0.613792 0.58996
threshold=0 1 2 3 4 5 3.1567740231385479 6 7 8 9 10 11 12 13 14 15 16 5.2067464199591091 4.7140145363037149 17 18
decision_type=9 9 9 9 9 9 10 9 9 9 9 9 9 9 9 9 1 9 10 8 9 9
left_child=15 2 -2 4 -3 6 -4 8 -5 10 12 14 -9 -14 -11 16 -1 18 19 20 -12 -10
right_child=1 3 5 7 -6 -7 -8 9 21 11 17 -13 13 -15 -16 -17 -18 -19 -20 -21 -22 -23
leaf_value=238.40903900860977 -47.889393553742742 -61.942840842296405 835.60165553897627 -1.9673457181654286 -2.3138331337464608 -2.4992163032249435 51.408986524373589 10.183120025503277 7.0510705378014329 -93.776624254087153 15.92960563994972 1.5302816257033334 1.0984310800724031 -40.930335912924726 -10.042963900754964 -20.749442298798048 -4.114130118169383 45.360476980512622 26.219727342067223 -175.70213638118699 -11.930262416868269 34.859520839335175
leaf_weight=72 1477 482 48 1229 1201 3808 324 341 609 396 113 6233 540 509 2689 951 145 949 74 69 292 424
leaf_count=72 1477 482 48 1229 1201 3808 324 341 609 396 113 6233 540 509 2689 951 145 949 74 69 292 424
internal_value=-0.0001557 -6.95047e-05 -0.000585025 0.000111371 -0.00104336 -6.44095e-05 0.00208594 0.000246459 0.000965698 0.000112342 0.000703172 -7.13837e-05 -0.000513553 -0.00114091 -0.000762836 -0.00174661 0.000451964 0.00182803 0.00057857 -0.000226892 0.000497542 0.00226938
internal_weight=22975 21807 5657 16150 1683 4180 372 14467 2262 12205 2887 9318 1390 1049 3085 1168 217 1497 548 474 405 1033
internal_count=22975 21807 5657 16150 1683 4180 372 14467 2262 12205 2887 9318 1390 1049 3085 1168 217 1497 548 474 405 1033
cat_boundaries=0 13 15 28 42 44 58 72 74 76 78 91 104 106 108 110 111 125 127 129
cat_threshold=1082130504 65536 2717908992 68 2147517000 4 768 268452864 6152 2147486208 538968064 8 8388736 505973794 16913 0 2106416 0 0 0 33554496 0 65536 4 1070090 100663296 48404 36384 2101252 41943104 1073741824 268476416 269565956 1024 0 32768 0 163840 1090523152 524321 20484 3 1091702796 501858 2097152 64 0 8192 1048576 536871936 0 0 0 131072 16777216 1 12292 1 1 1073751056 4096 16 1073741824 33556736 0 1207959552 134218752 16385 65536 270578896 655872 16 1103196160 11726 1086656512 237890 806110261 1029 2151940096 278532 67108864 2097792 0 0 0 8192 0 1080557672 436338848 1048576 2215649291 33816576 67108900 0 0 0 0 0 8192 0 1024 0 1048832 1 8650752 229442 9092 262144 32770 139276 2 0 0 0 2097153 524544 0 0 65536 0 8388608 201326592 0 35856 4 1073745920 98560 1179984 233472
is_linear=0
shrinkage=0.045


Tree=217
num_leaves=23
num_cat=14
split_feature=0 0 3 0 0 3 3 5 3 0 5 5 0 5 0 5 5 0 5 1 5 3
split_gain=1.59613 0.960407 0.873849 2.03591 0.72728 1.13178 0.582631 0.567174 0.565499 0.662691 0.602388 1.52264 0.536607 0.528481 0.52109 0.673158 0.557257 0.721637 0.823711 0.623993 0.612205 0.727522
threshold=0 1 2 3 4 5 6 4.8789996228937618 7 8 4.135134555718313 3.7012257604091228 9 5.1387309967764621 10 3.1132683346437333 4.3882378946731615 11 4.516324041782946 12 6.3465127852423047 13
decision_type=9 9 9 9 9 9 9 10 9 9 8 10 9 10 9 10 8 9 10 9 10 9
left_child=6 -2 3 -3 5 -4 -1 -8 12 10 11 -10 -7 -12 15 -5 19 18 -18 -16 21 -19
right_child=1 2 4 14 -6 8 7 -9 9 -11 13 -13 -14 -15 16 -17 17 20 -20 -21 -22 -23
leaf_value=-3.454470342334651 11.172415767498746 -48.659097648966686 -46.228566403894924 253.01551049544864 0.62653692806148387 5.8712081095940682 -58.501616621854993 -0.9708032729968743 24.232089840439674 -1.0720889798149404 -85.485666667443496 313.71683850132911 -50.748939602607734 140.75243241199544 2.030228620404245 5.9365222798277024 94.856709332415875 48.484124892804367 -25.887312878502946 -79.833366832440944 166.79904294889619 -3.7101704027156472
leaf_weight=569 134 1147 684 49 15678 356 467 137 74 444 78 35 400 57 458 393 51 390 388 601 51 334
leaf_count=569 134 1147 684 49 15678 356 467 137 74 444 78 35 400 57 458 393 51 390 388 601 51 334
internal_value=-0.000149825 -6.23005e-05 -8.67631e-05 -0.000699278 4.64688e-05 -0.000731777 -0.00175823 -0.00273214 -1.23637e-05 0.000912856 0.00274219 0.00531081 -0.00085547 0.000821167 -2.47535e-05 0.00136784 -0.000301314 0.000355262 -0.00108758 -0.00105608 0.00117217 0.000842974
internal_weight=22975 21802 21668 3862 17806 2128 1173 604 1444 688 244 109 756 135 2715 442 2273 1214 439 1059 775 724
internal_count=22975 21802 21668 3862 17806 2128 1173 604 1444 688 244 109 756 135 2715 442 2273 1214 439 1059 775 724
cat_boundaries=0 13 26 28 41 55 57 59 61 74 87 101 114 116 118
cat_threshold=1082130504 1073807360 570425344 4 2147484224 64 512 268452864 6152 2147650049 539033600 8 8388608 0 0 1073741824 0 1073741824 4 0 0 134217728 0 0 64 131072 505938976 529 0 8399904 0 0 524544 0 0 65536 4 11015170 100663296 2670340 67150336 2147483668 67125248 128 268435456 114692 33555456 0 40960 65540 1048576 150999088 1179681 4134 2 1610940430 86378 180355090 209004 149584 436228 0 67108864 0 0 0 1024 0 8192 0 1048576 4096 1048608 4096 0 16384 0 0 0 33554432 0 40960 65540 0 150994944 0 6 2147483648 18874368 1 8192 1179648 1024 0 8192 1024 1073741824 150999056 1048577 1 2 2097152 4096 0 0 142639104 0 0 0 0 0 0 2147483648 4 536875252 1540 405274624 512
is_linear=0
shrinkage=0.045


Tree=218
num_leaves=23
num_cat=16
split_feature=0 0 3 0 3 5 0 3 1 5 0 5 0 3 5 4 5 4 1 3 3 5
split_gain=1.20694 0.91697 0.949551 1.64327 0.710852 0.716201 0.644069 1.17085 0.735 0.841091 0.645968 0.633204 0.606576 0.708731 0.683423 0.590871 0.604383 0.506212 0.546932 0.723911 0.642561 0.526365
threshold=0 1 2 3 4 4.7140145363037149 5 6 7 5.3351284364833438 8 3.7494348669884658 9 10 6.5589065201527559 11 4.6395599436855051 12 13 14 15 4.1510089048756029
decision_type=9 9 9 9 9 10 9 9 9 8 9 10 9 9 8 1 10 1 9 9 9 10
left_child=4 -2 3 -3 5 -1 7 8 9 11 -9 -4 13 -5 17 16 -6 18 19 -14 -20 -19
right_child=1 2 6 12 15 -7 -8 10 -10 -11 -12 -13 14 -15 -16 -17 -18 21 20 -21 -22 -23
leaf_value=-104.25490115802319 6.8284142015942475 -55.763305636243594 22.855224247910687 50.573083046373469 64.599437273961001 -2.6878360198709719 0.72408225373534474 -9.23979425809625 -1.9794535485537881 -146.46626162957475 -94.184745695549196 111.48301089944616 -22.635236401760874 -17.116349433690768 112.65083571789508 -4.7725190290785946 -160.85622992647291 -10.1204544167924 -5.8971856176990016 18.188884806174993 -57.051106163501828 83.940959195026039
leaf_weight=402 114 1092 95 130 167 197 15959 490 357 37 492 85 305 109 168 556 41 369 573 344 456 437
leaf_count=402 114 1092 95 130 167 197 15959 490 357 37 492 85 305 109 168 556 41 369 573 344 456 437
internal_value=-0.000124365 -4.20377e-05 -6.44362e-05 -0.000690489 -0.00141709 -0.00257038 7.83067e-05 -0.000792093 0.000813992 0.00281004 -0.00172938 0.0042033 -0.000125561 0.00199004 -0.000324325 -0.000487114 0.00154286 -0.00051408 -0.00095893 7.48855e-05 -0.0015951 0.000412128
internal_weight=22975 21612 21498 3983 1363 599 17515 1556 574 217 982 180 2891 239 2652 764 208 2484 1678 649 1029 806
internal_count=22975 21612 21498 3983 1363 599 17515 1556 574 217 982 180 2891 239 2652 764 208 2484 1678 649 1029 806
cat_boundaries=0 13 26 28 41 43 57 59 61 75 89 91 92 93 95 97 99
cat_threshold=1082130504 2147565568 570425344 4 2164261376 1092 0 17408 6156 2147650052 2097152 8 8192 0 1073741824 128 0 1073741824 0 0 64 134217728 0 0 64 131072 505938976 262673 0 8399904 0 0 524544 0 0 65536 0 11014146 100663296 2669828 67142272 2166103574 84528 2147483652 0 1073741824 270532736 1130564 0 128 40960 65664 17825792 553652272 131105 8392710 2 550675072 114816 527488 104 2147483648 0 1073741824 0 68 0 0 32768 65536 16777216 553648128 32 6 2 0 16 0 8192 1179648 0 0 0 1024 0 16777216 17 8390657 2 134742016 262656 2 4 263233 66746 36176896 262144 34079744 262656
is_linear=0
shrinkage=0.045


Tree=219
num_leaves=23
num_cat=16
split_feature=0 3 0 0 3 0 3 0 5 0 5 2 5 1 1 3 5 0 5 5 4 3
split_gain=1.11739 0.982538 1.55626 0.871919 0.730647 0.718077 1.75175 0.582211 0.608156 0.520671 0.510528 0.869261 0.961402 0.931387 0.707607 0.662794 0.526493 0.514055 0.48717 0.846047 0.480448 0.451325
threshold=0 1 2 3 4 5 6 7 5.344720891341141 8 4.4005842009683471 9 4.4484992763719129 10 11 12 5.1029059508623904 13 4.5591125415341898 4.8940944640863338 14 15
decision_type=9 9 9 9 9 9 9 9 8 9 8 9 8 9 9 9 10 9 10 10 1 9
left_child=4 2 -2 -3 -1 6 -5 8 -4 -6 17 12 -12 18 -13 16 -16 -9 -14 -20 -8 -22
right_child=1 3 7 5 9 -7 20 10 -10 -11 11 14 13 -15 15 -17 -18 -19 19 -21 21 -23
leaf_value=-101.6313325865774 -40.925812601235485 79.016773116005922 28.349726851824769 -53.719636926029068 4.1861755143855239 0.75905491621616117 -118.53127510812774 10.467296849041972 -48.532914896964222 -11.127159689660219 90.395570119914609 -43.282956946610341 -53.336253885963373 -13.334600294414082 488.88172952980887 69.16874602822233 893.54032697801108 -46.120723420211888 171.58365640825613 18.913908954182904 45.228647486099263 -2.4502960464784569
leaf_weight=502 1074 120 300 698 383 15532 44 244 54 361 35 102 43 732 52 114 56 988 45 129 445 922
leaf_count=502 1074 120 300 698 383 15532 44 244 54 361 35 102 43 732 52 114 56 988 45 129 445 922
internal_value=-0.000112614 -3.70509e-05 -0.000676132 0.000106087 -0.00141654 7.87674e-05 -0.000698021 -0.000130077 0.00154918 -0.000500001 -0.000370299 0.000247327 -0.0004247 -0.000705048 0.00222321 0.00361538 0.006075 -0.00102836 0.00182751 0.00296591 0.0002182 0.000371438
internal_weight=22975 21729 3968 17761 1246 17641 2109 2894 354 744 2540 1308 984 949 324 222 108 1232 217 174 1411 1367
internal_count=22975 21729 3968 17761 1246 17641 2109 2894 354 744 2540 1308 984 949 324 222 108 1232 217 174 1411 1367
cat_boundaries=0 13 15 29 41 43 57 59 73 83 84 86 88 89 102 103 105
cat_threshold=3229614152 2147565568 536870912 4 16777792 1024 128 16448 4108 2147617284 538968064 8 8388608 237503520 262673 0 8391728 0 0 557312 64 0 65536 1024 2625538 100667392 2670340 67141632 4 0 0 0 268435456 0 64 0 268435456 134217728 0 0 4160 589105686 71984 32788 41943104 0 2097152 2148614148 0 0 41984 67712 17858560 150994976 131105 14340 2 3758373134 145738 0 16777216 1 8192 1048576 0 0 0 2048 33024 16777232 1048593 11265 2 3229614080 16384 0 0 0 1024 128 0 4 2048 6 262213 65546 20 160 134218784 0 4096 0 2097152 142606336 0 0 8192 0 0 268435456 128 4 1 1114256 65664
is_linear=0
shrinkage=0.045


Tree=220
num_leaves=23
num_cat=18
split_feature=0 0 3 3 0 0 0 5 3 1 3 0 3 5 3 0 0 3 3 5 5 3
split_gain=1.13153 0.860533 1.11227 0.695612 2.2369 1.55017 1.20695 1.12199 1.04061 0.902296 0.990071 0.875589 1.5477 0.894581 0.779234 0.758223 0.757973 1.09935 0.64349 0.520815 0.91172 0.51905
threshold=0 1 2 3 4 5 6 3.9415346756528771 7 8 9 10 11 3.5972184255501678 12 13 14 15 16 5.5816130673839615 5.0657496176235997 17
decision_type=9 9 9 9 9 9 9 8 9 9 9 9 9 8 9 9 9 9 9 8 10 9
left_child=-1 2 -2 4 14 18 8 9 -6 21 -11 12 13 -7 -3 -14 -9 -18 -5 20 -15 -8
right_child=1 3 -4 5 6 11 7 16 -10 10 -12 -13 15 19 -16 -17 17 -19 -20 -21 -22 -23
leaf_value=3.6978048729800377 -63.374124601903233 -7.50132967867731 -2.185592571914611 -68.71408181506321 -7.4732690174485779 97.872726800657802 -18.549331468675184 -4.0294087553617839 40.345539930999486 54.45152359168771 -21.805687657058566 1.0900231522582255 10.735243872513571 29.630549757826184 -107.91419236344309 -5.6871454517951223 -53.54030479900787 14.807044221354529 -11.965967391212818 -79.375682366272699 191.55953207854458 -157.13380834656914
leaf_weight=252 473 671 1178 356 254 95 699 2255 457 223 351 10524 507 192 769 508 164 1412 985 56 36 558
leaf_count=252 473 671 1178 356 254 95 699 2255 457 223 351 10524 507 192 769 508 164 1412 985 56 36 558
internal_value=-6.56102e-05 -9.95612e-05 -0.00108509 -2.17711e-05 -0.000358276 0.000176662 4.93237e-06 -0.000215722 0.00173651 -0.00113175 0.000353241 0.000340234 0.00139545 0.00380946 -0.00195248 0.000460077 0.000221888 0.00097481 -0.00126719 0.00261189 0.00356087 -0.00179787
internal_weight=22975 22723 1651 21072 7813 13259 6373 5662 711 1831 574 11918 1394 379 1440 1015 3831 1576 1341 284 228 1257
internal_count=22975 22723 1651 21072 7813 13259 6373 5662 711 1831 574 11918 1394 379 1440 1015 3831 1576 1341 284 228 1257
cat_boundaries=0 13 26 28 30 43 57 70 72 74 76 89 91 93 106 119 121 123 125
cat_threshold=64 3221487616 128 268435456 1073807360 4 0 64 134217728 0 0 64 131072 1082130440 8470528 536870912 2149581316 16896 1024 128 268451840 12 2147486215 547356672 2056 16384 2874933318 304 237735464 279185 2147778560 134196 4097 1 32768 33554496 0 1207959552 4096 4160 301990032 268448000 289 2162692 50331648 67108864 40960 2148532288 16781569 0 40960 34816 2098208 16908320 33 8400900 16 2162688 16777280 0 8192 1048836 4352 0 8192 35840 2097168 16777248 1048577 8400896 167772200 16912 537138432 69150 33783840 279040 2147500033 134192 4096 65 0 536873024 0 1073742848 4096 135232 24 268472320 524674 545259542 139266 202017792 528 2147483648 1056 4096 65 0 536870976 0 0 0 64 0 268439552 258 4112 33566720 0 16 159383552 0 0 98304 536870912 1073741832 4096 2150105604 34440 67109888 1 554983494 139264 134808104 145
is_linear=0
shrinkage=0.045


Tree=221
num_leaves=23
num_cat=18
split_feature=0 0 3 3 0 0 0 3 5 3 0 4 0 5 1 0 3 1 3 0 5 5
split_gain=1.20685 0.98202 1.1363 0.731386 2.49778 1.27679 1.06752 1.05789 0.86697 0.726559 0.939113 0.824085 0.616894 0.615782 0.607137 0.572138 1.3705 0.553472 1.31124 0.589345 0.966175 0.689736
threshold=0 1 2 3 4 5 6 7 3.5408542930527882 8 9 10 11 4.2555875595453383 12 13 14 15 16 17 4.6491756246494491 3.5694334999727624
decision_type=9 9 9 9 9 9 9 9 8 9 9 1 9 10 9 9 9 9 9 9 10 10
left_child=-1 2 14 4 8 -6 7 12 -3 -10 -11 -12 -5 -4 -2 16 -8 -7 -19 21 -21 -20
right_child=1 3 13 6 5 17 15 -9 9 10 11 -13 -14 -15 -16 -17 -18 18 19 20 -22 -23
leaf_value=3.8359368239396971 3.7148058365449939 -53.671469060756976 -106.11528079752185 -16.253471425567682 -83.888614113380569 -16.585288035774912 -7.6907111088187561 -1.7886321811263213 8.1963936020069124 -6.509774614373498 90.863541554104813 1.0097116304335121 -119.26866492439575 -1.7503160571438383 -6.3918809213399346 0.68827976768770538 9.1842447674987042 -24.702177213011048 227.5656425128594 21.766783968393437 221.75095635898555 -13.672590265992083
leaf_weight=226 291 164 398 234 562 2799 543 1260 316 102 203 66 342 343 225 12645 1128 470 48 268 113 229
leaf_count=226 291 164 398 234 562 2799 543 1260 316 102 203 66 342 343 225 12645 1128 470 48 268 113 229
internal_value=-8.71534e-05 -0.000120404 -0.00133688 -4.85502e-05 -0.000504485 -0.000928795 0.000102449 -0.000915585 0.00171553 0.00243614 0.00374804 0.00514057 -0.0024949 -0.00245618 0.000289772 0.000233667 0.00101337 -0.00063633 0.000205262 0.00149104 0.00262214 -0.000108998
internal_weight=22975 22749 1257 21492 5340 4489 16152 1836 851 687 371 269 576 741 516 14316 1671 3927 1128 658 381 277
internal_count=22975 22749 1257 21492 5340 4489 16152 1836 851 687 371 269 576 741 516 14316 1671 3927 1128 658 381 277
cat_boundaries=0 12 25 27 29 43 56 70 72 74 87 88 102 104 117 119 121 123 132
cat_threshold=64 1074003968 0 268468224 1073807360 4 0 64 134217728 0 0 64 3229614081 81920 0 68 512 1537 384 268452864 12 2147486212 538968064 8 532610 2156056686 141900 237077606 279043 2134016 25165828 0 8192 17858816 536870912 0 1073741824 34816 1083179264 134217728 2621568 5124 3 262144 69207152 0 1 268435464 33554432 0 8192 1024 180226 268435456 2052 8388640 4214788 25165824 603979776 8192 2165358848 536870912 512 1073741824 2048 1082130496 1216348160 33 4100 3 1619935744 8304 203456518 512 2097152 4 0 0 32768 536870912 0 0 0 1073741824 0 0 4 4 4194304 8388608 0 0 256 0 0 0 2048 8388608 0 1 4 2 134480217 2052 16777216 2149590096 2147487745 145 8 2112 0 134217728 65536 67256368 131072 268472452 8519712 3238004992 14744 1074807248 69190 33555556 262147 0 33685504 1 0 8388608 0 0 0 536870912
is_linear=0
shrinkage=0.045


Tree=222
num_leaves=23
num_cat=19
split_feature=0 3 0 3 0 0 0 0 3 5 3 3 3 0 0 5 5 0 0 3 1 3
split_gain=1.162 1.05287 0.990401 0.690066 3.39251 2.50597 1.7159 1.29525 0.989682 0.928665 0.791054 0.779028 0.756665 0.714558 0.677166 0.594849 0.592423 1.68847 1.04965 0.86847 1.07386 0.709276
threshold=0 1 2 3 4 5 6 7 8 3.9219243190762363 9 10 11 12 13 4.1190041246092024 3.3140206880897671 14 15 16 17 18
decision_type=9 9 9 9 9 9 9 9 9 10 9 9 9 9 9 10 8 9 9 9 9 9
left_child=1 -1 -2 5 11 -4 8 9 -6 10 -7 13 -11 -5 -10 -14 17 21 -18 20 -20 -9
right_child=2 -3 3 4 6 7 -8 16 14 12 -12 -13 15 -15 -16 -17 18 -19 19 -21 -22 -23
leaf_value=4.0637303689166666 3.9676793509305965 -16.665010486279225 -45.677448041883565 8.7946634043646021 4.3768211857780956 47.284742106617152 2.2977007044246771 37.580042136183756 3.8211232876536854 -9.4478643619236173 -41.443689780570054 -61.973952780173803 78.001770134926346 -56.533436666697121 103.72426428903891 17.019257471973908 -10.605105899954268 -89.943164812295123 87.204251789097412 11.134564317950804 -14.409061642719863 -16.123284741621855
leaf_weight=301 280 1055 1530 506 628 216 5464 278 211 106 323 721 64 368 365 503 3842 932 118 3849 1004 311
leaf_count=301 280 1055 1530 506 628 216 5464 278 211 106 323 721 64 368 365 503 3842 932 118 3849 1004 311
internal_value=-6.36517e-05 -0.00133553 1.68497e-05 -1.8759e-05 0.000302899 -0.000222113 0.000749101 5.4497e-06 0.0022796 0.0013897 8.31686e-06 -0.00155414 0.00251333 -0.000629798 0.00362755 0.00313212 -0.000158323 -0.000978005 -1.68474e-05 0.000414508 -0.000682541 0.000905989
internal_weight=22975 1356 21619 21339 8263 13076 6668 11546 1204 1212 539 1595 673 874 576 567 10334 1521 8813 4971 1122 589
internal_count=22975 1356 21619 21339 8263 13076 6668 11546 1204 1212 539 1595 673 874 576 567 10334 1521 8813 4971 1122 589
cat_boundaries=0 13 15 27 29 42 56 69 83 85 87 89 91 104 116 130 143 145 147 149
cat_threshold=1098907648 16859136 2147487872 80 16777728 1537 384 268452864 12 2147486212 2228224 8 8194 10653760 132 2147483712 1074003968 0 32768 65536 4 0 64 134217728 0 0 64 258725472 281231 33619984 10485824 0 2097152 1209172232 64 0 134225920 0 1075855368 16777216 16777249 9444372 8 133136 536870912 513 16384 33554432 0 1073741824 69632 169027 914362528 4096 524672 16 9 67250196 536870912 5 0 33554432 512 0 4096 5185 914362496 528512 384 37834768 0 1140850688 2097152 1212680 16777280 0 134225920 0 1140850704 1073741824 16777248 9574912 4 2694053912 66624 151520256 2696 1620050194 197952 70688 8 16 2097152 0 2097152 134349064 0 0 8192 0 8 0 0 1040 0 10240 0 0 0 0 0 0 0 1024 67112960 128 262144 8192 0 0 8912896 0 0 0 536903680 264 0 2147516688 1068 1 262145 100671524 0 4 8912900 536871168 512 0 32768 256 65552 2416487184 2147484713 234882112 2563 4 66048 20576 16524
is_linear=0
shrinkage=0.045


Tree=223
num_leaves=23
num_cat=19
split_feature=0 0 3 3 0 0 0 0 3 3 5 3 3 2 5 0 0 3 0 0 5 4
split_gain=1.09305 1.03587 0.788358 0.730567 2.1557 1.78708 1.14763 1.14689 1.09294 0.80153 0.65174 0.641261 0.596179 0.637861 0.992502 0.594515 0.591618 0.653495 1.05384 0.779237 1.02761 0.593004
threshold=0 1 2 3 4 5 6 7 8 9 6.2719327192022343 10 11 12 4.2121001622835372 13 14 15 16 17 6.5589065201527559 18
decision_type=9 9 9 9 9 9 9 9 9 9 10 9 9 9 10 9 9 9 9 9 10 1
left_child=2 -2 -1 4 11 10 9 8 -6 -7 12 -3 15 14 -14 -5 21 18 -18 20 -19 -9
right_child=1 3 -4 5 7 6 -8 16 -10 -11 -12 -13 13 -15 -16 -17 17 19 -20 -21 -22 -23
leaf_value=-89.371931069137332 43.436407243445885 3.2553742976956106 -0.99907157373465993 -14.75302767470423 152.89878725114343 -72.967930687755128 1.5380543364779822 3.5213825576144107 0.74670651949610634 -0.93027856856668834 -120.30889063396189 -53.067890697442536 17.659666711342364 10.524945367108129 245.1724981967628 7.42754898938417 -54.793081791045097 -5.2591493235289137 2.0708290987349431 16.398775383895188 76.378394438733054 -19.110051638239423
leaf_weight=496 115 259 808 245 210 687 6574 953 350 1149 47 1433 118 456 44 587 834 1882 974 2962 84 1708
leaf_count=496 115 259 808 245 210 687 6574 953 350 1149 47 1433 118 456 44 587 834 1882 974 2962 84 1708
internal_value=-5.38593e-05 2.26203e-05 -0.00131307 -1.25293e-06 -0.000242733 0.000282638 2.67147e-05 1.03811e-05 0.00196678 -0.000964287 0.00170875 -0.00172183 0.00189049 0.00294286 0.00537931 0.00105569 -0.000108567 0.000116033 -0.000613188 0.000384412 -0.000309405 -0.000675085
internal_weight=22975 21671 1304 21556 11649 9907 8410 9957 560 1836 1497 1692 1450 618 162 832 9397 6736 1808 4928 1966 2661
internal_count=22975 21671 1304 21556 11649 9907 8410 9957 560 1836 1497 1692 1450 618 162 832 9397 6736 1808 4928 1966 2661
cat_boundaries=0 13 25 27 29 42 56 69 82 84 86 88 90 91 103 117 119 132 146 147
cat_threshold=1082146824 81920 128 2147484164 16777216 1600 128 268451840 32780 2147486213 547487744 8 9437184 0 0 0 32768 1073741824 4 0 64 134217728 0 0 64 2199767126 848 254510630 281231 17039360 1073744928 536875008 0 0 33554432 0 0 4096 4418 100663472 270014468 557472 2164260865 3092 4097 129 131072 33554432 0 0 4096 64 100667520 268963988 33184 2 33624068 25296896 0 2097152 2282782976 536875009 0 134324224 536870912 16 1090519040 32 2118148 33624064 262144 1140850688 8192 1146888 536875008 256 134218752 0 69206032 1073741832 32 4096 184582146 648 805582856 143664 67272710 2 3234873536 70912 34 0 16 0 129 0 0 0 0 4096 0 67112960 268959876 1 50331652 2147483648 145 269107776 256 512 0 65536 13140992 4096 528 2147484681 19 234913794 16896 0 67248128 0 0 134217728 0 0 73728 1024 16392 16777216 2147484928 2064 6324244 67112960 1 64 8388612 0 0 0 536870912 1074790400 402718720 18907264 67125254 4 2
is_linear=0
shrinkage=0.045


Tree=224
num_leaves=23
num_cat=16
split_feature=0 3 5 0 3 0 0 0 0 4 0 0 2 5 3 3 5 5 5 3 3 5
split_gain=1.05451 1.12863 0.990935 0.855046 0.576929 1.81147 1.65338 1.10139 1.01327 0.922848 1.41924 1.26904 1.29945 1.66964 0.882714 0.839701 0.780745 0.994108 0.77764 0.749837 0.748168 1.24871
threshold=0 1 4.0859410030639109 2 3 4 5 6 7 8 9 10 11 2.8029010331479989 12 13 6.6234007758748676 5.9335696915338003 6.4960202730614363 14 15 5.1503930356556173
decision_type=9 9 10 9 9 9 9 9 9 1 9 9 9 10 9 9 8 10 10 9 9 8
left_child=1 2 -1 -2 5 -5 14 20 -8 10 -9 12 13 -11 -6 -14 17 -16 -17 -12 21 -7
right_child=3 -3 -4 4 6 7 8 9 -10 11 19 -13 15 -15 16 18 -18 -19 -20 -21 -22 -23
leaf_value=50.555414860864246 19.546744510150219 -29.174823064779943 -3.4299832077409773 -36.54839641308228 -8.3622845259099012 236.12372368596584 -65.050412730218696 -15.403544156906392 0.6024088232933309 472.27252367448489 335.37679065860817 0.10516067153968976 -4.7680769766748776 -0.19775664229833248 16.456684385444849 -115.30947113280234 -28.493611210762637 132.99308553409239 89.045923786224861 20.674735072910721 1.0890524993664679 -64.724949286152082
leaf_weight=129 101 1060 160 1408 283 92 316 1093 8398 50 101 4158 602 287 910 1073 84 63 38 2196 338 35
leaf_count=129 101 1060 160 1408 283 92 316 1093 8398 50 101 4158 602 287 910 1073 84 63 38 2196 338 35
internal_value=-3.81914e-05 -0.00125312 0.00121096 3.82649e-05 1.77591e-05 -0.000200254 0.00026644 1.20585e-05 3.91921e-05 -9.2717e-05 0.000504126 -0.000418842 -0.00133123 0.00119914 0.00173077 -0.00183391 0.00232788 0.00270923 -0.00256857 0.00113621 0.00212264 0.00495324
internal_weight=22975 1349 289 21626 21525 11471 10054 10063 8714 9598 3390 6208 2050 337 1340 1713 1057 973 1111 2297 465 127
internal_count=22975 1349 289 21626 21525 11471 10054 10063 8714 9598 3390 6208 2050 337 1340 1713 1057 973 1111 2297 465 127
cat_boundaries=0 13 15 27 29 42 56 70 83 84 98 111 112 114 116 118 120
cat_threshold=1082146824 81920 128 2415919616 0 577 128 268452864 12 2147490308 1621229568 8 1048576 8393798 131076 16777280 1073741824 0 0 0 0 0 64 134217728 0 0 64 262868006 289439 2097152 3104 1610612736 20 268567048 0 0 32768 4096 34114 100728864 6144 573728 2097152 3072 1610616832 16 268632072 33554432 0 32768 4096 352 117506048 1052800 49440 7 2181038080 262160 67108864 8192 1081408 16777216 256 134217728 0 0 8 16777249 4096 16 33619968 8388608 0 128 1048576 16778240 0 0 0 0 0 33 4096 2 0 2101252 0 0 8388608 0 0 65536 0 12713984 16777216 2150113808 2155872256 7 32768 50331712 1 2097152 524544 536871936 0 8192 536904704 3686416 134217728 269484036 69208734 17 541073408 132448 125894656 279050 0 2064 159383552 640
is_linear=0
shrinkage=0.045


Tree=225
num_leaves=23
num_cat=22
split_feature=0 3 0 4 0 3 3 0 0 3 0 3 2 1 3 0 3 0 3 1 0 3
split_gain=1.11716 0.960612 0.851303 0.554705 2.25532 0.910965 0.731709 2.0199 1.51216 1.21921 0.716066 1.19722 0.8343 2.14836 1.68287 1.1837 1.58575 1.79936 1.37472 1.28138 0.986441 0.985192
threshold=0 1 2 3 4 5 6 7 8 9 10 11 12 13 14 15 16 17 18 19 20 21
decision_type=9 9 9 1 9 9 9 9 9 9 9 9 9 9 9 9 9 9 9 9 9 9
left_child=1 -1 -2 4 -4 -6 7 -5 9 -8 11 -10 13 14 -12 18 17 -17 -14 -19 -18 -22
right_child=2 -3 3 6 5 -7 8 -9 10 -11 12 -13 15 -15 -16 16 20 19 -20 -21 21 -23
leaf_value=-70.001647057433132 24.937569975940466 -1.2994604990652194 128.99540897999972 20.076826868908562 -11.528095787316394 -226.35934922659436 -98.221088097347618 -20.548492405294343 8.9929578223343878 -1.4061508481165397 -5.2646069297647244 0.77398055536548604 -21.596415684906308 0.35308145530750151 242.69678783621364 -2.451968042648021 -3.0841153936454133 16.90867091411323 3.1303813836868768 89.999988744075111 -3.4722702580006639 16.822360389077275
leaf_weight=457 108 856 115 957 307 381 774 2281 248 1692 100 545 2512 812 212 737 3568 1087 2279 499 923 1525
leaf_count=457 108 856 115 957 307 381 774 2281 248 1692 100 545 2512 812 212 737 3568 1087 2279 499 923 1525
internal_value=-3.2316e-05 -0.00130076 4.52605e-05 2.42037e-05 -0.00113478 -0.00210857 6.91696e-05 -0.000551078 0.000184107 -0.000846248 0.000353508 0.00166025 0.000279475 0.00144982 0.00455555 0.000178054 0.000501675 0.00149743 -0.000385073 0.00234856 0.000114962 0.000808536
internal_weight=22975 1313 21662 21554 803 688 20751 3238 17513 2466 15047 793 14254 1124 312 13130 8339 2323 4791 1586 6016 2448
internal_count=22975 1313 21662 21554 803 688 20751 3238 17513 2466 15047 793 14254 1124 312 13130 8339 2323 4791 1586 6016 2448
cat_boundaries=0 13 15 27 28 41 43 45 59 72 74 87 89 90 92 94 108 110 124 126 128 142 144
cat_threshold=1090666504 81920 128 2147484160 1073741824 64 0 17408 12 2566 1621098504 285216777 1064960 185176160 23056 64 1073741824 0 0 0 0 128 64 134217728 0 0 64 1 33554432 0 0 0 0 0 0 0 0 0 0 2147484672 1 8781848 264256 237112334 67 2129920 15364 1 0 131072 536870912 0 8192 2048 1073741824 160 2148017668 8192 2 33624068 8519700 1342177280 8192 16384 536871936 512 8192 526336 1157627937 160 2147622944 12290 1628024832 519168 12582912 2147745856 2684354560 268435524 12 0 0 32768 1024 272 4112 128 131072 2701672496 197120 225 4144 2051 16 153600 262144 2111520 1 0 17825856 4128 0 268435456 536875008 2625608 167772160 3146772 2149842948 2 3491074304 27400 32768 50332672 4096 2097152 8519936 256 0 0 32768 1229824 83951616 0 2592 4 4053631792 18952 404244481 2056 2149613568 67108864 0 32769 2558591232 33554436 256 134283264 32768 12582912 335544320 34816 67666824 1 566239264 132100
is_linear=0
shrinkage=0.045


Tree=226
num_leaves=23
num_cat=21
split_feature=0 3 0 2 0 0 3 3 0 3 0 3 3 0 0 5 0 3 1 3 3 0
split_gain=1.17274 1.42966 0.884393 0.83072 1.1772 1.06674 1.6674 0.865225 0.875134 0.828813 0.76347 0.75012 0.710321 1.28801 0.897965 1.01099 0.903278 1.08001 1.16601 0.901632 0.781357 0.726101
threshold=0 1 2 3 4 5 6 7 8 9 10 11 12 13 14 2.9700856263602158 15 16 17 18 19 20
decision_type=9 9 9 9 9 9 9 9 9 9 9 9 9 9 9 10 9 9 9 9 9 9
left_child=1 -1 -2 5 9 6 -4 8 -6 -5 11 -7 13 20 -14 19 -17 18 -18 -16 -12 -15
right_child=2 -3 3 4 7 10 -8 -9 -10 -11 12 -13 14 21 15 16 17 -19 -20 -21 -22 -23
leaf_value=5.3159428028672071 70.987052275802768 -56.940768814421645 -3.0285984924563842 1.9677541676111776 -117.36823828410324 4.8958369844406526 17.337190093547445 1.6355205554518906 -8.4772744081083502 -145.42767691350247 7.0341817148784651 -22.142859433930486 -0.59587453745064423 44.492413589100821 2.8060508995466926 1.3033489306356236 650.38489925613408 46.787106894859818 0.69247105208693094 -42.315879470881271 -42.493878751427552 -0.46973913848004989
leaf_weight=468 100 779 761 219 227 641 887 2942 1612 514 165 1136 4148 225 313 2093 120 985 1126 302 905 2307
leaf_count=468 100 779 761 219 227 641 887 2942 1612 514 165 1136 4148 225 313 2093 120 985 1126 302 905 2307
internal_value=-4.79838e-05 -0.00138324 2.93918e-05 8.73275e-06 -0.000467428 0.000171895 0.00125241 -0.000207491 -0.000970017 -0.00213222 4.78647e-05 -0.000822528 0.000170419 -0.000363587 0.000382294 0.000791657 0.00103606 0.00166317 0.0007655 -0.00091167 -0.00166359 0.000191037
internal_weight=22975 1247 21728 21628 5514 16114 1648 4781 1839 733 14466 1777 12689 3602 9087 4939 4324 2231 1246 615 1070 2532
internal_count=22975 1247 21728 21628 5514 16114 1648 4781 1839 733 14466 1777 12689 3602 9087 4939 4324 2231 1246 615 1070 2532
cat_boundaries=0 14 16 28 29 42 55 57 59 72 74 88 90 92 105 119 132 134 135 137 138 151
cat_threshold=1073741824 81952 2214592704 0 512 64 384 17408 8 2147486276 1612709896 16781320 1064960 16 2694042638 73764 0 64 0 0 1073741824 0 0 64 134217728 0 0 64 116 14712832 131076 536870912 0 134217984 0 0 65536 0 8409104 218103808 1081348 34832 14712853 2147876868 536870912 8196 320 0 0 1207992320 0 67125504 67108864 34436 655362 1233760260 275156 1131151450 289987 2181038080 0 0 128 131072 0 0 0 536870912 256 131104 0 36 2698510384 2112 33570816 33554432 0 2147484161 17973248 50336768 0 8192 524288 18874378 8454144 133121 2363520 3 2151814224 25480 1043997860 640 0 3072 0 0 268992512 0 0 0 0 12588033 301989888 2147483904 2214603776 0 1151340560 0 2129920 2147549184 536871168 512 65536 536971264 1081344 452984832 2147491872 2155905032 4 17043456 16777216 1 0 134742016 2048 0 0 5120 4850689 0 3145744 9988 2172977920 194596 134218848 1082135058 20548 134217732 0 69206016 0 2097152 0 0 0 0 34816 1081344 0 8224 8388608
is_linear=0
shrinkage=0.045


Tree=227
num_leaves=23
num_cat=20
split_feature=0 3 5 0 0 3 2 3 2 0 3 0 0 5 0 3 3 0 0 3 3 0
split_gain=1.31235 1.56782 1.38347 0.605342 0.446078 1.12596 0.627223 1.04864 0.534222 1.15325 1.08534 1.22668 0.991981 0.95044 0.761397 2.13227 0.800398 2.23539 1.79898 1.00784 0.87225 1.17735
threshold=0 1 4.2413008733233104 2 3 4 5 6 7 8 9 10 11 4.7999057951650004 12 13 14 15 16 17 18 19
decision_type=9 9 8 9 9 9 9 9 9 9 9 9 9 10 9 9 9 9 9 9 9 9
left_child=1 2 -1 -2 5 -5 7 -7 14 -10 12 13 -11 -12 15 -6 18 -18 19 -16 21 -19
right_child=3 -3 -4 4 8 6 -8 -9 9 10 11 -13 -14 -15 16 -17 17 20 -20 -21 -22 -23
leaf_value=318.24328366977113 14.135370786689188 -44.324452379131948 -3.6689907015523451 -34.290651486721657 -36.821002370389536 186.54086680234818 -2.0905778357456253 0.55239370085374728 -60.678325177856479 0.12027487406800148 33.705129934987156 2.4169507671578181 -49.921176564503234 -71.339932599235354 -62.03006344797658 4.6430958697660856 -0.74337138525121393 -14.312293014275694 3.5888154964206938 -2.5110736294561025 21.097022498025602 29.698025040879575
leaf_weight=127 128 1019 136 824 1370 102 702 233 712 1691 168 1684 1094 47 590 2157 2744 518 3554 1408 1287 680
leaf_count=127 128 1019 136 824 1370 102 702 233 712 1691 168 1684 1094 47 590 2157 2744 518 3554 1408 1287 680
internal_value=-7.54026e-05 -0.00146754 0.00158727 7.66997e-06 -1.14716e-05 -0.000675121 0.000313154 0.0018804 5.15814e-05 -0.000329513 -7.09125e-05 0.000755886 -0.000635503 0.00386564 0.00019546 -0.00037765 0.000383164 0.000782197 6.46909e-06 -0.00107015 0.00175711 0.000862809
internal_weight=22975 1282 263 21693 21565 1861 1037 335 19704 5396 4684 1899 2785 215 14308 3527 10781 5229 5552 1998 2485 1198
internal_count=22975 1282 263 21693 21565 1861 1037 335 19704 5396 4684 1899 2785 215 14308 3527 10781 5229 5552 1998 2485 1198
cat_boundaries=0 13 15 27 41 43 44 46 47 60 62 75 88 102 104 106 119 133 135 137 151
cat_threshold=1073741896 81952 33558656 80 1342177792 68 256 268436544 12 2147486308 1075838976 8 1048576 545264648 196612 4 0 536870912 0 0 0 128 0 134217728 0 0 64 33636352 0 268435456 2418016768 1064960 16782336 0 8192 524288 17829890 545259552 133120 2097440 1 587845698 47396 82 132112 8 180 6324224 135168 0 4 134217984 0 0 65536 0 8405008 218103808 557056 32784 1189742296 350347 0 0 2147483648 1 131072 0 0 0 0 1073742080 16 268435588 1024 8388608 0 1073741824 128 8552452 33554432 0 0 0 8 131072 2149589888 2147483656 25165824 33818624 67108864 1 32768 33555232 0 0 536875008 6291464 167837696 2149593089 67375104 2 4130922786 469544 500284580 37845 2359296 94376964 1 0 2156003328 536870912 0 1073840128 2048 8946688 268435456 1048592 19982 4198400 2236432 0 8192 134742024 0 512 16384 99328 67239937 285212672 16778372 2155913360 20 490768388 32832 2149597264 24608 36864 8208 0 0 134217728 0 0 134217728 1024 0 0 525568 32784 4
is_linear=0
shrinkage=0.045


Tree=228
num_leaves=23
num_cat=20
split_feature=0 3 0 3 2 0 3 0 3 0 0 5 5 0 0 3 3 3 0 0 4 3
split_gain=1.57006 0.946101 0.720482 1.05538 0.667945 1.87083 1.59774 1.3466 1.85652 1.0461 0.933707 0.917214 0.877278 2.37997 1.52282 2.20476 1.41016 0.962419 2.18484 1.5993 1.54435 1.27648
threshold=0 1 2 3 4 5 6 7 8 9 10 7.3343274329751802 3.5694334999727624 11 12 13 14 15 16 17 18 19
decision_type=9 9 9 9 9 9 9 9 9 9 9 8 10 9 9 9 9 9 9 9 1 9
left_child=1 -1 3 -2 5 -4 9 8 -6 -7 -8 -10 13 -9 15 -14 -15 18 -16 -19 -20 -21
right_child=2 -3 4 -5 7 6 10 12 11 -11 -12 -13 14 16 17 -17 -18 19 20 21 -22 -23
leaf_value=2.0457925722507264 6.9032302526257752 -31.333184022091178 -4.9777805934574877 0.49504953528911677 -52.402880936108254 -45.778230101633788 21.950310980103847 -60.843324005269118 5.2535175469929829 7.3272837860950348 138.11668542108183 -199.97407922109102 -11.780488763370453 -8.8321758853176888 -35.43369592040932 47.403638672863096 10.900640637619116 -4.6937396591416132 187.77747976923357 2.7841026640656095 0.90827087893177005 28.673904142719934
leaf_weight=421 106 1008 2091 357 1260 215 531 1473 1211 671 717 83 251 1202 2218 427 1041 2407 281 2090 1474 1440
leaf_count=421 106 1008 2091 357 1260 215 531 1473 1211 671 717 83 251 1202 2218 427 1041 2407 281 2090 1474 1440
internal_value=-5.77762e-05 -0.00149584 3.84069e-05 0.00177158 -6.41034e-07 0.000504483 0.00143849 -0.000127506 -0.00107677 -3.00679e-05 0.00247143 0.000124042 4.27483e-05 -0.000551911 0.000251557 0.00229565 0.00037317 0.000108848 -0.000432498 0.000471255 0.000751272 0.0010799
internal_weight=22975 1429 21546 463 21083 4225 2134 16858 2554 886 1248 1294 14304 3716 10588 678 2243 9910 3973 5937 1755 3530
internal_count=22975 1429 21546 463 21083 4225 2134 16858 2554 886 1248 1294 14304 3716 10588 678 2243 9910 3973 5937 1755 3530
cat_boundaries=0 14 16 29 31 32 45 47 61 63 76 89 102 115 117 119 121 134 148 149 151
cat_threshold=1107361792 81952 33558528 64 16777216 577 256 268452928 32776 2147486308 1075838976 8 1048704 4 2161250504 336388 16777220 2147745792 2147483776 4 268435520 4 640 134217728 134217728 0 0 96 131072 542240 8 112 0 67112000 1 2147483648 143753216 0 0 65536 1028 6292490 469762048 2150277392 24576 685394404 82544 8 35651588 0 268435968 0 2048 0 8192 6148 1183747 42008576 286265344 10493194 1 3809299110 477708 294912 16781312 0 0 0 0 0 0 0 0 0 1048576 2147483664 0 20 0 0 524288 0 0 0 536936448 4096 0 1024 12 2129920 67112960 1610612736 1 1589508 1024 0 0 0 80232448 218103848 1028 2214642193 1 67109888 1610612736 1 1196036 0 0 1073741824 0 16384 335544320 2621440 16384 163594256 65572 1330671132 420484 1042658484 77145 2147487760 4096 1 0 134742272 536871168 0 65536 536871936 4227080 537006224 2147485440 41508 2160361472 1099046912 0 2105344 8389120 50336000 0 32768 536870912 1075838976 16777216 2147519105 67108868 2 2 2156923464 135814
is_linear=0
shrinkage=0.045


Tree=229
num_leaves=23
num_cat=21
split_feature=0 3 0 3 1 0 3 3 0 0 0 0 3 0 0 3 3 5 1 3 3 0
split_gain=1.53601 1.23228 0.851086 1.30387 0.607806 0.543913 1.37093 0.606683 2.51433 1.90363 1.21653 1.05969 0.957398 1.29148 0.967051 0.870875 0.839249 0.798781 0.790946 1.68412 1.34647 1.08236
threshold=0 1 2 3 4 5 6 7 8 9 10 11 12 13 14 15 16 1.4978661367769956 17 18 19 20
decision_type=9 9 9 9 9 9 9 9 9 9 9 9 9 9 9 9 9 8 9 9 9 9
left_child=1 4 3 -2 -1 6 -4 9 -9 -7 15 16 13 -12 -14 17 -10 -11 20 -20 21 -13
right_child=2 -3 5 -5 -6 7 -8 8 11 10 12 18 14 -15 -16 -17 -18 -19 19 -21 -22 -23
leaf_value=45.032604448386337 12.744092044742402 -53.778344693361795 -45.995215697891936 0.25452112478159378 -1.3916141501181554 -24.420694925217457 0.17547445486235375 -20.307497348261332 -8.4904388146962688 396.46704292260085 1.1450007959923862 -77.320370058929157 -33.228289978113118 42.925763260060968 5.306292216569755 -19.853779014296666 7.893045313653154 -0.061266472447272326 195.42061721064536 14.370473052110791 17.672222077693998 3.5061960169280693
leaf_weight=100 128 710 791 416 254 1766 1566 1620 2328 47 895 528 571 855 1759 1665 1120 2251 279 930 1909 487
leaf_count=100 128 710 791 416 254 1766 1566 1620 2328 47 895 528 571 855 1759 1665 1120 2251 279 930 1909 487
internal_value=-7.14856e-05 -0.00173141 1.00569e-05 0.0017482 0.000442622 -3.51524e-05 -0.000678135 4.49469e-05 0.000307228 -0.000201152 9.3295e-05 0.000651323 0.000637829 0.00143019 3.84276e-05 -0.000467548 6.7629e-05 0.000101298 0.00113667 0.00210442 0.000729563 -0.00059153
internal_weight=22975 1064 21911 544 354 21367 2357 19010 9201 9809 8043 7581 4080 1750 2330 3963 3448 2298 4133 1209 2924 1015
internal_count=22975 1064 21911 544 354 21367 2357 19010 9201 9809 8043 7581 4080 1750 2330 3963 3448 2298 4133 1209 2924 1015
cat_boundaries=0 13 15 28 30 32 46 48 50 63 77 90 104 106 120 133 135 137 139 141 143 156
cat_threshold=1107296280 81920 33554496 80 1090519040 2112 256 1342178304 4104 2147486304 2097176 16777224 1048576 148000814 66052 16777220 2147745792 2147483776 268435460 268435524 0 640 134217792 134217728 131072 0 64 131072 9979392 8 268435477 32 81985 16777248 268439552 2149581312 1065216 16778240 0 8192 524288 17858566 276824096 1179648 2097536 4 721784950 180256 785012354 339611 2156138496 1073750032 0 32768 65536 4100 0 16384 1024 1073741848 50462848 8197 8411152 6291456 41945088 1677721600 0 164352 536870912 0 32768 65536 13112577 1610616832 530432 67108900 1 2147516416 135168 0 8192 2148007936 33554688 0 65536 536872964 69206016 201392128 2149615504 2147516929 32768 69207108 1 129 143130632 257 0 0 536903684 2637824 134217728 268436256 2148016138 2 550113280 273416 262144 9220 1 0 8388608 0 0 0 32768 1073758208 50331648 0 19464 2 8388608 67108944 0 1 134217728 0 0 0 1024 8 0 8196 8396800 167921282 2689 2107700 184356 1880883473 77312 3252228 49408 1362198624 49408 0 6144 0 0 0 0 0 0 0 0 67108864 2147517456 1057
is_linear=0
shrinkage=0.045


Tree=230
num_leaves=23
num_cat=19
split_feature=0 0 3 3 0 0 0 3 0 3 0 5 5 0 0 5 3 0 0 1 2 1
split_gain=1.48855 0.84187 1.27878 0.530744 2.17058 1.10638 1.00431 0.880807 0.730023 0.677434 1.38242 0.647028 0.777602 0.640174 0.600703 0.613313 0.551498 2.66329 1.52016 0.708679 0.676705 0.616892
threshold=0 1 2 3 4 5 6 7 8 9 10 5.2390944889447963 5.6365721362514982 11 12 1.8688348091416842 13 14 15 16 17 18
decision_type=9 9 9 9 9 9 9 9 9 9 9 8 10 9 9 10 9 9 9 9 9 9
left_child=-1 2 -2 4 -3 7 -6 13 9 10 -7 -12 -13 -5 15 -9 18 -18 -10 -20 -21 -19
right_child=1 3 -4 5 6 8 -8 14 16 -11 11 12 -14 -15 -16 -17 17 21 19 20 -22 -23
leaf_value=-8.329241128742094 -29.896390361637835 -24.617450632555542 2.1012075320570758 -3.5976576199706067 17.748490964135453 -75.869736894574388 -1.23421544206888 203.09460816777636 -7.184475001887793 1.1154262568686104 -5.3166294724195593 100.77453669044351 -2.0782580069759016 -47.497803519756403 -14.646856893040081 18.679136420412359 -9.6256439243782648 212.31955689914216 41.481309954558363 3.1059566287587494 99.823705917422444 21.14086061032862
leaf_weight=1008 236 1249 403 391 465 653 3111 51 2419 4609 551 76 123 740 432 406 1208 199 263 2760 153 1469
leaf_count=1008 236 1249 403 391 465 653 3111 51 2419 4609 551 76 123 740 432 406 1208 199 263 2760 153 1469
internal_value=-7.54026e-05 2.66056e-06 0.00159677 -4.59711e-05 -0.000460514 7.54758e-05 0.00010535 -0.000907974 0.000213279 -0.000165838 -0.00102721 0.000295275 0.00248507 -0.00173622 0.000154827 0.00127612 0.000482199 0.00098788 0.000220705 0.000866687 0.000656922 0.00214821
internal_weight=22975 21967 639 21328 4825 16503 3576 2020 14483 6012 1403 750 199 1131 889 457 8471 2876 5595 3176 2913 1668
internal_count=22975 21967 639 21328 4825 16503 3576 2020 14483 6012 1403 750 199 1131 889 457 8471 2876 5595 3176 2913 1668
cat_boundaries=0 14 27 29 31 45 59 73 75 88 90 102 116 130 132 145 158 160 161 163
cat_threshold=1073741833 1073823744 570429440 80 0 2112 256 268452864 4104 2660 2097152 8 1187840 16 4 2147745792 2147483776 4 268435456 4 640 134250560 134217728 67239936 536870912 64 1024 2281754624 70276 1310858372 364035 0 41945120 0 2097153 688384 1024 0 0 0 15242504 285216768 561156 33316 1 376832 48 67108864 270533120 2148614144 0 0 8192 1024 1091567616 41943072 1181857 4098 6 2147483648 1040 1 8192 0 0 0 8192 33792 1073741824 33554464 1056897 6144 6 2173231202 20804 2149580816 16916484 1342177280 8320 0 16782368 0 0 536870912 2148016130 402653200 2147493632 2147485720 810131458 139280 16 16785408 0 0 0 0 0 0 536870912 2 134217728 2147485184 0 32 0 2097152 1048576 0 0 0 0 16777216 41943040 32 0 2 360448 16 0 0 0 0 0 8192 1024 1048576 0 2176 4098 4 282149720 4268 41943040 35658752 1 0 655360 256 0 1073741824 2052 50200 83886080 32784 67158048 4194304 75497472 0 32769 1216381248 536870912 0 65536 32768 14684160 69760 287309824 8913285 17476 160 86 524384 64
is_linear=0
shrinkage=0.045


Tree=231
num_leaves=23
num_cat=18
split_feature=0 0 0 3 3 0 0 3 5 5 0 3 5 0 0 3 0 3 5 2 0 3
split_gain=1.80402 1.12377 0.657223 0.842443 0.762174 1.69764 1.19545 1.01419 1.00335 0.932281 0.758498 1.10126 0.614488 0.610065 0.587512 0.648795 0.537895 0.52904 0.504939 0.503577 1.0345 1.16274
threshold=0 1 2 3 4 5 6 7 5.1503930356556173 4.5271940351011493 8 9 5.8678824850335358 10 11 12 13 14 1.8688348091416842 15 16 17
decision_type=9 9 9 9 9 9 9 9 10 8 9 9 10 9 9 9 9 9 10 9 9 9
left_child=17 -2 3 16 5 12 7 8 9 -6 11 -8 14 -7 15 -4 18 -1 -3 20 -9 -22
right_child=1 2 4 -5 6 13 10 19 -10 -11 -12 -13 -14 -15 -16 -17 -18 -19 -20 -21 21 -23
leaf_value=-53.996477638483 6.8970499609205262 233.46486223912672 160.95720112125326 0.70881639054928192 16.853212977122041 -83.968293466333961 -70.814116503773903 -0.26942596793994894 -115.87040286184852 319.89014577176033 1.5950231249900872 0.06728005020209589 -35.63005004033073 -9.8945239115979593 5.3089150694969156 4.7582685453602007 -57.423312321154128 -6.0911945057520871 -4.0954250041109042 -7.7862354517969141 -22.838968957453268 18.470977786905774
leaf_weight=307 112 64 101 1236 148 456 1047 388 40 52 9151 3438 160 2129 1168 193 616 699 777 332 135 226
leaf_count=307 112 64 101 1236 148 456 1047 388 40 52 9151 3438 160 2129 1168 193 616 699 777 332 135 226
internal_value=-7.54026e-05 1.04398e-05 -1.37877e-05 -0.000670426 7.88475e-05 -0.000455441 0.000229373 0.00151575 0.00410714 0.00556931 0.000103531 -0.000375251 0.000682985 -0.00116962 0.000977458 0.00273529 -0.00139993 -0.00192731 -0.000638336 0.000901646 0.00154336 0.00324531
internal_weight=22975 21969 21857 2693 19164 4207 14957 1321 240 200 13636 4485 1622 2585 1462 294 1457 1006 841 1081 749 361
internal_count=22975 21969 21857 2693 19164 4207 14957 1321 240 200 13636 4485 1622 2585 1462 294 1457 1006 841 1081 749 361
cat_boundaries=0 14 26 40 42 44 58 71 73 87 89 102 116 118 132 134 135 148 150
cat_threshold=1073741832 8470528 570425408 80 576 2561 256 268452864 4104 2147486304 2097152 4104 1572864 16 0 1073741824 0 268435456 0 4 0 64 134217728 0 0 64 98369 96 268435456 2149581312 1064960 16778304 0 8192 524288 16782340 276828192 268566656 2105600 4 1297504382 30824 572564612 329363 2149580800 2100240 0 8192 8913152 256 0 65536 2052 2621696 33554448 2149590016 22680 2 46137344 2147745792 2147483776 133 1342308356 0 128 134250496 0 1141014800 131080 557092 132128 1209536544 131072 2149580804 16779264 1073745920 32768 2147483904 4352 512 0 0 6823936 1644232720 2147483905 8411160 2 201986082 133120 41943040 131072 0 1 163840 0 0 0 0 32778 131072 557056 2147483680 2149580800 0 0 0 8388608 256 0 0 0 0 0 2105344 22528 2 536912896 262144 32769 0 0 0 0 64 0 8192 0 5120 276824064 268435584 256 4 151864322 394136 6 4194304 262144 0 4 268566532 0 0 0 0 1141014544 0 4 32 16794112 4100
is_linear=0
shrinkage=0.045


Tree=232
num_leaves=23
num_cat=18
split_feature=0 0 3 0 0 0 0 3 5 3 0 3 3 5 3 3 5 0 0 3 5 4
split_gain=1.52645 0.81851 0.615416 2.51275 2.01958 1.24279 0.94292 0.873966 0.803248 2.02348 0.97932 1.70986 1.02197 0.929687 0.798747 0.770447 1.02178 0.92772 0.76556 1.14919 0.796521 0.663063
threshold=0 1 2 3 4 5 6 7 5.3205649864913136 8 9 10 11 5.5965666693001079 12 13 5.5154408213148463 14 15 16 3.1132683346437333 17
decision_type=9 9 9 9 9 9 9 9 10 9 9 9 9 10 9 9 10 9 9 9 8 1
left_child=-1 -2 3 -3 14 7 15 -6 10 13 12 -12 -8 -10 -4 16 17 -5 19 -7 -21 -13
right_child=1 2 4 6 5 18 8 -9 9 -11 11 21 -14 -15 -16 -17 -18 -19 -20 20 -22 -23
leaf_value=-21.069140184279529 1.9049427146175792 -17.417618467964296 -92.46224228198399 50.49961601351535 -35.375622947370672 -0.9961556541414357 -10.680352703596096 5.3257089652940266 183.56369025208272 0.55195883631953646 8.8866792734743196 0.53625244617783974 34.333481149652101 137.97410614049684 -8.0738695839001302 -16.740242351813322 -75.745783350574143 -4.2422190884383859 3.8914312902131929 95.377864160484762 22.272738465098421 -46.274401632446185
leaf_weight=895 343 1738 432 318 1545 465 311 1183 78 507 1986 375 550 180 1186 2249 126 300 6485 71 662 990
leaf_count=895 343 1738 432 318 1545 465 311 1183 78 507 1986 375 550 180 1186 2249 126 300 6485 71 662 990
internal_value=-0.000100863 -2.64812e-05 -6.14522e-05 -0.000327779 0.000153599 0.000383814 1.12743e-05 -0.000440147 0.000390558 0.00173077 0.000147365 -0.000202053 0.00148969 0.00486667 -0.00131963 -0.00061847 0.000630951 0.00139355 0.000676607 0.00171818 0.0028208 -0.00142157
internal_weight=22975 22080 21737 9708 12029 10411 7970 2728 4977 765 4212 3351 861 258 1618 2993 744 618 7683 1198 733 1365
internal_count=22975 22080 21737 9708 12029 10411 7970 2728 4977 765 4212 3351 861 258 1618 2993 744 618 7683 1198 733 1365
cat_boundaries=0 13 26 28 42 55 69 82 84 86 100 102 104 106 108 121 134 136 137
cat_threshold=1073741832 3221307392 33554624 64 1073741824 2113 256 268436544 4104 2147486276 2228224 268435464 1572864 4 0 2147483648 268435456 512 4 512 32768 134217728 0 0 96 132096 786611236 380554 25165840 405600 1610616832 4 131080 570425344 0 0 65536 4231426 335544320 17305728 160 4 2181365760 0 0 2130432 2148614144 16778240 128 73728 0 9961472 1207963664 1056769 8409090 49152 58720256 0 8208 268468224 4352 0 134217728 536870912 1092748296 570490880 131072 2099224 1 2149584896 75500548 1 1 293601540 0 0 16384 0 148480 16777344 2147518228 40964 2416198338 4117 4232192 2048 33898496 2097168 0 8320 1048576 256 128 134291456 2052 1048576 536875008 1050625 8409090 18 547393568 83592 570464292 66056 327754 4208 67283972 32770 2097152 3072 0 0 8388608 0 0 0 0 0 128 2147484672 8192 16777232 4096 1073745920 5 131084 570425344 0 0 65536 67158273 67108872 561156 8320 1092158208 4369 2
is_linear=0
shrinkage=0.045


Tree=233
num_leaves=23
num_cat=15
split_feature=0 0 3 0 5 3 0 1 0 3 3 5 1 0 3 4 5 5 3 5 5 5
split_gain=1.58666 1.13154 1.34242 0.554452 0.853705 0.527047 2.0328 0.795129 0.745564 0.883572 0.525941 0.521636 0.494662 0.462358 0.723706 0.387739 0.376182 0.537986 0.458049 0.387372 0.369216 0.368619
threshold=0 1 2 3 4.7999057951650004 4 5 6 7 8 9 3.9219243190762363 10 11 12 13 5.1503930356556173 5.5432204948189954 14 4.135134555718313 2.524928003624769 4.1026092131977068
decision_type=9 9 9 9 10 9 9 9 9 9 9 10 9 9 9 1 10 10 9 10 10 10
left_child=10 2 -2 4 -4 6 -3 -8 9 -7 -1 12 -9 -13 -15 -16 18 -18 21 -20 -14 -12
right_child=1 5 3 -5 -6 8 7 11 -10 -11 16 13 20 14 15 -17 17 -19 19 -21 -22 -23
leaf_value=-63.660865132417747 -28.312648522400444 -51.213468490320359 277.04473258330603 1.0592794266378547 2.4965271585693385 -27.341313388075047 -7.8035546718575324 7.4357034444500023 0.61272218459602834 0.7591138559241748 56.839221356067732 -8.6968163317690745 0.66337140384314308 -18.333331339734542 75.849162000575802 475.40332669335004 9.8036514710647342 -34.141735514241589 -74.603511261172258 -0.59227049049240488 -117.16003753798806 -60.122504952041751
leaf_weight=476 241 563 63 270 42 1181 359 189 16789 1298 137 131 47 104 294 64 60 82 213 152 130 90
leaf_count=476 241 563 63 270 42 1181 359 189 16789 1298 137 131 47 104 294 64 60 82 213 152 130 90
internal_value=-7.93195e-05 9.29773e-06 0.00189172 0.00354651 0.00634615 -4.65726e-05 -0.000763076 0.000209773 2.3806e-05 -0.000702731 -0.00165712 0.000885169 -0.000440218 0.00171681 0.00235443 0.00330811 -0.000868634 0.0011875 -0.00137879 -0.00232759 -0.00207143 0.000244769
internal_weight=22975 21765 616 375 105 21149 1881 1318 19268 2479 1210 959 366 593 462 358 734 142 592 365 177 227
internal_count=22975 21765 616 375 105 21149 1881 1318 19268 2479 1210 959 366 593 462 358 734 142 592 365 177 227
cat_boundaries=0 13 26 28 40 42 55 57 71 73 75 77 90 92 93 95
cat_threshold=1073807368 33636352 33558592 64 8 2049 384 268435456 4104 2147486244 539103232 268439560 1064960 4 3221487616 67108992 2415919120 576 4 512 33856 134217728 256 8 96 132096 168016 21004 4 262144 0 16 0 0 0 64 0 0 8 96 639642628 262144 2181038080 16781312 0 0 557312 536870912 0 0 536870912 4719624 128 35200 2214627364 1342722176 540 53312 8388640 1342177280 2097664 16384 33555968 0 65536 128 16789522 8454176 1179649 2625536 18 1225461802 64260 2299348018 2896 16 1056 0 8224 0 0 0 0 0 0 0 0 0 1049616 513 603979776 262144 4 583008260 8204
is_linear=0
shrinkage=0.045


Tree=234
num_leaves=23
num_cat=19
split_feature=0 0 3 0 4 3 0 0 3 0 0 3 1 3 5 0 0 2 3 5 5 3
split_gain=1.41982 1.02397 0.542874 0.540868 0.480757 1.68138 2.73811 2.19077 1.44919 2.93816 2.10887 1.51336 1.20317 1.33288 1.21261 1.19012 1.13398 1.05475 0.995468 0.786995 0.82765 0.786857
threshold=0 1 2 3 4 5 6 7 8 9 10 11 12 13 3.1984648276080736 14 15 16 17 0.89587973461402759 4.0689902272260703 18
decision_type=9 9 9 9 1 9 9 9 9 9 9 9 9 9 10 9 9 9 9 8 10 9
left_child=2 -2 -1 -4 5 7 -7 -3 9 -6 11 -10 13 -8 -15 18 -12 -13 -11 -14 -21 -18
right_child=1 4 3 -5 8 6 12 -9 10 15 16 17 19 14 -16 -17 21 -19 -20 20 -22 -23
leaf_value=-4.2654138128150976 2.165695645777324 17.856952044100943 -7.6759378149024604 -76.656537523528442 -73.972977648151669 -8.3049615735595239 72.60371333614421 -31.218125252358874 -0.23263533848433818 19.395520736521281 -17.560645307620973 -37.305971978705593 623.64633169430874 2.6228505307565668 472.63038139705412 -11.960373822619847 -7.4011950828973712 42.235829728555174 -4.5790922636225107 0.16703854478060418 50.967058768117695 2.9393649016577288
leaf_weight=518 413 1050 341 298 1173 1441 428 1827 671 836 1248 161 52 59 167 2834 1784 778 713 996 1044 4143
leaf_count=518 413 1050 341 298 1173 1441 428 1827 671 836 1248 161 52 59 167 2834 1784 778 713 996 1044 4143
internal_value=-7.7361e-05 4.53397e-06 -0.00160522 -0.00248157 -3.88721e-05 0.00026493 0.000839127 -0.000571652 -0.00018856 -0.000756467 0.000171364 0.00163687 0.00167077 0.00335135 0.00612605 -0.00021809 -0.000159664 0.00279653 0.000781229 0.00112928 0.000991674 0.000100773
internal_weight=22975 21818 1157 639 21405 7064 4187 2877 14341 5556 8785 1610 2746 654 226 4383 7175 939 1549 2092 2040 5927
internal_count=22975 21818 1157 639 21405 7064 4187 2877 14341 5556 8785 1610 2746 654 226 4383 7175 939 1549 2092 2040 5927
cat_boundaries=0 13 26 28 41 42 44 58 72 74 87 100 102 104 106 120 134 135 137 139
cat_threshold=1073741836 33636352 33554496 592 8 33554433 256 268435520 8 2147486212 10620936 4104 1064960 0 3221225472 67108992 2415919104 0 4 512 1024 134217728 256 0 96 132096 579995228 73892 1073741824 33554432 0 0 0 33554432 256 268435456 0 0 8392712 0 1048576 2 592530290 353864 0 10497024 1 0 8454400 16777472 0 0 32768 6946827 285212672 2150146320 2147483650 6 32768 3072 1 0 8912896 0 0 0 32768 6816776 0 2663440 2147518488 5 1319285956 2486 10485776 16777280 536870912 1 1605636 536871936 0 134283264 536870912 4755456 67108880 2180 67119744 2155872272 143364 1073745920 1 1048580 536870912 0 134266880 4096 4325378 352387088 16810116 8193 827851040 507912 134778052 776 2156396544 135428 2181042176 2100244 1 4 25296896 0 0 8192 32768 1073759234 0 2167932176 4096 2 2375680 75497520 0 32772 1359085632 4352 0 8192 67584 1075889168 570425344 1048832 2101248 1 1 75633732 38 262146 143880
is_linear=0
shrinkage=0.045


Tree=235
num_leaves=23
num_cat=17
split_feature=0 0 3 3 3 0 0 3 5 4 5 3 5 0 3 3 1 5 5 0 0 3
split_gain=1.31995 1.20382 0.876916 0.700073 0.51622 0.805105 0.501002 1.50462 0.522533 0.457288 0.454321 0.650618 0.509727 0.449849 1.12513 0.552182 0.447086 0.583052 0.446343 1.91178 1.66708 1.26302
threshold=0 1 2 3 4 5 6 7 5.5032948732385458 8 4.6959141240107813 9 5.3821962081647756 10 11 12 13 3.7012257604091228 4.6774800307930642 14 15 16
decision_type=9 9 9 9 9 9 9 9 10 1 10 9 10 9 9 9 9 8 10 9 9 9
left_child=2 3 -1 -2 5 9 7 8 -6 -3 11 16 -12 14 -9 -15 17 -4 20 -20 -8 -21
right_child=1 4 10 -5 6 -7 18 13 -10 -11 12 -13 -14 15 -16 -17 -18 -19 19 21 -22 -23
leaf_value=61.216369733065839 -8.7766544599728817 -24.144954748327546 120.01651021746665 2.0640817655595654 -85.187071108462362 -25.527517240119067 -22.02681669489656 -31.670982106490879 81.046884680428818 17.416003501383489 8.9554556226209172 -59.232925626053259 -58.724895552250473 -50.768658104010257 77.206373047238856 4.992157353091228 -59.470281158479274 -15.319987474660014 -7.6978232245295395 44.032938165812318 1.152565915654385 3.4435312473323285
leaf_weight=119 112 57 44 474 747 869 3113 100 110 172 218 464 203 245 169 300 219 57 2804 1091 8400 2888
leaf_count=119 112 57 44 474 747 869 3113 100 110 172 218 464 203 245 169 300 219 57 2804 1091 8400 2888
internal_value=-8.91119e-05 -4.36335e-06 -0.00146183 0.00198662 -6.08494e-05 -0.00100541 -8.33482e-06 -0.000751338 -0.00205581 0.00132573 -0.00183032 -0.00248473 -0.000648937 0.00063196 0.00209786 -0.000121186 -0.000813254 0.0015531 5.99727e-05 0.00034952 -0.000110596 0.000982084
internal_weight=22975 21651 1324 586 21065 1098 19967 1671 857 229 1205 784 421 814 269 545 320 101 18296 6783 11513 3979
internal_count=22975 21651 1324 586 21065 1098 19967 1671 857 229 1205 784 421 814 269 545 320 101 18296 6783 11513 3979
cat_boundaries=0 13 26 27 29 31 44 58 60 61 63 76 78 80 82 96 109 111
cat_threshold=1073741828 33636352 33554432 2097232 0 33554497 384 268435520 4108 2147617284 539103240 8 1048576 0 3221225536 2214592704 2415919104 268435520 4 512 1024 134217728 256 0 96 2229248 1115685376 16793632 12800 639639556 1024 0 8192 0 0 134217728 0 0 65536 0 8392704 0 3147264 1 2101320 32 1879048192 512 1064960 1024 0 1073741824 557056 83886096 42008592 139268 524416 4 165155888 428060 2 134759426 748 2101256 0 1610612736 512 1048576 0 0 0 0 0 41943040 0 128 2147500544 16416 98306 29056 268435616 256 33554432 75506692 1 1 159383552 4352 0 8192 536871936 1024 486539264 2149583504 67127296 2 16810000 262144 0 8192 2147582720 0 0 65536 0 8437827 160 18355200 2155917836 135315522 180776
is_linear=0
shrinkage=0.045


Tree=236
num_leaves=23
num_cat=19
split_feature=0 3 0 2 3 0 0 0 3 0 3 4 5 3 5 0 3 3 0 3 3 5
split_gain=1.56761 1.32785 1.04311 1.02651 0.695875 1.8663 1.70485 0.944316 1.05557 0.887897 0.729158 0.726362 0.72222 0.687283 0.715695 0.621004 0.801517 0.5812 0.561905 0.823827 0.816188 1.03443
threshold=0 1 2 3 4 5 6 7 8 9 10 11 5.9801499880778026 12 4.1190041246092024 13 14 15 16 17 18 5.2390944889447963
decision_type=9 9 9 9 9 9 9 9 9 9 9 1 10 9 10 9 9 9 9 9 9 8
left_child=1 -1 13 -3 5 17 10 8 -8 -7 11 -6 -12 -2 -15 16 -10 -4 19 -11 21 -20
right_child=2 3 4 -5 6 9 7 -9 15 18 12 -13 -14 14 -16 -17 -18 -19 20 -21 -22 -23
leaf_value=-2.3030712052489974 -36.344724607782773 4.7708756834755484 -0.20049295128915129 0.30860825883603171 41.35066272183095 38.394582201147315 -1.7989142267271918 1.6166482498600099 -82.347673551517715 1.7837994025756554 -66.963477105592332 -17.186688378914631 86.164033143576802 -38.693605975450396 13.637197721063044 27.695977263065934 12.512983501485662 -36.831926118983745 0.98160149536024199 -19.176838251492388 -5.236241792938956 102.87855465359105
leaf_weight=372 677 265 327 186 104 364 509 8991 100 1165 1073 316 88 316 322 556 351 1358 1363 1489 2155 528
leaf_count=372 677 265 327 186 104 364 509 8991 100 1165 1073 316 88 316 322 556 351 1358 1363 1489 2155 528
internal_value=-4.40669e-05 0.00187006 -0.000116135 0.0034892 -3.82043e-05 -0.000343626 0.000182974 0.000390578 0.00142539 -2.16235e-05 -0.00118927 0.000416666 -0.00176854 -0.00133949 -0.000263078 0.00226546 0.000962202 -0.00168385 -0.000140794 -0.000648163 0.000192951 0.000872569
internal_weight=22975 823 22152 451 20837 8749 12088 10507 1516 7064 1581 420 1161 1315 638 1007 451 1685 6700 2654 4046 1891
internal_count=22975 823 22152 451 20837 8749 12088 10507 1516 7064 1581 420 1161 1315 638 1007 451 1685 6700 2654 4046 1891
cat_boundaries=0 13 15 28 29 31 45 59 73 75 89 91 92 94 106 108 110 123 125 127
cat_threshold=0 3221225536 3288334528 2415919104 64 4 640 1207960576 134250496 256 0 96 140288 159416416 94884 1073745928 33636352 33558528 2097744 16384 33555457 256 268435520 8 2147486228 547487752 8 1048576 132 774874374 347872 58982416 16788512 536870912 4 131340 64 0 49152 4 4329480 67108864 268435472 162 5 2195460 0 0 40960 2149122560 16781568 0 0 67584 17408 33620000 532485 2157973508 16 25165824 16780288 536870913 5 1073872908 64 0 49152 4 1183841 16 268468240 34 4 3221230112 12561 16384 4 0 8192 1048576 256 0 0 65536 1024 32 8197 8392704 16 1073744016 4096 2 156782612 2940 8388608 16780288 536870912 0 1073741828 0 0 0 0 0 0 32784 26214408 131072 671088640 328192 2151677952 8785920 1 129 0 0 0 8192 536871936 1083736066 1493172240 2165345280 16896 235339780 1248 2990338 18464
is_linear=0
shrinkage=0.045


Tree=237
num_leaves=23
num_cat=16
split_feature=0 3 0 5 5 2 5 5 3 3 0 0 0 0 3 0 3 5 0 4 0 5
split_gain=1.77237 1.61811 1.39171 1.33336 1.07467 1.21398 0.851468 0.795103 0.733533 0.697512 1.50264 1.43891 1.03736 0.865519 0.882081 0.7576 0.730733 0.604813 0.560694 0.559422 1.11706 0.554183
threshold=0 1 2 3.1132683346437333 5.3351284364833438 3 3.8815106545092593 3.6505739029280164 4 5 6 7 8 9 10 11 12 5.7284737652803868 13 14 15 7.4966485886878944
decision_type=9 9 9 8 10 9 10 8 9 9 9 9 9 9 9 9 9 10 9 1 9 10
left_child=1 -1 8 -3 5 -5 7 -7 -2 10 16 -11 -12 14 15 -13 -4 -16 -10 20 -15 -14
right_child=2 3 9 4 -6 6 -8 -9 18 11 12 13 21 19 17 -17 -18 -19 -20 -21 -22 -23
leaf_value=0.137693690807909 -41.92507499949712 -33.502388726944403 -7.7086425864098018 0.59519889045444851 -44.131598265663207 50.521966018810744 1.8834456532471278 72.360316329790678 6.1584363327042881 -33.023593137603427 44.275539817903876 31.14751602427528 -2.3077323177900273 26.27976575687028 14.181055945537558 -12.31606255508677 -67.719279901057263 -54.227876363243091 -50.333394031564325 1.560822618326932 -260.1107124126209 157.67560988065227
leaf_weight=527 632 76 1031 120 45 35 124 39 377 989 356 211 6307 128 1015 418 626 100 238 9244 301 36
leaf_count=527 632 76 1031 120 45 35 124 39 377 989 356 211 6307 128 1015 418 626 100 238 9244 301 36
internal_value=-6.16932e-05 0.00181288 -0.000144886 0.00380155 0.00501781 0.00593437 0.00797143 0.0121974 -0.0015977 -5.67547e-05 -0.000374284 0.000157271 -7.309e-05 0.000300419 0.00121982 -0.000133386 -0.00158269 0.00197649 -0.000466508 0.000133349 -0.00145128 -0.000207476
internal_weight=22975 966 22009 439 363 318 198 74 1247 20762 8356 12406 6699 11417 1744 629 1657 1115 615 9673 429 6343
internal_count=22975 966 22009 439 363 318 198 74 1247 20762 8356 12406 6699 11417 1744 629 1657 1115 615 9673 429 6343
cat_boundaries=0 13 15 29 30 32 34 48 61 74 88 90 104 106 116 117 129
cat_threshold=0 3221225536 3825205440 2415951872 65600 260 640 1073742848 134250496 256 65536 96 2237440 155238512 31276 1073745932 81920 33558528 2097236 512 1089 256 64 8 2147617317 2228232 8 1048576 16 19 2299334678 6516 1043246350 282274 2189426704 16780320 0 128 131084 33554432 0 32768 0 4722762 201326592 285214720 674 5 2179072 33554436 0 8193 2148548608 16781312 0 0 67584 1024 570429440 532481 8916992 16384 4 0 8193 1048576 0 0 0 66560 0 536870912 532481 8392704 2172649488 3072 0 0 1073741836 33554432 0 134266880 4100 72355906 0 268470288 35 4 1074860768 77841 8388608 0 0 0 4 0 0 0 0 5242944 0 2064 0 4 671124492 19074 1073741828 0 0 2097172 512 1025 256 64 0 133120 1 0 0 0 0 0 0 0 0 0 0 0 2147484288
is_linear=0
shrinkage=0.045


Tree=238
num_leaves=23
num_cat=18
split_feature=0 3 0 5 3 5 5 3 0 0 0 3 0 4 3 2 3 0 5 1 3 0
split_gain=1.30861 1.23223 1.08393 1.03957 0.920423 0.716273 1.96663 0.638383 1.97851 1.56397 1.15941 1.11936 0.839051 0.944347 0.829542 0.683096 0.834852 1.07301 1.35094 1.0433 0.897232 0.718206
threshold=0 1 2 3.2384861814448418 3 4.7050052835523761 5.310736838221497 4 5 6 7 8 9 10 11 12 13 14 4.945201156493737 15 16 17
decision_type=9 9 9 10 9 10 10 9 9 9 9 9 9 1 9 9 9 9 10 9 9 9
left_child=1 -1 4 -3 5 -2 -7 8 11 -9 -10 -4 13 -11 -15 16 -12 -18 19 -19 -21 -17
right_child=2 3 7 -5 -6 6 -8 9 10 12 15 -13 -14 14 -16 21 17 18 -20 20 -22 -23
leaf_value=-2.4372314706187503 -21.27075565215927 -17.263502662444782 1.2651396912002704 3.571267739778401 -56.077927130838908 347.1498404738017 -58.028868529189147 -15.792958237848175 92.00741110888714 31.988690836216595 -19.90253153445294 -67.092572054610045 0.90461175290432927 -29.269922572081448 10.300208048204963 -90.732788025941332 -3.4395152153864355 57.396922895148805 85.32267828031803 61.051051828466683 -5.4498176440719641 -1.2497241092189777
leaf_weight=364 141 111 482 426 729 38 43 1899 211 76 905 1419 8466 125 2084 564 1431 377 610 100 1079 1295
leaf_count=364 141 111 482 426 729 38 43 1899 211 76 905 1419 8466 125 2084 564 1431 377 610 100 1079 1295
internal_value=-4.79838e-05 0.00162158 -0.000116953 0.00297541 -0.00159346 0.000923076 0.00428313 -4.96107e-05 -0.000351622 0.000152818 1.91362e-05 -0.00162546 0.000363327 0.00112647 0.000958615 -9.25007e-05 0.000207354 0.000514962 0.00114463 0.0004448 -0.000222923 -0.00081534
internal_weight=22975 901 22074 537 951 222 81 21123 8473 12650 6572 1901 10751 2285 2209 6361 4502 3597 2166 1556 1179 1859
internal_count=22975 901 22074 537 951 222 81 21123 8473 12650 6572 1901 10751 2285 2209 6361 4502 3597 2166 1556 1179 1859
cat_boundaries=0 13 15 28 30 32 46 60 74 76 90 91 92 93 94 108 110 112 125
cat_threshold=0 3221225472 3825205376 2147483648 268501056 33554692 512 1207960576 134217728 67109120 65536 64 140288 25198656 94884 1073745924 81920 33554496 592 512 1025 256 64 65544 2564 547487752 8 1048576 41977442 81920 1043049734 282248 2156134416 265248 1 4 131080 64 0 32768 0 4886530 100663296 2415925392 162 4 2179072 100663296 0 270573568 2282766336 16781312 128 65536 0 2098176 1090523136 8225 2157973504 17 81920 0 0 8192 1048576 0 0 0 32768 0 0 8225 8392704 16 134220804 262656 25427984 3072 1 4 8 64 0 32768 4 4345953 0 2432735248 290 4 1 1073745952 148 975185924 0 10629188 4096 0 524288 536870912 0 8192 536872964 9438208 134217728 18875392 2147502592 2 537399504 1536 0 1032 33587200 4096 0 0 256 0 0 0 0 8 128 557060 24
is_linear=0
shrinkage=0.045


Tree=239
num_leaves=23
num_cat=17
split_feature=0 3 0 3 0 0 0 3 0 3 1 0 5 3 0 3 5 5 0 2 5 5
split_gain=1.51622 1.59697 1.03327 0.628536 1.70749 1.42951 1.11536 0.983494 0.925813 0.901983 1.11143 0.823321 0.699696 0.636247 0.522958 0.481287 0.998027 0.481245 0.473903 0.78421 0.733917 0.592255
threshold=0 1 2 3 4 5 6 7 8 9 10 11 3.5972184255501678 12 13 14 4.7833076179467886 4.2268071048866842 15 16 3.4498615536424366 2.9174053685313028
decision_type=9 9 9 9 9 9 9 9 9 9 9 9 10 9 9 9 10 10 9 9 8 10
left_child=1 14 15 4 13 9 7 -6 -7 10 17 -9 -13 -4 -1 16 -2 -5 -11 20 21 -20
right_child=2 -3 3 5 6 8 -8 11 -10 18 -12 12 -14 -15 -16 -17 -18 -19 19 -21 -22 -23
leaf_value=-57.383458690367988 -6.4966746067125394 2.4106754951809077 -5.4063577635527933 0.75121583033617312 39.870157942701915 -0.85999833597339204 -2.2090644646719833 -29.979272067762899 4.5994458019350573 -81.67332089971606 -11.271669197114623 -312.19727826493022 253.83234247818027 -34.800980803095953 0.59834582815028259 -37.411428061852824 171.97111727171298 152.73797509255382 15.008183386453227 -64.735590224586147 -1.4387161830839597 241.48222908372017
leaf_weight=203 277 716 512 44 522 4054 7644 256 5081 521 156 42 98 899 270 496 55 61 35 767 226 40
leaf_count=203 277 716 512 44 522 4054 7644 256 5081 521 156 42 98 899 270 496 55 61 35 767 226 40
internal_value=-1.66482e-05 0.00153997 -0.000102396 -4.03444e-05 -0.000298799 0.00019437 -5.87834e-05 0.0014129 0.000425548 -0.000942536 0.00146703 -0.000286766 0.00236842 -0.00174245 -0.000491754 -0.00165 -0.000287792 0.00480769 -0.00134635 -0.000783334 0.00113578 0.00496753
internal_weight=22975 1189 21786 20958 9973 10985 8562 918 9135 1850 261 396 140 1411 473 828 332 105 1589 1068 301 75
internal_count=22975 1189 21786 20958 9973 10985 8562 918 9135 1850 261 396 140 1411 473 828 332 105 1589 1068 301 75
cat_boundaries=0 14 16 30 32 46 59 72 74 87 89 91 104 106 120 122 135 136
cat_threshold=2147483668 3221487616 1677721792 2415919104 65608 33554692 0 1207960576 134217728 256 65536 96 140290 4 26251360 94324 16846848 81920 33554432 2097216 0 513 256 49216 8 2628 1612709896 8 8388640 16 795569158 282312 1073741832 2096 0 517 268435972 536870976 0 0 34816 152577 377618432 6272 1065216 1 1113604096 35651584 2147483648 32768 2148548608 16782336 128 8192 1024 32808 16 268444421 6656 37765120 2097152 0 8192 1048576 1024 128 0 0 8 16 8197 6145 558391296 712 8421376 67112964 4097 8192 134775040 0 0 65536 536870912 26738704 16781440 3670016 2150105113 1073745960 164096 524300 2 33554432 0 0 0 0 0 0 0 0 8 16 4 1 671096838 280584 20 262144 1073741824 0 0 33554688 0 0 0 0 65536 0 8194 4 43008610 131724 1077936128 0 0 0 1048576 0 128 0 0 40 16 1 4096 50
is_linear=0
shrinkage=0.045


Tree=240
num_leaves=23
num_cat=19
split_feature=0 3 0 3 0 3 3 0 0 0 0 5 3 3 5 0 4 4 0 5 0 3
split_gain=1.62879 1.18984 1.00778 0.916421 0.547722 0.554534 0.528749 1.37352 1.26711 1.07093 0.939642 0.732438 0.718881 0.706255 0.799066 0.642128 0.568204 0.566342 1.37566 1.14989 1.06345 1.01985
threshold=0 1 2 3 4 5 6 7 8 9 10 5.8391860522696701 11 12 6.0969494222992333 13 14 15 16 4.0859410030639109 17 18
decision_type=9 9 9 9 9 9 9 9 9 9 9 8 9 9 10 9 1 1 9 10 9 9
left_child=1 -1 3 -2 -3 -6 7 12 13 11 16 -9 -4 15 -15 -8 -10 18 -11 -20 21 -19
right_child=2 4 6 -5 5 -7 8 9 10 17 -12 -13 -14 14 -16 -17 -18 20 19 -21 -22 -23
leaf_value=2.7048768620160928 0.92748515382738728 4.7241143005889974 1.1009430427266071 -63.355827794650594 -103.80737167340519 0.88832921962805578 34.770125734445905 46.549935636086005 -216.51160421570768 -18.327402968805835 4.3563501959555939 -49.629239383631301 -31.098367992323062 -46.282938039053917 91.273106241483291 -4.9451267844876483 -0.26444168446118038 5.2891366645945999 1.7029974639891741 205.71242657063439 0.14813854932516959 -50.916368873436362
leaf_weight=317 444 108 391 627 111 466 120 301 214 1145 5896 39 1391 1385 85 228 4076 351 594 458 3252 976
leaf_count=317 444 108 391 627 111 466 120 301 214 1145 5896 39 1391 1385 85 228 4076 351 594 458 3252 976
internal_value=2.93665e-06 0.00176627 -7.83954e-05 -0.0014169 0.000677904 9.93198e-05 -9.03808e-06 -0.000271718 0.000185751 8.83731e-06 0.00038125 0.00242898 -0.00138462 -0.000904919 -0.00133603 0.000899999 -0.000125524 -0.000116678 0.000476807 0.00164098 -0.000401769 -0.00146863
internal_weight=22975 1002 21973 1071 685 577 20902 8898 12004 7116 10186 340 1782 1818 1470 348 4290 6776 2197 1052 4579 1327
internal_count=22975 1002 21973 1071 685 577 20902 8898 12004 7116 10186 340 1782 1818 1470 348 4290 6776 2197 1052 4579 1327
cat_boundaries=0 13 15 29 31 43 45 47 60 74 88 101 103 105 119 120 121 135 149 151
cat_threshold=2147483668 3221225472 3825205440 2415951872 65608 33554436 512 1073741824 134217728 256 196608 96 140288 2329756672 640 1073811464 81920 33554432 576 16793600 513 384 49216 8 2612 10485768 268435468 8388608 16 46274090 78024 0 0 2684354560 0 0 4 0 1073741824 0 0 0 64 32 208896 241908934 347842 25165824 133152 4096 2097157 131076 536870976 0 0 4 14815235 1392513040 7168 544 2097152 100925444 0 8192 3222307072 16782336 0 134225920 32768 1074790400 536870944 2621569 2149586945 2 278528 262208 0 8192 1048576 0 0 134218752 32768 1073741824 536870944 1 4096 2 33832961 16781408 268435456 2097280 268959744 0 0 0 536870912 16794696 201326720 1180416 67141660 134356996 327682 3221225736 4369 0 67108868 0 0 0 1024 0 0 0 0 0 128 1 2 1 2 32768 2110480 0 0 142639104 0 0 268500992 0 0 201326592 2148008448 2147518472 4 2097152 58721284 1 0 268959744 1024 0 0 536939520 573448 0 40976 20 1 138412032 16384
is_linear=0
shrinkage=0.045


Tree=241
num_leaves=23
num_cat=18
split_feature=0 3 0 1 3 3 0 0 3 0 3 0 5 3 2 5 0 5 5 3 3 0
split_gain=1.62365 1.16443 1.03774 0.946141 0.736292 0.545631 1.78783 1.50163 1.16745 1.05412 1.50548 1.03348 1.01473 0.717071 1.22758 1.18157 0.925813 0.847001 0.759286 0.684913 0.627228 0.586828
threshold=0 1 2 3 4 5 6 7 8 9 10 11 6.9092530334720372 12 13 4.1510089048756029 14 4.7833076179467886 4.7578820629520608 15 16 17
decision_type=9 9 9 9 9 9 9 9 9 9 9 9 10 9 9 8 9 10 10 9 9 9
left_child=1 -1 4 -3 -2 6 20 8 -7 10 -9 19 21 16 -15 -16 -12 -17 -18 -8 -4 -13
right_child=2 3 5 -5 -6 7 11 9 -10 -11 13 12 -14 14 15 17 18 -19 -20 -21 -22 -23
leaf_value=-1.1203398322244795 5.2355506061476733 2.0803709252074598 -11.038269923474887 50.618571040260385 -35.591703559206223 -97.149308527683914 -12.622868850747981 -0.60291721562142797 -2.6872546934492032 1.0645320070373268 1.1615506186326194 -15.508388514337277 125.59775822555919 4.6892994972341153 30.902451220086267 -18.704450120003816 16.807785370216102 220.34216985007035 140.41795004229928 -56.40609244549529 30.276397598300729 0.14418214655224673
leaf_weight=387 262 362 254 126 786 614 582 883 1092 9913 382 2720 77 125 51 35 254 39 93 429 838 2671
leaf_count=387 262 362 254 126 786 614 582 883 1092 9913 382 2720 77 125 51 35 254 39 93 429 838 2671
internal_value=1.46875e-05 0.00190248 -6.10539e-05 0.003348 -0.00143491 8.11704e-06 -0.000297311 0.000179759 -0.00106345 0.000360778 0.00133991 -0.000581653 -0.000335038 0.00254743 0.0046374 0.00771898 0.00176721 0.0045 0.003422 -0.0018959 0.00137772 -0.000409699
internal_weight=22975 875 22100 488 1048 21052 7571 13481 1706 11775 1862 6479 5468 979 250 125 729 74 347 1011 1092 5391
internal_count=22975 875 22100 488 1048 21052 7571 13481 1706 11775 1862 6479 5468 979 250 125 729 74 347 1011 1092 5391
cat_boundaries=0 13 15 27 29 31 33 47 61 63 76 78 92 94 95 108 110 112 125
cat_threshold=2147483668 2147483648 3825205440 2415951872 65608 33554436 0 1073741824 134217728 256 65544 96 2229248 21139536 159812 1073745920 8732672 33554432 576 16384 513 384 50176 8 1140853301 10485760 9 524649 2052 33560096 196612 242037772 20114 278528 119537668 0 8192 270008320 1280 0 134217728 3072 1048576 134217728 286261376 75503616 2 2179072 1107296260 0 8208 2148564992 16782336 0 134217728 32768 17826816 167772160 269615104 76552192 18 553795746 467048 16777216 140368 4097 5 1073872900 536871168 0 0 0 131138 131088 13328 549026 1358987362 110917 8388608 132144 4096 4 131076 536870912 0 0 0 10620930 131120 4100 8356 1 2155889424 8 18 0 8192 4097 1 0 536870912 0 0 0 0 0 5136 128 138945540 16898 36184068 2 32768 10304 1 1 142606336 64 0 0 536870912 541696 50331776 2150114576 2147533312
is_linear=0
shrinkage=0.045


Tree=242
num_leaves=23
num_cat=18
split_feature=0 3 0 3 4 3 0 0 2 0 0 3 3 0 0 3 5 5 5 0 0 5
split_gain=1.27282 1.36037 0.936862 1.42201 0.60405 0.59291 1.87355 1.11637 0.763778 0.851219 0.761047 0.99662 0.724873 0.715749 0.690864 0.596951 0.59866 0.567505 0.549392 0.51857 0.496711 0.79946
threshold=0 1 2 3 4 5 6 7 8 9 10 11 12 13 14 15 1.7005986908310777 3.0677824455408698 5.9039975907279691 16 17 3.3842466058243152
decision_type=9 9 9 9 1 9 9 9 9 9 9 9 9 9 9 9 10 8 8 9 9 10
left_child=1 -1 3 -2 -3 6 -4 -7 9 -8 11 19 13 18 -10 16 -16 -14 -13 -9 21 -6
right_child=2 4 5 -5 20 7 8 10 14 -11 -12 12 17 -15 15 -17 -18 -19 -20 -21 -22 -23
leaf_value=-4.182420214450536 3.742287617674005 -92.917020534531403 -37.355269022467553 -48.039560941468977 12.905813232403633 -75.643697866042814 79.808018702369324 -12.356748844318524 -93.09370136268862 1.4625676696621495 0.54741609405457059 77.703167566452819 -2.7825700488822993 0.30998427561093156 378.51948076804496 -16.206060528132632 6.7810511196056389 49.23975254196575 -32.149625768511882 2.0476691368767241 11.724944715578598 1.7675058824402587
leaf_weight=473 309 38 1778 622 118 717 235 426 350 3009 11475 210 41 481 40 742 287 301 36 496 445 346
leaf_count=473 309 38 1778 622 118 717 235 426 350 3009 11475 210 41 481 40 742 287 301 36 496 445 346
internal_value=-1.07727e-05 0.00128841 -9.70243e-05 -0.00148409 0.00226642 -3.35832e-05 -0.000391214 0.000129023 8.37422e-05 0.000464372 0.000221694 0.0010312 0.00196068 0.00111434 -0.00078302 -0.000203979 0.00136726 0.00366102 0.00303488 -5.78169e-05 0.00252415 0.00138025
internal_weight=22975 1420 21555 931 947 20624 6441 14183 4663 3244 13466 1991 1069 727 1419 1069 327 342 246 922 909 464
internal_count=22975 1420 21555 931 947 20624 6441 14183 4663 3244 13466 1991 1069 727 1419 1069 327 342 246 922 909 464
cat_boundaries=0 14 16 29 31 32 34 48 62 63 76 89 91 93 103 116 117 130 143
cat_threshold=2147483664 2147483648 3825205440 2147483648 131148 33554432 0 0 134218752 256 131072 80 2237442 4 558273606 90225 1073745924 81920 33554432 268436032 0 769 384 17408 8 133668 10551296 9 16384 1119934028 65672 1 237710472 282240 8650752 142368 4096 5 0 536870976 0 1073840128 32772 15209474 33554576 2147487744 32800 1 2179072 33554432 0 40960 2148614144 16782336 0 8192 0 0 32 32 8392704 16 180 2146304 0 0 8192 1048576 0 0 0 0 0 0 557060 8392704 25165824 1073744912 4096 5 1073741824 536870980 0 1073774592 4 13111361 136 268447744 1573249 3222553440 77864 8425488 163846 0 3088 4096 4 0 64 0 0 4 4097 32768 0 0 0 33024 0 0 0 0 8 0 557060 12 67840008 0 2048 0 0 0 0 0 32768 4 8916992 128 268435456 1048576 2147483648 0 67108992 0 72 33554432 0 0 0 0 0 16 140290
is_linear=0
shrinkage=0.045


Tree=243
num_leaves=23
num_cat=20
split_feature=0 3 0 3 3 5 5 0 2 1 3 0 0 3 0 3 3 0 0 0 3 3
split_gain=1.33285 1.32384 0.918062 1.13626 0.498477 0.791555 0.749786 0.824763 0.478653 1.11765 0.985624 1.13541 1.09973 0.644163 0.623327 0.874492 0.615724 1.95159 1.36268 0.918985 1.47719 1.14677
threshold=0 1 2 3 4 3.1984648276080736 3.4175922930736511 5 6 7 8 9 10 11 12 13 14 15 16 17 18 19
decision_type=9 9 9 9 9 10 10 9 9 9 9 9 9 9 9 9 9 9 9 9 9 9
left_child=1 -1 3 -2 -3 -6 -7 -8 9 -4 11 -11 -12 -14 15 -10 17 -16 -18 21 -21 -20
right_child=2 4 8 -5 5 6 7 -9 14 10 12 -13 13 -15 16 -17 18 -19 19 20 -22 -23
leaf_value=50.507501902028352 4.5588607181126379 -2.4624257369468521 -73.600291478392251 -26.821544687310524 -75.223217368051039 38.495769511863479 -20.143043641574049 2.7554299573458612 -33.88950428361165 2.074131678544533 -12.048590890639895 -60.732479773305705 0.35652020391439454 23.32851046485797 -22.658106144725377 0.80878277558816103 -3.8954625219019028 1.4278744751716173 -12.414873676865655 111.55570666800129 3.6246836477007784 14.896767282720999
leaf_weight=126 282 389 599 520 137 36 104 303 775 1032 906 1253 583 822 1298 1460 3444 3166 1390 549 1314 2487
leaf_count=126 282 389 599 520 137 36 104 303 775 1032 906 1253 583 822 1298 1460 3444 3166 1390 549 1314 2487
internal_value=9.78167e-07 0.00152439 -7.60563e-05 -0.00155897 0.000922017 0.00174831 0.0027 0.00212347 -1.87777e-05 -0.000393222 -0.000152345 -0.000813018 0.000501721 0.00128617 0.0001039 -0.000590789 0.000218081 -0.000215149 0.000428664 0.000852746 0.0016728 0.000454743
internal_weight=22975 1095 21880 802 969 580 443 407 21078 5195 4596 2285 2311 1405 15883 2235 13648 4464 9184 5740 1863 3877
internal_count=22975 1095 21880 802 969 580 443 407 21078 5195 4596 2285 2311 1405 15883 2235 13648 4464 9184 5740 1863 3877
cat_boundaries=0 14 16 29 31 33 45 46 48 50 63 76 78 92 94 96 109 122 135 137 139
cat_threshold=2147483664 2147483648 1677721792 268468224 196676 33554688 128 0 134217728 256 131072 96 2229250 20 2282749952 640 16781312 1082212352 2181042176 2147484228 1073741824 65 256 16384 8 548 10485760 4104 8404992 4211264 69764 545424450 28740 2147483648 0 0 0 131076 0 0 0 0 256 0 32 3 309 520 1310982738 294415 0 0 0 1 8388608 0 0 0 0 1073741848 0 2147486212 1 0 0 0 129 8388608 0 0 0 0 1073741840 0 2147518980 32816 2149114888 131136 2097156 33554528 0 1 1064960 16782336 0 1073750016 528384 86115400 65536 131201 1316864 3 2332510758 338016 846968836 492416 16384 16778240 0 8192 524288 536870912 0 134250496 2048 544771 889192448 2166393088 516 33554432 69468176 0 2097152 2424340992 0 0 66560 99328 5799936 1241513984 1581060 2147516696 262152 15364 1 0 134742016 2048 512 134217728 536870916 8394754 268435456 2149580800 67117700 1274 2064 1157629280 26682
is_linear=0
shrinkage=0.045


Tree=244
num_leaves=23
num_cat=17
split_feature=0 3 0 3 5 5 5 5 0 3 0 0 0 5 0 3 1 3 0 0 1 3
split_gain=1.45299 1.51591 1.03416 1.29224 0.591726 1.00052 0.504658 0.680408 0.496797 0.467747 1.81084 1.20372 0.762818 1.0492 0.621274 0.85538 0.596846 0.736228 2.45692 1.08427 0.609929 0.59239
threshold=0 1 2 3 3.3140206880897671 3.5408542930527882 5.5274410133216039 5.1149908003866509 4 5 6 7 8 5.4271478232179229 9 10 11 12 13 14 15 16
decision_type=9 9 9 9 8 10 10 10 9 9 9 9 9 8 9 9 9 9 9 9 9 9
left_child=1 -1 3 -2 -3 -6 7 -7 -5 10 -4 21 13 -12 15 -13 -16 18 -18 -19 -20 -11
right_child=2 4 9 8 5 6 -8 -9 -10 11 12 14 -14 -15 16 -17 17 19 20 -21 -22 -23
leaf_value=-0.66996896114397686 4.6168071470329783 -4.1001914525005123 -22.351341528654306 -22.230267918498107 97.930299522105216 1.5163721737727376 -55.917919960871544 155.17621418032712 -49.491823852970171 -37.576474445425738 37.915327856871144 -38.555872644336503 -1.3197919831852767 -65.347663545274344 178.04941230781159 1.4482463780915502 -71.22090962727188 1.3975229720620033 16.152426066940979 7.6272549680884696 -0.92785142648297347 -0.87451108156737745
leaf_weight=378 398 76 1266 277 46 197 47 44 295 857 472 980 5060 87 104 3140 548 3694 458 3086 441 1024
leaf_count=378 398 76 1266 277 46 197 47 44 295 857 472 980 5060 87 104 3140 548 3694 458 3086 441 1024
internal_value=-1.66482e-05 0.0018675 -8.45319e-05 -0.00151222 0.00373223 0.00463393 0.0036 0.00442592 -0.00286644 -1.84428e-05 -0.000322968 0.000127997 2.47725e-05 0.00158406 0.000288493 -0.00016336 0.000511865 0.000465893 -0.000453394 0.000662543 0.000992864 -0.000929478
internal_weight=22975 788 22187 970 410 334 288 241 572 21217 6885 14332 5619 559 12451 4120 8331 8227 1447 6780 899 1881
internal_count=22975 788 22187 970 410 334 288 241 572 21217 6885 14332 5619 559 12451 4120 8331 8227 1447 6780 899 1881
cat_boundaries=0 14 16 29 31 44 46 60 73 86 99 101 103 105 119 133 135 137
cat_threshold=2147483664 2147483648 3288334528 2415919104 268501056 33554688 128 1073741824 134217728 0 65536 96 2229248 16 30589024 28804 1073745921 81920 33558528 596 1090519048 69 256 268435456 8 2597 10485768 8 8388608 46286402 69644 1073741824 0 0 4 16777216 0 0 268435456 8 2053 0 0 8388608 237911040 346752 8388608 25298976 536870912 0 131332 536870912 0 134317056 2048 12751874 67240080 4096 130 5 2473988 1107296324 0 2138241 2148548608 16782336 512 8192 0 0 33554464 16777349 6148 278528 67108868 0 2105345 1048576 0 512 8192 1024 0 32 1572993 4096 33554440 69468176 268435456 0 557056 0 0 0 536904704 3238552592 150999040 1704448 2214608920 805306510 131333 64 144 1354793216 32784 0 16789504 1 0 131072 536870912 0 0 0 4098 0 2149614592 512 4 0 3104 1 0 142607104 0 0 134283264 4 7471176 1879048336 2415921408 1089538 1 269488384 2090 25231462 4142
is_linear=0
shrinkage=0.045


Tree=245
num_leaves=23
num_cat=21
split_feature=0 3 0 4 0 3 5 2 1 0 3 0 3 0 0 0 3 2 3 0 3 0
split_gain=1.14553 1.07976 0.845723 0.634841 2.31071 0.645085 0.859178 1.12924 0.632609 0.559055 2.37074 0.858838 0.667347 2.44492 1.18736 0.92974 0.858694 0.666787 1.09573 0.747253 1.14474 1.22325
threshold=0 1 2 3 4 5 5.611299950786516 6 7 8 9 10 11 12 13 14 15 16 17 18 19 20
decision_type=9 9 9 1 9 9 8 9 9 9 9 9 9 9 9 9 9 9 9 9 9 9
left_child=1 -1 -2 4 -4 -6 7 -7 -9 10 11 -5 13 16 -14 -15 -11 18 -16 -19 21 -21
right_child=2 -3 3 9 5 6 -8 8 -10 12 -12 -13 14 15 17 -17 -18 19 -20 20 -22 -23
leaf_value=-0.025694477138941733 35.166986905750846 -55.806371060152173 66.570794171220243 5.4186821528851512 -192.02228755180431 -135.62194319384704 -191.43472322941804 79.772122020025961 -22.910730624954599 -0.43904572880296389 5.3495027073416441 -68.715697939056184 -7.5605211083870554 9.7566363460524581 -3.3701366240254989 -2.1180434838278579 -82.142553166941767 -4.7370161332032872 146.90339286868357 2.1832775221167817 1.3966511925811724 44.249746929048904
leaf_weight=359 102 328 104 288 230 203 217 103 132 403 1557 495 2264 1536 261 3609 1036 2957 384 582 5215 610
leaf_count=359 102 328 104 288 230 203 217 103 132 403 1557 495 2264 1536 261 3609 1036 2957 384 582 5215 610
internal_value=-5.38593e-05 -0.00184764 2.42045e-06 -1.74351e-05 -0.00113068 -0.00188127 -0.00111319 2.04535e-05 0.00209514 3.45996e-05 0.000688774 -0.00131887 -4.69829e-05 -0.000412069 0.000149083 4.79919e-05 -0.00204376 0.000359694 0.00174657 0.000262051 0.000534895 0.00178654
internal_weight=22975 687 22288 22186 989 885 655 438 235 21197 2340 783 18857 6584 12273 5145 1439 10009 645 9364 6407 1192
internal_count=22975 687 22288 22186 989 885 655 438 235 21197 2340 783 18857 6584 12273 5145 1439 10009 645 9364 6407 1192
cat_boundaries=0 12 14 26 27 40 42 43 45 59 61 73 75 89 102 115 117 118 120 133 135 148
cat_threshold=16781321 81920 33554432 2147483728 16777224 837 0 268468224 8 549 2228224 8 12583536 6316 0 0 67108928 268435456 0 0 128 0 134217728 0 0 64 1 33554432 0 0 0 0 0 0 0 0 0 0 2415919104 1 2151694464 16524 1 16 1536 3233890320 2147483648 3221225600 8192 268500996 33554432 0 0 0 1073741832 56 2320 3802112 20 1077315076 45488 1082195968 0 1073741824 0 4 0 0 0 0 0 32 272 722090250 477785 35913728 10488832 536870912 0 131072 0 0 1073741824 2048 1197312 251658240 2148536320 26630 3 32768 67379280 0 2097796 2282783040 1024 256 0 32768 16779264 536940544 8357 2155872257 32768 67379216 1 4 135299072 0 0 0 536903680 2048 268439552 8357 2155872273 134219776 67665 97 8685056 4096 0 42074144 1 0 16896 536875008 512 9216 536941568 2621506 0 19956736 39092 270794820 12546 0 3072 0 0 131072 0 0 65536 0 136192 150995072 2147483648 8712
is_linear=0
shrinkage=0.045


Tree=246
num_leaves=23
num_cat=17
split_feature=0 0 3 0 3 5 2 0 3 0 3 1 0 3 3 4 1 3 5 5 5 5
split_gain=1.38193 0.883319 1.00263 0.756161 0.711076 0.601458 0.484739 1.09375 1.11661 1.55134 0.89756 0.888924 0.842244 1.37895 0.821181 0.798726 0.690754 0.680404 0.574269 0.556106 0.545454 0.637859
threshold=0 1 2 3 4 3.795426061844291 5 6 7 8 9 10 11 12 13 14 15 16 5.772996334337213 3.9219243190762363 4.816232960488728 4.4601277074540464
decision_type=9 9 9 9 9 10 9 9 9 9 9 9 9 9 9 1 9 9 8 10 10 10
left_child=4 2 -2 -4 -1 -5 12 17 11 10 18 -9 13 15 19 -3 -17 -8 -10 -11 21 -16
right_child=1 6 3 5 -6 -7 7 8 9 14 -12 -13 -14 -15 20 16 -18 -19 -20 -21 -22 -23
leaf_value=-1.318515759749918 16.149478521028069 63.951430395176757 39.458676978170331 -77.25712621244439 -35.868555038247841 2.2410146161093638 -1.2080117138857658 -5.8954037350367621 -66.219861647647335 -90.368872278264689 12.636306183143114 -113.94333254720422 1.0534098969088295 -23.727583539034431 56.515175012912913 57.646926934692829 -12.656984662101399 -89.277151668785862 30.650692339760749 3.2743052827149355 5.188027784691295 138.6059186280288
leaf_weight=446 237 265 120 192 405 265 351 1952 554 83 454 538 13718 1335 388 101 342 641 95 140 279 74
leaf_count=446 237 265 120 192 405 265 351 1952 554 83 454 538 13718 1335 388 101 342 641 95 140 279 74
internal_value=-6.36517e-05 5.28444e-06 0.00144915 0.000404923 -0.00183024 -0.000450961 -5.0653e-05 -0.000411887 -0.000115234 0.000655843 -0.000496414 -0.000755397 7.6744e-05 -0.000772994 0.00196414 0.000824999 -0.000333709 -0.00175697 -0.001559 -0.000440427 0.00268327 0.00366595
internal_weight=22975 22124 814 577 851 457 21310 5549 4557 2067 1103 2490 15761 2043 964 708 443 992 649 223 741 462
internal_count=22975 22124 814 577 851 457 21310 5549 4557 2067 1103 2490 15761 2043 964 708 443 992 649 223 741 462
cat_boundaries=0 12 26 28 41 43 44 57 59 72 74 76 90 92 94 95 97 99
cat_threshold=9 81920 33554496 2415919168 1090519040 833 128 1342210048 4104 2147484229 2097168 268439561 2147483664 2147483648 1140850816 0 268566532 33554432 512 0 134217728 256 0 64 2228226 20 2315796496 66056 2147483648 0 67108864 0 0 0 0 0 134217728 0 0 64 2097152 13632624 12964 180 6324224 131104 536870912 0 134217984 0 0 65536 0 8392720 218103808 557348 35856 2255291538 286375 8388608 4096 2147483648 0 32768 0 0 0 0 0 128 2147485312 9 696300040 131080 7184 68650 4100 8388608 0 517 1097792 16781312 0 0 526336 86017034 42008576 2105472 266368 3 1637294208 160752 1196100 64 2 2080 516 2157445168 198881
is_linear=0
shrinkage=0.045


Tree=247
num_leaves=23
num_cat=19
split_feature=0 3 0 2 1 3 3 0 0 4 3 1 5 5 0 3 0 5 0 3 3 0
split_gain=1.28811 1.20925 0.920408 0.447348 0.865866 0.921602 0.752737 1.16955 1.03012 0.941893 0.778674 0.662867 0.826044 1.00648 0.643153 2.74112 0.948 0.873815 0.723163 0.605753 0.598818 1.30571
threshold=0 1 2 3 4 5 6 7 8 9 10 11 2.8029010331479989 3.2384861814448418 12 13 14 2.249904835165133 15 16 17 18
decision_type=9 9 9 9 9 9 9 9 9 1 9 9 8 10 9 9 9 10 9 9 9 9
left_child=1 -1 -2 4 5 -4 8 19 -6 -9 -11 12 -12 -14 15 18 -17 -18 -5 -8 21 -16
right_child=2 -3 3 14 6 -7 7 9 -10 10 11 -13 13 -15 20 16 17 -19 -20 -21 -22 -23
leaf_value=-51.373495968200849 2.7326572209106419 -0.2209541367828034 5.6181020093302356 -24.201532704604947 2.014710359598312 -132.60686744323354 11.053599056577593 -67.707849672017687 -67.385856953630594 4.7253119007809543 646.52965662128884 23.010141234594709 -58.441991923869885 232.75381439477368 -25.751024286654619 0.39017212807525359 -19.74806105683642 39.91543819063741 1.8647591543666155 -28.699855132623629 0.76281003214206378 0.19286888676381497
leaf_weight=464 568 733 117 767 933 467 357 135 1172 437 37 335 37 212 955 270 76 590 387 991 10657 2278
leaf_count=464 568 733 117 767 933 467 357 135 1172 437 37 335 37 212 955 270 76 590 387 991 10657 2278
internal_value=-4.79838e-05 -0.00147767 3.13895e-05 -1.69646e-05 -0.000377719 -0.00199329 -0.000170031 0.000350763 -0.00079712 0.00137054 0.00183396 0.00283649 0.0044396 0.00360358 0.0001013 0.000834918 0.00262975 0.00354425 -0.000632934 -0.000555883 -9.7119e-06 -0.000544993
internal_weight=22975 1197 21778 21210 5230 584 4646 2541 2105 1193 1058 621 286 249 15980 2090 936 666 1154 1348 13890 3233
internal_count=22975 1197 21778 21210 5230 584 4646 2541 2105 1193 1058 621 286 249 15980 2090 936 666 1154 1348 13890 3233
cat_boundaries=0 13 15 29 30 32 34 36 49 62 63 65 67 81 83 96 110 112 114 128
cat_threshold=33558528 2147565568 570425344 2147483716 1090519040 833 0 268435456 4104 2147484229 35651592 270532616 16384 2702787632 84496 2147483648 0 3221225664 0 268566532 0 128 0 134217728 256 65536 64 131072 16 3 1049015 516 2684355624 2568 3458205250 286223 1073741824 0 0 0 8388608 0 0 0 536870912 1082146832 131072 2147486336 21 0 0 0 0 8388608 0 0 0 536870912 1073741848 131072 2147485824 1057 1 10137612 65552 64 1026 12894225 139264 0 8192 256 0 0 1073741888 0 1179648 16777216 16813824 533634 4 3251417156 62436 262161 0 0 0 0 0 0 1073741824 0 131072 0 16810240 128 32768 139264 0 8192 256 0 0 0 0 1048576 16777216 3072 9216 4 1093672 65616 1041640610 329728 2097152 50595904 0 2097152 9469960 0 0 65536 1028 6329354 0 0 67110916 1
is_linear=0
shrinkage=0.045


Tree=248
num_leaves=23
num_cat=18
split_feature=0 0 3 3 5 5 2 0 3 0 0 3 3 3 0 0 3 5 3 0 0 5
split_gain=1.13631 0.995005 0.932491 0.587929 0.932669 0.921446 0.455568 0.889584 0.845847 1.0041 0.720453 0.858774 0.653751 0.644497 1.7154 1.34675 1.31914 1.01839 0.874667 1.38543 1.12976 0.73609
threshold=0 1 2 3 3.9415346756528771 3.8606743063089755 4 5 6 7 8 9 10 11 12 13 14 5.8678824850335358 15 16 17 1.2424533248940004
decision_type=9 9 9 9 10 8 9 9 9 9 9 9 9 9 9 9 9 10 9 9 9 8
left_child=2 3 -1 5 -5 -2 10 12 9 -9 11 -3 -8 14 -12 16 17 -15 20 -20 -17 -18
right_child=1 6 -4 4 -6 -7 7 8 -10 -11 13 -13 -14 15 -16 18 21 -19 19 -21 -22 -23
leaf_value=-62.424952097317529 34.73328258177915 9.9080156441538065 -0.15385866999040851 -14.837919229423024 3.6874643103961597 0.8522548564302922 -0.59068562292183024 2.1009810968096607 3.1395497737666447 -51.603595891085703 -13.200846577244588 -19.285913019778384 -78.63149261740773 6.2810195992820779 1.4345959350634303 -26.119585656133573 166.33776551236159 86.276990052097091 4.4862279067894564 44.932964026135139 4.4146752564480103 -22.297822380190791
leaf_weight=389 41 571 595 215 194 64 373 1155 2402 1080 1774 1716 677 525 3650 486 56 67 1994 1584 1137 2230
leaf_count=389 41 571 595 215 194 64 373 1155 2402 1080 1774 1716 677 525 3650 486 56 67 1994 1584 1137 2230
internal_value=-6.75686e-05 -2.0559e-07 -0.00155422 0.00193346 0.00107957 0.00480769 -4.7537e-05 -0.000392438 -0.000122931 -0.000751002 7.68879e-05 -0.000659636 -0.0015678 0.000202108 -0.000177153 0.000456617 -0.000323877 0.00154967 0.000888259 0.00128106 1.9265e-05 -0.000814622
internal_weight=22975 21991 984 514 409 105 21477 5687 4637 2235 15790 2287 1050 13503 5424 8079 2878 592 5201 3578 1623 2286
internal_count=22975 21991 984 514 409 105 21477 5687 4637 2235 15790 2287 1050 13503 5424 8079 2878 592 5201 3578 1623 2286
cat_boundaries=0 12 26 28 30 31 44 46 59 73 75 77 79 92 105 107 109 123 136
cat_threshold=33558536 81920 570425344 2415919684 1090519040 833 0 268435456 4104 2147484228 44040192 268439560 1 2147483648 2147483840 0 268566540 0 128 0 134217728 256 65536 64 131072 16 2165917232 16912 1589264 8 180 6324224 0 0 0 134217984 0 0 65536 0 8392720 83886080 559396 35860 2248933906 412847 65536 4 1073741824 0 8421376 33554432 0 0 0 16392 8 2147492992 1 8388612 33554464 67108864 1 1097792 50336768 0 0 527360 85984266 0 2105473 2363392 3 2684428480 148456 2157494288 65669 305901796 338921 16400 25566208 4097 8192 524544 0 0 134258688 4 528385 1811939328 2164262928 1051648 2097152 1142956096 0 2129920 2290090496 536870916 0 1073807424 536969216 16384 268435456 1048580 2155922320 3825206018 131072 3825221890 168960 262144 17177620 4096 0 524288 0 512 16384 0 13139968 687865856 524560 8204 4 32768 25165824 0 0 0 0 0 8192 0 4325376 201326592 2147486720 67110912
is_linear=0
shrinkage=0.045


Tree=249
num_leaves=23
num_cat=20
split_feature=0 0 3 3 0 5 2 0 3 0 3 0 3 0 0 0 3 5 3 3 3 0
split_gain=1.18396 0.99652 1.11318 0.695739 0.452601 0.45017 0.420899 0.835172 0.780595 0.915811 1.18197 0.84544 0.76247 0.807999 0.691536 0.628958 1.55586 0.532561 0.522589 0.47887 0.469376 1.85368
threshold=0 1 2 3 4 4.5695295849856103 5 6 7 8 9 10 11 12 13 14 15 6.8384029032828781 16 17 18 19
decision_type=9 9 9 9 9 10 9 9 9 9 9 9 9 9 9 9 9 8 9 9 9 9
left_child=3 2 4 -1 5 -2 7 18 11 10 -10 -9 14 -14 -11 16 -8 -16 -3 -13 21 -17
right_child=1 6 -4 -5 -6 -7 15 8 9 12 -12 19 13 -15 17 20 -18 -19 -20 -21 -22 -23
leaf_value=-48.377938418780246 55.649242463759165 -0.39408286914908869 0.092272532902591284 -1.9350583599446765 1.6121845447931193 59.009450345416774 5.2285061206376735 0.10313070047232882 40.669738247246002 36.143891274659481 -68.48426861833903 -1.6503166504441338 -2.1727038930125553 44.375635471931332 -23.176948546199 -14.513479238962645 -25.066006452310265 40.258099768044609 -89.303151258566615 -89.155656840672606 1.7932338820259031 0.89788036839003138
leaf_weight=209 74 252 378 759 150 37 437 1486 255 108 311 411 234 494 448 1054 925 65 525 723 10269 3371
leaf_count=209 74 252 378 759 150 37 437 1486 255 108 311 411 234 494 448 1054 925 65 525 723 10269 3371
internal_value=-6.75686e-05 6.12035e-07 0.00173502 -0.00159796 0.00393956 0.00618293 -5.21994e-05 -0.000398949 -0.000163296 0.000525427 -0.00098097 -0.000666794 0.00116054 0.00214054 -7.11006e-06 6.27323e-05 -0.00085808 -0.00071143 -0.00175095 -0.00158639 0.000148714 -0.000238338
internal_weight=22975 22007 639 968 261 111 21368 5312 4535 1915 566 2620 1349 728 621 16056 1362 513 777 1134 14694 4425
internal_count=22975 22007 639 968 261 111 21368 5312 4535 1915 566 2620 1349 728 621 16056 1362 513 777 1134 14694 4425
cat_boundaries=0 13 27 29 31 43 44 57 59 72 74 87 89 102 115 129 131 133 135 137 150
cat_threshold=0 81920 570425344 84 1090519040 2880 256 32768 4104 2147486309 35651584 285216776 2 16 2147483648 3221225664 0 268566540 0 0 0 134217728 272 1073807360 96 131072 16 2166145552 4608 17302592 18968 16 0 0 0 268435460 0 0 0 0 272 0 64 3 6324224 131072 0 0 134217984 0 0 65536 0 8392704 83886080 33028 32784 1179485776 416815 8388608 4096 0 0 0 0 0 0 0 0 0 2147486208 40 2148679720 73792 8454144 4096 0 0 8388608 33554432 0 0 0 1073758216 0 2147486208 1065 2148681740 8384 0 0 0 0 8388608 0 0 8192 0 0 0 1024 4 0 0 0 0 0 0 0 8192 0 0 0 1024 4 33558533 16777216 67108864 2147484161 1065024 50335744 0 0 524288 85999616 8388608 2228225 267392 3 66786 29592 2697494576 2176 624128 147489 436574436 273296 2097152 42215472 1 0 256 4 0 81920 0 163850 67108864 1152 2147483652
is_linear=0
shrinkage=0.045


Tree=250
num_leaves=23
num_cat=16
split_feature=0 0 3 3 2 3 0 5 0 3 1 3 0 3 5 0 5 0 5 3 5 5
split_gain=1.19767 0.975084 0.672413 0.582855 0.479128 0.844304 0.814745 0.788419 0.886768 0.635371 0.704106 0.620926 0.616695 0.773058 0.565456 0.561202 0.708574 0.498255 1.03509 0.584973 0.760973 0.649425
threshold=0 1 2 3 4 5 6 6.5589065201527559 7 8 9 10 11 12 2.9700856263602158 13 4.4942230200312032 14 4.5271940351011493 15 6.0294818902459815 7.3343274329751802
decision_type=9 9 9 9 9 9 9 8 9 9 9 9 9 9 10 9 8 9 8 9 8 8
left_child=2 3 -1 -2 5 7 11 8 -3 10 -8 15 13 -6 -10 16 -7 19 -19 21 -21 -13
right_child=1 4 -4 -5 12 6 9 -9 14 -11 -12 17 -14 -15 -16 -17 -18 18 -20 20 -22 -23
leaf_value=-0.43664522702505748 5.0613005031592833 -42.046028540813303 -25.937309060302002 0.79297246131631272 -50.235542888425663 90.912526516738197 -37.136660058704898 176.69962334333712 491.43315307336889 -73.087576703186613 24.615499019159707 -45.027071802418938 0.81225393607462915 0.82067924138939341 5.9054225504207452 -34.784100983509674 -253.41195394908178 23.400867214305798 -15.348118587700073 35.043449526883506 -38.675171478874802 70.183439442957607
leaf_weight=407 211 111 543 477 749 79 395 63 38 1130 471 595 14037 1309 267 1041 35 223 211 454 83 46
leaf_count=407 211 111 543 477 749 79 395 63 38 1130 471 595 14037 1309 267 1041 35 223 211 454 83 46
internal_value=-3.6233e-05 3.16502e-05 -0.00159044 0.00168428 -2.25548e-05 -0.0003957 -0.000577697 0.00138391 0.000688994 -0.00126843 -0.00033827 -7.61076e-05 9.91794e-05 -0.000626088 0.0019164 -0.00086761 0.002 0.000493226 0.00177578 7.56196e-06 0.00109016 -0.000902758
internal_weight=22975 22025 950 688 21337 5242 4763 479 416 1996 866 2767 16095 2058 305 1155 114 1612 434 1178 537 641
internal_count=22975 22025 950 688 21337 5242 4763 479 416 1996 866 2767 16095 2058 305 1155 114 1612 434 1178 537 641
cat_boundaries=0 13 27 29 31 32 34 47 60 62 64 66 80 82 94 107 109
cat_threshold=8 81920 33554432 196 16777216 2816 512 49152 4104 2147486309 572653576 4104 8388608 2147483649 2147745792 3288334528 0 131080 33554432 0 0 134217728 256 1073807360 96 131072 16 9437714 73892 2337031168 65664 3 286337056 40961 1107492868 4 0 0 8388612 0 0 8192 128 1073758232 160 2147485184 2148535329 0 0 0 0 8388608 0 0 0 0 0 128 512 8 2697778200 67120 309 1025 2725036120 282144 41947140 33554464 0 2147484161 269500480 16782336 0 8192 524288 85999624 8388608 2230273 2363392 2 142688820 37408 0 0 0 0 0 0 0 0 0 0 0 512 0 0 0 0 8388612 0 0 0 0 1073741832 128 2147485184 2147485696 75634176 65548
is_linear=0
shrinkage=0.045


Tree=251
num_leaves=23
num_cat=22
split_feature=0 0 3 2 1 3 3 0 0 3 0 3 3 0 0 4 4 3 0 0 3 0
split_gain=1.00984 0.835243 0.841981 0.426153 0.782366 1.13192 0.776156 1.73599 0.895348 0.842328 0.578044 1.6012 0.833476 0.778291 0.674557 0.498536 0.481776 0.458436 1.53916 1.21812 0.897354 0.729195
threshold=0 1 2 3 4 5 6 7 8 9 10 11 12 13 14 15 16 17 18 19 20 21
decision_type=9 9 9 9 9 9 9 9 9 9 9 9 9 9 9 1 1 9 9 9 9 9
left_child=-1 2 -2 4 5 -3 8 -8 15 -9 11 -5 13 -13 -14 -6 -15 18 -12 20 -19 -21
right_child=1 3 -4 10 6 -7 7 9 -10 -11 17 12 14 16 -16 -17 -18 19 -20 21 -22 -23
leaf_value=1.8219807982019247 -67.802761344464187 4.2784614821217426 -0.80661098970042833 -17.584600474049573 -26.105324619385691 -63.510377646279615 -10.257125471467774 4.4418859114440075 -0.13209479725402717 55.677788825852858 -20.92484888775191 8.267353529436928 -9.9360535882583161 141.70622425406785 4.9469253526388046 -155.78932241935965 7.1157443114073047 -79.545541980474425 1.2915345972052805 0.7748950307295972 -0.07180399968738406 4.7935757332849445
leaf_weight=538 225 538 700 354 436 831 907 352 1654 415 1989 219 266 183 944 186 96 608 3787 4486 957 2304
leaf_count=538 225 538 700 354 436 831 907 352 1654 415 1989 219 266 183 944 186 96 608 3787 4486 957 2304
internal_value=-6.85575e-06 -5.35224e-05 -0.00136873 3.76217e-06 -0.000345246 -0.00126756 -2.27169e-05 0.000709963 -0.000562501 0.00227022 0.000118573 0.000820153 0.00139186 0.00292941 0.000736496 -0.00200158 0.0045 1.55897e-05 -0.00029233 0.000228575 -0.00089886 0.000489561
internal_weight=22975 22437 925 21512 5319 1369 3950 1674 2276 767 16193 2062 1708 498 1210 622 279 14131 5776 8355 1565 6790
internal_count=22975 22437 925 21512 5319 1369 3950 1674 2276 767 16193 2062 1708 498 1210 622 279 14131 5776 8355 1565 6790
cat_boundaries=0 14 26 28 29 31 33 35 47 60 62 75 77 79 92 105 106 107 109 123 137 139 153
cat_threshold=2147483649 2147483648 67109056 0 131080 33554432 512 0 134217728 0 65536 96 2228224 16 33558528 81920 570425344 2415919680 16384 2564 0 32768 4104 2214595157 44040192 4104 21496904 18960 3 1065271 2572 2153288736 86057 2255799888 293421 0 0 3221225472 1 8388608 0 0 0 0 0 16 2147520260 1073741824 0 0 128 0 0 0 8192 536870912 1073741824 135336 268435716 2147483648 139308 66754 12894224 131136 0 8192 256 0 256 1342177344 1024 1048832 67108864 561040 533634 2158071812 16720 33563002 330272 0 0 0 0 0 0 0 0 1024 1048576 67108864 33808 8194 16 131072 0 8192 0 0 0 268435456 0 0 67108864 526336 1152 4 4 1041378482 371336 2097152 262176 4096 2097152 1501593600 1088 0 134283264 32772 8553480 536870912 2166358017 75497476 2 16777228 1142947856 0 5 1114112 553652224 128 8192 536872960 2113536 16777216 8197 55296 5 2162491396 278 0 58735652 0 0 134217728 256 0 16384 65536 29884426 1476395008 2150760448 2147484184 2
is_linear=0
shrinkage=0.045


Tree=252
num_leaves=23
num_cat=18
split_feature=0 3 5 0 3 4 3 0 0 0 5 3 0 5 3 5 0 3 2 3 0 0
split_gain=1.45162 1.43732 1.41115 0.884434 1.14034 0.747302 0.572131 1.80542 0.918671 0.88446 0.822035 0.848884 1.02548 0.762248 0.672554 0.638124 0.562371 0.930152 1.00249 0.768834 1.16043 0.918721
threshold=0 1 3.6762205501217919 2 3 4 5 6 7 8 3.1567740231385479 9 10 6.3198682039985092 11 3.795426061844291 12 13 14 15 16 17
decision_type=9 9 10 9 9 1 9 9 9 9 8 9 9 8 9 8 9 9 9 9 9 9
left_child=1 2 -1 4 -2 -3 7 10 -9 14 -5 13 15 -12 -8 -13 17 -11 -19 21 -21 -18
right_child=3 5 -4 6 -6 -7 9 8 -10 16 11 12 -14 -15 -16 -17 19 18 -20 20 -22 -23
leaf_value=-0.2745024451365643 5.3902335702388147 1.6444134616822847 46.453484151085789 -66.66713892720216 -40.502885876796583 -18.952538720128164 -32.434970064663467 -33.643673305411141 -4.6119862644935381 -10.543805804885965 38.619158345339677 83.453542525200348 -10.277465138565253 205.39387492459116 -0.41736670058725422 15.222085346413724 -5.0918323417765112 15.312186950989377 -15.315727996230068 0.57184201148498415 19.643974863677673 4.5560185121142966
leaf_weight=39 413 631 66 156 650 314 932 631 3012 2608 448 35 661 54 1414 95 2215 1700 756 1645 1477 3023
leaf_count=39 413 631 66 156 650 314 932 631 3012 2608 448 35 661 54 1414 95 2215 1700 756 1645 1477 3023
internal_value=-1.46897e-05 0.00161017 0.00634615 -9.33365e-05 -0.00135209 0.00101097 -2.84575e-05 -0.000442595 -0.000976335 0.000105499 0.000896303 0.00127529 0.000330634 0.0026965 -0.000698474 0.00380282 0.000246501 -0.000127661 0.000499594 0.000473004 0.00103095 0.000138856
internal_weight=22975 1050 105 21925 1063 945 20862 5092 3643 15770 1449 1293 791 502 2346 130 13424 5064 2456 8360 3122 5238
internal_count=22975 1050 105 21925 1063 945 20862 5092 3643 15770 1449 1293 791 502 2346 130 13424 5064 2456 8360 3122 5238
cat_boundaries=0 13 14 27 29 30 32 46 60 74 76 88 90 103 105 106 108 122 136
cat_threshold=2147483649 3221487616 3288338624 0 1073938436 33554432 512 0 134217728 131328 1073807360 96 2252800 2291139584 1073762320 81920 33554432 2415919680 0 2048 0 134250560 4104 2147486213 44171272 4104 128 42079754 77924 4 235183110 338432 32768 134196 0 8193 295174144 536870912 128 1073741824 0 1080049664 268435456 1581568 67115016 2 35651584 44040256 536870912 128 256 1024 0 16384 3072 32778 4096 2068 0 4 98380 67109924 268435456 32769 2416984576 536870916 0 1024 0 18890752 32 3154561 4096 16 67404800 8704 0 1028 0 0 524288 0 0 0 0 1073741824 0 8704 15270432 131110 33554432 2064 0 8192 8945664 16781376 0 268435456 536903684 1086332930 889192464 268566784 2214594572 540697568 32909 20 3250798736 20984 14680064 33554432 536870913 0 134217728 0 128 65536 3072 525320 128 2164819972 8390163 1 262144 27406400 0 2097172 16777544 1281 0 1073750016 0 68194304 134221824 1024 1081360 6
is_linear=0
shrinkage=0.045


Tree=253
num_leaves=23
num_cat=14
split_feature=0 0 3 3 0 3 0 5 0 3 5 0 3 5 5 5 5 5 4 5 0 0
split_gain=1.05096 0.951631 0.914312 0.513651 1.87853 1.42252 1.14047 1.04705 0.98588 1.07993 0.860085 0.838468 1.02559 0.728617 0.660514 0.618974 0.56276 0.523368 0.48748 0.48127 1.94213 0.970652
threshold=0 1 2 3 4 5 6 5.3821962081647756 7 8 3.3140206880897671 9 10 3.3497501700808394 6.0124911652234827 5.9622923416208602 6.4960202730614363 1.8688348091416842 11 3.3497501700808394 12 13
decision_type=9 9 9 9 9 9 9 10 9 9 8 9 9 8 10 10 8 8 1 10 9 9
left_child=18 2 -2 4 5 7 -5 -3 9 15 -7 12 13 -8 -12 -6 -11 -14 -1 20 -13 -21
right_child=1 3 -4 6 8 10 11 -9 -10 16 14 19 17 -15 -16 -17 -18 -19 -20 21 -22 -23
leaf_value=3.4726829939315587 1.4886303310049338 19.376555934477899 -54.100789653755051 -5.9866555067531628 -97.843091350585581 -104.81283124296139 -16.256478765663058 100.14598074000584 -1.4488016131119299 -11.955464725935872 3.2106488799303752 9.6647973951224575 65.75634009254594 75.670558058096958 -37.058776119813317 78.583949463272575 121.17105930934122 1.3563101741433077 -4.4337322414032316 -6.1537535462740234 -44.206052413562794 6.2117143318653154
leaf_weight=420 363 422 436 1703 505 130 46 120 3780 985 532 986 56 146 77 42 63 1706 176 3316 1266 5699
leaf_count=420 363 422 436 1703 505 130 46 120 3780 985 532 986 56 146 77 42 63 1706 176 3316 1266 5699
internal_value=-4.01499e-05 -9.02382e-05 -0.00160358 -3.33468e-05 -0.000361729 0.00117981 0.000113282 0.00290794 -0.000730927 -0.00166615 -0.000113849 0.000254703 0.00111241 0.00414706 0.000596562 -0.00327639 -0.000798114 0.000755918 0.00180592 0.000104928 -0.000483142 0.000252023
internal_weight=22975 22379 799 21580 6656 1281 14924 542 5375 1595 739 13221 1954 192 609 547 1048 1762 596 11267 2252 9015
internal_count=22975 22379 799 21580 6656 1281 14924 542 5375 1595 739 13221 1954 192 609 547 1048 1762 596 11267 2252 9015
cat_boundaries=0 14 27 29 31 45 47 61 75 77 90 92 93 106 119
cat_threshold=2147483649 2147483648 3288338624 0 65548 33554432 0 0 134217728 131072 0 96 131072 16 20480 1073823744 570425344 2415919680 16777216 2561 0 134250560 8 2214593076 10485768 4104 540672 2185266786 71716 975478406 331282 98304 8520708 0 2105361 8388608 536870916 0 9216 32768 1073758208 67239936 18882689 67113104 6 537138816 2064 98308 25166848 0 2129937 2148548672 536875012 0 0 32768 1090519040 33755168 8321 128 6 1132724240 100663328 0 128 0 1024 0 65536 0 2129930 134217728 268435716 2155914791 1 302254720 263186 29360144 35913728 0 132 1073872896 16777216 256 16384 66560 1352 134217728 524308 9251 4268032 163840 4 262144 131124 0 0 8388864 0 0 73728 536870916 2 805306496 2417002752 2155907588 1074003968 131092 0 8192 277349120 256 128 1342185472 536870916 0 1409286160 2417002496 67143940
is_linear=0
shrinkage=0.045


Tree=254
num_leaves=23
num_cat=16
split_feature=0 0 3 3 0 3 1 0 3 3 0 3 5 5 3 5 5 0 3 5 0 5
split_gain=1.05993 0.71 0.904798 0.712935 1.65652 0.979995 0.93633 0.880343 0.740904 0.706549 0.632254 0.874597 0.564971 0.887878 0.514399 0.610967 0.505848 0.584928 1.71312 0.504718 0.665184 0.497017
threshold=0 1 2 3 4 5 6 7 8 9 10 11 4.9522934739897151 4.4601277074540464 12 1.0000000180025095e-35 8.0923871901078765 13 14 inf 15 0.89587973461402759
decision_type=9 9 9 9 9 9 9 9 9 9 9 9 8 10 9 10 8 9 9 8 9 10
left_child=9 2 -2 4 5 -3 8 14 -6 -1 11 -9 13 -10 15 -5 17 18 -8 -12 -21 -13
right_child=1 3 -4 7 6 -7 16 10 12 -11 19 21 -14 -15 -16 -17 -18 -19 -20 20 -22 -23
leaf_value=3.998321247779379 -26.436602832760475 -1.861912839866773 -0.088740155188086409 18.747021276058248 -1.3088848979722569 -68.330678786414808 23.068415144606639 35.465605830419292 28.455685027643888 0.73760578862344794 1.1700985262467918 87.696555731698723 -21.506548033341307 116.92757399635404 -22.628885978908286 -3.8126689343399351 58.654905605361478 -4.3562891066166936 -11.796852822654735 367.51353255655908 -80.406002427416425 1.0487601431731817
leaf_weight=224 483 721 585 84 117 812 661 242 115 374 10394 126 44 39 665 698 234 3884 736 107 326 1304
leaf_count=224 483 721 585 84 117 812 661 242 115 374 10394 126 44 39 665 698 234 3884 736 107 326 1304
internal_value=-6.56102e-05 -0.000115973 -0.00124167 -5.88867e-05 -0.000416747 -0.00172719 -6.93266e-05 0.000130247 0.00227064 0.00178524 0.000252137 0.00106354 0.0039 0.00536538 -0.000916039 -0.000124686 -0.000207618 -0.000298979 0.000488643 0.000125795 -0.00137586 0.000624132
internal_weight=22975 22377 1068 21309 7363 1533 5830 13946 315 598 12499 1672 198 154 1447 782 5515 5281 1397 10827 433 1430
internal_count=22975 22377 1068 21309 7363 1533 5830 13946 315 598 12499 1672 198 154 1447 782 5515 5281 1397 10827 433 1430
cat_boundaries=0 14 26 28 30 43 45 47 61 63 65 78 80 82 96 98 111
cat_threshold=2147483649 2147483648 3288334528 0 65548 33554432 0 0 134217728 131072 0 96 131074 16 16797696 81920 570425344 2415919700 16793856 517 0 64 8 580 580911104 12296 2202599536 16900 973389446 265787 1076101136 102760480 1 128 163840 1024 0 32768 4 5767176 134217760 268959748 2155915396 671135746 2561 537133120 8592 65604 1024 268435456 1 2415919168 536875008 128 0 32768 1090568192 200720 2097281 69734400 2 33555968 2056 2290893328 65664 12582928 1107296256 4096 128 1073872896 16777216 768 32768 0 72352032 134217888 268435476 8413445 2219835392 33088 3240165456 184324 65536 25306128 0 2105344 0 0 0 16384 3072 20480 83890192 18908160 20496 6 570437252 262153 32768 0 0 0 8388608 0 0 0 536870912 2 0 2148532224 8
is_linear=0
shrinkage=0.045


Tree=255
num_leaves=23
num_cat=16
split_feature=0 0 3 3 0 3 0 5 0 3 3 2 0 3 3 5 5 5 5 2 5 1
split_gain=1.19564 0.96836 0.790192 0.742596 1.60592 1.65725 1.24794 1.09395 1.02858 0.751908 0.710238 0.812672 0.690578 0.977076 0.914364 1.01658 0.851608 0.698627 0.681515 0.588765 0.588283 0.538944
threshold=0 1 2 3 4 5 6 4.4005842009683471 7 8 9 10 11 12 13 5.2284276452838947 2.524928003624769 3.7726948748059121 5.1503930356556173 14 2.9700856263602158 15
decision_type=9 9 9 9 9 9 9 10 9 9 9 9 9 9 9 8 10 10 10 9 10 9
left_child=10 2 18 4 5 7 20 19 9 -6 -1 -12 13 17 16 -16 -15 -8 -2 -3 -5 -13
right_child=1 3 -4 6 8 -7 12 -9 -10 -11 11 21 -14 14 15 -17 -18 -19 -20 -21 -22 -23
leaf_value=4.9944194972868692 -0.19246817088802448 -7.8782868572669589 -26.761476711402267 -73.770285913481771 -1.8317006684969181 -3.5481628329101218 -51.622190274183822 41.252705493521603 -3.6065640513254196 -60.470233838970209 -197.66586224421809 -1.7220461087511485 1.6103595705885514 42.448720299174965 108.10329000197405 -65.62660279649522 -6.8116303495297954 1.5404427954787432 283.76173997599238 23.239147524911274 -3.2180705645676806 4.7432751793788954
leaf_weight=224 156 238 633 358 237 903 103 353 5896 419 109 239 9807 44 211 51 242 130 56 441 1885 240
leaf_count=224 156 238 633 358 237 903 103 353 5896 419 109 239 9807 44 211 51 242 130 56 441 1885 240
internal_value=-5.58178e-05 -0.00011831 -0.00160152 -5.86509e-05 -0.000384929 0.000751155 0.000157322 0.00197414 -0.000721208 -0.0023982 0.00162743 0.000764999 0.000361697 0.00163997 0.00266786 0.00456569 0.000815435 -0.000789797 0.000763392 0.000931717 -0.000804214 0.00156721
internal_weight=22975 22163 845 21318 8487 1935 12831 1032 6552 656 812 588 10588 781 548 262 286 233 212 679 2243 479
internal_count=22975 22163 845 21318 8487 1935 12831 1032 6552 656 812 588 10588 781 548 262 286 233 212 679 2243 479
cat_boundaries=0 14 27 29 31 45 47 60 74 76 77 78 91 93 95 96 98
cat_threshold=2147483665 2147483648 3288338624 4 196612 33554432 128 0 134217728 67239936 8 96 131072 16 20480 1073823744 33554432 2415919696 1073741824 1 512 17472 8 516 10682368 12296 8396928 8406594 75808 772275718 331528 8454144 8659972 0 2105345 8 4 0 8192 0 1084227586 16777248 17827461 67158032 2 637753856 65800 33619972 271360 268435456 2130049 2147500040 4100 0 8192 0 1075838978 50335744 17826305 69730320 17039368 33554496 536870913 0 1081344 16778240 0 32768 98304 1099008 67108864 268435456 1024 1 167805444 512 2299023888 17 16777224 33554432 536870912 0 16777216 16779264 256 32768 67584 1081696 128 268959744 1049633 2172649512 155648 16 196 3 525313 8
is_linear=0
shrinkage=0.045


Tree=256
num_leaves=23
num_cat=18
split_feature=0 0 3 3 0 0 3 0 3 0 3 1 5 0 5 3 5 0 4 0 5 3
split_gain=1.31322 0.987039 0.902718 0.58147 1.95742 1.26285 1.23567 0.995764 1.26682 0.957099 1.00114 1.98661 1.42975 1.23559 1.14176 1.07949 1.07432 0.90388 0.871837 1.19235 1.02844 0.77412
threshold=0 1 2 3 4 5 6 7 8 9 10 11 5.0072908000208587 12 4.7050052835523761 13 3.1567740231385479 14 15 16 4.9870196042435371 17
decision_type=9 9 9 9 9 9 9 9 9 9 9 9 10 9 10 9 8 9 1 9 10 9
left_child=2 -2 -1 4 21 6 -5 8 -6 -7 17 14 13 -13 -12 -15 -17 -11 20 -20 -19 -3
right_child=1 3 -4 5 7 9 -8 -9 -10 10 11 12 -14 15 -16 16 -18 18 19 -21 -22 -23
leaf_value=15.199537800548823 -4.8453470455010859 -1.7891215583101299 1.0649616149541907 2.5586297724177061 -2.7701171836429492 -1.5900971245324853 -42.509009583257061 -1.6402771784239121 32.039816699759157 19.717907835044223 6.2478707666827589 -1.8447700759006069 107.42984022947063 87.088029990733133 -23.568248804585142 502.35515363461712 6.9960457679661987 3.029057124385572 3.484403094336511 -31.489704802149422 170.88167125764215 -68.174067432760808
leaf_weight=134 990 496 496 907 503 4532 1121 5822 606 438 643 277 249 231 436 45 175 1234 909 1500 336 895
leaf_count=134 990 496 496 907 503 4532 1121 5822 606 438 643 277 249 231 436 45 175 1234 909 1500 336 895
internal_value=-4.40669e-05 -0.000101647 0.00196262 -3.6857e-05 -0.000330455 0.000150746 -0.000877942 -2.00933e-05 0.0012083 0.000341063 0.000691826 0.00151015 0.00297118 0.00198493 0.00016911 0.00339201 0.005625 0.000307856 9.13294e-05 -0.000446082 0.000916029 -0.00186351
internal_weight=22975 22345 630 21355 8322 13033 2028 6931 1109 11005 6473 2056 977 728 1079 451 220 4417 3979 2409 1570 1391
internal_count=22975 22345 630 21355 8322 13033 2028 6931 1109 11005 6473 2056 977 728 1079 451 220 4417 3979 2409 1570 1391
cat_boundaries=0 14 27 28 30 43 57 59 73 75 89 91 93 106 108 121 122 135 137
cat_threshold=2164260881 2147483648 2147483840 16 196612 33554432 0 0 134217728 0 8 96 2228224 16 4104 344064 33554432 2415919680 16777472 1 512 17472 65544 580 10682368 12296 8388736 2306884096 772173382 69433 1082392576 117440592 536870912 0 269517312 16778240 256 98304 0 9569280 1174405120 268435456 2147486725 81924 8397856 1342177280 2097281 3221241928 536875008 128 0 0 2 553648144 1574400 532736 2 3490185400 32836 81920 8397828 1073741824 2105345 8 0 0 134217728 0 2097154 553648176 1153 12288 2 201334852 2616 32768 2097156 0 4 135004160 0 0 402653184 2048 2166380544 301990016 2149613957 67113496 4 3246915728 45254 1342724148 1029 1073741824 0 0 0 0 0 0 0 0 557056 201330688 0 2147518468 5242888 409600 8388608 33554496 0 0 268435456 16779264 0 32768 5124 67109137 0 16777216 16385 2 33554432 16914448 4097 0 8388608 64 0 8192 0 4326400 67112960 2064 2147483648 201465860 2568
is_linear=0
shrinkage=0.045


Tree=257
num_leaves=23
num_cat=19
split_feature=0 0 3 3 0 0 0 5 3 3 0 5 0 0 3 0 0 0 3 4 5 3
split_gain=1.31263 1.18232 0.814469 0.537168 1.89416 1.18467 1.17262 1.11078 0.770846 0.755569 0.795203 0.913472 0.692172 0.676626 2.55954 1.40684 1.1269 0.587794 1.02039 1.26176 0.625023 0.544567
threshold=0 1 2 3 4 5 6 6.590987390102673 7 8 9 7.0492544644954718 10 11 12 13 14 15 16 17 3.3140206880897671 18
decision_type=9 9 9 9 9 9 9 8 9 9 9 8 9 9 9 9 9 9 9 1 10 9
left_child=-1 2 -2 4 7 9 8 -3 -5 12 11 -11 -6 14 16 -16 -8 20 19 -19 -7 -22
right_child=1 3 -4 6 5 17 13 -9 -10 10 -12 -13 -14 -15 15 -17 -18 18 -20 -21 21 -23
leaf_value=2.3718613295687194 -0.11352379398105085 -54.829065415186989 -49.313200857432811 -34.04171858690821 -44.21133892840939 -45.520296694556194 3.0455490155470923 142.41478556791756 -3.2364236635950459 -7.7605177126526153 -54.93318517853907 286.43089455273611 7.0885585244995282 0.74357906022771358 3.5364189015373264 66.091642784583115 -65.259451784132338 19.438558546354262 26.566346758785684 -17.405594497900765 49.872840057222945 -0.33345142579170284
leaf_weight=622 435 1174 542 571 465 352 541 65 1020 700 682 36 773 10335 514 500 460 112 865 417 419 1375
leaf_count=622 435 1174 542 571 465 352 541 65 1020 700 682 36 773 10335 514 500 460 112 865 417 419 1375
internal_value=-4.60254e-05 -0.00010322 -0.00162437 -3.28232e-05 -0.000341414 -1.88477e-05 0.000131906 -0.00193885 -0.00101341 -0.000735383 -0.00144126 -0.00039706 7.91989e-05 0.000280293 0.00103231 0.00261403 -0.000581936 0.000519425 0.00123542 -0.0003244 5.00453e-05 0.000390868
internal_weight=22975 22353 977 21376 7435 6196 13941 1239 1591 2656 1418 736 1238 12350 2015 1014 1001 3540 1394 529 2146 1794
internal_count=22975 22353 977 21376 7435 6196 13941 1239 1591 2656 1418 736 1238 12350 2015 1014 1001 3540 1394 529 2146 1794
cat_boundaries=0 14 27 29 31 45 59 72 74 76 89 102 116 118 131 144 157 159 160 162
cat_threshold=2147483649 2147483648 2214596800 16 196612 33554432 0 0 134217728 0 1073741832 96 0 16 266248 344064 33554432 64 16777736 1 256 16448 65544 131685 2293760 12296 9568256 46678608 8228 776911366 3616 1105231872 16779312 536870912 0 256 16778564 128 32768 2048 6291456 134217728 2064 1060 1 65536 35663872 0 128 0 0 512 65536 536870916 8934402 67108896 2166391168 20616 6 33554448 1073741888 1073741824 2097665 3490709504 536875008 0 134226944 32768 1073775632 570429456 1572865 69730304 2164278376 491592 134613508 1568 0 35659776 0 0 0 0 0 65536 536870912 8912896 67108864 2097408 8 0 33562624 0 0 0 0 0 0 0 8929280 67108864 2097408 8 1105248256 16779280 536870912 4 0 16777540 128 32768 6144 4194304 150994944 16779280 4384 3 3231793288 24774 1084227584 0 0 0 0 320 0 0 0 4194304 134217728 16779280 4096 1088421888 0 536870912 0 0 16777472 0 0 0 4194304 134217728 16779280 4096 16384 67240960 0 512 411598848 536870912 0 0 1024 1048840 285212672 1536 2147486225 134218244 3104 2 655360 2048
is_linear=0
shrinkage=0.045


Tree=258
num_leaves=23
num_cat=17
split_feature=0 0 3 5 3 0 5 4 3 0 0 0 0 3 5 5 3 0 0 0 3 5
split_gain=1.22373 1.07744 1.08856 0.73031 0.993651 0.885311 0.661249 0.450575 1.65056 1.88721 1.52456 1.25053 1.00679 1.42851 1.70255 1.07369 0.940392 2.16383 2.00698 1.08267 1.07563 0.938993
threshold=0 1 2 3.1567740231385479 3 4 4.5485858369352732 5 6 7 8 9 10 11 5.5274410133216039 6.193383940289773 12 13 14 15 16 3.1132683346437333
decision_type=9 9 9 10 9 9 10 1 9 9 9 9 9 9 8 10 9 9 9 9 9 8
left_child=3 2 -2 -1 -5 -6 -7 8 10 -10 -3 -11 13 14 -9 -16 18 -18 20 -19 21 -14
right_child=1 7 -4 4 5 6 -8 12 9 11 -12 -13 16 -15 15 -17 17 19 -20 -21 -22 -23
leaf_value=-29.181633576975976 2.0469360497747746 51.855172192661271 -19.442926981637157 18.404595231858178 -164.66678452011277 0.51628487381456045 44.439775119173326 -2.5498567003012358 -9.1436317643572611 209.01949328480245 -17.92255074577173 23.255394716980121 41.088080705645048 -66.878882822481188 153.19683943143346 -2.6906987483030647 -8.7627072092202951 13.813183541313277 -9.7106189651854589 4.9950121406817649 -6.9684774084692931 11.886759723350444
leaf_weight=177 361 673 575 121 102 174 124 516 1198 202 2224 2672 135 1186 59 45 1801 643 5083 2802 893 1209
leaf_count=177 361 673 575 121 102 174 124 516 1198 202 2224 2672 135 1186 59 45 1801 643 5083 2802 893 1209
internal_value=-5.19008e-05 -0.000110437 -0.00159494 0.00178732 0.0026587 0.0014199 0.00264193 -4.44679e-05 0.000252402 0.00083521 -0.000567722 0.00145946 -0.000188466 -0.00117822 0.000569619 0.00577358 -4.50798e-05 0.000414225 -0.000374387 0.00107391 0.000746331 0.00154646
internal_weight=22975 22277 936 698 521 400 298 21341 6969 4072 2897 2874 14372 1806 620 104 12566 5246 7320 3445 2237 1344
internal_count=22975 22277 936 698 521 400 298 21341 6969 4072 2897 2874 14372 1806 620 104 12566 5246 7320 3445 2237 1344
cat_boundaries=0 14 28 30 32 45 46 48 62 76 89 102 104 106 120 134 147 149
cat_threshold=2147483664 2147483648 3221229760 16 196612 33554432 0 0 134217728 0 1073741832 96 2 16 4104 81920 33554432 64 1090519040 5 256 17472 69640 131685 2228224 8200 9568256 1 13140052 8204 2302673408 65544 2147483648 0 0 16 65536 0 0 0 0 0 0 32 2 2 575392528 312904 0 44051472 0 2097152 134234368 1024 0 0 33792 8389890 352321536 2166915732 4 4 262144 2064 0 2097152 8912896 0 0 0 33792 8914184 16777216 524308 2214592528 4 2097152 0 0 0 0 256 0 1073741824 0 32768 134217728 0 4608 2375680 1074004032 536870912 268468224 524352 5440 0 134217728 2048 2657296 0 4096 69245824 1095000896 21024 1332655812 6332 8388608 69209088 1 5 8388608 0 0 73728 1024 1074806792 50331648 19924225 16433 6 42008577 67111940 1 4 0 0 128 8192 0 1073741826 50335744 2167407889 16417 6 20971520 8527888 0 128 1048832 536870912 0 32768 32768 2 604045328 268468356 8192 84026884 4268
is_linear=0
shrinkage=0.045


Tree=259
num_leaves=23
num_cat=19
split_feature=0 0 5 3 5 4 0 3 2 0 3 3 0 0 0 0 2 3 0 3 1 5
split_gain=1.26525 1.20126 1.039 0.83157 0.45398 0.418492 2.19188 0.719446 0.627954 0.545864 1.81675 0.69039 2.07156 1.92927 1.05307 1.00857 0.884269 1.29641 1.14798 0.809069 0.896425 1.28435
threshold=0 1 5.344720891341141 2 3.3497501700808394 3 4 5 6 7 8 9 10 11 12 13 14 15 16 17 18 5.705446369702539
decision_type=9 9 10 9 8 1 9 9 9 9 9 9 9 9 9 9 9 9 9 9 9 10
left_child=3 2 4 -1 -2 6 -3 8 -8 10 -7 12 -11 -13 -15 -14 17 -16 -18 -20 -21 -22
right_child=1 5 -4 -5 -6 9 7 -9 -10 11 -12 13 15 14 16 -17 18 -19 19 20 21 -23
leaf_value=-0.55698620011058375 -44.402701568667062 63.428266269154093 -75.028628072666734 -23.72192954815565 30.905440410670508 -81.064307568178464 15.637702766147708 -132.8678284675664 -107.25049416583167 -25.661490530106228 0.095621031884344995 -13.831997302621071 7.8351061036070115 -0.069138328818832473 354.82616682428056 -2.2328891754141336 2.2608426904914221 6.0435466251145007 -1.7558141394686306 2.7177631680412699 77.883942979720757 766.54138274267882
leaf_weight=505 40 104 42 439 178 576 169 483 196 1995 1957 1832 1756 3294 217 4205 3244 262 289 580 574 38
leaf_count=505 40 104 42 439 178 576 169 483 196 1995 1957 1832 1756 3294 217 4205 3244 262 289 580 574 38
internal_value=-6.36517e-05 5.91917e-06 0.00297794 -0.00166632 0.00433636 -3.11951e-05 -0.000952831 -0.00171628 -0.000179046 1.10215e-05 -0.000606484 9.68948e-05 -0.000217998 0.000339392 0.000625028 0.000202661 0.0010232 0.0028503 0.000831221 0.00186571 0.00238455 0.00359135
internal_weight=22975 22031 260 944 218 21771 952 848 365 20819 2533 18286 7956 10330 8498 5961 5204 479 4725 1481 1192 612
internal_count=22975 22031 260 944 218 21771 952 848 365 20819 2533 18286 7956 10330 8498 5961 5204 479 4725 1481 1192 612
cat_boundaries=0 13 27 29 30 43 45 46 60 62 64 78 91 104 117 118 120 134 136 138
cat_threshold=4104 65552 1107300352 64 16777216 772 256 1073759296 69640 133729 2228224 8 9437184 0 262144 67108928 0 4 0 0 0 134217728 0 65536 96 2097152 16 47714832 397452 1 33554432 0 0 0 0 0 0 0 0 0 0 2415919104 1 25296920 6208 38 33620032 2155888704 805306496 2415919616 1048576 16777216 0 0 557056 16827396 75497472 2148147200 160 1 1695084544 428288 707668742 103097 1080082432 2229280 0 132 276856832 1088 0 134250496 536870916 11010048 1207959552 17827840 10244 2 262148 33562624 0 2105361 1074331904 4096 128 0 3072 272 838860832 5764 20737 2097152 67112964 1 32768 2147484160 536871936 0 73728 0 6295554 16781464 18874369 2215151122 262144 67117060 1 8208 590080 0 128 0 3072 272 855642160 5765 37890 225 5280864 2052 1 18876448 0 0 142753800 33556480 512 0 536870912 1141374984 134217728 1048848 12 2 2152726528 8514 1208484112 68104
is_linear=0
shrinkage=0.045


Tree=260
num_leaves=23
num_cat=17
split_feature=0 0 3 0 3 1 3 3 2 0 3 0 5 5 0 3 3 5 5 1 5 0
split_gain=1.36388 1.07309 0.687761 0.477587 1.0892 0.539431 0.598896 0.526995 0.507723 0.957198 0.833967 1.05693 1.06136 1.00902 0.877104 0.821942 0.760976 1.38162 0.749867 0.621438 0.535754 0.503983
threshold=0 1 2 3 4 5 6 7 8 9 10 11 6.3198682039985092 4.6774800307930642 12 13 14 1.0000000180025095e-35 2.9700856263602158 15 3.8815106545092593 16
decision_type=9 9 9 9 9 9 9 9 9 9 9 9 8 10 9 9 9 10 10 9 10 9
left_child=2 -2 -1 4 5 6 -3 -7 21 -10 14 12 13 15 -11 20 17 -13 -17 -19 -12 -5
right_child=1 3 -4 8 -6 7 -8 -9 9 10 11 16 -14 -15 -16 18 -18 19 -20 -21 -22 -23
leaf_value=-35.766466172243952 15.560001906761343 -40.052717289693234 -2.0656837839846358 -2.4785838928950965 -19.496765581593294 -23.115149845697378 8.4932060331553529 76.961927461932021 -109.91556037417442 -86.497080827633724 162.26821415939642 422.41865727805362 -52.226963689699858 109.3079079598845 -1.2660401941993003 62.421384733317282 -15.35998101273279 64.530546075419366 -13.324603779193506 -1.1556996866375049 10.973604575376992 1.0662797128714316
leaf_weight=230 135 232 608 2911 723 104 212 163 473 506 63 52 83 176 1408 53 1902 101 231 411 54 12144
leaf_count=230 135 232 608 2911 723 104 212 163 473 506 63 52 83 176 1408 53 1902 101 231 411 54 12144
internal_value=-7.34441e-05 -5.48665e-06 -0.00184235 -3.10722e-05 -0.000821578 0.00042946 -0.000532896 0.00198387 2.44887e-05 -0.000344526 -0.000160334 0.000292542 0.001875 0.00258808 -0.000897197 0.00132878 -0.000138016 0.00129687 -6.08118e-05 0.00059533 0.0042907 0.000159785
internal_weight=22975 22137 838 22002 1434 711 444 267 20568 5513 5040 3126 660 577 1914 401 2466 564 284 512 117 15055
internal_count=22975 22137 838 22002 1434 711 444 267 20568 5513 5040 3126 660 577 1914 401 2466 564 284 512 117 15055
cat_boundaries=0 13 27 29 43 45 47 49 51 52 65 67 80 93 95 97 99 113
cat_threshold=16781320 65536 33554496 64 285212672 772 0 1342193728 69640 131649 2162688 268435464 9437184 0 262144 0 0 0 0 0 0 134217728 0 8 64 2097152 16 2164310080 350720 344128 2147500128 805310592 2415919748 1097728 16777280 0 0 524292 2164260868 8388608 133120 256 1 38044832 228236 268435572 1024 4228096 21120 32 73740 116 6324224 4 0 0 134217984 0 0 65536 0 8392720 201326592 1048576 34832 1717847618 282139 2147483648 4096 2147483648 0 131076 33554432 0 8192 0 0 131104 37892 33 2147483648 0 0 0 0 0 0 0 0 0 16777216 38148 37 28 164 2417078304 106496 76 80 33554436 35655696 67108864 2097169 66048 33559585 0 8192 0 2146312 33554432 532608 67375616 2
is_linear=0
shrinkage=0.045


Tree=261
num_leaves=23
num_cat=21
split_feature=0 0 3 0 3 2 0 3 3 0 3 5 1 3 0 0 0 0 3 3 0 4
split_gain=1.39707 1.00087 0.617041 0.434127 1.79776 0.49777 0.844141 0.847223 0.627729 1.05582 0.914255 1.01584 0.589568 0.510568 1.90849 1.51201 1.03353 0.878802 1.19449 1.02629 0.990059 1.02381
threshold=0 1 2 3 4 5 6 7 8 9 10 6.1366459725839873 11 12 13 14 15 16 17 18 19 20
decision_type=9 9 9 9 9 9 9 9 9 9 9 8 9 9 9 9 9 9 9 9 9 1
left_child=2 -2 -1 4 -3 13 7 -7 12 10 -10 -12 -8 14 -5 -15 -16 19 -19 -17 -20 -22
right_child=1 3 -4 5 -6 6 8 -9 9 -11 11 -13 -14 15 16 17 -18 18 20 -21 21 -23
leaf_value=-100.34892359395702 4.7714770739075405 -55.451843575689061 -1.7353029450486988 -10.231344637688432 6.4176170032620012 2.8350943174026022 -71.830568221442618 -168.92213574828543 -11.758684983237186 -2.0660135741448853 26.639447676330594 177.89508125213143 -4.7733177259818014 -9.2264361197049514 3.0747525838893983 -16.086706374977577 8.6402655044583092 -0.16825407553642635 2.4201700420347572 2.526577868295389 124.48196508779716 3.8474883132338107
leaf_weight=253 264 681 699 1451 986 212 259 375 216 1682 394 48 2019 2366 2558 1200 1634 1413 839 2787 178 461
leaf_count=253 264 681 699 1451 986 212 259 375 216 1682 394 48 2019 2366 2558 1200 1634 1413 839 2787 178 461
internal_value=-5.97347e-05 1.36817e-05 -0.00173652 -2.04641e-05 -0.000715606 3.76034e-05 -0.000340714 -0.00193072 -0.000134126 0.000382652 0.00189403 0.00305286 -0.000664193 0.000170044 0.000506895 -3.59777e-05 0.000993339 0.000301741 0.000897519 -0.000131659 0.00178792 0.00311751
internal_weight=22975 22023 952 21759 1667 20092 5205 587 4618 2340 658 442 2278 14887 5643 9244 4192 6878 2891 3987 1478 639
internal_count=22975 22023 952 21759 1667 20092 5205 587 4618 2340 658 442 2278 14887 5643 9244 4192 6878 2891 3987 1478 639
cat_boundaries=0 14 28 30 43 45 46 59 61 63 76 78 80 82 96 110 123 136 138 140 153 154
cat_threshold=4096 65536 1107296320 2147483712 285212672 768 0 1073758272 69640 131649 2293760 268439560 9437184 1 2147483648 0 128 268435472 0 0 0 0 134217728 16 0 64 2228224 16 2164277250 354960 33898568 2155888752 268435456 641 1097728 16777280 0 0 524288 2164310020 8388608 133120 288 2744768630 512 116 6324224 4 536870912 0 134217984 0 0 65536 0 8392704 83886080 1081348 2064 2693267504 147648 576996948 282279 1073741824 4096 0 4 4 0 0 8192 536870912 8 4104 128 1 2149285888 73808 25 513 3810869850 280387 0 102760448 4096 2097152 8388608 4096 0 73728 2048 3146760 1509949440 17825825 2214614022 2 6291472 16909312 0 8192 2148073480 570426373 0 0 33792 4718850 603979776 2150105216 2176 6 32768 268288 1 0 134217728 1028 0 0 536870916 8395008 16777216 2148049300 41496 0 14340 0 2097156 134349056 6144 768 74752 536870912 2101256 285212672 41988 2214601224 5909636 196644 201367840 36912 32768 35651584 4097 0 8388608 0 128 134217728 0 0 134217728 272 36884 2
is_linear=0
shrinkage=0.045


Tree=262
num_leaves=23
num_cat=18
split_feature=0 0 3 0 3 3 0 0 0 3 5 0 3 2 5 3 5 0 2 1 3 5
split_gain=1.33872 0.842463 0.684179 0.477529 1.58965 0.51023 2.14314 1.98265 1.34068 1.22934 1.19776 1.06693 2.29736 1.0101 1.0182 0.92564 0.921949 0.753603 1.00298 1.03326 0.941337 0.773865
threshold=0 1 2 3 4 5 6 7 8 9 3.6242520361853052 10 11 12 4.2121001622835372 13 5.705446369702539 14 15 16 17 inf
decision_type=9 9 9 9 9 9 9 9 9 9 10 9 9 9 8 9 8 9 9 9 9 8
left_child=2 -2 -1 4 -3 7 9 15 10 -7 -8 12 16 14 -10 -5 -9 20 19 -19 -15 -22
right_child=1 3 -4 5 -6 6 8 11 13 -11 -12 -13 -14 17 -16 -17 -18 18 -20 -21 21 -23
leaf_value=-28.918789786106778 155.00498370254434 9.9128801573561347 -1.6572137113041283 0.68862260623339688 -37.700160131817015 0.13734146758102247 -39.054939841240454 80.938320937556725 -8.1899878782951046 -52.92976274602934 28.281033026480166 -0.20303320841458228 -0.26182248377442574 -12.846738231953687 88.461622338133878 -33.088357870823863 -40.924203579683812 97.268942731733475 -104.40749278503591 3.1307711428603149 7.0383296914750586 -172.44798945377696
leaf_weight=245 116 636 609 458 876 1341 122 188 72 1105 266 7574 507 1225 102 1311 37 492 282 3244 2088 79
leaf_count=245 116 636 609 458 876 1341 122 188 72 1105 266 7574 507 1225 102 1311 37 492 282 3244 2088 79
internal_value=-5.19008e-05 1.60609e-05 -0.00178753 -5.11076e-06 -0.000773623 5.20106e-05 0.000272674 -0.000176218 0.000630134 -0.000889749 0.0031725 0.000115772 0.00174193 0.00049526 0.00377419 -0.00153874 0.00541139 0.000412287 0.000828535 0.00102535 -8.19635e-05 0.000481183
internal_weight=22975 22121 854 22005 1512 20493 10418 10075 7972 2446 388 8306 732 7584 174 1769 225 7410 4018 3736 3392 2167
internal_count=22975 22121 854 22005 1512 20493 10418 10075 7972 2446 388 8306 732 7584 174 1769 225 7410 4018 3736 3392 2167
cat_boundaries=0 13 27 29 43 45 47 60 74 87 89 102 104 105 107 120 121 123 125
cat_threshold=16781328 65536 33554496 2147483712 1358954496 256 0 1342177344 69640 131648 2162688 268439560 9437186 0 0 0 0 0 0 0 0 134217728 16 0 96 0 16 16876608 350280 33882184 16480 268435456 268436100 1064960 16777280 0 0 524292 2165344260 8388608 131072 16672 1 138413568 209100 241603620 240556 1082179588 262160 2147483648 2097153 229376 4096 0 8192 2048 1075855368 1107296256 16785664 14348 4194304 44171264 536870912 16 260 33555461 0 49152 32768 4098 889323664 2624128 512 2 4194304 8388608 536875136 16 4 0 0 32768 32768 67108864 131200 524288 131072 1905868824 262210 3229630468 1073741844 2147483648 32769 64 0 0 134225920 2048 1075855360 1073741856 16777216 12288 134386688 8456 96 2359332 2088 2149580800 2109444 67108864 0 2147484488 1024 640 65536 536871936 525346 134217736 2148566032 67109377 22 524352 1120 831070274 262160
is_linear=0
shrinkage=0.045


Tree=263
num_leaves=23
num_cat=15
split_feature=0 3 0 3 0 3 0 0 3 0 3 0 0 5 5 5 5 3 5 5 5 3
split_gain=1.55205 1.07837 0.707579 2.32583 0.666769 0.589823 1.87838 1.32434 0.96946 0.755505 0.65968 0.813577 0.719085 1.22694 0.716374 0.800018 0.700665 0.653517 0.608543 0.610017 0.57934 0.56631
threshold=0 1 2 3 4 5 6 7 8 9 10 11 12 3.7494348669884658 4.135134555718313 5.4909995847486188 5.0657496176235997 13 5.6365721362514982 4.1820210059610323 4.1190041246092024 14
decision_type=9 9 9 9 9 9 9 9 9 9 9 9 9 10 10 10 10 9 10 8 8 9
left_child=1 -1 3 4 -2 6 10 8 -7 17 11 -4 18 -14 -15 16 -16 -8 19 -12 -5 -22
right_child=2 -3 5 20 -6 7 9 -9 -10 -11 12 -13 13 14 15 -17 -18 -19 -20 -21 21 -23
leaf_value=-15.818454912660778 17.4736972268682 -1.2368911532157503 292.38700419093931 -34.120392629428743 2.5543013991595056 2.575867016095744 -9.2758447054809174 1.6214598734436052 -29.732503569387774 -4.1825504989094977 -3.1353275030547842 -11.768031994370141 -13.801800720052235 177.06023690320575 21.228444269957169 224.24598408504275 -113.77601364707029 -34.789797055268004 -26.975046454800445 23.863807002171104 10.245983435046272 -22.291172005940744
leaf_weight=346 228 618 100 570 718 596 649 11235 1048 3986 256 554 122 59 133 61 50 474 100 286 453 333
leaf_count=346 228 618 100 570 718 596 649 11235 1048 3986 256 554 122 59 133 61 50 474 100 286 453 333
internal_value=-0.000106738 -0.00186271 -2.88119e-05 0.000715643 0.0024144 -0.000116146 -0.000453816 6.31825e-05 -0.001125 -0.000886644 0.000828331 -0.000297298 0.0015139 0.00293478 0.00452951 0.00340244 0.00187297 -0.00191498 0.000536696 0.00114154 -0.000480264 0.000308375
internal_weight=22975 964 22011 2302 946 19709 6830 12879 1644 5109 1721 654 1067 425 303 244 183 1123 642 542 1356 786
internal_count=22975 964 22011 2302 946 19709 6830 12879 1644 5109 1721 654 1067 425 303 244 183 1123 642 542 1356 786
cat_boundaries=0 14 16 30 32 44 46 60 74 76 89 91 105 119 121 123
cat_threshold=16781312 1073807360 33554496 2147483777 1342177280 33554688 0 1342177344 69640 577 1076035584 268435464 9437186 16 151110722 88672 2147500037 2156004420 1 268443664 65604 4 0 134217728 134217728 8405024 32 80 2785408 4 2832231370 366672 2147483649 1024 0 16 65540 0 0 134217728 0 0 32 64 709295588 297232 33816576 67373056 0 0 25215488 1024 0 8192 0 1075318784 184553472 1057281 15376 3 1074069584 262144 536875136 32832 16826880 1089 0 8192 4 1048576 33558528 2630145 20736 1 1101529096 4288 12582936 50335776 0 0 1048576 536870912 0 0 33796 165890 536870928 18913280 33 33967232 256 0 0 0 0 0 0 0 8192 0 0 16777216 8704 0 2 0 264192 0 0 8388608 0 0 8192 0 1073745920 50331648 512 16 2 138701952 264192 50331696 8868
is_linear=0
shrinkage=0.045


Tree=264
num_leaves=23
num_cat=16
split_feature=0 3 0 0 3 5 3 0 0 0 3 5 0 3 5 0 5 4 2 0 5 5
split_gain=1.47942 0.97465 0.885109 0.610051 0.82053 0.65387 0.536965 2.29258 2.10077 1.23422 1.21712 1.00481 0.958284 0.641274 0.602521 0.596349 0.731606 0.589458 0.581989 0.497806 0.858683 1.3803
threshold=0 1 2 3 4 3.4811217321331038 5 6 7 8 9 2.602003343538398 10 11 1.4978661367769956 12 3.6242520361853052 13 14 15 5.5432204948189954 5.2390944889447963
decision_type=9 9 9 9 9 8 9 9 9 9 9 10 9 9 8 9 10 1 9 9 10 10
left_child=1 -1 -2 4 -4 -6 7 -5 10 -10 15 -12 13 -9 -14 16 -8 -15 -13 20 21 -16
right_child=2 -3 3 6 5 -7 8 12 9 -11 11 18 14 17 19 -17 -18 -19 -20 -21 -22 -23
leaf_value=0.64996349175307755 38.29776756618913 -7.5446234406220336 -11.083269634063489 -18.67343068540578 -60.709016174067422 7.1295518108246139 -39.309423823345071 135.15042528064569 -10.369327074530108 1.5324452410437139 65.35395806635951 -15.148182055146874 49.362833132264278 158.87982106016361 -5.9161126598839608 -6.3209828714615748 137.13174649848457 -5.5560645084271441 5.8154784126526602 1.521077541895139 -33.283520531369021 34.02104741989352
leaf_weight=291 115 609 728 1555 226 722 36 118 1787 7605 80 114 178 92 2541 276 68 157 383 4628 428 238
leaf_count=291 115 609 728 1555 226 722 36 118 1787 7605 80 114 178 92 2541 276 68 157 383 4628 428 238
internal_value=-9.89043e-05 -0.001875 -2.54685e-05 -4.71065e-05 -0.000869077 9.37394e-06 2.12839e-05 -0.00021489 0.000247996 4.21087e-05 0.00224303 0.00353735 8.04327e-05 0.00229156 -2.41132e-05 0.000229591 0.00294827 0.000879309 0.00282264 -8.326e-05 -0.000513049 -0.00022492
internal_weight=22975 900 22075 21960 1676 948 20284 9935 10349 9392 957 577 8380 367 8013 380 104 249 497 7835 3207 2779
internal_count=22975 900 22075 21960 1676 948 20284 9935 10349 9392 957 577 8380 367 8013 380 104 249 497 7835 3207 2779
cat_boundaries=0 14 16 28 41 43 45 59 73 87 89 102 104 115 116 117 130
cat_threshold=4096 1074069504 33554496 2147483777 1073741824 33554688 0 1342177344 4104 131617 1076035584 268435464 9437184 16 46924288 132 0 0 0 268468224 65536 4 0 0 134217728 0 0 64 65608 16416 268439552 580 16793600 1088 0 0 589828 2232420372 8388608 2766848 2097152 701207152 262960 796310596 338060 20971537 41943040 536870912 0 1048836 536870912 0 49152 34816 2 889192592 33408 2147484064 1 20971541 8519680 536870912 16 2147483652 0 0 49152 34816 0 822083600 32896 132512 4 3263217664 67108864 0 0 163904 16777216 640 134225920 0 1076363264 0 16777509 67123718 2 8389128 20802 2155888640 0 0 0 32768 16777216 512 134225920 0 2113536 0 33 4096 155190272 2056 4194304 8388608 536870912 0 4 0 0 0 34816 0 268435456 2 17 1076101120 16912400 2147483648 0 268960256 4097 128 0 536871936 4232200 32 2164260864 1553
is_linear=0
shrinkage=0.045


Tree=265
num_leaves=23
num_cat=17
split_feature=0 3 0 3 1 5 3 0 0 0 3 4 3 2 1 5 0 5 0 5 0 5
split_gain=1.28888 0.712134 0.674154 0.973548 0.723754 0.846201 0.552624 1.74397 1.06284 0.900718 1.11876 0.831114 0.800967 0.727262 1.36268 1.23803 0.670767 0.710022 0.64339 0.622928 0.600862 0.692471
threshold=0 1 2 3 4 4.7140145363037149 5 6 7 8 9 10 11 12 13 5.3913496380844323 14 4.5271940351011493 15 4.6395599436855051 16 6.462248816637195
decision_type=9 9 9 9 9 10 9 9 9 9 9 1 9 9 9 8 9 10 9 10 9 10
left_child=1 -1 3 4 -2 -6 7 -4 12 10 11 -9 -8 14 -11 19 -13 -18 -10 -16 21 -15
right_child=2 -3 6 -5 5 -7 8 9 18 13 -12 16 -14 20 15 -17 17 -19 -20 -21 -22 -23
leaf_value=-24.820864099922918 0.67147718369745202 -1.8240998398467205 -15.277376486717916 0.053927663768621535 147.79959319846054 0.74323804202684041 -29.807191513686544 58.218386946708122 4.2593225882847916 -4.9995458989976225 11.369588075156088 -147.89746013436232 -0.41676726455860003 -54.760960670976814 91.766163685722148 652.74197395569138 -23.739239493020971 41.255166011602206 0.51446171717735523 -131.3752940556607 -1.4433983797971688 85.769031419980337
leaf_weight=359 141 609 1116 610 68 38 721 88 2032 608 1134 208 919 828 172 110 176 86 10352 69 2496 35
leaf_count=359 141 609 1116 610 68 38 721 88 2032 608 1134 208 919 828 172 110 176 86 10352 69 2496 35
internal_value=-9.30289e-05 -0.0016898 -2.18686e-05 0.00120656 0.00352703 0.00625424 -7.23005e-05 -0.000394649 9.16917e-05 -8.96723e-05 0.000786971 -0.000852633 -0.000980631 -0.000434412 0.000653449 0.00283884 -0.00162076 -3.28477e-05 0.00023451 0.00109259 -0.000746219 -0.001764
internal_weight=22975 968 22007 857 247 106 21150 7126 14024 6010 1692 558 1640 4318 959 351 470 262 12384 241 3359 863
internal_count=22975 968 22007 857 247 106 21150 7126 14024 6010 1692 558 1640 4318 959 351 470 262 12384 241 3359 863
cat_boundaries=0 13 15 28 30 32 34 48 61 75 77 78 80 81 83 96 110 123
cat_threshold=4104 327680 33554432 2147483649 1090519040 260 512 1476411456 69640 576 1075904512 528392 9437184 2281821728 285184 16388 2155872256 2147483776 80 68 0 0 0 134217728 67108864 32 65 2131072 5834274 81936 1 2048 709770598 100368 10485776 16777264 0 2097156 1179648 536872000 0 0 1028 2638851 67239952 34816 25120 4 1074069568 1140850688 1677725696 268444288 81920 1 128 9216 32768 1074790400 167772160 270541312 655362 3255042048 67242052 1073741824 8192 0 0 128 8192 32768 1083179272 436211840 1057296 4114 2 396356 65536 2 16826368 18085 145 1048592 66564 0 67108864 0 0 0 0 0 0 0 8 4224 1048592 16 31457296 16781328 0 2129920 2148532224 16783360 256 0 3076 6308867 131088 32768 16416 20 32768 33554432 0 0 16640 0 0 0 536872960 0 0 16778240 12
is_linear=0
shrinkage=0.045


Tree=266
num_leaves=23
num_cat=20
split_feature=0 3 0 3 4 5 0 3 0 2 1 3 0 0 3 0 0 3 5 3 3 0
split_gain=1.29182 1.2641 0.782886 1.07548 0.626332 0.620294 0.453192 0.975656 0.516726 0.484963 0.754381 0.679305 3.60862 1.61989 1.33428 1.03863 0.630469 1.34562 1.04888 1.77001 1.75254 1.18105
threshold=0 1 2 3 4 3.7494348669884658 5 6 7 8 9 10 11 12 13 14 15 16 4.945201156493737 17 18 19
decision_type=9 9 9 9 1 10 9 9 9 9 9 9 9 9 9 9 9 9 10 9 9 9
left_child=1 4 3 -2 -1 -5 7 8 -4 11 -11 12 -8 14 -13 -14 17 -15 20 -20 21 -18
right_child=2 -3 6 5 -6 -7 9 -9 -10 10 -12 13 15 16 -16 -17 18 -19 19 -21 -22 -23
leaf_value=71.463417897500634 -27.258658252135181 -19.446100725201713 -78.974385846884516 0.18384180242958129 -9.7621649773597969 29.512033712192245 97.651629478376151 -14.544476372506288 35.746437469706549 -107.61842204605006 -1.0797872258260575 3.158905593330656 -48.93735212086689 -28.891081724602799 -40.46017291308123 1.3016737797833309 0.05145512953459163 1.0817748462629198 140.98147745523789 3.7321754196314076 -3.1263833205726668 46.69894059025934
leaf_weight=167 108 495 112 92 313 120 508 1259 242 454 5076 807 674 781 1555 1112 448 3054 517 1130 3404 547
leaf_count=167 108 495 112 92 313 120 508 1259 242 454 5076 807 674 781 1555 1112 448 3054 517 1130 3404 547
internal_value=-7.14856e-05 -0.00166413 -1.0723e-09 0.00216867 -1.04672e-09 0.00397768 -3.3193e-05 -0.000756001 0.00130328 2.53239e-05 -0.000332913 0.000161763 0.000870337 2.82731e-05 -0.00102738 -9.01012e-05 0.000281562 -0.000169614 0.000567513 0.00153638 0.00020552 0.00185452
internal_weight=22975 975 22000 320 480 212 21680 1613 354 20067 5530 14537 2294 12243 2362 1786 9881 3835 6046 1647 4399 995
internal_count=22975 975 22000 320 480 212 21680 1613 354 20067 5530 14537 2294 12243 2362 1786 9881 3835 6046 1647 4399 995
cat_boundaries=0 13 15 28 30 31 44 46 58 59 61 63 77 91 93 106 120 122 124 126 139
cat_threshold=4096 42008576 33554432 2147483665 1090519040 320 768 1342177344 4104 2564 1075970048 4104 9699330 46137906 12708 4 2147745792 2147483776 268435456 4 0 0 0 134219776 0 0 64 131200 4194832 2060 2 4259912 16416 805306368 644 269500480 50332672 0 0 524292 2234515472 8388608 268576768 256 2148827144 221528 8 0 0 4 1048576 33554432 0 0 4 1048592 0 8192 52 1065221 520 33817240 263235 0 16788480 0 0 8388864 0 0 8192 32768 131074 83886080 2149581824 10240 4 16777232 139280 67108864 0 2147549184 6145 0 40960 32768 131331 83951616 2149581953 10240 18 2156080194 564 0 67108868 0 2097152 0 0 0 65536 0 8421384 436207616 33028 2147484172 33554433 18881536 1 8192 8912896 536870948 0 134234112 536937472 577576 0 16777216 67125248 5 2753701156 41232 22054210 16512 3827310592 47368 32768 0 4096 2097152 134217984 0 0 65536 0 4195328 167772160 0 4620
is_linear=0
shrinkage=0.045


Tree=267
num_leaves=23
num_cat=17
split_feature=0 0 3 3 0 0 0 3 0 3 5 5 5 3 5 2 0 3 3 5 3 0
split_gain=1.67001 0.754015 0.593187 0.591405 2.28705 1.40998 1.20494 0.845774 0.761712 2.06488 0.638748 0.619907 0.590368 0.531582 0.544619 0.503471 0.521604 0.778089 0.557923 0.518452 0.513133 0.711211
threshold=0 1 2 3 4 5 6 7 8 9 5.0906732680195743 7.111919780603535 4.4248287033199567 10 2.9174053685313028 11 12 13 14 3.4498615536424366 15 16
decision_type=9 9 9 9 9 9 9 9 9 9 10 10 10 9 10 9 9 9 9 10 9 9
left_child=2 -2 -1 4 -3 10 7 12 9 -8 -6 -7 -5 -11 -15 -10 17 -17 -19 -20 -21 -22
right_child=1 3 -4 6 5 11 8 -9 15 13 -12 -13 -14 14 -16 16 -18 18 19 20 21 -23
leaf_value=-0.84599174488045004 2.3873086043973086 -19.831324461457083 -11.255872476568101 74.215606726278281 14.063097869824487 -1.7724045803558499 -7.236824931173726 -59.128593038584214 55.501527364295661 4.2992550820566695 99.296938645307108 70.633268796212903 -31.522902895560968 193.84243243182991 51.114330110699711 -67.430073366618601 0.81629784611032075 9.7097849568243788 -60.921248059093401 -14.234170330142012 -17.671538296065449 17.086660492842373
leaf_weight=381 129 1363 545 67 285 3787 479 759 277 400 42 54 39 56 307 367 11591 107 445 792 232 471
leaf_count=381 129 1363 545 67 285 3787 479 759 277 400 42 54 39 56 307 367 11591 107 445 792 232 471
internal_value=-0.000136115 -5.69115e-05 -0.00199574 -7.79693e-05 -0.000479795 4.52142e-05 5.78917e-05 -0.001565 0.000149458 0.00121292 0.00282743 -0.000199716 0.00205932 0.00265355 0.003924 5.60364e-05 1.76561e-05 -0.000582441 -0.000233852 -0.00041496 -1.50311e-05 0.000862237
internal_weight=22975 22049 926 21920 5531 4168 16389 865 15524 1242 327 3841 106 763 363 14282 14005 2414 2047 1940 1495 703
internal_count=22975 22049 926 21920 5531 4168 16389 865 15524 1242 327 3841 106 763 363 14282 14005 2414 2047 1940 1495 703
cat_boundaries=0 13 27 29 31 44 58 72 74 88 90 92 93 107 109 111 113 126
cat_threshold=4096 8716288 33554496 2147483793 1073742344 768 896 1342177344 4104 131584 1075838976 8 10223616 16777217 0 0 0 0 0 0 0 134217728 0 65536 64 0 16 46925346 8324 575053632 297984 4194304 33566752 536870913 0 1573124 1024 0 0 100356 4199424 402653328 36992 9761 327680 1024 0 8192 0 0 0 134225920 0 16448 67108896 285212672 67110912 2 344132 1088 335544320 268435968 81920 4161 0 134225920 0 84 32 268443649 0 2 134299776 65536 2160066560 131072 0 64 2147483648 4 0 50176 65536 4353 536871064 32 2229281 4 9502760 94656 2164801540 12 32 33554432 1142964256 1073741952 40964 32768 1024 0 0 4 19925026 109051904 2097156 67127314 1 67108902 131634 1073741952 8256 159383568 69892 0 32 0 8196 32768 0 0 0 0 2097154 100663296 0 2048
is_linear=0
shrinkage=0.045


Tree=268
num_leaves=23
num_cat=20
split_feature=0 0 0 3 3 0 0 0 3 3 0 3 3 5 2 5 0 3 0 3 3 1
split_gain=1.61403 0.989699 0.647654 1.52498 0.567652 1.85279 1.66223 1.24935 1.0931 0.79643 0.774164 1.19311 0.645409 0.876451 0.58846 0.838882 0.99765 0.734945 0.696471 1.34794 0.765345 1.27407
threshold=0 1 2 3 4 5 6 7 8 9 10 11 12 4.4716224665663962 13 4.516324041782946 14 15 16 17 18 19
decision_type=9 9 9 9 9 9 9 9 9 9 9 9 9 8 9 8 9 9 9 9 9 9
left_child=-1 -2 3 -3 5 9 8 12 -6 -4 11 -8 13 -7 15 16 -9 -18 19 -16 21 -20
right_child=1 2 4 -5 6 7 10 14 -10 -11 -12 -13 -14 -15 18 -17 17 -19 20 -21 -22 -23
leaf_value=-4.9588206580101115 25.778539311594034 -36.27263213954182 -2.3340073178592937 -0.027754869179093276 20.083084960516878 57.233593342496334 -20.347446206848968 -145.26939466685204 -29.249601926703399 29.700249965646446 2.0716640953803274 42.677012113570129 -40.031879466293567 -65.082438422380463 0.08227530142794183 85.735721407013088 280.94454325675503 -2.8831969139908979 -4.8260053591291694 -49.405875108864386 -4.4735243108731844 43.463431127478572
leaf_weight=793 105 504 255 1052 231 68 112 216 1790 679 9751 203 1074 69 1095 532 101 264 847 1125 1497 612
leaf_count=793 105 504 255 1052 231 68 112 216 1790 679 9751 203 1074 69 1095 532 101 264 847 1125 1497 612
internal_value=-0.000161576 -8.96199e-05 -0.000111437 -0.000992986 -4.40521e-05 -0.000327138 0.000153607 -0.0005631 -0.00102041 0.00155074 0.000390255 0.00254587 -0.00188021 0.000996643 -0.000306381 0.000627999 -0.000548029 0.000895224 -0.000508289 -0.00110887 -5.45833e-05 0.00067607
internal_weight=22975 22182 22077 1556 20521 8434 12087 7500 2021 934 10066 315 1211 137 6289 1113 581 365 5176 2220 2956 1459
internal_count=22975 22182 22077 1556 20521 8434 12087 7500 2021 934 10066 315 1211 137 6289 1113 581 365 5176 2220 2956 1459
cat_boundaries=0 13 25 38 40 42 56 70 84 85 87 100 102 104 105 118 120 134 136 138 140
cat_threshold=4096 1074069504 33554496 2147483776 3221225992 516 256 1073742912 4104 131681 2097160 8 10223616 1 64 0 268435456 0 0 0 0 134217728 0 0 64 0 41959424 536871040 577 16793600 320 640 268435456 98304 70256660 813694976 16789508 132096 64020032 164370 711923270 306472 42287104 67108868 67108864 0 268566528 1 0 134225920 1024 1073774592 33619968 1 4242 2 1107624012 4 268435456 0 402718720 33558528 0 134291456 1024 1073774592 33620000 1 4498 3 2170552336 16779296 4096 2097156 1081344 16778240 0 32768 4 4718592 1073877008 268437504 2121732 4 3229614344 35913798 32776 2168455184 2097152 0 32772 0 16777216 0 32768 4 0 1073741840 0 2097152 2147483648 86208 572526592 256 144 0 1024 0 0 0 0 0 65536 0 1026 134217728 1081344 8 134479938 2048 32768 8192 0 0 524548 536870912 0 0 536872960 4098 0 2151154848 2568 1 134350404 1064 543883266 41000 4240 11788
is_linear=0
shrinkage=0.045


Tree=269
num_leaves=23
num_cat=19
split_feature=0 0 3 0 3 0 0 0 3 3 0 3 0 0 3 0 5 5 3 0 5 0
split_gain=1.5823 0.792971 1.25797 0.75346 0.524528 1.87062 0.842765 0.779048 0.821458 0.645609 0.588115 0.968716 1.28264 1.05426 1.13846 1.08102 0.83871 0.830285 0.787711 0.681785 1.84147 0.624346
threshold=0 1 2 3 4 5 6 7 8 9 10 11 12 13 14 15 3.5694334999727624 4.6200466650627661 16 17 4.0689902272260703 18
decision_type=9 9 9 9 9 9 9 9 9 9 9 9 9 9 9 9 10 8 9 9 10 9
left_child=-1 2 -2 -3 5 9 -7 8 -6 -5 18 12 -12 -13 15 -15 -16 19 -9 20 -14 -18
right_child=1 3 -4 4 7 6 -8 10 -10 -11 11 13 17 14 16 -17 21 -19 -20 -21 -22 -23
leaf_value=-4.7326143256122926 -9.8935263177242163 8.779841307828999 -0.27117457823223717 -2.1685889589187295 5.9840301716515585 -36.512006208471028 -5.9640376181009742 -20.747422404862064 -20.94540302201343 19.922190020149813 -44.242766826090637 1.4106519609714614 5.4407747503208377 3.1037292063297657 -1.4751270456948324 169.01619864563321 1.9038229485409583 -20.65346851472113 2.1578661532823289 3.4107136845645525 183.25919269384045 26.90600313546701
leaf_weight=681 532 121 838 800 535 587 2761 2021 1543 988 740 4168 100 154 618 254 521 460 2982 512 46 1013
leaf_count=681 532 121 838 800 535 587 2761 2021 1543 988 740 4168 100 154 618 254 521 460 2982 512 46 1013
internal_value=-0.000161576 -9.56256e-05 -0.00113965 -2.66537e-05 -4.82115e-05 -0.000442309 -0.00106875 8.12222e-05 -0.000727752 0.000729999 0.000205462 0.000431262 -0.000476472 0.000682343 0.00139969 0.00355714 0.000973197 0.00048584 -0.000182155 0.00151364 0.00410126 0.00154101
internal_weight=22975 22294 1370 20924 20803 5136 3348 15667 2078 1788 13589 8586 1858 6728 2560 408 2152 1118 5003 658 146 1534
internal_count=22975 22294 1370 20924 20803 5136 3348 15667 2078 1788 13589 8586 1858 6728 2560 408 2152 1118 5003 658 146 1534
cat_boundaries=0 13 26 28 41 43 57 71 85 87 89 103 105 119 132 134 147 149 162 176
cat_threshold=16777216 1074003968 33554496 2147483664 3221225992 516 256 1073742912 4104 545 1075838984 8 10223616 4097 42024960 128 69 16777216 33554752 640 402653184 98304 133188 545325072 12292 2 156360288 65936 0 0 67108864 268435456 65536 0 0 0 134217728 0 0 64 128 709234756 134184 42237952 16777236 0 8320 134250496 0 0 8192 1024 1083233288 33558528 34048 2214592552 2 2162688 67108864 536875008 2097152 1048836 1024 0 0 0 4718592 285212672 2097152 17412 4 1111523392 48 2415919104 128 268435456 1 0 8192 0 1160830978 33554432 285868033 544 1 3247475712 73792 168034372 2048 262144 4 1 8704 134643776 16777216 0 81920 128 2147487768 268439552 3147056 2214596872 2 1166543872 8450 0 16791552 1073741824 0 1572864 1024 0 0 536870912 8389888 67108864 2688 33796 4 10567692 67118080 0 2097152 8405248 1024 0 0 536873988 8913920 151126144 2147516928 133137 270598274 66064 0 16781312 0 0 0 0 0 0 0 0 0 0 32772 3195696 344641 0 0 0 0 8388864 0 0 0 0 0 0 0 8209 2147483648 64 0 0 1572864 536877056 0 0 0 4194304 67108864 0 9216 4
is_linear=0
shrinkage=0.045


Tree=270
num_leaves=23
num_cat=17
split_feature=0 0 3 0 3 3 0 0 5 0 3 5 0 2 5 5 0 3 3 3 5 0
split_gain=1.60886 0.793597 1.45477 0.733055 0.546467 0.455557 1.52037 1.26828 0.8909 0.938025 2.03039 0.989191 0.710079 0.63187 0.706759 0.530801 0.787324 1.18725 0.960282 0.737328 0.604595 0.551306
threshold=0 1 2 3 4 5 6 7 1.2424533248940004 8 9 4.1820210059610323 10 11 2.9174053685313028 5.2284276452838947 12 13 14 15 3.0201273556387074 16
decision_type=9 9 9 9 9 9 9 9 8 9 9 8 9 9 10 10 9 9 9 9 8 9
left_child=4 2 -2 -3 -1 7 -7 15 -8 10 11 -10 -9 14 -14 16 17 -5 -18 -17 -20 -22
right_child=1 3 -4 5 -6 6 8 12 9 -11 -12 -13 13 -15 -16 19 18 -19 20 -21 21 -23
leaf_value=-0.14807996106588431 3.1217717237891098 99.714749968486885 -6.0964570399886071 93.165663856558353 -4.9319290022112758 -14.018707464896705 103.60064789429896 -10.024617512418191 93.271787799316613 0.77965300035308549 4.597621288755394 69.387501415784911 -116.04344899711559 -3.4586167995550432 155.88836728626526 219.21564145526594 -49.943833498901704 0.27898581689808893 -82.721137201517337 -1.2422613572224339 -5.7636746730936146 20.759185830597847
leaf_weight=214 623 100 743 142 617 2016 206 1047 50 7076 1449 61 62 5950 116 260 572 300 126 198 538 509
leaf_count=214 623 100 743 142 617 2016 206 1047 50 7076 1449 61 62 5950 116 260 572 300 126 198 538 509
internal_value=-0.000157659 -8.40866e-05 -0.0011299 -1.47197e-05 -0.00208719 -3.43655e-05 0.00016642 -0.000256307 0.000420826 0.000351122 0.00134542 0.00691463 -0.000566649 -0.000379643 0.00217895 0.000584305 0.000293969 0.00196255 -0.000140866 0.00197609 0.000596201 0.000956624
internal_weight=22975 22144 1366 20778 831 20678 10858 9820 8842 8636 1560 111 7175 6128 178 2645 2187 442 1745 458 1173 1047
internal_count=22975 22144 1366 20778 831 20678 10858 9820 8842 8636 1560 111 7175 6128 178 2645 2187 442 1745 458 1173 1047
cat_boundaries=0 13 26 28 41 43 45 59 73 87 89 102 103 116 118 119 121 135
cat_threshold=16777216 0 570425408 2147483776 3489661448 516 256 1073742912 4104 545 1075904520 8 10240000 2147483649 42287104 1073741952 65 16777216 320 640 402653184 65536 133124 536870928 14340 8192 1074675990 27334 0 0 0 268435456 65536 0 0 0 134217728 0 0 64 128 2151960608 12 1047516740 85538 65556 1073742884 335544320 2097664 1097728 1025 0 8192 0 1073790992 50331680 17826305 22 2 81936 1028 67108864 2105856 557056 1024 0 8192 0 1073775616 318898336 17826433 67108890 2 33554440 67248208 2147487744 0 64 50333696 0 32768 1028 67112960 67244032 271089696 2130977 16 8448 393216 4198408 67239952 4096 0 131072 570425344 0 32768 2048 2101504 67112960 270532624 2098464 160 0 1028 67108864 8704 32768 0 0 8192 0 1073741824 33685536 16777217 2 138494464 65536 140645444 138957824 18432 81920 0 0 0 524288 1024 0 0 0 32768 128 1048576 8 2
is_linear=0
shrinkage=0.045


Tree=271
num_leaves=23
num_cat=21
split_feature=0 0 3 3 0 3 0 0 3 3 2 0 3 0 0 5 1 4 0 3 0 3
split_gain=1.63889 0.712305 1.36812 0.687437 0.566353 0.460699 1.29373 0.983223 0.817161 0.782195 0.752884 0.648465 1.28266 0.630549 0.618488 0.608696 0.560536 0.569575 1.01529 0.879233 0.853997 0.939426
threshold=0 1 2 3 4 5 6 7 8 9 10 11 12 13 14 4.135134555718313 15 16 17 18 19 20
decision_type=9 9 9 9 9 9 9 9 9 9 9 9 9 9 9 8 9 1 9 9 9 9
left_child=3 2 -2 -1 -3 6 8 9 -6 -7 -9 12 13 -12 15 -14 -8 20 -19 -20 21 -18
right_child=1 4 -4 -5 5 7 16 10 -10 -11 11 -13 14 -15 -16 -17 17 18 19 -21 -22 -23
leaf_value=-0.5666901474155901 1.2034976040854721 1.932328007570715 -5.3826133289014901 -7.2537089989502537 -52.190697289138328 -33.78431149813467 59.293132109895154 221.89070592845962 -2.9916530665072787 -0.14332986915801665 -74.264781975782398 0.46377815367677905 134.02635291052772 6.0759704693111125 19.408969484028201 15.73859247284553 145.48725826112835 1.8056662649704271 -55.092748476368804 -2.7513505115884844 -0.044443718010064776 23.348307168174266
leaf_weight=414 638 132 759 487 786 826 362 101 1196 1130 229 7445 93 837 863 157 109 2170 769 1564 1531 377
leaf_count=414 638 132 759 487 786 826 362 101 1196 1130 229 7445 93 837 863 157 109 2170 769 1564 1531 377
internal_value=-0.000206621 -0.000129178 -0.00110823 -0.00207503 -6.24255e-05 -8.20899e-05 -0.000326499 0.000103522 -0.00133601 -0.000814025 0.000288846 0.00024564 0.000926288 -0.000192023 0.001988 0.00395038 -3.39436e-05 -0.000130895 -0.000412543 -0.0010612 0.000497027 0.00211446
internal_weight=22975 22074 1397 901 20677 20545 8864 11681 1982 1956 9725 9624 2179 1066 1113 250 6882 6520 4503 2333 2017 486
internal_count=22975 22074 1397 901 20677 20545 8864 11681 1982 1956 9725 9624 2179 1066 1113 250 6882 6520 4503 2333 2017 486
cat_boundaries=0 14 27 29 31 44 46 60 73 75 77 78 92 94 108 122 124 125 139 141 154 156
cat_threshold=16 65536 2684354624 2147483776 3221225992 512 256 1073741888 4104 513 1075904520 2056 9715840 16 2147487745 41959424 1073746048 268436033 16777216 320 640 402653184 65536 133124 545259536 16789508 8192 34492678 31430 12862000 25220 0 2147745792 0 0 0 0 0 32768 134217728 0 0 64 131072 1047450694 462370 42008584 83886144 0 0 1212420 33554432 0 0 1024 6816002 201461760 2149580816 2097698 5 1077952516 1073741876 0 32772 268550144 1 0 8192 32768 1074823200 33554560 272105729 526340 872976386 197664 2147557936 16409 32 41943048 84017216 0 8208 4 50337792 0 0 4 71303184 67239936 2147484704 2130722 5 3246456840 49556 8 67239936 0 0 4 0 0 0 0 16 67108864 0 32800 1 8 67239936 0 0 4 0 0 0 0 16 0 0 32800 5 524384 16 2 1074053120 9268 0 2097152 8388608 4 0 17408 0 1048576 318767264 1573633 2147485709 2 69502016 67586 2097152 2084 0 0 8388608 536871936 0 0 32768 8388616 0 768 67108880 21504 32
is_linear=0
shrinkage=0.045


Tree=272
num_leaves=23
num_cat=18
split_feature=0 0 3 0 3 0 0 3 0 5 0 1 3 3 3 3 5 5 0 5 3 0
split_gain=1.85339 0.778617 1.43491 0.526054 0.479068 1.70202 1.62678 1.14637 1.11999 1.00764 0.930594 0.886288 0.972076 0.760591 0.700883 0.69354 0.645912 0.631874 0.964443 0.725733 0.621034 1.54653
threshold=0 1 2 3 4 5 6 7 8 4.0342014792848504 9 10 11 12 13 14 3.3497501700808394 5.3589392201907193 15 3.1567740231385479 16 17
decision_type=9 9 9 9 9 9 9 9 9 10 9 9 9 9 9 9 8 10 9 10 9 9
left_child=-1 2 3 -2 5 13 7 -6 9 15 14 12 -12 -3 -7 -8 -14 18 -9 -20 -10 -22
right_child=1 4 -4 -5 6 10 8 17 20 -11 11 -13 16 -15 -16 -17 -18 -19 19 -21 21 -23
leaf_value=-3.7968026454926305 8.6494214029743635 -4.853275842132879 -4.1739539898420128 -2.733702453013958 0.81910903803537205 -25.56852906976254 17.754703122768099 23.402135698254323 -0.46079463042173358 -33.532702476942305 218.81096489460111 0.55992194703799625 569.31157084823531 -61.640787820299224 -1.1745687851828326 -17.066251632922928 -13.452737795185064 -4.4836374605218543 4.9245111140904534 175.83272050761522 -3.4708054647676643 15.861349747720705
leaf_weight=728 361 811 805 317 469 966 562 202 5973 1094 315 4192 43 695 2081 321 196 75 40 166 1180 1383
leaf_count=728 361 811 805 317 469 966 562 202 5973 1094 315 4192 43 695 2081 321 196 75 40 166 1180 1383
internal_value=-0.000204662 -0.000130802 -0.00112274 0.000404347 -5.93484e-05 -0.000299163 0.000135269 0.00190456 -2.69369e-05 -0.000988689 -3.05584e-05 0.000363177 0.00203533 -0.00167787 -0.000642858 0.000137287 -0.000161356 0.00342727 0.00419268 0.00627523 0.000196887 0.000781164
internal_weight=22975 22247 1483 678 20764 9299 11465 952 10513 1977 7793 4746 554 1506 3047 883 239 483 408 206 8536 2563
internal_count=22975 22247 1483 678 20764 9299 11465 952 10513 1977 7793 4746 554 1506 3047 883 239 483 408 206 8536 2563
cat_boundaries=0 14 27 29 42 44 58 71 73 87 100 102 104 106 108 110 123 125 139
cat_threshold=4096 1073741824 2717909056 2147483792 3221225992 512 256 1073742912 4096 1 1075838984 16777224 1310848 16 2147483665 42287104 1073746048 65 16777216 536871232 128 402653184 65544 2564 16 2052 24578 2198769682 25284 2147483664 33832960 4096 0 0 536870912 0 0 65536 2048 16 4 24576 1063703616 396852 65544 67240000 0 516 524548 0 0 32768 33792 2229504 897581088 528385 2155905536 5 8 67239936 0 4 4 33558528 0 32768 32768 132096 889192448 528448 8421376 8454168 115144 4210688 1056 0 0 402882624 16779264 0 8192 4 1074839554 33624064 8496 2104320 2 52428800 2105360 0 2097152 1064960 33555456 0 81920 2048 71307338 167903232 2418025088 52 268960992 144 191152128 4 4637760 2592 1040224320 3072 3230212112 69768 0 0 0 0 0 0 0 0 0 132096 620756992 0 8421376 3230212886 12416 8650752 6164 1 2105344 9961472 0 0 65536 3072 528384 131072 2148564992 67108873 4
is_linear=0
shrinkage=0.045


Tree=273
num_leaves=23
num_cat=20
split_feature=0 0 3 3 3 0 0 3 0 1 3 3 0 5 3 5 0 1 3 0 3 3
split_gain=1.79155 0.780863 1.19964 0.589306 0.460365 1.36705 1.3261 0.84695 0.756546 0.823287 1.19746 0.711356 0.68629 0.74224 0.824838 0.71002 0.691589 0.682699 0.641805 0.73192 0.716871 0.654459
threshold=0 1 2 3 4 5 6 7 8 9 10 11 12 6.9777449340088582 13 5.1619206365690227 14 15 16 17 18 19
decision_type=9 9 9 9 9 9 9 9 9 9 9 9 9 8 9 10 9 9 9 9 9 9
left_child=3 2 -2 -1 6 11 7 -3 -8 10 -10 -6 13 14 -7 16 -16 -12 -11 21 -21 -20
right_child=1 4 -4 -5 5 12 8 -9 9 18 17 -13 -14 -15 15 -17 -18 -19 19 20 -22 -23
leaf_value=-1.4166107867447151 2.1389080063184229 3.208796145095997 -4.7957576636697929 -8.5616064040063566 10.474546612605463 -2.6403114002195451 -4.8446645299520963 -33.96536255152769 231.24998698130912 -8.9056118368745434 258.27162074538973 -27.325397204556367 1.0400061522837156 89.217000913935181 -1.935710588305851 -14.281875953565738 62.02491959031515 -21.93614362314614 0.59286042848602061 15.721305848371765 -7.7882040467792484 27.532038582385013
leaf_weight=382 567 349 923 425 307 604 3274 1281 265 1444 109 1573 6409 85 110 84 301 149 935 1121 1362 916
leaf_count=382 567 349 923 425 307 604 3274 1281 265 1444 109 1573 6409 85 110 84 301 149 935 1121 1362 916
internal_value=-0.000224247 -0.000147702 -0.00113848 -0.00229121 -7.56898e-05 0.000155139 -0.000270795 -0.0014525 -6.8062e-05 0.000220259 0.00190934 -0.000927591 0.000424259 0.00141471 0.00110763 0.00244083 0.00325787 -0.000300001 6.37295e-05 0.000337551 -0.000167737 0.00101208
internal_weight=22975 22168 1490 807 20678 9473 11205 1630 9575 6301 523 1880 7593 1184 1099 495 411 258 5778 4334 2483 1851
internal_count=22975 22168 1490 807 20678 9473 11205 1630 9575 6301 523 1880 7593 1184 1099 495 411 258 5778 4334 2483 1851
cat_boundaries=0 14 27 29 31 33 47 60 62 76 78 80 82 95 97 109 110 112 126 128 130
cat_threshold=24 1073741824 2717908992 2415919120 3221225992 2560 256 1073741888 4096 33 1075838984 8 9715840 16 1 42024960 1073746048 69 16777216 536870976 640 402653184 65544 2564 16 16791557 8194 554565654 27140 5292594 644 510318148 405052 42205184 67108976 0 2097152 402882560 4 0 90112 1028 1075888146 0 1081344 3108 2 6328320 16908288 1 640 1589252 1280 0 32768 34816 71828544 679673856 268959744 256 169870404 131584 2147483652 69476352 67108864 0 0 50335744 0 0 536870912 1179928 369102976 2149581472 2216722432 1 787556 16 138580480 8204 3229614336 320 4194304 131072 0 8192 524292 33554688 0 32768 32768 4719680 679542784 2621600 33024 2156931224 448 0 131072 0 0 0 0 0 0 32768 0 134217728 2097152 786528 174194688 528 16384 96 0 2097152 411041792 4 0 81920 0 10502144 16777216 1081344 131604 6 268436544 131116 5188 131116
is_linear=0
shrinkage=0.045


Tree=274
num_leaves=23
num_cat=19
split_feature=0 0 3 3 3 0 0 5 0 3 0 3 3 3 0 0 5 3 0 5 0 3
split_gain=1.78149 0.731017 0.894538 0.595222 0.591306 1.87867 1.45477 1.32472 1.87829 1.58218 1.56609 1.10503 1.07618 0.79532 1.03338 0.785672 0.852821 0.935281 0.85865 0.853512 0.864471 0.776391
threshold=0 1 2 3 4 5 6 4.2972622671762819 7 8 9 10 11 12 13 14 5.5816130673839615 15 16 4.9308638091439496 17 18
decision_type=9 9 9 9 9 9 9 8 9 9 9 9 9 9 9 9 10 9 9 8 9 9
left_child=3 2 -2 -1 5 21 12 8 9 -7 11 -9 -6 -12 -15 16 17 18 -8 -19 -21 -3
right_child=1 4 -4 -5 6 7 15 10 -10 -11 13 -13 -14 14 -16 -17 -18 19 -20 20 -22 -23
leaf_value=-1.312413944623128 -8.144350203987349 -2.630242374307143 -0.75001617697773415 -8.3264846261901155 -64.167653139879903 -55.131928294925032 -40.233573354788867 -42.824852045798615 -14.952170473943701 51.79065384265482 47.452001663414457 2.4064745736177202 -0.17542848804396474 -37.229255311371688 22.899685618937635 0.20007991401731259 -13.897322895042024 11.933041914180459 17.30048841920653 -2.8625563070098097 146.06929391801546 -28.328415711076229
leaf_weight=307 472 980 1021 501 819 121 523 485 2404 360 687 926 824 382 677 7430 379 1271 385 102 286 1633
leaf_count=307 472 980 1021 501 819 121 523 485 2404 360 687 926 824 382 677 7430 379 1271 385 102 286 1633
internal_value=-0.000234039 -0.00015765 -0.00111528 -0.0022939 -8.78866e-05 -0.000371237 0.000116323 6.54102e-05 -0.000631279 0.00190771 0.000702278 -0.000414267 -0.00112296 0.00159727 0.00080252 0.00031363 0.000934076 0.00123141 5.86946e-05 0.00186086 0.00371538 -0.00137657
internal_weight=22975 22167 1493 808 20674 8655 12019 6042 2885 481 3157 1411 1643 1746 1059 10376 2946 2567 908 1659 388 2613
internal_count=22975 22167 1493 808 20674 8655 12019 6042 2885 481 3157 1411 1643 1746 1059 10376 2946 2567 908 1659 388 2613
cat_boundaries=0 14 27 29 31 33 46 60 74 76 89 91 93 95 108 121 123 135 147 149
cat_threshold=8 1073741824 2717908992 2415919104 3489661448 512 256 1073742848 4104 2147484193 1075838984 9 9699456 16 262161 42024960 1073746048 69 16777216 536871232 640 268435456 98304 2052 65552 12292 147458 1240538176 67866 5771314 8196 510302052 437768 2153775104 2112544 1 2097152 655364 0 0 32768 4 4739074 671219840 2164785280 2106368 1107382276 83886096 0 512 1163264 5125 0 134291456 0 1075839056 301989888 1048576 32 3 1107296256 67108944 0 8192 142606336 0 0 8192 2048 0 268439552 268468224 1 1 32804 2560 1107300352 131088 0 0 143687936 4100 0 0 536871936 0 301993984 2133296 2147483685 39847424 8192 537217042 52 6325248 44040 32768 67108868 0 0 0 1024 0 0 0 2097152 67108864 0 67110920 20971520 2112512 1 2097152 655364 50333696 0 49152 4 4722688 537002112 2164261056 2621696 1098981512 16800 0 15360 0 0 131072 0 0 0 0 4096 128 2147483648 0 8192 1 0 524288 33554432 0 0 0 524288 0 128 136447492 512
is_linear=0
shrinkage=0.045


Tree=275
num_leaves=23
num_cat=18
split_feature=0 3 0 3 3 0 0 0 3 3 5 0 3 0 4 3 0 5 5 0 5 3
split_gain=2.03132 0.801608 0.749286 0.721702 0.554939 1.49441 1.25202 0.828006 1.03065 0.795722 0.781316 0.778287 1.12294 0.64262 0.582635 0.572422 0.675841 0.566352 0.785985 0.549783 0.503922 0.475423
threshold=0 1 2 3 4 5 6 7 8 9 5.611299950786516 10 11 12 13 14 15 5.5274410133216039 5.3821962081647756 16 2.602003343538398 17
decision_type=9 9 9 9 9 9 9 9 9 9 10 9 9 9 1 9 9 8 10 9 10 9
left_child=1 -1 3 -2 5 15 9 8 -8 14 17 12 13 20 -6 16 -4 18 -10 -11 -7 -13
right_child=2 -3 4 -5 6 11 7 -9 10 19 -12 21 -14 -15 -16 -17 -18 -19 -20 -21 -22 -23
leaf_value=-0.537595283176038 -0.010146333627919642 -7.3571852116044649 -57.220123527354879 -4.3912412702485399 -1.7629171035892315 529.80637063394681 -3.3693993114151599 0.61617746922221928 21.705897251083307 -68.270129966274624 -51.716753188072424 0.070759530890348754 -3.2429290365265855 26.989890494992071 -75.83386136736685 -22.61113846324881 1.0880454211081374 65.731253539521333 -101.80150253434863 2.0897475602145525 -4.401009822232516 -6.848158813224213
leaf_weight=265 590 506 232 729 293 37 526 8139 1340 105 176 2867 884 735 567 1129 720 73 40 738 333 1951
leaf_count=265 590 506 232 729 293 37 526 8139 1340 105 176 2867 884 735 567 1129 720 73 40 738 333 1951
internal_value=-0.000224247 -0.00247701 -0.000144627 -0.00117994 -7.86009e-05 -0.000347866 0.000121033 0.000308266 0.00109022 -0.00100496 0.00164808 -2.44181e-05 0.000721888 0.00167189 -0.00196101 -0.00139967 -0.000569503 0.00200103 0.00179088 -1.57905e-05 0.0001178 -0.000333541
internal_weight=22975 771 22204 1319 20885 8888 11997 10294 2155 1703 1629 6807 1989 1105 860 2081 952 1453 1380 843 370 4818
internal_count=22975 771 22204 1319 20885 8888 11997 10294 2155 1703 1629 6807 1989 1105 860 2081 952 1453 1380 843 370 4818
cat_boundaries=0 14 16 29 31 33 46 60 73 75 77 91 93 106 107 109 122 136 138
cat_threshold=16777224 1073741824 2181038080 2415919104 520 2560 256 1073775616 4096 2147483649 1612709888 285212680 10223744 16 2152726578 24580 262145 8470528 1073746048 69 285212676 536870976 512 402669568 32776 2564 65552 4096 147458 2197819410 61996 2120277604 142873 0 100675696 1 128 135921664 33554432 0 0 0 4374786 131232 2623492 9476 3229732868 1024 536870912 512 2147598656 1028 128 0 0 1077411840 4096 1056769 512 7 0 100675664 1 8320 524288 50331648 0 0 66560 168960 131240 526416 2106625 16842880 82304 2148466690 266276 2160181248 1024 0 16 8388864 1029 128 8192 3072 1084751872 50335744 1056769 4624 6 1677776480 2064 2147516416 0 0 0 256 1024 0 8192 1024 1075838976 4096 8193 512 2 973101568 9728 0 33554448 0 0 0 33554432 0 0 0 16640 128 2097152 9220 2155876352 0 0 0 0 0 0 0 0 1073741824 0 8192 0 2 1514144868 133640
is_linear=0
shrinkage=0.045


Tree=276
num_leaves=23
num_cat=19
split_feature=0 3 0 3 3 0 0 3 0 5 0 3 0 3 3 3 3 5 2 5 1 0
split_gain=1.86647 0.749988 0.664132 1.07287 0.576165 1.46437 1.27919 0.908046 0.770599 0.829566 1.07384 1.09276 0.956939 0.93125 0.911935 0.75961 0.713335 0.674811 0.671044 1.02653 0.99434 0.656257
threshold=0 1 2 3 4 5 6 7 8 4.1190041246092024 9 10 11 12 13 14 15 4.2972622671762819 16 4.2972622671762819 17 18
decision_type=9 9 9 9 9 9 9 9 9 8 9 9 9 9 9 9 9 10 9 10 9 9
left_child=1 -1 3 -2 5 -4 7 -6 15 12 13 -12 14 -11 -10 21 -14 -15 20 -20 -13 -7
right_child=2 -3 4 -5 6 8 -8 -9 9 10 11 18 16 17 -16 -17 -18 -19 19 -21 -22 -23
leaf_value=-0.7574956780281995 -18.54158145869534 -6.3117127462039786 -14.405209161146505 -0.68966172886726351 3.3907406647840932 9.387895347383731 1.4006216234440241 -40.961640991015265 29.058434520504392 -40.430557473844104 43.57390400165346 31.684883280266146 -38.393148909680754 59.824944246521618 -77.813538910572845 -11.757940331183406 11.227868872725503 0.66332717384421347 -25.257807567383299 221.61660080959081 -10.59852210284752 -3.6641606949488015
leaf_weight=294 315 500 1805 1105 595 608 11484 955 159 215 223 214 133 78 510 1760 487 375 55 174 370 561
leaf_count=294 315 500 1805 1105 595 608 11484 955 159 215 223 214 133 78 510 1760 487 375 55 174 370 561
internal_value=-0.000239915 -0.00236725 -0.000162417 -0.00109986 -9.77e-05 -0.000405286 8.48525e-05 -0.00112356 -6.21851e-05 0.000444758 0.0010973 0.00199237 -0.000414796 -0.000317648 -0.0015793 -0.000579906 0.000854429 0.000841934 0.00118364 0.00319295 0.000347314 0.000308636
internal_weight=22975 794 22181 1420 20761 7727 13034 1550 5922 2993 1704 1036 1289 668 669 2929 620 453 813 229 584 1169
internal_count=22975 794 22181 1420 20761 7727 13034 1550 5922 2993 1704 1036 1289 668 669 2929 620 453 813 229 584 1169
cat_boundaries=0 14 16 29 31 33 46 59 61 75 88 90 104 106 108 110 112 113 115 128
cat_threshold=16777224 1073741824 2181038080 268435472 268435976 2560 256 1073775616 4104 2147484161 2162688 16777224 10223744 16 2152731184 8196 266241 8470528 1073741952 69 16777216 536871232 512 402669568 32768 2052 545259536 12292 147458 137960640 65808 1046649700 175641 6291456 35926052 4097 128 671744 0 0 0 0 672002 184549536 270533120 14340 33620036 67108944 536870912 8704 3222372416 5120 0 65536 0 1076887632 1342181376 1705984 1024 2149064720 16768 3229663232 16779328 67108864 2097152 134217732 0 128 0 536872964 8425488 131072 2148040961 2214625289 1 33554432 67240976 0 0 9469952 4 0 8192 0 0 4096 2192 1536 35815680 33296 65536 0 0 0 256 1024 0 65536 1024 1078985736 0 1049616 16 6 37881856 521 4194340 163840 272767044 1544 536903684 34304 70 16388 68104 3221225472 2048 0 0 134217728 0 0 0 0 4096 0 524544 67141641
is_linear=0
shrinkage=0.045


Tree=277
num_leaves=23
num_cat=18
split_feature=0 3 0 0 0 3 5 0 3 0 0 5 3 2 0 3 0 3 5 0 5 3
split_gain=1.92777 0.939442 1.88048 1.59148 1.02896 1.21105 0.898922 0.642698 0.728291 0.807345 0.769673 0.612772 0.586185 0.573293 0.828407 0.722476 0.660535 0.62967 0.487608 0.46287 0.544025 0.451626
threshold=0 1 2 3 4 5 3.0677824455408698 6 7 8 9 3.7012257604091228 10 11 12 13 14 15 5.4094089116575796 16 6.4960202730614363 17
decision_type=9 9 9 9 9 9 10 9 9 9 9 10 9 9 9 9 9 9 10 9 8 9
left_child=12 2 -2 -3 5 -4 -7 8 9 -5 -10 -8 -1 -6 15 16 -15 18 -16 21 -21 -17
right_child=1 3 4 7 13 6 11 -9 10 -11 -12 -13 -14 14 17 19 -18 -19 -20 20 -22 -23
leaf_value=-1.7844358345077931 -15.825656209300535 -13.097155644360086 -13.227627006177139 8.7430523222092997 116.80135698116008 140.97697775663494 -14.515697506209309 0.21015572835153726 1.188260959395482 -7.2410212492121078 50.962412878350008 43.554616372651793 -7.6047160923224979 -30.654335326934358 -27.678746269777839 -31.241358927094922 3.9258675550382063 1.3271412468902417 7.6865081747353772 -52.77118724014354 45.633279431161853 5.3131029620448134
leaf_weight=239 976 1160 245 294 118 56 68 11086 428 547 562 304 437 408 1034 231 624 2847 245 807 37 222
leaf_count=239 976 1160 245 294 118 56 68 11086 428 547 562 304 437 408 1034 231 624 2847 245 807 37 222
internal_value=-0.000243832 -0.000171239 -0.000553074 5.20608e-05 -0.000301324 0.00135985 0.00278182 0.000195954 0.000974226 -5.27656e-06 0.00179641 0.00202139 -0.00259012 -0.000473577 -0.000532319 -0.0012091 -0.000310346 -0.000147899 -0.000972503 -0.00191482 -0.00254439 -0.000706453
internal_weight=22975 22299 8222 14077 7246 673 428 12917 1831 841 990 372 676 6573 6455 2329 1032 4126 1279 1297 844 453
internal_count=22975 22299 8222 14077 7246 673 428 12917 1831 841 990 372 676 6573 6455 2329 1032 4126 1279 1297 844 453
cat_boundaries=0 14 16 29 43 57 59 72 74 86 98 100 101 114 116 128 130 142 144
cat_threshold=16842780 1073741824 33554496 2415919120 3221225984 2049 256 1073775616 4096 2147483648 1075838976 8 1310848 16 778288996 11795 4194305 35651632 1 133 655372 64 512 16384 98304 1283 0 18913280 8480 33816640 0 1140854784 8768 16875584 1024 0 402653184 0 1076887552 69632 1187845 2113536 3 278528 67109888 67112960 8192 256 0 0 8192 2048 1073741824 67112960 1048577 67112960 2 2261092 2560 2151677953 35917840 2684354560 132 524292 50331652 640 0 1024 36864 131208 16779328 131361 1083195416 115072 2151677952 35651584 0 0 524292 33554432 512 0 0 0 0 16779264 2151677952 35651584 536870912 128 524292 50331648 0 0 0 4096 0 2048 1050160 24580 160 1075838976 8663104 536870912 0 419430400 536870916 0 0 536871940 8949760 50462864 268436368 1028 167940128 3088 2097152 4096 0 0 0 0 0 0 1028 36864 144 256 237113600 3072 2097152 4096 0 0 0 0 0 0 1024 36864 131216 256 536880640 8193
is_linear=0
shrinkage=0.045


Tree=278
num_leaves=23
num_cat=18
split_feature=0 3 0 3 0 3 0 0 5 3 0 3 3 3 0 1 0 5 5 5 0 3
split_gain=2.1403 1.0125 0.778267 1.17731 0.685755 0.643498 1.40404 1.06721 0.893721 0.867465 0.747111 0.722119 0.663669 0.660271 0.625868 0.558591 0.547681 0.499951 0.494299 0.471186 1.82137 1.77389
threshold=0 1 2 3 4 5 6 7 3.5694334999727624 8 9 10 11 12 13 14 15 4.0859410030639109 2.602003343538398 5.6365721362514982 16 17
decision_type=9 9 9 9 9 9 9 9 8 9 9 9 9 9 9 9 9 8 10 8 9 9
left_child=1 -1 3 -2 17 6 8 9 11 -7 13 -6 14 -8 -10 -12 -14 -4 -11 -9 21 -21
right_child=2 -3 4 -5 5 7 10 19 12 18 15 -13 16 -15 -16 -17 -18 -19 -20 20 -22 -23
leaf_value=-0.75645049236051742 -27.677789836470346 -11.012890772121887 0.36008964352707362 -0.61576171188993734 23.385372561061658 -22.434986614033612 0.1997598939373984 1.7878456865062373 57.012696973084239 -150.94988434069907 267.21703252322629 -116.84615983765173 -14.335147302390089 -22.895745082573885 -4.2179405511678345 -3.4563733203572546 40.240211043981681 375.06034047445485 0.78263016954149067 72.555279228915367 -35.219811584067756 -9.5609374352872454
leaf_weight=344 434 468 58 1038 104 578 355 9557 110 160 110 193 101 1014 383 4512 316 45 940 510 1045 600
leaf_count=344 434 468 58 1038 104 578 355 9557 110 160 110 193 101 1014 383 4512 316 45 940 510 1045 600
internal_value=-0.000216413 -0.00246845 -0.000132515 -0.00112803 -6.10792e-05 -8.03894e-05 -0.000423163 0.000104088 0.000970877 -0.000953256 -0.000705398 -0.00115886 0.00167763 -0.001626 0.00050792 -0.00042922 0.00296853 0.00340435 -0.000202339 0.000256396 -0.000344229 0.000922459
internal_weight=22975 812 22163 1472 20691 20588 7198 13390 1207 1678 5991 297 910 1369 493 4622 417 103 1100 11712 2155 1110
internal_count=22975 812 22163 1472 20691 20588 7198 13390 1207 1678 5991 297 910 1369 493 4622 417 103 1100 11712 2155 1110
cat_boundaries=0 14 16 29 31 43 45 58 72 74 87 89 91 93 106 107 120 133 135
cat_threshold=16842780 1073741888 2181038080 2415919120 2147484160 2049 256 268436480 4096 2147483649 1075970056 16777224 1310848 16 26740306 8196 262144 344064 1073741952 68 268435468 536870976 640 1207975936 98312 3588 536940560 12288 131072 139796104 76048 1 0 536870912 0 0 0 0 0 134217728 0 0 64 1046538788 265753 33554432 18875392 0 2105345 1048832 1028 0 0 0 11026432 285212672 1048592 18962 33558592 16909312 268435456 513 1074888768 5124 0 0 1024 11534352 0 269484032 11020290 5 17634306 167970 1080033280 109056052 4097 128 131072 0 0 40960 0 1073873154 167772192 2621572 32 16928 2048 174090272 512 136333312 262144 33554432 1024 0 0 0 1024 0 0 0 0 0 16 2048 32864 0 0 0 0 0 1024 0 0 0 0 0 16 2560 2129920 4 0 0 143130624 33554432 0 0 536870912 16392 16777344 2097280 2147516940 2149057610 24708
is_linear=0
shrinkage=0.045


Tree=279
num_leaves=23
num_cat=18
split_feature=0 0 3 3 0 0 3 0 3 5 0 3 0 0 5 3 3 3 5 5 3 0
split_gain=2.03435 0.77029 0.995703 0.66202 1.60849 1.58894 1.73955 0.955601 1.36429 0.723037 1.06962 0.837462 1.13533 1.11974 0.885417 0.69149 0.68492 0.613486 0.613379 0.86328 0.591541 0.590693
threshold=0 1 2 3 4 5 6 7 8 5.5432204948189954 9 10 11 12 4.4127799275304271 13 14 15 5.344720891341141 5.2176457913436556 16 17
decision_type=9 9 9 9 9 9 9 9 9 8 9 9 9 9 10 9 9 9 10 8 9 9
left_child=20 2 -2 4 15 6 -5 8 -7 11 -11 13 14 -9 -13 -3 -12 -16 19 -8 -1 -6
right_child=1 3 -4 5 21 7 18 9 -10 10 16 12 -14 -15 17 -17 -18 -19 -20 -21 -22 -23
leaf_value=13.959129252106001 -41.858088566637612 -2.1933590197458801 -0.42287672479401817 0.9638982813662097 2.6623716830299591 4.4588817146699773 16.082331831347915 -11.634756598654498 -66.439969758603439 -122.16527114983982 -25.537987425676128 50.472476314677834 1.9644432113085879 15.778446166982572 17.071235878988247 -29.404299980317973 4.695387511354876 -44.478591205239724 -0.22005140474386606 247.7849634475379 -4.1714010419053702 -1.3385744768523331
leaf_weight=136 457 976 896 1410 1044 696 397 2377 874 336 436 405 1627 1702 184 1152 921 111 87 37 545 6169
leaf_count=136 457 976 896 1410 1044 696 397 2377 874 336 436 405 1627 1702 184 1152 921 111 87 37 545 6169
internal_value=-0.000202704 -0.000127904 -0.00116374 -6.03504e-05 -0.000342084 0.000166637 0.00134097 -6.92604e-05 -0.00108091 0.000128158 -0.000698231 0.000346909 0.00102544 -4.29001e-05 0.00252809 -0.0014257 -0.000121623 0.000681817 0.00353752 0.00429358 -0.0026039 -2.05547e-05
internal_weight=22975 22294 1353 20941 9341 11600 1931 9669 1570 8099 1693 6406 2327 4079 700 2128 1357 295 521 434 681 7213
internal_count=22975 22294 1353 20941 9341 11600 1931 9669 1570 8099 1693 6406 2327 4079 700 2128 1357 295 521 434 681 7213
cat_boundaries=0 14 27 29 31 44 57 59 73 75 88 90 104 118 120 122 124 126 140
cat_threshold=16842776 1073741888 2248146944 2415919104 2147484160 2561 256 268436480 4096 2147483648 1075970056 8 262272 16 262145 2147827712 128 68 268435464 536871232 128 1073758272 65544 1541 536940560 12288 1179648 2287017600 92240 1868623716 166456 2155876352 100675632 1073745920 1 135921668 0 0 32768 32768 2228482 201326720 268435588 8196 2147483648 109064196 1610616832 128 134217988 50331652 512 32768 32768 131328 67108992 196 24832 9175184 94340 4243524 1024 0 16 16875584 1024 0 134283264 3072 1073741904 16777216 17858593 528898 4 2149056656 16514 0 32 1 0 0 0 0 8192 4 13107200 0 526080 17 2417496082 17541 1107296256 48 1 2097152 8912896 0 0 0 0 4194304 301989888 2150105088 2147516448 2 1073741824 48 1 2097664 8388608 0 0 0 0 2117642 310378496 2149582608 2214625324 3 704702720 552 1245184 69826 8781824 4098 65552 8196 16384 1024 0 8208 16842752 1028 0 134217728 3072 524288 16777216 17827888 4642 6
is_linear=0
shrinkage=0.045


Tree=280
num_leaves=23
num_cat=21
split_feature=0 0 3 3 0 0 3 0 0 0 3 0 3 3 2 0 0 3 3 5 1 0
split_gain=1.95238 0.748183 1.4123 0.667803 2.17527 1.38028 1.7816 1.051 0.925177 0.883824 0.882491 0.836456 0.733491 0.600037 0.574386 0.530866 0.527251 1.09857 0.923753 1.19496 0.794054 0.761339
threshold=0 1 2 3 4 5 6 7 8 9 10 11 12 13 14 15 16 17 18 6.9092530334720372 19 20
decision_type=9 9 9 9 9 9 9 9 9 9 9 9 9 9 9 9 9 9 9 10 9 9
left_child=13 2 -2 4 -3 6 7 -5 12 10 -7 -12 -6 -1 -4 -8 17 -11 19 21 -20 -18
right_child=1 3 14 5 8 9 15 -9 -10 16 11 -13 -14 -15 -16 -17 18 -19 20 -21 -22 -23
leaf_value=-1.0085104265323452 -31.365521950796694 -14.692723839033516 -1.1955323738495687 9.3394046069891203 -21.085924990837395 -37.086048370919912 27.071686957638558 46.888156332700852 -2.4098901045912373 14.885682776736379 10.991879695294889 -8.0966721594280067 7.495381114800634 -7.2576990884381738 46.773775967068019 -6.663500152296403 -20.768293393359997 -6.1867699881695906 20.834610441340775 90.558720420075318 0.744897746906929 2.2592909462506849
leaf_weight=252 478 1533 724 431 225 1228 325 416 3246 693 435 551 1338 436 198 828 1220 4069 1755 36 1622 936
leaf_count=252 478 1533 724 431 225 1228 325 416 3246 693 435 551 1338 436 198 828 1220 4069 1755 36 1622 936
internal_value=-0.000218372 -0.000144694 -0.00114731 -7.68708e-05 -0.000461757 9.11922e-05 0.00118539 0.00273981 1.02665e-05 -8.4217e-05 -0.000897575 0.000108215 0.000905713 -0.00255857 -0.000105997 2.70376e-05 9.093e-05 -0.00025639 0.000387833 -0.000330763 0.000853791 -0.000471271
internal_weight=22975 22287 1400 20887 6342 14545 2000 847 4809 12545 2214 986 1563 688 922 1153 10331 4762 5569 2192 3377 2156
internal_count=22975 22287 1400 20887 6342 14545 2000 847 4809 12545 2214 986 1563 688 922 1153 10331 4762 5569 2192 3377 2156
cat_boundaries=0 13 26 28 30 44 58 60 70 83 97 99 112 114 116 117 129 143 145 147 149 162
cat_threshold=16842776 1073741888 2248146944 2415919104 2147484160 2560 256 268436544 4096 2147483648 1075970056 8 1310848 262145 2147827712 4096 69 268435464 320 128 1073758208 98312 1541 69648 12292 131072 1213306402 83984 912423172 437802 35651584 58726400 1 2097152 688132 536870912 0 40960 536872960 1573120 402653184 18874496 20484 7 2113536 41949188 536871040 32768 1090519044 570425349 512 40960 2048 2304 134217728 16777440 4096 3 134546538 20865 2097152 6144 0 0 16777220 570425344 0 40960 0 256 3229614080 67109936 1610612736 8192 1048832 0 0 65536 1028 1075838984 33554464 1607936 2147527714 8392768 67108912 268435456 128 1048832 1024 0 65536 1028 1075855458 41943040 270008320 11044866 16 151062128 82196 4096 67108864 0 128 1048576 1024 0 0 1024 0 41943040 270008320 8421376 572522500 1024 10028562 4 21 0 8390656 0 0 0 570425348 512 8192 0 256 0 16777280 1077936128 2228224 0 0 134529024 0 0 134217728 0 85098520 335544320 2133761 2147492408 4 1098973320 320 3239642216 16768 52448 11316 0 16786432 0 2105344 9043968 0 0 0 536870912 4096 128 2147483648 67109888
is_linear=0
shrinkage=0.045


Tree=281
num_leaves=23
num_cat=16
split_feature=0 3 0 3 3 0 0 3 0 5 5 5 0 5 5 0 3 5 0 2 3 0
split_gain=2.00862 0.976533 0.707377 1.1387 0.414664 2.06108 1.14548 0.949602 0.91007 0.955333 0.95986 0.833595 0.753211 0.749152 0.964818 0.680778 1.26996 0.668645 0.637507 0.583425 0.719717 0.518082
threshold=0 1 2 3 4 5 6 7 8 3.3140206880897671 3.7012257604091228 4.4127799275304271 9 4.3241107269113215 4.0342014792848504 10 11 5.611299950786516 12 13 14 15
decision_type=9 9 9 9 9 9 9 9 9 8 8 8 9 10 8 9 9 10 9 9 9 9
left_child=1 -1 3 -2 5 21 7 12 9 -7 -11 -12 13 14 -6 16 18 -18 -8 20 -17 -4
right_child=2 -3 4 -5 6 8 15 -9 -10 10 11 -13 -14 -15 -16 19 17 -19 -20 -21 -22 -23
leaf_value=-0.89606319152636305 0.93472654510726727 -9.7460463007363227 -29.847879691036546 -8.985416115946407 116.13507546085791 -93.653097457433176 -10.858003187827208 -27.661897676682898 -0.51628886364432591 106.0850766287566 -37.286542759059465 36.440738725231689 -5.4039364330638069 -8.4794338370570621 281.64499084027926 -41.557143368352286 18.792361857930537 -33.529193345053422 1.4715938987357495 -0.055934141170932691 217.2836423735055 -11.139522687820863
leaf_weight=345 441 451 269 728 83 47 627 1560 3414 44 85 148 403 108 59 107 1015 104 304 11278 204 1151
leaf_count=345 441 451 269 728 83 47 627 1560 3414 44 85 148 403 108 59 107 1015 104 304 11278 204 1151
internal_value=-0.000224247 -0.00242822 -0.000143776 -0.0012155 -8.3485e-05 -0.000433463 3.06343e-05 -0.000916181 0.000122399 0.00235714 0.00343548 0.00224042 0.000521052 0.00240458 0.004625 0.00018493 0.000938408 0.00195358 -0.000291093 5.08135e-05 0.00193653 -0.00188548
internal_weight=22975 796 22179 1169 21010 5158 15852 2213 3738 324 277 233 653 250 142 13639 2050 1119 931 11589 311 1420
internal_count=22975 796 22179 1169 21010 5158 15852 2213 3738 324 277 233 653 250 142 13639 2050 1119 931 11589 311 1420
cat_boundaries=0 13 15 28 30 32 46 60 62 76 90 103 105 118 119 121 134
cat_threshold=16842760 8388672 2751463488 2415919120 2147484160 2564 256 268436480 4096 2147483648 1075838976 16777224 1310848 606768 24588 262161 2147565568 1073741952 516 1090519048 64 640 1073758208 98312 3589 8454144 6145 131072 34081360 102568 908201004 364058 41943040 100929536 1 0 277512196 1024 0 8192 536872964 5275664 167903360 32768 8197 4 1073790980 16908304 268435456 1 1065024 0 0 0 0 1092616288 268439608 2237952 524288 19 270546 135488 1073741824 16908304 0 1 0 0 0 0 0 0 32 8704 0 2 32768 131088 0 0 0 0 0 0 0 0 268435456 2097664 0 1 2155872256 1074008064 4096 41024 4 33554689 0 8192 4 37120 570556544 524384 2105379 1099023056 155905 2147483648 4096 4096 0 0 256 0 0 0 37120 33554560 32 2097185 96 142622722 20608 8388608 33816576 1 0 268959744 0 0 0 4 1081360 33685504 0 8192
is_linear=0
shrinkage=0.045


Tree=282
num_leaves=23
num_cat=17
split_feature=0 3 0 3 0 3 0 1 0 3 4 3 0 0 0 3 5 0 5 5 5 5
split_gain=1.76595 1.06541 0.666199 0.885635 0.587729 0.40269 2.11416 0.875751 0.822228 1.40648 0.783994 0.627339 2.07029 1.17698 0.579204 0.577073 0.697168 0.863865 0.905673 0.613757 0.568322 0.553811
threshold=0 1 2 3 4 5 6 7 8 9 10 11 12 13 14 15 4.8481086751891054 16 5.1029059508623904 2.602003343538398 1.8688348091416842 4.2835627800822236
decision_type=9 9 9 9 9 9 9 9 9 9 1 9 9 9 9 9 10 9 10 8 10 8
left_child=1 -1 3 -2 -4 6 21 10 9 -7 -8 12 -10 15 -11 16 19 -18 -19 20 -13 -6
right_child=2 -3 4 -5 5 8 7 -9 11 14 -12 13 -14 -15 -16 -17 17 18 -20 -21 -22 -23
leaf_value=-0.85468533891247223 -18.133273846693157 -8.8864180304491409 71.701548839393638 -0.56556149992350446 -8.535534823666282 -27.843532473119712 102.89967183950205 2.9922420261620934 -16.639361906644265 -4.6203109936945586 7.0893550883646368 -17.246622064651113 0.55909647330086498 3.1148788482119119 4.6079298288219039 -14.254727157672994 -1.5934751274738608 221.1192563984055 63.338977345559485 -18.335858372957468 15.311040150575696 -80.324787866839742
leaf_weight=382 343 434 116 758 283 1598 98 970 1580 270 108 62 2997 7538 683 2474 326 113 423 1145 44 230
leaf_count=382 343 434 116 758 283 1598 98 970 1580 270 108 62 2997 7538 683 2474 326 113 423 1145 44 230
internal_value=-0.00022033 -0.00226087 -0.000143905 -0.00121698 -8.71392e-05 -0.000105661 0.0005582 0.00160606 -0.000164211 -0.000914749 0.00421101 -4.90019e-05 -0.000497168 0.000120498 0.000452331 -0.000447163 9.95283e-05 0.00108333 0.00216788 -0.000578213 0.00266667 -0.00182572
internal_weight=22975 816 22159 1101 21058 20942 1689 1176 19253 2551 206 16702 4577 12125 953 4587 2113 862 536 1251 106 513
internal_count=22975 816 22159 1101 21058 20942 1689 1176 19253 2551 206 16702 4577 12125 953 4587 2113 862 536 1251 106 513
cat_boundaries=0 13 15 29 31 44 46 59 61 74 76 77 79 93 107 118 120 132
cat_threshold=16842760 1082130496 2214592576 2147483664 1073742336 2564 256 268436480 4096 2147483649 1075970048 16777224 1310848 9519666 90124 262161 2147565568 1073746048 268436036 16777224 64 640 1073758208 65544 3588 545325056 4096 131072 1 2849181698 10264 0 0 0 0 0 0 0 0 134217728 0 0 64 8192 2424308096 320 32768 14336 1 0 524288 536870912 0 8192 0 1078464512 16777216 3179920 67144192 1097928 512 1107296260 48 805306369 129 268451840 1280 0 32768 32768 69337106 335548416 268566533 540932 1229013590 55956 4 576891936 500744 0 35786752 0 2097152 1703936 0 0 0 1028 1079038208 167772304 2150664832 1536 4 2153906176 67111940 0 32768 142639104 536870912 0 65600 0 25165928 134217760 524288 2157969466 18 33554432 0 536870913 0 0 256 0 0 0 18 268435456 1092161624 18560 0 1024 0 0 8388608 0 0 65536 0 8 134217728 524288
is_linear=0
shrinkage=0.045


Tree=283
num_leaves=23
num_cat=20
split_feature=0 3 0 0 3 5 3 0 0 3 0 0 3 0 2 3 5 0 3 0 4 0
split_gain=1.51851 1.14418 0.588723 0.579022 0.906857 0.404988 0.393703 2.11487 1.31504 1.25219 0.891267 0.664069 1.89655 0.652382 0.623688 0.669667 0.614112 0.608417 0.583552 0.726608 0.662578 0.689543
threshold=0 1 2 3 4 1.8688348091416842 5 6 7 8 9 10 11 12 13 14 4.2121001622835372 15 16 17 18 19
decision_type=9 9 9 9 9 10 9 9 9 9 9 9 9 9 9 9 8 9 9 9 1 9
left_child=1 2 -1 4 5 -2 7 -5 9 13 -9 12 17 -8 15 16 -12 -10 19 -13 -20 -22
right_child=3 -3 -4 6 -6 -7 8 10 11 -11 14 18 -14 -15 -16 -17 -18 -19 20 -21 21 -23
leaf_value=-20.598904726421264 101.71213864043837 -8.8193329380507972 10.365944594599283 -23.095195567991137 -5.2975931183323954 -0.14166616883876476 22.501309938002837 31.817462155383254 15.255398974110678 -17.734108561441825 4.1094762841727244 -55.464167425905323 -6.0282097682027267 -4.5778557149948567 -1.6378537339692429 11.619092586375544 341.33225469544254 106.94980912169063 -68.150880282794006 -0.95092047604429042 -1.8881912178478866 3.1457536573920994
leaf_weight=106 56 498 302 1104 723 295 400 1136 326 1884 71 793 835 571 1411 301 60 317 428 2055 4313 4990
leaf_count=106 56 498 302 1104 723 295 400 1136 326 1884 71 793 835 571 1411 301 60 317 428 2055 4313 4990
internal_value=-0.000196828 -0.0019902 -0.000192858 -0.000122074 -0.00113536 0.000731404 -6.96207e-05 0.000326373 -0.000165388 -0.00104378 0.000949347 1.37526e-05 0.000912079 0.00027009 0.000332344 0.00180405 0.00437412 0.00272748 -9.25672e-05 -0.000657693 7.34363e-05 0.000153304
internal_weight=22975 906 408 22069 1074 351 20995 4083 16912 2855 2979 14057 1478 971 1843 432 131 643 12579 2848 9731 9303
internal_count=22975 906 408 22069 1074 351 20995 4083 16912 2855 2979 14057 1478 971 1843 432 131 643 12579 2848 9731 9303
cat_boundaries=0 13 15 26 39 41 43 57 70 72 85 99 101 112 113 115 128 130 143 144 158
cat_threshold=65544 1082195968 2214592512 0 3221225992 2564 256 268469248 4104 2147484193 2293760 8 1319040 13664818 73756 65536 0 67108864 0 1073742336 0 256 0 4104 0 65536 12845073 2147500032 128 2415919684 16777216 320 640 1073758208 65536 1073742868 545259520 16781312 131072 50331664 217760 2425102464 4417 33587200 19007488 0 0 1081344 536870912 0 73728 536870916 6815744 0 1092864 24080 5 0 67371088 1610612737 129 134365188 1024 0 0 32768 75661314 301993984 270532609 11010309 590512388 393260 0 100668420 1610612736 2097280 276824064 0 0 0 1024 8552704 318771200 2149581312 2147483653 49156 131072 0 8192 65536 0 0 134225920 0 1591360 1140850728 10336 7170 4 150996498 100488 0 262160 1 1 134217728 0 0 0 0 8421378 4096 176 2155880448 256 0 0 0 8192 0 0 0 134217728 0 1589312 67108896 8192 3072 775028992 396296 2149580800 3108 0 2097152 1573120 0 0 0 4 4198400 16777232 2148007936 67108864 1 33558528 52437028 0 0 8388608 536875008 0 65536 527488 2097416 150994944 2148532756 2214593056 17
is_linear=0
shrinkage=0.045


Tree=284
num_leaves=23
num_cat=19
split_feature=0 3 0 3 5 0 3 0 3 0 0 0 3 0 3 3 0 5 4 3 5 0
split_gain=1.72353 1.04883 0.695002 1.04991 0.42281 0.402373 1.58399 1.01688 0.653677 2.08151 1.55377 0.830169 1.07103 0.791423 0.748622 0.674904 0.862621 0.633267 0.619708 0.762613 0.766233 0.720837
threshold=0 1 2 3 2.8617925509761908 4 5 6 7 8 9 10 11 12 13 14 15 6.176905692078182 16 17 4.6395599436855051 18
decision_type=9 9 9 9 8 9 9 9 9 9 9 9 9 9 9 9 9 8 1 9 8 9
left_child=1 4 3 -2 -1 6 7 -4 9 -7 15 12 -11 -12 18 16 -10 -18 19 20 -13 -20
right_child=2 -3 5 -5 -6 8 -8 -9 10 11 13 14 -14 -15 -16 -17 17 -19 21 -21 -22 -23
leaf_value=-10.405876339568488 2.3070666211730715 -6.8645545529045302 -0.90772797827274221 -5.3167674337224655 0.42509373749398566 -18.032834908017641 -10.575282214921849 83.566865857478021 29.498425333194454 52.698915668227585 12.223452115000004 320.15675875479201 1.161614328223366 3.2015242491930853 -4.8265158492224911 -11.343702799601738 -34.518774477410908 295.2775722354329 20.047714557789376 3.6555765880987146 -84.423014244888222 -3.1521533087180971
leaf_weight=44 450 498 265 820 308 2455 2139 227 699 396 371 106 816 7270 1463 2878 478 40 255 165 36 796
leaf_count=44 450 498 265 820 308 2455 2139 227 699 396 371 106 816 7270 1463 2878 478 40 255 165 36 796
internal_value=-0.000218372 -0.00219258 -0.00014128 -0.00115835 -0.000271979 -7.87139e-05 -0.000597617 0.00167857 -3.45578e-06 -0.00036554 0.000196884 0.000263658 0.00124265 0.000575656 -0.000160432 -0.000509497 0.000377135 -0.00100189 0.000597809 0.00237379 0.00461688 8.11955e-05
internal_weight=22975 850 22125 1270 352 20855 2631 492 18224 6488 11736 4033 1212 7641 2821 4095 1217 518 1358 307 142 1051
internal_count=22975 850 22125 1270 352 20855 2631 492 18224 6488 11736 4033 1212 7641 2821 4095 1217 518 1358 307 142 1051
cat_boundaries=0 13 15 29 31 45 47 59 61 74 88 102 104 117 119 121 134 135 137 150
cat_threshold=16842760 1073741888 2214592512 144 1073742344 2564 256 268469248 8 2147484193 2097152 16777224 1319040 5882130 139276 262161 2155954176 128 2415919684 0 320 640 1207975936 65536 134148 545259520 6144 131074 4 8389168 86176 32832 48 805306368 1 1097792 16778240 0 0 524288 1159774226 268439552 271187968 2097408 1 2451873984 394072 32768 32 0 0 32768 0 0 0 0 1073790978 0 2621440 309634376 453435 41943040 33960960 4097 2097152 402784256 0 0 0 536875012 524288 16973968 2148566020 53249 1080053764 83886084 1073741824 40960 2155872512 0 0 65536 1024 12582984 1107296256 17 75499532 18 2153795584 67108868 1073741824 8192 260 0 0 65600 1024 4194624 100663296 0 8 2 269485384 41729 0 131072 4096 0 268566528 0 0 0 4100 0 196664 64 524320 4228096 313616 3246919680 1216 1073741824 67108864 0 0 8388608 0 0 65536 1024 8 33554432 0 8388616 2 1024 18448 1073741824 2048 0 0 0 0 0 8192 0 8388608 0 128 2068
is_linear=0
shrinkage=0.045


Tree=285
num_leaves=23
num_cat=20
split_feature=0 0 3 3 0 0 4 0 3 0 3 5 2 5 0 2 0 3 0 0 0 0
split_gain=1.65208 0.818678 1.06616 0.802989 0.558908 0.488853 0.429113 1.57107 0.655406 0.559032 2.06674 0.768266 0.812742 0.617437 0.812017 0.585055 0.614826 0.578874 2.45321 2.04098 1.29906 1.13027
threshold=0 1 2 3 4 5 6 7 8 9 10 2.249904835165133 11 3.7726948748059121 12 13 14 15 16 17 18 19
decision_type=9 9 9 9 9 9 1 9 9 9 9 10 9 10 9 9 9 9 9 9 9 9
left_child=3 2 -2 4 -1 -3 7 -7 -9 10 11 12 -8 14 -13 16 -15 18 -11 -19 -21 -20
right_child=1 5 -4 -5 -6 6 9 8 -10 17 -12 13 -14 15 -16 -17 -18 19 21 20 -22 -23
leaf_value=51.985293712472256 -11.196412396845044 44.702062533584254 -1.3930326063985929 -5.441890038582847 -1.9489884873297352 40.973864881356569 -1.1340811719092236 1.3667067610346659 -116.69011920012629 9.0529256020559643 -49.019099803623881 21.069138924030824 292.08041223157278 -3.6808413436631411 -112.36706745566245 -20.658944433721668 18.15951629869339 15.139122425599776 -50.050111317372725 -11.979168571170218 1.3090194508370558 -3.7000983355778962
leaf_weight=113 311 114 967 527 255 142 103 256 527 1690 1455 102 101 233 301 345 821 1602 704 1523 5698 5085
leaf_count=113 311 114 967 527 255 142 103 256 527 1690 1455 102 101 233 301 345 821 1602 704 1523 5698 5085
internal_value=-0.000226206 -0.000148697 -0.00124884 -0.0021086 -0.000450001 -8.04277e-05 -9.73924e-05 -0.00104369 -0.0018283 -5.30494e-05 -0.000571409 0.000365708 0.00297087 6.98437e-05 -0.00147778 0.00051713 0.00103846 5.7373e-05 -0.000233681 0.000304074 -1.92877e-05 -0.000674109
internal_weight=22975 22080 1278 895 368 20802 20688 925 783 19763 3461 2006 204 1802 403 1399 1054 16302 7479 8823 7221 5789
internal_count=22975 22080 1278 895 368 20802 20688 925 783 19763 3461 2006 204 1802 403 1399 1054 16302 7479 8823 7221 5789
cat_boundaries=0 13 27 29 31 44 58 59 72 74 88 90 91 104 105 119 121 135 148 162 175
cat_threshold=65544 1073741888 2214592512 268435584 131584 2565 256 33792 4096 2147483680 2228232 16777224 1843328 262161 2155954192 128 64 1342177280 320 512 1476411392 65544 134661 65536 4096 8519680 4 2857698370 10256 14205042 204804 0 64 0 128 131072 0 0 32768 0 0 0 0 1056768 0 0 4096 0 0 0 0 0 134217728 0 0 64 2097152 16 1 0 0 0 0 0 0 0 0 0 0 0 2415919232 1 16908328 4160 33591360 4 805306368 2147484160 1081408 553649152 0 0 524288 86016274 612368384 2149713920 32 1 2316570324 21229 35 0 4 0 0 0 536870912 0 0 0 32784 0 2048 32 70 4096 4 0 0 32768 536870912 0 0 0 32770 8388608 0 0 1 171322972 56667 2113536 117442560 1073741824 8212 17367044 33554432 128 0 0 1074810944 285212704 9857 67109120 2 3250585600 262176 0 2129920 264 0 0 0 1028 8 1107296400 1048836 21505 16388 119670784 0 8197 16859140 33554432 128 0 0 1074790464 285216768 9729 67109120 2 2155872256 262176 0 2097152 134217736 0 0 0 4 0 33554448 0 1
is_linear=0
shrinkage=0.045


Tree=286
num_leaves=23
num_cat=21
split_feature=0 3 0 3 0 0 4 0 3 3 0 0 3 3 0 3 1 3 0 3 3 5
split_gain=1.62411 0.772466 0.759565 1.56394 0.559796 0.438872 0.38333 1.40007 1.56596 1.1227 2.6647 1.60442 1.5084 1.04846 0.94433 0.908325 0.888812 0.908917 0.818419 0.774275 0.749562 1.29368
threshold=0 1 2 3 4 5 6 7 8 9 10 11 12 13 14 15 16 17 18 19 20 3.7012257604091228
decision_type=9 9 9 9 9 9 1 9 9 9 9 9 9 9 9 9 9 9 9 9 9 10
left_child=1 5 3 -2 -4 -1 7 13 -9 10 19 12 -11 -6 15 -13 17 -10 -12 -8 21 -18
right_child=2 -3 4 -5 6 -7 9 8 16 11 18 14 -14 -15 -16 -17 20 -19 -20 -21 -22 -23
leaf_value=28.690221364256942 1.0175659746661398 -5.2307320813255815 30.384570559880196 -16.175013538949852 8.0189761815892346 -3.183547661863507 20.5047240130414 -25.77035423942613 -21.690873845085481 34.027918228346891 -94.624075784378547 -48.431070865355096 1.445411851091954 -25.847126725151075 0.051453963127289261 -2.7749683531087372 -3.5721358335508802 579.79565953936049 -15.484110281310837 -1.4464280339557085 3.3159357055648018 107.3724223253231
leaf_weight=103 641 463 132 576 670 247 499 1073 105 220 577 625 970 1332 8089 811 300 289 1663 539 2553 498
leaf_count=103 641 463 132 576 670 247 499 1073 105 220 577 625 970 1332 8089 811 300 289 1663 539 2553 498
internal_value=-0.000183119 -0.00214364 -0.000109995 -0.00119732 -4.6167e-05 -0.000497239 -6.54753e-05 0.000211081 0.000626086 -0.000200323 -0.000927357 2.30715e-05 0.00157238 -0.000786496 -0.000172225 -0.00123066 0.00106002 0.00305911 -0.0017984 0.000951428 0.000814896 0.00201111
internal_weight=22975 813 22162 1217 20945 350 20813 6820 4818 13993 3278 10715 1190 2002 9525 1436 3745 394 2240 1038 3351 798
internal_count=22975 813 22162 1217 20945 350 20813 6820 4818 13993 3278 10715 1190 2002 9525 1436 3745 394 2240 1038 3351 798
cat_boundaries=0 14 16 30 32 45 58 59 73 75 77 91 104 106 108 121 123 125 127 140 142 144
cat_threshold=16842760 1073741888 67112960 2147483792 0 2052 256 33792 4096 2147483680 2228232 16777224 1319040 16 14270514 73740 8650753 2147565584 128 268436032 16908296 320 128 1342193664 65544 133637 8388608 6144 131072 4 8536604 209068 16384 0 0 0 0 0 0 0 134217728 0 0 64 32 0 64 0 0 0 4 0 32768 0 0 0 0 1056896 2 0 18883588 1 0 1130752 553648128 0 0 32772 67113986 352321536 2151186980 16388 2 46400274 280128 1277166788 166166 1073774592 25168928 0 4 8388608 0 0 0 3072 1073746178 32 2150662288 67109889 2 2181042192 270336 1073741824 0 1049092 570425344 0 0 32768 4194306 117440560 524292 16384 2182486016 8704 2291992258 2128 6324228 41945120 2684354560 32772 1073741888 5120 512 134283264 2048 1073774608 0 8240 2102528 59693578 640 134776004 256 2281717760 77824 2183139328 0 0 2097152 1605632 536871936 0 0 536870912 4751360 100663312 516 35328 67109952 131078 1208094724 14632
is_linear=0
shrinkage=0.045


Tree=287
num_leaves=23
num_cat=14
split_feature=0 3 0 3 5 0 0 0 0 5 5 5 5 5 5 0 3 0 5 3 3 2
split_gain=1.76593 0.904801 0.667472 0.825492 0.704182 0.528714 0.490438 0.488493 0.44989 0.314114 0.596 0.308446 0.487453 0.297408 0.515287 0.292874 1.34329 0.867304 0.667317 0.568984 0.559998 0.507984
threshold=0 1 2 3 5.8391860522696701 4 5 6 7 4.9663289649179552 4.0342014792848504 4.2972622671762819 4.4484992763719129 3.7012257604091228 2.9174053685313028 8 9 10 2.602003343538398 11 12 13
decision_type=9 9 9 9 10 9 9 9 9 8 10 10 10 10 10 9 9 9 8 9 9 9
left_child=1 7 3 8 6 -4 -5 13 -2 10 -10 -3 -13 14 -1 16 17 18 -7 -18 -20 -17
right_child=2 11 5 4 -6 15 -8 -9 9 -11 -12 12 -14 -15 -16 21 19 -19 20 -21 -22 -23
leaf_value=0.30847848276799222 -54.0720044175767 -23.294483466269 48.596206055402426 -5.4280406750292061 165.93907531912103 31.504872590162257 -22.370089590681555 -1.6441072594601935 1.4243230809765444 -1.2186441932759871 93.73601914109193 94.462683255426299 -4.3717666008082983 -2.9259372102995589 116.16559062210416 54.788544849768684 48.209633883021681 -25.436984442121183 4.4696961612310995 2.1034207415389341 -3.6093341480800802 -0.86240281577583933
leaf_weight=40 112 368 103 242 54 36 514 316 212 189 119 36 185 76 37 406 105 571 106 1192 318 17638
leaf_count=40 112 368 103 242 54 36 514 316 212 189 119 36 185 76 37 406 105 571 106 1192 318 17638
internal_value=-0.000183119 -0.00196823 -9.58331e-05 -0.00102751 -0.0019708 -2.9654e-05 -0.00235092 -0.000458421 0.000195651 0.000761277 0.00160811 -0.00313727 -0.00183632 0.00155454 0.00358861 -4.68025e-05 0.000426922 -0.000780921 0.000667372 0.00138541 0.000169013 -0.000108165
internal_weight=22975 1058 21917 1442 810 20475 756 469 632 520 331 589 221 153 77 20372 2328 1031 460 1297 424 18044
internal_count=22975 1058 21917 1442 810 20475 756 469 632 520 331 589 221 153 77 20372 2328 1031 460 1297 424 18044
cat_boundaries=0 14 16 30 32 44 56 69 80 94 96 110 111 113 114
cat_threshold=16842776 65600 2751467520 2149580932 1073742344 2048 256 33792 8 2147484161 2097152 8 9445504 16 9027632 205444 8388609 2147500032 128 268436032 180224 1344 512 1342193664 98304 1140852740 545259520 6148 131072 4 2315272376 147620 4096 0 0 0 0 0 0 0 134217728 16 0 64 8388608 0 0 512 0 64 512 16384 65536 1073741824 545259520 4 0 65600 0 2097152 8 0 0 32768 0 0 0 0 8192 8388608 0 0 512 0 0 512 16384 65536 0 545259520 2185248768 262144 1073741824 40960 268959744 33554432 0 134217792 0 528672 40 2621440 558080 2 12158624 43884 2181054464 0 0 32768 268435456 0 0 134217792 0 0 0 2097152 33792 2 1074006336 1056 2568 160
is_linear=0
shrinkage=0.045


Tree=288
num_leaves=23
num_cat=19
split_feature=0 3 0 3 3 2 0 3 3 0 3 0 0 0 3 3 5 5 0 2 2 5
split_gain=1.78927 0.760717 0.544914 1.09457 0.570024 0.461104 0.698988 0.896182 0.450867 0.591975 0.404017 1.72314 0.785047 0.771465 1.18856 0.612284 0.548786 0.707832 0.475605 0.934536 0.811493 0.787555
threshold=0 1 2 3 4 5 6 7 8 9 10 11 12 13 14 15 4.6774800307930642 4.1190041246092024 16 17 18 2.3502401828962087
decision_type=9 9 9 9 9 9 9 9 9 9 9 9 9 9 9 9 10 8 9 9 9 8
left_child=1 -1 3 -2 -5 -4 7 -7 -9 -10 11 -8 15 14 -12 -13 17 -17 19 21 -20 -16
right_child=2 -3 5 4 -6 6 10 8 9 -11 13 12 -14 -15 18 16 -18 -19 20 -21 -22 -23
leaf_value=-1.4334774999883437 -20.937770077721371 -5.7645119592623661 84.242134299939693 50.744832636291548 1.380840311157127 1.5026709836059113 -23.962896930527915 -21.396025212880083 -50.320758093263663 -1.8898795991362729 -25.334078515260938 -0.12079504556565898 -1.1438004567746629 0.56183510532856373 112.91815968806084 124.67679327681611 78.164854720377093 130.93119984758241 -23.655131763659877 256.32533773709156 8.5993076962519304 -3.5949527731251725
leaf_weight=453 210 488 310 102 1257 590 1138 263 281 748 972 131 1764 12228 48 78 47 36 392 140 303 996
leaf_count=453 210 488 310 102 1257 590 1138 263 281 748 972 131 1764 12228 48 78 47 36 392 140 303 996
internal_value=-0.000173327 -0.00208237 -9.06298e-05 0.00071442 0.0011849 -0.000152733 -0.000179626 -0.00100264 -0.00166334 -0.00120605 -9.42587e-05 -0.000553027 0.000226305 3.27903e-06 -0.00066172 0.00233881 0.00413584 0.00605172 2.37863e-06 0.00054933 -0.000922915 6.81808e-05
internal_weight=22975 941 22034 1569 1359 20465 20155 1882 1292 1029 18273 3194 2056 15079 2851 292 161 114 1879 1184 695 1044
internal_count=22975 941 22034 1569 1359 20465 20155 1882 1292 1029 18273 3194 2056 15079 2851 292 161 114 1879 1184 695 1044
cat_boundaries=0 14 16 29 31 33 34 48 50 52 66 68 82 94 107 109 111 123 124 125
cat_threshold=65560 2147549248 2214596608 268435584 1073741832 2304 768 50240 36872 2147484160 2097152 0 9961600 16 2156463120 91044 37765120 262144 1073741824 8192 0 33554432 0 134217728 134217728 4384 32 2621504 164864 540120064 8704 270658 16 32 262145 2113568 129 2097732 16384 1088 0 1342177280 4 1140853781 545259520 4100 8192 4 35701632 233696 1313824 2328 1 2097152 0 2097668 16384 0 0 1342177280 0 4 8388608 0 0 4 572549444 198659 3231711232 25169924 0 1 143687936 536870912 0 8192 536873984 4227072 128 2048 67131429 1 0 67109888 0 0 0 0 0 65536 0 524288 4112 8704 16781376 142336 805306368 0 16810560 1 0 65536 524288 671816 33624080 41473 2097152 3423868032 292608 64 198656 0 141312 0 0 32832 0 0 65536 0 655368 65536 40960 22 5
is_linear=0
shrinkage=0.045


Tree=289
num_leaves=23
num_cat=17
split_feature=0 0 3 3 5 3 0 0 3 0 3 0 5 3 0 0 1 5 1 5 5 2
split_gain=1.61983 0.676653 0.741775 0.639531 0.534767 0.470958 2.24377 1.30047 1.08668 1.02119 0.943728 0.723062 0.951605 0.788811 0.821641 0.683712 0.637585 0.636078 0.893894 2.09358 0.719579 0.578231
threshold=0 1 2 3 2.602003343538398 4 5 6 7 8 9 10 2.9174053685313028 11 12 13 14 4.4248287033199567 15 5.0336952619030333 3.5972184255501678 16
decision_type=9 9 9 9 10 9 9 9 9 9 9 9 10 9 9 9 9 10 9 10 10 9
left_child=3 2 -2 -1 -4 6 -3 8 -7 10 16 12 -9 21 -15 -10 -8 20 -19 -20 -16 -14
right_child=1 5 4 -5 -6 7 9 11 15 -11 -12 -13 13 14 17 -17 -18 18 19 -21 -22 -23
leaf_value=-0.78012507908154261 -20.127892733827451 -21.757663323577173 37.024898175219626 -7.18423073685425 1.2521848768931514 -58.649064699689262 -24.092521802554668 -10.377912968267058 43.659690030124736 -2.4415811780971119 25.131813378593538 0.032806878246248006 15.509440050277989 2.1627811146648135 39.490345264767058 -19.131232488509294 23.650280118906888 19.265189251921246 319.12086876429436 61.305672219641934 0.073085211875237144 -1.5743599842475462
leaf_weight=347 106 1387 62 624 369 1009 476 376 398 3310 1040 10596 403 416 101 338 148 224 49 62 220 914
leaf_count=347 106 1387 62 624 369 1009 476 376 398 3310 1040 10596 403 416 101 338 148 224 49 62 220 914
internal_value=-0.000140032 -6.00937e-05 0.0015 -0.00192726 0.00232618 -9.99359e-05 -0.00042437 3.69086e-05 -0.00111412 2.34646e-05 0.000928997 0.000188102 0.000834533 0.00116876 0.00206734 0.000204544 -0.000452831 0.00305838 0.00447329 0.00764634 0.00165789 0.000416477
internal_weight=22975 22004 537 971 431 21467 6361 15106 1745 4974 1664 13361 2765 2389 1072 736 624 656 335 111 321 1317
internal_count=22975 22004 537 971 431 21467 6361 15106 1745 4974 1664 13361 2765 2389 1072 736 624 656 335 111 321 1317
cat_boundaries=0 14 27 29 31 33 47 61 63 77 79 92 94 107 121 123 125 126
cat_threshold=65544 2147549184 67112960 268435648 1073774600 2304 768 268485696 36872 2147484161 2097152 8 1048704 16 16797696 262144 0 4 0 33554432 0 0 134217728 67109120 0 64 132128 4227584 17024 8392720 90916 794897476 11019 0 44183664 0 2097664 402784256 0 0 0 2048 17410 117571712 530564 24580 4 262228 1073741828 268435456 1 2165391360 1024 0 0 0 1075839048 268439568 268574753 2101506 3 3222557200 331812 3221258240 16778244 0 8192 17825792 0 0 0 0 1081081864 268439552 257 67115531 3 773851140 2049 33554432 10498112 2147483648 2130448 655936 4096 0 1073741824 0 20480 50462880 526464 57348 3498053784 184516 0 4096 0 0 655360 0 0 0 0 4096 0 2048 16384 262144 0 0 1 1048576 1024 0 0 0 8 4096 268435456 4096 1 12 68618 16 3584 18
is_linear=0
shrinkage=0.045


Tree=290
num_leaves=23
num_cat=19
split_feature=0 3 0 3 0 3 5 5 5 0 3 0 0 0 0 3 2 3 0 3 1 3
split_gain=1.86812 1.54219 0.761389 0.901007 0.652705 1.0751 0.507802 0.833193 0.447403 0.436176 0.40017 1.91752 1.39174 1.02009 0.861063 1.30759 0.694563 0.660493 0.743929 0.64308 0.613569 1.24532
threshold=0 1 2 3 4 5 3.9219243190762363 3.5114340430413216 4.2555875595453383 6 7 8 9 10 11 12 13 14 15 16 17 18
decision_type=9 9 9 9 9 9 8 10 8 9 9 9 9 9 9 9 9 9 9 9 9 9
left_child=1 6 3 8 5 -4 7 -1 -2 -8 11 -6 19 16 15 -14 -13 18 -18 -12 -15 -22
right_child=2 -3 4 -5 10 -7 9 -9 -10 -11 12 13 14 20 -16 -17 17 -19 -20 -21 21 -23
leaf_value=-0.10680667305418709 39.038702381581842 -13.357554827758232 2.5235427114850073 0.35112073813756955 -12.650851859571675 -22.61347702880548 9.1389405809550617 130.97912393993431 2.7494342740681059 -21.209272554252784 -25.65763072037311 12.511908437890716 83.005463856901883 1.4416325794446048 0.71048163063566716 1.6207952035351738 -57.841041087673453 -25.718576295711166 26.048963859372208 -1.0379913850784397 -1.3864774272723221 54.557765554932168
leaf_weight=130 71 603 495 466 1683 808 110 46 67 199 1221 387 213 2673 8610 1209 231 1461 525 1142 312 313
leaf_count=130 71 603 495 466 1683 808 110 46 67 199 1221 387 213 2673 8610 1209 231 1461 525 1142 312 313
internal_value=-0.000145908 -0.00195546 -5.48666e-05 0.00150487 -9.99541e-05 -0.0010711 -4.52727e-05 0.00187079 0.00456 -0.00114309 -3.60155e-05 -0.000293209 0.000121503 8.97859e-05 0.000353046 0.00137448 -0.000574542 -0.000882235 0.000199218 -0.000858317 0.0006145 0.00187206
internal_weight=22975 1088 21887 604 21283 1303 485 176 138 309 19980 7585 12395 5902 10032 1422 2604 2217 756 2363 3298 625
internal_count=22975 1088 21887 604 21283 1303 485 176 138 309 19980 7585 12395 5902 10032 1422 2604 2217 756 2363 3298 625
cat_boundaries=0 13 15 28 30 43 45 58 60 73 87 100 114 116 117 119 132 134 136 138
cat_threshold=65544 8454208 2214596608 270532753 1073742408 0 256 268469312 36872 2147484161 2097152 8 1048704 9246256 90884 2164281344 262144 0 4 0 33554432 0 134217728 134217728 256 131072 64 2098176 2164785218 2052 33816577 2147500032 128 2147483712 16826368 1344 512 16384 0 1140852756 545259520 12292 147458 2319696004 151688 8 8388672 0 1 0 0 0 32768 0 0 2097152 0 1048704 577089380 159497 16 35790896 1073741825 0 402784256 536870916 0 0 65540 168962 33554576 269484176 12289 2097156 16777220 805306368 8192 2148597764 4097 0 1073807360 0 18874440 69632 16777217 76022544 7 8388608 67115008 536870912 0 524544 4096 128 8192 536872960 1589248 1157627936 2148044544 2147485988 16 2097152 1 0 131072 16779268 0 0 67588 135168 184 270008368 12321 16 218103808 262162 16 33820416 17408 0 67108864 536870912 0 256 0 0 0 0 524288 0 768 2147483684 201474066 98420 1343754268 3594 4195360 141576
is_linear=0
shrinkage=0.045


Tree=291
num_leaves=23
num_cat=17
split_feature=0 0 3 0 3 0 0 0 5 0 3 3 5 2 0 3 5 5 0 2 0 5
split_gain=1.82145 0.8319 0.976304 0.71526 0.490353 2.09997 1.71027 1.05645 0.794804 0.783715 1.06357 0.763412 1.12187 0.75945 0.753535 0.894973 0.730977 0.689471 0.644768 0.639127 0.780607 1.42501
threshold=0 1 2 3 4 5 6 7 3.6505739029280164 8 9 10 4.7405652883788738 11 12 13 3.1567740231385479 4.3107766033702406 14 15 16 4.9308638091439496
decision_type=9 9 9 9 9 9 9 9 8 9 9 9 8 9 9 9 8 10 9 9 9 10
left_child=-1 2 -2 -3 5 8 -6 -7 -5 10 18 12 -10 17 15 -13 -15 -12 -8 20 -16 -22
right_child=1 3 -4 4 6 7 9 -9 11 -11 13 14 -14 16 19 -17 -18 -19 -20 -21 21 -23
leaf_value=-3.7860869999212521 2.3464602919261881 1.0352996630706321 -11.565470933829566 -7.7878638115130583 -10.016568389014278 -17.393654687163863 -74.256468376877095 -2.7511568511423947 121.00271405260261 1.1675729887458828 277.0151662187306 34.70904142287057 2.117922237638012 64.824415681466618 3.5157817257481256 -13.88439065103503 2.0154929037192741 129.45749108746219 2.0346145156107061 2.0137018942114313 254.55965230077996 20.359862815729642
leaf_weight=865 542 368 915 468 2422 1148 131 4771 51 8759 46 396 63 71 179 385 432 67 510 240 93 53
leaf_count=865 542 368 915 468 2422 1148 131 4771 51 8759 46 396 63 71 179 385 432 67 510 240 93 53
internal_value=-0.00016941 -8.95047e-05 -0.00112424 -1.58975e-05 -5.21024e-05 -0.000330387 0.000123613 -0.00075038 0.000955669 0.000383226 0.00142908 0.00147743 0.00485714 0.00275159 0.00113991 0.00022131 0.00189612 0.006012 0.000130933 0.00237868 0.00367211 0.00609494
internal_weight=22975 22110 1457 20653 20285 7847 12438 5919 1928 10016 1257 1460 114 616 1346 781 503 113 641 565 325 146
internal_count=22975 22110 1457 20653 20285 7847 12438 5919 1928 10016 1257 1460 114 616 1346 781 503 113 641 565 325 146
cat_boundaries=0 14 27 29 42 44 58 72 85 98 100 102 103 115 117 130 131 145
cat_threshold=65536 64 67108928 270532624 3221225984 2053 256 33856 36872 2147484193 2097160 8 1048704 16 33816577 2155954176 4224 65 32768 1344 512 268451840 65536 2052 69632 16789508 131074 549879844 24732 16793600 262144 0 4 8 33554432 128 0 134217728 256 0 64 2097152 644787780 323345 2101264 1028 0 0 9437440 0 0 134283264 0 14680128 335544352 3670657 8390672 3 2097164 1073741828 268435456 512 9519424 0 0 134283264 0 163920 805306496 2049 8923408 3 32768 16908304 536870913 8192 131072 536870912 0 0 2052 1075318786 167903248 32768 5152 2151710720 131088 0 0 131072 553648128 0 1073741824 2052 1052672 131088 268435488 36897 2155954186 69702 67108864 303104 16 0 1024 0 0 8388608 0 0 65536 0 14680064 67108864 1049216 541106692 16400 32768 0 0 0 0 0 0 0 0 1048576 0 0 4128 5 4096 0 0 0 256 0 0 0 0 0 32 0 2064 1
is_linear=0
shrinkage=0.045


Tree=292
num_leaves=23
num_cat=17
split_feature=0 0 3 3 0 0 3 0 0 3 0 3 4 5 4 3 5 0 5 5 5 3
split_gain=1.98136 0.828057 1.3325 0.840247 2.01758 1.55771 1.03465 1.00117 0.942432 0.88318 0.804948 0.812184 0.612436 0.560923 0.766611 0.554933 0.533637 1.23555 0.526696 0.638417 1.21705 0.523007
threshold=0 1 2 3 4 5 6 7 8 9 10 11 12 3.8393944990995772 13 14 5.2176457913436556 15 5.705446369702539 4.0859410030639109 4.2268071048866842 16
decision_type=9 9 9 9 9 9 9 9 9 9 9 9 1 10 1 9 10 9 8 10 10 9
left_child=15 2 -2 4 -3 6 7 -5 9 12 11 13 -7 -6 -15 -1 17 -13 19 -8 -21 -10
right_child=1 3 -4 5 10 8 18 -9 21 -11 -12 16 -14 14 -16 -17 -18 -19 -20 20 -22 -23
leaf_value=-1.9206856885904295 4.3009356686695872 -20.728731072416657 -18.609803869926001 1.9183236937563377 -94.084178084968258 -0.081577884292890979 -2.8370691457975363 29.73183312573201 2.8941681338042509 -3.4835743712942788 -1.4876638558893125 -4.0515974446711338 -83.431515892355364 271.69948228856799 -2.5626181297134387 -7.9801885474109628 94.596329457882419 62.239502638457779 -54.464334346090325 22.956847712542896 2.6936437805914761 -0.2510023231728839
leaf_weight=430 588 1527 879 260 210 181 305 211 4163 1538 3871 221 459 62 180 594 99 177 104 40 302 6574
leaf_count=430 588 1527 879 260 210 181 305 211 4163 1538 3871 221 459 62 180 594 99 177 104 40 302 6574
internal_value=-0.000179202 -8.83087e-05 -0.00111663 -1.40526e-05 -0.000443703 0.000179058 0.00170664 0.00334472 3.30692e-05 -0.000817809 9.31184e-06 0.00117534 -0.00220859 -0.000213363 0.0012541 -0.00210232 0.00241355 0.00171 0.000642856 0.0011302 0.0024593 0.00020639
internal_weight=22975 21951 1467 20484 6347 14137 1222 471 12915 2178 4820 949 640 452 242 1024 497 398 751 647 342 10737
internal_count=22975 21951 1467 20484 6347 14137 1222 471 12915 2178 4820 949 640 452 242 1024 497 398 751 647 342 10737
cat_boundaries=0 14 27 29 31 44 58 60 74 88 90 104 106 107 108 110 123 125
cat_threshold=65552 64 2214592576 270532624 3221225984 2053 256 134251520 36864 2147483649 2097160 268435465 9437312 16 33554433 2155954176 128 65 1081344 1344 512 268451840 65548 2564 69632 12292 2 2730983460 16524 643967744 323473 1077968896 137248 536870913 132 268566528 536870912 0 0 2048 1073877250 318767104 2097152 2147492901 2168471552 1074003968 4096 4 285343752 570425344 128 1073741824 2048 67113216 131088 64 131105 1 2299019364 131112 2147483648 0 4096 0 0 536870912 0 0 0 4096 0 0 1 1 2359304 35651588 0 40960 65856 16781312 0 65536 1024 19939376 536871040 1181696 18704 4 142935136 196640 2359296 69468164 0 8192 524544 4096 0 0 1024 2097152 67108896 1050752 34832 2 576858112 262272 2 2 5837906 25348 2097152 0 0 0 524544 0 0 0 0 2097152 32 0 34832 2425685186 69730
is_linear=0
shrinkage=0.045


Tree=293
num_leaves=23
num_cat=18
split_feature=0 0 3 3 0 0 0 3 1 2 5 3 0 3 0 3 1 5 5 3 0 5
split_gain=2.0299 0.817377 1.11556 0.676818 2.10798 1.40697 1.21159 0.865394 0.977172 0.843712 0.940157 0.810939 0.8002 0.833885 0.762776 0.645687 1.20051 0.847265 1.11613 0.640378 0.583286 0.582467
threshold=0 1 2 3 4 5 6 7 8 9 3.5114340430413216 10 11 12 13 14 15 2.8029010331479989 3.7726948748059121 16 17 4.5053345884235583
decision_type=9 9 9 9 9 9 9 9 9 9 10 9 9 9 9 9 9 10 10 9 9 10
left_child=-1 2 -2 4 -3 11 15 9 21 10 -8 -5 13 -7 19 16 -6 -18 -19 -12 -10 -9
right_child=1 3 -4 5 6 12 7 8 20 -11 14 -13 -14 -15 -16 -17 17 18 -20 -21 -22 -23
leaf_value=-4.0109599348211349 -22.541699023441552 -15.279246455119925 -0.95514849743182106 0.77142070311018829 -126.12927254771398 31.939732191431883 -1.9163177468448813 71.651149827186146 -36.274613317778915 -0.59743204055309107 -2.1178997488867868 -25.729799006375554 0.80953274461998914 0.12506558229566431 41.804117726289469 -17.881264923322529 -51.422455888133655 196.89658496570104 23.122812853638461 34.618785015247248 0.38216862669998997 -5.3772200389008598
leaf_weight=858 503 1520 909 798 142 1040 352 95 690 973 312 1513 8142 836 711 2038 36 58 259 193 957 40
leaf_count=858 503 1520 909 798 142 1040 352 95 690 973 312 1513 8142 836 711 2038 36 58 259 193 957 40
internal_value=-0.000185077 -0.000101068 -0.00114396 -2.93248e-05 -0.000341203 0.000182683 -3.93235e-06 0.000453632 -0.000306021 0.00098531 0.00162911 -0.000815541 0.000413658 0.00124894 0.00223153 -0.000783302 0.000665679 0.0020589 0.00286364 0.000826885 -0.000615733 0.00321428
internal_weight=22975 22117 1412 20705 8376 12329 6856 4323 1782 2541 1568 2311 10018 1876 1216 2533 495 353 317 505 1647 135
internal_count=22975 22117 1412 20705 8376 12329 6856 4323 1782 2541 1568 2311 10018 1876 1216 2533 495 353 317 505 1647 135
cat_boundaries=0 14 27 29 31 44 58 72 74 76 77 79 92 94 108 110 112 114 127
cat_threshold=65552 2147483712 100663360 270532624 3221225984 2053 256 402654208 4096 2147483649 2228232 8 1179776 16 33554433 81920 128 2147483717 286294016 320 512 16384 32776 2564 813760512 12289 8388610 688997968 106512 661531204 307097 20971520 8521764 3758096384 8192 671748 536870912 0 0 2048 1073742850 1308622864 32896 2147508260 262152 262144 1 32768 134283584 16782336 128 73728 1024 163928 4096 18350116 6912 4 2158018560 50344976 4097 512 0 16778240 0 32768 536870916 9977872 128 2415921664 67109888 4 88744000 42120 1073741888 68 5 3364929792 131136 2164277248 1082136576 3221229568 8704 671756 536870912 0 64 2048 1073742848 1275068448 64 2129956 2551252234 86020 0 2097152 0 0 134217984 0 0 0 0 6328320 16777216 1048832 520 1 35916288 1 4 2089 4726848 128 1073741824 67108864 0 0 0 0 0 73728 0 8 0 272 36873
is_linear=0
shrinkage=0.045


Tree=294
num_leaves=23
num_cat=16
split_feature=0 0 3 3 3 0 0 0 0 5 0 3 3 5 5 0 5 3 5 3 0 5
split_gain=1.96632 0.908824 1.22076 0.735292 0.670252 2.2803 1.42062 0.940369 0.852342 0.941266 1.42919 1.26221 0.917683 0.846603 0.841772 1.09201 0.940777 0.822904 0.810908 0.809761 0.742448 0.741207
threshold=0 1 2 3 4 5 6 7 8 4.3502571242716384 9 10 11 5.611299950786516 5.6365721362514982 12 5.2176457913436556 13 4.5053345884235583 14 15 6.176905692078182
decision_type=9 9 9 9 9 9 9 9 9 8 9 9 9 10 8 9 10 9 10 9 9 8
left_child=3 2 -2 -1 5 17 19 13 -7 20 11 21 -12 -8 15 -14 18 -3 -17 -6 -10 -11
right_child=1 4 -4 -5 6 8 7 -9 9 10 12 -13 14 -15 -16 16 -18 -19 -20 -21 -22 -23
leaf_value=-0.94258014995019113 -18.657017772318635 -1.1157517620611992 -0.49522873153366453 -12.003266883865367 4.711280819840546 -6.0154606165904738 7.2761994988125496 0.58315813552541074 17.56088437247665 6.6843257271755316 1.1838681991852136 -24.277507943867469 1.7012058495955669 -39.719032883521898 2.471112306267929 247.56004044164655 249.61994906575362 -51.539723647157295 93.882683266984429 -17.798916061511537 -15.475848204451637 57.422690489792181
leaf_weight=399 659 413 869 493 217 2715 1873 8165 387 545 334 676 112 198 192 61 61 1018 143 1791 1486 168
leaf_count=399 659 413 869 493 217 2715 1873 8165 387 545 334 676 112 198 192 61 61 1018 143 1791 1486 168
internal_value=-0.000192911 -0.000108555 -0.00116299 -0.00225 -2.95387e-05 -0.000341164 0.000182114 0.000396954 -1.07102e-09 0.000403997 0.00101613 9.95707e-05 0.00239508 0.00125084 0.00349311 0.00478496 0.00625451 -0.00196778 0.00493689 -0.000908912 -0.000343201 0.00140896
internal_weight=22975 22083 1528 892 20555 8311 12244 10236 6880 4165 2292 1389 903 2071 569 377 265 1431 204 2008 1873 713
internal_count=22975 22083 1528 892 20555 8311 12244 10236 6880 4165 2292 1389 903 2071 569 377 265 1431 204 2008 1873 713
cat_boundaries=0 14 27 29 31 33 46 60 73 87 100 102 104 116 118 119 132
cat_threshold=65552 1082130496 67108928 270532624 3221225984 2565 128 134251520 4096 2147483648 2228232 8 1179648 16 33554433 2181120000 1073741952 65 269516808 320 512 268435456 32776 133637 69632 12293 8388608 1225852658 242176 9963122 66060 926592516 314257 2172653568 132144 4096 132 16908288 0 0 1073741824 4 1074270466 369098768 285245440 2147484707 6307844 2359300 536870912 33280 16448 16782336 0 65536 0 4228176 553648128 32 2126608 1 1098907648 67247152 4096 132 17301504 0 0 1073758208 2052 1073746208 16 268959808 35 1074036736 16791556 1 512 540672 536870912 0 0 536872960 1048576 134217856 527760 67143812 4 0 67108864 0 0 142606592 0 0 8192 1024 12583936 16777216 2147483648 12808 286295556 641 553780736 528 2097152 0 0 0 0 0 0 0 0 2097160 0 3145728 604512260 264704 3221225888 2097152 0 0 8192 134217732 0 0 8192 1024 4195328 16777216 0 12800
is_linear=0
shrinkage=0.045


Tree=295
num_leaves=23
num_cat=19
split_feature=0 0 3 3 0 0 0 3 0 5 0 0 3 3 3 2 0 5 3 5 0 3
split_gain=2.15353 0.929353 1.07901 0.74815 1.98065 1.61129 0.985825 0.775137 0.745647 1.09673 1.17235 1.12337 1.19282 0.77402 0.722467 0.6584 1.21088 0.769259 0.615867 0.605811 0.578051 0.567316
threshold=0 1 2 3 4 5 6 7 8 4.3502571242716384 9 10 11 12 13 14 15 4.7492611597348082 16 1.4978661367769956 17 18
decision_type=9 9 9 9 9 9 9 9 9 8 9 9 9 9 9 9 9 8 9 10 9 9
left_child=-1 2 -2 4 14 -5 7 -7 18 11 13 -10 20 -11 -3 17 -17 -9 -6 -20 -13 -12
right_child=1 3 -4 5 8 6 -8 15 9 10 21 12 -14 -15 -16 16 -18 -19 19 -21 -22 -23
leaf_value=-4.8851170091230518 -11.431121446701734 1.4397891599586436 -0.60378618682726282 -11.31834207232902 -19.31168173281409 0.75516713670620228 0.56634139752793977 44.864680090527543 -50.319483015573802 -81.05231277585149 0.36359339719885281 3.7697979367143812 10.923816813644338 6.075119885903983 -53.794813262151138 9.5235944763193086 36.87858600996465 -28.393595857747918 143.83906016032492 -0.93084437938647646 -53.045777346457292 48.840713693468636
leaf_weight=882 470 117 800 2077 952 1017 7933 394 685 216 239 100 975 1067 1436 328 329 154 90 1661 309 744
leaf_count=882 470 117 800 2077 952 1017 7933 394 685 216 239 100 975 1067 1436 328 329 154 90 1661 309 744
internal_value=-0.000210538 -0.000122756 -0.00129875 -5.0325e-05 -0.000371906 0.000175677 0.000409412 0.00124485 -4.97883e-05 0.000315734 0.000999999 -0.000432401 0.000309455 9.38213e-05 -0.00182013 0.0020152 0.00297982 0.000819642 -0.000634808 -0.000130177 -0.00169953 0.00215729
internal_weight=22975 22093 1270 20823 8591 12232 10155 2222 7038 4335 2266 2069 1384 1283 1553 1205 657 548 2703 1751 409 983
internal_count=22975 22093 1270 20823 8591 12232 10155 2222 7038 4335 2266 2069 1384 1283 1553 1205 657 548 2703 1751 409 983
cat_boundaries=0 14 27 29 31 44 58 71 73 86 99 113 115 117 119 120 133 135 148 150
cat_threshold=16842752 1082130496 64 2418016400 2147484160 2561 384 134218752 4096 2147483648 1612709896 268435464 131072 16 33554448 33882112 1073741952 8257 1343258632 324 512 32832 32776 516 65536 4097 9437184 2853389890 463376 926461702 314257 1082130433 1072 67108864 4 16908288 0 0 1073741824 0 1141379331 100794368 41988 2147492002 2117636 2097156 536870912 33280 16448 5120 0 65536 0 4230224 285216768 2097184 28944 1 1082130432 7216 2214592512 4 16777216 0 0 1073758208 2052 1140855075 131120 525376 2149580834 1078267952 13384 262144 19017728 4096 512 134234116 16777216 0 0 536873988 1180672 402653232 2148010000 67111941 2147483648 67110916 1 0 8912896 0 0 8192 0 12582920 4096 1048960 21000 32768 0 536870913 0 524288 536871936 0 65536 65536 2113536 128 2097152 32776 7 2624000 295425 572532996 262401 536872964 262144 18 1073741824 4096 0 0 0 0 0 0 2048 1073742082 0 0 2147483648 656441604 278544 0 0 0 0 256 0 0 8192 0 32768 16777216 128 16 554705920 16
is_linear=0
shrinkage=0.045


Tree=296
num_leaves=23
num_cat=19
split_feature=0 0 3 3 3 0 0 3 0 3 5 0 3 5 3 0 0 0 3 1 5 3
split_gain=1.87933 0.841182 0.905246 0.724674 0.581262 1.36496 0.94797 0.854599 0.776917 1.04147 0.686246 0.816482 0.898297 0.761403 0.72153 0.600557 0.593193 0.583896 0.56217 0.545558 0.536525 0.473185
threshold=0 1 2 3 4 5 6 7 8 9 3.0201273556387074 10 11 6.4960202730614363 12 13 14 15 16 17 5.1387309967764621 18
decision_type=9 9 9 9 9 9 9 9 9 9 10 9 9 10 9 9 9 9 9 9 10 9
left_child=3 2 -2 -1 5 -3 7 -6 9 -8 21 12 13 16 19 -11 -12 18 -16 -13 -20 -7
right_child=1 4 -4 -5 6 10 8 -9 -10 15 11 14 -14 -15 17 -17 -18 -19 20 -21 -22 -23
leaf_value=-0.75405423777181335 -18.839904638478977 -10.058659073421266 -0.76096127503377919 -17.017091947387812 0.76721556630857746 -111.08310083345188 50.764705813646863 -32.198396467318105 0.56739677431092062 -87.601055069875784 -64.545622568036052 6.0991037268378463 -30.373610445087412 26.509977049568754 -46.696806302847548 3.4336904534196453 7.288953662778332 20.363740880568393 48.124341411499699 -3.5050740014383965 -75.060418681365405 -1.4172703061477672
leaf_weight=372 367 1695 1112 535 826 243 202 1022 12602 162 215 119 902 51 174 182 611 868 151 272 36 256
leaf_count=372 367 1695 1112 535 826 243 202 1022 12602 162 215 119 902 51 174 182 611 868 151 272 36 256
internal_value=-0.00019487 -0.000111686 -0.00114386 -0.00218879 -3.69168e-05 -0.000427923 0.000109141 -0.000841937 0.000243464 0.0018871 3.68276e-05 0.00026595 -0.000399499 0.000622609 0.000992646 0.000328651 0.000293477 0.00152659 -1.20654e-05 -0.000681142 0.00165075 -0.00151797
internal_weight=22975 22068 1479 907 20589 5593 14996 1848 13148 546 3898 3399 1779 877 1620 344 826 1229 361 391 187 499
internal_count=22975 22068 1479 907 20589 5593 14996 1848 13148 546 3898 3399 1779 877 1620 344 826 1229 361 391 187 499
cat_boundaries=0 14 28 30 32 34 47 61 63 76 78 91 93 95 108 121 133 135 137 139
cat_threshold=65536 1082130496 2147483712 2149580816 3221225984 2561 384 134251520 4096 2147483648 1612709896 8 9437184 16 33554449 35733504 128 68 286294016 320 512 268451840 32776 516 69632 4097 147458 4 134677570 113152 9963122 772 641247812 428561 3229614080 16914452 0 0 134889472 536871936 0 73728 4 525314 134217888 33536 2214598688 36928 262176 67112960 268436096 65600 5120 0 0 0 163920 352452608 1581076 2621440 1 3229630514 69728 3246391296 2147483648 0 0 16392 16777216 0 1073741888 4 33 32 96 4096 159536128 136 2363392 0 1610612736 8192 4 4 0 0 536872960 7340040 369098752 2149583888 42509 34613824 164353 36702208 33281 1073741824 0 0 0 0 0 0 0 4 0 0 32 4096 0 0 0 0 0 0 0 0 536870912 0 301989888 2097168 9221 32768 67117088 1 0 0 0 0 0 0 1073905728 16 524292 33284 262160 308 16 34079232 426496
is_linear=0
shrinkage=0.045


Tree=297
num_leaves=23
num_cat=21
split_feature=0 0 3 3 4 3 0 0 3 1 0 3 5 2 1 0 0 3 3 3 0 0
split_gain=1.86804 0.889815 0.964267 0.758488 0.552161 0.512317 1.10262 0.726146 1.4264 0.567539 0.554986 0.498844 0.530284 0.489739 1.43911 0.98715 0.928104 1.36386 0.895717 0.807353 1.55466 0.98247
threshold=0 1 2 3 4 5 6 7 8 9 10 11 2.524928003624769 12 13 14 15 16 17 18 19 20
decision_type=9 9 9 9 1 9 9 9 9 9 9 9 10 9 9 9 9 9 9 9 9 9
left_child=3 2 -2 4 -1 6 11 8 -7 -8 -9 -3 -13 16 15 -15 17 -12 -17 20 -18 -21
right_child=1 5 -4 -5 -6 7 9 10 -10 -11 13 12 -14 14 -16 18 19 -19 -20 21 -22 -23
leaf_value=74.683751356850721 -0.74382178308779934 -39.391879348762124 -16.416286872955695 -11.211131433347102 -5.510782613713177 -28.113406990894756 -1.0188775959726062 11.436853236738237 1.4161374680197523 -10.625608601057547 24.213969336526137 -102.15948177858117 8.3284346054730616 52.508509717134146 -83.350519947663287 6.4341580637828599 20.861199954398852 -0.043833333318310387 -9.0473638176198747 -16.961387225940285 0.59220332226078665 0.36560281603371197
leaf_weight=78 896 161 579 556 159 1218 756 127 1400 991 810 60 735 283 539 982 258 807 1137 806 1183 8454
leaf_count=78 896 161 579 556 159 1218 756 127 1400 991 810 60 735 283 539 982 258 807 1137 806 1183 8454
internal_value=-0.000179202 -0.000101785 -0.0011651 -0.0023087 -0.000126507 -2.54125e-05 -0.000601659 6.14443e-05 -0.000629659 -0.00127146 0.000179438 0.000622933 0.00108736 0.000153525 -0.000367255 0.000108118 0.000278101 0.001279 -0.000230175 0.000125594 0.00111184 -2.9121e-05
internal_weight=22975 22182 1475 793 237 20707 2703 18004 2618 1747 15386 956 795 15259 2941 2402 12318 1617 2119 10701 1441 9260
internal_count=22975 22182 1475 793 237 20707 2703 18004 2618 1747 15386 956 795 15259 2941 2402 12318 1617 2119 10701 1441 9260
cat_boundaries=0 14 27 29 31 32 34 48 62 64 66 78 80 81 83 95 108 110 112 114 127 140
cat_threshold=16842752 3221225536 2147483648 2147491856 2147484232 2561 256 134251584 4096 2147483648 1612709896 8 9437184 16 41943057 44122112 128 2097220 286294016 64 512 268451840 8 516 8454144 12289 147458 13223984 86668 5767250 4 2 640682052 264705 32768 83895328 1 0 8388608 536870912 0 0 0 1082147072 134221840 3673600 36360 1 32840 131104 1879052288 268435456 4 1024 0 1073807360 128 17883218 268439552 131588 526592 1 159880714 33942 269484133 9226 4 262144 0 0 0 0 0 0 134217728 32 131072 64 2097156 1 53 528472 3124 0 0 0 1 0 0 0 0 0 0 48 2432 4456448 2048 67108864 0 1073873152 0 0 8192 0 67110920 16777216 17302528 9252 139190792 131228 3364086800 12384 1082462338 1090 1075838976 0 0 0 142606336 0 0 0 0 0 100663424 2097152 2214592512 3221225472 0 0 0 16384 33554432 0 0 32768 1073872896 176 2432 262272
is_linear=0
shrinkage=0.045


Tree=298
num_leaves=23
num_cat=19
split_feature=0 3 0 3 0 0 5 0 3 0 0 0 3 3 5 0 3 3 0 2 5 0
split_gain=1.84931 0.957141 0.703328 1.098 0.563211 0.53722 0.700583 0.421803 0.403855 2.01929 1.58525 1.21285 1.08871 0.93773 0.909449 0.961762 1.51739 0.934403 0.99011 0.80745 1.2865 0.778792
threshold=0 1 2 3 4 5 6.2519020269174783 6 7 8 9 10 11 12 1.4978661367769956 13 14 15 16 17 4.5695295849856103 18
decision_type=9 9 9 9 9 9 8 9 9 9 9 9 9 9 8 9 9 9 9 9 10 9
left_child=1 -1 3 5 -4 -2 -7 -5 9 12 13 -11 -6 -10 -12 16 -16 18 -17 20 -13 -19
right_child=2 -3 4 7 8 6 -8 -9 10 11 14 19 -14 -15 15 17 -18 21 -20 -21 -22 -23
leaf_value=1.5922084347463612 -21.354525784050718 -11.336984829395885 2.6576479297978342 3.549690000846518 3.914543563395914 0.65471351362162511 487.73391977384875 -17.91719993152611 -34.774630963446803 -2.8947220748226021 101.18380172816592 59.829798882813115 -43.506523953697666 -3.3581722727730354 7.8269190961297204 8.7425858228702626 -11.518181287052235 2.7392484337200624 -3.3669725859246773 2.2669796338667334 2.9631916934877829 26.817048977724909
leaf_weight=274 221 617 146 111 230 603 46 607 641 2872 249 35 1329 1802 1065 700 3182 1367 1880 3366 65 1567
leaf_count=274 221 617 146 111 230 603 46 607 641 2872 249 35 1329 1802 1065 700 3182 1367 1880 3366 65 1567
internal_value=-0.000151783 -0.00214784 -7.0059e-05 -0.000978751 8.76634e-07 0.00010204 0.000755672 -0.00226849 -1.98911e-05 -0.000271401 0.00013971 8.64556e-05 -0.00171579 -0.000885337 0.00039064 0.000322185 -0.000187017 0.000713354 8.68045e-05 0.000652098 0.00441964 0.00126171
internal_weight=22975 891 22084 1588 20496 870 649 718 20350 7897 12453 6338 1559 2443 10010 9761 4247 5514 2580 3466 100 2934
internal_count=22975 891 22084 1588 20496 870 649 718 20350 7897 12453 6338 1559 2443 10010 9761 4247 5514 2580 3466 100 2934
cat_boundaries=0 14 16 29 31 44 57 69 71 85 99 113 114 116 130 132 134 147 148 161
cat_threshold=33619968 1073807424 2147483648 2147483665 3221226048 2048 256 134218752 4104 2147484192 1612709896 9 9699328 16 13107202 140 12582929 8667136 536871040 270533184 17874944 320 512 16384 0 67110932 276824064 4224 147456 2177696290 220036 0 0 0 0 4 0 0 1073741824 134217728 0 0 64 128 8388625 0 536870912 0 16793600 256 512 16384 0 16 0 4096 131072 17 0 536870912 0 16384 0 0 16384 0 0 0 4096 909823054 404249 262144 50331648 4097 8320 524288 33554432 0 40960 34820 1573888 201457696 2164295712 2103298 2 2117696 2097204 268435456 32772 142606344 5 128 268435456 0 2097216 16777216 1581572 532740 5 3221225480 136192 67108864 0 0 536871936 0 65536 536870912 1077973250 65664 1040 2214627125 4 33557516 155263232 65570 2147778568 67248128 0 0 131328 536871936 0 65600 65536 1083211784 100667408 2097408 2147516952 2 3242275072 65568 3250598176 5280 1073741824 0 4097 128 268959744 0 0 0 35844 541952 134217728 16 4097 192 1073741824 33557504 0 0 268435456 50335744 0 0 536906756 4215040 134217728 1072 67112961
is_linear=0
shrinkage=0.045


Tree=299
num_leaves=23
num_cat=18
split_feature=0 0 0 3 3 3 5 5 5 3 5 3 4 0 3 0 3 0 3 0 3 0
split_gain=1.62455 0.804509 0.645375 0.86965 0.612084 0.596016 0.501712 0.802904 0.496466 0.904158 0.745484 0.615119 0.476984 1.34171 0.541087 0.513592 2.0171 0.82781 0.788993 1.05181 0.980588 0.661457
threshold=0 1 2 3 4 5 4.0689902272260703 5.310736838221497 4.1190041246092024 6 4.5485858369352732 7 8 9 10 11 12 13 14 15 16 17
decision_type=9 9 9 9 9 9 8 8 8 9 8 9 1 9 9 9 9 9 9 9 9 9
left_child=5 4 3 -3 -2 -1 -6 -8 11 -10 -11 -5 13 -4 -15 16 17 -14 19 20 -17 -20
right_child=1 2 12 8 6 -7 7 -9 9 10 -12 -13 15 14 -16 18 -18 -19 21 -21 -22 -23
leaf_value=-0.59221998351281313 -8.5645221745902269 -37.761750603442515 9.9688944986044721 3.7543431390680508 0.32708910343466691 -11.233963147719729 41.0075658703675 -0.095774345943623815 -2.586272881620947 69.722518787356805 38.161517305782439 -17.984709820508971 -0.92736863415634185 -5.1367177467355072 -156.77510585336501 11.971134875018311 2.1958888375319203 -80.237851082507447 -2.2435307563097413 0.25741546325379266 -28.931208197470863 2.1352391694025648
leaf_weight=321 101 477 229 126 116 663 82 39 301 73 192 401 313 315 353 112 1787 790 2760 3137 1276 9011
leaf_count=321 101 477 229 126 116 663 82 39 301 73 192 401 313 315 353 112 1787 790 2760 3137 1276 9011
internal_value=-0.000138074 -5.74705e-05 -9.20158e-05 -0.000967131 0.00208286 -0.00191566 0.00330723 0.00545122 -0.000256562 0.000665492 0.00251805 -0.00125047 -2.30665e-05 -0.00103615 -0.00203824 2.43892e-05 -0.000527224 -0.00203005 0.000122515 -0.000381861 -0.00140786 0.000316599
internal_weight=22975 21991 21653 1570 338 984 237 121 1093 566 265 527 20083 897 668 19186 2890 1103 16296 4525 1388 11771
internal_count=22975 21991 21653 1570 338 984 237 121 1093 566 265 527 20083 897 668 19186 2890 1103 16296 4525 1388 11771
cat_boundaries=0 13 26 39 41 43 45 47 49 50 63 65 79 81 95 97 110 112 126
cat_threshold=16842752 1082195968 64 16 3489661440 2048 256 134251520 6152 2147484161 1612709896 268435457 9453568 16384 0 4096 268435456 4 4 0 1073741824 134217728 256 0 64 131200 12582929 2147500032 1610612864 2149581376 1097728 64 640 268451840 65536 67108886 276824064 16781312 1024 706123882 139440 12582928 18436 34354 4 4210704 82444 4210688 66056 1 1107296256 0 0 0 0 0 0 0 0 0 0 2147483648 1 8520216 262208 33554504 50462836 268435456 8193 64 16782848 0 0 524416 17997856 32 2147614720 2359296 1 1699344490 444736 0 131108 0 0 0 1024 0 0 0 0 0 0 2097152 1 439750404 297811 2147483648 264192 0 0 131328 536870912 0 65536 32772 11015176 33689728 2656512 2147483655 4 322 1076101124 70259712 67108865 0 65536 257 0 8256 0 1077936192 201392128 8868 67113728 2
is_linear=0
shrinkage=0.045


Tree=300
num_leaves=23
num_cat=17
split_feature=0 3 0 0 5 5 0 3 5 5 2 4 0 3 5 0 3 0 0 3 0 3
split_gain=1.67612 0.880887 0.655218 0.630329 0.513364 0.511707 0.45437 1.23417 0.38196 0.682125 0.392518 0.354205 1.28614 1.69724 2.06721 1.75309 0.949346 2.36539 1.81547 1.03564 0.935786 0.886894
threshold=0 1 2 3 3.3842466058243152 4.3372693810700085 4 5 4.7833076179467886 3.5972184255501678 6 7 8 9 5.344720891341141 10 11 12 13 14 15 16
decision_type=9 9 9 9 10 10 9 9 10 8 9 1 9 9 10 9 9 9 9 9 9 9
left_child=1 2 4 -2 -1 -6 7 8 9 -5 -11 12 21 14 15 -14 17 19 -18 -13 -19 -8
right_child=3 -3 -4 6 5 -7 11 -9 -10 10 -12 16 13 -15 -16 -17 18 20 -20 -21 -22 -23
leaf_value=-19.471012061078572 7.8722119854132924 -18.713429809115773 -10.143114956566647 -17.740534422697124 20.205885045494021 1.2781675577918468 0.78768674088323998 -14.041669768525631 -24.550598116235584 32.742936491189724 0.81922468184469965 11.2666714318307 -2.2033892388503085 0.21650393057888034 510.66790031864866 67.097573839026353 -8.2697539461318232 -24.531034642411136 2.3909689837932371 -3.6378805404155412 -2.3036787450144067 -27.876555718470446
leaf_weight=67 112 522 334 136 58 86 1056 676 130 164 110 1309 845 2853 129 810 2017 1630 4846 996 3091 998
leaf_count=67 112 522 334 136 58 86 1056 676 130 164 110 1309 845 2853 129 810 2017 1630 4846 996 3091 998
internal_value=-9.10704e-05 -0.00182252 -0.000525136 -5.74925e-06 0.00139238 0.0029589 -2.39372e-05 -0.000864822 0.000733695 0.0014199 0.00270652 2.62227e-05 0.000295158 0.000709506 0.00179399 0.00137145 -0.000103341 -0.000470589 0.000272944 0.00070889 -0.0010468 -0.000640369
internal_weight=22975 1067 545 21908 211 144 21796 1216 540 410 274 20580 6691 4637 1784 1655 13889 7026 6863 2305 4721 2054
internal_count=22975 1067 545 21908 211 144 21796 1216 540 410 274 20580 6691 4637 1784 1655 13889 7026 6863 2305 4721 2054
cat_boundaries=0 14 16 29 41 54 56 57 58 72 74 87 89 103 117 119 133 135
cat_threshold=50397200 65536 2147483712 2149580816 512 0 896 134267904 4104 2147484161 1612709888 268439553 9437184 16 30934066 66188 33619984 65536 0 0 0 0 640 49152 0 0 1073741824 0 9437184 0 0 0 0 0 0 0 1073741824 134217728 131072 0 64 12582985 2155888704 805306496 640 1097728 64 0 0 524288 84934676 276824064 131072 2113792 37749282 162180 4 2 0 2110484 0 0 65792 553648128 0 0 4 34 83886208 2167964460 131076 3 1216582724 243864 2097152 67108896 1 0 134217728 0 0 65536 536870912 4718592 0 1040 2147485704 1219667140 441246 1073872896 67115024 4096 5 25165824 536870913 0 65536 1024 1082131520 4128 2166391056 4129 3 2375680 100667440 0 32769 3229614080 4352 0 65536 3072 1073742088 4096 9488 4129 1 8397892 405518 2101248 2490400 1073741824 8192 268959744 1024 0 0 536903680 4751360 100663296 1051268 3728 4 3383691138 135236
is_linear=0
shrinkage=0.045


Tree=301
num_leaves=23
num_cat=18
split_feature=0 0 0 3 0 3 5 0 5 3 3 3 0 0 3 3 5 0 5 3 0 2
split_gain=1.59105 0.767273 0.715524 1.52692 0.462208 0.662308 0.49021 0.440942 0.435583 0.433597 0.366329 0.349883 1.56309 1.19696 1.21496 1.186 0.988985 0.932914 0.866048 0.738078 0.678829 0.674574
threshold=0 1 2 3 4 5 4.5271940351011493 6 4.2555875595453383 7 8 9 10 11 12 13 5.3821962081647756 14 4.516324041782946 15 16 17
decision_type=9 9 9 9 9 9 8 9 10 9 9 9 9 9 9 9 8 9 10 9 9 9
left_child=9 -2 3 4 8 -6 -7 -5 -3 -1 -9 13 15 14 -4 -13 18 19 -17 -14 -15 -19
right_child=1 2 11 7 5 6 -8 10 -10 -11 -12 12 17 20 -16 16 -18 21 -20 -21 -22 -23
leaf_value=2.009784680783246 12.826766186465884 3.5811799547607315 -20.765616893618489 -47.185961155921092 -2.4509243179156162 12.638980608164998 -7.848092879309247 -69.470966855688062 30.308394082597847 -8.6056607189555816 -3.1443220917567833 0.85191685927700722 -5.1925500271600527 -10.534260067922274 8.3022423302332928 4.9342085244390965 -2.7905741545337999 335.42235988345988 25.370076917215393 -60.426262597438864 -1.2492466536727715 0.25902734197456978
leaf_weight=115 106 149 223 344 219 140 101 105 111 701 605 1258 991 1509 1568 394 130 107 179 544 6303 7073
leaf_count=115 106 149 223 344 219 140 101 105 111 701 605 1258 991 1509 1568 394 130 107 179 544 6303 7073
internal_value=-0.000106738 -3.43026e-05 -5.36381e-05 -0.000917134 0.000676228 -0.000190679 0.00140514 -0.00200094 0.00215073 -0.00204348 -0.00130887 2.2398e-05 0.000199569 -0.000174572 0.000871047 0.00134338 0.00281329 -5.92998e-05 0.00365478 -0.00106173 -0.000415262 0.000156423
internal_weight=22975 22159 22053 1774 720 460 241 1054 260 816 710 20279 10676 9603 1791 1961 703 8715 573 1535 7812 7180
internal_count=22975 22159 22053 1774 720 460 241 1054 260 816 710 20279 10676 9603 1791 1961 703 8715 573 1535 7812 7180
cat_boundaries=0 13 27 41 43 56 58 71 73 75 77 90 104 106 108 122 124 137 138
cat_threshold=16842752 3221291008 33554432 2147483664 1073742344 256 256 134251584 4104 2147484161 1612709888 16777217 9502720 0 0 0 0 0 0 0 0 134217728 131072 0 64 0 16 41943041 8404992 536870912 270532612 17874948 1088 640 1342193664 0 2068 310378496 4096 16384 4 1086374560 21128 33554433 0 0 2097152 1048576 1088 0 1073741824 0 2048 0 0 16384 12632064 640 33554433 0 0 2097152 1048580 64 0 1073741824 0 2052 8388608 0 16384 1024 4 34734152 65552 711120740 273306 1077973008 33566784 2147487745 576 268435456 570425344 0 0 99328 67145792 67108872 2623488 2098177 278528 67108864 0 129 8454144 4101 0 8192 2052 1084244992 16842784 1056800 14386 3 572522496 528 2508259344 53252 2147745864 67108880 0 32769 65600 16777221 0 73728 2052 1075838976 65536 8228 531090 1 2174222352 180292 4198416 33558624 2214592513 0 268435456 0 0 0 32768 322 131216 268961792 67108869 32
is_linear=0
shrinkage=0.045


Tree=302
num_leaves=23
num_cat=18
split_feature=0 0 3 0 0 3 5 0 3 0 0 3 5 0 3 5 3 3 3 0 5 0
split_gain=1.73306 0.681416 2.00086 0.986285 0.692205 0.662334 0.638345 0.581826 0.572674 1.7393 1.2162 1.68573 0.862478 0.875341 0.853346 0.774234 0.739285 0.688362 0.680874 0.655986 1.04725 0.643342
threshold=0 1 2 3 4 5 5.3589392201907193 6 7 8 9 10 2.9700856263602158 11 12 6.4960202730614363 13 14 15 16 3.3842466058243152 17
decision_type=9 9 9 9 9 9 10 9 9 9 9 9 8 9 9 10 9 9 9 9 8 9
left_child=5 2 3 -2 -4 7 -5 -1 9 17 11 -10 14 15 -11 16 -14 -3 19 20 -15 -18
right_child=1 8 4 6 -6 -7 -8 -9 10 12 -12 -13 13 18 -16 -17 21 -19 -20 -21 -22 -23
leaf_value=6.045356152547944 -17.259551993407591 -3.3053960646687472 1.1686687671663403 24.526107426248245 -11.865570320141133 -16.846022812688009 -79.496671194245693 -6.9447473876721615 -89.045473877449794 13.273518634439304 0.95355063385674921 0.92288843705345902 -18.355282698112653 150.28089416861727 -103.74402700262996 7.1107428778649151 -7.4559021587527541 -28.735866611819116 11.700492189661151 3.8733540362603605 -33.650796158877554 5.9586845443654264
leaf_weight=228 108 801 218 458 765 511 66 268 706 109 11684 1052 1068 36 320 52 432 1131 1588 680 286 408
leaf_count=228 108 801 218 458 765 511 66 268 706 109 11684 1052 1068 36 320 52 432 1131 1588 680 286 408
internal_value=-7.14856e-05 1.26923e-05 0.000898893 0.00285093 -0.000375378 -0.00188567 0.00366045 -0.000673229 -5.81155e-05 -0.000390655 0.000113051 -0.000986442 5.49979e-05 0.000237257 -0.00186891 -0.00047921 -0.000631415 -0.00153241 0.000778246 -0.000142013 -0.00177844 0.000369717
internal_weight=22975 21968 1615 632 983 1007 524 496 20353 6911 13442 1758 4979 4550 429 1960 1908 1932 2590 1002 322 840
internal_count=22975 21968 1615 632 983 1007 524 496 20353 6911 13442 1758 4979 4550 429 1960 1908 1932 2590 1002 322 840
cat_boundaries=0 14 27 29 42 55 57 70 72 85 99 101 115 117 119 121 123 137 151
cat_threshold=16842752 65536 0 2149580880 1073742336 260 896 134235136 4104 2147484160 1612709888 9 9519106 16 282693 1140850752 128 8704 0 570425344 0 1073741824 134283264 69386240 131104 268437568 140448 2316833602 112680 16384 64 0 0 0 0 0 0 0 131072 0 268435456 8192 16388 1073741824 0 0 0 33554432 0 1073741824 0 131072 0 268435456 8192 12617234 66188 65536 65536 0 2097152 0 0 640 16384 0 0 1075838976 0 1064962 774538568 371482 8388624 58857472 0 0 269484044 64 0 32768 2052 1576986 16 2150141952 69206528 1107296264 52 805306368 32769 2164506688 3072 0 0 0 1073741920 268435584 16785412 524548 1 17902100 161 35651584 2368512 1610612737 0 557312 1 0 73728 536871936 4195584 436211840 1152 34821 4 537003008 65536 100697160 10762 134218816 538 673317120 66322 0 32 0 0 8388608 0 0 0 0 0 16777216 768 16 1 2097152 2098176 0 0 32768 0 0 65536 536871936 256 33554432 1024 34820 4
is_linear=0
shrinkage=0.045


Tree=303
num_leaves=23
num_cat=18
split_feature=0 3 0 0 3 5 0 3 0 0 0 3 0 5 0 3 2 5 0 3 3 5
split_gain=1.41966 0.86166 0.47334 0.441144 1.78693 0.733801 0.550784 0.442816 2.79522 1.22282 0.902366 1.15649 0.63852 0.761272 0.601341 1.21837 1.00663 0.896795 0.583224 0.941132 0.519016 0.562155
threshold=0 1 2 3 4 2.524928003624769 5 6 7 8 9 10 11 4.6774800307930642 12 13 14 4.1971736807086968 15 16 17 4.8713658868283671
decision_type=9 9 9 9 9 8 9 9 9 9 9 9 9 10 9 9 9 8 9 9 9 10
left_child=1 -1 -2 4 5 -4 -7 8 -5 -10 11 18 -13 -14 15 16 -12 -18 19 -9 21 -20
right_child=2 -3 3 7 -6 6 -8 10 9 -11 14 12 13 -15 -16 -17 17 -19 20 -21 -22 -23
leaf_value=-0.65882682166885664 2.8169502477694119 -38.267732185005507 67.531807090311247 -51.597305836819928 -25.780545041061977 44.764678497869291 -0.50047837022107822 -3.3024791581683401 14.141931685678326 -1.1588226296939166 -2.0593868678430427 -50.135369043685017 -1.1526502972259316 37.388073145426638 0.66681147867690804 -27.87173921221304 -3.2141149460806169 250.0206639476186 -6.3507545878888063 56.00039617321665 7.7810777856478763 46.08732191400204
leaf_weight=490 128 549 42 938 832 108 329 115 1156 2429 624 209 342 104 11578 1848 139 241 193 237 221 123
leaf_count=490 128 549 42 938 832 108 329 115 1156 2429 624 209 342 104 11578 1848 139 241 193 237 221 123
internal_value=-4.99423e-05 -0.00166556 2.7473e-05 1.0723e-05 -0.000785715 0.00138391 0.000850796 6.20936e-05 -0.000330431 0.000243952 0.000173401 0.00120308 -0.000236133 0.000727073 6.23172e-05 -0.000521649 0.000735235 0.00252551 0.0022525 0.00368406 0.0012541 5.4877e-05
internal_weight=22975 1039 21936 21808 1311 479 437 20497 4523 3585 15974 1544 655 446 14430 2852 1004 380 889 352 537 316
internal_count=22975 1039 21936 21808 1311 479 437 20497 4523 3585 15974 1544 655 446 14430 2852 1004 380 889 352 537 316
cat_boundaries=0 13 15 29 42 44 55 57 71 85 98 100 112 126 128 129 141 143 144
cat_threshold=65536 65536 0 2097168 1049088 257 896 402653184 4104 2147486240 1612709896 4105 9519104 13141570 82564 16777216 0 0 0 0 0 0 0 134217728 131072 0 64 0 16 8392777 2147500068 268439552 2415919744 16448 16778304 0 0 524288 83886100 8388608 131072 2228608 2151695362 78100 8388616 16388 0 0 0 64 0 0 0 67108864 8388608 106964224 107410 4194304 44171264 0 4 402817028 536870912 0 0 536870912 8389634 285343744 17345028 512 5 3223584768 67110912 0 0 8388608 0 0 8192 1024 1078984704 134221856 1048832 47112 2 4210704 10485824 1073741952 68 268632068 570427396 0 49152 0 8404993 16908288 18884608 524288 2166145596 280584 4194320 2097152 0 0 0 0 0 32768 0 0 16908288 10240 35913732 1074006032 0 40961 3221225472 4608 0 1073741824 0 1078984768 4144 1048608 47114 2 1503039568 1024 133 4194320 2097152 1073741824 0 131072 4 0 49152 0 0 16908288 16787456 2164817924 16384 1589776
is_linear=0
shrinkage=0.045


Tree=304
num_leaves=23
num_cat=17
split_feature=0 0 3 3 0 3 5 1 5 5 5 5 3 0 3 0 0 3 0 3 0 3
split_gain=1.66514 0.7125 2.66924 0.638837 0.613862 1.23518 0.514427 0.45124 0.560846 0.560513 0.442279 0.421568 0.415015 0.412139 0.410999 1.76216 1.27473 1.19061 1.0692 1.08362 0.720064 1.45466
threshold=0 1 2 3 4 5 1.8688348091416842 6 3.6505739029280164 5.1269313471631675 3.0201273556387074 3.2384861814448418 7 8 9 10 11 12 13 14 15 16
decision_type=9 9 9 9 9 9 10 9 8 10 8 8 9 9 9 9 9 9 9 9 9 9
left_child=12 2 -2 -4 5 6 -3 -5 -9 -10 -7 -12 -1 -14 15 -6 17 -16 19 -17 21 -18
right_child=1 4 3 7 14 10 -8 8 9 -11 11 -13 13 -15 16 18 20 -19 -20 -21 -22 -23
leaf_value=-2.431380035502154 -3.7454308656538546 106.68319733519679 3.074925850378206 -7.3745510062762794 -12.459355334121335 -144.53245469577462 3.4716734862373055 -0.35706850877417118 12.450760501133709 -11.368761385638845 6.0872609262962136 -13.580802434575645 -2.3435828417329989 -50.836468828641671 -27.336723769262711 96.60856078101456 -0.22531835099091388 -0.20901362112893235 -2.6851408711055993 1.3634195776175539 1.0107188717829245 14.478528574647846
leaf_weight=429 685 44 240 125 1183 144 443 102 199 53 42 812 217 295 871 343 726 2283 4713 793 7532 701
leaf_count=429 685 44 240 125 1183 144 443 102 199 53 42 812 217 295 871 343 726 2283 4713 793 7532 701
internal_value=-5.19008e-05 2.77591e-05 0.00100424 0.00289945 -3.92415e-05 -0.000916835 0.000928857 0.00184216 0.00265574 0.0038622 -0.00181782 -0.00144042 -0.0018935 -0.00276527 2.93616e-05 -0.000244039 0.000188164 -0.000588441 7.75454e-05 0.00130923 0.000461988 0.00138534
internal_weight=22975 22034 1404 719 20630 1485 487 479 354 252 998 854 941 512 19145 7032 12113 3154 5849 1136 8959 1427
internal_count=22975 22034 1404 719 20630 1485 487 479 354 252 998 854 941 512 19145 7032 12113 3154 5849 1136 8959 1427
cat_boundaries=0 13 27 29 31 44 46 48 50 63 65 79 93 95 109 111 125 127
cat_threshold=0 65536 1073741824 80 268435968 2053 768 134266880 69640 2147484161 1612709888 4105 9519232 17059904 67371072 4224 128 0 256 128 1073741824 134250496 67256320 131104 2099264 2097152 20 3897672752 9004 34079296 362496 46202904 2149597188 268435456 2418016768 1064960 1088 0 268435456 524288 16779284 41943056 131072 131328 4751392 29576 21 40 34083408 27172 0 65536 1073741824 0 0 4 512 0 4096 0 536870912 4097 8404992 52979588 125058 2147483648 16908304 536870912 5 131076 570425344 0 0 2048 3708160 128 268435584 67109923 1 5 1073741824 67108865 40960 65544 16781312 0 73792 4 1073741826 83890176 2164302368 6676 2 1679102050 131856 1 1024 1 0 0 4096 0 74752 1024 1073741824 83886080 16818720 4624 2 50332164 2048 2147483648 16 536870912 5 3238002692 570425344 0 0 2048 3674144 8 268435456 67634211 1 2157379626 4388
is_linear=0
shrinkage=0.045


Tree=305
num_leaves=23
num_cat=17
split_feature=0 0 3 0 0 5 0 3 4 0 2 0 5 5 3 0 0 3 0 5 5 0
split_gain=1.61506 0.838091 1.25764 0.842927 0.692839 0.554375 0.481326 1.61245 0.461404 1.22079 0.670554 1.02863 0.583932 0.552516 0.491977 1.78331 1.01441 1.12414 0.894925 0.641768 0.8587 0.59521
threshold=0 1 2 3 4 4.6774800307930642 5 6 7 8 9 10 4.2268071048866842 4.5798392285869785 11 12 13 14 15 2.8617925509761908 3.0677824455408698 16
decision_type=9 9 9 9 9 8 9 9 1 9 9 9 8 8 9 9 9 9 9 8 10 9
left_child=-1 2 3 5 -4 -2 7 -3 9 12 -11 13 -8 -12 15 -10 17 21 -17 -20 -21 -16
right_child=1 6 4 -5 -6 -7 8 -9 14 10 11 -13 -14 -15 16 18 -18 -19 19 20 -22 -23
leaf_value=-5.0653642012785989 -37.009946137026212 -68.162424404078365 -50.555819215159353 28.352508961306775 0.43902202646510041 1.2855066378841657 95.496260648028795 0.69132528554186146 -21.872227428211595 -309.35618722185478 121.9363943556322 -103.02187316336679 4.8735657327926027 -25.334591041014903 13.609703364388556 6.9826468394742518 1.3064995588393948 1.3603936208243157 -41.195572479027447 44.605417873422979 -0.80704971173706508 -57.603882343152954
leaf_weight=1038 71 399 127 126 367 35 44 859 1613 242 66 310 187 48 102 1009 11035 1386 208 193 2555 955
leaf_count=1038 71 399 127 126 367 35 44 859 1613 242 66 310 187 48 102 1009 11035 1386 208 193 2555 955
internal_value=-2.44821e-05 5.80198e-05 0.00154878 0.00420492 0.000231224 0.000915253 6.14792e-06 -0.000843308 6.01792e-05 -0.000936041 -0.00189823 -0.000763763 0.00183333 0.00271428 0.000107198 -0.000247944 0.000254187 -0.000573728 0.000265903 -0.000130392 5.23626e-05 -0.00167119
internal_weight=22975 21937 726 232 494 106 21211 1258 19953 897 666 424 231 114 19056 5578 13478 2443 3965 2956 2748 1057
internal_count=22975 21937 726 232 494 106 21211 1258 19953 897 666 424 231 114 19056 5578 13478 2443 3965 2956 2748 1057
cat_boundaries=0 13 26 28 41 52 65 67 68 81 82 94 96 110 124 126 140 153
cat_threshold=16 65536 1073741824 2097232 3221225984 4 768 134267904 4104 2147484160 1612709888 16781321 9977856 16781376 262144 4224 32896 0 256 128 1073741824 134285312 147456 131072 64 1152 193479202 160 0 0 4096 128 0 256 0 0 0 147456 0 0 1024 4096 262144 0 0 0 0 0 0 67584 0 131072 46202889 2149597200 268435456 2415919104 1065024 16777280 0 268435456 524288 16779286 8388608 268574720 2228480 730432106 65568 1 1073774592 0 0 0 0 0 0 0 0 0 0 2147483648 1 1 0 0 0 0 0 0 0 0 0 0 0 1920 119699204 34906 32768 33558628 1 0 524288 570426368 0 0 536870912 9995520 234881168 524288 2214594567 1 16388 1090650112 0 8192 229376 5121 0 0 0 1073741889 16846848 2148565536 12832 6 1615691786 336644 1073741824 83886080 0 1 131072 0 0 8192 32768 1073741824 16781344 3181056 45584 6 0 0 0 0 163840 0 0 0 0 1073741825 65536 0 8192
is_linear=0
shrinkage=0.045


Tree=306
num_leaves=23
num_cat=15
split_feature=0 0 3 3 1 5 5 0 0 3 5 1 3 5 0 5 3 0 5 0 3 5
split_gain=1.60942 1.09245 0.928096 0.448331 0.442375 0.503897 0.926582 0.390133 0.389323 1.06234 0.570953 0.39292 0.335587 0.694935 0.456242 0.359198 0.334277 1.7111 1.20219 1.10371 1.24269 0.947114
threshold=0 1 2 3 4 5.3913496380844323 4.2555875595453383 5 6 7 6.3707564150300433 8 9 3.5972184255501678 10 4.0517471391904856 11 12 3.0201273556387074 13 14 3.4175922930736511
decision_type=9 9 9 9 9 10 10 9 9 9 8 9 9 8 9 10 9 9 10 9 9 10
left_child=3 2 -2 4 5 6 -1 -5 9 10 11 -3 13 -4 15 -14 17 18 -10 20 21 -18
right_child=1 8 12 7 -6 -7 -8 -9 16 -11 -12 -13 14 -15 -16 -17 19 -19 -20 -21 -22 -23
leaf_value=-10.262936900824963 -6.1647465570587077 -87.550973685464825 17.387926629100559 -9.3945279690515786 -5.3986819676662545 -117.31230157172023 141.29887200485405 -35.481839787233689 -155.48595129555292 -16.593064476397515 721.22971346369332 4.9820146217551509 -8.9058419083727891 -75.228324665409502 4.7733973163693593 0.58335303997123789 40.820978527440033 -7.0568367785248203 13.494665604394113 1.3110086697311405 -13.721522901423741 0.81647320695976477
leaf_weight=167 120 124 40 224 265 37 84 315 138 444 38 259 56 71 198 53 209 4093 1260 11010 3072 698
leaf_count=167 120 124 40 224 265 37 84 315 138 444 38 259 56 71 198 53 209 4093 1260 11010 3072 698
internal_value=-2.93879e-06 8.15929e-05 0.00206182 -0.00167935 -0.000740709 0.000479999 0.00122727 -0.00260526 3.0551e-05 -0.000897949 0.000717089 0.0001987 0.00305581 0.000695121 0.0038511 0.00115289 7.02703e-05 -0.000229785 0.0011234 0.000180287 -0.000461164 0.000994014
internal_weight=22975 21883 538 1092 553 288 251 539 21345 865 421 383 418 111 307 109 20480 5491 1398 14989 3979 907
internal_count=22975 21883 538 1092 553 288 251 539 21345 865 421 383 418 111 307 109 20480 5491 1398 14989 3979 907
cat_boundaries=0 13 26 27 29 31 43 56 58 60 62 75 77 91 105 107
cat_threshold=16 65536 1073741824 2097233 1049088 4 768 134251520 4104 2147486208 1612709896 4105 9453568 16384 0 4224 268468352 4 0 0 1073741824 134217728 131072 16 64 2098304 20973072 39617026 94860 2240 2052 16 65536 1073741824 0 0 0 512 134250496 4104 0 538968064 4097 2160066633 2149597184 268435456 2147492352 49216 16777280 0 0 524288 16777236 8388608 268566528 131328 156243984 96532 1105 1 134381568 2060 16384 0 4096 128 0 0 0 0 0 0 0 0 1024 389045504 59923 1073774592 92274692 536870912 0 0 33555456 0 0 1024 1080049664 0 1051264 37400 6 1090551812 1149240324 603979776 0 2147483648 1024 128 268435456 0 1080033344 33554432 1057440 14872 2 3225747560 66880
is_linear=0
shrinkage=0.045


Tree=307
num_leaves=23
num_cat=21
split_feature=0 0 3 3 0 0 3 0 0 0 0 3 5 3 0 0 4 1 0 3 2 1
split_gain=1.60472 1.09317 1.3526 0.772218 0.718621 0.575488 0.400715 2.06775 1.28521 1.13367 0.988334 1.31538 1.60777 0.805426 1.45431 1.44819 0.867432 0.737384 0.693136 0.677251 0.650641 0.966577
threshold=0 1 2 3 4 5 6 7 8 9 10 11 1.8688348091416842 12 13 14 15 16 17 18 19 20
decision_type=9 9 9 9 9 9 9 9 9 9 9 9 8 9 9 9 1 9 9 9 9 9
left_child=3 2 -2 4 -1 -5 7 -3 -8 19 11 -10 -13 15 -15 -12 18 -18 -17 -9 -16 -22
right_child=1 6 -4 5 -6 -7 8 9 10 -11 13 12 -14 14 20 16 17 -19 -20 -21 21 -23
leaf_value=31.669582431791408 -33.041818109360577 -38.105266032087954 2.5413462962649205 -1.4483425919219521 -7.4502744262611449 -42.934174258026488 -16.181887000345579 34.880966433230711 -21.977312562381666 -0.36137190179404449 -5.4038425617796992 289.60810809934185 3.0137917115993611 0.22812547591865256 24.855338132277563 1.0994230550934447 16.967522907538566 -24.588620289229922 23.621122564463626 0.24455816854335724 285.39978332702901 -8.1194339872209191
leaf_weight=235 106 1131 271 216 220 488 1534 408 2551 5157 1871 67 2378 1599 1822 516 103 536 726 501 112 427
leaf_count=235 106 1131 271 216 220 488 1534 408 2551 5157 1871 67 2378 1599 1822 516 103 536 726 501 112 427
internal_value=1.2729e-05 9.9779e-05 0.00246401 -0.00161016 -0.000144541 -0.00253911 5.68494e-05 -0.000216605 0.000195102 0.000114017 0.000343867 -0.000149162 0.000595237 0.000662997 0.00111027 0.000188894 0.00106735 -0.000273792 0.00176527 0.0015684 0.00181858 0.000416514
internal_weight=22975 21816 377 1159 455 704 21439 7197 14242 6066 12708 4996 2445 7712 3960 3752 1881 639 1242 909 2361 539
internal_count=22975 21816 377 1159 455 704 21439 7197 14242 6066 12708 4996 2445 7712 3960 3752 1881 639 1242 909 2361 539
cat_boundaries=0 13 26 28 30 43 56 58 71 85 99 112 114 116 130 143 144 146 159 161 162 164
cat_threshold=16 65536 1073741824 2097168 1074823744 16777216 768 134218752 4104 2147486208 1612709888 16781321 9961474 16449 0 67108864 2415919232 4 0 0 1073741824 134217728 131072 0 64 2097280 21495824 16396 172261380 84868 0 0 0 2097152 1081408 0 512 134217728 0 2048 1073741824 16777216 1048576 16 65536 1073741824 0 0 0 0 0 4104 0 538968064 4097 524288 657487372 445187 41947144 33687664 536870912 8193 0 68 0 32768 68608 1081600 301990016 268960000 67108900 4194308 1075838976 2147483648 0 2147565568 4097 128 0 0 1080033364 69632 1057408 148224 22 6291456 10747908 4096 0 8 0 0 0 0 1077952592 69648 2107392 528 6 1075871744 16794628 268439552 4 0 1024 0 268525568 536871940 16778282 8388616 2147649536 2072 135235778 12308 2428502128 66792 2181038080 141312 536870912 0 134217728 256 0 0 34816 9982209 150994960 308 2147520544 1 8654848 75763712 0 8193 411697408 2112 0 0 65536 8421376 369229952 2098176 2214601729 4 16384 12 0 33556528 1 0 0 536871168 0 0 2048 545025 0 524304 4 51388932 49408 149 80 32
is_linear=0
shrinkage=0.045


Tree=308
num_leaves=23
num_cat=13
split_feature=0 0 3 0 3 5 1 5 5 5 5 5 0 5 3 0 0 0 0 3 5 5
split_gain=1.57487 1.36984 0.78064 0.493971 1.419 0.531182 0.593072 0.536498 0.528717 0.523898 0.510862 0.485891 0.440352 0.426545 0.35594 2.07865 1.65193 1.06671 1.0068 0.97637 1.63423 1.01736
threshold=0 1 2 3 4 3.5694334999727624 5 4.6200466650627661 4.3502571242716384 6.3707564150300433 4.5379471377116305 3.1984648276080736 6 3.8606743063089755 7 8 9 10 11 12 4.1510089048756029 2.8617925509761908
decision_type=9 9 9 9 9 8 9 8 10 8 10 10 9 10 9 9 9 9 9 9 8 8
left_child=-1 2 -2 4 5 11 7 8 -7 10 13 -3 -6 -8 15 19 -16 -17 -18 21 -21 -5
right_child=1 3 -4 14 12 6 9 -9 -10 -11 -12 -13 -14 -15 16 17 18 -19 -20 20 -22 -23
leaf_value=-4.023857516921109 -4.6295449129982096 3.8138901073277141 2.3869491918867429 -238.29984392357278 -0.66396428185912681 -0.68140119305572089 -32.092374960698436 -30.487435599866771 255.11924948935678 1048.4600750162565 -4.3489391490862461 -236.08409662124467 -111.44388095109881 31.137021065435906 -12.096924354219578 -16.567254589484211 -0.29576947871595632 -2.4465763613134839 3.0484689827854723 32.396302314126345 -12.508273611833008 21.611189537021087
leaf_weight=963 116 102 216 42 219 122 39 166 49 41 133 75 452 77 2046 1456 4046 4869 5764 401 864 717
leaf_count=963 116 102 216 42 219 122 39 166 49 41 133 75 452 77 2046 1456 4046 4869 5764 401 864 717
internal_value=-4.40669e-05 3.43251e-05 0.00285174 -1.03736e-05 -0.000801951 0.000474264 0.00109459 -0.000219199 0.00153468 0.00253311 0.00181076 -0.00168436 -0.00231259 0.0039661 4.78547e-05 -0.000177073 0.000206268 -0.000578745 0.000448991 0.00107416 0.000299529 0.00234047
internal_weight=22975 22012 332 21680 1475 804 627 337 171 290 249 177 671 116 20205 8349 11856 6325 9810 2024 1265 759
internal_count=22975 22012 332 21680 1475 804 627 337 171 290 249 177 671 116 20205 8349 11856 6325 9810 2024 1265 759
cat_boundaries=0 13 27 29 42 44 46 58 60 74 88 101 115 117
cat_threshold=16777216 327680 33554496 2097232 512 16779780 768 134250560 69640 512 1612709888 16781321 9437184 16449 0 67108864 268435584 0 0 128 0 134217728 131072 0 64 2097280 16 4194320 4236 4259864 2155888640 1342177408 0 1097792 64 0 268435456 524292 2234517524 276824064 139264 2304 22249616 31628 134218080 3590 65536 8388608 1073741824 0 16384 0 0 0 0 67108864 268435456 8192 259139072 277395 33816576 1140850692 1 8192 8454400 536875264 0 8192 3072 1077969152 135216 2148532272 20482 2 42205188 1140850692 1 1 65792 4352 0 8192 3072 1077977088 135168 2148532256 20480 2 3221225472 134240 4096 4 268566540 1024 0 1024 32768 8392706 33554432 526848 9220 2134016 16777216 0 40960 2155872256 1025 64 0 536870912 16417 151060520 2098448 2214625800 4 202383872 8723
is_linear=0
shrinkage=0.045


Tree=309
num_leaves=23
num_cat=17
split_feature=0 0 3 5 3 0 3 5 0 3 3 0 0 0 3 2 0 3 5 5 0 5
split_gain=1.90412 1.4627 1.18843 0.638712 0.492645 0.413483 1.03729 0.925516 0.526493 0.468 0.463602 1.64257 1.63721 1.16499 0.922013 0.750989 0.779132 1.24994 0.612383 0.605173 0.583817 0.788276
threshold=0 1 2 3.7726948748059121 3 4 5 5.4659459730803723 6 7 8 9 10 11 12 13 14 15 5.8536372009884516 6.462248816637195 16 6.6612149451924996
decision_type=9 9 9 8 9 9 9 10 9 9 9 9 9 9 9 9 9 9 10 10 9 10
left_child=4 2 3 -2 -1 6 7 -3 9 -8 11 14 -12 -14 19 -13 17 -17 -19 -7 -15 -22
right_child=1 5 -4 -5 -6 10 8 -9 -10 -11 12 15 13 20 -16 16 -18 18 -20 -21 21 -23
leaf_value=-2.5206756228284171 48.957602025998455 0.10680906205220846 0.58802654130761922 1.5770316857376068 -18.054451080672678 -6.2688730296749267 6.6546485639295545 147.33818442537464 -84.42006582121823 -26.744283510459312 -8.9262404082101714 120.23963506569905 4.7787523946295476 0.28342191064175348 -65.440568910294587 -4.3441208541872891 -0.37258317578523814 68.192448723781069 -182.30489287326589 65.895982008094691 3.9256902799370379 55.069830383496253
leaf_weight=475 45 450 342 68 493 1126 212 58 418 274 2276 111 223 3435 923 423 8066 428 41 43 2981 64
leaf_count=475 45 450 342 68 493 1126 212 58 418 274 2276 111 223 3435 923 423 8066 428 41 43 2981 64
internal_value=-2.44821e-05 6.19227e-05 0.00255353 0.006372 -0.00196531 7.92881e-06 -0.000733147 0.000882691 -0.00164083 -0.000596387 6.02907e-05 -0.000133314 0.0003008 0.000654727 -0.00126616 0.000129335 8.12698e-05 0.00133407 0.00290956 -0.000415327 0.000540664 0.00099362
internal_weight=22975 22007 455 113 968 21552 1412 508 904 486 20140 11161 8979 6703 2092 9069 8958 892 469 1169 6480 3045
internal_count=22975 22007 455 113 968 21552 1412 508 904 486 20140 11161 8979 6703 2092 9069 8958 892 469 1169 6480 3045
cat_boundaries=0 13 27 29 31 44 46 58 60 62 76 90 104 106 107 121 123 136
cat_threshold=8 2147549184 33554496 2097152 1049088 16779776 768 134217792 69640 2214593028 1612709888 16777225 9961472 16385 64 67108864 2415919232 12 0 128 0 134217728 131088 0 64 2097152 16 8995330 2048 2294809602 92804 65604 8404992 268435456 81 16640 5184 0 268435456 524416 18933760 276824064 143360 393472 136864 22968 64 8404992 0 1 256 1088 0 268435456 128 16818176 0 4096 2287468544 74244 1047148036 15263 1094746128 2228256 0 516 268468224 261 0 33792 536870912 4719682 131072 2623616 16384 5 42205184 67112964 3221229568 0 1090584576 0 0 1073750016 32772 1074790401 69640 2148533280 67112979 2 4194320 0 0 516 268435456 256 0 0 0 64 0 524288 16384 1 671093248 2701 160 42205184 1073741828 1073741824 0 65600 0 0 1073750016 32768 1074790656 4128 268435488 12291 2 536871424 6668 2149584896 17047568 0 32768 142639104 0 64 65536 3072 8392968 134217760 268436240 2147526664
is_linear=0
shrinkage=0.045


Tree=310
num_leaves=23
num_cat=20
split_feature=0 0 3 4 0 3 0 3 2 1 0 3 3 0 3 2 5 5 3 0 0 0
split_gain=1.65875 1.27298 1.44926 0.456211 0.982471 0.806056 0.472267 1.25022 0.613307 1.60167 1.23538 1.90945 1.03146 0.997578 1.65555 1.00582 0.981998 0.762821 0.68284 1.78459 1.35391 0.845323
threshold=0 1 2 3 4 5 6 7 8 9 10 11 12 13 14 15 4.9522934739897151 4.2268071048866842 16 17 18 19
decision_type=9 9 9 1 9 9 9 9 9 9 9 9 9 9 9 9 10 8 9 9 9 9
left_child=-1 2 -2 4 -3 -6 7 -5 9 -8 12 -12 -11 14 -10 16 17 -16 19 -15 -20 -22
right_child=1 3 -4 6 5 -7 8 -9 13 10 11 -13 -14 18 15 -17 -18 -19 20 -21 21 -23
leaf_value=-7.5759149778419488 -7.101385838490847 8.7892224754796242 1.7804511074013345 -37.532808955806992 1.1549392205888733 -124.36470989379752 -82.066221430117096 0.74810969077428546 -2.8284692266492271 3.1593443681140783 -2.574199022251161 46.724440224541844 -25.311666281056965 -43.339593527840798 144.14034734332105 13.666232611317842 87.867586532954803 433.05189409203592 -6.6819545957448883 -0.16306627688116593 9.781029913235237 3.0419713801843455
leaf_weight=882 245 216 361 683 291 448 698 1205 618 1127 481 438 881 455 47 886 48 41 1934 5024 455 5511
leaf_count=882 245 216 361 683 291 448 698 1205 618 1127 481 438 881 455 47 886 48 41 1934 5024 455 5511
internal_value=-2.25236e-05 5.43531e-05 0.00206796 -3.55938e-06 -0.000963951 -0.00173169 4.11989e-05 -0.000634738 0.00010999 -0.000414491 5.05263e-05 0.00140655 -0.000574754 0.00023681 0.00128027 0.00238491 0.00589865 0.0091 0.00010787 -0.000277819 0.000375378 0.000710604
internal_weight=22975 22093 606 21487 955 739 20532 1888 18644 3625 2927 919 2008 15019 1640 1022 136 88 13379 5479 7900 5966
internal_count=22975 22093 606 21487 955 739 20532 1888 18644 3625 2927 919 2008 15019 1640 1022 136 88 13379 5479 7900 5966
cat_boundaries=0 13 27 29 30 43 45 58 60 61 63 76 78 80 93 95 96 98 112 126 138
cat_threshold=16777216 3221291008 0 2097232 512 16779776 768 134217728 69640 2214593029 1612709888 4105 9437184 16453 64 67113088 2415919232 268435460 0 128 1024 134217728 131088 0 64 2228224 16 20971568 12428 1 1073741824 0 0 0 0 0 0 0 0 0 0 2147483648 1 131128 64 33882120 16404 268435456 0 1064960 5184 0 1342177280 557184 16820258 8392704 131072 270369 588602484 67840 66 16693 66059 0 0 536870912 0 8552448 0 0 8192 0 1073745920 0 2148049952 32796 163725840 131246 160492564 225444 12615696 0 536870912 0 164160 0 0 0 0 1073742856 16777216 525312 524292 3385202182 271120 1 276540428 178417 4096 8519680 0 8192 8 1 0 0 0 524288 131216 16812544 1024 1 3221225472 103024640 0 32773 0 256 0 65600 2048 3162432 33554432 3146116 2214613760 2 4096 8519680 0 8704 3238068232 1 0 49152 0 0 131216 33280
is_linear=0
shrinkage=0.045


Tree=311
num_leaves=23
num_cat=16
split_feature=0 0 3 3 0 0 0 5 5 2 3 0 0 5 5 5 0 3 0 0 5 3
split_gain=1.59167 1.41119 1.4025 0.754167 0.626849 0.616877 0.563338 0.481661 0.698198 0.466107 0.832642 0.829138 0.759222 0.939819 0.735912 0.595853 0.538561 1.5728 0.914543 0.604148 0.945571 0.553376
threshold=0 1 2 3 4 5 6 4.0163424379838117 4.7050052835523761 7 8 9 10 2.740319461670996 4.0689902272260703 4.5695295849856103 11 12 13 14 2.249904835165133 15
decision_type=9 9 9 9 9 9 9 8 10 9 9 9 9 10 10 10 9 9 9 9 8 9
left_child=3 2 -2 4 -1 7 -5 -4 -9 10 12 -12 -3 -14 -15 -16 17 19 -19 -11 -21 -22
right_child=1 9 5 6 -6 -7 -8 8 -10 16 11 -13 13 14 15 -17 -18 18 -20 20 21 -23
leaf_value=44.506947650501502 2.1775511571131245 -41.83050104174643 0.4148872661291742 -4.6192746083043534 -3.3144134043151272 -1.2081287444296738 -71.423615046750783 334.9420977794644 0.12460716899592734 0.26503765331851276 -64.381176568938628 -2.4540802108840318 351.70327007149052 -6.2779648696044434 99.36730738686434 4.9636713674860555 0.066637090187708137 -41.188380850767267 2.3913207336590481 445.69548615445842 17.701521186504916 29.947721495989022
leaf_weight=109 252 235 62 350 255 544 331 35 37 236 646 3894 94 198 72 218 13942 516 348 36 283 282
leaf_count=109 252 235 62 350 255 544 331 35 37 236 646 3894 94 198 72 218 13942 516 348 36 283 282
internal_value=-1.86066e-05 6.35756e-05 0.00176751 -0.00172422 -4.78734e-05 0.000665216 -0.0026039 0.00326712 0.00595946 -1.28509e-05 -0.000374652 -0.000612918 0.000939082 0.00180303 0.00102857 0.00246575 0.000111241 0.000864272 -0.000482878 0.00224205 0.00300245 0.00257936
internal_weight=22975 21930 930 1045 364 678 681 134 72 21000 5357 4540 817 582 488 290 15643 1701 864 837 601 565
internal_count=22975 21930 930 1045 364 678 681 134 72 21000 5357 4540 817 582 488 290 15643 1701 864 837 601 565
cat_boundaries=0 13 27 29 31 42 56 68 69 71 84 96 109 111 123 136 138
cat_threshold=2147483648 3221291008 64 2097216 1049096 16777216 768 402702336 4104 2147486213 1612709888 9 9437184 16793685 0 4224 2147483776 268435524 2304 128 1073742848 134285312 131088 0 268435520 2229248 16 1243108372 131072 4198402 84676 2147483648 0 0 0 1048576 0 0 134217728 0 2048 1073741824 0 0 0 0 0 0 0 0 134217728 0 0 64 2098176 16 0 65536 0 2097152 520 0 512 49152 4104 1 538968064 1 3 814819428 73728 33587200 131072 536870912 1 256 0 0 0 536870912 0 134221840 0 32788 0 0 1073741824 0 0 0 0 0 0 0 128 2147517184 46170112 131088 536870912 8704 1073742080 536870912 0 64 0 1049600 100663296 16812928 540802 1234469146 381608 32768 131088 0 8192 0 536870912 0 0 0 1049600 33554432 16777472 33554432 0 0 512 1073742080 0 0 0 0 0 67108864 34816 130 1073741840 86656
is_linear=0
shrinkage=0.045


Tree=312
num_leaves=23
num_cat=22
split_feature=0 0 3 3 0 0 3 2 3 1 0 3 0 0 0 0 3 3 4 0 0 3
split_gain=1.49225 1.1739 1.56765 0.825979 0.503696 0.410885 0.381237 0.378374 0.913882 0.626895 0.573021 0.53613 1.97901 1.95275 1.31737 1.01612 1.14016 0.869839 0.866262 1.15918 1.13811 1.50798
threshold=0 1 2 3 4 5 6 7 8 9 10 11 12 13 14 15 16 17 18 19 20 21
decision_type=9 9 9 9 9 9 9 9 9 9 9 9 9 9 9 9 9 9 1 9 9 9
left_child=3 2 -2 5 -4 -1 -7 8 9 -3 -10 12 -9 17 -15 16 -14 -13 19 -17 21 -20
right_child=1 7 4 -5 -6 6 -8 11 10 -11 -12 13 15 14 -16 18 -18 -19 20 -21 -22 -23
leaf_value=7.124914853699484 3.129388194097475 -3.9492515867920819 4.0589790653028563 -32.728338385100656 -5.339326747871274 36.402978227626406 -8.1856282877410589 -51.668244853149687 -75.634731784490938 100.4278300930586 -2.1091661261076422 26.717710922558037 108.90116951462886 -60.757144666511486 0.72156935572445668 -21.505341799774616 3.6082852432827703 2.4475720746496581 22.070080848110599 20.996007746715339 -13.780139661513143 -8.8656041827837182
leaf_weight=215 219 124 103 535 403 100 199 828 362 176 4791 561 222 697 5614 899 688 909 608 1931 2353 438
leaf_count=215 219 124 103 535 403 100 199 828 362 176 4791 561 222 697 5614 899 688 909 608 1931 2353 438
internal_value=-4.40669e-05 3.56904e-05 0.00180122 -0.00169227 0.000382238 -0.000376427 -0.00143248 -2.56693e-05 -0.000348308 0.00201923 -0.000490514 8.62299e-05 -0.000173143 0.000351661 6.40412e-06 6.98493e-05 0.00146421 0.00182186 -0.000136277 0.000444914 -0.000620554 0.000612475
internal_weight=22975 21926 725 1049 506 514 299 21201 5453 300 5153 15748 7967 7781 6311 7139 910 1470 6229 2830 3399 1046
internal_count=22975 21926 725 1049 506 514 299 21201 5453 300 5153 15748 7967 7781 6311 7139 910 1470 6229 2830 3399 1046
cat_boundaries=0 13 26 27 29 41 54 56 57 59 61 73 75 89 103 117 131 133 135 136 149 162 164
cat_threshold=0 3221307392 0 2097152 1049096 16777280 768 402653248 4104 2147486277 1612709888 16777217 9961472 16793685 0 4224 2147483840 268435524 256 0 1073742848 134219776 131088 0 268435520 131072 2199442980 13649410 72324 16384 0 0 192 0 256 0 0 0 0 0 64 0 81920 0 0 1048584 64 0 402653184 0 0 1073741824 16777216 1048576 1049602 66176 3 806365216 32768 0 1056 4227072 131072 1610612736 1 256 0 0 8192 536870912 0 0 4 502299812 43670 4104 33685588 0 8708 16384 5 0 32768 99328 1282 276889600 8192 0 19 2134024 33693712 0 8704 524544 5 0 32768 98304 8389888 360775680 525440 1280 1 33816576 2097152 0 0 2147647488 4096 128 8192 4 1064960 134217728 1048608 2103296 4 38010880 2098176 536870912 0 32768 0 128 8192 4 1064960 134217728 1083424 2103296 4 155193344 34816 570425690 266240 2 32768 75507712 0 0 8978432 0 0 0 0 10485760 117440512 2148007956 2214608900 32768 268288 0 0 8388864 0 0 0 0 0 83886080 2148007952 67133450 406871040 33414
is_linear=0
shrinkage=0.045


Tree=313
num_leaves=23
num_cat=20
split_feature=0 3 0 3 3 3 0 0 3 0 0 5 0 3 5 3 0 3 0 0 0 3
split_gain=1.5625 2.08891 1.33719 0.695984 0.553435 0.509714 2.01052 0.969299 1.38375 0.884267 0.712703 0.702851 0.635586 1.05538 0.910284 1.31911 1.07836 0.93478 1.49305 1.40794 0.790011 0.694475
threshold=0 1 2 3 4 5 6 7 8 9 10 2.524928003624769 11 12 2.9700856263602158 13 14 15 16 17 18 19
decision_type=9 9 9 9 9 9 9 9 9 9 9 8 9 9 10 9 9 9 9 9 9 9
left_child=1 -1 4 -3 -2 6 11 8 -7 -8 -10 -4 13 -9 15 -14 -17 19 21 -16 -20 -19
right_child=2 3 5 -5 -6 7 9 12 10 -11 -12 -13 14 -15 17 16 -18 18 20 -21 -22 -23
leaf_value=-14.548264185595427 -53.109321851882939 7.35409816805213 392.25308300322666 2.0065514539697276 -0.92394237733916307 3.2691108088813836 -50.037187711256905 -7.3883560589343453 -25.057664086478798 -3.53394615336147 -69.743913487491298 7.3733938835104871 55.749868206765193 3.9604332746044784 -15.17122043212715 -70.490407981434146 -4.930678342995936 -16.842008900937991 9.4291605855844072 2.1292422398893351 37.628461168536681 2.0064935554201786
leaf_weight=339 461 110 68 465 776 1113 903 2630 982 1887 546 1441 132 2932 1000 332 691 480 2089 1042 1153 1403
leaf_count=339 461 110 68 465 776 1113 903 2630 982 1887 546 1441 132 2932 1000 332 691 480 2089 1042 1153 1403
internal_value=-3.2316e-05 0.00177862 -0.000108256 0.00341141 -0.00153843 -2.24622e-05 -0.000458247 9.11581e-05 -0.000697136 -0.00117238 -0.00157208 0.000860946 0.000241579 -0.000130787 0.00049028 -0.000680641 -0.00123044 0.000679801 0.00100302 -0.000135834 0.00158758 -7.12508e-06
internal_weight=22975 914 22061 575 1237 20824 4299 16525 2641 2790 1528 1509 13884 5562 8322 1155 1023 7167 5125 2042 3242 1883
internal_count=22975 914 22061 575 1237 20824 4299 16525 2641 2790 1528 1509 13884 5562 8322 1155 1023 7167 5125 2042 3242 1883
cat_boundaries=0 14 16 29 30 32 34 47 61 63 77 91 104 106 108 121 123 137 151 164 166
cat_threshold=16469 64 1610612864 2147516608 268435524 2048 0 1073774592 134285312 131344 0 268435520 131072 16 21168196 158348 8 3223404544 0 2097152 1049096 16777281 768 64 32780 2214595140 539033600 1 9445376 35164192 2835353648 145720 376439840 303235 1118044160 117440528 0 0 8388864 1280 0 8192 1024 5767176 201326608 2148532224 39432 1107628032 0 0 268435457 16640 5892 0 8192 1024 1091608608 8388616 1179680 6154 2 3381531400 1640 0 132128 0 4 134905856 0 0 0 0 8392706 268566656 2144384 67109921 4 266240 0 0 0 16640 0 0 0 0 1090519040 8388616 1048576 2058 2 2149744640 8650756 268439552 0 8388608 0 192 65536 0 4718600 1207963648 2147485080 2148128 3356479618 85064 2147549186 196608 0 15360 0 0 134873088 0 0 0 0 8388608 128 17303552 2147483664 3372229448 197152 16777216 33693728 1 8724 2164359168 570425344 0 0 536870912 2 369098800 2101248 133 5 8388608 50338832 0 0 0 0 0 0 536870912 10506240 16777344 565764 2214592516 1 0 83893248 0 0 134742016 0 0 134217728 0 2118656 16777216 32768 2147483664 537202694 18704
is_linear=0
shrinkage=0.045


Tree=314
num_leaves=23
num_cat=17
split_feature=0 3 0 0 0 5 3 0 0 3 5 4 5 0 5 0 5 3 0 3 3 0
split_gain=1.66607 2.04465 1.6888 1.51023 0.870435 0.669935 0.442437 1.55712 1.02986 1.05195 0.733194 0.720788 0.814258 0.663609 0.624443 1.09995 0.823866 1.17433 0.788318 0.525777 0.496097 0.487515
threshold=0 1 2 3 4 3.6505739029280164 5 6 7 8 1.4978661367769956 9 2.9700856263602158 10 5.4659459730803723 11 6.6612149451924996 12 13 14 15 16
decision_type=9 9 9 9 9 10 9 9 9 9 8 1 10 9 8 9 8 9 9 9 9 9
left_child=1 2 -1 -2 -3 -6 7 19 9 11 -9 12 -8 -12 18 -16 17 -17 20 -5 -15 -10
right_child=3 4 -4 6 5 -7 8 10 21 -11 13 -13 -14 14 15 16 -18 -19 -20 -21 -22 -23
leaf_value=40.527130401192366 -3.0853669861630788 1.13372006703309 -45.136713648447817 -99.395910643234743 1.9852132103748019 9.136221933581858 107.85477462598219 146.96033554729811 2.4598844166039817 -28.662399390895903 -5.3445019608929529 215.68692998227093 -8.0736035381488023 144.53645591942336 -20.71591608967119 912.15485488590866 0.56712453709629163 75.437333213270307 -4.2667280830236081 -12.603074791494949 1.8819993373897619 0.59476319202716588
leaf_weight=110 1065 230 331 223 130 191 36 130 2760 1694 1919 91 258 155 194 102 142 126 1513 1445 392 9738
leaf_count=110 1065 230 331 223 130 191 36 130 2760 1694 1919 91 258 155 194 102 142 126 1513 1445 392 9738
internal_value=-8.81423e-06 0.00178386 -0.000506624 -9.06353e-05 0.00358881 0.00512162 -6.02114e-06 -0.000319456 0.000130474 -0.000794119 0.000102774 0.00130353 0.000243242 6.92962e-06 0.000471167 0.00179682 0.00318063 0.00493043 0.000109116 -0.00149464 0.00155367 0.000284891
internal_weight=22975 992 441 21983 551 321 20918 6341 14577 2079 4673 385 294 4543 2624 564 370 228 2060 1668 547 12498
internal_count=22975 992 441 21983 551 321 20918 6341 14577 2079 4673 385 294 4543 2624 564 370 228 2060 1668 547 12498
cat_boundaries=0 14 16 28 41 55 57 70 84 86 87 101 114 116 130 132 134 147
cat_threshold=16453 262208 1610616960 268468420 68 2308 0 1073741824 134285312 131344 0 268566592 131072 16 2177040914 27140 16384 0 0 128 0 2048 0 0 0 131344 0 64 0 2147565568 100663296 0 1049096 16777281 768 268451904 36872 2214592581 538968064 1 9527296 16384 64 0 128 64 2304 0 0 0 131344 0 268435456 0 16 376538306 297139 1115684880 10486816 0 2097153 403308544 0 0 65536 536870912 8388610 268566528 17316868 67142784 364544 1073741828 0 16 1073790976 33559552 0 8192 0 1091616800 1216348168 1048960 6176 2 134221832 135424 4 2147745792 16922640 1 0 256 1024 0 134218752 4 1076363272 33558528 2147516944 551 1 0 4 0 0 8388608 0 0 0 0 4194304 128 256 16 33856 2176 2134016 4 0 0 0 536870912 0 8192 0 32768 67109008 3145984 6144 2 70254592 19 71304256 16 3275751424 8524816 2147483649 8704 2550857728 0 0 32768 0 8388608 131104 17338372 558080
is_linear=0
shrinkage=0.045


Tree=315
num_leaves=23
num_cat=15
split_feature=0 0 3 5 5 3 0 0 3 0 5 5 5 0 5 0 3 3 0 0 1 5
split_gain=1.71459 1.17779 1.92939 0.522877 0.769452 0.502151 1.86002 1.1825 1.06665 0.943562 0.842504 0.702524 0.687258 0.794193 0.538212 0.519206 1.28993 0.80547 1.59613 0.972236 0.761173 0.738061
threshold=0 1 2 5.2284276452838947 4.1971736807086968 3 4 5 6 7 1.2424533248940004 6.9777449340088582 4.8481086751891054 8 6.4052270920020655 9 10 11 12 13 14 3.8176519431297078
decision_type=9 9 9 10 8 9 9 9 9 9 8 10 10 9 8 9 9 9 9 9 9 10
left_child=-1 2 -2 4 -4 6 10 8 -7 -8 -3 -11 13 -12 -10 16 -9 19 -19 -17 -20 -21
right_child=1 5 3 -5 -6 7 9 15 14 11 12 -13 -14 -15 -16 17 -18 18 20 21 -22 -23
leaf_value=-6.9902619058550073 -0.7563314292356047 230.69781397373637 1.9648834436028151 -3.0061584130819736 4.7357309411840287 -35.046634722401436 -28.829041359078197 2.7303830546102001 -3.9898735549514948 -4.3025678871748871 -82.310697561883487 38.34843654533303 70.935739699957239 46.585314930473047 116.39440283352587 -3.6615712855373759 -15.415370136622336 0.19550621987631253 -12.374775768729016 -1.3735260491452685 10.682608121595596 7.7687706548353921
leaf_weight=888 470 35 207 45 141 727 1044 2211 1345 3230 267 40 390 480 141 2957 2453 1229 174 1180 939 2382
leaf_count=888 470 35 207 45 141 727 1044 2211 1345 3230 267 40 390 480 141 2957 2453 1229 174 1180 939 2382
internal_value=-1.46897e-05 6.37348e-05 0.00168171 0.00396667 0.00465428 -2.96773e-06 -0.000373228 0.000126285 -0.000835282 -0.000805133 0.00120861 -0.000425047 0.00099956 0.000198263 -0.000138185 0.00028422 -0.000100087 0.000486362 0.00120051 0.000228065 0.002428 0.000727755
internal_weight=22975 22087 863 393 348 21224 5486 15738 2213 4314 1172 3270 1137 747 1486 13525 4664 8861 2342 6519 1113 3562
internal_count=22975 22087 863 393 348 21224 5486 15738 2213 4314 1172 3270 1137 747 1486 13525 4664 8861 2342 6519 1113 3562
cat_boundaries=0 13 27 29 31 45 59 61 75 89 103 105 107 121 134 135
cat_threshold=0 2147549184 67108864 0 1074790920 16777728 768 268451904 36872 2214592613 547356672 1 9502720 85 8388672 1073741952 268435652 268435520 4 0 1073741824 134285312 131072 0 268435520 132096 16 2168700948 31364 108004554 35234 2408448 100663300 0 0 16384 256 0 8192 1024 1097984 201326752 1081600 4616 2 2473984 1140867076 0 32768 49152 4161 0 8192 1024 1091616768 134217736 2304 14624 2 2693154852 74321 8388608 2098192 4096 2097153 134873348 0 0 0 4 8388610 33689616 17309828 67108868 5 32768 0 0 0 0 0 0 0 0 256 67108864 0 520 2 131080 35913728 268435456 16 25165824 1024 128 134218752 0 778 335544448 3278368 2097690 4 3247202852 24664 1233674800 159772 1107296256 16789504 1 0 0 0 0 0 536870916 4722688 16781312 2164293648 2147516417 1 3221225472 8224 536875008 2097665 2281701632 256 0 65536 4 6291456 33620016 2148020356 2215133312 1573893
is_linear=0
shrinkage=0.045


Tree=316
num_leaves=23
num_cat=16
split_feature=0 0 3 3 0 5 5 5 2 0 3 5 0 0 1 3 0 3 5 5 2 4
split_gain=1.78541 1.45062 2.85901 0.803895 1.94911 0.644459 0.834148 0.767462 0.641952 0.631724 1.0196 0.596264 1.47475 0.862127 0.6528 0.567071 0.538128 0.663762 0.515463 0.496851 0.545879 0.865486
threshold=0 1 2 3 4 5.8536372009884516 5.2390944889447963 4.1971736807086968 5 6 7 5.1029059508623904 8 9 10 11 12 13 4.9522934739897151 4.7578820629520608 14 15
decision_type=9 9 9 9 9 8 10 10 9 9 9 10 9 9 9 9 9 9 8 8 9 1
left_child=15 2 -2 4 -3 6 7 -4 -6 10 19 12 -10 -13 -14 -1 17 -12 -16 20 -5 -22
right_child=1 3 5 9 8 -7 -8 -9 11 -11 16 13 14 -15 18 -17 -18 -19 -20 -21 21 -23
leaf_value=-79.386586085204229 -3.7491736309025763 -41.035929487367483 2.01301919005537 -23.65448710791382 -81.687886794840693 85.014042982710791 -65.99236889488138 3.9923907092839857 114.35234097433693 0.80009805381940846 -57.495723218608859 -7.8583027471484108 -23.178361626031705 64.509079525827914 5.2501381080357081 -2.2519611286641363 -69.858611867826497 2.5412198229289817 -69.987339670777402 -12.606260854279682 0.23198699476451734 125.98285721308922
leaf_weight=320 456 689 217 284 250 43 40 132 108 15840 220 106 454 349 611 698 474 354 76 567 425 262
leaf_count=320 456 689 217 284 250 43 40 132 108 15840 220 106 454 349 611 698 474 354 76 567 425 262
internal_value=4.89513e-06 9.07404e-05 0.00186 1.51548e-05 -0.00071695 0.00443919 0.00392455 0.0046282 1.37324e-05 0.000120565 -0.000530024 0.000330419 -0.00017626 0.00172319 -0.00066739 -0.00182621 -0.00160472 -0.000645052 0.000212445 0.000209031 0.000827851 0.0015
internal_weight=22975 21957 888 21069 2643 432 389 349 1954 18426 2586 1704 1249 455 1141 1018 1048 574 687 1538 971 687
internal_count=22975 21957 888 21069 2643 432 389 349 1954 18426 2586 1704 1249 455 1141 1018 1048 574 687 1538 971 687
cat_boundaries=0 13 26 28 30 43 44 58 60 74 87 89 91 103 105 106 107
cat_threshold=16777216 2147549188 67108864 1 1073742344 16777728 512 134234176 4104 2214592613 547356672 4097 9437312 16469 8388672 1610616960 2415919236 268435520 4 0 1073741824 134285312 131072 8 268566592 131072 2160136276 31364 371199050 41216 33587200 1024 0 2097152 1736704 64 0 65536 536903680 8950794 16908304 34816 2147486756 65 1084559368 1140867072 268435456 0 17842176 1 128 268436480 0 1092616194 201326592 3588 4352 2 1745228436 23756 0 0 0 0 8388608 0 0 0 0 0 268439552 640 0 1 0 4096 0 0 8388608 0 0 0 0 0 0 0 16 1074053161 75776 192991328 278672 1076105216 67108864 0 0 0 0 128 0 0 1073741826 134217728 512 22052864 66096 17 4
is_linear=0
shrinkage=0.045


Tree=317
num_leaves=23
num_cat=21
split_feature=0 0 3 3 3 0 0 0 3 4 0 0 3 3 3 0 3 1 3 5 3 3
split_gain=1.44796 1.12187 1.48446 0.701692 0.639505 2.00066 1.67172 1.04976 0.945231 0.848313 1.47528 1.20909 0.83634 0.83226 0.716422 0.710297 0.662936 0.632117 0.631964 0.677847 0.617786 0.605465
threshold=0 1 2 3 4 5 6 7 8 9 10 11 12 13 14 15 16 17 18 4.6395599436855051 19 20
decision_type=9 9 9 9 9 9 9 9 9 1 9 9 9 9 9 9 9 9 9 10 9 9
left_child=3 2 -2 -1 5 8 16 13 -3 11 20 18 17 -8 -12 -16 -6 -13 19 -7 -11 -4
right_child=1 4 21 -5 6 9 7 -9 -10 10 14 12 -14 -15 15 -17 -18 -19 -20 -21 -22 -23
leaf_value=-143.89069265279244 2.2662829647352392 -2.4113853346073895 -9.2850722523272857 -2.4498176754883363 1.4488647369827425 110.6865736502924 -2.5781504797588188 0.83960627819834133 -56.069706174736524 -2.199072079167022 3.414366675041268 28.352590050337838 94.774306901548854 -43.866988041367712 -46.490075404887811 -2.2696790510366092 7.518714477727789 -40.639571683032251 -23.057016111393381 -203.79369081931353 12.515787890185456 1.8926246848314845
leaf_weight=221 138 711 265 720 897 143 1097 9334 916 270 620 111 1024 584 828 2273 818 287 655 62 530 471
leaf_count=221 138 711 265 720 897 143 1097 9334 916 270 620 111 1024 584 828 2273 818 287 655 62 530 471
internal_value=1.2729e-05 8.69535e-05 0.00165576 -0.00170462 2.12534e-05 -0.000282517 0.000222491 1.83629e-05 -0.00169402 5.74457e-05 -0.00029947 0.000764447 0.00156276 -0.0010127 -0.000676267 -0.00095551 0.00152432 -0.000197562 -0.000567662 0.0015553 0.00144089 0.000806149
internal_weight=22975 22034 874 941 21160 8430 12730 11015 1627 6803 4521 2282 1422 1681 3721 3101 1715 398 860 205 800 736
internal_count=22975 22034 874 941 21160 8430 12730 11015 1627 6803 4521 2282 1422 1681 3721 3101 1715 398 860 205 800 736
cat_boundaries=0 13 26 28 30 32 46 60 74 76 77 91 105 107 109 110 123 125 127 129 131 133
cat_threshold=4096 2147565568 67108864 1 3222274048 16777792 512 64 4104 2214592613 547356680 4097 9437186 16385 8650816 1073741952 268435524 268435456 260 0 1024 134219776 131072 1073741824 131136 140288 34112514 48 2298532448 2064 376448074 306620 4194304 50332672 1 2097152 524292 1024 0 32768 0 1073742866 318963856 17310340 2147483648 20 4194304 132096 536870912 2105856 590340 33555456 0 1073774592 65536 1073742864 318963760 285736960 2148007936 4 8716316 8196 4096 16 16941120 0 128 268435456 0 3194880 201326592 272 2103712 2 100663298 35000 2 8454160 133140 4096 0 134348800 0 0 0 33792 1065216 0 2099472 4128 3 33554432 67110916 0 0 142606336 536870912 0 0 32772 8913160 0 2150629648 16 3 39846978 264 159990448 4097 5251072 2097152 0 0 0 32768 0 0 134225920 536870912 15241216 134221824 268435456 67142149 16945680 21057 1048580 1036 1088 2328 72351808 8336 21430272 80512
is_linear=0
shrinkage=0.045


Tree=318
num_leaves=23
num_cat=17
split_feature=0 3 0 3 0 0 0 3 0 3 3 0 5 3 3 5 5 5 2 5 0 2
split_gain=1.48788 2.04468 1.20455 0.96427 2.07074 1.98543 1.21785 0.971154 0.97104 1.52566 0.933602 0.875119 0.842794 0.727868 0.72127 0.736142 0.704553 0.77851 0.644037 0.702214 0.497124 0.510221
threshold=0 1 2 3 4 5 6 7 8 9 10 11 1.2424533248940004 12 13 3.0677824455408698 3.5114340430413216 2.8617925509761908 14 4.166635176627655 15 16
decision_type=9 9 9 9 9 9 9 9 9 9 9 9 10 9 9 8 10 10 9 10 9 9
left_child=1 -1 14 5 7 -4 13 -5 9 18 -3 -9 -11 -6 15 -2 17 -12 -7 -20 -15 -22
right_child=2 10 3 4 6 8 -8 11 -10 12 16 -13 -14 20 -16 -17 -18 -19 19 -21 21 -23
leaf_value=-8.3426522582450442 -171.77344178017054 2.2232243734141308 -18.868295784018461 2.4571897132810672 -118.31690103140906 -26.055780234673566 0.92414005876233385 3.4384661723843459 -1.0550622299272217 -17.784490254005217 1.0153993329570297 17.188614496664197 83.986961540424289 -54.068485723938061 -29.186743621258113 3.7484437412437597 0.72146646569957551 22.035087384605138 297.33621357527949 -55.044491481462437 4.7857737851987823 -6.5544833302306262
leaf_weight=305 65 139 1878 857 403 317 7038 395 7945 56 111 378 439 218 731 386 382 75 55 46 233 523
leaf_count=305 65 139 1878 857 403 317 7038 395 7945 56 111 378 439 218 731 386 382 75 55 46 233 523
internal_value=2.83969e-05 0.00170508 -4.97622e-05 3.00812e-05 0.000346772 -0.000266283 6.14087e-05 0.00180877 1.62334e-05 0.00139622 0.00302295 0.00296369 0.00306213 -0.00115659 -0.0014397 -9.72027e-06 0.00211034 0.00440425 -0.000606978 0.00234956 -0.000474646 8.20302e-05
internal_weight=22975 1012 21963 20781 10045 10736 8415 1630 8858 913 707 773 495 1377 1182 451 568 186 418 101 974 756
internal_count=22975 1012 21963 20781 10045 10736 8415 1630 8858 913 707 773 495 1377 1182 451 568 186 418 101 974 756
cat_boundaries=0 13 15 28 30 43 57 71 73 87 89 91 104 106 108 109 122 123
cat_threshold=16449 8388672 1073741952 2415919168 268435464 260 0 1024 134318080 131072 1073741824 131136 140290 22433792 145920 0 2147565572 4096 513 1074937856 16777792 768 64 4104 2214593061 10485760 16781313 9437184 509609690 306604 1094713344 35913728 536870912 2097152 516 1024 0 1342177280 0 12582912 839061680 268968064 2147516544 1094713344 103022592 536870912 2097152 516 1024 0 268533760 0 4194304 839061648 268968064 2147483780 16 8716316 131072 0 8196 16777216 0 128 134242304 0 3164162 201326592 35888 2103328 2 2165917700 135234 331804 1073872896 0 8196 16842752 2049 128 134242304 0 1067280 67108864 34848 6176 4 4194306 8612 34111490 48 0 33554432 0 0 0 0 0 1073741824 0 12582912 268435584 128 2147483648 1611497472 66065 4195842 94500 6 327692 0 0 0 16777216 0 0 0 0 2113536 67108864 0 6144 49
is_linear=0
shrinkage=0.045


Tree=319
num_leaves=23
num_cat=15
split_feature=0 0 3 3 0 0 0 3 5 0 3 5 3 3 5 5 5 0 0 3 5 5
split_gain=1.45779 1.26745 1.42351 0.866942 1.52686 1.51457 1.00589 1.20471 1.0377 0.860409 1.22986 0.954488 0.846502 0.797836 0.765315 0.712254 0.707846 0.758937 0.623806 0.928461 0.847264 0.61317
threshold=0 1 2 3 4 5 6 7 5.5965666693001079 8 9 2.524928003624769 10 11 3.9415346756528771 3.1984648276080736 4.8322978221268906 12 13 14 3.3497501700808394 5.4785512376367516
decision_type=9 9 9 9 9 9 9 9 8 9 9 8 9 9 10 8 10 9 9 9 10 8
left_child=13 2 -2 4 -3 12 7 15 16 10 -6 -12 -5 14 -1 -7 18 -18 19 20 -9 -14
right_child=1 3 -4 5 9 6 -8 8 -10 -11 11 -13 21 -15 -16 -17 17 -19 -20 -21 -22 -23
leaf_value=-40.159041117761745 -36.53405205712847 -16.28242638647334 1.7928402960108643 -60.981513387972441 -34.840290661042509 54.258549807655946 1.3272951400246547 40.941746555471909 -20.0750285810653 -1.2628393401629789 212.11641187733684 12.206735596085133 1.1572544006079701 -24.015138648868742 5.0261576684733038 3.8913486602967473 10.814508383254863 200.00391564077961 5.9073310742945351 -30.136082190790948 -0.40928245444953909 -47.8807168501381
leaf_weight=170 208 1674 510 502 233 35 8801 62 179 6925 53 627 772 523 202 208 116 141 419 243 183 189
leaf_count=170 208 1674 510 502 233 35 8801 62 179 6925 53 627 772 523 202 208 116 141 419 243 183 189
internal_value=6.85361e-06 7.94394e-05 0.00192329 1.64207e-05 -0.00030334 0.00027314 0.000464322 0.00150375 0.000953135 -3.8982e-05 0.00125027 0.00221098 -0.00107695 -0.0017613 -0.000140626 0.00435882 0.00145111 0.00352703 0.000856435 -0.000252001 0.00166342 -0.000282118
internal_weight=22975 22080 718 21362 9512 11850 10387 1586 1343 7838 913 680 1463 895 372 243 1164 257 907 488 245 961
internal_count=22975 22080 718 21362 9512 11850 10387 1586 1343 7838 913 680 1463 895 372 243 1164 257 907 488 245 961
cat_boundaries=0 13 26 28 30 44 58 72 74 88 90 92 94 108 121 123
cat_threshold=0 3221291008 0 0 1091567616 16779841 768 134234176 8 2147486244 10551296 16777217 9453568 16793617 64 1073746048 268435460 268435456 4 0 33792 134252544 0 0 64 139264 163708928 29184 778045002 306349 4194304 35651584 536870912 2105344 524288 1024 0 0 4096 71438352 805437584 269005312 2147483780 21 8720396 270340 0 1 229440 0 128 8192 4 49152 1140850688 1056 2104354 2 2151677952 44040208 536870912 128 2147484160 1280 0 1073741824 4096 79826960 838991904 268959744 32896 5 1073756452 131088 42270720 8192 0 0 196864 4096 128 8192 4 1097728 1073741824 2097184 5154 2 570425410 10272 3229712416 148034 12600320 21380 0 10485760 0 0 0 0 0 0 0 4096 0 524288 32768 4 0 33554448 536870912 0 0 1024 0 1073741824 0 8523776 570425344 0 32768 10387456 20480
is_linear=0
shrinkage=0.045


Tree=320
num_leaves=23
num_cat=19
split_feature=0 3 0 3 0 0 3 0 3 0 3 3 0 0 3 0 3 2 5 3 5 5
split_gain=1.78983 2.3081 1.25746 0.792841 2.45381 2.29633 1.15638 0.874474 1.0065 0.841026 1.13326 0.997387 1.04899 0.914757 0.7741 0.741495 0.709258 0.632143 0.8277 0.535163 0.566894 0.823139
threshold=0 1 2 3 4 5 6 7 8 9 10 11 12 13 14 15 16 17 2.9174053685313028 18 5.2284276452838947 4.5695295849856103
decision_type=9 9 9 9 9 9 9 9 9 9 9 9 9 9 9 9 9 9 10 9 10 8
left_child=1 -1 16 4 14 6 -5 8 -6 10 -7 12 -11 -13 -4 -8 -2 18 -9 -3 21 -21
right_child=2 19 3 5 7 9 15 17 -10 11 -12 13 -14 -15 -16 -17 -18 -19 -20 20 -22 -23
leaf_value=2.8041225521080912 -1.0926681029900527 -63.446695061548482 -66.330555484539502 2.7308078962899209 114.43979734802423 -91.676653900680577 5.7726925573463506 -46.442751770324321 2.456472306829518 3.3318924566538319 -4.3531998335744637 8.7870401526451047 -13.440617813893896 1.8102291003026116 -28.430428530801656 58.213456845984027 -29.554015281407608 -1.7947921510105158 638.05700118404195 -0.16483741220674875 -83.767477085090746 3.7491510335094884
leaf_weight=341 508 105 589 1167 136 367 237 44 940 2246 1669 453 2761 2571 958 465 420 6407 64 324 52 151
leaf_count=341 508 105 589 1167 136 367 237 44 940 2246 1669 453 2761 2571 958 465 420 6407 64 324 52 151
internal_value=2.83969e-05 0.00190508 -5.56021e-05 1.62182e-05 -0.000299017 0.000257615 0.00170096 3.49194e-05 0.00121599 -1.20558e-05 -0.000826173 0.000195262 -0.000194562 0.000838932 -0.00192527 0.00313865 -0.00166596 -0.00016202 0.003075 0.000265527 0.000859925 0.00136792
internal_weight=22975 973 22002 21074 9138 11936 1869 7591 1076 10067 2036 8031 5007 3024 1547 702 928 6515 108 632 527 475
internal_count=22975 973 22002 21074 9138 11936 1869 7591 1076 10067 2036 8031 5007 3024 1547 702 928 6515 108 632 527 475
cat_boundaries=0 13 15 29 31 44 57 59 73 74 88 90 92 105 118 120 132 134 135 137
cat_threshold=16793681 8650816 1073746048 2415919172 268435464 4 0 33792 134252544 0 1073741824 64 2236416 34129442 262180 4096 3221307392 0 0 3239051776 16777793 896 134234176 8 2147486244 2228224 0 9437184 4 124823240 306316 4194304 33685508 536870912 2105344 524288 1024 0 1073741824 69632 1073741826 864026768 569988 2147483648 4194304 133120 536870912 512 524292 0 0 1073741824 69632 1140856064 855638192 536709 2147485056 142954544 21312 65540 67108864 1 32769 163840 4096 0 8192 4 1179712 67112960 270534704 23040 2 17834112 8716300 0 0 17 229440 2048 0 73728 4 1064976 67112960 2098480 23040 3 1073811458 66371 2013939734 4146 33554432 35656708 1 2105344 142606336 570425344 0 0 0 8552451 8388608 2165342720 32771 3221225472 16777248 0 128 0 1024 0 268435456 0 6291456 134217728 268435456 36 17835072 4 0 2048 0 0 524292 0 0 0 0 1280 16777232 4 13123664 86916 96 138412096 10240
is_linear=0
shrinkage=0.045


Tree=321
num_leaves=23
num_cat=16
split_feature=0 3 0 3 0 0 0 5 3 0 0 3 5 0 3 5 3 0 5 5 5 2
split_gain=1.76574 1.37613 1.36014 0.77903 2.24187 1.34535 1.28464 1.08443 1.01084 0.846797 0.804315 1.76833 0.771659 0.755998 0.662235 0.635444 0.63102 0.580113 0.579407 0.559338 0.966065 0.652862
threshold=0 1 2 3 4 5 6 5.5816130673839615 7 8 9 10 3.9607678160667752 11 12 3.5114340430413216 13 14 5.4004200416950168 6.3198682039985092 5.9622923416208602 15
decision_type=9 9 9 9 9 9 9 10 9 9 9 9 8 9 9 10 9 9 8 8 10 9
left_child=1 -1 16 4 7 -6 8 9 13 14 11 17 15 -5 -4 -11 -2 -8 -7 20 21 -13
right_child=2 -3 3 6 5 18 10 -9 -10 12 -12 19 -14 -15 -16 -17 -18 -19 -20 -21 -22 -23
leaf_value=-9.7232176400065651 -59.959136596559894 2.3791600052836599 -91.624036997074455 5.1271172414131216 -15.462556996627235 -0.37095311847482881 -1.5747929996160122 308.41967730387694 -49.748951034468554 56.570133882882836 0.88368479632356489 10.410655160555152 22.650994556188582 -35.535441929073791 4.9205083092357134 100.49979719823045 -2.1773755358929527 25.39726412338776 -16.417513298029697 -134.78282056612227 177.45870921042751 -0.53564623273801137
leaf_weight=257 347 519 114 970 1158 3126 115 147 1185 57 10212 314 191 319 629 50 693 482 789 107 41 1153
leaf_count=257 347 519 114 970 1158 3126 115 147 1185 57 10212 314 191 319 629 50 693 482 789 107 41 1153
internal_value=-1.46897e-05 0.00207868 -8.89435e-05 -1.04163e-05 -0.000431134 -0.000843364 0.000166599 0.00132 -0.000767499 0.000815435 0.000353167 0.00112905 0.0027871 0.000107224 -1.78819e-05 0.00590367 -0.00166825 0.00319951 -0.000441178 0.000345727 0.000572184 0.000376786
internal_weight=22975 776 22199 21159 6261 5073 14898 1188 2474 1041 12424 2212 298 1289 743 107 1040 597 3915 1615 1508 1467
internal_count=22975 776 22199 21159 6261 5073 14898 1188 2474 1041 12424 2212 298 1289 743 107 1040 597 3915 1615 1508 1467
cat_boundaries=0 13 15 29 31 45 58 72 74 87 100 102 116 118 120 130 131
cat_threshold=16793601 262208 1073746048 268435460 268435456 4 0 33792 134252544 0 1073741824 64 2236416 156368896 96800 4 1073807376 0 0 2165309952 16777793 896 134234176 4104 2147485700 2097152 4105 9437312 4 925969600 306344 1073840144 67240960 67108864 1 16384 256 0 0 1024 16448 16781312 292 4648 2 41943040 44042240 0 2097152 557312 536871936 0 0 0 8523778 872546448 16777344 67126278 364568 2147483648 603979776 32769 16384 4352 0 0 0 16794176 4096 172320 528936 19 3234103600 217664 65552 1024 0 0 16384 0 0 0 1024 16384 16777216 260 552 2181038080 25171972 2147483648 8192 1074331916 0 0 268435456 65536 8519712 537002160 16777216 1030 134217986 16903 294936 0 536870912 0 0 256 0 0 0 0 4096 33024 8 1 2105536 270336 2299564578 39192 33554432 2048 0 0 0 0 0 0 0 8519680 16
is_linear=0
shrinkage=0.045


Tree=322
num_leaves=23
num_cat=15
split_feature=0 0 3 3 0 0 3 0 0 0 0 3 0 5 5 5 3 5 0 5 5 5
split_gain=1.59088 1.23423 1.20133 0.886104 0.805771 0.701643 0.68677 1.95295 0.991158 0.79198 0.621171 1.12567 1.02812 0.599657 0.58883 0.557612 0.553536 0.835273 0.6727 0.539751 0.534543 0.518361
threshold=0 1 2 3 4 5 6 7 8 9 10 11 12 5.5432204948189954 3.1567740231385479 4.8713658868283671 13 2.1383330595080281 14 4.3757372435704527 4.7999057951650004 2.1383330595080281
decision_type=9 9 9 9 9 9 9 9 9 9 9 9 9 8 8 10 9 10 9 10 10 10
left_child=2 3 4 -2 -1 -4 7 -3 16 -9 11 12 20 21 -7 19 17 -8 -18 -16 -10 -13
right_child=1 6 5 -5 -6 14 8 9 10 -11 -12 13 -14 -15 15 -17 18 -19 -20 -21 -22 -23
leaf_value=2.2807300188885278 21.758708092305231 -15.690676109543443 0.50195305872264684 -28.163081617735802 -15.347424597368654 -0.28268747969225588 30.623697932029746 38.834394652673538 5.7373534811848907 -0.44689948448252825 0.85841212626365304 -20.77136751252031 -46.277190706271746 -9.2371313590899167 21.841887152684244 2.1467375978297474 -139.82271281073255 -0.51915521963504341 -9.8345816331935385 21.659578598085798 -9.9420273603450404 9.946464857295032
leaf_weight=101 116 1215 121 829 228 45 39 234 144 3855 11899 47 442 214 118 59 218 423 1309 46 96 1177
leaf_count=101 116 1215 121 829 228 45 39 234 144 3855 11899 47 442 214 118 59 218 423 1309 46 96 1177
internal_value=-2.05651e-05 -8.83077e-05 0.00204657 -0.00166928 1.31954e-05 0.00371446 -1.73055e-05 -0.000460498 0.000129774 1.20692e-05 0.000263309 0.000970918 -0.000531701 0.00168207 0.00501428 0.00614 -0.000807347 0.000550632 -0.0012193 0.00748193 0.00178571 0.00207749
internal_weight=22975 22257 718 945 329 389 21312 5304 16008 4089 14019 2120 682 1438 268 223 1989 462 1527 164 240 1224
internal_count=22975 22257 718 945 329 389 21312 5304 16008 4089 14019 2120 682 1438 268 223 1989 462 1527 164 240 1224
cat_boundaries=0 14 27 29 31 44 57 59 73 87 101 114 116 129 131 145
cat_threshold=16797697 2147745856 1140854912 268435461 0 4 0 1024 134252544 0 0 64 2228224 16 0 1073807376 0 0 3239051776 16777792 896 268435520 65544 2147483748 2228240 4097 9502720 2311111696 27140 13107200 512 16793601 2147745792 4096 0 0 0 0 0 0 0 0 0 2097152 16793601 262144 128 0 0 0 0 0 2048 0 0 0 2228224 909118924 306336 2181038080 27265024 1 0 688388 0 0 8192 0 10620938 268439680 285212672 67126277 4 360460 69206020 0 33344 16384 4353 0 0 0 16802304 109051904 2229248 530048 2 0 67108868 0 8192 16384 256 0 0 1024 17408 67108864 0 4096 2 2193621008 25167872 1 0 269156364 0 0 49152 4100 2228225 536871048 285736960 67108899 2156601888 196929 33554432 8388608 1 0 268435460 0 0 32768 0 131072 0 524288 33 1073750562 200704 262156 0 0 512 16384 4352 0 0 0 0 8388608 0 0 2
is_linear=0
shrinkage=0.045


Tree=323
num_leaves=23
num_cat=18
split_feature=0 0 3 3 3 0 0 0 3 5 0 0 3 5 0 3 2 0 5 5 2 0
split_gain=1.33026 1.03195 1.32357 1.0165 0.698578 2.02865 1.34135 0.922638 0.920066 0.885484 0.856977 0.799417 0.709057 0.669119 0.636201 0.62916 0.619967 0.51694 0.51513 0.875284 0.43053 0.740535
threshold=0 1 2 3 4 5 6 7 8 5.8126357624008849 9 10 11 3.7012257604091228 12 13 14 15 4.9801701820644562 4.6298509007569537 16 17
decision_type=9 9 9 9 9 9 9 9 9 10 9 9 9 8 9 9 9 9 10 10 9 9
left_child=3 2 13 -1 5 12 8 -7 -6 11 15 -10 20 -2 -4 16 -8 -14 19 -13 -3 -22
right_child=1 4 14 -5 6 7 10 -9 9 -11 -12 18 17 -15 -16 -17 -18 -19 -20 -21 21 -23
leaf_value=-33.639962925381411 1.6374261922342539 126.24511233793059 34.196928537359717 -2.9532864879322758 -0.23344063535327048 -22.696372721915054 -52.984618930543768 -4.0465044677805428 6.520394912219972 -84.392642614450892 0.88615213017380989 4.3773191639628299 -49.259868459749249 2.3990231423024047 -0.63592578990853477 -56.455496455631163 2.283797618653189 0.836935311573208 0.3328728797245793 341.38819836793385 32.965197202816256 -6.0015614548677227
leaf_weight=331 75 348 130 889 754 1056 280 3659 913 66 10310 237 157 175 357 823 952 385 56 35 508 479
leaf_count=331 75 348 130 889 754 1056 280 3659 913 66 10310 237 157 175 357 823 952 385 56 35 508 479
internal_value=-2.25236e-05 5.89184e-05 0.00170027 -0.00146104 4.26888e-07 -0.000382951 0.000175785 -0.000880581 0.00123517 0.00195489 -1.81896e-06 0.00224095 0.000864742 0.00429389 0.000297594 -0.000838172 -0.000188104 -0.000503611 0.00412941 0.00505839 0.00141982 0.000914413
internal_weight=22975 21755 737 1220 21018 6592 14426 4715 2061 1307 12365 1241 1877 250 487 2055 1232 542 328 272 1335 987
internal_count=22975 21755 737 1220 21018 6592 14426 4715 2061 1307 12365 1241 1877 250 487 2055 1232 542 328 272 1335 987
cat_boundaries=0 13 27 29 31 33 47 60 73 75 89 101 103 116 118 119 131 132 145
cat_threshold=0 2179088 0 2147483648 2148532736 16777280 896 64 4104 2147631204 77594624 4096 9503874 16797712 2147745856 1140854912 268435457 0 4 0 32768 134219776 0 1073741824 64 2236416 16 9356338 327680 2869530722 2072 930123208 273568 32769 67109888 536870913 0 8437760 536872192 0 73728 1028 3702784 33554432 269484321 6664 3 2181038080 25180160 2147483648 516 1359478796 0 0 268451840 98304 1073742081 537002160 17309696 32 2181038080 8529920 0 4 268960004 0 0 0 32768 1073741827 805437584 16818816 1 8986644 37696 32781 1073741828 0 32896 180224 5377 0 65536 0 1581056 33554432 268435745 530944 3 2147483648 8402944 0 0 524288 0 0 16384 98304 256 176 532480 89163008 10368 0 64 1140850688 0 0 0 0 0 2048 0 0 64 2097152 3363848244 249864 67 0 67108864 0 0 8421376 0 0 65536 0 0 0 1048576 81 32769 67108864 1 0 8388608 1280 0 65536 0 1048576 0 1048832 512
is_linear=0
shrinkage=0.045


Tree=324
num_leaves=23
num_cat=18
split_feature=0 0 3 3 0 5 3 0 0 3 3 0 0 0 3 5 5 0 5 3 3 1
split_gain=1.21357 1.01648 1.10707 0.975984 0.785497 0.733469 0.58604 1.87539 1.3451 0.836527 0.826292 0.720338 0.611635 0.558059 0.927532 0.523306 0.520797 0.514333 0.505719 0.489256 0.484254 0.538311
threshold=0 1 2 3 4 3.5694334999727624 5 6 7 8 9 10 11 12 13 4.8322978221268906 5.4659459730803723 14 3.3497501700808394 15 16 17
decision_type=9 9 9 9 9 8 9 9 9 9 9 9 9 9 9 8 10 9 10 9 9 9
left_child=3 2 -2 5 19 -1 7 9 10 -3 17 -9 -11 14 15 -10 -17 -8 -4 -5 -20 -22
right_child=1 6 18 4 -6 -7 8 11 13 12 -12 -13 -14 -15 -16 16 -18 -19 20 -21 21 -23
leaf_value=-2.8485006808129452 -72.221105560250734 29.166585154137792 -78.496678984948787 2.7072808669925728 2.1274158652121562 4.0130129514880934 -136.20588752777763 -35.495555123356262 10.180105990718365 -26.371070154853772 -0.070671944024826475 -4.0412891107949491 6.9521116225108077 1.0914298836260923 1.6282437739639049 -53.435889300991391 2.2926888083749928 -33.960074711173007 17.201280113710592 -10.60275998289373 85.716794044143711 -28.722709769058895
leaf_weight=35 358 1046 235 109 409 71 237 691 411 406 1895 3709 521 8946 1790 105 73 1062 267 252 105 242
leaf_count=35 358 1046 235 109 409 71 237 691 411 406 1895 3709 521 8946 1790 105 73 1062 267 252 105 242
internal_value=1.07706e-05 -5.47476e-05 -0.00131788 0.00164189 0.0010358 0.00549152 1.89427e-05 -0.000340408 0.000176828 0.000809319 -0.000637244 -0.000856755 -0.000177317 0.000406853 0.00101819 0.00255324 0.000549999 -0.00150687 -0.000412893 -0.000494639 0.000262986 -0.000839834
internal_weight=22975 22099 1207 876 770 106 20892 6373 14519 1973 3194 4400 927 11325 2379 589 178 1299 849 361 614 347
internal_count=22975 22099 1207 876 770 106 20892 6373 14519 1973 3194 4400 927 11325 2379 589 178 1299 849 361 614 347
cat_boundaries=0 14 27 29 31 45 47 61 75 77 79 93 106 120 122 136 138 140 142
cat_threshold=16797777 2147745792 1140854912 2415919301 0 260 0 32768 134250496 0 1073741824 64 2228226 16 33554432 81936 0 0 2165359104 16777280 768 0 4104 2214608948 77725696 4096 9502848 2736346216 2320 33947648 196616 64 0 1073741824 2147483781 0 260 0 0 32768 0 0 0 2 16 124816712 403616 4489216 32 1 0 8388608 1024 0 73728 3076 3833928 33554432 1573121 14888 1 4489228 1073741824 2147483648 32768 8388608 5121 0 65600 2048 20062272 0 289 6664 3 89161792 139296 225922 65877 0 8396864 0 0 524548 0 0 0 0 2 805306512 16785924 0 4 32768 32 1 0 8388608 0 0 0 0 688136 33554432 1048576 512 0 25180224 536870912 512 1074266124 0 0 268451840 65536 3 805372080 285747200 557056 4 1611014658 81987 32780 0 0 0 0 1024 0 0 2048 1048576 0 1 4096 1 146801168 128 12582912 16556 1073750272 514
is_linear=0
shrinkage=0.045


Tree=325
num_leaves=23
num_cat=16
split_feature=0 0 3 3 2 0 3 0 0 0 5 5 2 3 0 3 5 0 5 3 5 5
split_gain=1.14671 1.00654 0.651477 0.640476 0.681882 0.699805 0.598889 1.57804 1.27527 0.752818 0.898726 0.78409 0.736798 0.730637 0.754163 0.72628 0.759428 0.685412 0.839623 0.946597 0.582898 0.828378
threshold=0 1 2 3 4 5 6 7 8 9 6.6234007758748676 5.5432204948189954 10 11 12 13 3.3140206880897671 14 2.4414009612931857 15 5.0782890901091458 4.0163424379838117
decision_type=9 9 9 9 9 9 9 9 9 9 10 10 9 9 9 9 10 9 10 9 10 8
left_child=3 2 -2 -1 -5 -6 7 -3 12 -9 11 -11 15 14 20 16 -8 18 -10 -20 21 -14
right_child=1 6 -4 4 5 -7 8 9 17 10 -12 -13 13 -15 -16 -17 -18 -19 19 -21 -22 -23
leaf_value=-0.50125636087851011 -0.84367953113004979 7.0064375984032745 -31.688772437388195 -3.5527690393364142 -0.46145879577359394 2.9540485112681041 3328.437516597779 -25.944228232532023 -39.748501032944823 -1.7145011184005763 124.89388266176184 -31.487557542768037 -31.216832517731053 -84.357115221217427 -31.69812358534794 -35.473637919055626 124.706721968632 0.78801751105938533 -6.7582327269819604 13.646947676908475 -88.135787323260274 78.328117514133567
leaf_weight=264 414 1917 375 110 111 357 37 1025 164 3558 55 383 199 958 396 270 194 9667 443 1620 202 256
leaf_count=264 414 1917 375 110 111 357 37 1025 164 3558 55 383 199 958 396 270 194 9667 443 1620 202 256
internal_value=4.89513e-06 -5.75084e-05 -0.0016236 0.00162295 0.00245593 0.00320625 1.26321e-06 -0.000341872 0.000166666 -0.000760879 -0.000478294 -0.000560361 -0.000752378 -0.00113668 -0.000308452 0.000780701 0.00257407 0.000361329 0.00107124 0.00132276 0.000625559 0.00152626
internal_weight=22975 22133 789 842 578 468 21344 6938 14406 5021 3996 3941 2512 2011 1053 501 231 11894 2227 2063 657 455
internal_count=22975 22133 789 842 578 468 21344 6938 14406 5021 3996 3941 2512 2011 1053 501 231 11894 2227 2063 657 455
cat_boundaries=0 13 26 28 30 31 44 46 60 74 87 88 90 104 106 119 121
cat_threshold=20501 2147745792 1140854912 2415919301 0 260 0 32768 134250496 0 1073741824 64 2228226 0 81936 0 0 1049092 16777280 512 268435456 4104 2147614836 10616832 0 1114112 13632016 69804 2298511424 25268 17 16 0 0 2147483648 0 256 0 0 0 0 1073741824 0 2097154 124822984 436387 3225714688 1140850688 1 0 8437760 1024 0 65536 1024 1079002112 100663296 1048848 8395816 4 17072200 1073741824 2147483648 32768 16826368 5121 0 64 0 1091584000 67112960 288 8395400 19 0 8520768 536870912 2097152 134742272 0 0 0 0 2097155 939524224 16791556 67108864 176 1619591216 87624 294920 0 0 0 0 0 0 0 0 0 4096 256 8 3 2281701394 20996 0 25181248 0 512 3221946376 0 256 16384 65536 1 805306528 285222916 67633152 277348388 1032
is_linear=0
shrinkage=0.045


Tree=326
num_leaves=23
num_cat=16
split_feature=0 3 0 2 3 0 0 0 0 3 3 5 5 5 5 4 3 5 3 0 0 5
split_gain=1.3042 1.24362 0.873563 0.817139 0.686747 2.0383 1.64819 1.34654 1.08279 1.01814 0.785729 1.03591 1.03577 1.1487 0.970325 0.57963 0.879552 0.767315 0.544951 1.40591 1.09225 0.706019
threshold=0 1 2 3 4 5 6 7 8 9 10 4.0517471391904856 2.8617925509761908 3.4175922930736511 3.7494348669884658 11 12 5.344720891341141 13 14 15 6.1537953943602615
decision_type=9 9 9 9 9 9 9 9 9 9 9 8 10 10 10 1 9 8 9 9 9 8
left_child=1 -1 -2 -3 5 -4 9 -7 10 -6 -8 12 -12 -14 -15 16 -13 -18 20 21 -10 -20
right_child=2 3 4 -5 6 7 8 -9 18 -11 11 15 13 14 -16 -17 17 -19 19 -21 -22 -23
leaf_value=-24.719860052852535 -23.642943078288173 -5.0403918195216377 10.971945350795725 2.2182077075109579 -41.763148090355465 -38.243880713808892 0.40297742300777017 -3.5953256785724887 -13.74237196526358 -2.9437257574899611 -2.5887986943242849 -3.6863923898239341 84.745159331455042 -0.2317873896651568 137.11635108188247 -39.586704942228586 41.746718055511181 -8.3039652222741935 15.025745673489338 0.064258727065526253 3.2923672200242349 -27.42887190403113
leaf_weight=212 892 105 2084 562 580 667 454 5089 1516 2617 85 138 100 74 73 119 112 57 1464 2432 3412 131
leaf_count=212 892 105 2084 562 580 667 454 5089 1516 2617 85 138 100 74 73 119 112 57 1464 2432 3412 131
internal_value=3.42723e-05 0.00172222 -3.37897e-05 0.00267084 2.4603e-05 -0.000309476 0.000220693 -0.00074584 0.000500883 -0.000668901 0.00175735 0.00264156 0.00455389 0.00601807 0.00341275 0.0011986 0.00222815 0.00425138 0.000328704 0.000716389 1.09301e-05 0.00175015
internal_weight=22975 879 22096 667 21204 7840 13364 5756 10167 3197 1212 758 332 247 147 426 307 169 8955 4027 4928 1595
internal_count=22975 879 22096 667 21204 7840 13364 5756 10167 3197 1212 758 332 247 147 426 307 169 8955 4027 4928 1595
cat_boundaries=0 14 16 29 30 32 46 60 74 88 90 92 93 95 97 110 123
cat_threshold=16797781 2147745792 1677725824 2415919237 0 4 0 32768 134250496 0 0 96 2228352 16 2285895684 25124 65544 81936 0 0 1098240 16777280 512 0 528392 2231369780 547356672 131072 1114112 17 393323592 15008 2392064 33554436 1 0 8388608 536871168 0 0 3072 7389248 301989904 1048832 75503625 3 2155905024 1124073476 1 32768 0 536875009 0 0 0 7397440 1476399104 256 75504392 2 0 8527936 2147483648 8704 2147483724 0 0 0 0 131075 128 16791556 1024 4 0 8396864 2147483648 8720 3221356876 0 256 1073758208 65536 131073 65696 285218816 525346 4 537020804 393219 3230548006 131392 4 4608 65548 2818572306 115998 1073741824 2098208 0 2097152 402653184 1280 0 8192 3076 8 50331664 3679749 49168 1107296256 2097152 0 2097152 276824064 1280 128 0 3076 8 50462736 3670017 49168
is_linear=0
shrinkage=0.045


Tree=327
num_leaves=23
num_cat=18
split_feature=0 0 3 1 3 0 3 0 0 2 0 3 5 0 3 0 4 3 5 5 3 5
split_gain=1.4676 1.17317 0.995442 0.929155 0.917945 0.61952 0.501541 1.69845 1.16664 0.776422 0.753533 1.33329 0.742555 0.736165 0.711655 0.691302 0.648706 0.60235 0.746046 0.59548 0.669681 0.576557
threshold=0 1 2 3 4 5 6 7 8 9 10 11 5.5816130673839615 12 13 14 15 16 4.2121001622835372 5.5432204948189954 17 3.0201273556387074
decision_type=9 9 9 9 9 9 9 9 9 9 9 9 10 9 9 9 1 9 8 10 9 10
left_child=2 4 3 -1 -2 -4 7 -3 9 -8 11 -9 13 -13 -11 19 -15 18 21 20 -10 -12
right_child=1 6 5 -5 -6 -7 8 10 15 14 17 12 -14 16 -16 -17 -18 -19 -20 -21 -22 -23
leaf_value=19.06731238235383 -0.84274419686661428 -15.032862964716854 -0.0017924400148361564 -32.008791090571108 -17.617867281933464 2.9073762238641798 65.247428752334741 -34.233411480861655 -45.7857457145344 -69.11064416630343 -4.528845084759916 -3.5969388633018533 167.14677179529656 -118.55834451361959 -3.1185493291697837 0.8609948177911072 28.178319944965988 -2.8241295863419018 -0.72020410957661241 -27.192483978205981 8.2744262575191687 45.836235592889885
leaf_weight=108 559 1918 110 211 455 388 465 233 134 868 52 499 198 68 1038 9127 470 3521 307 226 1843 177
leaf_count=108 559 1918 110 211 455 388 465 233 134 868 52 499 198 68 1038 9127 470 3521 307 226 1843 177
internal_value=2.93665e-06 -6.65775e-05 0.00186188 -0.000122358 -0.00155263 0.00310588 5.52927e-06 -0.00029155 0.00016703 -0.000738356 0.000109715 0.000979053 0.00156977 0.00109576 -0.00114025 0.000357079 0.00222545 -0.000206809 0.00118248 0.00107065 0.00132567 0.00313636
internal_weight=22975 22158 817 319 1014 498 21144 7443 13701 2371 5525 1468 1235 1037 1906 11330 538 4057 536 2203 1977 229
internal_count=22975 22158 817 319 1014 498 21144 7443 13701 2371 5525 1468 1235 1037 1906 11330 538 4057 536 2203 1977 229
cat_boundaries=0 14 27 29 31 33 46 48 61 75 76 90 92 105 107 121 122 124 125
cat_threshold=16797701 2147745792 1677725824 2415919237 2147483712 4 0 32768 134217728 0 536870912 96 2228352 16 0 2179088 0 16 1074790912 16779328 768 1073758208 69640 2147483684 10551312 16781312 1114114 2302706176 25268 288 3072 13124112 70564 16777216 262144 0 2147483648 2147483712 0 0 0 0 0 0 32 2097152 2003829960 273337 0 92281920 2147483648 8192 269090816 1024 0 8192 536870912 1073742866 134353024 524820 67134468 35749896 1073741824 0 32768 49156 536875008 128 0 1024 18391104 0 269615104 8395560 2 48 3256877072 1073741824 1 0 16384 256 0 64 1024 1753152 0 1048832 8395304 3 807403648 8465 2097152 0 0 0 16384 0 0 0 0 671744 0 1048576 520 134707974 4 4456448 25172032 2147483648 8704 589832 256 0 268435456 4 67110161 16908320 524816 24580 4 1 536871040 8465 8458240
is_linear=0
shrinkage=0.045


Tree=328
num_leaves=23
num_cat=17
split_feature=0 0 3 0 0 3 3 0 0 0 5 3 5 0 5 5 0 3 5 1 0 3
split_gain=1.46674 1.1767 1.07989 0.940135 0.763827 0.641711 0.565115 1.74157 0.968846 0.643812 0.817184 0.551325 0.697283 1.04552 0.746674 0.538731 0.525525 1.1443 0.724663 0.63182 0.485971 0.526574
threshold=0 1 2 3 4 5 6 7 8 9 2.6735537653587347 10 4.2121001622835372 11 3.8393944990995772 4.6298509007569537 12 13 5.8126357624008849 14 15 16
decision_type=9 9 9 9 9 9 9 9 9 9 10 9 10 9 10 10 9 9 10 9 9 9
left_child=2 5 3 15 -4 -2 7 -3 -8 10 -9 -12 13 -13 -15 -1 17 19 -19 -10 21 -14
right_child=1 6 4 -5 -6 -7 8 9 16 -11 11 12 20 14 -16 -17 -18 18 -20 -21 -22 -23
leaf_value=6.2354490163280438 -94.90281199178736 -14.335628505028728 0.83405980318979789 -45.342523123016257 2.1885179125921113 -2.2191368134281175 -11.28583690373698 -59.38134641094868 2.0027039995916525 -2.0959370803847968 -0.57763766783566395 -36.302579941203589 -35.479724631157055 45.121904682715773 192.05432610195041 -12.904626338614658 0.87502301067235 2.071839368491331 -130.31143618926598 22.235608018365447 58.523807725488915 1.5287425155070535
leaf_weight=143 240 1186 215 261 308 725 2872 172 339 2830 471 101 117 149 63 73 10731 1245 79 204 322 129
leaf_count=143 240 1186 215 261 308 725 2872 172 339 2830 471 101 117 149 63 73 10731 1245 79 204 322 129
internal_value=1.46875e-05 -6.24243e-05 0.00168972 0.000119631 0.00308691 -0.00158905 8.56139e-06 -0.000380945 0.000148236 3.71038e-05 0.000779296 0.00115657 0.00180907 0.00352857 0.00518303 0.00225 0.000318318 0.00101304 0.00028967 0.00273243 0.000884209 -0.000627908
internal_weight=22975 21975 1000 477 523 965 21010 5540 15470 4354 1524 1352 881 313 212 216 12598 1867 1324 543 568 246
internal_count=22975 21975 1000 477 523 965 21010 5540 15470 4354 1524 1352 881 313 212 216 12598 1867 1324 543 568 246
cat_boundaries=0 14 27 29 41 54 56 58 72 85 99 101 114 128 130 132 145 147
cat_threshold=16797765 2147745792 536875136 2415919237 2147483716 4 0 32768 134250496 0 536870912 96 2236544 16 8 1073823760 0 0 1074790912 50333760 768 1073758272 69640 2147483732 10551296 16777216 1114112 2303791680 31268 20481 262144 4096 4 4 0 0 0 32768 0 536870912 96 4097 0 4096 4 4 0 0 32768 32768 0 536870912 32 2097152 688427112 18512 108135616 303514 4194304 27395076 1 0 269123584 536870912 0 0 536870916 148480 436338704 563200 67126276 4 44105728 0 1342177280 32784 16793600 4097 128 74752 0 24125472 128 1180673 8392968 1109721088 67110912 0 2097152 8404992 256 0 8192 3072 1081082112 160 3145728 8425528 2 35782656 262272 0 0 0 2097152 0 0 0 0 0 4194304 0 0 32776 2151677968 132160 2214592512 576 269156352 536870912 0 402653184 4 67240449 33685528 4608 67633184 4 1090877952 2593 134482000 68616 1107296256 0 0 0 8388608 0 0 0 1024 2097152 128 0 32784 4195328 8192
is_linear=0
shrinkage=0.045


Tree=329
num_leaves=23
num_cat=19
split_feature=0 0 3 3 0 5 0 3 0 0 3 5 3 0 3 1 3 0 0 3 1 5
split_gain=1.70218 0.950281 0.991374 0.733853 1.00856 1.30653 0.69881 0.681582 1.70383 1.08817 0.881752 0.907347 0.787437 0.743277 0.81731 0.77615 0.635026 0.575928 0.533775 1.27281 0.72825 0.930134
threshold=0 1 2 3 4 4.5271940351011493 5 6 7 8 9 1.2424533248940004 10 11 12 13 14 15 16 17 18 4.0859410030639109
decision_type=9 9 9 9 9 8 9 9 9 9 9 10 9 9 9 9 9 9 9 9 9 10
left_child=3 2 17 4 -1 -6 -5 8 12 10 11 -9 -3 16 15 -15 -10 -2 19 -11 21 -21
right_child=1 7 -4 6 5 -7 -8 9 13 18 -12 -13 -14 14 -16 -17 -18 -19 -20 20 -22 -23
leaf_value=-0.19793671134835999 20.43745776769946 -73.852511712554261 -72.205417978232632 2.3651837411798606 1.8899711023413708 11.218268998968883 -0.37786020911113655 157.85006469050026 -68.156768725735603 1.2366658294249808 1.9898413568243563 -32.604706367030495 7.4074238498131368 26.002994747373862 -6.6226841291636633 -5.5350760684390909 -11.954053494288768 -2.999640600518469 1.1729378535078905 5.5524821466227587 3.2755025421282489 193.16079698066676
leaf_weight=137 230 192 527 110 190 141 446 103 434 1103 1589 1736 2010 335 2458 221 960 203 9330 54 403 63
leaf_count=137 230 192 527 110 190 141 446 103 434 1103 1589 1736 2010 335 2458 221 960 203 9330 54 403 63
internal_value=2.44799e-05 -5.96241e-05 -0.00143519 0.00180695 0.0031125 0.00444752 0.000665492 4.06977e-06 -0.000373755 0.000177898 -0.000520641 -0.00118882 0.00064634 -0.000883711 -0.000481825 0.00106162 -0.00174111 0.000171909 0.000396853 0.00114771 0.00296053 0.00603488
internal_weight=22975 21951 960 1024 468 331 556 20991 6610 14381 3428 1839 2202 4408 3014 556 1394 433 10953 1623 520 117
internal_count=22975 21951 960 1024 468 331 556 20991 6610 14381 3428 1839 2202 4408 3014 556 1394 433 10953 1623 520 117
cat_boundaries=0 14 27 29 31 44 57 59 73 87 89 91 104 106 108 110 123 136 138 140
cat_threshold=16793621 2147745792 1140854912 2415919237 2147483716 2052 0 32768 134250496 0 536870912 96 2236544 16 33619976 1073823808 0 0 1074839552 16777280 768 1073758208 528392 2164260868 10485776 131072 1114112 12599328 94876 43402770 459400 4 262144 67112960 0 0 2048 0 0 32768 0 536870912 0 2097152 16388 262144 67108992 0 0 2048 0 0 0 0 536870912 0 2097152 124789952 306073 3223617536 67239940 0 0 8388608 256 0 0 1024 7340104 0 1048832 8428089 6 32832 67108880 0 32784 256 4097 128 65600 1024 7344744 4104 1048577 8395528 4 2013760034 4132 35651712 1 4096 5152 536870912 2097152 268959744 0 0 0 2048 148482 167903360 16824324 2214609926 33562816 262161 16464 1604 51388480 294929 33554432 81984 0 0 1081344 64 0 0 0 0 16 0 1048576 4198400 4096 2684354560 8768 720904 33554432 0 268435456 0 1140982801 33751072 285741060 540672 2156429882 87044 0 1552
is_linear=0
shrinkage=0.045


Tree=330
num_leaves=23
num_cat=15
split_feature=0 0 3 0 0 3 5 3 0 0 3 0 0 3 5 5 5 5 5 5 0 1
split_gain=1.61444 0.969386 0.813807 0.992945 0.749371 0.606492 0.603852 0.496434 1.70021 1.10769 0.734968 0.670117 0.647109 1.44631 0.774534 0.574982 0.776075 0.513316 0.510911 0.493547 0.889712 0.669268
threshold=0 1 2 3 4 5 4.5379471377116305 6 7 8 9 10 11 12 5.5274410133216039 5.173316863805991 4.5695295849856103 2.6735537653587347 1.4978661367769956 4.135134555718313 13 14
decision_type=9 9 9 9 9 9 8 9 9 9 9 9 9 9 10 8 10 10 10 8 9 9
left_child=2 5 4 -4 -1 -2 -5 8 19 10 -9 -10 13 14 15 16 -11 -15 -13 21 -21 -3
right_child=1 7 3 6 -6 -7 -8 9 11 12 -12 18 -14 17 -16 -17 -18 -19 -20 20 -22 -23
leaf_value=-75.353451070311323 -0.37566670799894275 33.134183265044882 0.065014409968763898 1.5846219123241876 2.0979387088978081 -10.310585460186063 69.482139377525897 0.057384239952670765 -13.802657971706298 37.015523647111337 -18.541551923922182 15.41777159009864 1.0963248556479777 -65.565488382461808 -21.578926545585613 303.81085737647743 -16.952886522720579 3.8972529009337524 -6.1567059234482704 -47.748788418613927 15.872103226432191 10.212783499742171
leaf_weight=104 536 242 238 218 262 758 123 1231 900 191 1137 274 10417 110 38 36 65 1115 3516 257 699 508
leaf_count=104 536 242 238 218 262 758 123 1231 900 191 1137 274 10417 110 38 36 65 1115 3516 257 699 508
internal_value=4.79817e-05 -3.06244e-05 0.00185737 0.00290101 0.000166666 -0.00121976 0.00444901 4.42442e-05 -0.000285113 0.000191261 -0.000695799 -0.000727351 0.000367239 0.00122048 0.00381579 0.00471428 0.00390698 0.000491106 -0.0004616 0.00092724 0.000253652 0.00179521
internal_weight=22975 22030 945 579 366 1294 341 20736 6396 14340 2368 4690 11972 1555 330 292 256 1225 3790 1706 956 750
internal_count=22975 22030 945 579 366 1294 341 20736 6396 14340 2368 4690 11972 1555 330 292 256 1225 3790 1706 956 750
cat_boundaries=0 14 27 29 41 54 56 58 71 84 86 100 114 116 127 129
cat_threshold=16797765 2147745856 67113088 2415919237 2147483652 2048 0 1073741824 134250496 0 536870912 96 139392 16 33619976 81920 2147483648 16 1097728 16777216 768 16384 8 2147483652 44040192 17305604 1115138 2303823872 22532 16385 262144 67112960 0 4 2048 0 0 32768 0 536870912 32 4 0 0 5 0 0 0 1073741824 0 0 0 0 8320 549883920 8868 1181123584 273065 3231973376 48 1073741824 0 402784256 256 0 8256 1024 2228224 285212720 1057025 2223003656 10485760 1075838992 0 2129984 268436224 4164 128 0 1024 19015712 1073741840 1056769 75503624 562649368 20544 4227072 8520704 1 0 0 0 0 134250496 2048 1077940480 201457792 2099200 32 4 4194320 67244032 0 8704 1090519040 1 0 268468224 69632 71303505 134418440 0 2621440 4 2282824032 163840 1073741824 32 0 0 134217728 256 0 8192 1024 0 16 1074282520 296
is_linear=0
shrinkage=0.045


Tree=331
num_leaves=23
num_cat=17
split_feature=0 0 3 3 0 0 3 0 0 0 3 5 0 0 5 5 2 3 5 5 0 3
split_gain=1.47473 0.878525 0.797728 0.568721 1.63947 0.91966 0.870595 0.716643 0.621607 0.518469 0.494917 0.758422 0.532495 0.494199 0.637935 0.641219 0.533077 0.483448 0.456769 0.621301 0.44919 1.10988
threshold=0 1 2 3 4 5 6 7 8 9 10 inf 11 12 5.0906732680195743 5.4785512376367516 13 14 4.0859410030639109 5.0072908000208587 15 16
decision_type=9 9 9 9 9 9 9 9 9 9 9 8 9 9 8 10 9 9 8 10 9 9
left_child=2 -2 -1 4 10 6 7 -5 -6 -4 12 -12 -3 14 -8 -16 18 -18 -15 -20 -7 -22
right_child=1 3 9 5 8 20 13 -9 -10 -11 11 -13 -14 16 15 -17 17 -19 19 -21 21 -23
leaf_value=2.3704315390784845 -6.9980949920925051 2.1905889092102204 -0.79397636078619938 -9.5382036149283511 23.581414068153574 -0.1982566036707239 0.62999012499248552 -129.16999325824889 0.032595842864022 2.2372386394895933 -34.507304689766706 13.387223276751339 -33.339579043623118 -146.27868884391899 587.25980564647841 11.801937918209727 -103.00625539253663 0.60811998691950864 146.97479085458622 122.67825880460377 0.45857592107520417 4.4058765228930694
leaf_weight=218 1163 552 305 967 384 4520 177 447 3682 347 915 53 574 48 37 44 242 372 48 75 4576 3229
leaf_count=218 1163 552 305 967 384 4520 177 447 3682 347 915 53 574 48 37 44 242 372 48 75 4576 3229
internal_value=3.23139e-05 -3.96764e-05 0.00183673 2.74877e-05 -0.000335387 0.000178855 -0.000614217 -0.00133801 0.000192005 0.00100301 -0.0013547 -0.00210306 -0.000695959 0.000371089 0.00203333 0.00536747 -0.000197617 -0.00081949 0.00194262 0.003492 0.000337399 0.000544006
internal_weight=22975 22105 870 20942 6160 14782 2457 1414 4066 652 2094 968 1126 1043 258 81 785 614 171 123 12325 7805
internal_count=22975 22105 870 20942 6160 14782 2457 1414 4066 652 2094 968 1126 1043 258 81 785 614 171 123 12325 7805
cat_boundaries=0 13 26 28 30 44 57 59 72 85 98 100 112 125 126 128 142 144
cat_threshold=16465 262208 1140854912 268435588 516 2052 0 1073774592 134217728 0 1610612736 96 2236544 37818376 2147565568 0 2147483648 1097728 16777216 768 16448 8 2214723588 44040192 4100 1114112 9552418 65536 1181983744 272521 2147483648 8526852 1 0 655360 536870912 0 0 536872960 21506 67240080 2166886016 1024 4 10485764 1142947840 0 32769 268435712 5184 128 8192 0 19933728 4096 1187841 8409100 16779990 234022 10485764 67108864 0 0 256 4160 0 8192 0 0 0 8193 12 2097152 67108864 0 1 0 0 0 8192 32768 3145728 16777216 1056768 8409088 81 262144 0 268435456 516 0 0 32768 0 0 0 0 2236544 37889024 262273 2147483648 8390656 1 0 0 0 0 0 0 20482 67108880 2150106112 0 2097152 0 1 268435456 1024 0 0 0 2099200 0 1048576 8388612 16 2281963552 16384 163840 8208 536870912 0 8388608 0 0 134283264 1152 1082130762 285212704 268435720 2214628882 17 2978500922 151808
is_linear=0
shrinkage=0.045


Tree=332
num_leaves=23
num_cat=19
split_feature=0 3 0 3 0 0 3 0 3 3 1 3 0 3 3 0 3 5 5 5 4 0
split_gain=1.43827 1.33376 0.903945 0.576962 1.55016 1.03387 0.688315 0.562595 1.07757 0.937606 0.546322 1.08228 0.663059 0.599242 0.545669 0.677276 0.541555 0.521754 1.02761 0.517577 0.514906 1.38592
threshold=0 1 2 3 4 5 6 7 8 9 10 11 12 13 14 15 16 3.9607678160667752 3.6762205501217919 3.2769667020129059 17 18
decision_type=9 9 9 9 9 9 9 9 9 9 9 9 9 9 9 9 9 10 8 10 1 9
left_child=1 -1 16 4 14 6 -5 9 17 -7 11 -10 -13 -14 15 -4 19 18 -9 -2 21 -6
right_child=2 -3 3 5 20 7 -8 8 10 -11 -12 12 13 -15 -16 -17 -18 -19 -20 -21 -22 -23
leaf_value=3.4245823940839091 -32.839977271891001 0.2441593966666066 1.8995148512217233 1.7396756624137359 84.366637607706025 -12.215381302432759 -31.558432874172027 1.5901002978282661 -2.5470822789968466 0.53576871762099398 1.6798286706353001 1.5969660163449257 25.755202048909911 248.19913544886151 0.9827679083725871 18.627515432473871 -37.283939302034838 3.5509877767501545 156.02231923674759 7.6713211765572353 -9.2494102812453054 -7.0560746091135158
leaf_weight=367 115 621 382 1210 233 281 1657 110 356 3915 5728 289 211 185 1077 391 739 222 51 310 3343 1182
leaf_count=367 115 621 382 1210 233 281 1657 110 356 3915 5728 289 211 185 1077 391 739 222 51 310 3343 1182
internal_value=4.99402e-05 0.001719 -2.59795e-05 4.25475e-05 -0.000304533 0.000204012 -0.000558007 0.000396918 0.000639446 -1.71113e-05 0.000505013 0.00144872 0.00248565 0.00368382 0.000797528 0.00170255 -0.0012398 0.00292785 0.00494172 5.14864e-05 -0.000733963 -1.58797e-05
internal_weight=22975 988 21987 20823 6608 14215 2867 11348 7152 4196 6769 1041 685 396 1850 773 1164 383 161 425 4758 1415
internal_count=22975 988 21987 20823 6608 14215 2867 11348 7152 4196 6769 1041 685 396 1850 773 1164 383 161 425 4758 1415
cat_boundaries=0 13 15 28 30 44 58 60 73 75 77 79 81 85 87 89 102 104 105 118
cat_threshold=16465 262208 1073741952 268435653 516 260 128 1073774592 134219776 0 1610612736 96 2236544 575010 204968 33619976 2147565568 268435456 2147483664 1097792 16777216 768 16448 524296 2164260868 44040192 135172 9437440 1181910080 272568 2101248 48 536870912 0 142737408 64 0 8192 1024 3326016 16777248 1057040 53800 1 8425476 1107296288 0 32768 268435456 5184 0 8192 33792 3334240 0 1057024 20492 17 2424852488 217152 2228224 2097172 536870912 0 159383552 1 0 65536 128 526850 16777376 18908160 2214627890 75904 32769 75784 32833 537149668 160 2416463872 212994 4456448 67108864 2147487745 2097664 142606864 4352 1142063168 40 0 0 0 0 8388608 0 0 0 1024 1048576 16777216 16 520 549486592 8956 2 32768 16777216 0 0 524288 536871936 0 0 0 8392704 0 33792 67108864
is_linear=0
shrinkage=0.045


Tree=333
num_leaves=23
num_cat=15
split_feature=0 3 0 5 3 0 3 0 0 0 3 5 3 5 5 3 5 0 3 5 5 3
split_gain=1.44355 1.35643 1.09285 0.861011 0.775669 0.545711 0.538942 1.86158 1.4832 0.801386 0.79988 0.695952 0.624809 0.74101 1.36108 0.532321 0.50483 0.474272 1.18301 0.597154 0.514546 0.504216
threshold=0 1 2 2.6735537653587347 3 4 5 6 7 8 9 5.2600927804663344 10 3.9607678160667752 3.5408542930527882 11 5.6365721362514982 12 13 2.740319461670996 3.1984648276080736 14
decision_type=9 9 9 10 9 9 9 9 9 9 9 10 9 10 8 9 10 9 9 10 10 9
left_child=1 3 4 -1 -2 -3 7 11 10 15 -8 12 13 14 -4 -9 -11 18 19 -10 -21 -19
right_child=2 5 6 -5 -6 -7 8 9 17 16 -12 -13 -14 -15 -16 -17 -18 21 -20 20 -22 -23
leaf_value=194.56644994179388 -0.79704351283938446 233.505612028364 1.4511343095860223 1.9644797200118229 -16.242267425158467 0.24858837451313462 -43.498971497304851 -0.98063191719646137 -80.721217167056906 -1.2865289981683905 -2.5932442169452141 141.65092581223453 0.69607434788608413 1.3659941134636728 247.11584690724317 -16.085998410711241 -18.735736095553023 3.7110760747641782 6.4169012332957944 11.592401563765602 0.96715338425698261 0.28935816522529056
leaf_weight=40 702 105 64 185 611 771 591 520 126 3800 1707 312 1003 155 62 879 486 2545 670 78 1067 6496
leaf_count=40 702 105 64 185 611 771 591 520 126 3800 1707 312 1003 155 62 879 486 2545 670 78 1067 6496
internal_value=3.23139e-05 0.00161321 -4.8114e-05 0.0046519 -0.00130076 0.000780404 3.25902e-05 -0.000278282 0.000203129 -0.000659559 -0.000833767 0.00107463 0.000615862 0.00244198 0.0050625 -0.00159143 -0.000351793 0.000420774 0.0010576 0.00024201 0.000568874 0.000282833
internal_weight=22975 1101 21874 225 1313 876 20561 7281 13280 5685 2298 1596 1284 281 126 1399 4286 10982 1941 1271 1145 9041
internal_count=22975 1101 21874 225 1313 876 20561 7281 13280 5685 2298 1596 1284 281 126 1399 4286 10982 1941 1271 1145 9041
cat_boundaries=0 13 15 28 30 43 45 58 71 85 87 89 91 105 107 109
cat_threshold=2147500113 262144 1140854912 268435653 68 260 128 1073774592 134219776 0 1610612736 96 2236544 87074 196616 33624064 2164342784 64 2147483664 3222323200 553648640 0 17408 8 2147483652 10682376 4100 9437184 2731541174 37572 0 0 67108864 268435520 0 0 0 0 134217728 0 0 96 2097152 2809267204 305833 262144 1073741856 0 0 134348800 64 0 65600 1024 5275712 48 16785664 6664 25427980 1073741824 0 32768 0 33558592 0 65536 1024 17842496 16 16917504 547336 2097152 8388672 536870912 8192 268959744 0 0 134217728 536907776 1075974144 201330688 559232 67108900 5 1208072490 272 2164260868 32800 35651584 264328 4194304 75501632 2684354560 8704 17367048 1 256 268435456 69636 131089 134221824 270010368 67108896 4 1082704018 69972 1082755458 65808
is_linear=0
shrinkage=0.045


Tree=334
num_leaves=23
num_cat=17
split_feature=0 3 0 3 5 3 0 0 0 5 3 0 3 3 5 5 2 3 0 5 0 3
split_gain=1.20825 1.02302 0.900998 0.602741 0.558362 0.543951 1.96395 1.29663 0.953866 0.85002 0.797146 0.735559 1.20447 0.675148 0.664881 0.629051 0.625215 0.713357 0.616719 0.59133 0.731695 0.599001
threshold=0 1 2 3 3.4811217321331038 4 5 6 7 1.2424533248940004 8 9 10 11 4.2696729980286863 4.6298509007569537 12 13 14 4.4942230200312032 15 16
decision_type=9 9 9 9 10 9 9 9 9 8 9 9 9 9 10 10 9 9 9 8 9 9
left_child=1 4 3 -2 -1 6 9 16 10 -4 -8 12 14 15 -9 -11 -7 -18 -19 20 21 -14
right_child=2 -3 5 -5 -6 7 8 11 -10 13 -12 -13 19 -15 -16 -17 17 18 -20 -21 -22 -23
leaf_value=-64.454053291662973 2.6999240015186916 -15.617875182293544 152.74941964197191 0.51124837325709604 6.1198919424203346 4.9816741107230458 -10.564097391264726 76.026944836053005 -3.4261707305138414 -34.529119918872766 -56.504956332496782 1.0184791030303582 7.557894311959366 10.796296892399821 47.703420213351151 26.250596659141184 -81.559890101343996 -61.53719817460648 1.4270827581583596 -0.4989051951619477 9.9439726387322445 -3.8367794621928195
leaf_weight=149 212 568 52 515 385 583 478 56 4542 475 518 9722 131 1148 46 255 888 228 978 528 219 299
leaf_count=149 212 568 52 515 385 583 478 56 4542 475 518 9722 131 1148 46 255 888 228 978 528 219 299
internal_value=-1.66482e-05 -0.0014623 5.69557e-05 0.00160149 -3.29681e-05 2.97652e-06 -0.000305616 0.000171584 -0.000736217 0.000926878 -0.00199107 0.000387768 0.00139775 0.000770744 0.0058421 -0.000303236 -0.000714579 -0.00107692 -0.000354681 0.000957526 0.00187327 0.000712669
internal_weight=22975 1102 21873 727 534 21146 7468 13678 5538 1930 996 11001 1279 1878 102 730 2677 2094 1206 1177 649 430
internal_count=22975 1102 21873 727 534 21146 7468 13678 5538 1930 996 11001 1279 1878 102 730 2677 2094 1206 1177 649 430
cat_boundaries=0 13 15 28 30 32 45 59 73 75 88 90 92 93 95 108 121 123
cat_threshold=0 2164342784 67108928 268435520 2148532224 553648704 0 17408 65544 2147483652 10682376 4100 9502720 2186281490 4836 80 262144 1073746048 133 4 4 0 1073774592 134219776 0 1610612736 64 139264 575010 196616 1735525382 273065 2181087233 1073872896 0 2097152 0 256 0 65600 33792 1605640 33554480 16785697 2147522056 2181087245 1073872896 0 32768 49152 4096 0 65536 1024 17859616 33554448 285221152 6664 16 0 8389696 536870912 8704 268435464 1024 0 0 4096 4325632 201330688 526480 36 5 573572096 272512 266240 67108928 2684354560 8704 1090519048 1 256 268435456 4096 67239953 201330688 526352 132 8288 32770 102892544 270464 48 134490720 49428 33554440 0 0 0 32768 0 0 0 0 1048576 0 16777248 4608 262144 67108864 536870912 0 0 0 0 0 0 131088 134217728 2064 4 2155905024 20480
is_linear=0
shrinkage=0.045


Tree=335
num_leaves=23
num_cat=18
split_feature=0 3 0 3 0 5 3 0 0 3 5 0 0 3 0 3 0 5 0 5 2 0
split_gain=1.42601 1.21284 0.986334 0.751213 1.01879 0.68471 0.540488 1.8669 0.957042 0.857461 0.848697 0.784633 0.674238 0.666997 0.62018 0.8621 0.617202 0.601647 0.573608 0.80348 0.539622 0.538896
threshold=0 1 2 3 4 3.4498615536424366 5 6 7 8 1.2424533248940004 9 10 11 12 13 14 3.7256208424938388 15 4.863673427408628 16 17
decision_type=9 9 9 9 9 10 9 9 9 9 8 9 9 9 9 9 9 8 9 10 9 9
left_child=1 5 3 4 -2 -1 7 10 9 12 -4 -9 -8 -12 15 18 20 -14 19 -10 -17 -5
right_child=2 -3 6 21 -6 -7 8 11 14 -11 13 -13 17 -15 -16 16 -18 -19 -20 -21 -22 -23
leaf_value=-125.57325197457638 0.14899083686366568 -18.934759855820865 183.03852027788867 1.2747297915377189 3.8166782915423139 22.131242560598217 0.99280056035057673 -20.055545618044814 -43.089940583952703 1.7660623162106834 24.97812037801441 -2.8254550390718909 39.392182904647761 0.61616034412332277 0.44592593925297658 -94.011010046078226 -92.257238359934334 5.8564962652778529 6.6783006857256559 108.62909918572547 -0.3910692758366931 -1.6100628948909603
leaf_weight=124 219 463 47 107 249 259 261 1281 187 2158 650 3326 134 1150 9631 114 509 333 684 69 682 338
leaf_count=124 219 463 47 107 249 259 261 1281 187 2158 650 3326 134 1150 9631 114 509 333 684 69 682 338
internal_value=-1.46897e-05 -0.00181469 5.50777e-05 0.00149351 0.0027375 7.97458e-05 -7.6325e-06 -0.000350759 0.000142547 0.000875775 0.000854491 -0.000834922 0.00220135 0.000699222 -3.63402e-05 -0.000707799 -0.00145217 0.00322234 0.000330881 -0.00144403 -0.000646041 0.000147701
internal_weight=22975 846 22129 913 468 383 21216 6454 14762 2886 1847 4607 728 1800 11876 2245 1305 467 940 256 796 445
internal_count=22975 846 22129 913 468 383 21216 6454 14762 2886 1847 4607 728 1800 11876 2245 1305 467 940 256 796 445
cat_boundaries=0 13 15 28 30 43 45 59 73 75 89 101 103 117 119 132 145 146 156
cat_threshold=1 2147565568 2214592576 64 3239051264 16777792 256 268452864 4104 2147614724 2293760 4096 9437184 46137872 4772 84 262144 1073746048 133 4 4356 0 1073774592 134318080 512 1073741824 64 139264 2181613106 200840 16 262144 4096 133 0 4096 0 0 65536 0 1073741824 0 8192 660608100 403618 1078214656 10616864 0 0 268435456 0 0 65536 1028 1077428232 33558528 1081648 2147490344 2 8458240 100677712 0 2105856 590088 2048 0 0 0 4194579 335544368 16779776 32768 4 1450890 66113 65536 16787536 536870912 2105344 524544 536870912 0 0 0 4227330 335544464 285739012 67158020 4 8388608 33556480 0 0 524544 0 0 0 0 256 268435456 2560 83890176 141346 4243464 1075839008 0 32768 49152 536871937 0 0 0 1091589160 33554432 131108 530592 17 143704088 16408 8 32 0 0 16384 536871936 0 0 0 20488 33554432 4 524288 8 32 0 0 0 536870912 0 0 0 1073758208 33554432 4 4096 2 0 262144 4096 129 0 0 0 0 65536 512
is_linear=0
shrinkage=0.045


Tree=336
num_leaves=23
num_cat=17
split_feature=0 3 0 3 0 3 0 0 0 3 5 0 3 5 0 3 5 5 3 0 5 3
split_gain=1.18562 1.18067 1.07796 0.931011 0.804625 0.592768 1.7062 1.041 0.677362 0.661297 0.519076 0.486077 0.753538 0.441813 0.440627 0.923908 0.424636 0.606365 0.413067 0.354478 0.549575 0.356691
threshold=0 1 2 3 4 5 6 7 8 9 5.0205801788306017 10 11 4.2121001622835372 12 13 4.2413008733233104 4.1026092131977068 14 15 4.7140145363037149 16
decision_type=9 9 9 9 9 9 9 9 9 9 10 9 9 10 9 9 10 8 9 9 8 9
left_child=1 4 3 -2 -1 6 19 9 18 -7 -6 -3 13 -13 15 -9 17 -17 -8 20 -4 -21
right_child=2 11 5 -5 10 7 8 14 -10 -11 -12 12 -14 -15 -16 16 -18 -19 -20 21 -22 -23
leaf_value=-0.60899900640039706 -1.1772257630517637 0.60377584773257731 61.02199755704136 -22.3559120673332 8.5559127324328088 -46.922175077724617 -49.758605409146284 -17.266585457209437 -4.3619174026724075 -1.3299483559615439 -9.5654820626994645 -1.205227179577943 -27.811834567213815 103.63431057405295 1.4367745894645714 5.183166501430521 10.334868544782934 106.41760266748906 -14.546481184076626 18.493759311247342 -23.219588666780169 0.90504229791673552
leaf_weight=112 557 247 63 459 262 803 324 222 3488 2627 47 71 203 38 10205 162 220 42 790 538 37 1458
leaf_count=112 557 247 63 459 262 803 324 222 3488 2627 47 71 203 38 10205 162 220 42 790 538 37 1458
internal_value=2.0563e-05 0.00154234 -4.8054e-05 -0.00147082 0.00331524 2.16511e-05 -0.000327274 0.000185439 -0.000811445 -0.000496805 0.0045 0.000165498 -0.001 0.00189669 0.000401407 0.00153191 0.00274541 0.00428155 -0.00177442 0.000734344 0.00321428 0.000591632
internal_weight=22975 980 21995 1016 421 20979 6698 14281 4602 3430 309 559 312 109 10851 646 424 204 1114 2096 100 1996
internal_count=22975 980 21995 1016 421 20979 6698 14281 4602 3430 309 559 312 109 10851 646 424 204 1114 2096 100 1996
cat_boundaries=0 14 16 29 31 44 46 60 73 87 89 102 104 116 118 120 133 135
cat_threshold=16404 0 3221229696 133 4 4100 0 32768 134318080 256 1610612736 64 139392 16 2181563954 221832 4096 2149662720 67108928 64 17825792 553648704 0 268452864 4104 2147483652 2293760 4100 9437184 181928466 4772 16384 0 4096 4 0 0 0 0 0 0 1610612736 0 8192 658900064 404129 1078231040 1082523680 0 2097152 0 256 0 64 1024 1572872 50331680 2098576 2147490344 2 21004296 1082130432 0 32768 49152 257 0 0 1024 18368552 8388624 2753824 2147490056 2162688 16779328 536870912 8704 268959744 1024 0 0 0 1084363794 67108992 16779264 67125252 4 2418062084 33090 16404 0 4096 5 0 0 0 0 65536 0 1610612736 0 8192 8667136 4128 8454144 67110976 536870912 8704 3489660936 0 256 0 0 1073741841 4096 268435456 9502730 69640 50462784 139265 0 1073741824 0 0 0 256 0 64 0 524288 0 0 4096 16777312 131104
is_linear=0
shrinkage=0.045


Tree=337
num_leaves=23
num_cat=15
split_feature=0 3 0 3 5 3 0 0 5 0 5 3 3 0 5 5 3 5 0 4 5 0
split_gain=1.29164 1.3313 0.891474 1.42455 0.626824 0.62638 1.36183 0.795154 0.785574 0.642071 0.615889 0.565402 0.559602 0.773938 0.729306 0.587644 0.585018 0.567086 0.54148 0.595976 0.528396 0.453294
threshold=0 1 2 3 3.9981586158983733 4 5 6 2.4414009612931857 7 3.5972184255501678 8 9 10 3.3842466058243152 6.1537953943602615 11 4.6681339642869872 12 13 1.2424533248940004 14
decision_type=9 9 9 9 10 9 9 9 10 9 10 9 9 9 10 10 9 10 9 1 8 9
left_child=1 -1 3 4 -2 6 20 8 -7 11 -3 -8 -10 15 -15 17 -16 -14 19 -5 -4 -9
right_child=2 10 5 18 -6 7 9 21 12 -11 -12 -13 13 14 16 -17 -18 -19 -20 -21 -22 -23
leaf_value=-75.741000482193911 14.987189129669725 -40.484302878065549 131.27414022284907 2.1284883977688565 1.1915641212584889 -19.30662517846168 -49.444270018185854 -4.4654502789882287 0.89466216717097513 -3.8033244648598492 0.94663773960438913 -13.705331589755373 1.1295553241257006 71.680540620498817 -19.172090120709139 -135.57672949689439 16.331794734872876 50.938386229115189 -1.8213938879411835 -64.514018876105155 1.4557907440726627 0.84325269605594988
leaf_weight=332 128 243 57 155 122 194 274 2327 683 3876 495 584 548 64 106 38 231 248 392 53 2192 9633
leaf_count=332 128 243 57 155 122 194 274 2327 683 3876 495 584 548 64 106 38 231 248 392 53 2192 9633
internal_value=2.0563e-05 -0.00149723 9.54728e-05 0.00151392 0.00429389 3.73797e-05 -0.000310723 0.000210237 0.00101271 -0.000743364 -0.000408001 -0.00185173 0.00129375 0.00185846 0.00347579 0.00104255 0.00269469 0.00131955 0.000294117 0.00208636 0.00059907 6.76568e-05
internal_weight=22975 1070 21905 850 250 21055 6983 14072 2112 4734 738 858 1918 1235 401 834 337 796 600 208 2249 11960
internal_count=22975 1070 21905 850 250 21055 6983 14072 2112 4734 738 858 1918 1235 401 834 337 796 600 208 2249 11960
cat_boundaries=0 13 15 29 31 33 46 60 74 76 78 90 92 104 105 118
cat_threshold=4096 3223404544 603979840 2415919168 1048576 16777792 0 268452864 4104 2147483652 10682368 528388 9437184 2299565088 92184 16468 0 3221229696 133 0 4100 0 32768 134316032 256 536870912 64 139392 16 34149378 205480 929180770 273056 2181332992 109445156 0 2097152 134217728 256 0 64 1024 1048584 16781352 1329 2147522568 8454144 14416 0 8704 3221815820 2048 256 0 0 1082164241 33554432 286263296 32 4 0 2128 0 8704 268959756 0 0 0 2048 1073775618 0 16779392 67125284 4 553656418 8192 3230220288 38160 8454144 4176 0 0 524288 0 0 0 0 8422416 33554432 1050624 32772 4 16400 0 4096 4 0 4 0 32768 134217728 256 0 64 4 2197848072 8519680 1 2129920 49152 257 0 0 1024 18352672 268435504 131105 2627592
is_linear=0
shrinkage=0.045


Tree=338
num_leaves=23
num_cat=17
split_feature=0 3 0 3 5 5 3 0 0 3 0 5 5 0 0 3 0 5 1 0 3 3
split_gain=1.32938 1.11983 0.86606 1.08245 0.490134 0.683438 0.471484 1.56511 0.838392 1.07132 1.10909 0.865667 0.588571 0.676538 0.587136 0.556169 0.641906 0.588417 0.716195 0.520111 0.583757 0.499837
threshold=0 1 2 3 3.4811217321331038 3.9607678160667752 4 5 6 7 8 2.602003343538398 2.602003343538398 9 10 11 12 1.7005986908310777 13 14 15 16
decision_type=9 9 9 9 10 10 9 9 9 9 9 8 8 9 9 9 9 10 9 9 9 9
left_child=1 4 3 -2 -1 -6 7 -4 9 10 -8 -12 -11 -14 15 17 -17 -9 -19 20 -10 -15
right_child=2 -3 6 -5 5 -7 8 14 19 12 11 -13 13 21 -16 16 -18 18 -20 -21 -22 -23
leaf_value=-30.531279819327771 3.295960651082011 -11.215245284897071 -21.501224286447638 0.32622420562331178 13.540368035210182 1.8157265177679187 44.846711228717169 204.23872274742794 -27.174647268981467 -110.84340771808594 28.047696278715364 1.7792259472925078 -3.7873683828787783 -48.826637119432469 -1.9674471105146982 -44.069099368589733 7.7412509708961785 -26.606855486301153 29.894270320702176 0.43579316987794836 -3.4960027025347817 5.3503241937933552
leaf_weight=64 244 644 1332 591 36 137 226 73 210 85 35 675 984 108 2561 268 204 248 775 12056 675 744
leaf_count=64 244 644 1332 591 36 137 226 73 210 85 35 675 984 108 2561 268 204 248 775 12056 675 744
internal_value=3.42723e-05 -0.00166797 0.000103003 0.00151417 0.00095783 0.00223714 4.67527e-05 -0.000313266 0.000171346 0.000867374 0.00210759 0.00118421 0.00025375 0.000426005 0.000120622 0.000803163 -0.000483472 0.0013565 0.00108439 1.7022e-05 -0.00102843 0.00134375
internal_weight=22975 881 22094 835 237 173 21259 5461 15798 2857 936 710 1921 1836 4129 1568 472 1096 1023 12941 885 852
internal_count=22975 881 22094 835 237 173 21259 5461 15798 2857 936 710 1921 1836 4129 1568 472 1096 1023 12941 885 852
cat_boundaries=0 13 15 29 31 33 47 61 63 77 91 105 107 120 122 135 137 138
cat_threshold=4096 2149597184 2214592576 2415919168 1074806788 16777728 0 1024 4104 2214592516 10682368 16781312 9437184 38273536 4256 16388 1073741824 1610612864 5 8 6148 0 32768 134318080 256 0 64 139392 16 2148075042 65672 929170560 395425 2189492240 67246148 0 0 524544 536870912 0 0 0 14811138 436207760 526352 67141636 1 2155937792 75634688 0 512 2164850944 0 256 1342193664 0 14680145 301989904 526352 32768 1 1074018658 29456 0 67108864 0 0 0 0 0 0 0 2097152 268435472 524288 32768 1 2147483648 75497472 0 0 524288 0 0 268435456 0 6291456 301989904 526336 32768 1 6553600 16 1 2097280 0 256 0 73728 1024 1065992 16781344 1412 2147490824 2 591527936 131232 0 0 1 0 0 0 0 0 0 1032 4096 1028 8 1572868 66056 20971520 0 1 32896 32768 320 128 64 1024 16793632 8 268435489 530720 1114726 8200 8912896
is_linear=0
shrinkage=0.045


Tree=339
num_leaves=23
num_cat=17
split_feature=0 0 3 3 3 0 0 0 3 3 0 3 0 5 5 5 3 0 5 5 0 0
split_gain=1.22169 0.997378 1.4501 0.662216 0.526115 1.79873 1.49925 0.916433 0.780832 0.720581 0.686979 0.923526 0.639302 0.633003 0.897911 0.89122 0.567735 0.564422 0.523981 0.68792 0.661939 0.500887
threshold=0 1 2 3 4 5 6 7 8 9 10 11 12 4.945201156493737 5.0657496176235997 4.166635176627655 13 14 4.7664292796317111 4.6395599436855051 15 16
decision_type=9 9 9 9 9 9 9 9 9 9 9 9 9 10 10 8 9 9 8 10 9 9
left_child=3 2 -2 -1 5 8 16 9 -3 -7 11 -8 -10 15 -15 21 -6 -17 19 -13 -20 -14
right_child=1 4 -4 -5 6 7 10 -9 12 -11 -12 18 13 14 -16 17 -18 -19 20 -21 -22 -23
leaf_value=6.2646004763462022 3.5815660947762598 13.315164250714815 0.44433475663269245 -11.966538853254383 -46.601363112825702 -0.94679200839445288 14.411469035205405 -2.14323198792238 -32.901669460617541 -32.127365721573589 1.341285307060788 7.9102398137205139 -47.157756882178901 133.49182962689525 17.623461819826584 0.54813296829457336 -5.6408021050936688 -129.18947117059741 -80.518005479408671 94.91261574328945 1.6867781988343364 29.60995412987165
leaf_weight=115 242 1375 854 581 603 493 250 5369 466 649 8117 758 110 35 196 125 1688 169 107 58 353 262
leaf_count=115 242 1375 854 581 603 493 250 5369 466 649 8117 758 110 35 196 125 1688 169 107 58 353 262
internal_value=2.25214e-05 8.09509e-05 0.00139711 -0.0018178 1.21008e-05 -0.000242469 0.000209441 -0.000649166 0.000723272 -0.00180156 0.000455359 0.00132835 -4.25465e-05 0.000658415 0.00268455 -4.04202e-05 -0.000822624 -0.00188514 0.000817546 0.00150733 -0.000389611 0.00141979
internal_weight=22975 22279 1096 696 21183 9249 11934 6511 2738 1142 9643 1526 1363 897 231 666 2291 294 1276 816 460 372
internal_count=22975 22279 1096 696 21183 9249 11934 6511 2738 1142 9643 1526 1363 897 231 666 2291 294 1276 816 460 372
cat_boundaries=0 13 27 29 31 33 46 59 73 75 77 90 92 105 107 119 132 144
cat_threshold=0 2149597184 67108928 2415919168 1048576 16777728 0 1024 4104 2147483716 10551296 16781312 9437184 2147500036 1074003968 3758096512 645 8 6148 0 32768 134285312 67109632 1073741856 96 139392 16 2148041762 204808 4194816 160 3077981280 404136 1128300561 132128 0 0 134348800 320 0 81984 1024 5242888 16781328 8468 4616 62980113 32 0 32768 134266880 1345 0 16384 1024 1048610 16777232 8196 530984 266248 33556548 4097 2105344 1342701572 0 256 134217728 0 2229265 67240064 1 69206018 4 2702196768 133640 642121728 271008 2363392 41945156 4096 8192 2148073988 0 256 134217728 32772 1073742865 604110848 2048 69207041 1073746186 16448 37781504 132096 0 0 0 0 0 0 0 4194312 4112 8192 512 79878 37138 0 32 0 0 134217728 0 0 65536 0 0 16777216 16 4096 8390656 0 0 0 0 0 0 4 1073741824 0 0 67109888 0 32 0 0 131072 0 0 65536 0 0 16777216 16
is_linear=0
shrinkage=0.045


Tree=340
num_leaves=23
num_cat=16
split_feature=0 0 3 5 3 0 0 5 0 3 0 0 2 3 0 3 5 5 0 3 5 5
split_gain=1.16953 0.936969 0.840201 0.857705 0.835621 0.647019 0.637769 0.763762 0.637117 0.596423 1.14893 1.10547 1.12192 0.671727 0.648575 0.632658 0.998202 0.623978 0.687828 0.659846 0.647703 0.599883
threshold=0 1 2 3.4498615536424366 3 4 5 4.3241107269113215 6 7 8 9 10 11 12 13 5.611299950786516 5.173316863805991 14 15 4.945201156493737 3.3497501700808394
decision_type=9 9 9 8 9 9 9 10 9 9 9 9 9 9 9 9 10 10 9 9 8 10
left_child=2 4 3 -1 8 -4 7 -6 -2 10 -3 12 -11 -14 15 -13 17 18 20 -20 21 -17
right_child=1 9 5 -5 6 -7 -8 -9 -10 11 -12 14 13 -15 -16 16 -18 -19 19 -21 -22 -23
leaf_value=-154.29398730824855 -105.64273935763205 -16.926792003417017 -0.35850630914064696 6.5667836986617312 -13.103856025600344 -29.655235789602212 3.506513539090423 1.8817689832188529 1.6401553266507582 73.645163043199688 0.010735496311906827 0.77113433684577215 -47.979494523336726 -1.2712807148876595 1.5841649887541775 -51.709568519000889 -26.395787810705595 135.59676285717012 1.1962855149881189 10.844292885806402 -60.080349467210368 17.548948584877984
leaf_weight=105 127 1605 230 422 142 441 260 67 255 111 7047 744 1085 1367 8139 63 105 86 141 177 43 213
leaf_count=105 127 1605 230 422 142 441 260 67 255 111 7047 744 1085 1367 8139 63 105 86 141 177 43 213
internal_value=3.03554e-05 0.000105947 -0.00133141 2.50453e-05 0.0015591 -0.00237848 0.00281601 0.000834841 -2.28437e-05 4.59919e-05 -0.00023996 0.000247598 -0.000581943 -0.000788962 0.000466984 0.00130114 0.00215357 0.00277448 0.00227465 0.00370909 0.000693352 0.00152158
internal_weight=22975 21777 1198 527 851 671 469 209 382 20926 8652 12274 2563 2452 9711 1572 828 723 637 318 319 276
internal_count=22975 21777 1198 527 851 671 469 209 382 20926 8652 12274 2563 2452 9711 1572 828 723 637 318 319 276
cat_boundaries=0 13 27 29 31 43 57 70 72 86 99 100 102 116 118 131 132
cat_threshold=4194304 2157985856 2147483712 268435536 1097732 16777216 0 1088 4104 2149580804 10551296 17305600 9437184 16404 1074003968 536875136 2147483781 8 6148 0 32768 134285312 256 1073741824 96 131200 16 55345696 18564 12783696 22572 0 0 0 268435456 16388 0 0 64 4096 2097152 10485760 528384 16384 1073741824 536875136 132 0 4 0 32768 65536 0 1073741824 0 0 16 20 262144 0 1 0 0 0 0 2048 0 0 32 128 929481760 420514 98313 67248148 0 512 268435712 33554432 0 1073758208 0 32771 469893248 129 69239809 4 25165824 16777216 1073741824 40960 512 1344 0 402718720 32768 542760 536870912 268476416 2147506184 33 1063490 4372 2147487745 67250192 1 512 3238068224 33554433 0 1073758208 0 67141713 67108864 128 69214211 4 1082130948 102740 0 10240 0 0 0 0 0 0 0 32784 0 0 67117057 524304
is_linear=0
shrinkage=0.045


Tree=341
num_leaves=23
num_cat=18
split_feature=0 3 0 3 2 5 0 5 3 0 0 3 0 5 0 3 5 3 0 0 3 0
split_gain=1.44876 1.16681 1.13174 0.611848 0.575005 0.67535 0.661941 0.571998 0.489412 1.79444 0.874298 1.02613 0.739999 0.541132 0.527547 1.27271 1.03123 0.850947 2.21893 1.33484 0.991961 0.746555
threshold=0 1 2 3 4 3.1567740231385479 5 1.7005986908310777 6 7 8 9 10 4.0342014792848504 11 12 inf 13 14 15 16 17
decision_type=9 9 9 9 9 10 9 10 9 9 9 9 9 8 9 9 8 9 9 9 9 9
left_child=1 -1 3 -2 5 7 -7 -3 9 -4 11 -10 13 -11 15 16 21 18 -16 20 -19 -12
right_child=2 4 8 -5 -6 6 -8 -9 10 12 14 -13 -14 -15 17 -17 -18 19 -20 -21 -22 -23
leaf_value=-5.2874059506609665 -26.483441257216167 2.0148419140000478 -30.445085234132428 -1.5129188969597511 0.85642760009179908 0.05576010629754638 3.0851678525034165 16.367926860222596 -42.768146828282283 37.326692177916563 -34.955941971656692 -0.50012877387679622 0.17019235446620448 3.0296670989141354 -1.5665904158794011 2.952144824037886 149.5331995184477 -2.1745657758052652 10.874103901156335 -2.188658454074206 13.02756361246036 -4.0222874241722435
leaf_weight=421 215 48 1075 611 199 116 182 45 381 48 1117 1039 3122 64 1541 3327 92 613 1746 4802 1000 1171
leaf_count=421 215 48 1075 611 199 116 182 45 381 48 1117 1039 3122 64 1541 3327 92 613 1746 4802 1000 1171
internal_value=5.58156e-05 0.00171114 -2.1297e-05 -0.0016432 0.00299003 0.00400868 0.00303 0.00743684 4.29777e-05 -0.000384287 0.000152573 -0.000911314 0.000146949 0.00355645 0.000251247 -9.20626e-05 -0.000884198 0.000453056 0.00104077 0.000150536 0.00126554 -0.00107686
internal_weight=22975 1011 21964 826 590 391 298 93 21138 4309 16829 1420 3234 112 15409 5707 2380 9702 3287 6415 1613 2288
internal_count=22975 1011 21964 826 590 391 298 93 21138 4309 16829 1420 3234 112 15409 5707 2380 9702 3287 6415 1613 2288
cat_boundaries=0 14 16 29 31 32 45 47 61 74 76 90 104 106 108 122 136 138 152
cat_threshold=16388 1073741824 3758100608 2147516548 520 6148 0 32768 134318080 0 603979776 96 8320 16 2169372688 6916 1 2147762176 64 268436032 1091567684 16777216 0 1088 4104 2147483716 10551296 4096 9568258 2172687458 10328 68 16384 1073741824 4096 4 0 0 0 32768 0 0 536870912 0 8192 912264192 393393 1082228736 67239940 0 2097152 134250752 536870912 0 0 536870916 14811138 268566528 10752 34308 5 64 42008592 0 8208 147456 1344 640 0 0 18901024 4248 269090817 530432 3239117380 10248 2147745792 33554432 0 0 0 320 0 0 0 0 0 1 4096 2 2228232 18875396 268435456 0 276856832 544 0 0 128 1075351562 1073741824 2147484672 69222697 2 2148258210 59400 3222212834 108552 8683520 6144 1 2097152 524288 536870912 0 134307840 536870916 12583952 134217728 16812560 1028 1 29425680 2048 1 0 2148073472 570425344 256 402669568 536870916 12715025 131072 16779264 0 4 8397068 5382 0 16777216 0 0 0 0 0 0 0 1609730 0 2147484672 69206049 2
is_linear=0
shrinkage=0.045


Tree=342
num_leaves=23
num_cat=19
split_feature=0 3 0 3 5 5 0 0 4 0 3 3 0 0 3 0 3 5 0 3 0 0
split_gain=1.34483 1.00329 0.955654 1.09655 1.06171 0.545315 0.542458 0.51974 0.496755 1.6541 0.640773 0.498828 1.7137 0.98174 1.12548 0.818208 0.693193 0.685482 0.656901 1.12674 1.08728 0.952469
threshold=0 1 2 3 3.5972184255501678 4.2121001622835372 4 5 6 7 8 9 10 11 12 13 14 1.8688348091416842 15 16 17 18
decision_type=9 9 9 9 8 10 9 9 1 9 9 9 9 9 9 9 9 10 9 9 9 9
left_child=1 6 3 4 -2 -3 -1 -5 9 -4 -11 12 16 14 -13 -14 17 -10 -15 20 -20 -21
right_child=2 5 8 7 -6 -7 -8 -9 11 10 -12 13 15 18 -16 -17 -18 -19 19 21 -22 -23
leaf_value=-45.109926864338306 -226.25883407009289 1.2115635482548615 37.840095629496901 -2.0500714096287109 29.227098199764569 3.1068389825099594 0.8784848625861329 -102.86654389401565 124.24162093964563 -129.46699478278924 -10.153098815330571 5.3838852545925704 -39.975907835857235 0.32082229200695767 -29.620317374014501 -1.7396720634522547 1.0714080239045671 6.8157233403429052 -5.5909318120490141 25.217902511041753 5.7089975787477556 3.6307933637689729
leaf_weight=252 73 321 119 407 250 199 294 351 35 239 586 1022 802 4757 1681 3365 1092 786 1784 764 1946 1850
leaf_count=252 73 321 119 407 250 199 294 351 35 239 586 1022 802 4757 1681 3365 1092 786 1784 764 1946 1850
internal_value=9.30267e-05 0.00164471 1.66268e-05 -0.00128042 0.000899999 0.00304511 0.000274192 -0.00220909 8.46438e-05 -0.000922834 -0.00163979 0.000132605 -0.00020683 0.000282063 -0.000485636 -0.000718235 0.000904674 0.00188535 0.000469314 0.000768879 0.000264563 0.00148401
internal_weight=22975 1066 21909 1081 323 520 546 758 20828 944 825 19884 6080 13804 2703 4167 1913 821 11101 6344 3730 2614
internal_count=22975 1066 21909 1081 323 520 546 758 20828 944 825 19884 6080 13804 2703 4167 1913 821 11101 6344 3730 2614
cat_boundaries=0 14 16 29 31 42 54 55 68 70 72 86 100 102 116 118 131 133 146 159
cat_threshold=16388 3221225472 2684358784 2147516549 776 6148 0 32768 134316032 0 603979776 96 131200 16 198574128 6948 4121 67125312 67108928 268435520 1074839552 16777280 0 1088 528392 2164260868 10551296 135168 9437184 37748736 14468 4 0 0 1 264 4100 0 0 0 0 603979776 16 67108928 67108864 0 1073790976 0 0 64 8 0 2162688 135168 1 33587200 0 0 0 0 0 0 0 0 0 0 2415919104 1 2151678144 16524 924986634 405219 2151972864 2232368 1073741825 2097152 4 536871168 0 65536 1024 1073742088 268439584 389 36872 6 16809984 2228244 1073741825 0 268435456 536871168 640 134217728 1024 18979 4096 2147483653 2150111232 6 2147484304 69640 41943040 33557504 0 0 131072 1024 0 1073741824 0 13796368 131088 16777216 67108902 1 285221130 140896 2153775168 8466464 0 2105360 142606336 33555968 0 65536 0 1075838976 268435456 2665472 16937 2149319316 69644 1074003968 262144 0 0 16842820 1 0 268443648 536872964 13242440 167772304 1048960 8192 1082392576 262144 0 0 16777216 0 0 0 4 13238280 167772304 1048576 8192
is_linear=0
shrinkage=0.045


Tree=343
num_leaves=23
num_cat=19
split_feature=0 0 3 3 5 3 0 0 5 3 0 0 3 0 3 0 3 5 3 0 0 3
split_gain=1.50495 1.15695 1.02733 0.961762 0.599262 0.566226 0.523089 0.519075 0.445104 0.424522 1.3648 0.823018 1.03836 0.727255 0.704174 0.613184 0.838088 0.673374 1.26948 1.4501 0.824362 0.94014
threshold=0 1 2 3 3.8815106545092593 4 5 6 5.0906732680195743 7 8 9 10 11 12 13 14 2.9700856263602158 15 16 17 18
decision_type=9 9 9 9 10 9 9 9 10 9 9 9 9 9 9 9 9 10 9 9 9 9
left_child=2 3 6 -2 -5 8 -1 -4 -6 10 -3 12 -11 14 -12 16 -13 18 -17 -20 21 -19
right_child=1 9 7 4 5 -7 -8 -9 -10 11 13 15 -14 -15 -16 17 -18 20 19 -21 -22 -23
leaf_value=2.2372545008108893 -36.208575364663155 5.4711241565547004 1.1075752454282497 -48.562462991634291 192.82987236556943 -0.51404131461642877 -14.124358246108805 3.2130299752190532 -6.1387220477563185 -127.10366624009662 8.4943310777316317 3.2756648935504491 -0.77949839575291668 -2.3744215744174593 -71.01585236726055 -39.105368953178072 -6.5254954268804086 -3.224017067144147 -137.02829114461696 21.58663437592757 9.7674816431777476 3.0842812873793086
leaf_weight=212 343 1856 228 329 78 391 344 350 52 292 104 2353 1122 4311 590 495 2590 2198 113 458 2881 1285
leaf_count=212 343 1856 228 329 78 391 344 350 52 292 104 2353 1122 4311 590 495 2590 2198 113 458 2881 1285
internal_value=8.32343e-05 -2.06994e-07 0.00167277 -0.0013556 -0.000522043 0.000421605 0.000269365 0.00298983 0.00285211 7.88469e-05 -0.000210171 0.000222732 -0.000801544 -0.000596473 -0.00193768 0.000340451 -4.81343e-05 0.000598628 -0.00044663 0.000995711 0.00077474 0.000305149
internal_weight=22975 21841 1134 1193 850 521 556 578 130 20648 6861 13787 1414 5005 694 12373 4943 7430 1066 571 6364 3483
internal_count=22975 21841 1134 1193 850 521 556 578 130 20648 6861 13787 1414 5005 694 12373 4943 7430 1066 571 6364 3483
cat_boundaries=0 14 27 29 31 33 46 59 61 74 88 90 102 104 118 120 122 135 149 151
cat_threshold=16389 1073741824 2684358784 2415952004 776 6148 512 32768 134318080 256 536870912 16777312 128 16 65560 2214871104 67108864 64 3239100416 16777216 0 1088 8 2214592516 10551296 268963840 9568256 54673424 31492 546324514 479256 2168979456 8320 16385 0 4096 128 8 2048 512 0 32768 256 0 64 128 16384 1073741824 2684358784 132 8 0 512 0 0 256 0 0 128 727747904 395939 2151976960 33554480 1 2105344 131072 536872256 0 0 4 1074793480 33558544 385 7176 21008448 16 1 8192 65536 1345 0 0 4 1092118560 1073741840 131073 546848 4 2148401156 41280 8388608 8527872 0 513 268435456 0 0 1073741824 0 131074 335675520 1059328 33554432 2049 2147745792 52495364 1073741824 2097152 276824068 536870944 128 65536 0 1608 134221824 2147483904 2147484937 1 2424840212 102728 10108952 57680 0 4096 0 0 131072 0 0 8192 0 0 16777216 0 20 1084227584 8519712 0 0 524352 33554432 0 134225920 536871936 6328323 33554560 2131088 67142148 2 344531134 69644
is_linear=0
shrinkage=0.045


Tree=344
num_leaves=23
num_cat=18
split_feature=0 3 0 0 3 5 5 4 5 3 0 0 0 3 5 0 3 0 3 4 0 0
split_gain=1.40925 1.3422 1.13148 0.69199 0.56133 0.65333 0.592006 0.761198 0.479621 0.47023 1.88387 1.59327 0.997364 0.997058 1.33695 1.31943 0.898072 0.86436 0.923122 0.787941 2.11156 1.15713
threshold=0 1 2 3 4 3.5972184255501678 4.4367340276668159 5 3.0201273556387074 6 7 8 9 10 5.3589392201907193 11 12 13 14 15 16 17
decision_type=9 9 9 9 9 10 10 1 8 9 9 9 9 9 8 9 9 9 9 1 9 9
left_child=1 3 4 -1 5 -2 7 -7 -5 10 16 13 -12 14 15 -11 -4 18 -13 20 -14 -21
right_child=2 -3 9 8 -6 6 -8 -9 -10 11 12 17 19 -15 -16 -17 -18 -19 -20 21 -22 -23
leaf_value=-46.120880530491178 -130.21056691461982 2.5175173869924263 0.61188686518560198 5.9600625496610942 -41.376310870818763 385.48556824214518 -10.191329131656955 1.4389689354967199 0.69406953677981109 3.4882625133444694 6.2488050622354185 -43.965550022069827 -29.696758639128216 1.4732139827655966 -24.709345332284432 55.126000243914234 -46.739255042997335 0.94276959732940346 -1.9763528632688605 1.8508059023971744 16.995621575103833 -16.236764224130205
leaf_weight=225 134 570 409 43 468 41 145 63 310 255 580 359 971 1124 164 387 980 8309 1126 1820 1784 2708
leaf_count=225 134 570 409 43 468 41 145 63 310 255 580 359 971 1124 164 387 980 8309 1126 1820 1784 2708
internal_value=0.000108695 0.00163707 2.7404e-05 9.15244e-05 -0.00156953 -0.000262026 0.00109362 0.00365094 0.00131918 9.30521e-05 -0.000146698 0.000282208 0.000123999 0.00145983 0.00266259 0.00361956 -0.00166702 4.86426e-05 -0.000946895 -2.03575e-05 0.000579433 -0.000385432
internal_weight=22975 1148 21827 578 851 383 249 104 353 20976 9252 11724 7863 1930 806 642 1389 9794 1485 7283 2755 4528
internal_count=22975 1148 21827 578 851 383 249 104 353 20976 9252 11724 7863 1930 806 642 1389 9794 1485 7283 2755 4528
cat_boundaries=0 14 16 29 42 44 45 47 60 73 86 88 101 103 116 118 119 133 147
cat_threshold=16389 1073741824 2684354688 2147516548 776 6148 512 1073741824 134283264 131328 0 16777312 140416 16 587600432 30756 72 2147500032 335544320 268435520 17874944 16777728 0 268436544 524296 2231369732 10551304 135168 9502720 4 1073741824 0 32772 264 0 512 0 0 131072 0 0 8192 138445824 94900 2 794920388 133775 1073741840 103153732 4096 529 0 0 0 32768 32768 16386 855769248 567809 512 1074069520 101064768 4096 529 0 0 0 32768 34816 32784 822214784 1616384 49152 4096 16842752 1 2105344 131072 320 0 0 4 1074792448 1073741824 268435456 4099 1083718178 303120 0 8192 0 0 0 0 0 0 2048 32768 128 2560 16384 100664580 2058 16781312 8454144 1073741824 8192 1073938496 1345 256 134283264 4 1075316744 1073741824 268435456 2101283 2147878914 335920 2 33554432 3072 0 0 142606336 0 0 0 0 4719624 0 2148532224 51216 5 33619968 8391712 1073741824 0 142606336 0 0 65536 0 4719624 4112 2149581056 67125280 1
is_linear=0
shrinkage=0.045


Tree=345
num_leaves=23
num_cat=19
split_feature=0 3 0 0 0 5 3 5 3 1 0 3 0 0 3 0 3 0 3 1 5 0
split_gain=1.6506 2.00351 1.26396 0.987641 0.821281 0.773613 0.764195 0.690011 0.628918 0.571806 0.49977 0.436392 1.97093 1.49126 1.21369 0.956467 0.911747 0.87862 0.877933 0.795917 0.757668 0.70295
threshold=0 1 2 3 4 3.9019216517693867 5 4.4367340276668159 6 7 8 9 10 11 12 13 14 15 16 17 3.9607678160667752 18
decision_type=9 9 9 9 9 8 9 8 9 9 9 9 9 9 9 9 9 9 9 9 8 9
left_child=1 2 -1 5 -3 -2 7 -7 9 -6 -8 12 14 16 20 -14 19 18 -15 -13 -5 -22
right_child=3 4 -4 11 8 6 10 -9 -10 -11 -12 13 15 17 -16 -17 -18 -19 -20 -21 21 -23
leaf_value=-1.9568128154745419 -111.85098823575657 -12.575245948801257 4.3929641582432088 -92.862554880345186 3.3501313821254675 107.11144125423523 37.689779934582681 -0.21374593879150408 2.2257142740613634 -49.129679821430535 -11.191771660269204 5.616558221200548 19.265299230282622 -49.960229928259992 -33.848037658988638 0.47373800497968388 10.48342123005715 1.3362066483512203 -1.3938199893614951 -95.844838516135255 -43.89148138785712 28.479016950955849
leaf_weight=106 377 223 258 233 105 80 102 190 277 140 320 126 230 571 1151 7638 1231 7947 1178 141 100 251
leaf_count=106 377 223 258 233 105 80 102 190 277 140 320 126 230 571 1151 7638 1231 7947 1178 141 100 251
internal_value=0.000126321 0.00181044 0.0045 3.9902e-05 0.000445838 -0.00128631 -0.000402018 0.00143617 0.00141573 -0.000262647 -0.00157604 0.000108774 -0.00011373 0.000299571 -0.00148111 0.000189593 0.00161523 9.45601e-05 -0.000815163 -0.000758066 0.000196308 0.001517
internal_weight=22975 1109 364 21866 745 1069 692 270 522 245 422 20797 9603 11194 1735 7868 1498 9696 1749 267 584 351
internal_count=22975 1109 364 21866 745 1069 692 270 522 245 422 20797 9603 11194 1735 7868 1498 9696 1749 267 584 351
cat_boundaries=0 14 16 29 42 56 58 60 62 75 77 91 105 107 121 123 137 139 141 154
cat_threshold=16453 1073741824 2147483648 2415952004 776 6144 512 1073742848 134285312 131072 8 16777312 140416 16 177325570 65664 16384 0 0 132 256 0 0 0 0 0 0 0 1024 8 2214608960 268439552 80 1097792 16777216 256 32768 524296 2231369732 10485760 131076 11534592 64 1073741824 0 268468224 520 4096 0 1024 0 0 0 16777248 8192 16 2151677952 30868 17174544 18436 32833 2048 0 0 0 16 16384 0 0 32768 0 0 2097152 4 256 793947394 405143 2162688 44041216 1610612736 512 268435456 1024 0 16384 5120 17475 822214656 571904 528 1 1073807360 0 1610612864 512 2148007940 5 0 16384 5120 17744 553779200 571904 512 1 570459392 2176 0 65536 0 0 0 64 0 0 4 1051136 1073741840 268435456 4096 2 10555528 65856 25165840 327728 0 8192 25231360 536871232 0 8192 4 1078986752 1073746064 268435472 4128 2 1073808012 16488 72 1024 0 0 0 0 0 0 0 0 1024 0 268566528 524800 512
is_linear=0
shrinkage=0.045


Tree=346
num_leaves=23
num_cat=16
split_feature=0 3 0 0 5 5 0 3 3 4 5 3 5 3 0 0 3 0 3 5 0 5
split_gain=1.47757 1.6291 1.00085 0.948309 0.637679 0.572879 0.560684 0.589079 0.574683 0.538019 0.507366 0.497684 0.449313 0.427926 2.0276 1.69422 1.28021 1.19606 0.93885 0.963176 0.93181 0.885424
threshold=0 1 2 3 3.9219243190762363 4.5053345884235583 4 5 6 7 5.0530509062989237 8 5.2067464199591091 9 10 11 12 13 14 5.4271478232179229 15 2.602003343538398
decision_type=9 9 9 9 8 8 9 9 9 1 10 9 8 9 9 9 9 9 9 8 9 10
left_child=1 3 4 -1 -2 9 7 -3 -8 -5 -7 -6 -9 14 -4 16 -15 18 19 -16 -17 -18
right_child=2 6 13 5 11 10 8 12 -10 -11 -12 -13 -14 15 17 20 21 -19 -20 -21 -22 -23
leaf_value=0.4048027895029267 -115.83299108893786 -15.54523127957297 -26.043021133556621 1.6939647838323595 -89.742595535746162 237.41538440062951 -64.048410260678878 3.8233790440641031 0.92034078001863961 98.547279037275928 9.0326061527891657 2.4406564016164163 44.249247250857167 1.5595842536628748 152.5051030277958 -31.922725424244863 -40.791405959144214 0.11217960292164531 2.9397772893518286 -7.5198102101571092 0.60673996629364702 32.440086788679913
leaf_weight=121 331 102 1795 74 113 39 102 194 325 44 39 437 35 1241 169 471 61 7118 635 51 8753 725
leaf_count=121 331 102 1795 74 113 39 102 194 325 44 39 437 35 1241 169 471 61 7118 635 51 8753 725
internal_value=0.00014003 0.00175943 5.95553e-05 0.00441793 -0.00141601 0.00636058 0.000596103 0.00195481 -0.000481778 0.004575 0.009675 -0.000489132 0.00319295 0.000122176 -9.57066e-05 0.000311239 0.00148529 0.00021246 0.00179066 0.00426724 5.16447e-05 0.0028985
internal_weight=22975 1075 21900 317 881 196 758 331 427 118 78 550 229 21019 9768 11251 2027 7973 855 220 9224 786
internal_count=22975 1075 21900 317 881 196 758 331 427 118 78 550 229 21019 9768 11251 2027 7973 855 220 9224 786
cat_boundaries=0 14 16 29 42 55 57 59 60 62 64 78 92 94 108 110 124
cat_threshold=16453 1082130432 2147483648 2415919108 776 6144 512 1073742848 134219776 131072 536870920 96 9344 16 1115752226 66192 8 2147500032 268439552 528 1097792 16777216 0 32768 524296 2231369796 10485760 268570624 11534592 0 1073741824 0 4 256 0 0 0 0 0 0 0 9216 1 1073741824 2147483648 4 264 2048 0 1073741824 0 0 0 64 1024 16941072 16384 2149056512 12 4 134763520 520 256902950 142999 1075843072 263184 1610612736 0 402653188 4 0 16384 69632 10486787 285216896 534533 2148007936 1 1080033280 33816624 1610612736 0 2281701376 4 0 16384 69632 10487041 50335776 534533 2214592512 1 2147774488 118880 33816576 196608 0 128 16842752 536871232 0 134217728 4 5278208 1073741840 16777344 4608 2 152043552 528 33816576 196608 0 8192 16842752 320 0 134217728 0 1074792448 1073741840 16777216 4096 2
is_linear=0
shrinkage=0.045


Tree=347
num_leaves=23
num_cat=17
split_feature=0 3 0 0 5 3 5 0 5 5 3 0 0 0 3 5 0 3 3 0 0 1
split_gain=1.14489 1.69993 0.930551 0.861261 0.692695 0.685926 0.641115 0.624824 0.584492 0.555285 0.47526 1.98276 0.880107 0.771752 1.58846 0.71478 0.629972 0.765914 0.640435 1.69943 1.11572 0.703822
threshold=0 1 2 3 3.8176519431297078 4 3.4811217321331038 5 5.8391860522696701 4.2555875595453383 6 7 8 9 10 5.4909995847486188 11 12 13 14 15 16
decision_type=9 9 9 9 8 9 10 9 10 8 9 9 9 9 9 8 9 9 9 9 9 9
left_child=1 7 5 -3 6 -2 -5 9 -7 -1 11 -4 -13 14 15 -12 17 -15 19 -18 -20 -22
right_child=2 3 10 4 -6 8 -8 -9 -10 -11 13 12 -14 16 -16 -17 18 -19 20 -21 21 -23
leaf_value=3.9385078446757626 2.6569242837328466 0.82960092929631379 5.3542743054980946 2.1532666683949961 48.287853245004229 -75.471225688320686 -117.25159795181764 -45.160496654812313 893.62021296785076 -10.994128296103684 3.9620943523256806 -44.693418569980246 -2.1310543744145423 5.1834338204329287 -19.589757184169592 177.1701512331633 9.5429605222365641 -2.7213886405667056 0.29104451198462183 -6.6646948808497664 52.502621208401358 6.8337117848491573
leaf_weight=141 255 251 1494 83 216 609 35 298 52 78 488 986 2336 1492 1446 134 604 4865 2456 1425 589 2642
leaf_count=141 255 251 1494 83 216 609 35 298 52 78 488 986 2336 1492 1446 134 604 4865 2456 1425 589 2642
internal_value=7.93174e-05 0.00148653 7.60688e-06 0.00312814 0.00463006 -0.00138685 0.00195 -0.000399812 -0.00214636 0.00138312 6.93155e-05 -0.000322495 -0.000934014 0.000186373 -0.000623078 0.00126341 0.00030575 -2.61433e-05 0.000578803 -0.000108036 0.000823564 0.00137234
internal_weight=22975 1102 21873 585 334 916 118 517 661 219 20957 4816 3322 16141 2068 622 14073 6357 7716 2029 5687 3231
internal_count=22975 1102 21873 585 334 916 118 517 661 219 20957 4816 3322 16141 2068 622 14073 6357 7716 2029 5687 3231
cat_boundaries=0 13 15 29 42 44 57 59 73 86 100 102 116 118 120 134 148 150
cat_threshold=20549 1073741824 3758096512 2147483648 264 4100 0 0 134285312 1280 1610612744 16777280 2229248 29774000 141844 8 2147500032 268435456 268435472 269533248 16777216 0 16384 524296 2231369732 10485776 135168 9437568 16 16385 0 2147483776 0 264 0 0 0 0 256 1073741824 0 2098176 4214784 12976 16385 1073741824 2684354560 0 8 0 0 0 0 256 1073741824 16777216 2098176 925895776 262801 2149613584 2097152 0 0 8388612 536872192 0 0 32772 1589312 134221824 2150105089 55816 7 8650752 67371060 0 0 655360 0 0 0 0 1084395522 335544448 43008 2214592549 18907152 2162688 0 40960 16777216 1281 128 268468224 32768 5777472 134283264 524449 530432 1 1208328472 49408 3259039744 75629568 0 1 142606340 570425856 0 64 536872068 16392 0 2418017280 32792 2 2156147584 197696 1216615176 148544 0 4112 0 2097280 524288 0 0 8192 0 1076002816 100667392 1083392 67108864 4 0 16781380 67112961 2097284 1074331648 0 256 134291456 0 1075839010 33558528 1083396 67125760 4 537707620 32
is_linear=0
shrinkage=0.045


Tree=348
num_leaves=23
num_cat=20
split_feature=0 3 0 3 5 5 1 3 0 0 0 3 0 3 2 0 1 3 0 4 1 3
split_gain=1.15477 1.21094 1.01871 1.16093 0.550359 0.544016 0.458639 0.458161 2.81695 2.01372 1.1608 1.11631 0.861446 1.09552 0.745718 1.23984 0.928466 1.41183 1.08531 0.854799 1.12579 0.827758
threshold=0 1 2 3 3.9415346756528771 4.2268071048866842 4 5 6 7 8 9 10 11 12 13 14 15 16 17 18 19
decision_type=9 9 9 9 8 10 9 9 9 9 9 9 9 9 9 9 9 9 9 1 9 9
left_child=1 4 3 5 -1 -2 -3 8 -4 11 -11 -9 13 -10 15 -14 21 18 -18 20 -19 -16
right_child=2 6 7 -5 -6 -7 -8 9 12 10 -12 -13 14 -15 16 -17 17 19 -20 -21 -22 -23
leaf_value=-88.999718984271126 7.2136121746966655 -2.5157605070012159 -31.313788006518138 1.1450252781152812 21.029312104195412 0.70102753503627946 -64.688488390162433 1.5248485589737739 -46.356901515065026 -41.8108326787019 0.70231853571606806 17.391353635567736 -22.529202611825205 1.6353925959296602 -80.697601177866176 49.922677306356995 2.359184820617179 -2.7825661074979688 64.955812262914847 -9.5057381026349397 281.15200211692348 -1.2762855785659333
leaf_weight=193 86 112 1380 714 356 38 341 754 963 582 9010 787 262 1851 231 694 617 455 692 1531 245 1081
leaf_count=193 86 112 1380 714 356 38 341 754 963 582 9010 787 262 1851 231 694 617 455 692 1531 245 1081
internal_value=5.58156e-05 -0.001429 0.000124243 0.00165176 8.02034e-06 0.00549265 -0.00312581 6.27738e-05 -0.00015818 0.000261237 1.7804e-05 0.00176465 0.000144891 -0.000500001 0.000457731 0.00159917 0.00022944 0.000608107 0.00177479 -8.2257e-05 0.00121795 -0.000788521
internal_weight=22975 1002 21973 838 549 124 453 21135 10002 11133 9592 1541 8622 2814 5808 956 4852 3540 1309 2231 700 1312
internal_count=22975 1002 21973 838 549 124 453 21135 10002 11133 9592 1541 8622 2814 5808 956 4852 3540 1309 2231 700 1312
cat_boundaries=0 13 15 28 30 32 34 48 62 75 77 91 93 94 106 108 110 123 124 126 128
cat_threshold=8388616 3221241856 0 2147483792 2148581376 2048 512 1024 524296 2231373316 10485776 131072 1048578 12616208 29364 16389 0 2684354688 268468228 268435528 4100 0 0 134219776 256 1073741824 16777312 2229376 2147533826 8 787456 8 1601537036 445077 4096 67241040 268439552 512 0 0 0 1073790976 69632 4114 285343904 538629 2148007936 1 69632 67249232 4096 512 4 1 0 1073790976 69632 135184 822280320 536580 0 5 4194304 0 67108864 8192 16908288 16778304 384 134217728 4 1078984704 0 0 4096 2147504320 78184 33882128 2105376 1073741825 1 134217728 33554688 0 64 1024 2260993 603979776 2147517968 8421424 20 224493568 16384 48 0 16777216 0 0 16777216 0 0 65536 0 8 134217728 3145984 1879326993 2048 1165066240 180224 2147483648 50331648 0 2097152 8912896 0 0 8192 536870912 16384 134221824 2097536 67108864 2 1085440 9227 1142947840 428048
is_linear=0
shrinkage=0.045


Tree=349
num_leaves=23
num_cat=18
split_feature=0 0 3 0 0 3 0 0 3 0 3 0 3 4 0 5 5 0 0 2 5 5
split_gain=1.35825 0.890318 0.806618 0.605269 0.583675 0.500426 2.88035 1.55859 0.953287 0.730806 0.637231 0.58731 0.720187 0.528469 0.905089 0.519525 0.511623 0.500596 0.432668 0.429728 0.480287 0.724552
threshold=0 1 2 3 4 5 6 7 8 9 10 11 12 13 14 4.4716224665663962 3.0677824455408698 15 16 17 4.4127799275304271 4.8481086751891054
decision_type=9 9 9 9 9 9 9 9 9 9 9 9 9 1 9 10 10 9 9 9 8 10
left_child=2 -2 4 -4 -1 6 10 8 -7 19 18 12 -9 14 15 -13 -14 -10 -3 -8 -21 -22
right_child=1 5 3 -5 -6 7 9 11 17 -11 -12 13 16 -15 -16 -17 -18 -19 -20 20 21 -23
leaf_value=1.581122032603564 -6.511738650185066 -2.2773817782712977 -0.58695173605660145 3.1831893649056835 -8.89511558570684 5.1864576831831233 -23.224144608812963 1.7739513982001107 1.0905822994027283 -0.21148005817299656 -49.121108358473954 140.54794054653865 -150.57515438883331 1.1319701313444643 -147.55142880619044 -63.490938759281534 -8.9248823530498633 5.2227036298581364 -60.649341683103181 32.719710814681768 -34.529611954087969 11.830154151337615
leaf_weight=111 1174 399 101 341 272 351 161 756 1080 4190 441 85 157 10475 311 61 845 692 387 310 102 173
leaf_count=111 1174 399 101 341 272 351 161 756 1080 4190 441 85 157 10475 311 61 845 692 387 310 102 173
internal_value=7.54004e-05 8.12094e-06 0.00185484 0.00315198 0.000307594 7.58994e-05 -0.000264535 0.000217638 0.00134262 0.000221907 -0.0022046 2.83409e-05 -0.000732204 0.000151315 -0.00134314 0.00153797 -0.00151775 0.000903026 -0.00138722 0.00150791 0.00207286 0.000731046
internal_weight=22975 22150 825 442 383 20976 6163 14813 2123 4936 1227 12690 1758 10932 457 146 1002 1772 786 746 585 275
internal_count=22975 22150 825 442 383 20976 6163 14813 2123 4936 1227 12690 1758 10932 457 146 1002 1772 786 746 585 275
cat_boundaries=0 13 26 28 40 52 54 68 81 83 96 98 112 114 115 128 141 154 155
cat_threshold=16389 1073741824 2684358784 2415952000 72 4100 0 1073741824 134283264 256 536870912 16777312 139392 72 2155954176 268435456 16 2148581888 16777216 512 1024 524300 2231371796 44040192 655360 1048832 155189328 31268 1 0 4096 0 0 0 0 0 65536 256 0 32 16385 0 0 128 0 0 0 1073741824 65536 256 0 32 53982250 656 8650752 16778352 0 516 17432576 0 0 65536 1024 8441858 67109008 47104 1062 4 8650752 1136 1 580 1090715904 0 256 16384 0 8442881 131072 6144 525858 671088708 262184 3223355408 2490368 0 2097152 268435456 536871168 0 8192 0 3145728 4096 256 53248 1213442 656 3271589904 69599232 67108864 2105344 268435460 536871168 128 268443648 0 7340064 1073745928 0 4096 18 1220542480 60745 1 0 0 0 0 0 0 0 0 0 0 16777216 2415919616 1 0 48 1 0 1090715904 0 0 0 0 8438784 0 4096 524802 0 16777264 0 0 524288 0 0 65536 1024 16384 144 8192 4 1
is_linear=0
shrinkage=0.045


end of trees

feature_importances:
field=3143
state=2351
log_completions=1210
credential=443
broad_field=325
control=228

parameters:
[boosting: gbdt]
[objective: quantile]
[metric: quantile]
[tree_learner: serial]
[device_type: cpu]
[data_sample_strategy: bagging]
[data: ]
[valid: ]
[num_iterations: 350]
[learning_rate: 0.045]
[num_leaves: 23]
[num_threads: 4]
[seed: 42]
[deterministic: 0]
[force_col_wise: 0]
[force_row_wise: 0]
[histogram_pool_size: -1]
[max_depth: -1]
[min_data_in_leaf: 35]
[min_sum_hessian_in_leaf: 0.001]
[bagging_fraction: 1]
[pos_bagging_fraction: 1]
[neg_bagging_fraction: 1]
[bagging_freq: 0]
[bagging_seed: 400]
[bagging_by_query: 0]
[feature_fraction: 1]
[feature_fraction_bynode: 1]
[feature_fraction_seed: 30056]
[extra_trees: 0]
[extra_seed: 12879]
[early_stopping_round: 0]
[early_stopping_min_delta: 0]
[first_metric_only: 0]
[max_delta_step: 0]
[lambda_l1: 0]
[lambda_l2: 2]
[linear_lambda: 0]
[min_gain_to_split: 0]
[drop_rate: 0.1]
[max_drop: 50]
[skip_drop: 0.5]
[xgboost_dart_mode: 0]
[uniform_drop: 0]
[drop_seed: 17869]
[top_rate: 0.2]
[other_rate: 0.1]
[min_data_per_group: 100]
[max_cat_threshold: 32]
[cat_l2: 10]
[cat_smooth: 10]
[max_cat_to_onehot: 4]
[top_k: 20]
[monotone_constraints: ]
[monotone_constraints_method: basic]
[monotone_penalty: 0]
[feature_contri: ]
[forcedsplits_filename: ]
[refit_decay_rate: 0.9]
[cegb_tradeoff: 1]
[cegb_penalty_split: 0]
[cegb_penalty_feature_lazy: ]
[cegb_penalty_feature_coupled: ]
[path_smooth: 0]
[interaction_constraints: ]
[verbosity: -1]
[saved_feature_importance_type: 0]
[use_quantized_grad: 0]
[num_grad_quant_bins: 4]
[quant_train_renew_leaf: 0]
[stochastic_rounding: 1]
[linear_tree: 0]
[max_bin: 255]
[max_bin_by_feature: ]
[min_data_in_bin: 3]
[bin_construct_sample_cnt: 200000]
[data_random_seed: 175]
[is_enable_sparse: 1]
[enable_bundle: 1]
[use_missing: 1]
[zero_as_missing: 0]
[feature_pre_filter: 1]
[pre_partition: 0]
[two_round: 0]
[header: 0]
[label_column: ]
[weight_column: ]
[group_column: ]
[ignore_column: ]
[categorical_feature: 0,1,2,3,4]
[forcedbins_filename: ]
[precise_float_parser: 0]
[parser_config_file: ]
[objective_seed: 16083]
[num_class: 1]
[is_unbalance: 0]
[scale_pos_weight: 1]
[sigmoid: 1]
[boost_from_average: 1]
[reg_sqrt: 0]
[alpha: 0.9]
[fair_c: 1]
[poisson_max_delta_step: 0.7]
[tweedie_variance_power: 1.5]
[lambdarank_truncation_level: 30]
[lambdarank_norm: 1]
[label_gain: ]
[lambdarank_position_bias_regularization: 0]
[eval_at: ]
[multi_error_top_k: 1]
[auc_mu_weights: ]
[num_machines: 1]
[local_listen_port: 12400]
[time_out: 120]
[machine_list_filename: ]
[machines: ]
[gpu_platform_id: -1]
[gpu_device_id: -1]
[gpu_device_id_list: ]
[gpu_use_dp: 0]
[num_gpu: 1]

end of parameters

pandas_categorical:[["100", "1001", "1002", "1003", "101", "102", "103", "104", "105", "106", "107", "108", "109", "1099", "110", "1101", "1102", "1103", "1104", "1105", "1106", "1107", "1108", "1109", "111", "1110", "112", "113", "1199", "1203", "1204", "1205", "1206", "1299", "1301", "1302", "1303", "1304", "1305", "1306", "1307", "1309", "1310", "1311", "1312", "1313", "1314", "1315", "1399", "1401", "1402", "1403", "1404", "1405", "1406", "1407", "1408", "1409", "1410", "1411", "1412", "1413", "1414", "1418", "1419", "1420", "1421", "1422", "1423", "1424", "1425", "1427", "1428", "1432", "1433", "1434", "1435", "1436", "1437", "1438", "1439", "1440", "1441", "1442", "1443", "1444", "1445", "1447", "1448", "1499", "1500", "1501", "1502", "1503", "1504", "1505", "1506", "1507", "1508", "1509", "1510", "1511", "1512", "1513", "1514", "1515", "1516", "1517", "1599", "1601", "1602", "1603", "1604", "1605", "1606", "1607", "1608", "1609", "1610", "1611", "1612", "1613", "1614", "1615", "1616", "1617", "1699", "180", "181", "182", "183", "1901", "1902", "1904", "1905", "1906", "1907", "1909", "1910", "199", "1999", "2101", "2200", "2201", "2202", "2203", "2299", "2301", "2313", "2314", "2399", "2401", "2501", "2503", "2599", "2601", "2602", "2603", "2604", "2605", "2607", "2608", "2609", "2610", "2611", "2612", "2613", "2614", "2615", "2699", "2701", "2703", "2705", "2706", "2799", "2801", "2803", "2805", "2806", "2902", "2903", "2904", "2906", "2999", "3000", "3001", "3005", "3006", "3008", "301", "3010", "3011", "3012", "3013", "3014", "3015", "3016", "3017", "3018", "3019", "302", "3020", "3021", "3022", "3023", "3025", "3026", "3027", "3028", "3029", "303", "3030", "3031", "3032", "3033", "3034", "3035", "3036", "3038", "3039", "3040", "3041", "3042", "3043", "3044", "3045", "3046", "3047", "3048", "3049", "305", "3051", "3052", "3053", "306", "3070", "3071", "3099", "3101", "3103", "3105", "3106", "3199", "3201", "3301", "3401", "3501", "3601", "3602", "3701", "3800", "3801", "3802", "3899", "3902", "3903", "3904", "3905", "3906", "3907", "3908", "399", "3999", "4001", "4002", "4004", "4005", "4006", "4008", "4010", "4011", "402", "403", "404", "405", "406", "408", "409", "4099", "410", "4100", "4101", "4102", "4103", "4199", "4201", "4202", "4204", "4227", "4228", "4299", "4301", "4302", "4303", "4304", "4399", "4400", "4402", "4404", "4405", "4407", "4499", "4501", "4502", "4503", "4504", "4505", "4506", "4507", "4509", "4510", "4511", "4512", "4513", "4599", "4600", "4601", "4602", "4603", "4604", "4605", "4699", "4700", "4701", "4702", "4703", "4704", "4706", "4707", "4799", "4800", "4803", "4805", "4807", "4808", "4899", "4901", "4902", "4903", "499", "4999", "5001", "5002", "5003", "5004", "5005", "5006", "5007", "5009", "501", "5010", "5011", "502", "5099", "5100", "5101", "5102", "5104", "5105", "5106", "5107", "5108", "5109", "5110", "5111", "5112", "5114", "5115", "5116", "5117", "5118", "5120", "5122", "5123", "5126", "5127", "5131", "5132", "5133", "5134", "5135", "5136", "5137", "5138", "5139", "5199", "5201", "5202", "5203", "5204", "5205", "5206", "5207", "5208", "5209", "5210", "5211", "5212", "5213", "5214", "5215", "5216", "5217", "5218", "5219", "5220", "5221", "5299", "5301", "5302", "5401", "599", "6001", "6003", "6126", "901", "904", "907", "909", "910", "999"], ["1", "10", "11", "12", "13", "14", "15", "16", "19", "21", "22", "23", "24", "25", "26", "27", "28", "29", "3", "30", "31", "32", "33", "34", "35", "36", "37", "38", "39", "4", "40", "41", "42", "43", "44", "45", "46", "47", "48", "49", "5", "50", "51", "52", "53", "54", "60", "61", "9"], ["1", "2", "3", "4", "5", "6", "7", "8", "99"], ["AK", "AL", "AR", "AZ", "CA", "CO", "CT", "DC", "DE", "FL", "GA", "HI", "IA", "ID", "IL", "IN", "KS", "KY", "LA", "MA", "MD", "ME", "MI", "MN", "MO", "MS", "MT", "NC", "ND", "NE", "NH", "NJ", "NM", "NV", "NY", "OH", "OK", "OR", "Other", "PA", "RI", "SC", "SD", "TN", "TX", "UT", "VA", "VT", "WA", "WI", "WV"], ["Private, for-profit", "Private, nonprofit", "Public"]]
