tree
version=v4
num_class=1
num_tree_per_iteration=1
label_index=0
max_feature_idx=5
objective=quantile
feature_names=field broad_field credential state control log_completions
feature_infos=-1:387:383:151:291:388:285:44:362:155:360:240:415:300:45:361:147:310:37:347:15:399:410:311:386:393:384:373:356:42:30:359:344:327:289:64:307:372:348:367:34:43:21:56:136:170:58:395:345:237:189:332:117:266:298:143:416:418:354:394:363:371:145:346:148:36:271:303:397:31:25:55:309:18:389:57:417:258:365:318:302:296:324:398:53:185:308:156:96:267:305:49:376:130:23:396:93:109:352:407:50:168:251:385:4:94:364:76:166:98:12:349:22:292:3:16:38:103:380:391:325:341:268:337:350:162:239:404:131:288:48:294:336:152:199:201:238:272:357:252:254:299:0:46:14:105:343:142:314:134:184:392:405:2:100:172:24:95:137:144:420:90:160:62:159:171:200:111:234:323:158:230:293:358:403:259:297:102:63:71:290:401:124:127:6:92:275:312:319:369:169:263:301:402:17:89:146:165:198:355:29:52:68:70:108:283:400:51:61:97:99:186:256:317:353:377:390:5:28:107:164:214:265:295:378:19:149:277:375:8:27:150:161:179:191:197:205:320:326:329:338:370:374:9:11:35:47:66:132:133:135:174:194:208:212 -1:42:43:4:35:5:41:32:14:12:2:33:48:34:20:11:6:19:37:3:0:45:10:8:30:7:15:18:29:28:38:36:40:27:39:1:13:31:17 -1:2:4:1:0:5:6:7 -1:34:4:44:39:14:9:19:22:27:46:35:23:10:15:43:31:24:5:37:1:48:41:20:17:6:45:12:25:49:2:16:18:36:29:38:3:30:50:40:13:47:7:21:11:33:8:26:32:42:28 -1:2:1:0 [0:9.5238363793209437]
tree_sizes=2337 2563 2506 2464 2546 2538 2529 2639 2684 2526 2552 2654 2513 2437 2592 2566 2562 2578 2528 2640 2614 2509 2577 2634 2688 2636 2677 2544 2713 2596 2569 2615 2638 2676 2720 2692 2630 2567 2562 2672 2686 2667 2675 2652 2755 2646 2795 2739 2663 2811 2647 2675 2722 2686 2708 2695 2630 2784 2628 2772 2639 2539 2833 2598 2613 2681 2691 2674 2549 2681 2717 2642 2689 2750 2718 2791 2640 2557 2757 2765 2898 2789 2689 2783 2737 2788 2619 2678 2621 2781 2724 2787 2702 2854 2768 2578 2723 2760 2681 2707 2724 2705 2610 2864 2819 2693 2856 2737 2813 3004 2732 2839 2824 2717 2722 2660 2696 2819 2643 2701 2642 2792 2831 2700 2726 2816 2880 2772 2685 2850 2657 2711 2847 2655 2675 2691 2916 2642 2913 2874 2565 2685 2646 2800 2836 2856 2726 2860 2793 2841 2825 2716 2882 2773 2727 2884 2714 2755 2916 2904 2691 2792 2913 2797 2745 2850 2776 2564 2682 2994 2939 2818 2661 2793 2701 2757 2375 2630 2872 2763 2665 2824 2644 2851 2646 2574 2622 2720 2565 2759 2984 2941 2897 2804 2918 2894 2472 2807 2604 2599 2732 2683 2669 2525 2642 2612 2676 2424 2716 2704 2717 2804 2806 2836 2756 2525 2435 2883 2744 2830 2668 2844 2838 2847 2675 2878 2693 2473 2798 2835 2596 2457 2515 2768 2665 2508 2744 2703 2908 2760 2689 2358 2603 2704 2712 2878 3015 2765 2799 2535 2633 2397 2616 2514 2646 2466 2746 2786 2723 2687 2640 2807 2356 2325 2725 2733 2517 2706 2476 2767 2488 2649 2717 2710 2705 2630 2718 2820 2654 2720 2852 2500 2697 2733 2590 2722 2824 2698 2769 2802 2559 2587 2780 2485 2488 2813 2584 2540 2323 2325 2419 2506 2415 2585 2419 2570 2462 2801 2615 2795 2564 2705 2740 2729 2457 2708 2341 2688 2522 2679 2769 2713 2544 2478 2527 2737 2758 2562 2567 2833 2782 2395 2747 2615 2517 2560 2441 2782 2486 2586 2521 2436 2468 2541 2723 2499 2623 2734 2554 2711

Tree=0
num_leaves=23
num_cat=21
split_feature=0 0 0 2 0 2 0 2 3 3 2 3 0 2 3 3 1 5 1 1 0 4
split_gain=1035.47 632.107 338.554 311.814 128.408 82.3599 68.8338 50.3363 48.3783 48.0166 40.7249 27.857 26.1659 20.2179 16.8046 16.3061 15.9272 15.145 13.7654 13.6723 12.0436 11.8881
threshold=0 1 2 3 4 5 6 7 8 9 10 11 12 13 14 15 16 5.6646935841241897 17 18 19 20
decision_type=9 9 9 9 9 9 9 9 9 9 9 9 9 9 9 9 9 10 9 9 9 1
left_child=7 5 -3 6 8 11 -4 21 13 16 12 -2 17 -5 -8 -7 -6 -11 -14 -9 -12 -1
right_child=1 2 3 4 9 15 14 19 -10 10 20 -13 18 -15 -16 -17 -18 -19 -20 -21 -22 -23
leaf_value=58329.877500000002 58610.542500000003 60270.75 58158.135000000002 58864.702499999999 59804.550000000003 59220.855000000003 58615.875 58222.214999999997 58655.519999999997 58726.417500000003 58937.332499999997 58381.267500000002 59395.927499999998 59298.209999999999 58884.1875 58826.587500000001 59297.849999999999 59104.057500000003 58904.190000000002 58898.9925 59915.745000000003 58092.029999999999
leaf_weight=1184 1472 3764 1001 516 2027 233 349 118 906 614 134 1958 456 354 730 396 1856 136 286 326 595 3564
leaf_count=1184 1472 3764 1001 516 2027 233 349 118 906 614 134 1958 456 354 730 396 1856 136 286 326 595 3564
internal_value=58851 58851 58851 58851 58851 58851 58851 58851 58851 58851 58851 58851 58851 58851 58851 58851 58851 58851 58851 58851 58851 58851
internal_weight=22975 17783 13724 9960 7880 4059 2080 5192 1776 6104 2221 3430 1492 870 1079 629 3883 750 742 444 729 4748
internal_count=22975 17783 13724 9960 7880 4059 2080 5192 1776 6104 2221 3430 1492 870 1079 629 3883 750 742 444 729 4748
cat_boundaries=0 13 27 40 41 55 56 69 70 72 74 75 77 90 91 93 95 97 99 101 113 114
cat_threshold=3221225476 4096 0 268435456 9044228 0 0 1073775616 536870912 8438016 513806480 268435968 1056 135241 8192 0 8192 1048584 16777217 0 268525568 136 4616 1090650112 32897 2215641089 3 2359296 128319520 4097 528 268533760 4096 0 0 36864 524288 0 2148016160 2122368 3 20971536 19460 0 2129920 17056320 536870976 896 134217792 2052 68288513 536870912 16777220 0 20 7 4227072 4 0 0 134217728 33554432 0 0 0 0 0 2308 32796 7 2161639888 90500 3520647664 90532 4 3562539504 116102 0 0 0 0 134217728 4 0 0 0 6291456 0 1048848 32778 4 2852128330 2768 5783632 4 1610645604 2052 16484 2176 0 512 0 16 0 0 0 0 0 0 0 2 0 16 2
is_linear=0
shrinkage=1


Tree=1
num_leaves=23
num_cat=20
split_feature=0 0 2 0 2 0 0 0 3 2 3 3 1 3 5 5 3 1 4 3 0 3
split_gain=999.157 606.048 333.392 270.755 149.29 99.1569 82.5776 53.7535 53.2136 47.7709 41.6624 28.7546 26.7626 21.4847 16.9817 15.6117 13.051 12.9173 12.4708 11.1519 10.559 10.4916
threshold=0 1 2 3 4 5 6 7 8 9 10 11 12 13 4.1971736807086968 4.7664292796317111 14 15 16 17 18 19
decision_type=9 9 9 9 9 9 9 9 9 9 9 9 9 9 10 10 9 9 1 9 9 9
left_child=9 -2 3 11 5 13 8 16 -4 18 14 15 -12 -5 20 -3 -6 -11 19 -1 -7 -10
right_child=1 2 6 4 7 10 -8 -9 21 17 12 -13 -14 -15 -16 -17 -18 -19 -20 -21 -22 -23
leaf_value=-319.44948750000009 1338.0862500000001 -351.9060750000001 -136.24734375 48.800587499999857 -140.394375 88.971750000000057 1176.3584999999998 -496.85225625000004 504.61402499999986 -600.48967499999981 719.97485625000002 -537.73655625000004 3.2212124999998557 -220.88339999999985 567.36675000000002 -72.699412500000136 167.79656249999999 45.832837499999982 -722.88134999999988 -592.12698750000004 461.05925624999998 117.87660000000014
leaf_weight=568 3868 1327 462 577 215 379 1944 1380 444 118 240 1656 1052 724 1313 515 441 326 3593 620 682 531
leaf_count=568 3868 1327 462 577 215 379 1944 1380 444 118 240 1656 1052 724 1313 515 441 326 3593 620 682 531
internal_value=-1.07716e-05 0.0050822 0.000686627 -0.00327238 0.00183785 0.00604188 0.0129509 -0.00839355 0.00467391 -0.0172842 0.00982463 -0.0134744 0.00324387 -0.00460967 0.0133718 -0.00944175 0.00222305 -0.00286184 -0.0186131 -0.0145966 0.0091651 0.0106003
internal_weight=22975 17750 13882 10501 7003 4967 3381 2036 1437 5225 3666 3498 1292 1301 2374 1842 656 444 4781 1188 1061 975
internal_count=22975 17750 13882 10501 7003 4967 3381 2036 1437 5225 3666 3498 1292 1301 2374 1842 656 444 4781 1188 1061 975
cat_boundaries=0 13 26 27 41 42 56 70 82 84 85 87 89 91 93 95 97 98 100 113 115
cat_threshold=3221225476 4096 0 268435456 9044228 0 0 1073775616 536870912 8438016 513937552 268435968 1056 2359296 1202061344 4097 528 98304 6144 0 0 37888 524288 0 2148016160 2122368 7 4325384 9220 0 8192 1048584 65 0 268517376 8 4618 1090519040 33025 2215641089 3 4 16781313 65536 0 2129920 576 553648128 384 134225984 2052 68289633 536870912 19922964 0 20 0 27668 0 0 17825792 536870912 0 268509184 4 4198410 1090519040 16809992 8388608 1 65536 0 3758096384 5 0 0 0 0 134217728 1073741840 40 1024 721879590 281112 7 3506033136 90540 3302513136 124294 100 1024 3226993680 24964 2185238026 2688 0 512 2 3356001520 76068 0 0 0 0 134234112 0 0 0 0 6291456 0 1024 8388874 5767248 4
is_linear=0
shrinkage=0.045


Tree=2
num_leaves=23
num_cat=20
split_feature=0 0 0 2 0 2 0 2 3 3 3 0 2 1 3 3 5 1 1 2 5 0
split_gain=943.51 583.392 338.408 270.466 125.022 71.5012 68.0575 47.4991 47.3957 41.6995 30.603 26.6556 29.0749 19.3065 15.5672 13.6659 13.3613 12.8138 11.9455 17.1474 11.0553 10.9429
threshold=0 1 2 3 4 5 6 7 8 9 10 11 12 13 14 15 4.3757372435704527 16 17 18 5.5274410133216039 19
decision_type=9 9 9 9 9 9 9 9 9 9 9 9 9 9 9 9 8 9 9 9 10 9
left_child=-1 7 5 6 8 10 -4 -2 16 18 20 -11 13 -13 -8 -7 -5 -9 -6 -20 -3 -15
right_child=1 2 3 4 9 15 14 17 -10 11 -12 12 -14 21 -16 -17 -18 -19 19 -21 -22 -23
leaf_value=1302.12736875 -659.82377306250009 -250.76863912500019 -652.02008596874998 51.450250781249956 839.27643187499973 276.90309674999975 -191.88102346874999 -573.46763962499995 -146.02295826562485 -44.784409500000002 -427.83889246875015 997.20439396874997 1014.3491174999997 256.76330793750003 69.239914031250009 -56.810884500000206 354.34111106249992 48.382859812500065 205.15650300000001 740.3306174999999 56.302061062499774 -9.8106291562500871
leaf_weight=3705 4547 1467 989 464 2112 306 465 118 1208 521 2033 185 619 269 585 325 396 327 711 789 188 646
leaf_count=3705 4547 1467 989 464 2112 306 465 118 1208 521 2033 185 619 269 585 325 396 327 711 789 188 646
internal_value=-1.46886e-05 -0.00401644 0.000617215 0.00517877 0.008941 -0.00988628 -0.00940151 -0.0172392 -0.000584135 0.0123013 -0.0122838 0.00737345 0.0100737 0.00554406 -0.00135593 0.00409409 0.00743119 -0.00290481 0.0153228 0.0119048 -0.00759898 0.00274272
internal_weight=22975 19270 14278 9959 7920 4319 2039 4992 2068 5852 3688 2240 1719 1100 1050 631 860 445 3612 1500 1655 915
internal_count=22975 19270 14278 9959 7920 4319 2039 4992 2068 5852 3688 2240 1719 1100 1050 631 860 445 3612 1500 1655 915
cat_boundaries=0 13 26 40 41 55 56 69 70 72 74 76 89 90 91 93 95 97 99 100 113
cat_threshold=2359296 1202061344 4097 528 32768 4096 0 0 36864 524288 0 2148016160 2122368 3221225476 4096 0 268435456 9044236 0 0 1073775616 536870912 49408 513937552 268435968 1056 537006153 8192 0 8192 1048576 50331649 0 268525568 8 8393224 1090519040 32897 2215641089 3 3 16777216 84992 0 2129920 151274048 536870976 896 134217792 2052 68288513 536870912 16777220 0 20 7 4227072 4 0 0 134217728 0 0 0 0 0 0 6404 34844 7 2159542736 74116 3503870448 90534 3294108144 115078 16 20 0 0 268435456 4 0 0 0 6291458 0 16 8421378 4 100 2856322638 19159 2161655888 4100 0 512 1073791077 2052 4 0 0 0 0 0 0 0 0 1024 0 0 3072 4112
is_linear=0
shrinkage=0.045


Tree=3
num_leaves=23
num_cat=20
split_feature=0 0 0 2 0 2 3 0 2 3 3 0 2 1 5 2 2 3 5 2 3 1
split_gain=941.212 526.796 332.507 216.176 109.142 103.804 55.0766 47.9425 40.9156 31.9495 28.6176 17.2508 19.9691 16.097 14.3236 14.2072 13.5747 12.9884 12.8559 14.4416 12.7607 12.7525
threshold=0 1 2 3 4 5 6 7 8 9 10 11 12 13 4.0689902272260703 14 15 16 4.4127799275304271 17 18 19
decision_type=9 9 9 9 9 9 9 9 9 9 9 9 9 9 10 9 9 9 10 9 9 9
left_child=-1 8 5 7 6 10 18 20 -2 11 15 -6 13 -13 16 -3 21 -7 19 -5 -4 -11
right_child=1 2 3 4 9 17 -8 -9 -10 14 -12 12 -14 -15 -16 -17 -18 -19 -20 -21 -22 -23
leaf_value=1196.3041371562499 -645.0581613684376 -128.62181608734375 -118.57948206890617 -42.486465641484244 4.8215563649996689 332.51086533374973 -153.60181387804687 -472.69181960015646 -100.22436887906227 397.55703667499989 -423.18864230765627 981.27887863078126 1179.9696322124996 104.55893624953114 750.05130681562491 -646.05905036437503 935.94667806562484 22.843476146249778 349.89489625218744 344.68765758984364 166.91742105609384 21.465978615000274
leaf_weight=3906 4264 1152 230 382 539 312 1211 1389 429 618 2570 176 403 775 2045 315 483 403 406 209 426 332
leaf_count=3906 4264 1152 230 382 539 312 1211 1389 429 618 2570 176 403 775 2045 315 483 403 406 209 426 332
internal_value=-2.4481e-05 -0.00414955 0.000128232 0.00493618 0.00843861 -0.00959698 0 -0.00801774 -0.0172205 0.0119 -0.0123975 0.0070748 0.00978404 0.0060514 0.0144928 -0.00722617 0.011054 0.00615887 0.00778246 0.00360455 0.00202096 0.00762474
internal_weight=22975 19069 14376 9624 7579 4752 2208 2045 4693 5371 4037 1893 1354 951 3478 1467 1433 715 997 591 656 950
internal_count=22975 19069 14376 9624 7579 4752 2208 2045 4693 5371 4037 1893 1354 951 3478 1467 1433 715 997 591 656 950
cat_boundaries=0 13 26 40 41 55 56 58 70 71 73 75 88 89 90 91 92 94 95 97 99
cat_threshold=2359296 1202061344 4097 528 32768 6144 0 0 36864 524288 0 2150113376 2105984 3221225476 4096 0 268435456 8519948 0 0 1073775616 536870920 49408 513937552 268435968 1056 537006153 8192 0 2105344 1572864 16777217 0 268517376 0 8393224 1090519040 33025 2215641089 3 3 16777216 84996 0 32768 151274048 536870976 896 134225984 2052 68288513 536870912 16777220 0 20 7 2163737040 74116 65536 0 3758096384 5 0 0 0 0 134217728 1073741840 40 1024 7 656879118 433752 1410859472 90502 16 80 0 0 268435456 1028 0 0 0 6292482 0 16 32770 132 100 4 4 2161655920 4 4 2319455754 2688 1073791076 2048
is_linear=0
shrinkage=0.045


Tree=4
num_leaves=23
num_cat=19
split_feature=0 0 0 2 2 0 2 0 2 3 0 3 3 5 2 2 5 0 1 5 1 4
split_gain=889.746 505.387 299.857 209.086 95.3996 93.6693 47.9081 48.649 42.9481 37.2386 36.9477 35.944 31.4432 17.3444 16.8948 15.5188 14.7042 14.0382 13.2239 12.85 12.4249 14.7217
threshold=0 1 2 3 4 5 6 7 8 9 10 11 12 5.7573219937320976 13 14 4.8940944640863338 15 16 4.7140145363037149 17 18
decision_type=9 9 9 9 9 9 9 9 9 9 9 9 9 10 9 9 10 9 9 10 9 1
left_child=-1 8 4 10 12 9 7 -7 18 14 -4 16 15 20 -5 19 -9 -8 -2 -3 -13 -22
right_child=1 2 3 5 -6 6 17 11 -10 -11 -12 13 -14 -15 -16 -17 -18 -19 -20 -21 21 -23
leaf_value=1156.1150022623435 -379.4970022006076 -212.95502506006162 13.358637108569528 4.1435572921575474 163.5582263446689 506.02963411830245 249.1601164057968 169.50215091871081 -89.101499242317189 -160.86734351915953 -455.85726457189924 631.06264670177109 -436.81515340381168 307.91049800892216 400.29378958339777 -607.99104300422812 467.28744640860953 1327.2362542292344 -717.7395022006076 4.161450038617768 78.737711889825036 -159.07641477656156
leaf_weight=3878 1461 1073 619 440 685 1375 365 870 459 972 1370 103 2056 183 360 274 426 1416 2960 489 475 666
leaf_count=3878 1461 1073 619 440 685 1375 365 870 459 972 1370 103 2056 183 360 274 426 1416 2960 489 475 666
internal_value=-3.23149e-05 -0.00402572 0.000267236 0.00476948 -0.00920299 0.00814792 0.0108814 0.00814599 -0.0165025 -0.000933296 -0.00819715 0.00461517 -0.0119301 -0.000328353 0.0062069 -0.00752435 0.0100115 0.0170789 -0.0178812 -0.00568933 -0.00223917 -0.00361015
internal_weight=22975 19097 14217 9640 4577 7651 5879 4098 4880 1772 1989 2723 3892 1427 800 1836 1296 1781 4421 1562 1244 1141
internal_count=22975 19097 14217 9640 4577 7651 5879 4098 4880 1772 1989 2723 3892 1427 800 1836 1296 1781 4421 1562 1244 1141
cat_boundaries=0 13 26 40 41 42 56 57 70 71 73 85 87 89 90 91 104 106 108 109
cat_threshold=2359296 1202061344 1140854785 528 32768 6144 0 0 4096 524288 0 2150113376 2105984 3221225476 4096 0 268435456 9044236 0 0 1073775616 536870920 49408 1587679360 268435968 32 537006153 8192 0 2105344 1048576 16777217 0 268517376 128 8393224 16777232 33025 2215642113 3 3 7 20971520 85012 0 32768 17056320 536870976 640 134225920 2052 68288513 0 16777220 0 20 4 41992192 2147483648 536870976 5 3489660928 1280 0 0 33792 0 65536 2176 22544 7 2161639888 74116 65536 0 2684354560 5 0 0 0 0 134217728 1073741840 40 1024 3224981712 90500 3298312688 90502 4 5 0 64 0 0 0 0 0 0 0 4194306 0 24 8388608 1050754 233 537395296 256 2
is_linear=0
shrinkage=0.045


Tree=5
num_leaves=23
num_cat=19
split_feature=0 0 0 2 0 2 2 0 2 3 0 3 3 3 2 2 1 5 5 1 0 5
split_gain=816.113 508.619 280.827 203.399 93.6168 87.6517 48.3023 46.6214 43.5058 36.4629 35.1786 31.251 26.7951 20.0994 17.1676 16.3305 15.6298 15.2087 14.1963 12.9247 12.3921 12.1996
threshold=0 1 2 3 4 5 6 7 8 9 10 11 12 13 14 15 16 5.1387309967764621 4.0517471391904856 17 18 5.7573219937320976
decision_type=9 9 9 9 9 9 9 9 9 9 9 9 9 9 9 9 9 10 8 9 9 10
left_child=8 5 -3 10 9 12 7 11 13 14 -4 18 17 15 -5 -1 -9 -2 -6 -10 -8 -13
right_child=1 2 3 4 6 -7 20 16 19 -11 -12 21 -14 -15 -16 -17 -18 -19 -20 -21 -22 -23
leaf_value=-202.61372460158017 -259.90597150064013 1179.1177758824133 1.1979559543088907 -7.4651944396222456 13.459415579945489 155.87752869040852 237.94791116753606 544.75178295574904 -539.141931776413 -169.48059040060213 -450.19368766616395 -64.15827027144276 -437.94847150064015 -611.89876466408043 363.40431411974214 -748.21622460158017 124.26173422625972 4.8966847868798506 325.75513969522194 42.722209646823067 1120.8303673226217 284.85281170790063
leaf_weight=829 1625 3630 729 532 286 691 365 1644 118 886 1286 980 1714 3310 416 444 375 352 672 335 1607 149
leaf_count=829 1625 3630 729 532 286 691 365 1644 118 886 1286 980 1714 3310 416 444 375 352 672 335 1607 149
internal_value=-5.18997e-05 0.00444335 0.00875028 0.00481965 0.00806979 -0.00886891 0.0107586 0.00792254 -0.016037 -0.000853196 -0.00791441 0.00316222 -0.0116237 -0.0173683 0.00525 -0.0121693 0.0127954 -0.00792986 0.00909278 -0.00246774 0.0165801 -0.0019128
internal_weight=22975 17939 13557 9927 7912 4382 6078 4106 5036 1834 2015 2087 3691 4583 948 1273 2019 1977 958 453 1972 1129
internal_count=22975 17939 13557 9927 7912 4382 6078 4106 5036 1834 2015 2087 3691 4583 948 1273 2019 1977 958 453 1972 1129
cat_boundaries=0 13 27 40 41 55 56 57 70 71 73 85 87 89 91 92 93 95 97 110
cat_threshold=3221225476 4096 0 268435456 9044236 0 0 1073775616 536870920 8438016 513806352 268435968 1056 537006152 8192 0 2105344 1048576 16777217 0 268517376 0 4616 1090650240 33025 2215641089 3 2359296 1202061344 1073745921 528 32768 6144 0 0 4096 524288 0 2148016224 2105984 3 20971521 85012 0 32768 17056320 536870976 640 134225920 2052 68288513 536870912 16777220 0 20 7 4 16 0 0 0 134217728 33554436 256 64 0 23071842 0 3150864 8388878 7 2161657296 74116 42008576 0 2684354560 5 0 0 0 0 134217856 3221225488 40 1024 3231257040 90500 3571010032 123302 3491234256 65798 4 4 49252 3200 0 512 0 64 0 0 0 0 0 0 0 4194306 0 24 8388608
is_linear=0
shrinkage=0.045


Tree=6
num_leaves=23
num_cat=19
split_feature=0 0 0 2 0 2 2 0 2 3 0 3 3 2 4 5 2 5 3 0 3 5
split_gain=762.369 509.06 270.792 179.598 97.7617 84.3313 49.9107 43.8002 40.894 37.82 37.5252 33.896 30.8344 24.6475 15.0617 13.375 12.8938 11.5862 11.4201 11.2559 11.2249 11.2014
threshold=0 1 2 3 4 5 6 7 8 9 10 11 12 13 14 4.8789996228937618 15 5.1619206365690227 16 17 18 5.772996334337213
decision_type=9 9 9 9 9 9 9 9 9 9 9 9 9 9 1 8 9 10 9 9 9 10
left_child=8 5 -3 10 9 12 7 -6 14 13 18 15 16 -5 -1 -9 17 -2 -4 -10 -7 -13
right_child=1 2 3 4 6 20 -8 11 19 -11 -12 21 -14 -15 -16 -17 -18 -19 -20 -21 -22 -23
leaf_value=-402.9062765041968 -173.45626328916231 1186.8524759677045 -113.89845206363508 -58.620241190043885 501.78708424058965 315.43565660465248 899.30300079310382 144.95865035964897 59.642795752292585 -184.64567921152047 -415.44792611743657 -51.90107817637454 -394.37551362348722 311.6727767483282 -611.05363734310276 374.54033769908796 -521.14311083983023 54.682762496922294 158.75109042073993 -357.13304484647426 21.56361736809049 256.19443518104498
leaf_weight=1109 1272 3274 230 687 1342 277 2075 949 266 784 1360 1061 2058 620 3210 582 353 288 426 210 383 159
leaf_count=1109 1272 3274 230 687 1342 277 2075 949 266 784 1360 1061 2058 620 3210 582 353 288 426 210 383 159
internal_value=-9.30278e-05 0.00411857 0.00851984 0.0049147 0.00785365 -0.00874704 0.0107039 0.00776675 -0.0160313 -0.000567047 -0.00710059 0.00447068 -0.0112246 0.00411107 -0.0174296 0.00890959 -0.0070013 -0.00515267 0.0017515 -0.00322746 0.00609375 -0.00113231
internal_weight=22975 18180 13549 10275 8259 4631 6168 4093 4795 2091 2016 2751 3971 1307 4319 1531 1913 1560 656 476 660 1220
internal_count=22975 18180 13549 10275 8259 4631 6168 4093 4795 2091 2016 2751 3971 1307 4319 1531 1913 1560 656 476 660 1220
cat_boundaries=0 13 27 40 41 55 56 57 70 71 73 85 87 89 90 91 92 94 103 105
cat_threshold=3221225476 4096 0 268435456 10092812 0 0 1073792000 536870920 49408 513806352 268435968 32 537006153 8192 0 2105344 512 50331649 0 268500992 0 8393224 1090650240 33025 2215642113 2 2097152 3349544960 4225 528 32768 6144 0 0 4096 524288 0 2148016224 2237056 3 20971520 85012 0 32768 17055808 536870976 640 134225920 2052 68288515 536870912 16777220 0 21 7 4 42254336 0 603979840 5 3489660928 1280 0 0 33792 0 65536 2176 20496 7 2295879120 90532 65536 0 3758096384 5 0 0 0 0 134217728 1073741840 40 1024 3233370608 123300 3302490608 123302 4 2 5 2319455754 2688 0 4096 0 0 8912896 0 0 0 536870912 2160607312 36
is_linear=0
shrinkage=0.045


Tree=7
num_leaves=23
num_cat=20
split_feature=0 0 2 0 2 0 0 2 0 0 3 3 3 3 3 2 5 2 0 1 1 5
split_gain=725.2 471.468 267.417 204.648 101.837 85.1735 71.8731 40.0703 36.5962 35.3126 34.1228 31.1566 29.5454 18.5096 16.1553 13.6702 13.5117 13.2646 12.1162 12.1127 11.851 14.0172
threshold=0 1 2 3 4 5 6 7 8 9 10 11 12 13 14 15 4.9663289649179552 16 17 18 19 5.7573219937320976
decision_type=9 9 9 9 9 9 9 9 9 9 9 9 9 9 9 9 10 9 9 9 9 10
left_child=7 15 3 12 5 14 10 13 -7 -6 -4 16 -3 17 -5 -2 -10 -1 -8 -9 -13 -22
right_child=1 2 6 4 9 8 18 19 11 -11 -12 20 -14 -15 -16 -17 -18 -19 -20 -21 21 -23
leaf_value=-209.12375083919503 301.28161454915761 -172.50652614672748 268.30105205744297 10.709398132290353 7.2819782792285697 509.98449482484074 1126.7954385054061 -498.80955782838305 157.70942061788671 -412.20323819215213 -69.749822882223782 475.9065458851195 -416.42389217005427 -570.9408665112569 -205.12228577467567 1297.7391145491576 458.87276643779063 -715.42158081406944 540.9538409320146 40.323142247743746 -60.511760809350648 262.2868953317394
leaf_weight=716 530 1615 703 680 772 1229 1204 118 1025 1315 736 160 2010 3199 806 2786 425 381 1055 337 1010 163
leaf_count=716 530 1615 703 680 772 1229 1204 118 1025 1315 736 160 2010 3199 806 2786 425 381 1055 337 1010 163
internal_value=-0.000185076 0.00389888 0.000479558 -0.00298343 0.00122318 0.00443466 0.0109528 -0.0158204 0.00783921 -0.00721415 0.00302378 0.0049347 -0.0117604 -0.0171831 -0.00474633 0.0192142 0.00948016 -0.0117065 0.015961 -0.00284261 -5.01859e-05 -0.0016519
internal_weight=22975 18224 14908 11210 7585 5498 3698 4751 4012 2087 1439 2783 3625 4296 1486 3316 1450 1097 2259 455 1333 1173
internal_count=22975 18224 14908 11210 7585 5498 3698 4751 4012 2087 1439 2783 3625 4296 1486 3316 1450 1097 2259 455 1333 1173
cat_boundaries=0 13 26 27 41 42 56 68 69 82 94 96 98 100 102 104 105 106 119 121 123
cat_threshold=3221225472 4096 0 268435456 9044236 1 0 1073792000 536870920 49920 513806336 268435968 1056 2359296 3349413888 4225 2147484180 32768 6144 0 0 4096 524288 0 2148016224 2236928 7 135180 9220 0 8192 1048576 16777280 0 268435456 4 8392714 1090650256 16810241 2214592513 2 4 20971521 65536 0 2129920 576 536870912 384 134291520 2048 68289601 0 3145748 1048576 17 0 27732 0 0 152043520 0 0 268500992 4 4198410 1090519040 16809992 7 41975808 131072 603979840 1 3489660928 1280 0 0 1024 0 65536 2048 20624 42008576 131072 3758096384 1 0 0 0 0 134217856 3221225488 40 1024 2161657168 65572 3231273426 90500 3566750192 106886 3491234256 33028 2153268560 24708 3 4 32768 0 0 0 65536 0 0 0 99328 2048 0 3278080 16412 0 512 96 1024
is_linear=0
shrinkage=0.045


Tree=8
num_leaves=23
num_cat=22
split_feature=0 0 0 2 0 2 3 2 3 0 0 2 0 0 3 2 2 2 0 0 0 1
split_gain=695.113 471.14 249.626 155.844 98.1491 69.132 68.3144 36.9662 30.3825 30.0354 22.9792 21.1274 24.7332 19.7641 17.4715 17.2766 15.4647 13.416 13.2949 12.4676 11.7336 11.7139
threshold=0 1 2 3 4 5 6 7 8 9 10 11 12 13 14 15 16 17 18 19 20 21
decision_type=9 9 9 9 9 9 9 9 9 9 9 9 9 9 9 9 9 9 9 9 9 9
left_child=7 5 15 9 11 8 13 14 -2 -4 -8 12 -5 -6 16 -3 19 18 -10 -1 -19 -9
right_child=1 2 3 4 6 -7 10 21 17 -11 -12 -13 -14 -15 -16 -17 -18 20 -20 -21 -22 -23
leaf_value=-71.34323957655684 -411.9516498228719 307.84405794750143 -429.42909247350531 90.775618973698684 -4.2522997689736988 123.68462784050229 -139.82665787932706 -476.3631277261058 -6.9238084497982157 -50.128210743336709 79.318143385080049 1014.9708659775592 457.18215287018393 303.93411986000712 -549.38852751825027 1303.5558543944455 -673.10260967743625 -118.79932272813198 -172.5380322826249 -478.04232707655683 -555.4785960258846 38.508600846595435
leaf_weight=475 1618 578 737 711 470 693 1186 118 718 1055 1172 1394 1462 2093 3089 2529 437 347 955 295 506 337
leaf_count=475 1618 578 737 711 470 693 1186 118 718 1055 1172 1394 1462 2093 3089 2529 437 347 955 295 506 337
internal_value=-0.000210537 0.00378784 0.00813587 0.00474398 0.00729 -0.00823623 0.00315173 -0.0155181 -0.0104379 -0.00728381 -0.00237342 0.0129694 0.01004 0.00822233 -0.016828 0.0192971 -0.0118314 -0.0072695 -0.00484718 -0.007711 -0.0118873 -0.00303533
internal_weight=22975 18224 13387 10280 8488 4837 4921 4751 4144 1792 2358 3567 2173 2563 4296 3107 1207 2526 1673 770 853 455
internal_count=22975 18224 13387 10280 8488 4837 4921 4751 4144 1792 2358 3567 2173 2563 4296 3107 1207 2526 1673 770 853 455
cat_boundaries=0 13 27 40 41 54 55 57 58 60 73 87 88 101 113 115 116 117 118 131 144 157 159
cat_threshold=3221225472 4096 0 268435456 9044236 1 0 1073792000 536870920 49920 513806336 268435968 1056 537006157 8192 0 8192 1048576 50331648 0 268500992 0 8392712 1090650256 33153 2215641089 3 2097152 3349544960 1073746049 2147484180 32768 6144 0 0 4096 524288 0 2148147296 2236416 3 42237952 1048608 603979840 1 1342242816 288 0 0 99328 2048 65536 2100224 285336 7 3224916432 90534 7 721921550 395865 4227072 4 0 0 134217728 0 0 0 0 0 0 6148 32796 16777216 3076 0 2097152 150995520 536870976 0 134225920 2048 1179651 536870912 16777236 0 4 4 0 0 0 0 0 0 0 0 0 0 0 2098176 8 0 81920 0 2129920 16896 536870976 0 134225920 0 68288513 536870912 16777216 3491242448 98564 3 4 4 9 0 0 0 0 33554432 0 65536 0 8 0 33152 2148532224 0 4096 0 0 8913152 0 0 0 536870912 16384 0 0 1024 0 0 0 0 0 0 0 0 0 0 144 128 1 0 512
is_linear=0
shrinkage=0.045


Tree=9
num_leaves=23
num_cat=18
split_feature=0 0 0 2 0 2 3 3 2 0 3 0 2 2 0 4 5 5 2 1 5 5
split_gain=658.301 425.566 246.388 162.809 89.9194 68.2375 40.0306 37.162 33.3783 32.6387 30.1999 21.9421 20.4119 18.1052 20.311 16.6421 15.0746 12.083 12.0297 14.7914 11.9785 11.7909
threshold=0 1 2 3 4 5 6 7 8 9 10 11 12 13 14 15 5.1619206365690227 4.3502571242716384 16 17 4.9308638091439496 5.0072908000208587
decision_type=9 9 9 9 9 9 9 9 9 9 9 9 9 9 9 1 10 8 9 9 10 10
left_child=8 5 12 9 7 10 13 17 15 -4 -2 -8 -3 14 21 -1 -12 -5 19 -13 -16 -6
right_child=1 2 3 4 6 -7 11 -9 -10 -11 16 18 -14 -15 20 -17 -18 -19 -20 -21 -22 -23
leaf_value=-341.63947631289602 -398.74449278037275 274.47845928680829 -400.42978331219763 33.307624766699192 16.922453883489361 118.11881958767982 -17.71367069423588 -114.79811719819692 -90.683602082333394 -29.399756838681622 -214.88477564762673 876.51151643573667 1294.5758409466953 945.89774083637451 320.80922859162223 -538.8860437799292 7.5637561870020722 307.4776619129388 660.40122554858851 80.971869259273475 778.73337862509106 339.27097122401938
leaf_weight=1100 1537 539 987 447 591 699 804 1331 474 1074 1974 181 2321 1498 1284 3127 423 400 570 846 494 274
leaf_count=1100 1537 539 987 447 591 699 804 1331 474 1074 1974 181 2321 1498 1284 3127 423 400 570 846 494 274
internal_value=-0.000237955 0.00362737 0.00762854 0.00450083 0.00718907 -0.00814263 0.0098253 -0.000739726 -0.0152339 -0.00684877 -0.010446 0.0051378 0.0193506 0.0125205 0.0101441 -0.0165234 -0.00720112 0.00657451 0.00818055 0.00513234 0.0129218 0.0043358
internal_weight=22975 18274 13641 10781 8720 4633 6542 2178 4701 2061 3934 2401 2860 4141 2643 4227 2397 847 1597 1027 1778 865
internal_count=22975 18274 13641 10781 8720 4633 6542 2178 4701 2061 3934 2401 2860 4141 2643 4227 2397 847 1597 1027 1778 865
cat_boundaries=0 13 27 40 41 55 56 58 60 61 74 76 90 91 92 106 107 108 109
cat_threshold=3221225476 4096 0 268435456 10092812 0 0 1073775616 536870920 49408 513806336 268435968 32 135241 8192 0 8192 16777216 16777217 0 268517376 0 8393224 1090650256 33025 2215642113 3 2097152 3349544960 4225 2147484180 32768 6144 0 0 4096 0 0 2148016224 2236416 3 20971520 19460 0 2129920 134496832 536870980 128 134225920 2052 68288513 536870912 16777228 0 16 7 4174959056 90532 2157445584 388 7 4227072 4 0 0 134217728 33554432 0 8192 0 0 0 6276 32796 724010510 395865 16 80 0 0 268435456 1024 0 0 33792 6292482 0 1048592 32774 4 3 4 0 0 0 0 0 33554432 512 0 0 20971522 0 3150864 266 4 2 4 100
is_linear=0
shrinkage=0.045


Tree=10
num_leaves=23
num_cat=20
split_feature=0 0 0 2 0 2 3 2 3 0 0 2 2 0 1 2 3 5 4 5 0 3
split_gain=632.815 405.542 238.159 150.63 84.979 63.0768 60.4259 34.3017 30.3119 27.7032 22.3386 21.7743 21.1638 26.9914 17.7018 15.3418 12.3522 12.0059 11.6101 11.2188 11.1958 11.1521
threshold=0 1 2 3 4 5 6 7 8 9 10 11 12 13 14 15 16 4.4248287033199567 17 4.3882378946731615 18 19
decision_type=9 9 9 9 9 9 9 9 9 9 9 9 9 9 9 9 9 10 1 8 9 9
left_child=7 11 5 9 12 8 17 14 15 -4 -8 16 13 -5 -1 -3 -2 -6 -11 -12 -7 -22
right_child=1 2 3 4 6 20 10 -9 -10 18 19 -13 -14 -15 -16 -17 -18 -19 -20 -21 21 -23
leaf_value=-259.6769896029661 16.295323574185169 -104.21997191373713 -402.43780556314869 97.083696744040694 174.80327772994372 1174.8027916540459 -104.8589859561725 -81.319410643413306 -354.10850739970334 -590.58913912956757 -17.939877790524623 1264.4674281040941 1007.319216083069 499.00558039194158 -562.50872614609978 -461.53284069231063 399.75942861890184 393.64216292564868 -15.823720410980004 190.25538130648826 195.63203370558969 -75.382628720954827
leaf_weight=1308 204 1785 779 966 1183 108 1433 482 1776 155 801 2326 1393 1381 2974 414 376 850 1044 651 258 328
leaf_count=1308 204 1785 779 966 1183 108 1433 482 1776 155 801 2326 1393 1381 2974 414 376 850 1044 651 258 328
internal_value=-0.000259499 0.00356212 0.000630182 0.0043487 0.0069083 -0.00783006 0.00300304 -0.0148398 -0.0100169 -0.00682915 -0.0011883 0.0189376 0.0120176 0.00928042 -0.0161388 -0.00640095 0.0104899 0.00892298 -0.0024711 0.00273566 0.00465297 0.00203177
internal_weight=22975 18211 15305 10636 8658 4669 4918 4764 3975 1978 2885 2906 3740 2347 4282 2199 580 2033 1199 1452 694 586
internal_count=22975 18211 15305 10636 8658 4669 4918 4764 3975 1978 2885 2906 3740 2347 4282 2199 580 2033 1199 1452 694 586
cat_boundaries=0 13 26 40 41 54 55 57 58 60 73 85 86 87 100 102 103 105 106 119 121
cat_threshold=3221225476 4096 0 268435456 10092812 0 0 1073759232 536870920 49408 1587679232 268435968 32 2359296 3349544960 1073746049 2147484180 32768 6144 0 0 4096 0 0 2148147296 2228224 135240 8192 0 8192 16777728 50331649 0 402751488 0 8393224 16777360 33025 2215642113 3 3 41975808 1048608 637534272 1 65536 32 0 0 66560 526336 65536 2100224 293532 7 2151158224 74118 7 3570938352 120230 4227072 4 0 0 134217728 0 0 8192 0 0 0 6148 34844 16777217 19460 0 2097152 402653248 536870976 0 8192 2052 1179651 0 16777236 3 4 0 0 0 0 0 0 0 0 0 2048 0 2098176 18444 1050626 201 5 184684546 149656 1 0 0 0 0 0 0 0 0 0 0 0 256 2147483648 2160607344 16388
is_linear=0
shrinkage=0.045


Tree=11
num_leaves=23
num_cat=22
split_feature=0 0 0 2 0 2 3 3 2 0 2 2 0 2 0 3 0 3 0 3 3 1
split_gain=583.717 389.37 247.046 142.277 84.0418 70.2204 53.7787 37.1001 31.9776 25.6075 24.0348 22.0186 25.2369 20.6428 19.0752 13.3322 12.9148 12.1488 12.0138 13.3684 10.6626 10.6211
threshold=0 1 2 3 4 5 6 7 8 9 10 11 12 13 14 15 16 17 18 19 20 21
decision_type=9 9 9 9 9 9 9 9 9 9 9 9 9 9 9 9 9 9 9 9 9 9
left_child=13 8 5 9 11 7 16 10 21 -4 -3 12 20 17 -8 -16 -6 -1 -7 -20 -5 -2
right_child=1 2 3 4 6 18 14 -9 -10 -11 -12 -13 -14 -15 15 -17 -18 -19 19 -21 -22 -23
leaf_value=28.48377901835147 -280.33229094922046 -37.232713250096168 2.9202996375533803 255.4585673901727 8.244452862302678 1100.0251460804493 -115.07354643412437 -309.92216232976915 -92.901651405772242 -364.03074181280721 -449.08044079889584 988.05241394719417 496.85895853261655 1215.2838938394098 -176.69630267051249 90.478676814155108 311.63149173609099 385.70775433105143 215.28051887633831 -68.747621694136882 8.4459048412203632 -545.03327913325779
leaf_weight=216 826 1259 706 454 356 121 1241 2756 445 1273 484 1422 1322 2258 240 1480 1578 365 262 354 676 2881
leaf_count=216 826 1259 706 454 356 121 1241 2756 445 1273 484 1422 1322 2258 240 1480 1578 365 262 354 676 2881
internal_value=-0.000251665 -0.00294818 0.000244749 0.0041487 0.0066083 -0.0077601 0.00267322 -0.00987087 -0.0152053 -0.00672401 -0.00465385 0.0115569 0.00885755 0.0188066 -0.00114279 0.00192263 0.00848664 0.010586 0.00507677 0.00236465 0.00382224 -0.0165952
internal_weight=22975 20136 15984 10748 8769 5236 4895 4499 4152 1979 1743 3874 2452 2839 2961 1720 1934 581 737 616 1130 3707
internal_count=22975 20136 15984 10748 8769 5236 4895 4499 4152 1979 1743 3874 2452 2839 2961 1720 1934 581 737 616 1130 3707
cat_boundaries=0 13 26 40 41 54 55 57 59 60 72 73 74 87 88 102 104 118 120 133 135 137 139
cat_threshold=2097152 2275803136 1140854913 2147484180 32768 6144 0 0 4096 0 0 2148147296 2490368 3221356548 4096 0 268435456 10092812 0 0 1342194688 8 49408 513937408 268435968 32 72 8192 0 8192 16777728 50331713 0 134316032 536870912 8524296 1090519184 33025 2215642113 2 3 42254336 1074790432 570425408 1 65536 288 0 0 66560 526336 65536 2100224 31388 7 2151154128 74116 3566731664 82310 7 33619968 0 2684354560 129 0 0 0 0 134217856 3221225488 40 1024 4 4 16384 0 0 0 0 0 0 0 1024 2048 0 2098176 22540 3 16781313 19460 0 2097152 134217792 536870912 0 8192 0 1048579 0 16777220 0 1 403468 133202 4198400 0 0 2129920 16384 536870912 0 8192 4 68157441 536870912 16777216 0 17 188878850 149640 0 0 0 0 0 64 0 0 0 0 0 256 2147483648 2160607312 16388 2698593360 73856 1051654 200
is_linear=0
shrinkage=0.045


Tree=12
num_leaves=23
num_cat=20
split_feature=0 0 0 2 0 2 3 3 2 2 0 2 3 0 2 2 5 2 5 0 0 3
split_gain=565.021 362.661 225.487 130.266 79.1792 69.1898 52.8103 38.7435 31.5505 30.4154 25.3726 23.4303 23.028 19.1584 18.8297 18.5269 16.4573 19.0037 13.3013 13.2983 13.1795 13.0319
threshold=0 1 2 3 4 5 6 7 8 9 10 11 12 13 14 15 4.8481086751891054 16 4.7140145363037149 17 18 19
decision_type=9 9 9 9 9 9 9 9 9 9 9 9 9 9 9 9 10 9 10 9 9 9
left_child=14 8 5 10 9 7 16 15 -2 12 -4 13 -5 -8 -1 18 17 -6 -3 -17 -14 -7
right_child=1 2 3 4 6 21 11 -9 -10 -11 -12 -13 20 -15 -16 19 -18 -19 -20 -21 -22 -23
leaf_value=258.18898420382493 -469.11678157226129 -120.24027489022107 -382.90685843123094 56.877360406625883 27.613565446467291 405.58039139927195 -168.13562132812513 -332.78461046742967 -89.621077092512451 1034.0755071706735 -72.165503444743692 759.66885224595808 170.40199350315331 -1.6293992146887466 1149.847337440618 -24.36917315567365 420.79077522044582 408.61414824873867 42.120066940873294 -525.92996114782318 493.09749592133596 22.318468839403067
leaf_weight=568 3599 1082 670 731 1011 220 801 2293 447 1109 1367 167 615 1843 2316 172 590 660 567 412 1223 512
leaf_count=568 3599 1082 670 731 1011 220 801 2293 447 1109 1367 167 615 1843 2316 172 590 660 567 412 1223 512
internal_value=-0.000263416 -0.00294023 9.94893e-05 0.00382327 0.0062092 -0.00753131 0.00254917 -0.00960886 -0.0149593 0.0112317 -0.0064019 -0.00157014 0.00844731 -0.00262613 0.0183201 -0.00532183 0.00765178 0.00539301 -0.00283113 -0.012156 0.0111405 0.0052621
internal_weight=22975 20091 16045 10787 8750 5258 5072 4526 4046 3678 2037 2811 2569 2644 2884 2233 2261 1671 1649 584 1838 732
internal_count=22975 20091 16045 10787 8750 5258 5072 4526 4046 3678 2037 2811 2569 2644 2884 2233 2261 1671 1649 584 1838 732
cat_boundaries=0 13 26 40 41 54 55 57 59 60 61 74 75 77 91 92 93 94 107 120 122
cat_threshold=2359296 3349413888 1140854913 2147484180 32768 6144 0 0 4096 0 0 2148147296 2490368 3221356548 4096 0 268435456 10092812 0 0 1342194688 8 17152 513806336 268435968 32 72 8192 0 8192 16777216 16777281 0 134316032 536870912 8556552 1090650256 33025 2215642113 2 3 41992192 1179648 570425408 1 65536 1280 0 0 66560 526336 65536 2100224 31388 7 2151203280 8580 3570942416 83366 7 132 4194304 4 0 0 134217728 33554432 0 8192 0 0 0 6148 34840 20 505817606 39506 16777217 19492 0 2097152 512 536870912 0 8192 0 3 0 0 0 1 3 4 4 0 0 0 0 0 0 0 0 0 0 144 0 1 0 0 0 0 0 0 0 0 0 0 0 2098176 16396 2149056592 4
is_linear=0
shrinkage=0.045


Tree=13
num_leaves=23
num_cat=19
split_feature=0 0 2 0 0 0 2 3 2 3 3 2 5 1 2 5 2 3 1 5 1 2
split_gain=535.825 349.745 202.416 153.415 67.119 56.2022 55.7863 38.7317 37.4403 32.4956 31.9107 27.4065 24.7359 22.5368 21.4713 20.0378 17.7314 20.0477 22.1965 16.3624 15.2209 13.6628
threshold=0 1 2 3 4 5 6 7 8 9 10 11 4.9732735209982879 12 13 5.173316863805991 14 15 16 3.6762205501217919 17 18
decision_type=9 9 9 9 9 9 9 9 9 9 9 9 10 9 9 10 9 9 9 10 9 9
left_child=14 8 3 9 12 -4 10 -7 16 -3 19 -9 -5 -12 -1 -15 17 18 -2 -6 -8 -14
right_child=1 2 5 4 6 7 20 11 -10 -11 13 -13 21 15 -16 -17 -18 -19 -20 -21 -22 -23
leaf_value=243.5124010969825 -46.213185659215519 -149.57632773176005 1162.3829895484457 -180.16835976943929 110.74728882387615 319.40405848017571 -280.2435498018254 625.73773311928403 -83.904900140724124 -359.14180299639526 507.13018641263903 -68.863804593244495 97.697016553624195 -62.767196181132604 1111.9129884318086 259.6757530123009 -635.49847486353201 -349.63652640150968 -406.49170242944109 404.80070622483828 -11.986350612327879 -188.44354980182541
leaf_weight=589 538 2086 1018 2207 643 1626 506 111 555 1646 302 875 665 1135 2297 337 1793 977 533 1513 839 184
leaf_count=589 538 2086 1018 2207 643 1626 506 111 555 1646 302 875 665 1135 2297 337 1793 977 533 1513 839 184
internal_value=-0.000310419 -0.00291814 0.000227794 -0.00257702 0.000822546 0.00952636 0.00389399 0.00596799 -0.0141186 -0.0101442 0.00659817 -0.00108216 -0.0044736 0.00209127 0.0177795 -0.000242588 -0.0157144 -0.0126044 -0.00812327 0.0102744 -0.00399595 0.00203584
internal_weight=22975 20089 15693 12063 8331 3630 5275 2612 4396 3732 3930 986 3056 1774 2886 1472 3841 2048 1071 2156 1345 849
internal_count=22975 20089 15693 12063 8331 3630 5275 2612 4396 3732 3930 986 3056 1774 2886 1472 3841 2048 1071 2156 1345 849
cat_boundaries=0 13 26 27 41 55 68 69 71 72 74 76 77 79 80 81 83 85 87 88
cat_threshold=2359296 2275803136 1140854913 2147484180 32768 6144 0 0 0 0 0 2148147296 2490368 3221356548 4096 0 268435456 9437452 0 0 1342194688 536870920 768 1587548160 268468736 32 7 4194376 74756 0 8192 655360 16777281 0 0 4 8572938 16908432 16777472 67109889 2 553652225 0 0 2129920 512 570425344 128 134324224 0 68158529 0 3149973 2148532232 1 33587200 0 0 0 0 64 0 0 66560 2099200 0 1049856 25116 4 2832788944 78116 7 3571022288 87430 3768095056 352684 32 1124 1152 3 4 3289924048 128420 4112 1025 16405 2048 4
is_linear=0
shrinkage=0.045


Tree=14
num_leaves=23
num_cat=20
split_feature=0 0 2 0 2 0 0 2 3 3 1 3 3 1 0 3 0 5 3 3 3 5
split_gain=498.354 340.177 182.875 141.402 68.4541 67.7378 55.0271 38.8567 34.8996 34.7334 33.9991 34.0634 29.5507 27.7638 25.0635 21.316 23.4499 17.4584 17.323 15.902 15.061 14.4294
threshold=0 1 2 3 4 5 6 7 8 9 10 11 12 13 14 15 16 5.2176457913436556 17 18 19 5.1619206365690227
decision_type=9 9 9 9 9 9 9 9 9 9 9 9 9 9 9 9 9 10 9 9 9 10
left_child=15 7 3 12 5 18 -4 -2 -8 13 -7 17 -3 -9 -6 16 -1 -12 -5 -10 -16 -13
right_child=1 2 6 4 14 10 8 9 19 -11 11 21 -14 -15 20 -17 -18 -19 -20 -21 -22 -23
leaf_value=47.066105308039113 -608.09409503265067 -113.88285396337552 826.56713449095696 30.922252648325227 -372.43928183647193 859.46866082680197 -125.33066617697123 109.96186634351518 512.66406761779285 -278.59074271680117 176.81208145616392 -58.627894999619294 -309.3879218615574 -312.05222486324993 -314.07158746249746 1042.324403952377 744.96005849546009 449.8303321289755 -159.36424102910038 87.153993466439402 -23.693670012175279 189.64819677152465
leaf_weight=422 1801 1421 1402 727 596 459 466 402 684 1925 1803 1168 2109 418 337 2030 373 527 1101 1080 1329 395
leaf_count=422 1801 1421 1402 727 596 459 466 402 684 1925 1803 1168 2109 418 337 2030 373 527 1101 1080 1329 395
internal_value=-0.000314336 -0.00279883 0.000360207 -0.00232435 0.000841022 0.00329215 0.00918771 -0.0136145 0.00473684 -0.0101279 0.00634166 0.0049379 -0.00987154 -0.00227163 -0.00583773 0.0173449 0.0106227 0.00837746 -0.00396196 0.00762669 -0.00294994 -0.000214286
internal_weight=22975 20150 15604 11972 8442 6180 3632 4546 2230 2745 4352 3893 3530 820 2262 2825 795 2330 1828 1764 1666 1563
internal_count=22975 20150 15604 11972 8442 6180 3632 4546 2230 2745 4352 3893 3530 820 2262 2825 795 2330 1828 1764 1666 1563
cat_boundaries=0 13 26 27 41 42 56 70 71 73 75 76 78 80 82 95 97 109 111 113 115
cat_threshold=2359296 2275672064 1140854913 2147484176 32768 6144 0 0 4096 0 0 2148147296 2490368 3221225476 4096 0 268435456 9437452 0 0 1073792000 536870920 49920 1587548160 268468736 32 7 4325448 74756 0 8192 655360 16777281 0 268435456 4 8523786 16908304 16777472 68158465 3 4 16781313 0 0 2129920 576 536870912 384 134291456 2048 84935777 536870912 3145749 2147483648 20 33587200 65536 0 0 589824 64 0 8192 99328 2623488 0 3147008 27164 4 3 50790406 281112 2149059024 65798 100 3499741648 352684 3231259120 66948 4112 1025 0 0 0 0 134217728 0 0 65536 0 0 0 6148 2147516440 520335622 133720 262144 0 0 0 0 0 0 0 0 0 0 2147483648 2688042384 155908 2149056656 65796 33555534 2641
is_linear=0
shrinkage=0.045


Tree=15
num_leaves=23
num_cat=19
split_feature=0 0 2 0 0 0 2 3 3 3 0 2 3 2 5 2 5 5 4 3 0 1
split_gain=484.736 322.869 173.036 124.26 63.8368 52.0773 44.912 43.1231 39.2376 37.2224 31.9259 31.4488 28.3166 22.1573 20.6526 20.626 18.5865 15.1843 15.6209 14.4491 14.1161 13.4876
threshold=0 1 2 3 4 5 6 7 8 9 10 11 12 13 4.0517471391904856 14 5.173316863805991 5.8391860522696701 15 16 17 18
decision_type=9 9 9 9 9 9 9 9 9 9 9 9 9 9 10 9 10 10 1 9 9 9
left_child=6 15 3 12 11 -4 -1 14 10 -7 -8 16 -3 -11 -6 -2 -5 18 -9 -15 -20 -13
right_child=1 2 5 4 7 9 8 17 -10 13 -12 21 -14 19 -16 -17 -18 -19 20 -21 -22 -23
leaf_value=-606.96486075618157 209.20532719355521 -111.95557446668151 867.97497745821295 251.56017242318342 -53.402210248328188 499.6236678000368 12.083518688778003 -16.408314582161783 -309.51259621213552 996.8854135725262 -358.52333614473878 -346.40782237810208 -299.67039747960553 -137.03280880402363 132.99473095704045 1022.4055035473009 637.98527809879477 108.3839696335877 -266.296436539262 45.53582243210483 -129.53001940862947 44.352909994696056
leaf_weight=1657 550 1502 1307 1426 1309 698 936 736 1455 127 641 141 1911 387 1701 2280 418 271 1085 1100 991 346
leaf_count=1657 550 1502 1307 1426 1309 698 936 736 1455 127 641 141 1911 387 1701 2280 418 271 1085 1100 991 346
internal_value=-0.000326087 0.00298557 0.000421839 -0.00221221 0.000725462 0.00901611 -0.0132147 -0.00169902 -0.00986038 0.00489888 -0.00485683 0.00703905 -0.00944015 0.00110701 0.00212938 0.0169265 0.00972252 -0.00543053 -0.00642857 -0.00049533 -0.00842397 -0.00311122
internal_weight=22975 18286 15456 11837 8424 3619 4689 6093 3032 2312 1577 2331 3413 1614 3010 2830 1844 3083 2812 1487 2076 487
internal_count=22975 18286 15456 11837 8424 3619 4689 6093 3032 2312 1577 2331 3413 1614 3010 2830 1844 3083 2812 1487 2076 487
cat_boundaries=0 13 26 27 41 54 68 69 71 73 75 87 88 90 91 92 93 95 108 110
cat_threshold=3221225476 4096 0 268435456 9961740 0 0 1342227456 536870920 33536 1587544064 268468736 32 2097152 2276720640 1140854993 2147484176 32768 6144 0 0 0 0 0 2148147296 2498560 7 4325448 74756 0 8192 131072 16777281 0 0 4 8540170 16912400 16777472 68158465 3 33914880 1073872896 805306368 69 268435456 1284 0 0 134747136 2623504 65568 0 23184 33849344 0 0 0 65536 0 0 0 66560 2623488 0 3147008 18972 4 3 3501801872 124326 3222818256 86406 2149058704 260 0 4096 0 0 8913160 0 0 0 536870912 0 0 32768 4 3231283696 66950 32 3 2 50790438 264720 16777216 0 0 2097152 134217728 536870912 0 73728 2048 5242880 128 1048596 2147516428 0 2048
is_linear=0
shrinkage=0.045


Tree=16
num_leaves=23
num_cat=20
split_feature=0 0 2 0 3 0 0 2 2 3 2 0 0 3 3 3 2 5 1 0 4 5
split_gain=449.753 296.753 164.976 151.453 85.5321 56.4187 51.5661 42.6176 34.731 34.66 33.43 31.7267 23.686 32.7211 22.7179 21.6953 20.971 18.8808 17.9216 17.7882 19.6484 13.0936
threshold=0 1 2 3 4 5 6 7 8 9 10 11 12 13 14 15 16 5.173316863805991 17 18 19 4.8322978221268906
decision_type=9 9 9 9 9 9 9 9 9 9 9 9 9 9 9 9 9 10 9 9 1 10
left_child=7 12 6 10 16 15 -3 -1 18 11 17 -9 13 -2 -8 -6 21 19 -7 20 -4 -5
right_child=1 2 3 4 5 8 14 9 -10 -11 -12 -13 -14 -15 -16 -17 -18 -19 -20 -21 -22 -23
leaf_value=-579.52741625316446 17.869628585046083 -445.97447037108742 211.36390649558749 18.392280116352303 -74.127505145682591 953.03491308329478 -245.68566219921462 11.87364544686945 502.44453167867294 -292.9032324616395 1175.5759576194685 -375.07887620221999 1041.4754536604528 591.36905811489191 5.3390454204437079 -218.63537632462445 487.06611083734799 504.57162267399923 -23.004817751584742 354.96325840300671 -94.305421920170559 180.2889190432897
leaf_weight=1656 446 1335 603 1065 1581 105 948 921 278 1427 1018 584 1543 821 1238 1405 790 621 2733 868 492 497
leaf_count=1656 446 1335 603 1065 1581 105 948 921 278 1427 1018 584 1543 821 1238 1405 790 621 2733 868 492 497
internal_value=-0.000357423 0.00278942 0.000356501 0.00286004 -0.000435861 -0.00324583 -0.00819629 -0.0129424 0.000992647 -0.0095839 0.0105714 -0.00473138 0.0162172 0.0113468 -0.0038899 -0.0076551 0.00683376 0.00776579 -0.000521053 0.00562214 0.00172764 0.00374524
internal_weight=22975 18387 15577 12056 8454 6102 3521 4588 3116 2932 3602 1505 2810 1267 2186 2986 2352 2584 2838 1963 1095 1562
internal_count=22975 18387 15577 12056 8454 6102 3521 4588 3116 2932 3602 1505 2810 1267 2186 2986 2352 2584 2838 1963 1095 1562
cat_boundaries=0 13 26 27 40 42 56 69 70 71 73 74 86 99 101 103 105 106 107 120 121
cat_threshold=3221225476 4096 0 268435456 9961740 1 0 1342194688 536870920 768 1587544064 268468736 32 2097152 2276720640 1140854993 2147484176 32768 4096 0 0 0 0 0 2148147296 2498560 3 42254336 1073872896 570425344 5 65536 3104 0 0 4096 2623488 65536 7552 19100 2149056912 260 16777225 27652 0 2105344 16777728 553648192 0 106496 0 8572937 16777216 16777217 2214592512 3 4325376 4 0 0 134348800 0 0 65536 0 8409096 16777216 6404 2148533272 3 20 2149076440 86406 4 0 4096 0 0 8913160 0 0 0 536870912 0 0 32768 0 0 67108864 0 0 0 0 0 0 0 0 2147483648 8192 251891718 158216 33965646 412369 1891685448 86178 4 100 0 0 0 0 0 1024 0 0 0 2621440 0 5120 18956 2
is_linear=0
shrinkage=0.045


Tree=17
num_leaves=23
num_cat=19
split_feature=0 0 2 0 0 3 0 2 3 3 0 2 0 0 3 2 2 3 5 2 5 5
split_gain=428.791 285.636 161.81 145.794 63.0419 53.9223 50.9105 39.5339 35.7845 33.443 29.1715 28.2443 25.482 24.0503 35.3848 22.7976 19.4416 19.3699 14.1564 13.9733 13.325 13.217
threshold=0 1 2 3 4 5 6 7 8 9 10 11 12 13 14 15 16 17 5.173316863805991 18 3.8176519431297078 4.4127799275304271
decision_type=9 9 9 9 9 9 9 9 9 9 9 9 9 9 9 9 9 9 10 9 8 10
left_child=7 13 6 8 16 20 -3 -1 -4 10 19 12 -7 14 -2 -16 18 -8 -5 -9 -6 -14
right_child=1 2 3 4 5 11 17 9 -10 -11 -12 -13 21 -15 15 -17 -18 -19 -20 -21 -22 -23
leaf_value=-549.97270829076092 753.62245049972148 -426.73089282860872 -2.062104374909886 277.97706136374956 82.138172300429105 -107.9687548453719 -255.20212583129961 -53.036739679670497 -171.67955975964952 -292.43183807524395 -357.84135657326129 489.44435723669608 -40.15010495556826 957.35516270017126 -12.907664524192732 1882.9315482675597 1361.9873092256998 -4.8007480422569273 698.2410900798036 218.24023824989416 282.94381275461632 174.63864983996044
leaf_weight=1603 516 1444 1440 1346 874 1526 812 804 1811 1236 684 224 904 1580 513 129 542 1309 381 169 2324 804
leaf_count=1603 516 1444 1440 1346 874 1526 812 804 1811 1236 684 224 904 1580 513 129 542 1309 381 169 2324 804
internal_value=-0.000363298 0.00267089 0.000332794 0.00280235 0.00577291 0.00354979 -0.00808289 -0.0128072 -0.00534401 -0.0095654 -0.00529808 -0.000350144 -0.00144177 0.0160527 0.0108077 0.00357798 0.0122413 -0.00359705 0.00974267 -0.000251269 0.00775234 0.00232849
internal_weight=22975 18479 15741 12176 8925 6656 3565 4496 3251 2893 1657 3458 3234 2738 1158 642 2269 2121 1727 973 3198 1708
internal_count=22975 18479 15741 12176 8925 6656 3565 4496 3251 2893 1657 3458 3234 2738 1158 642 2269 2121 1727 973 3198 1708
cat_boundaries=0 14 27 28 42 55 57 70 71 73 75 84 85 97 109 111 112 113 115 116
cat_threshold=3221225484 4096 0 268435456 9961740 1 0 1073759232 536870920 768 1587544064 268435968 32 2 2097152 2276720640 1140854993 2147484164 32768 4096 0 0 0 0 0 2148147296 2490368 3 16781313 10240 0 2138112 16777728 16777792 0 402759680 0 75681792 16777216 16777225 2215641088 1 42237952 1073872896 570425344 17 65536 2080 0 0 4096 526336 65536 3328 25236 3224912272 90532 4325376 4 0 0 134348800 0 0 65536 0 20488 16908288 39172 2147519512 3 2149090768 86278 2149076952 127366 8 4096 0 0 8913160 0 0 0 536870912 20 16 1060 0 0 134217792 536870912 128 0 68608 3146827 0 3178516 0 0 0 0 0 0 0 0 0 0 0 2147483648 2157707896 69796 6 132 33703502 281297 4
is_linear=0
shrinkage=0.045


Tree=18
num_leaves=23
num_cat=19
split_feature=0 0 2 0 0 0 3 2 3 0 3 0 3 3 2 5 5 4 2 2 5 2
split_gain=411.277 269.435 145.11 105.773 61.1989 51.606 47.6732 41.3556 37.5781 35.2458 30.5616 24.9153 25.3702 22.0613 19.3009 19.2938 19.1366 17.2923 16.507 14.646 14.4257 12.4633
threshold=0 1 2 3 4 5 6 7 8 9 10 11 12 13 14 3.5694334999727624 4.0517471391904856 15 16 17 5.6646935841241897 18
decision_type=9 9 9 9 9 9 9 9 9 9 9 9 9 9 9 10 10 1 9 9 10 9
left_child=7 11 3 13 15 -4 16 -1 -9 19 18 12 -2 -3 -14 -5 -6 -8 -7 -10 -19 -12
right_child=1 2 5 4 6 10 17 8 9 -11 21 -13 14 -15 -16 -17 -18 20 -20 -21 -22 -23
leaf_value=-532.42067081915638 635.35694022723396 -106.05754285640876 1110.5456182769155 10.526033020100622 -44.421299951200432 395.02682223434368 16.732210319528786 -301.07796487374708 -65.987718391704547 -388.09361727617517 1024.3268959702773 947.39444279136319 1773.1020344113767 -264.95425870233913 7.7393220103490235 350.02270292620693 118.49370712930548 -209.89534702983241 -95.950166763685573 148.60654040072507 23.66323387306009 172.48073666422562
leaf_weight=1657 624 1438 928 481 1730 104 663 1071 999 612 187 1490 114 1800 558 1310 2172 2015 670 256 309 1787
leaf_count=1657 624 1438 928 481 1730 104 663 1071 999 612 187 1490 114 1800 558 1310 2172 2015 670 256 309 1787
internal_value=-0.000367215 0.0026449 0.00033737 -0.0020746 0.000517717 0.00813856 -0.00141175 -0.0123904 -0.00909153 -0.00516099 0.00498913 0.0155039 0.0106651 -0.009 0.00440789 0.00789933 0.00186254 -0.00567939 -0.00257634 -0.000799132 -0.0075258 0.00795317
internal_weight=22975 18380 15594 11918 8680 3676 6889 4595 2938 1867 2748 2786 1296 3238 672 1791 3902 2987 774 1255 2324 1974
internal_count=22975 18380 15594 11918 8680 3676 6889 4595 2938 1867 2748 2786 1296 3238 672 1791 3902 2987 774 1255 2324 1974
cat_boundaries=0 13 26 27 41 54 68 70 71 73 85 87 100 102 104 105 106 107 108 109
cat_threshold=3221225484 4096 0 268435456 8913164 1 0 1073759232 536870920 33536 1587544064 268468736 32 2097152 2276851712 1140854865 2147484164 32768 6144 0 0 0 0 0 2148147296 2228224 7 4329536 74756 0 8192 1179648 16777280 0 402653184 4 8540170 16912384 16777473 67109888 3 33914880 1073741824 805306368 81 0 1284 0 0 134747136 1076363280 65568 0 291456 33849344 0 128 0 0 0 0 0 1024 2621440 0 1280 25116 4 3522777552 123302 3 799518758 396888 8 4096 0 0 8913160 0 0 0 536870912 33024 0 32768 117903374 445144 0 131072 0 4 0 2048 0 0 0 0 0 2147483648 2097152 2157462136 69796 3231275504 65926 48 2 96 4 32
is_linear=0
shrinkage=0.045


Tree=19
num_leaves=23
num_cat=20
split_feature=0 0 2 0 3 0 0 2 0 3 2 3 2 3 3 0 4 2 5 5 0 0
split_gain=378.868 252.661 165.819 126.166 66.8218 62.2849 37.6791 36.208 35.3162 33.6226 30.2727 30.4641 21.0678 20.7571 18.4572 14.7724 13.6426 13.5485 15.205 12.6017 10.886 10.4
threshold=0 1 2 3 4 5 6 7 8 9 10 11 12 13 14 15 16 17 4.7833076179467886 5.4531797844617023 18 19
decision_type=9 9 9 9 9 9 9 9 9 9 9 9 9 9 9 9 1 9 10 10 9 9
left_child=7 12 3 9 8 -4 -6 13 16 -3 -7 -12 -2 15 -8 -1 -5 18 -10 20 -11 -19
right_child=1 2 5 4 6 10 14 -9 17 19 11 -13 -14 -15 -16 -17 -18 21 -20 -21 -22 -23
leaf_value=-110.57358683646369 -17.053730921375099 359.80559092856709 1208.5870955740068 242.0898426373542 -289.3246495099894 805.52742289746755 -266.61567188554847 -26.477018451546826 -78.004800047981263 -49.401622082991814 235.27423043809233 -45.406380707162135 907.53544797926793 -403.43051317764105 -74.5722403983345 -465.28695469283696 21.944463151694581 -428.98157998142386 49.275940349205776 193.07189500766793 129.16104796089749 -141.64048151480904
leaf_weight=613 130 1171 1209 774 1518 272 1010 538 1827 687 1300 1086 1850 2299 2469 567 1110 319 782 296 507 641
leaf_count=613 130 1171 1209 774 1518 272 1010 538 1827 687 1300 1086 1850 2299 2469 567 1110 319 782 296 507 641
internal_value=-0.000384841 0.00227728 0.00049794 -0.00191858 -0.00414643 0.00867169 -0.00790128 -0.012917 -0.000695791 0.00680976 0.00476966 0.00309633 0.0174398 -0.0146111 -0.00527857 -0.00947567 0.00427215 -0.00332379 -0.00162247 0.00227696 0.000225753 -0.00787037
internal_weight=22975 18958 16978 13111 10450 3867 4997 4017 5453 2661 2658 2386 1980 3479 3479 1180 1884 3569 2609 1490 1194 960
internal_count=22975 18958 16978 13111 10450 3867 4997 4017 5453 2661 2658 2386 1980 3479 3479 1180 1884 3569 2609 1490 1194 960
cat_boundaries=0 13 26 27 40 42 56 69 70 84 86 87 89 90 92 94 105 106 107 120 133
cat_threshold=3221356556 4096 0 268435456 25690380 1 0 1073759232 8 33536 1587544064 268468736 32 2392064 2276851712 1073746129 2147484160 32768 6144 0 0 0 0 65536 663648 2490368 7 33619968 1073741824 872415232 85 2415919104 1028 0 0 134747136 2623504 32 2147483648 62336 3499708912 123302 33554432 0 0 0 0 0 0 0 1024 2621440 0 2148533504 25116 4 20971520 9220 0 0 0 16777280 0 32768 536870912 8523784 16777216 260 67109888 7 8405009 0 0 0 1207959616 256 0 0 34816 1078067200 0 3092 8390684 4 3768058872 65703 32 2287528400 209156 2 2149075408 74006 33949702 2641 8 4096 0 0 8912904 0 0 16384 0 32768 67108864 2 4 33554432 0 0 0 268435456 0 0 0 1024 0 0 2147483648 33280 0 0 0 0 0 0 0 65536 536870912 16392 16777216 256 1024
is_linear=0
shrinkage=0.045


Tree=20
num_leaves=23
num_cat=20
split_feature=0 0 2 0 0 0 3 3 3 0 3 2 5 2 4 0 2 3 2 3 5 0
split_gain=384.657 237.811 138.297 109.305 48.9948 43.686 41.0137 40.8189 40.5732 29.2286 31.7232 24.9207 24.4383 22.1129 19.8593 19.5836 17.0855 16.9055 16.796 18.2766 14.9631 13.2229
threshold=0 1 2 3 4 5 6 7 8 9 10 11 4.0517471391904856 12 13 14 15 16 17 18 3.5694334999727624 19
decision_type=9 9 9 9 9 9 9 9 9 9 9 9 10 9 1 9 9 9 9 9 10 9
left_child=9 11 3 6 20 -4 16 -6 -7 10 13 -2 21 -1 -14 -13 -3 -16 -10 -20 -5 -9
right_child=1 2 5 4 7 8 -8 12 18 -11 -12 15 14 -15 17 -17 -18 -19 19 -21 -22 -23
leaf_value=-20.232111650803891 -488.26313313782072 -25.621176050255816 941.07174168246786 18.89342488634589 -231.87935468234201 -94.874074027537787 -243.84203365933857 -191.62990746842036 926.16501191202974 1022.1280330667652 550.19645892481742 -110.22968851900066 236.6648103897559 1426.6595199783387 120.82381534702348 -364.0860659113398 -370.25121987656593 -40.218664387706923 385.74366904456275 35.937050265771973 312.06018678193692 -20.802529674745308
leaf_weight=544 1542 1477 919 437 1204 651 2342 717 221 1098 1267 964 862 153 873 958 405 1458 850 1169 1071 1793
leaf_count=544 1542 1477 919 437 1204 651 2342 717 221 1098 1267 964 862 153 873 958 405 1458 850 1169 1071 1793
internal_value=-0.000353506 -0.00263902 -0.000378622 -0.00264465 0.000323069 0.00712323 -0.00854108 -0.00128451 0.00436359 0.0144632 0.0109995 -0.0133343 0.000311024 0.00314175 0.00292254 -0.00974922 -0.00354013 0.000761895 0.00723357 0.00586041 0.00763816 -0.00300955
internal_weight=22975 19913 16449 12639 8415 3810 4224 6907 2891 3062 1964 3464 5703 697 3193 1922 1882 2331 2240 2019 1508 2510
internal_count=22975 19913 16449 12639 8415 3810 4224 6907 2891 3062 1964 3464 5703 697 3193 1922 1882 2331 2240 2019 1508 2510
cat_boundaries=0 13 27 28 41 54 68 70 72 74 87 89 90 91 92 104 105 107 108 110 124
cat_threshold=2359296 2276851712 1107300561 2147484160 32768 4096 0 0 0 0 0 2148147296 2490880 3221356556 0 0 268435456 25690380 65 0 1073758208 8 33536 513802240 268468736 32 2 7 4198464 78852 0 8192 1179648 0 0 268477440 536870916 8540170 1090523136 16777477 67109888 33652736 1073741824 872415232 85 268435456 3076 0 0 134778880 2623504 65568 0 29056 33587200 0 0 0 0 0 0 0 1024 2621440 0 1280 26652 4 3499645392 74150 33950214 2641 1460076550 313880 262144 17956864 1107296464 0 32768 4096 0 0 0 0 0 2147614720 2359808 1328002054 305240 3 7 2 12 0 0 0 8913152 0 0 16384 0 33536 0 33280 4 3497533712 57608 32 2149058704 73988 0 0 0 2097152 0 0 128 134283264 0 68157440 536870912 0 2148565000 1
is_linear=0
shrinkage=0.045


Tree=21
num_leaves=23
num_cat=20
split_feature=0 0 2 0 3 2 0 2 3 0 1 3 0 2 3 5 2 2 5 3 3 2
split_gain=366.372 231.544 119.108 111.18 48.3427 44.9298 43.424 37.9676 35.2623 31.7235 30.9212 29.7329 21.1736 18.5414 17.216 16.4859 15.35 14.366 12.2629 11.0991 10.4039 10.3193
threshold=0 1 2 3 4 5 6 7 8 9 10 11 12 13 14 4.8481086751891054 15 16 5.0657496176235997 17 18 19
decision_type=9 9 9 9 9 9 9 9 9 9 9 9 9 9 9 10 9 9 10 9 9 9
left_child=7 5 6 11 12 -2 20 -1 -7 13 -10 -4 -5 -6 -8 21 -12 -11 -13 -9 -3 -14
right_child=1 2 3 4 9 8 14 19 10 17 16 18 15 -15 -16 -17 -18 -19 -20 -21 -22 -23
leaf_value=84.751240862985171 -470.27737949183455 -229.91183913223489 14.375775760571413 584.75852702974248 -81.156133150738569 -273.81564942839299 -237.7947218851109 321.7334013905824 -343.24666765017088 324.08552865752432 -58.828312456354034 -160.22523115811535 668.79800057715283 715.32911478579274 -5.3083380776067859 332.44073817439562 140.9695426788042 71.092332670418713 -7.0349094662365674 880.49907380598029 -426.33627680328362 89.866297514077516
leaf_weight=634 1665 442 1247 1025 1655 963 745 348 639 724 1111 1664 115 104 1375 1076 286 1684 351 2117 866 2139
leaf_count=634 1665 442 1247 1025 1655 963 745 348 639 724 1111 1664 115 104 1375 1076 286 1684 351 2117 866 2139
internal_value=-0.000351547 -0.00259755 9.45875e-05 0.00224313 0.0049461 -0.0113559 -0.00727326 0.0140092 -0.00798821 0.00146985 -0.00457031 -0.00481063 0.0082591 -0.00311265 -0.00325047 0.0064632 -0.00078247 0.00481612 -0.00818081 0.0165593 -0.0137045 0.00428856
internal_weight=22975 19876 15212 11784 8522 4664 3428 3099 2999 4167 2036 3262 4355 1759 2120 3330 1397 2408 2015 2465 1308 2254
internal_count=22975 19876 15212 11784 8522 4664 3428 3099 2999 4167 2036 3262 4355 1759 2120 3330 1397 2408 2015 2465 1308 2254
cat_boundaries=0 13 27 28 42 44 45 58 59 61 75 77 79 92 93 95 96 97 99 101 102
cat_threshold=2392064 2276851712 1107300561 2147484160 32768 4096 0 0 0 0 0 2148147296 2490368 3221225548 4096 0 268435456 8913164 1 0 1342177280 536870920 33536 1587544064 268468736 32 2 3 16781313 11264 0 2138112 17826304 16777792 0 134341632 0 75632640 0 16777225 2214592512 1 3222819280 483748 3 0 4 0 0 134348800 0 0 65536 0 20488 16777216 6404 2147517464 3 793157670 134744 16 36 0 0 402653248 536871172 128 0 72708 7357483 553648128 1048596 1026 4 402669568 66048 2149089744 69894 33554448 32 536870912 4 0 0 0 0 5120 1024 0 3328 10900 20 33703494 19153 4 112 302489604 34824 30949944 65538 160
is_linear=0
shrinkage=0.045


Tree=22
num_leaves=23
num_cat=19
split_feature=0 0 2 0 0 3 2 0 3 3 1 2 0 3 2 5 5 0 1 5 2 1
split_gain=323.359 217.57 141.381 95.6309 59.5176 51.5339 35.34 30.815 30.498 30.1898 26.6408 26.5505 24.6431 23.7957 18.9079 17.4434 14.7646 12.0166 11.7074 11.2988 10.8704 10.6084
threshold=0 1 2 3 4 5 6 7 8 9 10 11 12 13 14 4.1510089048756029 4.5798392285869785 15 16 3.9415346756528771 17 18
decision_type=9 9 9 9 9 9 9 9 9 9 9 9 9 9 9 10 10 9 9 10 9 9
left_child=6 14 3 13 -4 7 -1 16 -6 10 -8 -10 20 -3 -2 18 -5 -13 -14 -9 -7 -17
right_child=1 2 4 5 8 12 9 19 11 -11 -12 17 15 -15 -16 21 -18 -19 -20 -21 -22 -23
leaf_value=-449.94971866332503 27.037068866696536 -233.59854008784635 1232.3015712173481 134.84605908071308 405.05160131164018 -67.867988982701277 9.7906934722144605 -120.15027705989259 556.91805674160537 -246.10167145935071 -328.07036697845001 -69.502705044691893 107.5927385063744 -74.154035097137722 810.09353632109821 223.06271998139431 405.00793482608543 73.512423708135643 -125.47368389723218 71.146911159768365 -302.6828637426172 4.0663165215293882
leaf_weight=1627 144 1901 1150 1136 884 1433 948 784 194 1146 592 851 242 1888 1765 693 851 830 1103 1166 707 940
leaf_count=1627 144 1901 1150 1136 884 1433 948 784 194 1146 592 851 242 1888 1765 693 851 830 1103 1166 707 940
internal_value=-0.000363298 0.00220494 0.000559648 -0.00172215 0.0080394 0.000791607 -0.0114503 0.00465498 0.00440906 -0.0081894 -0.00400129 0.00113275 -0.00218421 -0.0077131 0.01655 0.000466555 0.00858804 -0.000730951 -0.00332405 0.000619266 -0.00585502 0.00359174
internal_weight=22975 18662 16753 12844 3909 9055 4313 3937 2759 2686 1540 1875 5118 3789 1909 2978 1987 1681 1345 1950 2140 1633
internal_count=22975 18662 16753 12844 3909 9055 4313 3937 2759 2686 1540 1875 5118 3789 1909 2978 1987 1681 1345 1950 2140 1633
cat_boundaries=0 14 27 28 42 55 57 58 72 74 76 78 79 92 94 95 107 109 110 112
cat_threshold=3221225548 4096 0 268435456 8913164 16777216 0 1342177280 8 8422144 1587544064 268468736 32 2 2129920 2276851712 1644171473 2147484160 32768 4096 0 0 0 0 0 663648 2490368 7 4198400 74756 0 8192 1048576 65 0 134276096 536870916 151562 16781312 17826048 67109889 1 33816576 0 0 0 65536 0 0 0 1024 2621440 0 2147484928 25116 3499639184 106918 3 42205184 1073741824 0 5 2550136832 3076 0 0 39936 6815744 0 2147486720 8436624 4 2149056720 260 2151239632 356644 6416 1036 32 50331665 0 0 0 134348864 0 128 65536 2048 1048640 131216 2099349 2156922894 795248140 162395 2 0 10292 0 0 152043520 0 0 65536 0 4098 0 2097152 1611138144 2 4 32868 2220
is_linear=0
shrinkage=0.045


Tree=23
num_leaves=23
num_cat=20
split_feature=0 0 2 0 3 0 0 3 3 2 3 0 2 5 2 4 0 2 1 0 5 3
split_gain=303.922 205 138.014 95.6892 54.581 52.6424 42.2527 32.7005 32.653 31.2954 30.6286 26.1756 24.0965 21.2927 20.3942 19.05 17.9131 15.7351 15.7273 14.2375 14.1229 13.4276
threshold=0 1 2 3 4 5 6 7 8 9 10 11 12 5.705446369702539 13 14 15 16 17 18 3.7494348669884658 19
decision_type=9 9 9 9 9 9 9 9 9 9 9 9 9 10 9 1 9 9 9 9 10 9
left_child=8 -2 3 7 -5 -4 12 -3 11 13 -7 17 21 15 -12 20 -17 -1 -16 -11 -8 -6
right_child=1 2 5 4 6 10 9 -9 -10 19 14 -13 -14 -15 18 16 -18 -19 -20 -21 -22 -23
leaf_value=-201.46414878607143 819.31740635026131 436.91322787235123 1343.1647280112518 -269.76413627955418 -13.358328387244073 463.13368209877069 -5.8165801697735509 51.734355249846772 -327.9280404857235 -8.0695962767261147 616.05411911199553 -404.40778628329673 -530.88255659516312 223.68406056978918 375.59095921384284 -99.113387983910883 50.304736838683489 17.546314304046938 -20.801277900851563 -212.83055479581904 180.57417781829164 -135.28902882788782
leaf_weight=438 1515 1029 714 1726 850 1094 716 1657 2312 966 196 732 372 481 469 1076 956 779 1454 1160 1074 1209
leaf_count=438 1515 1029 714 1726 850 1094 716 1657 2312 966 196 732 372 481 469 1076 956 779 1454 1160 1074 1209
internal_value=-0.000371132 0.00210029 0.000696793 -0.00149729 -0.00342234 0.00809406 -0.00198828 0.00607116 -0.0112 -7.33582e-05 0.00558837 -0.00680393 -0.00702722 0.00213268 0.00239676 0.00101203 -0.00196903 -0.00269121 0.00094186 -0.00452526 0.00439453 -0.00505191
internal_weight=22975 18714 17199 13272 10586 3927 8860 2686 4261 6429 3213 1949 2431 4303 2119 3822 2032 1217 1923 2126 1790 2059
internal_count=22975 18714 17199 13272 10586 3927 8860 2686 4261 6429 3213 1949 2431 4303 2119 3822 2032 1217 1923 2126 1790 2059
cat_boundaries=0 13 26 27 40 42 55 69 71 73 74 76 88 89 90 91 105 106 108 121 123
cat_threshold=3221225548 4096 0 268435456 9961740 1 0 1342210048 8 8388864 1587544064 268468744 32 2097152 2260074496 1107300561 2147484160 32768 4096 0 0 0 0 0 663648 2498560 7 33849344 1090519040 872415232 85 2147483648 3076 0 0 134747136 1074266128 65568 2147483648 21120 168167436 2641 294912 16777216 0 0 0 0 0 0 0 0 0 2147484928 532 4198400 74756 0 2105344 0 16777280 0 134218752 536870916 184899 16777216 17826049 67109888 2 3222798840 74150 3224979928 340262 4 2153259152 8452 12 4096 0 0 8912904 1 0 0 0 8388864 1073741824 33280 4 32 2 0 0 0 32768 134217728 536871168 512 65536 0 74449928 536870912 2097156 2147516428 1 3 786436 67592 8454144 0 2147483648 128 0 0 0 8192 128 0 135320 5120 5 3222798800 377092
is_linear=0
shrinkage=0.045


Tree=24
num_leaves=23
num_cat=19
split_feature=0 0 2 0 0 3 3 3 0 0 2 0 3 2 3 5 5 2 2 0 5 0
split_gain=268.975 206.024 134.631 96.4261 54.3796 50.6444 33.5956 30.8615 29.7172 27.3781 22.1036 21.5597 21.2571 20.2095 14.3941 14.549 13.1838 11.5923 10.832 13.7526 10.4647 10.4604
threshold=0 1 2 3 4 5 6 7 8 9 10 11 12 13 14 4.9732735209982879 3.4811217321331038 15 16 17 4.7999057951650004 18
decision_type=9 9 9 9 9 9 9 9 9 9 9 9 9 9 9 10 8 9 9 9 10 9
left_child=9 10 3 6 -4 8 13 18 16 -1 -2 -7 -11 20 -13 -16 -5 -9 19 -6 -3 -17
right_child=1 2 4 5 7 11 -8 17 -10 12 -12 14 -14 -15 15 21 -18 -19 -20 -21 -22 -23
leaf_value=-768.86129849734186 -125.30158222152266 -71.249700726859857 899.9401468666349 -0.35640963836151057 -28.976154344059577 142.73220669983206 -219.15851329097632 -82.434051213007564 12.718543963295687 -135.39841457021313 839.68881427475981 -148.92651416112048 -289.20508472756535 -354.06800535728263 -82.813306673821629 119.60814553737069 294.99220764158827 229.7753152736683 557.28322133887843 198.95543612085604 31.69666817549183 -30.20275679467035
leaf_weight=634 102 1302 1489 288 454 822 2130 774 1782 1290 1600 1008 1440 452 2722 488 1580 133 307 949 640 589
leaf_count=634 102 1302 1489 288 454 822 2130 774 1782 1290 1600 1008 1440 452 2722 488 1580 133 307 949 640 589
internal_value=-0.000357423 0.00166144 0.00023478 -0.00189414 0.00737615 0.000733775 -0.00727183 0.00343191 0.0048539 -0.0120898 0.0165665 -0.00194247 -0.0100274 -0.00357232 -0.00309556 -0.00181252 0.00880851 -0.00325626 0.00697735 0.00519965 -0.00154299 0.00260658
internal_weight=22975 19611 17909 13803 4106 9279 4524 2617 3650 3364 1702 5629 2730 2394 4807 3799 1868 907 1710 1403 1942 1077
internal_count=22975 19611 17909 13803 4106 9279 4524 2617 3650 3364 1702 5629 2730 2394 4807 3799 1868 907 1710 1403 1942 1077
cat_boundaries=0 13 26 27 41 55 57 59 61 74 87 88 101 103 104 106 107 108 120 134
cat_threshold=3221225548 0 0 268435456 25690380 65 0 1342210048 8 768 1587544064 268468736 32 2129920 2259943424 301994193 2147488272 32768 6144 0 0 0 0 65536 663648 2490368 7 541069312 78852 0 8192 0 0 0 25600 536870916 8441931 16781312 17826049 2214593536 2 33816576 16842752 0 0 65536 536870912 0 0 536871936 2623488 0 2148533504 2155932188 4 3499622864 74150 3499645904 124324 2820206544 70052 42221568 16777216 1610612736 1 2550136832 1028 0 0 39936 4849664 0 2147486720 8434580 3221225472 0 0 0 4 0 0 0 0 0 41943040 268435456 32 3 327680 131072 1677721600 5 0 1284 0 0 134217728 1076363280 536870952 0 29312 3231277272 45332 4 33947654 133200 16 16 0 18464 0 0 1048576 0 0 65536 4 2 0 18874368 0 16777216 0 0 0 0 0 65536 0 4194304 0 2147484672 32784 5
is_linear=0
shrinkage=0.045


Tree=25
num_leaves=23
num_cat=20
split_feature=0 0 2 0 0 3 3 3 5 0 2 2 3 0 0 5 3 2 3 2 1 0
split_gain=249.802 195.202 126.179 92.8627 53.1753 43.7796 34.2289 31.2526 27.4012 25.6517 24.6721 21.0053 20.0043 19.5683 18.3182 16.328 14.921 13.7734 14.936 12.5167 11.0491 10.4493
threshold=0 1 2 3 4 5 6 7 3.9415346756528771 8 9 10 11 12 13 5.0336952619030333 14 15 16 17 18 19
decision_type=9 9 9 9 9 9 9 9 10 9 9 9 9 9 9 10 9 9 9 9 9 9
left_child=9 10 3 6 -4 8 -3 -6 -5 -1 -2 16 -11 -10 19 20 -8 -9 -19 -7 -16 -18
right_child=1 2 4 5 7 14 11 17 13 12 -12 -13 -14 -15 15 -17 21 18 -20 -21 -22 -23
leaf_value=-736.86667237607639 -43.506344044997746 -267.16646638854434 936.61819095159706 -8.6095121132210988 -84.137208912175723 -37.209699477609028 12.594610251259654 832.02288020735159 424.45288332402879 -152.81429355144317 813.01712642213499 -337.18125354237714 -295.43258209503881 104.47082896578122 119.4471221244262 118.30320243635661 30.508043225320307 351.91893100052806 25.226021403936045 -237.29838695819871 -60.460580043878473 -106.91346557372165
leaf_weight=608 147 1287 1347 1327 650 1483 1277 213 848 1340 1601 663 1249 1441 443 806 268 704 1202 805 2028 1238
leaf_count=608 147 1287 1347 1327 650 1483 1277 213 848 1340 1601 663 1249 1441 443 806 268 704 1202 805 2028 1238
internal_value=-0.000392675 0.00149621 9.97672e-05 -0.00194851 0.00700945 0.000692647 -0.00706059 0.00340615 0.00453969 -0.0120388 0.0158011 -0.00468479 -0.00997405 0.00753274 -0.00181146 0.00034889 -0.00293828 0.00604998 0.00476277 -0.0048913 -0.00146482 -0.0059585
internal_weight=22975 19778 18030 13914 4116 9181 4733 2769 3616 3197 1748 3446 2589 2289 5565 3277 2783 2119 1906 2288 2471 1506
internal_count=22975 19778 18030 13914 4116 9181 4733 2769 3616 3197 1748 3446 2589 2289 5565 3277 2783 2119 1906 2288 2471 1506
cat_boundaries=0 14 27 28 42 55 57 59 61 74 75 76 78 91 104 106 107 109 110 112 125
cat_threshold=3221225548 0 0 268435456 25166092 65 0 1073774592 8 33536 1587544064 268468744 32 2 2129920 2260074496 838865105 2147484160 32768 6144 0 0 0 0 65536 663648 393216 7 541069312 78852 0 8192 524288 0 0 268444672 536870916 8540234 16781312 1048833 2214593536 1 33816576 16842752 0 0 589824 536870912 0 0 1024 2623488 0 2147484928 8448540 3499622864 74150 254157828 395849 50790438 281112 3221225472 0 0 0 4 0 0 0 0 0 33554432 268435456 32 3 4 3231278296 307508 33816576 16777216 0 0 0 1024 0 0 5120 524288 0 2147484672 59920 16777233 0 0 2097152 135397440 587202560 0 81984 34816 1048576 131216 2103316 9439245 3491238352 82182 32 1575056 65540 4 536904800 290 0 0 0 0 0 0 0 0 0 16392 16777216 256 1024
is_linear=0
shrinkage=0.045


Tree=26
num_leaves=23
num_cat=20
split_feature=0 0 0 3 2 2 2 0 3 0 0 2 3 5 4 0 5 2 3 3 0 0
split_gain=248.591 178.152 103.634 74.3191 46.5448 44.0111 39.9348 40.4374 32.2397 29.3784 20.9848 19.7279 16.9542 14.978 13.8435 13.2733 12.7873 11.9334 11.6296 11.4444 10.446 10.3369
threshold=0 1 2 3 4 5 6 7 8 9 10 11 12 4.6001450180613412 13 14 5.344720891341141 15 16 17 18 19
decision_type=9 9 9 9 9 9 9 9 9 9 9 9 9 10 1 9 10 9 9 9 9 9
left_child=6 11 5 9 10 8 15 -8 13 12 -5 -2 -4 -3 -12 -1 21 -11 -6 -9 -10 -16
right_child=1 2 3 4 18 -7 7 19 20 17 14 -13 -14 -15 16 -17 -18 -19 -20 -21 -22 -23
leaf_value=-234.86496409024863 0.28252437267292407 145.85456805883697 -288.86751577522779 -82.962544055758244 56.52893702654459 1133.4059854338184 52.797806056918141 -163.26115938789266 -30.43464489082449 -230.76053516684476 -311.22688570997593 785.35082282693804 -115.29316753509563 420.09509557274731 -43.376577874537908 -656.88655564686394 170.65232340691617 -19.372041245658657 327.78082327544996 -310.2085958702603 181.20247503740447 66.128977131738196
leaf_weight=868 163 787 714 2088 827 802 658 788 1244 654 148 1556 1645 667 1367 910 676 2246 1199 744 530 1694
leaf_count=868 163 787 714 2088 827 802 658 788 1244 654 148 1556 1645 667 1367 910 676 2246 1199 744 530 1694
internal_value=-0.000424011 0.00171657 0.00033815 -0.00158365 0.00114873 0.00664646 -0.0106508 -0.00649864 0.00426389 -0.00573278 -0.000853383 0.0154809 -0.0094612 0.00920873 0.00110277 -0.0156872 0.00164282 -0.00267342 0.00702159 -0.0104922 0.000176372 0.000404016
internal_weight=22975 19007 17288 13258 7999 4030 3968 2190 3228 5259 5973 1719 2359 1454 3885 1778 3737 2900 2026 1532 1774 3061
internal_count=22975 19007 17288 13258 7999 4030 3968 2190 3228 5259 5973 1719 2359 1454 3885 1778 3737 2900 2026 1532 1774 3061
cat_boundaries=0 14 27 40 42 43 44 45 57 59 73 86 87 89 90 102 103 105 107 120 134
cat_threshold=3221225548 0 0 268435456 9961740 64 0 1342210048 8 33024 1587544064 268468992 32 2 2129920 112459776 1912606929 2147484160 32768 6144 0 0 0 0 65536 663648 393216 278528 3238133760 67108864 4181 2147549184 1056 0 0 134218752 527376 0 2147484672 2192016 254217742 400985 7 7 3 0 0 0 0 8388864 0 0 0 0 256 0 33536 3222798840 78263 20971537 15364 0 0 285212736 16777216 0 8192 536870912 8540168 16781456 4096 2214593537 1 4198400 13316 0 2105344 131072 33554433 128 134283264 536870916 20994 16908296 17825921 68158466 3 33947652 264769 1 4 0 0 0 8388608 0 0 0 0 0 201326592 512 3 1354813472 49536 3227026640 61700 278528 16777216 0 16 0 0 0 0 1024 1024 0 2147484672 16 16777217 0 0 32768 512 553648384 512 24576 0 93323265 536870928 2097156 2148040713 5
is_linear=0
shrinkage=0.045


Tree=27
num_leaves=23
num_cat=18
split_feature=0 2 1 0 3 0 0 2 3 2 5 0 0 3 4 3 0 5 2 3 5 5
split_gain=256.953 162.758 122.606 75.6129 69.3426 46.1772 32.8182 32.2902 31.3267 31.2283 29.0857 22.1793 22.1132 19.9847 17.8951 16.4212 15.7235 15.3815 14.8056 15.3652 14.2179 14.1345
threshold=0 1 2 3 4 5 6 7 8 9 4.0517471391904856 10 11 12 13 14 15 5.772996334337213 16 17 4.0859410030639109 5.5432204948189954
decision_type=9 9 9 9 9 9 9 9 9 9 10 9 9 9 1 9 9 10 9 9 10 8
left_child=7 3 6 -2 16 -6 13 8 11 10 -7 -1 -5 -3 -12 -14 -4 -16 19 -11 -8 -15
right_child=1 2 4 12 5 9 20 -9 -10 18 14 -13 15 21 17 -17 -18 -19 -20 -21 -22 -23
leaf_value=-55.960506142440316 -395.85919251670072 186.6110943314934 -126.86384983097777 48.917009938537156 -225.41981463400256 -123.81335101720586 192.26990754604515 1780.1630687059271 421.92458336098127 345.29737949202536 138.76647963290796 277.62502396462048 -271.73007326278122 -29.923035560162351 -47.302496971108155 -75.117929864198942 -243.53324338771918 125.61203036680935 744.2851001498658 5.2288732062911727 431.59411434495979 151.10405132133073
leaf_weight=466 2113 954 650 647 913 1913 1181 782 1388 452 785 239 1212 1931 1465 1146 1140 352 264 1085 1403 494
leaf_count=466 2113 954 650 647 913 1913 1181 782 1388 452 785 239 1212 1931 1465 1146 1140 352 264 1085 1403 494
internal_value=-0.000420094 -0.00222181 0.000147059 -0.00914035 -0.00316161 -0.0011901 0.0051477 0.0121346 0.0090962 0.000184893 -0.00181412 0.00128661 -0.00451193 0.00220953 0.0012788 -0.00653165 -0.0110627 -0.0011751 0.00517512 0.00341349 0.00896186 2.7698e-05
internal_weight=22975 20100 14982 5118 9019 7229 5963 2875 2093 6316 4515 705 3005 3379 2602 2358 1790 1817 1801 1537 2584 2425
internal_count=22975 20100 14982 5118 9019 7229 5963 2875 2093 6316 4515 705 3005 3379 2602 2358 1790 1817 1801 1537 2584 2425
cat_boundaries=0 13 14 16 29 31 45 58 59 61 62 74 86 88 89 91 105 106 108
cat_threshold=2129920 2259943424 838865105 2147484160 32768 6144 0 0 0 0 65536 2148147296 2490368 3 1610663012 3072 3221225472 4100 0 0 142606596 0 0 65536 536870912 20736 83886080 268468480 2147484728 117841956 396888 4096 0 0 0 17825792 16777216 0 1342178304 8 512 1587544064 1 0 2 4194304 0 0 0 3624288256 837 0 0 563200 0 0 19955740 1088522 7 252170246 395848 4 32768 2097152 536870912 0 0 0 0 0 0 0 0 2147483648 65536 131072 3221225472 5 0 0 0 0 134217728 1073741840 40 1024 2149065136 196738 2 50726470 286413 16 48 0 2097152 9437184 536870912 0 73728 4 4849674 16777216 0 2147483648 4 16 1050832 65796
is_linear=0
shrinkage=0.045


Tree=28
num_leaves=23
num_cat=19
split_feature=0 0 3 2 2 0 2 0 3 0 5 4 0 0 0 2 0 5 5 0 3 0
split_gain=253.46 152.046 78.4336 72.0445 43.6338 36.754 32.4144 38.4953 31.9826 29.9509 23.1157 22.0981 26.1363 20.7815 18.5936 17.345 17.041 16.4447 13.2738 11.5605 10.1285 9.34003
threshold=0 1 2 3 4 5 6 7 8 9 5.2496487501035594 10 11 12 13 14 15 4.0689902272260703 4.2555875595453383 16 17 18
decision_type=9 9 9 9 9 9 9 9 9 9 10 1 9 9 9 9 9 10 10 9 9 9
left_child=4 6 9 14 8 18 16 21 -1 -3 11 17 -13 -10 15 20 -2 -7 -5 -12 -4 -8
right_child=1 2 3 5 -6 10 7 -9 13 -11 19 12 -14 -15 -16 -17 -18 -19 -20 -21 -22 -23
leaf_value=481.35596038543622 -202.19445414303931 -184.99456140340203 340.06287815355319 35.178436767032977 1848.4882306141606 -52.924752365567329 432.42685840382313 -251.90174547365501 -1.9390516705039771 -50.541464842009482 164.80725021989602 -145.18284994235356 -28.305009363780918 302.02434029933647 440.99551486555447 504.07125091124425 -605.29049355111499 89.702399184735768 207.57051213076883 -9.0937898609159671 -13.863725826078298 -15.548676730216812
leaf_weight=1036 858 1631 242 1053 705 1477 185 1236 869 1937 646 2109 1631 398 1639 308 915 925 940 870 903 462
leaf_count=1036 858 1631 242 1053 705 1477 185 1236 869 1937 646 2109 1631 398 1639 308 915 925 940 870 903 462
internal_value=-0.000349589 -0.00218592 -0.000323929 0.0013283 0.0118013 -0.000589103 -0.0104648 -0.00625726 0.0086987 -0.0062095 -0.00200652 -0.0032373 -0.00539952 0.00381744 0.0072922 0.00351706 -0.0148613 0.000131032 0.00483666 0.00296443 0.000914002 0.00262898
internal_weight=22975 19967 16311 12743 3008 9651 3656 1883 2303 3568 7658 6142 3740 1267 3092 1453 1773 2402 1993 1516 1145 647
internal_count=22975 19967 16311 12743 3008 9651 3656 1883 2303 3568 7658 6142 3740 1267 3092 1453 1773 2402 1993 1516 1145 647
cat_boundaries=0 13 27 29 30 31 45 46 58 60 73 74 88 101 115 116 128 142 144 156
cat_threshold=2129920 2259943424 838865105 2147484160 0 6144 0 0 0 0 65536 2148147296 2490880 3221225484 0 0 268435456 9437452 1 0 1342211072 8 33536 1587544064 268468992 32 2 117901326 265817 240 7 33898512 1090650112 1073741824 85 1342177280 1028 0 0 33792 2623504 0 7168 12688 4 3 0 0 0 0 8388864 0 0 1024 0 512 0 33536 3222798968 90532 33554432 15364 0 0 557056 0 0 73728 536872960 9458696 16777360 1054736 2214593541 2 4198400 5124 0 2138112 134742016 64 0 134299648 536870912 12603400 16777216 1048580 2214626318 1 32768 2097152 536870912 0 0 0 0 0 0 0 0 2147483648 512 0 93236 0 0 150994944 0 0 65536 536903684 4200514 16777216 18874368 2147491840 1 16 4 0 0 0 8388608 0 0 0 0 0 134217728 512 0 0 0 0 524288 0 0 65536 0 4194305 4096 4 2214644748 1 16 4 0 0 0 0 0 0 0 0 0 0 0 768
is_linear=0
shrinkage=0.045


Tree=29
num_leaves=23
num_cat=20
split_feature=0 0 0 3 2 0 2 3 2 0 2 0 0 3 4 0 3 3 5 5 1 4
split_gain=208.159 158.845 93.5909 63.7788 33.8833 32.0928 30.9339 28.0178 24.1748 23.2371 22.6887 20.3445 18.0169 17.6756 14.6001 13.7661 12.8382 11.9172 11.4478 11.3967 10.5666 12.6173
threshold=0 1 2 3 4 5 6 7 8 9 10 11 12 13 14 15 16 17 4.3757372435704527 4.6001450180613412 18 19
decision_type=9 9 9 9 9 9 9 9 9 9 9 9 9 9 1 9 9 9 8 10 9 1
left_child=5 10 4 9 7 -1 15 19 13 17 -2 -8 -6 -7 -13 -5 -11 -4 -18 -3 -16 -22
right_child=1 2 3 6 12 8 11 -9 -10 16 -12 14 -14 -15 20 -17 18 -19 -20 -21 21 -23
leaf_value=-672.72275058401408 -36.981170451549225 124.59852577276895 -273.47923049248334 25.844209588002776 323.93488448551551 -295.04193663139137 -74.89420877857745 -4.6736713998128829 23.067865360807264 -191.25409775061175 705.97794423733853 -287.64487933816741 1336.8901567831242 -156.4517766850395 288.03072915227443 297.44357109117243 -98.637166260306643 -118.90276124498463 32.889752708450501 356.15689143291189 -22.657784747801852 100.15316219414379
leaf_weight=580 167 752 512 817 585 1117 2221 1621 397 846 1521 153 478 1501 449 1126 1132 1560 1185 660 2229 1366
leaf_count=580 167 752 512 817 585 1117 2221 1621 397 846 1521 153 478 1501 449 1126 1132 1560 1185 660 2229 1366
internal_value=-0.00034763 0.00149907 0.000236387 -0.00156085 0.00618914 -0.0102738 0.000878717 0.00373153 -0.00833251 -0.00545026 0.0146382 -0.00062986 0.0130814 -0.00990684 0.00121347 0.00583504 -0.00299764 -0.00915547 -0.00124624 0.0083427 0.00173505 0.000904491
internal_weight=22975 19380 17692 13596 4096 3595 8361 3033 3015 5235 1688 6418 1063 2618 4197 1943 3163 2072 2317 1412 4044 3595
internal_count=22975 19380 17692 13596 4096 3595 8361 3033 3015 5235 1688 6418 1063 2618 4197 1943 3163 2072 2317 1412 4044 3595
cat_boundaries=0 14 27 40 42 43 56 57 59 60 74 75 88 101 103 104 117 119 121 123 124
cat_threshold=3221225484 0 0 268435456 8388876 64 0 1342211072 8 33536 1587544064 268469000 32 2 2392064 112459776 1912606929 2147484160 0 6144 0 0 0 0 0 663648 2490368 16384 3238133792 67108864 4181 98304 32 256 0 134218752 526352 65536 2147484672 95120 254225934 269913 7 3221225472 0 0 0 0 0 0 0 0 0 41943040 268435456 32 240 3222798808 356791 7 20971521 15364 0 0 268959808 0 0 0 536870912 8540168 16781456 0 2147484672 1 3 4160 13316 0 2105344 655360 0 640 134299648 536870916 4099 16777224 17825921 68158464 0 32 0 0 98304 0 0 0 0 526336 0 0 8208 189141542 461513 1 0 89168 0 0 18350080 0 0 65536 32772 2 0 18874368 2147483648 101058572 2129 33947652 2560 34148 208 4
is_linear=0
shrinkage=0.045


Tree=30
num_leaves=23
num_cat=21
split_feature=0 0 0 3 3 2 0 3 0 3 0 2 0 4 2 5 3 0 1 2 4 2
split_gain=196.816 148.857 82.9393 58.9784 35.6794 33.8315 32.7831 26.6214 23.8657 23.2857 22.978 18.7778 16.4462 15.3905 13.3901 12.5056 11.0855 11.1704 10.9062 10.8786 9.94415 9.6628
threshold=0 1 2 3 4 5 6 7 8 9 10 11 12 13 14 5.6646935841241897 15 16 17 18 19 20
decision_type=9 9 9 9 9 9 9 9 9 9 9 9 9 1 9 10 9 9 9 9 1 9
left_child=11 6 5 10 -5 12 -2 -7 19 21 -4 -1 -3 -10 20 18 -13 -18 -15 -6 -12 -8
right_child=1 2 3 4 8 7 9 -9 13 -11 14 16 -14 15 -16 -17 17 -19 -20 -21 -22 -23
leaf_value=-33.820281943925544 -642.45022680773343 293.54783283319188 -37.48503366229972 -223.44704086246585 -312.11974402036384 299.12030230068376 -197.53053419290197 14.132989851285238 -412.99851789638825 -258.93884044969343 168.45514240983803 769.87893674665827 1072.5269161070175 485.60569910854014 326.53929389684203 143.9860124020357 48.743586115659966 695.84803149117215 -28.082646676128789 -66.61578785688836 8.7020166494094884 -16.381770007877222
leaf_weight=183 580 430 1404 1353 320 761 589 2149 187 1458 779 1025 613 106 925 522 238 465 4223 2468 1305 892
leaf_count=183 580 430 1404 1353 320 761 589 2149 187 1458 779 1025 613 106 925 522 238 465 4223 2468 1305 892
internal_value=-0.00036134 -0.00161843 7.81739e-05 -0.00159108 -0.00364514 0.00580517 -0.0100489 0.00328029 -0.00246874 -0.00804388 0.00267966 0.0134204 0.0127322 -0.000614851 0.00489325 -0.00012518 0.0148966 0.0100385 -0.000919534 -0.00580179 0.00285544 -0.00399364
internal_weight=22975 21064 17545 13592 9179 3953 3519 2910 7826 2939 4413 1911 1043 5038 3009 4851 1728 703 4329 2788 2084 1481
internal_count=22975 21064 17545 13592 9179 3953 3519 2910 7826 2939 4413 1911 1043 5038 3009 4851 1728 703 4329 2788 2084 1481
cat_boundaries=0 13 26 39 41 43 44 57 59 73 75 89 90 103 104 105 107 120 122 123 124 125
cat_threshold=2129920 112590848 1912606929 2147484176 0 6176 0 0 0 0 0 663648 393728 3221225484 0 0 268435456 8388876 64 0 1342211072 8 33536 1587544064 268469000 32 344064 3238002720 67108864 4165 98304 0 256 0 134222848 526352 65568 2147484672 2191504 3231187344 73988 33947652 2625 240 3221225472 0 0 0 0 0 0 0 0 0 41943040 268435456 32 2149056856 77827 16777217 89092 0 0 285868032 50331905 0 0 536870912 75632713 16777216 1 2214593536 2 3231277528 45478 4198400 2048 0 2105344 1589248 553648128 0 134299648 536870916 8388609 16777216 16781445 2215642112 3 3 0 32 0 0 98304 0 0 0 0 2048 0 0 8192 1 7 2304246384 286884 0 2097152 4097 0 0 0 0 0 0 0 0 0 512 96 2 2 2 3
is_linear=0
shrinkage=0.045


Tree=31
num_leaves=23
num_cat=20
split_feature=0 2 1 0 3 2 0 3 3 2 5 0 0 0 3 3 5 3 0 0 2 3
split_gain=205.177 144.247 100.476 69.4115 53.8273 47.094 38.393 32.4242 26.387 26.3451 30.8943 25.8291 24.7268 23.5769 18.4996 16.2869 15.7564 13.6924 12.6488 10.9137 10.4787 10.0465
threshold=0 1 2 3 4 5 6 7 8 9 4.5695295849856103 10 11 12 13 14 4.7999057951650004 15 16 17 18 19
decision_type=9 9 9 9 9 9 9 9 9 9 10 9 9 9 9 9 8 9 9 9 9 9
left_child=5 3 8 -2 19 7 -6 -1 -3 10 18 -9 16 15 -15 20 -10 -12 21 -4 -5 -8
right_child=1 2 4 13 6 -7 9 11 12 -11 17 -13 -14 14 -16 -17 -18 -19 -20 -21 -22 -23
leaf_value=497.72996845007987 -528.52782285216051 310.4216273837061 -100.24235943810373 -20.115281049194255 -199.69636399621996 1692.7702847066805 -44.857423591659952 -8.0773576985701219 -41.805454821086784 684.65379049154194 131.68372405132146 394.36286372197526 231.78653995948551 -82.45460861189612 -264.0074213138966 44.257547118709716 99.895500819031838 8.0663956672999841 -7.8296743066699124 -208.98628042159442 -269.70607063396506 -154.04054745491382
leaf_weight=761 1120 1476 487 352 922 677 984 961 1808 260 1002 354 1959 952 1337 924 1112 1197 1869 1221 402 838
leaf_count=761 1120 1476 487 352 922 677 984 961 1808 260 1002 354 1959 952 1337 924 1112 1197 1869 1221 402 838
internal_value=-0.000341755 -0.00191262 0.000292632 -0.00845901 -0.0028253 0.0111564 -0.00108625 0.00769397 0.00459753 0.000204479 -0.000426974 0.00334024 0.00298559 -0.00562641 -0.00859518 -0.00154438 0.000353001 0.00379259 -0.00294273 -0.00996802 -0.00640339 -0.00559433
internal_weight=22975 20222 15135 5087 8780 2753 7072 2076 6355 6150 5890 1315 4879 3967 2289 1678 2920 2199 3691 1708 754 1822
internal_count=22975 20222 15135 5087 8780 2753 7072 2076 6355 6150 5890 1315 4879 3967 2289 1678 2920 2199 3691 1708 754 1822
cat_boundaries=0 13 14 16 29 31 32 46 48 50 51 63 76 89 91 93 95 109 123 124 126
cat_threshold=2129920 112459776 1912606929 2147484160 0 6176 0 0 0 0 0 2148147296 393216 3 1610667108 3200 3221225472 4096 0 0 256 0 0 0 536870912 4096 16777216 268468480 1072 117844004 265816 7 0 0 0 40960 17825792 16777216 0 1342194688 8 512 1587544064 0 0 2 3222800504 65956 2685927824 204832 20 32768 2097152 536875009 0 0 0 0 0 0 0 0 2147483648 0 16777216 0 0 411058176 1861 0 0 72704 0 0 19955732 1084682 42008576 131072 2147483648 133 131072 0 0 0 134217856 3221225488 135352 1152 2049 14282872 74882 2181224014 19153 1079547024 32772 8 18432 0 2097152 524288 0 640 134316032 536870912 76189955 0 1 2214592512 1 16 48 0 2097152 1048576 536870912 0 65536 4 5767178 0 0 0 5 2 3767042256 200964
is_linear=0
shrinkage=0.045


Tree=32
num_leaves=23
num_cat=19
split_feature=0 2 1 0 3 2 3 0 2 3 3 5 0 0 0 0 0 3 0 5 5 3
split_gain=198.103 129.712 90.834 70.0218 50.5243 47.4275 35.4621 33.6463 25.9407 25.6582 24.7602 23.9921 16.7035 16.6398 15.7954 14.2983 14.1317 13.9656 11.9645 10.3148 10.2704 9.49053
threshold=0 1 2 3 4 5 6 7 8 9 10 4.5695295849856103 11 12 13 14 15 16 17 4.7833076179467886 4.1026092131977068 18
decision_type=9 9 9 9 9 9 9 9 9 9 9 10 9 9 9 9 9 9 9 8 10 9
left_child=5 3 9 -2 14 6 16 -6 11 -3 18 15 19 -12 -4 -9 -1 -13 -5 -11 -14 -8
right_child=1 2 4 10 7 -7 21 8 -10 12 13 17 20 -15 -16 -17 -18 -19 -20 -21 -22 -23
leaf_value=-38.719582934399149 -512.71947218023695 336.34915912101309 -202.24637583224867 -55.972731731055241 -187.31420271647877 1616.59562189488 576.97587681544439 -86.758041736521918 656.53327457705348 -37.093549148793862 87.448043298136227 136.95878837915433 92.026835624625093 -94.842351790373428 -117.99173669706769 2.6730959052289833 294.58839596194343 0.32071473526055344 -245.73737189480579 114.16313753943857 297.69383759495912 229.20797862944431
leaf_weight=581 1137 1438 717 472 856 675 416 1703 257 1253 578 1215 876 1487 1704 2118 196 1178 1429 788 1014 887
leaf_count=581 1137 1438 717 472 856 675 416 1703 257 1253 578 1215 876 1487 1704 2118 196 1178 1429 788 1014 887
internal_value=-0.000324128 -0.00186833 0.000227543 -0.00806305 -0.00236066 0.0109695 0.00750717 -0.000493596 0.00062124 0.00492148 -0.00520362 2.8911e-05 0.00301864 -0.00176577 -0.00798089 -0.00218349 -0.000142586 0.00356054 -0.00890355 0.000186313 0.00605678 0.0120285
internal_weight=22975 20220 15117 5103 9748 2755 2080 7327 6471 5369 3966 6214 3931 2065 2421 3821 777 2393 1901 2041 1890 1303
internal_count=22975 20220 15117 5103 9748 2755 2080 7327 6471 5369 3966 6214 3931 2065 2421 3821 777 2393 1901 2041 1890 1303
cat_boundaries=0 13 14 16 29 31 32 34 48 49 51 53 66 79 92 106 118 120 133 135
cat_threshold=2129920 112459776 838865105 2147484228 0 6176 0 0 0 0 0 2148147296 131072 3 1610646628 3200 3221225472 4096 0 0 256 0 0 65536 536870912 4096 16777216 268468480 1072 252061732 265848 7 797437958 395848 4096 0 0 8192 17825792 65 0 1342194688 8 256 1520435200 0 0 2 20 2283274384 90144 2315421254 281309 4194304 0 67108864 0 212992 0 0 0 105472 0 0 19955732 9473290 0 0 1073741824 1 131072 0 0 0 0 1073741840 131216 1028 1 0 13316 0 0 524288 0 0 0 0 8421376 503316480 0 67108864 8 18432 0 2129920 524288 553648132 128 98304 536870912 75665411 67108864 1 2214592512 1 32768 2097152 536875009 0 0 0 0 0 0 0 0 2147483648 3226994064 33028 42008576 131072 0 1 0 0 0 0 0 0 135208 1152 4 2149056624 32
is_linear=0
shrinkage=0.045


Tree=33
num_leaves=23
num_cat=19
split_feature=0 2 1 0 3 2 0 3 3 2 3 0 5 0 0 0 0 3 0 5 5 0
split_gain=179.602 130.437 90.1811 70.0047 48.4344 44.5206 31.78 31.6192 25.9933 24.4161 24.3902 23.4721 22.7769 19.4572 16.7489 15.4354 14.4907 13.6521 12.1114 11.9147 11.3305 8.67675
threshold=0 1 2 3 4 5 6 7 8 9 10 11 4.0517471391904856 12 13 14 15 16 17 4.9732735209982879 4.2555875595453383 18
decision_type=9 9 9 9 9 9 9 9 9 9 9 9 10 9 9 9 9 9 9 8 10 9
left_child=5 3 8 -2 15 7 -6 -1 -3 12 14 -9 18 19 -5 -4 -12 -14 -8 -10 -15 -19
right_child=1 2 4 10 6 -7 9 11 13 -11 16 -13 17 20 -16 -17 -18 21 -20 -21 -22 -23
leaf_value=379.92371338225007 -467.67112903113451 364.72041936827509 -193.14528891979748 0.40330336351704316 -188.77073720690245 1545.6076255316696 -127.3576520451802 -36.750828348783685 -30.025650517176071 626.9892772210859 103.74090034610184 373.45518108002165 122.82301887469114 126.63688206639176 -229.01748191219721 -112.68210854569958 -84.261870925909747 -46.5108551126241 -13.185236008024367 121.33358929724338 394.89710040064591 30.543527749808852
leaf_weight=858 1209 1346 717 419 812 657 1036 654 1603 259 567 322 1419 979 1779 1704 1203 864 1599 703 923 1343
leaf_count=858 1209 1346 717 419 812 657 1036 654 1603 259 567 322 1419 979 1779 1704 1203 864 1599 703 923 1343
internal_value=-0.000331962 -0.00172131 0.00036866 -0.00788736 -0.00223733 0.0110477 -0.000410539 0.00733749 0.00493981 0.000640692 -0.00496357 0.00173077 6.81492e-05 0.00317773 -0.00812443 -0.00774044 -0.0010101 0.00238148 -0.00311433 0.000388266 0.00653605 0.000152096
internal_weight=22975 20484 15307 5177 9753 2491 7332 1834 5554 6520 3968 976 6261 4208 2198 2421 1770 3626 2635 2306 1902 2207
internal_count=22975 20484 15307 5177 9753 2491 7332 1834 5554 6520 3968 976 6261 4208 2198 2421 1770 3626 2635 2306 1902 2207
cat_boundaries=0 13 14 16 29 31 32 46 48 50 51 53 65 78 90 103 116 118 132 143
cat_threshold=2097152 112459776 838865105 2147488320 0 6176 0 0 0 0 65536 2148147296 196608 3 1610646628 3072 3221225472 4100 0 0 260 0 0 65536 536870912 4096 83886080 268468480 1072 252061732 265848 7 4096 0 0 0 2148532224 16777281 0 1342194688 8 0 1520435200 0 0 2 2149059192 70054 2149056912 90144 20 2315421254 285405 0 2097152 4097 0 0 0 0 0 0 0 0 2147483648 0 16777216 67108864 0 212992 1024 0 0 105472 0 0 19955860 1084682 8454144 131072 3221225472 5 0 0 0 0 0 16 32 1152 0 13316 0 0 524288 0 0 0 0 8421376 503316480 0 67108864 98304 0 1073741824 129 131072 0 0 0 0 1073741824 135312 1024 1 1075314896 33028 8 2048 0 0 524288 0 0 134283264 536870912 75665667 67108864 1 2214592512 1 0 1060 0 0 402653440 256 0 8192 536870912 167946 67108864
is_linear=0
shrinkage=0.045


Tree=34
num_leaves=23
num_cat=20
split_feature=0 2 0 0 2 5 0 0 3 3 3 3 3 3 3 0 5 4 0 0 0 0
split_gain=180.156 115.581 79.1315 69.4431 42.5289 40.8526 29.7788 27.7889 27.6619 25.0819 24.1426 18.3333 18.0359 16.1797 13.6183 13.5372 13.533 14.2415 17.2786 12.2615 11.318 10.8724
threshold=0 1 2 3 4 4.3757372435704527 5 6 7 8 9 10 11 12 13 14 5.7446031891748186 15 16 17 18 19
decision_type=9 9 9 9 9 8 9 9 9 9 9 9 9 9 9 9 10 1 9 9 9 9
left_child=4 3 9 -2 8 6 14 13 19 20 21 -9 -8 -7 -4 -12 17 -13 -19 -1 -3 -5
right_child=1 2 5 10 -6 7 12 11 -10 -11 15 16 -14 -15 -16 -17 -18 18 -20 -21 -22 -23
leaf_value=-34.404079828531358 -460.00375459503198 33.176239092809155 -155.19302378008368 -53.614934276034035 1334.6188916462477 103.21288758853088 121.65594308825428 -14.34505377686728 322.57303292374087 -140.00275329488002 80.973829586939118 380.09257737714427 -33.866918671784006 -47.118530465559665 -40.118415035983922 -79.513058861549325 404.50712147897502 -24.629799214290397 167.19726610770729 253.1451956081728 -127.36574391099715 -221.20147664332711
leaf_weight=624 1161 726 836 485 789 512 2039 600 1238 1807 566 1153 1875 1234 1226 1445 694 791 908 232 598 1436
leaf_count=624 1161 726 836 485 789 512 2039 600 1238 1807 566 1153 1875 1234 1226 1445 694 791 908 232 598 1436
internal_value=-0.00032217 -0.00183322 0.000157385 -0.00768217 0.0101736 0.00183712 -0.000782871 0.00449695 0.00673077 -0.00619233 -0.00479209 0.00649351 0.00152445 -0.00028157 -0.00514224 -0.00132353 0.00772766 0.00637001 0.00374339 0.00046659 -0.00144835 -0.0083924
internal_weight=22975 20092 14999 5093 2883 11868 5976 5892 2094 3131 3932 4146 3914 1746 2062 2011 3546 2852 1699 856 1324 1921
internal_count=22975 20092 14999 5093 2883 11868 5976 5892 2094 3131 3932 4146 3914 1746 2062 2011 3546 2852 1699 856 1324 1921
cat_boundaries=0 13 14 28 41 42 56 68 70 72 74 76 78 80 82 95 96 110 122 135 148
cat_threshold=2129920 112590848 838861009 2147488256 32768 6144 0 0 0 0 65536 2148147296 2293760 3 12 4096 0 0 18350088 65 0 1342227456 8 75534593 1587544064 9 67108864 2 3221225472 4100 0 0 256 0 0 65536 536870912 4096 83886080 268468480 1072 7 0 19460 0 2129920 320 1028 128 134283264 536870912 671752 16777216 3145728 2148582400 1 16781313 74768 0 2105344 3632284480 16777472 0 8192 536907780 147458 0 16810000 791138310 399944 3222833616 78086 2852292166 281309 469516 133202 2149110736 467364 3233808400 262164 190297606 264792 0 0 1073741824 1 131072 0 0 0 0 1073741840 131216 1028 1 2 0 32 0 0 0 536870912 512 65536 0 6815752 16777216 3145732 2147516936 4 32768 2097152 536870913 0 0 0 0 0 0 0 0 2147483648 8 4096 0 0 524288 1 0 0 0 75501824 0 0 67108864 42008576 0 0 133 0 0 0 0 0 0 135208 1152 4
is_linear=0
shrinkage=0.045


Tree=35
num_leaves=23
num_cat=20
split_feature=0 0 3 2 0 0 3 3 0 3 5 4 0 2 3 0 0 2 5 4 0 2
split_gain=172.494 109.128 56.3258 49.3722 40.4357 34.2952 27.8239 26.8555 25.857 22.9984 20.4562 17.8107 20.822 16.3107 16.1377 11.6425 11.5012 11.2958 11.2432 11.1946 9.69229 9.51618
threshold=0 1 2 3 4 5 6 7 8 9 5.6365721362514982 10 11 12 13 14 15 16 4.2972622671762819 17 18 19
decision_type=9 9 9 9 9 9 9 9 9 9 10 1 9 9 9 9 9 9 10 1 9 9
left_child=3 5 8 7 9 -2 -7 15 -3 -4 11 16 14 19 -13 -1 -6 -14 -18 -10 -9 -11
right_child=1 2 4 -5 10 6 -8 20 13 21 -12 12 17 -15 -16 -17 18 -19 -20 -21 -22 -23
leaf_value=-30.955274518435942 -591.70563931905042 -27.31269738018047 -207.55800633272435 1423.7194890353942 -39.564359207760788 -77.335615870601359 -218.39012010319246 169.70094470697941 197.74688695035044 12.956165931948053 151.16142750336971 -203.32993376288638 -275.74686481678793 370.85033518760866 -40.171546707817399 241.75366180580502 57.365634631822282 23.450721546009042 342.25132544747078 25.072807251845443 545.44982339071089 -88.796470308872301
leaf_weight=631 502 1337 751 688 736 1778 1576 846 986 591 757 907 299 1213 1013 226 932 2162 405 1710 429 2500
leaf_count=631 502 1337 751 688 736 1778 1576 846 986 591 757 907 299 1213 1013 226 932 2162 405 1710 429 2500
internal_value=-0.000341755 -0.00180183 -0.000188983 0.0100583 -0.00201107 -0.00859747 -0.0068984 0.00659049 0.00364587 -0.005733 -2.18053e-05 -0.000843401 -0.0024692 0.00549158 -0.00596273 0.000388377 0.00259157 0.000282046 0.00505374 0.00350628 0.0107168 -0.00398083
internal_weight=22975 20155 16299 2820 11053 3856 3354 2132 5246 3842 7211 6454 4381 3909 1920 857 2073 2461 1337 2696 1275 3091
internal_count=22975 20155 16299 2820 11053 3856 3354 2132 5246 3842 7211 6454 4381 3909 1920 857 2073 2461 1337 2696 1275 3091
cat_boundaries=0 13 27 29 30 43 55 57 59 73 75 76 90 91 93 105 119 120 121 134 135
cat_threshold=2129920 2260074496 570429649 2147488256 0 6144 0 0 0 0 65536 2148147296 2293760 3221225484 0 0 268435456 8388876 64 0 1342177280 8 67141888 1604321280 268469000 1056 2 3499622800 73988 7 16777217 97284 2147483648 0 17432576 33554433 128 40960 536870912 8540169 128 1048577 2215641089 3221225472 0 0 0 0 0 0 0 0 0 41943040 268435456 3231269368 45494 789041158 399944 4198400 2048 0 2105344 1589248 553648128 0 134307840 536870916 8404993 0 16781445 2215641088 1 50724868 264705 2 4194304 0 0 2097152 402686016 536871940 512 65536 2048 6815744 4112 2101252 8422172 1 7 235277836 7280 32768 2097152 536875009 0 0 0 0 0 0 0 0 2147483648 0 16777216 0 0 32768 0 0 65536 32772 1090 0 16777344 8405000 4 1 2 32768 2147614720 1 0 0 6144 0 0 0 0 65536 2147483648 2097152 48
is_linear=0
shrinkage=0.045


Tree=36
num_leaves=23
num_cat=20
split_feature=0 2 0 0 3 0 0 3 2 4 2 0 0 3 2 5 5 1 1 3 4 0
split_gain=145.284 112.517 111.161 47.5467 46.5207 31.5776 27.6203 22.3443 18.6897 18.0238 17.4054 13.4095 13.1181 12.8287 12.2176 11.6891 11.4375 10.7595 10.0456 9.91898 9.86999 9.47883
threshold=0 1 2 3 4 5 6 7 8 9 10 11 12 13 14 3.8176519431297078 4.9732735209982879 15 16 17 18 19
decision_type=9 9 9 9 9 9 9 9 9 1 9 9 9 9 9 10 8 9 9 9 1 9
left_child=10 2 8 12 6 13 -4 -5 11 -7 -1 -2 -3 -6 17 18 -12 -9 -11 -14 21 -17
right_child=1 3 4 7 5 9 -8 14 -10 15 16 -13 19 -15 -16 20 -18 -19 -20 -21 -22 -23
leaf_value=-126.27535923087689 86.484887951533082 944.67386001678074 -147.49530721011027 -52.654682307598812 355.98430931754837 -302.94930189301016 -32.416907619622066 -110.31147480828342 -468.0530595509818 78.247679306165352 349.14501066319445 -184.59320602165047 508.83276977244094 67.101976476405724 446.32863086911448 -49.780523072429403 801.40043998825979 81.402770095344891 -96.032318640606988 112.52100772103628 73.17958275666939 26.59470729952487
leaf_weight=157 158 534 2586 1065 565 291 2547 298 932 268 788 1352 549 1726 386 1526 715 1283 1876 461 1282 1630
leaf_count=157 158 534 2586 1065 565 291 2547 298 932 268 788 1352 549 1726 386 1526 715 1283 1876 461 1282 1630
internal_value=-0.000339796 -0.00134091 -0.00305041 0.0049041 -0.00152998 0.000392328 -0.00495481 0.00161137 -0.011901 -0.00113399 0.0124342 -0.00863338 0.0113078 0.00495332 0.00444543 -0.000649301 0.0139455 0.00264124 -0.00337605 0.00805773 0.000668919 -0.000683977
internal_weight=22975 21315 16739 4576 14297 9164 5133 3032 2442 6873 1660 1510 1544 2291 1967 6582 1503 1581 2144 1010 4438 3156
internal_count=22975 21315 16739 4576 14297 9164 5133 3032 2442 6873 1660 1510 1544 2291 1967 6582 1503 1581 2144 1010 4438 3156
cat_boundaries=0 13 14 28 42 44 57 71 73 74 75 76 88 101 103 104 106 108 110 111 125
cat_threshold=2129920 112459776 570429649 2147488257 0 6144 0 0 0 0 65536 663648 2555904 7 3225419788 66564 0 0 264 64 0 1342177280 12 4866 1587544064 269517056 32 2 33816576 16777216 0 0 143196160 536870976 0 8192 536871936 527360 16777216 2147484928 2155923996 4 254230022 298585 33898512 3238133760 1342177280 84 1073741824 1024 0 0 36864 1078460432 0 2147486720 13200 17039360 12288 0 0 9961476 0 0 106496 536872960 9601032 16777344 2101764 2215642125 1 868716812 314264 4 1 3 0 0 0 0 256 0 0 0 0 0 0 256 33816576 0 0 0 8388608 0 0 0 0 0 0 2147484928 516 2149056784 8448 16 269494272 513 20832 36 2153299984 29316 4 4096 8192 0 2105344 411566080 33554688 0 24576 536870912 10633216 16777216 129 2214592513 4
is_linear=0
shrinkage=0.045


Tree=37
num_leaves=23
num_cat=20
split_feature=0 0 2 0 0 5 3 3 4 0 2 3 0 3 0 3 4 3 3 5 3 2
split_gain=136.553 107.665 85.3145 48.8097 45.5296 34.1607 26.9885 26.2193 22.374 35.8332 19.1322 18.4199 16.2232 13.55 12.9922 12.3791 12.3535 11.854 11.8314 11.4276 11.1957 10.8326
threshold=0 1 2 3 4 4.6101453514146771 5 6 7 8 9 10 11 12 13 14 15 16 17 4.816232960488728 18 19
decision_type=9 9 9 9 9 10 9 9 1 9 9 9 9 9 9 9 1 9 9 8 9 9
left_child=10 12 3 6 -4 8 -3 -6 20 18 -1 16 -2 -9 -13 -11 -7 -14 -10 -12 -5 -15
right_child=1 2 4 5 7 11 -8 13 9 15 19 14 17 21 -16 -17 -18 -19 -20 -21 -22 -23
leaf_value=-129.76655175832497 -546.51946825540108 -205.56694189073525 872.91493570522471 -129.89961899002725 382.4605410738161 369.73497366748842 -66.429694180811452 -126.13486694462115 -235.89836735055675 -80.003970242767338 346.39752377191934 -50.278523358321507 -293.00650710965976 399.5836966648402 54.503364050165032 36.647848027715298 66.837195661378843 -109.97728534836918 -97.437673552512891 971.34178382947277 69.409725795130825 22.533145685100081
leaf_weight=137 502 1201 587 478 896 524 3065 246 901 1270 687 1205 450 219 1209 1384 1378 810 900 706 1872 2348
leaf_count=137 502 1201 587 478 896 524 3065 246 901 1270 687 1205 450 219 1209 1384 1378 810 900 706 1872 2348
internal_value=-0.000298668 -0.00122792 -0.000270754 -0.00183665 0.0053273 -0.000264753 -0.00592216 0.0034527 -0.00225099 -0.00412441 0.0126362 0.00286591 -0.0118461 0.00129823 0.000241138 -0.000776444 0.00615987 -0.00891509 -0.00899752 0.0142367 0.00130102 0.00227705
internal_weight=22975 21445 19683 15387 4296 11121 4266 3709 6805 4455 1530 4316 1762 2813 2414 2654 1902 1260 1801 1393 2350 2567
internal_count=22975 21445 19683 15387 4296 11121 4266 3709 6805 4455 1530 4316 1762 2813 2414 2654 1902 1260 1801 1393 2350 2567
cat_boundaries=0 13 26 27 41 54 56 58 59 73 74 76 88 90 103 105 106 108 110 112 113
cat_threshold=2392064 1186332672 570425552 2147488260 0 6144 0 0 0 0 0 663648 2555904 3221225484 0 0 268435456 16777480 0 0 1073741824 8 768 513802240 268468232 32 7 20971520 70660 0 0 8912900 65 0 268436480 536870916 75534403 1090519040 3146497 1049600 2 33554432 0 1 0 8388608 0 0 0 1024 0 0 2147484928 16900 254157830 264777 2148532368 8452 2 0 16777216 1 2129920 135266304 1024 128 134332416 0 4734984 0 4116 2223014430 5 2 3633848656 328588 3221225472 0 0 0 0 0 0 0 0 0 41943040 268435456 369557764 262144 0 16785408 0 0 402653184 570425600 0 8192 0 0 135296 2147483796 8205 1862423150 69336 2 587630082 84696 168732228 36604 173281794 16960 32
is_linear=0
shrinkage=0.045


Tree=38
num_leaves=23
num_cat=20
split_feature=2 0 0 1 3 0 2 3 3 2 5 3 0 5 0 3 1 3 2 0 3 0
split_gain=131.282 145.128 75.2064 57.7001 39.0951 27.3933 26.7951 25.3918 21.6294 21.2717 23.3624 18.8957 17.7869 15.7892 12.231 11.5115 11.2404 10.5164 10.2582 9.81411 9.57652 9.19728
threshold=0 1 2 3 4 5 6 7 8 9 4.7664292796317111 10 11 5.625819309938989 12 13 14 15 16 17 18 19
decision_type=9 9 9 9 9 9 9 9 9 9 10 9 9 10 9 9 9 9 9 9 9 9
left_child=2 6 -1 8 14 -6 11 12 -3 -7 15 -2 -4 20 -5 21 -9 -12 -18 -17 -10 -11
right_child=1 3 7 4 5 9 -8 16 13 10 17 -13 -14 -15 -16 19 18 -19 -20 -21 -22 -23
leaf_value=-393.24502626121426 53.088304589863291 314.66599722958222 131.64984563408478 -159.24802040748949 -154.64363109362009 390.87719674318646 1352.5663706593475 -195.87660918117845 -41.557724719891411 79.697943906897663 4.1720728388042332 335.21769385878815 -54.029316584668337 255.49854158939232 -90.294133733012799 -107.26154501199638 -18.0315286732849 106.0927657606059 -213.88231161629014 -12.730828385458953 93.886307404520863 -29.113722667653327
leaf_weight=1308 577 1079 486 910 994 374 806 835 1043 741 957 985 1507 484 1042 1527 998 1291 593 1698 1782 958
leaf_count=1308 577 1079 486 910 994 374 806 835 1043 741 957 985 1507 484 1042 1527 998 1291 593 1698 1782 958
internal_value=-0.000310419 0.00165035 -0.00620622 0 -0.00181217 -0.000494621 0.0119685 -0.00337678 0.00432614 0.000434639 -0.000119014 0.00837675 0.000392768 0.0025 -0.00753819 -0.00185445 -0.00646021 0.00368 -0.00416875 -0.00342678 0.00121772 0.00114407
internal_weight=22975 17248 5727 14880 10492 8540 2368 4419 4388 7546 7172 1562 1993 3309 1952 4924 2426 2248 1591 3225 2825 1699
internal_count=22975 17248 5727 14880 10492 8540 2368 4419 4388 7546 7172 1562 1993 3309 1952 4924 2426 2248 1591 3225 2825 1699
cat_boundaries=0 1 14 27 29 31 43 44 46 48 49 51 63 76 78 80 82 83 97 99 113
cat_threshold=3 44351488 110493696 570425536 2147483652 0 6144 0 0 0 0 0 2148151136 2097152 3221258240 4100 0 0 134217984 0 0 65536 536870912 20480 83886080 268472576 2147484720 1610650724 2176 117909548 2633 0 0 0 32768 17825792 16777281 0 1342211072 12 67108864 1587544064 1 4 3569182776 242722 2690121872 73984 224 690476548 133656 0 0 1073741824 1 131076 0 0 0 0 1073741840 0 2147484672 0 15364 0 0 524544 0 0 1073741824 536870912 8425472 520093696 32768 2214592512 3758620816 65798 5137 2566 679477826 94626 2 0 2084 0 0 268960000 0 128 81920 536870912 9081090 0 3145732 2214592512 19 103231238 301136 0 29732 0 0 403177728 0 0 0 0 8389640 0 32788 67108866 4
is_linear=0
shrinkage=0.045


Tree=39
num_leaves=23
num_cat=19
split_feature=0 2 0 0 3 0 3 0 5 5 3 2 4 2 0 0 0 0 2 1 0 5
split_gain=125.462 97.3149 94.2609 46.2658 36.6213 29.9086 21.6192 19.3455 18.5434 16.9564 16.8679 15.845 15.8136 14.84 13.3566 12.8316 11.9862 11.4081 11.1871 9.75674 9.54999 9.51844
threshold=0 1 2 3 4 5 6 7 3.7256208424938388 4.816232960488728 8 9 10 11 12 13 14 15 16 17 18 4.0342014792848504
decision_type=9 9 9 9 9 9 9 9 10 8 9 9 1 9 9 9 9 9 9 9 9 8
left_child=9 2 11 14 7 10 -5 -4 19 20 -6 16 15 -8 -3 -10 -2 -14 21 -7 -1 -12
right_child=1 3 4 6 5 8 13 -9 12 -11 18 -13 17 -15 -16 -17 -18 -19 -20 -21 -22 -23
leaf_value=75.330711699992094 80.905391003044173 874.96470416387388 218.06319805355741 299.2770835132909 -228.44989401201266 109.11556832192655 295.388973213908 12.599219923614019 455.70889220588458 843.35097225004881 -120.43119755231689 -423.27884885089361 73.267240005977285 -21.87630910599464 349.39772025483694 34.614820423955827 -183.10593315323663 -32.461975820187362 -159.12685985130599 -108.32282366420152 412.76476671492424 -11.347747058557761
leaf_weight=410 158 484 767 705 618 241 234 2606 354 748 950 883 675 2236 940 732 1154 2859 1200 1915 387 1719
leaf_count=410 158 484 767 705 618 241 234 2606 354 748 950 883 675 2236 940 732 1154 2859 1200 1915 387 1719
internal_value=-0.00029671 -0.00119205 -0.00277727 0.0046015 -0.00146846 -0.0027 0.00156024 0.00263885 -0.00080878 0.0120376 -0.00554623 -0.0114488 0.000798356 -0.000435133 0.0113127 0.00554228 -0.00812311 -0.000661765 -0.00441188 -0.00425394 0.00751877 -0.0027611
internal_weight=22975 21430 16831 4599 14636 11263 3175 3373 6776 1545 4487 2195 4620 2470 1424 1086 1312 3534 3869 2156 797 2669
internal_count=22975 21430 16831 4599 14636 11263 3175 3373 6776 1545 4487 2195 4620 2470 1424 1086 1312 3534 3869 2156 797 2669
cat_boundaries=0 13 14 27 41 43 57 59 73 75 76 77 78 91 104 116 129 130 131 144
cat_threshold=2392064 1186332672 570425552 2147487744 0 6144 0 0 0 2064 65536 663648 2424832 7 3221225484 66564 0 0 264 64 0 1342177280 12 4610 1587544064 268468480 32 33554432 16777216 1 512 142671872 64 0 8192 536871936 524288 16777216 2147484928 2155923996 4 3231187344 73984 16777217 4096 1 268435968 8912900 1 0 40960 536870912 75661641 16777216 3146241 2148008972 2 1058960 260 41943040 0 1 0 268566528 1024 0 0 5120 1074397184 0 2147484672 8852 1 101056516 262721 4 2 32 33554432 0 1 512 0 0 0 0 1024 0 0 2147484672 516 0 0 0 2097152 0 1024 0 0 0 6815744 0 1024 67142160 0 0 0 0 256 0 0 0 0 0 0 256 42008592 2147483648 1140854784 21 131072 1028 0 134234112 0 1074790400 32 3072 18560 4 536871136 2392064 2490368 0 0 0 2048 0 0 0 2048 65536 0 2097152
is_linear=0
shrinkage=0.045


Tree=40
num_leaves=23
num_cat=20
split_feature=2 0 0 0 3 2 5 0 3 3 0 0 0 3 0 2 5 2 0 0 4 1
split_gain=114.484 125.949 68.8229 51.0933 36.776 26.6662 24.8007 23.0938 22.7888 17.9554 16.8893 16.4937 16.1635 14.037 9.99754 9.95115 9.37279 9.25378 8.94856 8.82985 8.49355 8.21948
threshold=0 1 2 3 4 5 4.5900436644025815 6 7 8 9 10 11 12 13 14 5.8847132099692177 15 16 17 18 19
decision_type=9 9 9 9 9 9 8 9 9 9 9 9 9 9 9 9 10 9 9 9 1 9
left_child=2 5 -1 13 7 9 12 17 18 19 -8 -10 -6 -3 -15 -14 -9 -5 -4 -2 -13 -22
right_child=1 3 8 4 6 -7 10 16 11 -11 -12 20 15 14 -16 -17 -18 -19 -20 -21 21 -23
leaf_value=-366.15760674653416 -98.956442519034937 -160.09663434966129 172.99270741860272 102.11092602339049 -97.377180837336155 1259.7909387813618 -38.539924212989405 15.326045036957765 -13.37727700776566 308.17722410618262 88.008822078943268 -432.67806435037926 411.06721114074048 -182.89905150937182 -29.515881521178926 -19.966348478961081 289.07680529773029 391.92668613019856 -5.5004075716937217 125.71348853421841 -181.8610125090571 -89.188108728560834
leaf_weight=1308 168 640 320 1279 2087 802 938 2763 1269 1031 1909 197 111 609 1674 1833 198 861 925 345 808 900
leaf_count=1308 168 640 320 1279 2087 802 938 2763 1269 1031 1909 197 111 609 1674 1833 198 861 925 345 808 900
internal_value=-0.000292793 0.00153824 -0.00579848 9.0519e-06 0.00131161 0.0112023 -0.000835994 0.00420252 -0.00309242 0.00760604 0.00237715 -0.00511299 -0.00310749 -0.00531261 -0.00361765 -0.000138037 0.00161201 0.0077579 0.00205847 0.000642857 -0.00775822 -0.00676316
internal_weight=22975 17248 5727 14902 11979 2346 6878 5101 4419 1544 2847 3174 4031 2923 2283 1944 2961 2140 1245 513 1905 1708
internal_count=22975 17248 5727 14902 11979 2346 6878 5101 4419 1544 2847 3174 4031 2923 2283 1944 2961 2140 1245 513 1905 1708
cat_boundaries=0 1 14 27 41 43 44 58 60 62 75 88 102 104 116 117 118 131 143 144 146
cat_threshold=3 44351488 110493696 570425536 2147483652 0 2048 0 0 0 0 0 2148151136 2097152 3221258240 4100 0 0 134217984 0 0 65536 536870912 20480 83886080 268472576 2147484720 16777228 2048 0 0 18350088 65 0 1476493312 536870920 67272961 1587544064 9 0 2 2149077392 205190 4 0 18903076 4097 0 268468224 5120 0 0 66560 3080 0 1048580 8530588 4 1419323448 106530 690475044 395800 0 2109492 0 0 402686208 536871172 0 8192 1024 4098 0 1081348 2050 8585216 131072 3758096384 133 0 0 0 0 134217728 1073741840 135224 2147484672 1 1 16806916 4097 2097152 256 1024 128 16384 0 14701576 16777216 3145732 2214625288 5 120006662 2680 0 0 0 0 0 0 0 1342177280 8 1 446693376 1 160 4 0 0 0 0 131072 0 0 0 0 1073741824 0 2147484672 1 0 0 0 0 0 0 0 0 0 0 0 2147483648 1 528406 2576
is_linear=0
shrinkage=0.045


Tree=41
num_leaves=23
num_cat=19
split_feature=2 0 0 0 3 3 5 0 5 0 0 1 3 2 3 0 0 4 3 1 5 4
split_gain=110.027 99.2155 77.2139 56.8846 34.8208 22.6558 22.3088 19.6696 18.7043 17.116 15.7696 15.1643 15.1113 14.7899 14.6197 11.168 8.28349 8.26269 7.92194 7.8836 7.78506 7.58634
threshold=0 1 2 3 4 5 4.0517471391904856 6 4.6200466650627661 7 8 9 10 11 12 13 14 15 16 17 4.1026092131977068 18
decision_type=9 9 9 9 9 9 10 9 10 9 9 9 9 9 9 9 9 1 9 9 10 1
left_child=1 10 -2 8 19 -4 9 -8 -3 21 -1 13 15 -7 -12 -9 -14 -11 -15 -5 -13 -6
right_child=2 3 5 4 6 11 7 12 -10 17 14 20 16 18 -16 -17 -18 -19 -20 -21 -22 -23
leaf_value=-547.13495511476697 1158.1777157938352 90.899540906951188 323.6798037910475 -104.58094284562893 -65.828272233188983 285.80696367539451 -41.046700128394875 16.669405677411959 353.93050804819234 -371.33177981077341 -296.33696536566157 46.605746808076361 -22.036693634407964 -107.34158057113878 -122.53173313426566 204.64670272654743 53.123528435930311 -11.001155218545136 -3.9320220448418692 -194.92597287889663 417.16091981341253 -184.94062987212533
leaf_weight=371 843 1110 1009 788 950 230 2330 567 825 126 584 415 1903 602 1081 873 1793 2871 1405 736 507 1056
leaf_count=371 843 1110 1009 788 950 230 2330 567 825 126 584 415 1903 602 1081 873 1793 2871 1405 736 507 1056
internal_value=-0.000302585 -0.0019476 0.00558581 -0.000748118 -0.00174955 0.00304665 -0.000960861 0.000596545 0.00645994 -0.00328621 -0.011272 0.00115658 0.00215035 -0.000850378 -0.00924419 0.00604339 0.000618932 -0.00111416 -0.00210624 -0.00814453 0.0059743 -0.0064891
internal_weight=22975 17964 5011 15928 13993 4168 12469 7466 1935 5003 2036 3159 5136 2237 1665 1440 3696 2997 2007 1524 922 2006
internal_count=22975 17964 5011 15928 13993 4168 12469 7466 1935 5003 2036 3159 5136 2237 1665 1440 3696 2997 2007 1524 922 2006
cat_boundaries=0 1 14 27 40 42 44 58 72 84 86 88 89 91 105 118 119 121 123 124
cat_threshold=7 3221225484 66564 0 268435456 264 64 0 1342177280 12 579 1587544064 268468480 32 35946496 67108864 129 2147484160 8388608 0 0 0 1024 0 0 2148148320 16900 2195456 2259025920 1946161216 85 0 5120 0 0 134742016 1074266112 65568 0 2359936 101056516 2624 2148532368 8198 16781312 4096 0 8192 3230269440 16777473 0 41984 536903680 151552 16777344 20447893 0 2 37748736 16781312 0 0 524288 0 128 134299648 536870912 68325632 553648128 3147268 2215658508 3 1073741824 0 0 0 0 0 0 0 0 0 33554432 268435456 806366224 1541 3224895952 384 32 189170176 19032 0 8192 0 2097152 0 0 0 134283264 4096 10518792 0 0 2214592524 4 0 16777216 1 0 403702272 570425344 0 0 5120 32792 4096 2147483648 5131 1 600178692 280584 1074020580 3136 2
is_linear=0
shrinkage=0.045


Tree=42
num_leaves=23
num_cat=20
split_feature=0 2 0 1 2 3 2 3 3 3 5 0 5 4 0 0 0 0 0 3 0 0
split_gain=109.973 82.9543 53.4581 50.2735 38.7962 31.5444 24.4779 24.1367 21.831 21.3659 20.5357 17.4185 13.8417 16.6828 13.8317 13.3803 11.153 11.0173 10.3776 10.2007 9.9409 9.33804
threshold=0 1 2 3 4 5 6 7 8 9 4.5695295849856103 10 5.6507317092149298 11 12 13 14 15 16 17 18 19
decision_type=9 9 9 9 9 9 9 9 9 9 10 9 10 1 9 9 9 9 9 9 9 9
left_child=4 2 -2 9 8 20 -7 21 -1 -3 11 19 13 16 -10 -15 -11 -9 -12 -8 -5 -4
right_child=1 3 7 5 -6 6 10 17 14 12 18 -13 -14 15 -16 -17 -18 -19 -20 -21 -22 -23
leaf_value=408.49684402571125 -435.19134318343623 223.72659674488887 -47.949161341990944 -56.171764992236746 1153.0682005573376 778.84586978531456 76.365838637704186 84.515151248022121 -16.742270359604625 7.8950844791622874 -92.025435852840232 -92.771575692647033 200.7721724307724 -89.847436581090037 242.87935859940151 28.069076349257884 272.22331465696436 -61.565747023825274 44.299445767963476 -53.191215223281702 -158.00702429641069 -191.29976011481884
leaf_weight=677 855 1739 661 513 622 173 959 713 910 848 334 2854 541 1052 410 1213 847 1263 2377 840 1017 1557
leaf_count=677 855 1739 661 513 622 173 959 713 910 848 334 2854 541 1052 410 1213 847 1263 2377 840 1017 1557
internal_value=-0.000320212 -0.00143829 -0.00643302 0.000212971 0.00833808 -0.0019256 -0.000724268 -0.0043117 0.00520781 0.00331814 -0.00112866 -0.00294361 0.00167018 0.000749621 0.00179054 -0.00177658 0.00412345 -0.000679074 0.00198212 0.000534235 -0.00779183 -0.00752691
internal_weight=22975 20356 5049 15307 2619 9067 7537 4194 1997 6240 7364 4653 4501 3960 1320 2265 1695 1976 2711 1799 1530 2218
internal_count=22975 20356 5049 15307 2619 9067 7537 4194 1997 6240 7364 4653 4501 3960 1320 2265 1695 1976 2711 1799 1530 2218
cat_boundaries=0 13 14 27 29 30 32 33 35 37 39 53 54 67 80 93 106 117 119 133 146
cat_threshold=2129920 112459776 838861008 2147483665 0 4128 0 0 0 2048 65568 2148147296 2424832 3 1073741824 4100 0 0 134217984 0 0 65536 536870912 4096 83886080 268439808 1024 1610650724 3074 7 119941132 2648 32 2852554310 285397 2149066832 73894 2690121872 221442 16793617 29808 0 0 2550137152 16777472 256 8256 0 32523264 553648128 0 0 20 2 32768 2359296 536870912 0 0 4096 0 0 0 0 0 2147483648 2097152 262144 0 1 512 8421376 1024 0 0 98304 8 0 19922948 33292 0 0 1 0 8437760 0 0 0 1024 72 0 18907136 8408072 65536 0 3221225472 0 131072 0 0 0 0 1073741832 135312 1028 33 4096 16 0 0 17825792 256 0 8192 0 2 436207616 2149061778 467364 16 48 0 2097152 134217728 536870912 0 73728 4 4723714 0 0 0 6 42139648 131072 1073741824 128 0 0 0 0 0 272 135176 1152 5
is_linear=0
shrinkage=0.045


Tree=43
num_leaves=23
num_cat=19
split_feature=0 0 2 3 0 0 0 3 4 2 3 0 5 0 1 5 3 4 2 5 0 0
split_gain=101.361 80.4127 64.7136 38.7468 33.7428 23.7716 20.9636 20.275 19.1965 19.0974 13.4909 13.429 11.5479 12.2721 11.9585 11.269 10.1965 10.1953 10.085 8.10682 6.90152 6.82649
threshold=0 1 2 3 4 5 6 7 8 9 10 11 5.310736838221497 12 13 4.8322978221268906 14 15 16 4.3882378946731615 17 18
decision_type=9 9 9 9 9 9 9 9 1 9 9 9 10 9 9 10 9 1 9 10 9 9
left_child=9 11 3 6 16 10 -3 -6 -7 15 -5 -2 13 17 -14 20 -4 -10 -9 -8 -1 -18
right_child=1 2 4 5 7 8 19 18 12 -11 -12 -13 14 -15 -16 -17 21 -19 -20 -21 -22 -23
leaf_value=12.979730620090885 -498.59463491673716 -168.34104144439166 642.75351788729472 228.61240630607608 273.71795943334843 -279.09043391048544 -105.47207076283298 248.08453782723271 -129.19297504184968 1438.3560249182558 22.397839804221366 -174.42699354404067 94.388476561191709 -9.8797301113182936 -20.447253080484224 426.61759347440864 481.36211615003413 -37.003902948863214 -18.233210601488246 9.8521290025640145 250.87573714516867 158.14212179227601
leaf_weight=385 390 1837 685 707 733 368 1127 213 1074 386 1944 1010 821 4918 895 411 181 949 2057 894 391 599
leaf_count=385 390 1837 685 707 733 368 1127 213 1074 386 1944 1010 821 4918 895 411 181 949 2057 894 391 599
internal_value=-0.000377007 -0.00118941 -0.00045643 -0.00182941 0.00430915 -0.000535164 -0.00573256 0.0015597 -0.00163578 0.0106041 0.00320222 -0.0115687 -0.00120828 -0.00202542 0.00209546 0.00760008 0.00988659 -0.00496437 -0.000552147 -0.00253443 0.00445373 0.00613636
internal_weight=22975 21402 20002 15534 4468 11676 3858 3003 9025 1573 2651 1400 8657 6941 1716 1187 1465 2023 2270 2021 776 780
internal_count=22975 21402 20002 15534 4468 11676 3858 3003 9025 1573 2651 1400 8657 6941 1716 1187 1465 2023 2270 2021 776 780
cat_boundaries=0 13 26 27 29 43 57 71 73 74 75 77 89 103 105 107 108 109 122 134
cat_threshold=2392064 110493696 838861008 2147483665 1073741824 4128 0 0 0 0 65568 663648 2428928 3221225484 0 0 268435456 264 0 0 1073741824 8 512 446693376 268435464 32 7 254151172 2633 33554432 16777216 1 512 8454144 64 0 8192 536871936 525312 0 2147484928 8440348 4 33636352 3223322624 1140854784 68 268435456 3076 256 64 6144 1080557568 0 2147486720 9104 16 0 13316 0 0 8912900 64 0 8192 536872960 8556808 83886208 1086208 2214593548 1 1057936 4 1 7 3222798672 98562 1073741824 0 0 0 0 0 0 0 0 0 33554432 268435456 4194304 1028 1 8192 524288 64 0 268500992 536870916 67129347 1157627904 17858564 2148566016 2 1050657 76321 2820161616 17028 4 32 2392064 393216 0 16 0 0 0 0 0 0 0 0 2101248 0 0 0 0 0 0 0 0 0 0 0 2147484672
is_linear=0
shrinkage=0.045


Tree=44
num_leaves=23
num_cat=20
split_feature=0 0 2 3 0 0 3 4 0 2 3 0 0 0 0 5 3 5 0 3 3 0
split_gain=96.7453 79.0274 57.8871 34.6135 34.605 22.4916 22.3232 21.8716 19.4529 17.1454 16.2292 17.6342 13.7569 11.7244 11.2528 10.6383 8.72734 8.58406 7.76307 7.19194 7.01506 6.97301
threshold=0 1 2 3 4 5 6 7 8 9 10 11 12 13 14 4.8789996228937618 15 5.0906732680195743 16 17 18 19
decision_type=9 9 9 9 9 9 9 1 9 9 9 9 9 9 9 10 9 10 9 9 9 9
left_child=9 12 3 5 -4 -3 -6 18 -9 15 11 -10 -2 -12 19 21 -16 -7 -5 -8 -14 -1
right_child=1 2 4 7 6 17 14 8 10 -11 13 -13 20 -15 16 -17 -18 -19 -20 -21 -22 -23
leaf_value=6.308512724136035 -476.15787634548411 -161.41369209167462 714.87820784510586 22.676907295014171 344.46669435961439 -82.497412576155142 -76.591625723460453 84.422294781549567 287.82351796767057 1337.3994559639236 -82.508854797051043 13.887731772702482 -267.17851803070005 -10.941745907222176 -93.185338906770625 430.40874567329143 110.39331507311371 22.01825805188928 -329.04842524158545 -0.96728235147762454 -127.67847170890941 254.89847879520437
leaf_weight=410 390 1655 542 107 791 2025 375 1689 355 367 1658 1966 241 5112 289 396 1718 617 342 745 795 390
leaf_count=410 390 1655 542 107 791 2025 375 1689 355 367 1658 1966 241 5112 289 396 1718 617 342 745 795 390
internal_value=-0.000378966 -0.00116995 -0.000436544 -0.00173478 0.00407536 -0.00516419 0.00257634 -0.000418335 -1.25209e-05 0.0103857 -0.000837911 0.00240141 -0.0113595 -0.00195075 0.000852979 0.00759934 0.00286404 -0.00256029 -0.0101275 -0.00274293 -0.00841603 0.00465711
internal_weight=22975 21412 19986 15526 4460 4297 3918 11229 10780 1563 9091 2321 1426 6770 3127 1196 2007 2642 449 1120 1036 800
internal_count=22975 21412 19986 15526 4460 4297 3918 11229 10780 1563 9091 2321 1426 6770 3127 1196 2007 2642 449 1120 1036 800
cat_boundaries=0 13 26 27 29 42 56 58 59 73 74 76 90 102 116 129 131 144 146 148 161
cat_threshold=2457600 110362624 570429648 2147483665 0 4128 0 0 0 0 65568 663648 2428928 3221225484 0 0 0 264 64 0 1073741824 8 512 446693376 268435464 32 7 254152196 2633 33554432 0 1 0 8388608 0 0 0 1024 524288 0 2147484672 8438276 0 13316 0 0 8912900 0 0 8192 536870912 8556808 83886208 33536 2147484676 1 1048720 4 1 41959425 3223453696 1140850688 68 1073741828 3076 0 0 4096 1076363264 131200 2560 8397712 16 135 3222798800 258 0 16777216 1 0 268435456 0 0 0 1024 32768 0 2147484800 0 1 1073741824 0 0 0 0 0 0 0 0 0 33554432 268435456 16777216 1028 1 0 277348352 536871169 640 268435456 4 67146818 1157627904 19955713 2147484672 2 0 2103316 0 0 17825792 0 0 65536 98304 4098 0 2129920 2147483648 34016524 262152 0 0 0 0 0 0 0 0 0 8 4224 2147484672 1 2748223490 512 184943104 19008 2457600 262144 4096 16 0 0 0 0 0 0 0 0 2101248
is_linear=0
shrinkage=0.045


Tree=45
num_leaves=23
num_cat=20
split_feature=2 0 0 5 0 2 3 0 3 0 3 0 2 5 0 3 4 3 3 0 4 3
split_gain=94.94 101.137 62.8335 40.2017 33.9712 22.926 22.1151 20.3798 18.7495 15.2735 14.8993 13.3592 13.0612 12.6055 11.2996 10.6558 10.5168 13.916 10.2209 9.70986 9.43421 8.72207
threshold=0 1 2 4.7664292796317111 3 4 5 6 7 8 9 10 11 5.8847132099692177 12 13 14 15 16 17 18 19
decision_type=9 9 9 10 9 9 9 9 9 9 9 9 9 10 9 9 1 9 9 9 1 9
left_child=2 5 -1 4 10 9 -4 21 19 18 -3 15 14 16 -10 -8 -9 -18 -2 -6 -13 -5
right_child=1 3 6 7 8 -7 11 13 12 -11 -12 20 -14 -15 -16 -17 17 -19 -20 -21 -22 -23
leaf_value=-393.59857497523205 -95.909395795008379 -186.32672266706996 -137.05930010648805 37.717753904846177 -94.964447441407245 1022.5656042192277 -8.2740247347010154 282.57808485974419 -51.999666583742766 288.10064055082177 -64.166510989338789 -369.67461899650942 455.19050597245251 266.71267979817071 42.392381412619429 160.1328893334009 94.982210740175645 -34.200462517021876 120.54463817552626 -32.348629511165015 -36.612581144868926 -60.506377908626341
leaf_weight=834 233 645 1929 763 783 796 599 735 1188 871 2161 188 275 803 3490 512 927 735 423 1688 1665 732
leaf_count=834 233 645 1929 763 783 796 599 735 1188 871 2161 188 275 803 3490 512 927 735 423 1688 1665 732
internal_value=-0.000345672 0.00132184 -0.00535938 -4.06708e-05 -0.00162285 0.010031 -0.00338991 0.0034059 -2.42066e-05 0.00668129 -0.0058286 -0.0009375 0.00157251 0.00542186 0.000997868 0.00294524 0.00379846 0.0018119 0.00141467 -0.00321687 -0.00326944 -0.00094061
internal_weight=22975 17248 5727 14925 10230 2323 4893 4695 7424 1527 2806 2964 4953 3200 4678 1111 2397 1662 656 2471 1853 1495
internal_count=22975 17248 5727 14925 10230 2323 4893 4695 7424 1527 2806 2964 4953 3200 4678 1111 2397 1662 656 2471 1853 1495
cat_boundaries=0 1 14 27 41 42 44 57 59 72 74 87 88 102 104 105 107 109 123 124 126
cat_threshold=3 44335104 1184235520 570425536 2147483649 0 0 0 0 0 0 0 2148151136 2097152 1073741824 4100 0 0 256 0 0 65536 0 20480 83886080 268439808 2147484672 12 2052 0 0 16777224 68 0 1073856512 536870920 75534593 446693376 0 2215673856 3 4 167937542 281284 4096 5168 0 0 429391872 0 0 8192 536904708 147779 503316480 2129936 1026 1604794724 35433 262144 1073872896 0 0 0 0 0 0 0 0 0 2148008960 2097152 117845506 264784 65536 0 1610612736 5 131072 0 0 0 0 1073741824 135344 2147484672 33 84 4194304 2179120 0 40960 1589248 553651456 128 402653184 4 3801154 1073741824 3145729 16384 16 22106120 69657 2 1112659794 279176 159629350 10760 0 16790592 1 2097152 1573120 0 0 134217728 0 1024 83886080 19922944 8389120 4 1 2312131858 328212
is_linear=0
shrinkage=0.045


Tree=46
num_leaves=23
num_cat=19
split_feature=0 0 2 4 3 0 0 0 3 3 0 4 5 0 5 0 5 0 3 0 3 3
split_gain=91.9379 75.0784 50.1095 33.3208 33.9571 33.2797 29.3452 20.7745 20.6765 20.2359 17.2238 15.9185 14.9206 14.5793 14.0987 20.9754 12.9249 12.6402 10.0851 9.64959 9.55663 8.99334
threshold=0 1 2 3 4 5 6 7 8 9 10 11 3.6242520361853052 12 4.9870196042435371 13 4.0689902272260703 14 15 16 17 18
decision_type=9 9 9 1 9 9 9 9 9 9 9 1 10 9 8 9 10 9 9 9 9 9
left_child=-1 13 3 6 10 -4 12 -6 -8 -7 -5 14 -3 -2 15 -9 -10 -16 -11 -20 -19 -17
right_child=1 2 5 4 7 9 8 11 16 18 -12 -13 -14 -15 17 21 -18 20 19 -21 -22 -23
leaf_value=531.12116127551803 -441.28697281066303 13.157099115648524 652.5729483521859 -194.73402317943393 -78.379734116078353 284.28184026950953 -96.339383853154715 -90.317684454233714 -14.110978573216288 -118.83799672208414 -72.556870797297378 -242.92951778519645 427.42581046670921 -148.08409855584028 -6.1291709792130131 100.21441206345445 123.74334899008419 37.475817769842834 -16.960495603774199 112.62241414231379 220.50884425111798 -11.303768879104064
leaf_weight=993 390 318 552 1167 1888 1001 1101 1275 1376 300 1553 410 585 1137 1092 856 1233 725 1120 1513 639 1751
leaf_count=993 390 318 552 1167 1888 1001 1101 1275 1376 300 1553 410 585 1137 1092 856 1233 725 1120 1513 639 1751
internal_value=-0.00034763 -0.000955488 -0.000234157 -0.00141496 -0.00272583 0.00396176 0.00180878 -0.0013373 2.41805e-05 0.00248606 -0.00709919 -0.00016642 0.00902459 -0.0105409 0.000390379 -0.00129763 0.00220622 0.00305736 0.000588285 0.00148866 0.00591933 0.00102234
internal_weight=22975 21982 20455 15969 11356 4486 4613 8636 3710 3934 2720 6748 903 1527 6338 3882 2609 2456 2933 2633 1364 2607
internal_count=22975 21982 20455 15969 11356 4486 4613 8636 3710 3934 2720 6748 903 1527 6338 3882 2609 2456 2933 2633 1364 2607
cat_boundaries=0 13 26 27 28 30 43 56 69 71 73 87 88 100 114 128 130 143 145 147
cat_threshold=2162688 1175715840 570425552 2147483664 0 4128 0 0 0 2048 65536 663648 2424832 3221225484 0 0 0 264 64 0 1342177280 8 67109120 446693376 268435464 32 7 2 254181380 3140 33816576 0 1 0 8388608 0 0 0 1024 524288 0 2147484672 49668 33587200 10485760 0 0 268435456 1280 0 0 32768 15237120 0 272 12816 4194304 1028 1 268443648 134742016 256 0 134218752 536903680 8966145 603979776 3178772 67108866 55923458 279048 135266448 65798 262144 16782336 0 0 8912896 0 0 8192 0 4231176 83886080 33024 2214626844 3 4 1073741824 0 0 0 0 0 0 0 0 0 33554432 268435456 4096 16781312 4096 2129920 268435456 536871937 0 81920 0 6291456 16777216 16777216 2147520028 7 4096 10493952 0 0 276824064 570425344 0 8192 0 131080 135296 2147488256 1 4 386269188 262144 0 6164 0 0 17825792 0 0 65536 98308 4098 0 3178512 2147491840 545851928 200882 2417518864 180514
is_linear=0
shrinkage=0.045


Tree=47
num_leaves=23
num_cat=19
split_feature=0 0 3 0 0 4 0 5 0 0 0 3 5 2 3 3 2 2 5 0 1 3
split_gain=88.8018 72.6831 47.1483 38.661 29.1268 15.8092 15.3912 14.2317 14.432 13.327 12.8045 12.2725 10.916 10.5973 10.5613 8.43304 7.95551 7.53138 8.53315 10.608 8.17947 6.60869
threshold=0 1 2 3 4 5 6 5.8678824850335358 7 8 9 10 4.7317931335534196 11 12 13 14 15 4.166635176627655 16 17 18
decision_type=9 9 9 9 9 1 9 10 9 9 9 9 10 9 9 9 9 9 10 9 9 9
left_child=-1 10 3 13 11 9 -7 8 21 -5 -2 -4 -11 15 -8 -3 -13 -10 20 -20 -19 -6
right_child=1 2 4 5 7 6 14 -9 17 12 -12 16 -14 -15 -16 -17 -18 18 19 -21 -22 -23
leaf_value=655.25537483824962 -421.42905903418335 290.53336042207945 -201.03350558083326 -22.258369674865751 -128.12878243891049 -86.41177723976692 67.919936420861305 90.826860862794632 515.38682349553312 67.912930102714739 -153.44941994384101 -315.78777417552402 318.11206511614074 599.15174715060232 -32.548240839882766 63.373628477848612 -54.272416542526223 84.709962313544835 -15.804140054011331 81.564229610019424 -62.169878057422828 -32.29985371763496
leaf_weight=788 390 498 443 987 1185 1158 1352 726 112 1491 965 194 546 600 1498 852 2797 472 1093 1263 1879 1686
leaf_count=788 390 498 443 987 1185 1158 1352 726 112 1491 965 194 546 600 1498 852 2797 472 1093 1263 1879 1686
internal_value=-0.000330004 -0.000860512 -0.000200777 0.0022565 -0.00206373 0.000696337 -0.00115586 -0.000635382 -0.00120515 0.00315268 -0.0109126 -0.00554991 0.00521596 0.00784404 0.000628931 0.00551762 -0.00447303 0.000302732 1.43039e-05 0.00192748 -0.00190289 -0.00372268
internal_weight=22975 22187 20832 8982 11850 7032 4008 8416 7690 3024 1355 3434 2037 1950 2850 1350 2991 4819 4707 2356 2351 2871
internal_count=22975 22187 20832 8982 11850 7032 4008 8416 7690 3024 1355 3434 2037 1950 2850 1350 2991 4819 4707 2356 2351 2871
cat_boundaries=0 13 26 28 41 54 55 69 82 96 108 110 111 113 115 116 117 131 133 135
cat_threshold=2097152 101711872 637534416 2147483648 0 32 0 0 0 0 0 663648 327680 3221225484 0 0 0 256 0 0 1073741824 8 512 446693376 268435464 32 3499639248 74118 33865728 10748000 4097 1 32768 4096 0 0 72704 1024 0 2147486720 10627728 16777217 2191364 0 0 8912908 16777281 0 40960 536870912 8557825 83886080 2130688 2147483648 2 4096 3072 0 2105344 1572864 320 0 134283264 32768 16269312 553648128 16777857 2214593536 3 33554432 263168 1 0 151158848 4 0 81920 65536 16394 144 1048708 76579852 0 71696 0 2097152 9437184 536870912 0 268509184 4 67113283 1677721600 18907264 2147501056 3 1073741824 0 0 0 0 0 0 0 0 0 33554432 268435456 33685508 576 7 277872976 8450 3222798480 256 1 96 4112 48 4096 513 268435456 536870912 0 1024 33792 4194304 135168 2147483664 8705 4 537150560 226 168167942 281153
is_linear=0
shrinkage=0.045


Tree=48
num_leaves=23
num_cat=20
split_feature=2 0 0 5 0 2 2 0 3 3 0 4 0 0 5 3 3 1 2 0 0 3
split_gain=83.1557 86.9062 55.4101 34.566 28.0259 23.0465 19.7023 18.7131 18.3972 16.7642 14.9824 12.8147 15.6935 15.4536 11.6946 11.2464 10.2134 10.1523 10.6863 10.4685 10.0994 9.38979
threshold=0 1 2 4.9308638091439496 3 4 5 6 7 8 9 10 11 12 3.4498615536424366 13 14 15 16 17 18 19
decision_type=9 9 9 10 9 9 9 9 9 9 9 1 9 9 10 9 9 9 9 9 9 9
left_child=2 6 20 4 21 -6 10 -5 -7 -4 -2 13 -13 -10 -15 -14 -9 -11 -19 -20 -1 -3
right_child=1 3 9 7 5 8 -8 16 11 17 -12 12 15 14 -16 -17 -18 18 19 -21 -22 -23
leaf_value=-417.64715837669246 16.185206772341843 -52.277693557867096 41.791776474896032 -4.9718260666060452 645.23110221381364 -80.553670328173979 937.14526286178864 -33.891061794311973 -7.4651763141336591 -138.1972639024801 262.59032456750617 -81.953999134062173 89.067072662555688 16.483254482484298 232.5837770623022 -18.322724172524211 167.63954042649505 -5.0229202102485937 -368.40673394640305 -66.96753781052854 -188.30457198342393 -139.84306898636569
leaf_weight=466 663 1113 1159 1511 220 1801 811 251 1572 855 830 1592 787 606 1024 1206 2237 1513 283 580 871 1024
leaf_count=466 663 1113 1159 1511 220 1801 811 251 1572 855 830 1592 787 606 1024 1206 2237 1513 283 580 871 1024
internal_value=-0.000345672 0.00121495 -0.0050379 -4.21236e-05 -0.00135037 -0.00022449 0.00932642 0.00353724 -0.000601744 -0.0025761 0.00614452 0.000473231 -0.00137371 0.00254213 0.00559074 0.00129052 0.005922 -0.00423913 -0.00269472 -0.00666 -0.0130263 -0.00595742
internal_weight=22975 17248 5727 14944 10945 8808 2304 3999 8588 4390 1493 6787 3585 3202 1630 1993 2488 3231 2376 863 1337 2137
internal_count=22975 17248 5727 14944 10945 8808 2304 3999 8588 4390 1493 6787 3585 3202 1630 1993 2488 3231 2376 863 1337 2137
cat_boundaries=0 1 14 27 41 42 43 56 58 60 73 74 88 101 103 105 107 108 120 132 134
cat_threshold=3 44335104 101842944 570425536 2147483669 0 33554464 0 0 0 0 0 2148151136 10747904 3221258240 4100 0 0 134217984 0 0 65536 536870912 20480 83886080 268472576 2148566064 4108 0 0 0 8 69 128 1208074240 536870920 67141633 446693376 2097152 2148532224 3 32 4 4096 2111536 1 0 421003264 0 512 8192 536904708 135179 503316480 32784 1026 119939844 35400 1421617208 42018 262144 131072 0 0 0 0 0 0 0 0 0 2148008960 10485760 2 0 8388660 0 2138112 404357120 1024 0 0 66560 15209472 16777216 1048581 67144200 4 0 97300 1 0 134217984 536870912 0 268443648 4 135490 1157627904 16810004 67158024 273679378 16546 587401228 50 529426 2564 2 0 0 0 0 0 0 0 0 0 0 128 3712 1073741824 4096 0 0 256 0 0 65536 0 0 16777216 268435456 3767042288 192900
is_linear=0
shrinkage=0.045


Tree=49
num_leaves=23
num_cat=20
split_feature=0 0 2 3 0 4 0 3 0 3 0 0 0 4 5 3 2 0 0 0 5 0
split_gain=77.8511 67.7748 42.7633 27.8834 26.6127 24.4735 22.2377 18.44 14.0516 13.2641 13.1748 12.0677 11.0564 10.8997 11.5474 10.1347 9.41258 8.73194 8.22059 7.84852 7.19243 7.23446
threshold=0 1 2 3 4 5 6 7 8 9 10 11 12 13 3.4498615536424366 14 15 16 17 18 6.4052270920020655 19
decision_type=9 9 9 9 9 1 9 9 9 9 9 9 9 1 10 9 9 9 9 9 10 9
left_child=16 10 3 12 -4 11 13 -6 -8 19 -2 -5 -3 20 -15 -9 -1 -11 -17 -10 21 -7
right_child=1 2 4 5 7 6 8 15 9 17 -12 -13 -14 14 -16 18 -18 -19 -20 -21 -22 -23
leaf_value=226.24865761971989 -384.07562925069396 -161.14585547039079 560.19998491410729 61.439619161260254 284.87015390072185 -141.07901100312003 -79.372631266714379 -115.16652797466355 -43.509880998645528 107.34466785502183 -134.03336715409159 -311.34660118433044 -59.838086440635159 -26.793074793491432 415.49388872754713 -17.347059496292495 1238.2831173030988 7.2597258575692099 94.080695810225947 -2.9950990103415824 656.85487676086507 35.412104995848892
leaf_weight=577 390 1021 579 114 844 162 1653 214 2475 778 1059 426 1271 209 477 1125 331 3601 1719 2397 64 1489
leaf_count=577 390 1021 579 114 844 162 1653 214 2475 778 1059 426 1271 209 477 1125 331 3601 1719 2397 64 1489
internal_value=-0.000402468 -0.000936523 -0.000272661 -0.00135287 0.00361062 -0.000589413 -0.000207973 0.00225345 -0.00107182 -0.000386214 -0.0103029 -0.0099631 -0.0059375 0.00370182 0.00850291 0.000615635 0.0124239 0.00140913 0.00133929 -0.00199939 0.00179528 0.00121143
internal_weight=22975 22067 20618 16137 4481 13845 13305 3902 10904 9251 1449 540 2292 2401 686 3058 908 4379 2844 4872 1715 1651
internal_count=22975 22067 20618 16137 4481 13845 13305 3902 10904 9251 1449 540 2292 2401 686 3058 908 4379 2844 4872 1715 1651
cat_boundaries=0 13 26 27 29 43 44 57 59 73 75 87 100 114 115 117 118 131 143 156 169
cat_threshold=2097152 2249195520 570425552 2147483664 1073741824 2080 0 0 0 0 0 663648 462848 3221225484 0 0 0 16777472 64 0 1073741824 8 67109376 446693376 268435464 32 7 235274244 2624 33816576 0 1 0 8388608 0 0 0 1024 524288 0 2147484672 8438276 4 1 41992192 1082261504 3288338432 69 16900 1024 64 0 0 3221749760 40 3328 8397456 1048720 65542 4198464 66564 0 268443648 524296 16777217 0 268436480 4 185411 1157627904 19955712 1024 2 557972994 480281 1073741824 0 0 0 0 0 0 0 0 0 33554432 268435456 0 0 0 0 0 0 0 0 0 0 4240 2147484672 1 0 13312 0 0 8519680 0 0 73728 536870912 8425480 16777344 2816 2147483660 4 4 369492228 262144 7 0 2359296 0 0 269484032 33554432 0 32768 36864 4194304 4224 2147484160 1 0 2103316 0 0 1048576 0 0 65536 98308 4098 0 18907152 0 19140608 1 0 412090432 570429696 128 40960 536903680 8388864 4224 2147483668 2147502081 0 0 0 0 0 0 0 0 0 524288 0 0 512
is_linear=0
shrinkage=0.045


Tree=50
num_leaves=23
num_cat=19
split_feature=0 0 3 0 0 5 0 2 0 3 0 4 3 0 2 3 2 3 5 1 4 5
split_gain=72.2698 62.4287 39.1595 30.4935 23.1271 16.1653 15.0146 14.6678 13.0488 11.2298 11.0129 10.8732 9.90758 9.29557 8.84695 8.73082 8.65061 8.34009 8.31164 8.27443 7.31811 8.70337
threshold=0 1 2 3 4 5.6507317092149298 5 6 7 8 9 10 11 12 13 14 15 16 4.0163424379838117 17 18 3.4175922930736511
decision_type=9 9 9 9 9 10 9 9 9 9 9 1 9 9 9 9 9 9 8 9 1 10
left_child=14 6 3 20 9 7 -2 10 -5 -4 17 -10 -13 -9 -1 -8 -11 -6 -18 -7 21 -3
right_child=1 2 4 8 5 19 15 13 11 16 -12 12 -14 -15 -16 -17 18 -19 -20 -21 -22 -23
leaf_value=230.6623181979449 -366.79222593441284 57.671903504532452 -141.23269991853175 -74.735950115678023 -131.47155016309972 -3.2318079443825809 -212.88014489903344 303.02708580231968 115.49476074715146 -139.92628390224365 -8.1705397657720464 76.147476814087383 -34.1233240508151 21.338704021600932 1182.0136988827721 -100.10913534464791 -82.070739714705738 -39.551436939096966 -0.91952078519043423 149.9099823314279 126.45440233175391 473.19037823910821
leaf_weight=573 390 148 584 887 1120 424 336 329 1724 717 4224 947 1497 1335 348 827 985 1775 1467 691 1046 601
leaf_count=573 390 148 584 887 1120 424 336 329 1724 717 4224 947 1497 1335 348 827 985 1775 1467 691 1046 601
internal_value=-0.000378966 -0.000897308 -0.000235826 0.00253789 -0.00162867 -0.000485873 -0.0095607 -0.0011346 0.000741563 -0.00463147 -0.00202251 0.00179785 -0.000128782 0.00265811 0.0118891 -0.00683617 -0.0035437 -0.00415635 -0.00224635 0.0046128 0.00755811 0.0109953
internal_weight=22975 22054 20501 6850 13651 9898 1553 8783 5055 3753 7119 4168 2444 1664 921 1163 3169 2895 2452 1115 1795 749
internal_count=22975 22054 20501 6850 13651 9898 1553 8783 5055 3753 7119 4168 2444 1664 921 1163 3169 2895 2452 1115 1795 749
cat_boundaries=0 13 26 28 41 55 67 68 82 84 98 99 101 114 115 117 118 120 122 123
cat_threshold=2097152 2249195520 570425552 2147487760 65536 2048 0 0 134217728 0 0 663648 462848 3221225484 0 0 0 256 16777792 0 1073741824 8 67109632 446693376 268435464 1048608 3231187408 73990 33587200 2117664 1 0 268468224 1024 0 0 70656 1074398208 4112 2147486720 10510868 16777216 88068 0 0 277348356 1 128 40960 536936448 8572931 1157627904 2132224 2147483648 16 1073741824 0 0 0 0 0 0 0 0 0 33554432 268435456 71 4198400 2048 0 2105344 17842176 0 0 402735104 4 16449 1157693440 16777861 1026 2 33947652 2624 37748736 17048576 1 0 163912 536870916 0 65536 4100 8 536871056 1049092 75548172 4 2 1048848 8192 262144 16777216 1 0 0 0 0 0 1028 0 0 2147484672 516 7 50758146 19032 3 235276804 313968 540752 1120 2
is_linear=0
shrinkage=0.045


Tree=51
num_leaves=23
num_cat=20
split_feature=2 0 0 5 0 3 0 3 3 2 5 0 3 3 0 1 2 3 0 0 1 0
split_gain=69.6516 72.4879 52.3442 33.492 30.2589 19.8605 17.6313 15.7188 14.4108 13.6641 13.6476 13.3824 12.4881 12.2377 9.56054 8.92005 10.4543 8.15565 7.762 7.69401 7.62582 6.47846
threshold=0 1 2 5.3351284364833438 3 4 5 6 7 8 4.8481086751891054 9 10 11 12 13 14 15 16 17 18 19
decision_type=9 9 9 10 9 9 9 9 9 9 10 9 9 9 9 9 9 9 9 9 9 9
left_child=2 10 19 4 12 6 -6 15 21 -7 17 13 -3 -11 -9 -4 -17 -2 -10 -1 -13 -5
right_child=1 3 7 8 5 9 -8 14 18 11 -12 20 -14 -15 -16 16 -18 -19 -20 -21 -22 -23
leaf_value=-384.79078148691872 24.967283386262643 -159.73424582249325 -138.4090226158244 -49.803603863328988 166.55847417523694 259.56566967543125 13.133737259426233 89.449800743846481 305.21629118932088 -88.070919751426317 809.50989523798023 265.26391901335137 -52.785497595450359 -9.5531057266769484 -33.289129735568274 5.6579934988585592 -178.81647350811036 315.35765476782109 78.168982158675547 -232.30167831585516 -5.3490972035563384 39.206836396180933
leaf_weight=318 325 527 914 246 1062 269 1915 690 709 1270 612 248 2351 1249 1551 877 560 741 952 817 3968 804
leaf_count=318 325 527 914 246 1062 269 1915 690 709 1270 612 248 2351 1249 1551 877 560 741 952 817 3968 804
internal_value=-0.000375049 0.0010533 -0.00466937 9.24143e-05 -0.00086599 0.000308466 0.00337989 -0.00251195 0.00463601 -0.00100057 0.00990533 -0.00140396 -0.00492042 -0.00399151 0.000189747 -0.00507512 -0.00281056 0.00686798 0.00722206 -0.0132803 0.000149007 0.000466102
internal_weight=22975 17248 5727 15570 12859 9981 2977 4592 2711 7004 1678 6735 2878 2519 2241 2351 1437 1066 1661 1135 4216 1050
internal_count=22975 17248 5727 15570 12859 9981 2977 4592 2711 7004 1678 6735 2878 2519 2241 2351 1437 1066 1661 1135 4216 1050
cat_boundaries=0 1 14 27 41 43 56 58 60 61 75 77 79 91 93 94 96 110 122 124 136
cat_threshold=3 44335104 2249326592 570425536 2147483664 0 33556480 0 0 0 0 0 667488 9052160 1073774592 4100 0 0 134217984 0 0 65536 536870912 20480 83886080 268472576 2148566048 12 262148 0 8192 557064 69 128 1073856512 536870924 75530241 1520435200 0 2148532224 2 2149058704 458774 0 27275296 4097 4 268435776 1024 0 0 37888 136448 0 2147483664 2704 721851910 285380 596060716 96296 96 16777217 18955296 1 512 268435776 4096 0 8192 65536 136450 67108864 3145744 69238784 20 67512834 264816 264700164 27272 0 0 1610612736 4 131072 0 0 0 0 1073741832 4112 2147484672 5148 2566 2 145163780 6664 0 266240 0 0 32768 0 0 65536 0 524288 0 2147483648 2147533336 5 1073741824 0 0 0 256 0 0 0 0 0 0 268435456 100 128 0 12320 1 0 134217728 0 0 8192 536870912 8 0 1048576
is_linear=0
shrinkage=0.045


Tree=52
num_leaves=23
num_cat=20
split_feature=2 0 0 5 0 0 3 2 0 3 3 3 3 3 0 0 2 2 3 0 2 5
split_gain=63.8649 65.103 50.4577 30.0338 22.0801 18.5819 18.404 17.5006 13.4151 14.1897 12.9085 12.7982 11.3324 10.2171 9.1342 8.82465 8.69454 8.49109 7.95846 7.36724 7.2512 7.08057
threshold=0 1 2 4.5900436644025815 3 4 5 6 7 8 9 10 11 12 13 14 15 16 17 18 19 5.8391860522696701
decision_type=9 9 9 10 9 9 9 9 9 9 9 9 9 9 9 9 9 9 9 9 9 10
left_child=2 6 15 4 13 18 20 -6 12 -10 19 17 -4 -3 -12 -1 -8 -7 -5 -9 -2 -19
right_child=1 3 8 5 7 11 16 10 9 -11 14 -13 -14 -15 -16 -17 -18 21 -20 -21 -22 -23
leaf_value=-367.47519632000746 -12.481246787690543 -29.797629142667702 147.37130211706307 33.015990403950198 610.2253487806255 445.74029736796859 240.81913424412863 -79.748681449782666 -8.8461683621781226 -134.99591904146484 -42.744891564917523 15.088963246422427 -14.788171883554604 -128.31769686032908 37.899945022696848 -179.75976676281761 871.01427161758988 64.428343365718533 -41.527057946388013 -14.402787912575986 579.89313916868343 219.80672924070191
leaf_weight=430 557 978 468 787 202 448 961 1450 1250 1652 1317 1541 1222 1224 2908 705 574 1390 978 1206 280 447
leaf_count=430 557 978 468 787 202 448 961 1450 1250 1652 1317 1541 1222 1224 2908 705 574 1390 978 1206 280 447
internal_value=-0.000400509 0.000967265 -0.00451255 -0.000139038 -0.00170803 0.00246603 0.00787122 -0.000478858 -0.00239466 -0.00424674 -0.000871536 0.00422095 0.000793184 -0.00563008 0.000674416 -0.0129664 0.0108064 0.00635721 -0.00135481 -0.00332271 0.00241166 0.00492834
internal_weight=22975 17248 5727 14876 9285 5591 2372 7083 4592 2902 6881 3826 1690 2202 4225 1135 1535 2285 1765 2656 837 1837
internal_count=22975 17248 5727 14876 9285 5591 2372 7083 4592 2902 6881 3826 1690 2202 4225 1135 1535 2285 1765 2656 837 1837
cat_boundaries=0 1 14 27 41 55 57 58 71 73 75 77 79 81 95 108 109 110 112 126 127
cat_threshold=3 44351488 101842944 570425536 2147483664 65536 0 0 0 0 0 0 2148149216 9052288 1073774592 4100 0 0 134217984 0 0 65536 536870912 20480 83886080 268472576 2148566048 12 264196 1 0 524296 68 128 114688 8 75530497 513802240 2097152 2148548608 2 0 2109488 0 0 294649856 536871232 0 8192 536908804 135234 503382016 2129936 2 2 1269273124 35416 32 196608 131072 1610612736 133 4 0 0 0 134217728 1073741840 135224 2147484672 1 1155102776 204824 1608988420 36393 1213777106 279436 2225873012 139810 3758723216 110980 0 2163728 4096 40960 269615104 536873984 512 1476395008 536936448 3670018 1610612736 17858560 67141632 1 1073741824 0 0 0 256 0 0 65536 0 4096 16777216 268435456 1024 4 16 3381933424 327700 16 1090532384 0 2097152 134217984 0 0 8192 536870916 152586 16777216 1048596 67141640 5 4
is_linear=0
shrinkage=0.045


Tree=53
num_leaves=23
num_cat=21
split_feature=0 4 3 0 0 0 0 3 2 3 2 5 4 3 3 0 0 2 1 0 2 0
split_gain=61.6934 54.7296 38.8019 40.1546 24.2986 21.9243 20.6315 13.65 12.767 11.0442 10.1826 9.68237 9.1436 11.0341 9.47755 9.11562 9.05409 8.32008 8.00973 7.97541 7.74322 7.65861
threshold=0 1 2 3 4 5 6 7 8 9 10 5.8847132099692177 11 12 13 14 15 16 17 18 19 20
decision_type=9 1 9 9 9 9 9 9 9 9 9 10 1 9 9 9 9 9 9 9 9 9
left_child=20 6 4 9 17 -5 -2 15 -7 -4 -8 16 13 19 -14 -6 -9 -3 -16 -10 -1 -15
right_child=1 2 3 5 7 8 10 11 12 -11 -12 -13 14 21 18 -17 -18 -19 -20 -21 -22 -23
leaf_value=224.04371469502766 94.215129592841876 -275.50710676605269 360.23836268651638 -101.3167008815139 11.076014774058349 121.9675251276276 -379.51508287198828 -45.807700744844695 -79.02804852818997 103.75146827342381 -207.20224639379273 65.45828058419319 -215.63254248485521 -78.588632735725369 154.72664189147844 -184.15641630448258 5.3454395801227657 -71.725422373362235 22.862322135938374 -24.305711674582415 1075.9830238873908 41.868442036825435
leaf_weight=489 129 447 893 1309 217 1471 396 2455 735 1695 471 619 108 447 630 611 3406 1601 1589 1343 313 1601
leaf_count=489 129 447 893 1309 217 1471 396 2455 735 1695 471 619 108 447 630 611 3406 1601 1589 1343 313 1601
internal_value=-0.000392675 -0.000838742 -0.00035377 0.00135955 -0.00251708 -3.16387e-05 -0.0111373 -0.00129713 0.000861895 0.0063 -0.013541 -0.000596118 -3.48028e-06 -0.00127544 0.00225097 -0.00669643 -0.0011628 -0.00683738 0.00289444 -0.00357416 0.0117752 0.00107039
internal_weight=22975 22173 21177 11821 9356 9233 996 7308 7924 2588 867 6480 6453 4126 2327 828 5861 2048 2219 2078 802 2048
internal_count=22975 22173 21177 11821 9356 9233 996 7308 7924 2588 867 6480 6453 4126 2327 828 5861 2048 2219 2078 802 2048
cat_boundaries=0 13 14 16 30 43 57 70 71 72 74 75 76 78 80 93 106 107 109 123 124 137
cat_threshold=2097152 101711872 301990096 2147487760 0 0 0 0 134217728 0 32 663648 196608 1 258416134 171609 33849344 2359328 536870912 1 98372 7168 256 0 1024 1073742848 4096 2147485440 10496656 16 3221225480 2101252 0 0 268435784 69 0 32768 536936448 8557824 503316480 35072 2147483680 3221225540 67600 0 8192 16777216 0 640 1342242816 12 16961 1939865600 2097153 1048576 2 0 0 0 0 0 0 0 0 0 0 4112 2147484672 1 33947652 48 3222798544 290 1 4 2684936192 65956 0 16384 32768 0 0 0 134217728 0 0 0 0 1073741824 0 2147485200 32768 37748753 271360 1 129 159940608 0 0 1073808384 0 16386 8388736 2149580804 36364 3 1610629220 8 0 25165828 1 0 524288 536870912 0 134217728 536872960 14159872 201326592 17825792 2147501064 1 7 0 9216 0 2097152 134742272 0 0 134242304 4096 2097152 0 1081476 67108865
is_linear=0
shrinkage=0.045


Tree=54
num_leaves=23
num_cat=20
split_feature=2 0 0 5 0 4 0 3 3 3 0 1 3 4 0 3 0 0 0 5 4 1
split_gain=60.5574 60.7686 49.2591 28.3885 27.4737 18.5533 17.8035 15.1505 13.5761 11.7708 10.9301 10.7686 9.97318 9.5897 9.18634 8.8327 8.11022 7.81984 7.21634 7.84183 6.61275 6.17183
threshold=0 1 2 4.0517471391904856 3 4 5 6 7 8 9 10 11 12 13 14 15 16 17 5.5432204948189954 18 19
decision_type=9 9 9 10 9 1 9 9 9 9 9 9 9 1 9 9 9 9 9 10 1 9
left_child=1 14 -2 6 5 -5 13 17 -4 -8 -9 -11 -7 -3 -1 -10 -17 -6 19 -14 -13 -12
right_child=2 3 8 4 7 12 9 10 15 11 21 20 18 -15 -16 16 -18 -19 -20 -21 -22 -23
leaf_value=-305.14691860243926 698.29860917975907 -49.606866701519024 249.73361626468335 498.62783015638956 -10.539284811354227 143.58831455800521 -90.500125878015652 -71.483219286067609 -103.23200168429594 90.153610101611719 54.993459444466275 -235.5669909238139 -135.88473545349899 -177.17959696941477 -133.65083627152598 -23.450441810802694 59.848966168750593 62.440804527118956 98.072209106693066 127.82537922840514 -19.522074893283932 -20.161971082424696
leaf_weight=502 922 818 891 485 1328 559 1658 1473 216 712 577 144 312 1098 747 1038 1944 1970 462 105 2466 2548
leaf_count=502 922 818 891 485 1328 559 1658 1473 216 712 577 144 312 1098 747 1038 1944 1970 462 105 2466 2548
internal_value=-0.000404426 -0.00162467 0.00396426 -0.000905273 0.000648356 0.00545349 -0.0031183 -0.000529211 0.00182699 -0.0016857 -0.00219631 -0.000134973 0.00290625 -0.00679201 -0.0111519 0.000448598 0.00109719 0.00179456 -0.000126263 -0.00435315 -0.00147597 -0.000681383
internal_weight=22975 17964 5011 16715 9819 1923 6896 7896 4089 4980 4598 3322 1438 1916 1249 3198 2982 3298 879 417 2610 3125
internal_count=22975 17964 5011 16715 9819 1923 6896 7896 4089 4980 4598 3322 1438 1916 1249 3198 2982 3298 879 417 2610 3125
cat_boundaries=0 1 14 28 41 42 56 58 60 62 74 76 78 79 91 93 106 120 133 134 136
cat_threshold=7 1077936140 66564 0 0 264 64 0 0 12 579 310378496 270565376 32 35913728 67108864 129 2147484160 8388864 64 0 0 536871936 524288 0 2148148320 49668 4 44400656 109051904 536875008 16 0 7168 128 134217728 0 1081606144 65568 1024 1073936 2 33554432 4096 4097 0 524292 0 0 134299648 0 76583168 757071888 260 2215658752 3 4036504026 263572 1048720 65542 723911182 55872 2147483648 19005440 1 0 2290089984 570425601 0 9216 32768 135168 134221952 1049488 1103200 65600 542118960 287368 2 1073741824 4 0 0 0 64 0 0 0 2 41943040 268435456 369492228 262144 0 2103316 0 0 17825792 0 0 0 98304 4098 436207616 18907136 2147483648 0 262144 0 2097152 277348352 256 0 73728 536870912 8405256 16777216 1050773 2214593536 6 2359312 8388608 4096 0 0 0 0 0 0 4718592 0 0 8720 1 2147483744 74156
is_linear=0
shrinkage=0.045


Tree=55
num_leaves=23
num_cat=20
split_feature=0 4 3 0 0 0 0 3 5 2 5 0 2 0 0 3 2 0 2 2 0 2
split_gain=57.4339 52.3396 34.8391 30.5231 21.369 20.3672 19.2778 12.2276 11.3346 11.1585 10.7938 9.62503 9.51594 8.63566 8.38188 7.48087 7.43915 7.99629 7.38205 7.38013 6.88557 6.8719
threshold=0 1 2 3 4 5 6 7 5.0657496176235997 8 5.3351284364833438 9 10 11 12 13 14 15 16 17 18 19
decision_type=9 1 9 9 9 9 9 9 10 9 10 9 9 9 9 9 9 9 9 9 9 9
left_child=9 6 4 7 15 -5 -2 -4 11 -1 13 19 -8 18 -12 -3 17 -9 -7 -6 -10 -13
right_child=1 2 3 5 8 10 12 16 20 -11 14 21 -14 -15 -16 -17 -18 -19 -20 -21 -22 -23
leaf_value=187.95773754479043 93.192193629037178 -66.105960042724817 371.63151347849254 -103.49800430381656 -193.27708706161201 -256.37997191748258 -353.78755282501317 -31.195208326174761 -18.264490897668729 1028.5462411564292 242.80414995677387 -170.84178638818844 -193.8823527925646 15.512467320540326 32.411629123519738 -143.02860142727852 290.98733838581694 99.164761215401342 -28.48911857468336 -48.720271936038841 64.00029609088655 3.8305962740944595
leaf_weight=562 129 1164 717 1264 370 113 394 577 677 304 567 328 469 4978 1023 841 486 810 1744 1922 879 2657
leaf_count=562 129 1164 717 1264 370 113 394 577 677 304 567 328 469 4978 1023 841 486 810 1744 1922 879 2657
internal_value=-0.000371132 -0.000818792 -0.000344121 0.00120637 -0.00249661 4.40676e-05 -0.0109105 0.0055342 -0.00129182 0.0109169 0.000845383 -0.00228879 -0.0132429 6.91093e-05 0.00418342 -0.0065704 0.00356897 0.00184954 -0.00254013 -0.00447266 0.00207959 -0.000593093
internal_weight=22975 22109 21117 12279 8838 9689 992 2590 6833 866 8425 5277 863 6835 1590 2005 1873 1387 1857 2292 1556 2985
internal_count=22975 22109 21117 12279 8838 9689 992 2590 6833 866 8425 5277 863 6835 1590 2005 1873 1387 1857 2292 1556 2985
cat_boundaries=0 13 14 16 29 42 56 69 71 72 86 87 101 114 116 117 130 131 132 146 147
cat_threshold=2097152 101711872 1107296464 4112 0 0 0 0 134217728 16 0 663648 458880 1 254221830 401001 33865729 8650784 536875008 1 32772 6144 0 0 1024 1073744896 0 2147485440 10496528 3254779913 2359296 0 0 8913224 68 0 32768 536870912 8426752 436207760 33024 1056 1073745988 65552 0 8192 17825792 256 128 1476403200 12 16896 329252864 36864 68157440 2 0 0 0 0 0 0 0 0 0 0 4112 2147484672 1 2149056720 256 7 16814080 16790532 67112961 0 4 1024 0 81920 0 4341770 2097152 2097152 2147519006 1 1 4194312 3076 0 2097152 2148024576 50331713 0 81920 0 67108865 1275068416 2097153 2147533824 5 0 5120 0 0 524288 1024 0 0 0 4718592 134217728 1048580 2147532812 220207616 136232 7 262144 0 0 0 0 0 0 0 1024 0 0 2147484672 2048 2 2 0 12320 1 0 134250496 0 0 8192 0 8 135168 2148532736 5 2 1
is_linear=0
shrinkage=0.045


Tree=56
num_leaves=23
num_cat=19
split_feature=4 0 2 0 0 3 0 3 0 5 4 0 0 5 0 5 3 3 2 3 4 3
split_gain=55.1015 53.7503 33.9295 30.6743 21.3986 20.848 17.8467 17.1097 14.3438 13.4178 14.2127 19.0631 13.1696 11.5773 11.566 11.1027 11.0379 9.984 9.95242 9.17322 9.11148 9.00185
threshold=0 1 2 3 4 5 6 7 8 3.4811217321331038 9 10 11 5.8847132099692177 12 5.5032948732385458 13 14 15 16 17 18
decision_type=1 9 9 9 9 9 9 9 9 8 1 9 9 10 9 10 9 9 9 9 1 9
left_child=6 8 3 17 16 20 -1 -6 -2 14 12 -12 13 -11 -7 -10 -4 -3 -8 -13 -5 -14
right_child=1 2 4 5 7 9 18 -9 15 10 11 19 21 -15 -16 -17 -18 -19 -20 -21 -22 -23
leaf_value=88.998544915730449 955.06740307931966 -221.45649735692677 81.149417331678464 -106.38654080920303 13.910920481109132 -117.39369815900118 -338.05734907319726 340.91923139304242 111.72397838013886 -73.683137925075727 218.85921592243344 74.955114752234394 -25.553998773083293 56.338869008492928 -11.888859845235475 917.588136041491 -33.39092713121623 -99.719522181477615 -183.32531282153613 -34.39829388987593 11.661119979226896 29.406531766442729
leaf_weight=129 322 455 812 1580 818 900 397 1610 756 1642 899 1082 1684 282 1472 148 1335 1059 478 1001 420 3694
leaf_count=129 322 455 812 1580 818 900 397 1610 756 1642 899 1082 1684 282 1472 148 1335 1059 478 1001 420 3694
internal_value=-0.00034763 0.000123902 -0.000419497 -0.00138765 0.00299706 -0.000754704 -0.0106461 0.0058832 0.00923263 -7.81497e-05 0.000625608 0.00324229 -0.000443593 -0.00362603 -0.00312763 0.00614083 -0.00028138 -0.00746068 -0.0128608 0.000848449 -0.00500994 0.000701299
internal_weight=22975 21971 20745 16170 4575 14656 1004 2428 1226 12656 10284 2982 7302 1924 2372 904 2147 1514 875 2083 2000 5378
internal_count=22975 21971 20745 16170 4575 14656 1004 2428 1226 12656 10284 2982 7302 1924 2372 904 2147 1514 875 2083 2000 5378
cat_boundaries=0 1 14 15 29 42 44 57 59 71 72 86 99 113 115 117 118 120 121 123
cat_threshold=1 2129920 101711872 3791651024 4176 0 0 0 0 134217728 1073743872 0 663648 69632 7 1077936136 66564 0 512 264 65 0 1024 4 67109443 446693376 271613952 32 2 0 2194452 0 0 18350080 0 0 268500992 98308 6296578 436207616 18907160 2147483648 235274244 2560 0 0 0 0 0 0 0 0 0 0 4112 2147484672 1 1124540166 348184 0 33554432 33554512 0 0 0 0 0 0 0 0 532576 4 0 8388608 0 2097152 524288 1024 0 0 33792 15208448 0 260 2214634004 1 2147487744 8388608 1 2105472 134742016 256 512 134217728 536903808 6329344 16777216 16777237 2214595202 33554432 4096 0 0 1572864 536871936 0 73728 1024 9998336 83886080 1028 2214626324 1 8399536 69684 191234054 264904 1 3232236784 131284 4 556368898 197653
is_linear=0
shrinkage=0.045


Tree=57
num_leaves=23
num_cat=20
split_feature=0 0 5 2 0 3 0 0 4 3 4 5 0 0 3 0 0 4 3 0 0 4
split_gain=52.797 48.7791 33.541 27.1383 24.7603 23.3789 20.3191 17.0013 18.046 15.708 13.4739 15.3381 12.7382 11.1976 9.23102 8.25456 8.22318 7.07934 6.43528 11.3393 6.88056 6.33217
threshold=0 1 4.5900436644025815 2 3 4 5 6 7 8 9 5.7446031891748186 10 11 12 13 14 15 16 17 18 19
decision_type=9 9 10 9 9 9 9 9 1 9 1 10 9 9 9 9 9 1 9 9 9 1
left_child=-1 -2 3 -3 10 6 17 -7 -9 13 16 14 -10 21 -12 -11 -4 -5 19 -14 -20 -6
right_child=1 2 4 5 9 7 -8 8 12 15 11 -13 18 -15 -16 -17 -18 -19 20 -21 -22 -23
leaf_value=619.37243292205937 -279.02416768520914 361.82511840981971 211.82845241773859 -83.919985379424105 -288.67922778056032 -110.97819527829793 -36.206495718654111 -227.19789973312149 80.660561162895789 -52.306229297030768 -73.928453458485905 228.43957487088028 181.34943413542757 77.0812153031343 67.804632772533807 6.5388173544340678 657.8325195580536 -194.20693147185685 -56.448872828206291 -4.0265452580950294 -3.1811562334500558 -0.30257472954875991
leaf_weight=510 503 347 298 363 55 1427 1923 347 1629 1677 452 578 459 1745 765 1225 460 956 1569 1688 2819 1180
leaf_count=510 503 347 298 363 55 1427 1923 347 1629 1677 452 578 459 1745 765 1225 460 956 1569 1688 2819 1180
internal_value=-0.000355464 -0.000683699 -0.000362474 -0.00175124 0.00186411 -0.00208081 -0.00539336 -0.000994975 -0.000229673 0.000251951 0.00555263 0.00344324 0.000198384 0.00254178 0.00057219 -0.00210021 0.0105987 -0.00968633 -0.000690774 0.00132353 -0.00167727 -0.000739775
internal_weight=22975 22465 21962 13527 8435 13180 3242 9938 8511 5882 2553 1795 8164 2980 1217 2902 758 1319 6535 2147 4388 1235
internal_count=22975 22465 21962 13527 8435 13180 3242 9938 8511 5882 2553 1795 8164 2980 1217 2902 758 1319 6535 2147 4388 1235
cat_boundaries=0 13 25 26 40 42 56 70 71 73 74 87 101 103 117 130 131 133 146 160 161
cat_threshold=0 101711872 33554640 0 0 0 0 0 0 0 0 532576 65536 1073741836 0 0 0 0 0 0 0 0 512 41943040 268435464 32 35946496 8652800 1073745920 2097152 32768 5120 0 0 0 1080593408 0 1024 2214646424 1 237372934 265792 2147516416 0 0 0 8913156 1024 0 98304 0 8426762 402653184 1084164 2147516472 5 2097232 65540 0 8192 256 68 128 1476411392 8 32771 1562378240 2129920 2148548608 2 1 3635948496 328116 2 25214976 8519680 3825205248 5 8519684 0 0 0 5120 1073742848 131120 2816 2240562 4096 16 1 0 9437440 536870976 0 73728 536871940 16456 486539264 2098052 1024 4 2173586944 67620 0 2110496 0 0 427819264 33554688 0 8192 536903680 2 268435584 2148565632 5 2 0 0 0 0 32768 0 0 0 0 0 0 0 8 2 2684881136 6 0 16789536 0 0 268435456 0 0 0 32768 4096 0 2147484816 8388609 65537 18882672 4097 2097152 268959744 0 0 98304 536936448 135424 0 2147487764 75498500 17 1
is_linear=0
shrinkage=0.045


Tree=58
num_leaves=23
num_cat=18
split_feature=2 0 0 5 2 2 3 0 0 3 3 5 3 0 4 0 3 5 1 5 0 3
split_gain=51.1905 56.6996 45.4841 31.9554 24.0858 21.6344 19.0243 18.592 14.39 12.3391 11.5552 11.3575 10.5796 9.97057 9.37771 8.38103 7.87434 7.25587 7.06485 7.04115 5.94089 5.72131
threshold=0 1 2 4.5900436644025815 3 4 5 6 7 8 9 5.6507317092149298 10 11 12 13 14 2.524928003624769 15 3.7256208424938388 16 17
decision_type=9 9 9 10 9 9 9 9 9 9 9 10 9 9 1 9 9 10 9 10 9 9
left_child=2 5 -1 4 17 12 13 21 -8 11 -4 20 19 -6 16 -10 -15 -3 -16 -2 -9 -5
right_child=1 3 10 7 6 -7 8 9 15 -11 -12 -13 -14 14 18 -17 -18 -19 -20 -21 -22 -23
leaf_value=-327.50320856844951 -106.40937120206519 22.872647098626985 -134.00856493560056 -87.589003697628826 4.0922028842547657 915.69553386876146 -103.24425797392298 -0.029107579871470078 -44.816618889805213 11.034412659899898 83.187812795713839 261.61638257797824 199.54271024491774 -117.7359623107602 -165.04330468166256 10.485300333167451 18.353583149722436 601.82474566936321 -61.050002678880702 73.518511310415889 143.2316411581786 -7.9469883729352295
leaf_weight=603 298 143 727 431 568 398 1250 668 1969 2751 433 832 924 506 1171 4538 523 203 800 456 1143 1640
leaf_count=603 298 143 727 431 568 398 1250 668 1969 2751 433 832 924 506 1171 4538 523 203 800 456 1143 1640
internal_value=-0.000328045 0.000286233 -0.00766901 -0.000481774 -0.00195258 0.00732759 -0.00231212 0.00181699 -0.00105709 0.00320477 -0.00238055 0.00539831 0.00500592 -0.00502793 -0.00606574 -0.000203636 -0.00259699 0.00955307 -0.00790294 0.000998695 0.00341285 -0.00180389
internal_weight=22975 21212 1763 19136 11671 2076 11325 7465 7757 5394 1160 2643 1678 3568 3000 6507 1029 346 1971 754 1811 2071
internal_count=22975 21212 1763 19136 11671 2076 11325 7465 7757 5394 1160 2643 1678 3568 3000 6507 1029 346 1971 754 1811 2071
cat_boundaries=0 1 14 27 28 29 31 44 58 60 62 64 78 79 92 94 96 110 112
cat_threshold=1 32768 101711872 3791651008 2147487825 0 0 0 0 0 1073741840 4272 667360 129 3221225472 0 0 0 4 0 0 0 0 0 0 268438400 16 32 6 522593836 3688 0 2105392 1 512 294649856 570425600 0 8192 536908804 147786 369098752 32768 1026 6291524 0 1 8192 0 68 128 268484608 536870920 67108867 1470103552 2097152 2148548608 3 3357042132 901 2181350940 153800 778277382 270017 2153775104 131152 0 2105472 1179648 536870912 0 1073750016 35840 1048576 0 2165313536 8192 2 2 2147483672 2099204 0 2097152 286802240 0 512 1073807360 65536 1606464 134217728 1085440 67141640 52691456 608 2304 77326 4096 8393728 0 2097152 134217984 0 0 65536 0 4198400 150994944 2097168 2147516420 3 33694756 25224
is_linear=0
shrinkage=0.045


Tree=59
num_leaves=23
num_cat=19
split_feature=0 4 2 0 0 3 0 0 0 5 3 5 2 0 3 4 0 5 3 3 0 0
split_gain=51.3933 45.7905 30.8382 28.9148 22.6364 18.2179 16.8136 16.3948 12.8963 11.9519 11.5779 11.2737 10.8556 9.94013 8.79979 8.13531 9.81625 7.83083 7.81109 6.62955 7.44598 7.24809
threshold=0 1 2 3 4 5 6 7 8 4.0517471391904856 9 5.5965666693001079 10 11 12 13 14 3.4498615536424366 15 16 17 18
decision_type=9 1 9 9 9 9 9 9 9 8 9 10 9 9 9 1 9 10 9 9 9 9
left_child=-1 6 3 -3 14 8 -2 11 -5 13 -6 15 -8 -9 -4 16 -7 -17 -14 21 -21 -11
right_child=1 2 4 5 10 7 12 9 -10 19 -12 -13 18 -15 -16 17 -18 -19 -20 20 -22 -23
leaf_value=713.86660671460152 94.498333582064362 -151.84795527216275 582.75615556707044 -103.18911710255972 -30.022907014998854 -74.930246027064911 -303.99638875068422 -115.49535930657959 -15.916651394939635 143.37469507455273 52.808408362808656 398.74587067249303 60.552269679831589 -19.071975338880836 164.48913140768099 -26.307284572904045 61.732045174385128 332.23416599362213 -245.11148001451687 -28.765414598658971 14.023832544422948 24.604623845041424
leaf_weight=398 107 1054 678 1397 1286 610 404 953 1558 446 2186 267 126 2860 508 190 749 440 365 1952 3028 1413
leaf_count=398 107 1054 678 1397 1286 610 404 953 1558 446 2186 267 126 2860 508 190 749 440 365 1952 3028 1413
internal_value=-0.000314336 -0.000600624 -0.000163716 -0.00105662 0.00307388 -0.000574016 -0.00999502 0.000156734 -0.00375379 -0.000582333 0.00122704 0.00363095 -0.0119322 -0.00260092 0.00841402 0.00247489 0.000512491 0.00669304 -0.00702286 0.000542684 -0.000315505 0.00282603
internal_weight=22975 22577 21575 16917 4658 15863 1002 12908 2955 10652 3472 2256 895 3813 1186 1989 1359 630 491 6839 4980 1859
internal_count=22975 22577 21575 16917 4658 15863 1002 12908 2955 10652 3472 2256 895 3813 1186 1989 1359 630 491 6839 4980 1859
cat_boundaries=0 13 14 15 28 42 44 57 70 84 86 87 101 103 104 117 119 121 135 149
cat_threshold=0 33554432 301990096 16 0 0 0 0 0 0 0 663648 65536 1 7 1077936136 66564 0 512 264 64 0 0 4 579 312475648 270565376 32 35946496 67108864 0 0 8388864 536870976 0 0 536871936 526344 16777216 2147484672 8448524 5 254216196 2625 2147483648 0 0 0 0 0 0 0 0 0 4112 2147483648 1 10584065 2225078272 3825205248 69 131076 1028 0 0 0 1074266112 65544 2304 8401552 2149580800 84029440 0 0 8519684 0 0 73728 536872960 8425736 134217856 6416 2147516940 4 3083256068 319896 1 33554432 0 4096 270532608 0 0 0 134217728 536870912 68190464 218103824 1028 2148533252 3 2832777296 24708 4 2162688 10485760 0 0 0 1024 0 0 0 524288 0 0 12944 131096 2048 3491234264 295168 2147745792 16908288 1 0 2558525952 587202817 0 24576 36864 135168 150994944 2148532353 3 7 0 17039360 0 0 268435456 0 0 0 1024 4325376 201326592 2147485184 32772 1
is_linear=0
shrinkage=0.045


Tree=60
num_leaves=23
num_cat=20
split_feature=2 4 5 0 0 3 0 0 0 3 0 3 3 3 2 0 0 5 3 4 0 3
split_gain=47.3525 43.1348 30.4968 26.6238 23.8518 18.6946 16.154 14.7652 12.9698 12.6327 12.5431 10.981 10.0837 9.48517 8.78487 8.53561 6.9372 6.93375 5.95991 5.84173 5.92709 5.64544
threshold=0 1 4.516324041782946 2 3 4 5 6 7 8 9 10 11 12 13 14 15 5.5548938233105778 16 17 18 19
decision_type=9 1 8 9 9 9 9 9 9 9 9 9 9 9 9 9 9 10 9 1 9 9
left_child=8 6 4 11 9 15 -2 12 -1 -3 -7 17 -5 -9 -8 -6 -12 -4 -18 20 -13 -16
right_child=1 2 3 7 5 10 14 13 -10 -11 16 19 -14 -15 21 -17 18 -19 -20 -21 -22 -23
leaf_value=23.19440879486341 75.134124864382102 -37.081117801813484 191.60447958237512 -143.28555487460659 -131.39590919354308 -47.756604059074576 -289.43413812819728 -18.460637623463864 688.95489734931618 -144.02878624385656 90.397835674817756 -38.60151761907327 -18.344094099621508 35.439799431103893 -305.31130068120115 -39.288015549343832 -20.44137003891268 450.3310001089871 39.05456434404681 347.81177427390321 139.75041067830054 -29.400571460563551
leaf_weight=237 127 826 885 406 808 1986 397 1780 529 1152 906 586 1155 3615 236 1639 1721 493 2669 309 286 227
leaf_count=237 127 826 885 406 808 1986 397 1780 529 1152 906 586 1155 3615 236 1639 1721 493 2669 309 286 227
internal_value=-0.000328045 -0.000709802 -0.000281992 0.00161001 -0.00181975 -0.000898522 -0.00989636 0.000161452 0.0105848 -0.00630905 0.000246778 0.00552217 -0.0036761 0.00127751 -0.0120241 -0.00429138 0.00139035 0.0082554 0.000644025 0.00228206 0.000411899 -0.00734211
internal_weight=22975 22209 21222 9515 11707 9729 987 6956 766 1978 7282 2559 1561 5395 860 2447 5296 1378 4390 1181 872 463
internal_count=22975 22209 21222 9515 11707 9729 987 6956 766 1978 7282 2559 1561 5395 860 2447 5296 1378 4390 1181 872 463
cat_boundaries=0 1 2 15 28 30 43 56 68 70 84 86 88 90 91 105 118 120 121 134 136
cat_threshold=96 1 35946496 109053952 4224 17 0 7168 0 0 0 1076399104 32 1024 8442396 1073745933 16404 1 0 256 68 128 50176 536870920 75530240 530579456 2097152 2148532256 170333956 36608 0 0 0 0 0 0 0 0 0 0 4112 2147484672 1 3221225480 73760 0 0 1367474176 16777217 0 8192 5124 147459 301990032 16781313 33 0 0 0 2147483648 32768 0 0 0 0 0 0 2097160 3767062720 172420 6291472 68608 4096 2105344 270008320 536870912 512 1476460544 0 2621442 1073741824 32768 67126284 3 3906490544 91016 33702948 148096 587649026 30794 1 32768 16781312 0 0 524292 0 0 65536 0 5386 0 35072 33288 1 8470528 100663296 3825205248 4 0 0 0 0 7168 16777216 32 2880 8532608 1627422722 159881 4 35913728 67108864 0 0 0 1024 0 0 0 524288 0 0 33308 2155872800 16460
is_linear=0
shrinkage=0.045


Tree=61
num_leaves=23
num_cat=18
split_feature=0 2 0 1 3 3 0 2 5 0 3 2 5 0 4 0 3 5 0 3 3 5
split_gain=46.5053 41.5512 37.6046 29.1136 23.5009 18.0146 13.6114 13.2383 10.8147 11.1241 9.78932 9.55268 8.31023 9.22758 8.13405 16.0474 9.50896 9.26105 12.904 9.30837 7.75666 7.17734
threshold=0 1 2 3 4 5 6 7 4.0342014792848504 8 9 10 5.625819309938989 11 12 13 14 6.1147871526576338 15 16 17 6.078787719222313
decision_type=9 9 9 9 9 9 9 9 10 9 9 9 10 9 1 9 9 10 9 9 9 10
left_child=-1 2 -2 4 -3 -5 11 -7 9 -9 -4 -6 13 20 15 -10 -17 18 -16 -20 -8 -13
right_child=1 3 10 5 6 7 12 8 14 -11 -12 21 -14 -15 17 16 -18 -19 19 -21 -22 -23
leaf_value=694.23405255142541 -298.78624226196382 198.49105803297923 -131.14290100503734 -84.990227717001545 -156.63002964286434 555.76000267636641 39.5890890354327 9.0454678101397068 300.22660794447847 -77.936197216342762 79.116338483121183 -20.770516967948204 182.99460552012704 87.344169495671622 -63.235836551452593 -65.153798073719628 59.115150975523463 54.567951425576425 51.858452596580989 -16.78208697276883 -39.162310546135338 249.57991943679465
leaf_weight=409 672 1868 625 1663 509 173 1386 1079 370 2847 462 2374 476 1637 1267 462 769 511 874 1092 1231 219
leaf_count=409 672 1868 625 1663 509 173 1386 1079 370 2847 462 2374 476 1637 1267 462 769 511 874 1092 1231 219
internal_value=-0.000335879 -0.000611879 -0.00722897 -4.86335e-05 0.00175144 -0.00162087 0.000665477 -0.000856599 -0.00109313 -0.00288697 -0.0019859 -0.0016474 0.00218262 0.00155428 0.000223022 0.00290549 0.000380129 -0.000924987 -0.0018153 0.000477755 -0.000111259 -0.000526871
internal_weight=22975 22566 1759 20807 9700 11107 7832 9444 9271 3926 1087 3102 4730 4254 5345 1601 1231 3744 3233 1966 2617 2593
internal_count=22975 22566 1759 20807 9700 11107 7832 9444 9271 3926 1087 3102 4730 4254 5345 1601 1231 3744 3233 1966 2617 2593
cat_boundaries=0 13 14 27 29 31 33 46 47 61 63 64 77 78 92 94 108 110 112
cat_threshold=0 34603008 33554640 0 0 0 0 0 0 0 0 532576 69632 1 3221225472 0 0 0 4 0 0 0 0 0 128 2944 16 3221521508 3312 2149064848 8225 119939108 609 4456448 19136512 1 0 245760 536870912 0 1024 7296 0 0 3182592 3706158 32 2147500037 9332 0 40960 411041804 16777216 512 8192 32768 2121748 536870912 0 0 4 2181350936 22728 2 44072960 3288465408 0 512 0 6144 256 64 0 0 65536 2164261140 8536720 2 0 2080 0 2097152 524288 320 0 0 0 13108224 0 0 2214592512 5 542655232 24584 0 1072 0 0 2307391488 33554753 0 8192 536903680 4734976 33554432 0 2147483648 6 274226520 311298 1614858592 217494
is_linear=0
shrinkage=0.045


Tree=62
num_leaves=23
num_cat=19
split_feature=2 0 4 3 3 0 2 5 3 0 0 0 5 3 0 3 5 0 2 0 0 0
split_gain=43.8711 39.3033 24.1408 29.7013 27.8844 21.8108 18.9326 18.1791 14.1378 14.1165 12.2671 11.8168 10.1171 9.38179 9.36091 8.80941 8.72295 10.8614 9.81161 8.32289 6.58116 6.2857
threshold=0 1 2 3 4 5 6 4.3107766033702406 7 8 9 10 5.8847132099692177 11 12 13 6.1366459725839873 14 15 16 17 18
decision_type=9 9 1 9 9 9 9 10 9 9 9 9 10 9 9 9 10 9 9 9 9 9
left_child=11 6 4 10 19 12 -2 20 14 -9 -4 -1 13 -5 -7 -8 17 -10 -19 -3 -6 -20
right_child=1 2 3 5 7 8 15 9 16 -11 -12 -13 -14 -15 -16 -17 -18 18 21 -21 -22 -23
leaf_value=19.747208796023259 -290.08262960447837 -85.224096863335546 -6.7828346642120954 35.794017309795052 -38.056848153366211 -9.4864245551808555 -134.68863932445925 616.27037127693768 -36.299560758720943 159.56743940446694 -111.06588205353195 636.57272555711745 39.164140660268423 -82.095661887765274 146.84288712621338 -39.642398872385421 89.93349514478011 -108.77041909718046 0.75545747809866948 0.31429737319609558 76.866059847463688 61.572266670220415
leaf_weight=237 401 703 812 357 750 507 694 456 2101 1344 2098 529 324 1800 1355 1397 472 446 1644 1438 1659 1451
leaf_count=237 401 703 812 357 750 507 694 456 2101 1344 2098 529 324 1800 1355 1397 472 446 1644 1438 1659 1451
internal_value=-0.000324128 -0.000691576 -1.71068e-05 -0.00110236 0.002267 1.93428e-05 -0.0060024 0.00438699 0.00116612 0.00781632 -0.00511294 0.0101799 -0.00365523 -0.00478346 0.00458645 -0.00422611 0.000117532 -0.000374734 0.00114621 -0.00191245 0.00183845 0.0020494
internal_weight=22975 22209 19717 13367 6350 10457 2492 4209 7976 1800 2910 766 2481 2157 1862 2091 6114 5642 3541 2141 2409 3095
internal_count=22975 22209 19717 13367 6350 10457 2492 4209 7976 1800 2910 766 2481 2157 1862 2091 6114 5642 3541 2141 2409 3095
cat_boundaries=0 1 14 15 17 19 33 34 36 49 62 74 76 90 92 106 107 120 134 148
cat_threshold=96 1073741900 65536 0 268435456 16777476 577 0 268435456 8 67141639 463470592 270565504 1048608 2 254148612 35908 55008002 414248 4194304 36 0 2105344 404226048 3328 128 134218752 536903680 15220736 0 1048836 2222983680 2 1 273688912 8194 2129920 75500544 0 0 524288 1024 0 0 0 13108224 0 1024 2214595088 32768 32 1610612737 129 134217728 1024 0 0 536871936 1073742080 4256 2148533252 10241 0 0 0 2147483648 32768 0 0 0 0 0 0 2097160 1610682626 409856 2147483648 8388608 0 0 0 33554432 0 65536 1024 1049608 128 3601 1044 1 593890342 67832 52727808 19142656 4097 128 8388672 33554436 0 32768 65536 5120 67108992 16781312 32783 4 1 0 3108 0 0 8519680 0 0 1073815552 536870912 8519936 0 2147484160 2214594560 0 27648 1 0 0 553648128 0 1073807360 536870916 132104 67108864 4 2147483660 2 8454161 75505664 1073741824 516 2147484160 536870912 256 8192 531456 1048840 0 2147483665 2105360 1
is_linear=0
shrinkage=0.045


Tree=63
num_leaves=23
num_cat=18
split_feature=0 2 0 0 2 5 1 2 0 5 3 3 3 3 0 0 3 0 0 4 5 5
split_gain=45.9337 37.3134 33.8661 25.8967 21.3655 18.3052 16.8339 15.4465 18.0097 12.5646 12.1548 10.806 9.45664 9.26114 9.25733 9.2037 9.0179 7.08874 6.75327 6.58388 6.07449 5.78568
threshold=0 1 2 3 4 5.6646935841241897 5 6 7 4.3241107269113215 8 9 10 11 12 13 14 15 16 17 2.602003343538398 3.7256208424938388
decision_type=9 9 9 9 9 10 9 9 9 10 9 9 9 9 9 9 9 9 9 1 10 10
left_child=-1 2 -2 9 6 7 -5 8 16 18 14 -8 -7 -4 -10 -12 -6 -13 -3 -11 -9 -17
right_child=1 3 13 4 5 12 11 20 10 19 15 17 -14 -15 -16 21 -18 -19 -20 -21 -22 -23
leaf_value=627.61631938894243 -277.85828434874162 -48.179899233845028 -129.45080619356631 -234.19293523904213 -32.916209667643194 0.42943484666542642 -108.67175651444875 7.8200220021685523 -56.344932661991074 859.73824024709438 55.210551167357444 52.260960645553858 140.89445719403764 69.476915740103138 -2.5768139163594603 -36.401488575751046 -117.52849912340255 -36.435592488229901 77.467193940183861 162.92507641329902 410.49792347776321 15.32086174366499
leaf_weight=410 672 558 582 385 1312 643 953 211 1335 265 2311 467 1087 499 1673 1726 1206 1196 791 690 337 3666
leaf_count=410 672 558 582 385 1312 643 953 211 1335 265 2311 467 1087 499 1673 1726 1206 1196 791 690 337 3666
internal_value=-0.000314336 -0.000588984 -0.0068711 -5.61852e-05 -0.000617171 5.65436e-05 -0.0040848 -0.000491509 -0.000800355 0.00443005 6.29488e-06 -0.00275685 0.00441686 -0.00187328 -0.00241391 0.000953662 -0.00421542 -0.000550746 0.00164878 0.00839342 0.00683036 -6.66173e-05
internal_weight=22975 22565 1753 20812 18508 15507 3001 13777 13229 2304 10711 2616 1730 1081 3008 7703 2518 1663 1349 955 548 5392
internal_count=22975 22565 1753 20812 18508 15507 3001 13777 13229 2304 10711 2616 1730 1081 3008 7703 2518 1663 1349 955 548 5392
cat_boundaries=0 13 14 27 40 41 43 44 57 59 61 63 65 79 92 94 107 120 121
cat_threshold=0 33554432 1107296464 4096 0 0 0 0 134217728 0 0 532576 65536 1 3221225472 0 0 0 4 0 0 0 0 0 128 2944 16 2129920 2214592512 2684358656 84 1073807360 4128 0 64 0 1074268176 4272 3712 151681 2 1065232 66053 84 4109 65568 0 0 17858560 2117 0 1476427776 536870916 67272707 446693376 2097152 2148532224 1470575918 2624 186811398 279628 562233900 96264 2181350940 22600 262144 2112532 1 0 524552 0 0 73728 1024 10491136 0 2164293648 67109376 4 42221568 405568 0 513 8520456 33554432 256 0 1024 288 0 2164261136 10496530 3231617264 160004 33554432 0 0 129 4 0 0 0 0 0 0 2147483904 32 2129920 0 4096 16 0 0 0 0 0 526336 0 1024 16384 2
is_linear=0
shrinkage=0.045


Tree=64
num_leaves=23
num_cat=19
split_feature=0 4 2 0 0 4 3 3 0 0 0 0 0 3 5 2 3 5 5 1 3 3
split_gain=43.319 34.8805 24.6597 24.3081 18.8431 15.532 23.9026 19.9632 15.3525 15.3068 15.1242 14.9263 11.8523 10.8888 10.1051 8.46126 8.13227 7.99754 7.88323 7.84099 8.80999 7.29886
threshold=0 1 2 3 4 5 6 7 8 9 10 11 12 13 5.6646935841241897 14 15 4.6200466650627661 4.2555875595453383 16 17 18
decision_type=9 1 9 9 9 1 9 9 9 9 9 9 9 9 10 9 9 8 10 9 9 9
left_child=-1 10 3 16 13 6 9 -7 17 -5 -2 18 -6 -4 -14 -12 -3 -8 -9 20 -10 -19
right_child=1 2 4 5 12 7 8 11 19 -11 15 -13 14 -15 -16 -17 -18 21 -20 -21 -22 -23
leaf_value=538.51397830849214 87.835366611176667 -179.01493884986232 103.44598706349028 -118.49523941999954 786.77315350942206 -53.805799072112784 -97.991247643261048 90.865218927254247 9.8223186555750903 -30.791827157714213 -246.93840422909875 34.503770159077938 94.105853628574309 -25.545763760760384 650.17246175578407 -146.93471649483527 -60.882231689018624 -53.573694602556202 588.34233909074294 4.5235299422738899 169.00860154295543 32.912097633568919
leaf_weight=452 110 707 644 1340 207 1252 867 503 518 1951 398 2557 1904 1610 306 490 737 635 338 4437 515 497
leaf_count=452 110 707 644 1340 207 1252 867 503 518 1951 398 2557 1904 1610 306 490 737 635 338 4437 515 497
internal_value=-0.000324128 -0.00060406 -0.000222627 -0.00102455 0.00266656 -0.000498963 -0.00143839 0.00167347 -2.70686e-05 -0.00462534 -0.00882 0.00345748 0.0054189 -0.000297882 0.00439469 -0.0107 -0.0065831 -0.0033901 0.00862544 0.00120668 0.00471531 -0.000912698
internal_weight=22975 22523 21525 16854 4671 15410 10760 4650 7469 3291 998 3398 2417 2254 2210 888 1444 1999 841 5470 1033 1132
internal_count=22975 22523 21525 16854 4671 15410 10760 4650 7469 3291 998 3398 2417 2254 2210 888 1444 1999 841 5470 1033 1132
cat_boundaries=0 13 14 15 28 40 41 43 45 59 73 86 99 113 115 116 118 120 122 124
cat_threshold=0 33554432 570425552 4096 0 0 0 0 134217728 0 32 532576 65536 1 7 1077940232 66564 0 512 328 16777281 0 268435456 4 1091 329252864 271613952 32 0 2127924 0 0 152567808 0 0 268500992 98308 6296578 402653184 19038232 4 254706692 35909 55661314 410112 0 8388608 1 270540800 403177472 256 512 134218752 536907776 15257600 0 16781332 2214593025 2 35913728 84017152 0 128 9961476 536870912 0 8192 536870912 12620032 201326592 4352 2147517980 1 0 0 0 0 0 0 0 0 0 0 4240 2147483648 1 2129920 10485760 0 0 524288 1024 0 0 32768 15237120 0 272 67113488 33554432 67108864 0 0 0 0 0 0 1024 524288 0 1024 49664 4 76016 196708 1 728203812 19148 17764 148 2692809218 86552 2147506256 77986
is_linear=0
shrinkage=0.045


Tree=65
num_leaves=23
num_cat=19
split_feature=0 4 2 0 0 4 3 3 0 0 3 0 0 2 5 0 3 5 0 5 3 2
split_gain=43.4526 35.6093 21.7479 23.4436 17.4776 13.8371 22.6318 17.3267 14.0365 13.2272 13.0992 12.7518 11.7934 8.6327 7.70328 10.3568 7.55635 7.37992 7.14557 6.30567 6.21864 6.08469
threshold=0 1 2 3 4 5 6 7 8 9 10 11 12 13 5.8536372009884516 14 15 4.2835627800822236 16 5.6646935841241897 17 18
decision_type=9 1 9 9 9 1 9 9 9 9 9 9 9 9 8 9 9 10 9 10 9 9
left_child=-1 9 3 -3 -4 6 8 -7 -5 -2 19 17 -8 -11 15 20 -15 -9 21 -6 -14 -12
right_child=1 2 4 5 10 7 12 11 -10 13 18 -13 14 16 -16 -17 -18 -19 -20 -21 -22 -23
leaf_value=610.5035134084327 81.012872350767609 -113.41038825538701 685.17621513930328 -104.53545117862468 113.35077969411921 -52.691398411082154 -47.447557472862989 85.028241433056309 -34.690357736381408 -233.66617603878933 -47.736894971441707 31.988125408283011 -59.688490947395984 -324.37923583793167 59.118874302436488 29.658825403197987 -5.9271554269341502 573.76256597590645 39.511210407341203 538.3437987403704 18.123611179485124 102.67829643900826
leaf_weight=419 107 1210 326 1401 1048 1181 1532 470 2337 404 1038 2748 1342 212 1005 2599 279 312 1803 131 753 318
leaf_count=419 107 1210 326 1401 1048 1181 1532 470 2337 404 1038 2748 1342 212 1005 2599 279 312 1803 131 753 318
internal_value=-0.000320212 -0.000590216 -0.000204583 -0.000955804 0.00251176 -0.00048751 -0.00136382 0.00155156 -0.0042 -0.0088745 0.00173793 0.00312535 0.000108726 -0.0105926 0.00105192 0.000287479 -0.00621769 0.00816121 0.000219962 0.00576196 -0.00206099 -0.00223684
internal_weight=22975 22556 21554 16890 4664 15680 10969 4711 3738 1002 4338 3530 7231 895 5699 4694 491 782 3159 1179 2095 1356
internal_count=22975 22556 21554 16890 4664 15680 10969 4711 3738 1002 4338 3530 7231 895 5699 4694 491 782 3159 1179 2095 1356
cat_boundaries=0 13 14 15 27 41 42 44 46 60 73 75 88 102 103 117 119 132 134 135
cat_threshold=0 33554432 33554640 4096 0 0 0 0 134217728 0 0 532576 69632 1 7 1077940296 328708 0 512 328 65 0 268435456 4 99 312475648 271613952 35913728 67108864 0 0 0 64 0 0 1024 526336 0 1024 57860 4 4 254706692 36037 55661314 279040 2359296 84021248 1 0 8912896 0 0 8192 536870912 12619776 83886080 4352 67142190 1 2147483648 0 0 0 0 0 0 0 0 0 4112 2147483648 1 134226160 65542 2129920 10485760 0 2097152 0 1024 0 0 0 15237120 0 272 67109392 16384 8388608 0 270540800 403177472 33554688 512 134218752 36864 15253504 0 16781332 67111427 2 1 18874368 2105344 4097 32768 9437184 536871936 0 65536 536871936 5128 150994944 1153 2147516428 4 2147484192 278604 0 6192 0 0 18382848 0 0 0 98308 2101250 402653184 2129936 131072 549472778 291384 16
is_linear=0
shrinkage=0.045


Tree=66
num_leaves=23
num_cat=20
split_feature=0 2 0 5 0 0 2 0 3 3 3 0 0 0 3 3 5 3 4 1 3 1
split_gain=39.4313 33.5438 35.6452 23.5331 17.28 12.6434 12.5589 12.654 10.3973 10.0863 9.5877 9.04909 8.6927 8.57781 8.17765 7.11613 5.98768 5.81954 5.55452 5.05825 5.19773 4.82782
threshold=0 1 2 5.6646935841241897 3 4 5 6 7 8 9 10 11 12 13 14 4.3107766033702406 15 16 17 18 19
decision_type=9 9 9 10 9 9 9 9 9 9 9 9 9 9 9 9 8 9 1 9 9 9
left_child=-1 2 19 4 9 -5 7 15 -4 -3 12 -12 -9 -10 -7 -6 17 -14 -15 20 -2 -13
right_child=1 3 8 5 6 14 -8 10 13 -11 11 21 16 18 -16 -17 -18 -19 -20 -21 -22 -23
leaf_value=671.90452742227581 -223.25617085473795 -126.13366994268671 -72.704915069228221 393.82432815582183 -10.662775591195423 -27.895878246728369 348.72090105466765 -59.316381725991882 38.031195523719596 -33.584985540555422 -28.825360570249067 58.870847614394911 -99.000925144321769 -26.201249668468225 89.90639305825799 182.2997529789707 26.189464667322209 -2.4227836558534546 -187.3686069567409 -247.36308938925299 -69.395797924974389 -5.7983416050257075
leaf_weight=303 214 530 1928 377 355 416 352 1591 1448 1861 1805 3439 538 1107 1135 875 1273 1094 197 483 349 1305
leaf_count=303 214 530 1928 377 355 416 352 1591 1448 1861 1805 3439 538 1107 1135 875 1273 1094 197 483 349 1305
internal_value=-0.000312378 -0.000531652 -0.00350558 0.000474997 -0.000125832 0.00515285 0.000539402 0.000294824 -0.00181266 -0.0036236 -0.000189247 0.000908779 -0.00178682 -3.25615e-05 0.00326775 0.00460145 -0.00031625 -0.00212056 -0.00266717 -0.0109735 -0.00763043 0.00193966
internal_weight=22975 22672 5726 16946 15018 1928 12627 12275 4680 2391 11045 6549 4496 2752 1551 1230 2905 1632 1304 1046 563 4744
internal_count=22975 22672 5726 16946 15018 1928 12627 12275 4680 2391 11045 6549 4496 2752 1551 1230 2905 1632 1304 1046 563 4744
cat_boundaries=0 12 13 26 39 52 53 66 68 70 72 86 99 112 114 116 118 119 121 123 125
cat_threshold=0 33554432 16 0 0 0 0 0 0 0 0 532576 3 1073774592 4100 536870912 0 134217984 0 0 65536 536870912 20480 83886080 268472576 1049600 13 262148 0 8192 1605696 16779333 128 1476395008 4 67141633 513802240 2097152 2148532224 2129920 67108868 0 0 32768 0 0 0 0 524288 0 0 2147533312 148 41975808 2148532288 570425536 21 1073808128 33554432 256 0 0 2048 0 5376 10630272 184980994 281796 90311168 491640 3743937838 3592 20975616 65584 1 32768 2550267904 1280 0 114688 4104 4194306 1610678272 17825792 67141632 7 2097152 94374912 67112961 512 8 0 0 8192 536870912 10638602 0 2147516432 512 2147483648 0 3221225472 4 131076 0 0 0 0 1073741848 135344 2147484672 41 562233900 26624 27722500 137984 1596194820 512 4 16464 1033 2319451136 18568 577908 3078
is_linear=0
shrinkage=0.045


Tree=67
num_leaves=23
num_cat=20
split_feature=0 4 2 0 0 3 0 0 5 3 5 0 4 0 0 3 2 3 0 3 2 3
split_gain=39.2622 31.4949 20.0579 21.239 18.9865 13.4365 12.3597 12.3262 11.0802 9.63555 9.56047 8.72833 8.5752 10.9324 10.51 8.38323 7.72637 7.59237 7.58348 6.98304 6.05706 6.01282
threshold=0 1 2 3 4 5 6 7 4.1026092131977068 8 3.4811217321331038 9 10 11 12 13 14 15 16 17 18 19
decision_type=9 1 9 9 9 9 9 9 10 9 8 9 1 9 9 9 9 9 9 9 9 9
left_child=-1 7 3 20 9 11 -7 -2 -6 -4 18 -5 14 -14 17 -16 -9 -12 -8 -18 -3 -10
right_child=1 2 4 5 8 6 10 16 21 -11 12 -13 13 -15 15 -17 19 -19 -20 -21 -22 -23
leaf_value=627.99230296406699 75.655889296415765 -70.914989703504219 137.6119511946616 -98.063288143843423 50.566930802478232 85.724502768123855 16.60014123725534 -214.30794745224807 110.58540783642485 -22.056553624663138 -5.844673158634432 -14.880530812866054 171.07365332333646 6.2618573149299843 -17.928486122538086 30.687858727131495 -302.4505421749754 -81.395631587576929 -88.004334721619827 -7.49238090283965 -243.33661005222737 466.87046083493442
leaf_weight=314 107 869 590 1053 935 1592 545 404 339 1965 852 1524 823 2029 2459 2509 212 877 1542 279 300 856
leaf_count=314 107 869 590 1053 935 1592 545 404 339 1965 852 1524 823 2029 2459 2509 212 877 1542 279 300 856
internal_value=-0.00032217 -0.000544811 -0.000183856 -0.000903391 0.0024191 -0.000468009 0.00011216 -0.00833665 0.00554622 -0.000201597 -0.000397922 -0.00343279 0.000204952 0.0022705 -0.000675101 0.000379518 -0.00999724 -0.00368323 -0.00315582 -0.00585984 -0.00672523 0.00843985
internal_weight=22975 22661 21659 16974 4685 15805 13228 1002 2130 2555 11636 2577 9549 2852 6697 4968 895 1729 2087 491 1169 1195
internal_count=22975 22661 21659 16974 4685 15805 13228 1002 2130 2555 11636 2577 9549 2852 6697 4968 895 1729 2087 491 1169 1195
cat_boundaries=0 12 13 14 27 39 41 54 67 69 83 84 98 112 114 115 117 131 133 134 136
cat_threshold=0 33554432 33554448 0 0 0 0 0 0 0 0 532576 1 7 1077936136 66564 0 512 256 65 0 268435456 4 2115 312475648 271613952 1024 0 2128948 0 0 152600576 0 0 268500992 32772 6296578 402653184 19038488 235347972 3585 44138496 2149711872 3758096384 85 131588 1024 0 0 0 1073741840 65576 2304 8401312 2147483648 0 0 0 0 0 0 0 0 0 4112 2147483648 1 2512 196676 2149580800 84017152 0 0 8519680 0 0 8192 536870912 8425480 134217872 6416 2147516972 4 4 0 75497472 0 2097152 268959744 0 0 0 33792 15208448 0 4 2214625808 1 2147483648 25169920 1 8320 1208483840 2304 512 134218752 536907904 6980608 0 21 2562 2 560514562 204948 1 3226471186 286996 2147483648 0 0 128 142606344 0 0 0 34816 6308104 4224 2164260993 2560 4 2147484192 278604 4 16974338 23048
is_linear=0
shrinkage=0.045


Tree=68
num_leaves=23
num_cat=18
split_feature=0 2 0 1 3 2 0 3 5 1 0 3 3 0 3 3 5 5 5 0 0 1
split_gain=38.9331 29.6872 28.9805 22.5456 19.1785 15.0505 11.2151 10.9439 10.717 10.5011 9.65599 8.15061 7.65957 7.50522 6.69465 6.53557 6.51459 6.48531 6.36236 5.88242 5.44996 5.34782
threshold=0 1 2 3 4 5 6 7 3.6242520361853052 8 9 10 11 12 13 14 5.625819309938989 5.3008111373035574 4.0342014792848504 15 16 17
decision_type=9 9 9 9 9 9 9 9 10 9 9 9 9 9 9 9 10 10 10 9 9 9
left_child=-1 2 -2 4 13 9 17 -7 15 11 14 -5 -4 -3 21 -8 -10 -6 19 -12 -17 -9
right_child=1 3 12 5 6 7 8 10 16 -11 18 -13 -14 -15 -16 20 -18 -19 -20 -21 -22 -23
leaf_value=575.57991067212276 -235.99439728655028 16.126349695568841 160.70491970159927 -86.472779340359367 -40.906280750188344 -63.917072845263426 -122.00441094637891 -34.869983973671879 69.02346495543074 -205.72359719009404 -9.7960448254036958 3.6408984217343821 -66.11435604831469 234.12542740402458 60.201664563081174 -41.035005833234152 412.49351917808713 35.484469265086481 0.60234658033547017 -95.723580836753229 92.107239672721718 37.476164267605014
leaf_weight=334 712 708 228 483 3080 1251 318 613 1978 419 1240 537 821 1520 1829 432 202 932 3153 1214 510 461
leaf_count=334 712 708 228 483 3080 1251 318 613 1978 419 1240 537 821 1520 1829 432 202 932 3153 1214 510 461
internal_value=-0.000284959 -0.000513508 -0.00610406 -3.87708e-05 0.00155076 -0.00141277 0.00045217 -0.000775862 0.00233343 -0.0056909 -0.000195377 -0.00313953 -0.00129359 0.00520313 0.00190652 -0.000962758 0.0042484 -0.00116302 -0.00128537 -0.00300489 0.000943396 -0.000911602
internal_weight=22975 22641 1761 20880 9680 11200 7452 9761 3440 1439 8510 1020 1049 2228 2903 1260 2180 4012 5607 2454 942 1074
internal_count=22975 22641 1761 20880 9680 11200 7452 9761 3440 1439 8510 1020 1049 2228 2903 1260 2180 4012 5607 2454 942 1074
cat_boundaries=0 13 14 27 29 31 32 45 47 49 63 65 67 80 82 84 98 111 113
cat_threshold=0 33554432 33554512 0 0 0 0 0 0 0 0 532576 65536 1 3221225472 0 0 0 260 0 0 0 0 0 128 2944 48 3758391396 3312 3222806672 24609 2 4456448 94633984 1 512 0 536870912 0 1024 70784 0 0 2150666240 12095246 119941156 576 545803 2 16793616 13412 0 2147483648 1082360576 33554464 512 16384 0 2640940 16777216 0 0 4 2332442628 21221 148373600 65572 33554432 25165824 0 0 0 536871936 0 0 32768 0 128 19959828 38930 2025951488 282680 234883142 269120 8 65552 0 2138112 403456072 16777216 0 1073815552 536870912 37378 536870912 0 67108864 18 44072960 0 0 4 0 1024 0 0 32768 0 0 1540 20496 1041 65536
is_linear=0
shrinkage=0.045


Tree=69
num_leaves=23
num_cat=21
split_feature=0 2 0 5 0 3 3 0 0 3 3 0 3 2 0 4 2 3 3 0 1 3
split_gain=37.5651 27.9654 30.8328 18.62 13.7101 11.4959 10.4473 12.2586 10.589 10.3721 8.46576 7.06521 7.71338 6.0785 5.64148 5.57192 5.90281 5.42769 5.17397 4.97173 4.94565 4.69509
threshold=0 1 2 5.6646935841241897 3 4 5 6 7 8 9 10 11 12 13 14 15 16 17 18 19 20
decision_type=9 9 9 10 9 9 9 9 9 9 9 9 9 9 9 1 9 9 9 9 9 9
left_child=-1 2 17 4 10 20 7 21 -8 -4 -3 12 -11 -10 -15 18 -17 -2 -13 -7 -5 -6
right_child=1 3 9 5 6 19 8 -9 13 11 -12 15 -14 14 -16 16 -18 -19 -20 -21 -22 -23
leaf_value=562.85224871868684 -238.3464977437111 -17.03036947193803 -63.13921002614039 -39.651149812124494 -52.866920859386262 542.58126448561609 -66.196304709118422 -15.368403531521908 372.6695111871814 -24.159867566701848 147.31431186068107 58.802495488819289 131.82320250353564 -17.347304054976231 26.743167898464417 4.2503939438414093 -240.65296457560922 -107.49832702467354 -37.941606431328744 89.676045169074584 71.625882877502789 -122.97121462720467
leaf_weight=339 530 543 2173 374 778 321 1130 4202 150 380 1162 382 491 1757 4742 123 137 428 1080 764 464 525
leaf_count=339 530 543 2173 374 778 321 1130 4202 150 380 1162 382 491 1757 4742 123 137 428 1080 764 464 525
internal_value=-0.000314336 -0.000540445 -0.00325575 0.000380229 -0.000154593 0.00454675 -0.000643051 -0.00214111 0.000418752 -0.0017612 0.00362988 0.000164107 0.00343998 0.00110456 0.000888112 -0.00150519 -0.00755725 -0.0105773 -0.000430328 0.00756837 0.000529412 -0.00593726
internal_weight=22975 22636 5724 16912 14989 1923 13284 5505 7779 4766 1705 2593 871 6649 6499 1722 260 958 1462 1085 838 1303
internal_count=22975 22636 5724 16912 14989 1923 13284 5505 7779 4766 1705 2593 871 6649 6499 1722 260 958 1462 1085 838 1303
cat_boundaries=0 13 14 27 40 42 44 57 71 73 75 88 90 91 105 106 107 109 111 124 126 128
cat_threshold=0 33554432 33554576 0 0 0 0 0 0 0 0 532576 65536 3 1073774592 4096 536870912 0 134217984 0 0 65536 536870912 20480 16777216 268439808 1049600 42237952 2147483744 536870976 2147483665 1082196736 33554432 256 0 524288 0 0 5376 10630272 566436398 96296 2674356004 36424 18874377 18874372 4097 512 32776 68 0 0 0 8520962 436207616 2097168 2214609408 0 262160 0 40960 18513920 2368 512 1476460544 12 1 1386283008 16777220 1048576 6 723699202 282309 59179524 186896 0 0 1073741824 5 131072 0 0 0 0 1073741840 131200 2147484672 33 5312552 196632 32 16400 66560 1 2097152 2415935552 16778245 128 32768 536871936 68190274 603979776 2129921 2147516418 1 4 2 172262928 22632 1083179048 8200 2129920 67108864 0 0 32768 0 0 0 0 524288 0 0 2147484184 541712 1029 2282045984 35328
is_linear=0
shrinkage=0.045


Tree=70
num_leaves=23
num_cat=20
split_feature=0 0 3 2 0 0 0 2 0 3 3 3 4 3 3 5 4 5 3 0 0 3
split_gain=32.7907 25.1293 18.2506 13.6351 12.9101 11.1239 10.2147 8.01086 7.273 7.0778 6.70565 5.85259 5.81859 7.46238 6.4803 5.76924 5.65144 5.42472 5.39824 6.86173 5.50601 5.39079
threshold=0 1 2 3 4 5 6 7 8 9 10 11 12 13 14 6.9092530334720372 15 6.2334293711344477 16 17 18 19
decision_type=9 9 9 9 9 9 9 9 9 9 9 9 1 9 9 10 1 10 9 9 9 9
left_child=-1 7 5 4 -4 -3 11 -2 9 -8 -6 -5 13 -7 16 18 -14 -13 20 -20 -10 -9
right_child=1 2 3 6 10 12 8 21 15 -11 -12 17 14 -15 -16 -17 -18 -19 19 -21 -22 -23
leaf_value=428.2946648248805 -178.95021570049332 22.610812301666556 452.65553369528885 128.76383495047165 140.02663101629332 87.513423372994652 -10.925883879400279 107.14808962095951 -34.831494913546813 -75.12232825189858 2.8092119635245942 9.4660208962497201 -25.54183894549891 -63.790362397508538 -103.94820658590324 138.10585696857493 -225.32839458528892 630.18901182561649 59.837523913284421 -2.1815500661481928 6.2984900649439437 -90.67558917863964
leaf_weight=431 395 966 740 506 767 466 1173 102 2637 771 1960 1015 2080 745 1215 170 90 62 1267 2821 1969 627
leaf_count=431 395 966 740 506 767 466 1173 102 2637 771 1960 1015 2080 745 1215 170 90 62 1267 2821 1969 627
internal_value=-0.000290834 -0.000528684 -0.000182671 0.000595463 0.00308494 -0.00239774 -0.000103402 -0.00705106 -0.000598891 -0.00308282 0.00163472 0.00325862 -0.00332031 -0.000649217 -0.00428477 -5.06985e-05 -0.00276352 0.00134298 -0.000212167 0.000976829 -0.00126678 -0.00409919
internal_weight=22975 22544 21420 15858 3467 5562 12391 1124 10808 1944 2727 1583 4596 1211 3385 8864 2170 1077 8694 4088 4606 729
internal_count=22975 22544 21420 15858 3467 5562 12391 1124 10808 1944 2727 1583 4596 1211 3385 8864 2170 1077 8694 4088 4606 729
cat_boundaries=0 13 26 28 29 42 56 70 71 85 87 89 91 92 94 96 97 99 112 126 128
cat_threshold=0 33554432 33554640 4096 0 0 0 0 0 16 32 532576 65536 1073741836 0 0 268435456 16777472 577 0 268435456 0 257 312475648 268435464 1048576 254214660 265801 240 33816576 67108864 0 0 134283264 536870912 0 0 1024 2048 0 2147484672 188940 12648448 8388672 1073741824 2097280 0 536871936 0 65536 33796 1078460416 135168 16778244 4242 2 27361280 3290431488 603983872 85 0 0 0 32768 2048 1073741824 0 2304 2634401 16 3 4198464 1028 1 8192 524288 2304 640 134225920 132 50690 1090519040 1081477 2147484674 2 3222816018 86448 4304 6 1620582434 204832 2 136380420 2112 218169856 262665 4 4224034 225458 0 16777216 0 0 402653184 33555456 0 0 5120 79822848 134221952 2149585936 16384 2147483648 25178112 0 0 2558525504 33554432 0 0 536908800 12718080 201330816 2166358544 16396 1 5242880 12320
is_linear=0
shrinkage=0.045


Tree=71
num_leaves=23
num_cat=20
split_feature=0 2 0 5 0 0 0 3 3 0 4 3 3 3 3 0 3 0 5 2 3 1
split_gain=31.1999 24.8555 26.6596 18.6983 18.225 16.8411 11.0782 9.9236 9.45437 9.16809 8.91328 8.79315 7.69037 7.55607 7.25209 5.6843 5.84522 5.53985 5.34193 5.09663 5.75262 4.52108
threshold=0 1 2 4.5900436644025815 3 4 5 6 7 8 9 10 11 12 13 14 15 16 6.3707564150300433 17 18 19
decision_type=9 9 9 10 9 9 9 9 9 9 1 9 9 9 9 9 9 9 10 9 9 9
left_child=-1 2 -2 5 10 7 11 -3 17 14 -5 -7 -4 -11 -6 16 -10 -8 -12 -17 -21 -15
right_child=1 3 12 4 9 6 8 -9 15 13 18 -13 -14 21 -16 19 -18 -19 -20 20 -22 -23
leaf_value=505.40794419964891 -215.96286900813084 -15.384744842324144 -108.46849377525923 720.08250358447617 -68.988885747757081 13.373630686868818 8.7323907027751559 167.84038710789639 -7.5977510249253095 -3.0522672200594752 100.16866026767427 -92.930286743994088 56.293696168231413 163.58670806178299 -2.7083238587114464 -6.30395720961842 62.520652079515926 -86.644716960272561 555.39640855478945 26.090100220896819 -118.66353700447034 32.342469490936416
leaf_weight=359 629 496 634 287 377 433 441 766 1030 1839 713 1526 498 821 1491 4926 967 1504 67 242 594 2335
leaf_count=359 629 496 634 287 377 433 441 766 1030 1839 713 1526 498 821 1491 4926 967 1504 67 242 594 2335
internal_value=-0.000269291 -0.000481262 -0.00559645 -4.63651e-05 0.0016736 -0.00110176 -0.00163619 0.00381476 -0.00100967 0.000814909 0.00711075 -0.00471461 -0.00141608 0.00181995 -0.00186702 -0.000304015 0.00175834 -0.00380557 0.00466113 -0.00102096 -0.00424528 0.00315341
internal_weight=22975 22616 1761 20855 7930 12925 11663 1262 9704 6863 1067 1959 1132 4995 1868 7759 1997 1945 780 5762 836 3156
internal_count=22975 22616 1761 20855 7930 12925 11663 1262 9704 6863 1067 1959 1132 4995 1868 7759 1997 1945 780 5762 836 3156
cat_boundaries=0 13 14 27 41 54 68 70 72 85 86 88 90 92 94 107 109 122 123 124 126
cat_threshold=0 33554432 33554640 4096 0 0 0 0 0 0 0 532576 65536 1 3221225472 0 0 0 260 0 0 0 0 16 0 2944 48 35946496 67108864 4096 0 0 5120 0 0 0 560128 128 1280 20496 1 16384 96 4026531840 133 3221291008 0 0 64 5120 1073741872 69680 2689 139392 2101273 262144 0 0 524552 33554500 128 134250496 0 8423681 530579456 0 2148548608 1 602079334 22656 1512309252 263752 4096 25174064 1 512 294649856 570425600 0 8192 37892 147531 301989888 1048576 1026 2 3356004480 266240 2181350928 153800 128424486 138522 33689892 90272 25231360 3298959360 67108864 0 277086276 16777216 0 0 2048 1196036 128 2147489024 2097200 553882728 86404 2147483648 2048 0 2097152 131076 536870912 0 8192 536903680 2 0 2147484688 512 52 13877296 524324 2048
is_linear=0
shrinkage=0.045


Tree=72
num_leaves=23
num_cat=19
split_feature=0 4 3 0 0 0 0 2 0 5 3 3 0 3 3 4 0 3 0 3 5 5
split_gain=29.9622 23.3661 17.031 18.235 12.7963 11.2188 10.7496 9.59957 8.14307 7.93686 7.33884 7.29171 5.94679 5.67488 5.48072 5.1546 10.3042 9.49599 7.55058 7.43123 6.39449 5.40823
threshold=0 1 2 3 4 5 6 7 8 5.5032948732385458 9 10 11 12 13 14 15 16 17 18 6.6234007758748676 3.2384861814448418
decision_type=9 1 9 9 9 9 9 9 9 10 9 9 9 9 9 1 9 9 9 9 10 10
left_child=-1 6 5 9 -5 14 -2 8 -6 13 -8 -10 -7 -4 -3 16 20 -17 -19 -18 -9 -20
right_child=1 2 3 4 7 12 10 15 11 -11 -12 -13 -14 -15 -16 17 19 18 21 -21 -22 -23
leaf_value=502.59007532131295 59.276695258769358 -179.21428668540906 14.308199777580594 -60.843082265887929 316.96004805748953 43.254798598485465 -17.655722462076593 -54.498224858801109 118.24720779624269 516.30886311427525 -185.59789172494442 -2.0229975378709786 -21.511377639664534 150.55950976614304 -58.237595796166985 -94.842225059310451 -16.27161998383075 118.85496645470397 -77.208262820537215 44.447797445607719 149.55320682124059 41.694440336488675
leaf_weight=348 119 243 774 1471 702 668 249 1641 414 277 634 1368 4316 796 932 376 3015 778 440 1761 63 1590
leaf_count=348 119 243 774 1471 702 668 249 1641 414 277 634 1368 4316 796 932 376 3015 778 440 1761 63 1590
internal_value=-0.000255582 -0.000460157 -0.000148772 0.00064834 7.75805e-05 -0.00214754 -0.00717131 0.000558799 0.00304687 0.00482921 -0.00882402 0.00140468 -0.00120697 0.00360687 -0.00608467 -8.37123e-05 -0.000812249 0.00139831 0.00229787 0.000263158 -0.00380245 0.000837414
internal_weight=22975 22627 21625 15466 13619 6159 1002 12148 2484 1847 883 1782 4984 1570 1175 9664 6480 3184 2808 4776 1704 2030
internal_count=22975 22627 21625 15466 13619 6159 1002 12148 2484 1847 883 1782 4984 1570 1175 9664 6480 3184 2808 4776 1704 2030
cat_boundaries=0 13 14 16 30 44 57 70 71 84 85 87 101 103 105 106 120 122 135 137
cat_threshold=0 33554432 208 4096 0 0 0 0 0 0 0 532576 65536 1 254216710 298505 44072961 3288596512 570429440 80 98316 32 0 64 0 1073743872 0 1280 10617344 16 1077936192 65552 0 8192 18350080 16777473 128 1476395008 140 67109377 1402994688 16777216 1024 2 3256877056 69468256 0 0 33032 68 0 8192 0 8556800 134217744 2099456 2147484196 2147483648 0 0 0 0 0 0 0 0 0 16 2415919104 1 112 262144 0 0 0 256 536870976 0 0 1024 8 0 2147483648 51228 8569032 176 4112 8388608 8388608 1073741824 2097152 0 0 0 1024 32772 1079508992 135200 16778372 20608 2 545313800 20912 101056516 1024 4 8 8388612 1 2129920 402653184 2112 512 0 536903680 13161490 0 1048725 134 5 5247232 16384 8 10485760 0 2097152 411041792 1024 0 0 32768 11046912 0 16 14354 1078510624 217492
is_linear=0
shrinkage=0.045


Tree=73
num_leaves=23
num_cat=19
split_feature=0 2 0 0 2 5 0 3 3 4 0 3 3 0 3 3 0 3 0 0 5 5
split_gain=29.4988 22.3165 23.5825 16.0427 11.2957 12.4887 11.0895 10.7697 9.47865 9.26832 15.8142 15.2269 12.7916 9.19387 8.79365 7.4966 6.53882 6.30473 6.24584 5.92462 5.74346 5.72565
threshold=0 1 2 3 4 5.3351284364833438 5 6 7 8 9 10 11 12 13 14 15 16 17 18 5.4004200416950168 4.7050052835523761
decision_type=9 9 9 9 9 10 9 9 9 1 9 9 9 9 9 9 9 9 9 9 10 10
left_child=-1 2 -2 14 -5 6 15 -7 19 12 17 -12 -8 21 20 -6 -10 -11 -9 -4 -3 -14
right_child=1 3 8 4 5 7 9 18 16 10 11 -13 13 -15 -16 -17 -18 -19 -20 -21 -22 -23
leaf_value=460.04803332120616 -158.80895536929529 178.77254638569363 -2.8232749226595479 235.84053781542474 -22.450105832298686 -7.2703087924537249 -78.104932885113215 175.03161349639927 34.04699424383238 -20.01771489572311 -32.102355746379104 36.478006899747854 63.706624387375811 5.3809275247478583 16.091573745239529 -102.66027580897077 -27.591761785265824 -96.240559951032878 32.21249378912642 -104.58859290611704 899.92177716081358 331.23051734554269
leaf_weight=335 953 745 568 387 1084 1033 650 690 1360 757 1582 2029 1327 2321 734 981 1630 1294 942 1171 175 227
leaf_count=335 953 745 568 387 1084 1033 650 690 1360 757 1582 2029 1327 2321 734 981 1630 1294 942 1171 175 227
internal_value=-0.000247748 -0.00044698 -0.00288462 0.000371243 -8.5205e-05 -0.000284848 -0.000892362 0.00250562 -0.00157087 -0.000280175 -0.00149364 0.000304306 0.00123757 0.00221701 0.00456483 -0.00388902 -2.998e-05 -0.00463524 0.00476277 -0.00420188 0.00748391 0.00488506
internal_weight=22975 22640 5682 16958 15304 14917 12252 2665 4729 10187 5662 3611 4525 3875 1654 2065 2990 2051 1632 1739 920 1554
internal_count=22975 22640 5682 16958 15304 14917 12252 2665 4729 10187 5662 3611 4525 3875 1654 2065 2990 2051 1632 1739 920 1554
cat_boundaries=0 13 14 27 40 41 55 57 59 60 74 76 78 92 94 96 109 111 124 136
cat_threshold=0 0 1073742032 4112 0 0 0 0 0 0 0 532576 65536 3 1073774592 4096 0 0 134217984 0 0 65536 536870912 20480 16777216 268439808 2148533248 48529408 2181169152 570429440 0 65792 33554464 0 0 0 2048 0 7936 9073792 32 9 17104900 0 8192 49216 16781381 0 1073774592 12 32771 446693376 2097152 2148532224 6 596060718 94248 186942980 280772 2 0 77594656 0 2097664 404226048 1280 512 134217728 536875008 82313216 1073741824 1048581 67144196 1 4004433958 11332 37819136 16928 0 77611040 0 2097152 411566080 1280 512 0 32768 13255680 16777216 17825792 67144466 16 3361248466 82084 3230240978 96260 2147483648 0 2684354560 5 131072 0 0 0 0 1073741832 135352 2147484672 33 1631656754 287488 0 84152320 0 0 32768 1024 0 0 536870912 524296 0 0 2147519004 65536 131072 0 128 4 0 0 0 0 1073742080 135168 2147485184
is_linear=0
shrinkage=0.045


Tree=74
num_leaves=23
num_cat=20
split_feature=0 0 3 0 2 0 3 5 0 0 3 5 0 2 2 3 1 0 1 4 3 0
split_gain=28.0464 22.0427 16.567 15.3262 11.9601 9.32342 8.60841 8.36228 8.08852 7.67317 7.67264 6.44699 7.09799 7.98682 4.76803 5.46108 4.69807 4.53246 4.30009 4.05132 4.01446 4.31797
threshold=0 1 2 3 4 5 6 4.0517471391904856 7 8 9 6.0294818902459815 10 11 12 13 14 15 16 17 18 19
decision_type=9 9 9 9 9 9 9 10 9 9 9 10 9 9 9 9 9 9 9 1 9 9
left_child=-1 4 5 6 -2 -3 19 8 -5 -9 -6 12 13 -7 -11 -16 -10 -12 -17 -4 21 -14
right_child=1 2 3 7 10 11 -8 9 16 14 17 -13 20 -15 15 18 -18 -19 -20 -21 -22 -23
leaf_value=528.94144807900364 -200.49264178783898 34.468804077128041 432.74578406896387 19.276105162583171 -92.286632253014247 -39.576350880892001 28.85092907446742 -7.4023062659931202 -86.499417084984557 181.80915863435649 48.68856076529169 22.803582098638724 -113.62353112927943 -139.21867079297004 -24.168659041619829 37.915984511254933 -25.220752397205832 -51.203612788062308 109.66551416201742 151.80970312670289 -4.770650226259022 -15.992860877707862
leaf_weight=226 389 1034 461 1200 773 1840 1155 1908 775 680 457 629 603 598 719 1377 1720 464 485 749 3643 1090
leaf_count=226 389 1034 461 1200 773 1840 1155 1908 775 680 457 629 603 598 719 1377 1720 464 485 749 3643 1090
internal_value=-0.000241872 -0.000402333 4.35245e-05 0.00121097 -0.00480072 -0.00134538 0.00442049 0.00034982 -0.00128415 0.00151857 -0.00311254 -0.00184225 -0.00219907 -0.00420612 0.00283914 0.00193502 -0.00273734 -0.000313505 0.00321772 0.00707038 -0.00127057 -0.00307478
internal_weight=22975 22749 20666 11229 2083 9437 2365 8864 3695 5169 1694 8403 7774 2438 3261 2581 2495 921 1862 1210 5336 1693
internal_count=22975 22749 20666 11229 2083 9437 2365 8864 3695 5169 1694 8403 7774 2438 3261 2581 2495 921 1862 1210 5336 1693
cat_boundaries=0 12 25 27 40 41 55 57 71 85 87 100 101 102 104 106 119 121 122 124 138
cat_threshold=0 0 16 0 0 0 0 0 0 0 0 532576 3758096460 0 0 0 17826120 16777793 0 1073742848 8 517 329252864 268468360 1049600 252146214 319051 44138496 103039072 536875008 1 0 0 0 32768 7168 32 4096 2147484928 10511009 1 4521984 131072 3221225472 2105364 65540 0 0 402669568 32772 1075314704 196648 5 20624 4 3224897744 8228 0 8401940 1073741824 128 142999556 0 0 8192 536870912 2113536 128 1054737 4116 4 4096 12304 1 8192 9043972 2304 0 134307840 536903684 2113536 128 3148309 67108864 4 598482504 205012 35684368 35652720 0 0 142639104 33554436 0 40960 536870912 184576 134217744 4352 2155872804 52 48 2147483648 65588 940051477 66480 2147483656 0 0 0 17825792 0 0 1073741824 0 1 16777216 32896 1024 16532 68638 2 235016708 262208 0 4 1 0 0 536870912 0 65536 0 4194312 0 2099712 67108873 1
is_linear=0
shrinkage=0.045


Tree=75
num_leaves=23
num_cat=20
split_feature=2 0 5 0 0 3 0 3 2 0 0 3 3 4 3 0 3 5 4 3 0 0
split_gain=26.6489 25.7907 16.3214 16.0929 15.1635 12.5107 8.87761 8.68385 8.55652 7.99662 7.98887 7.23182 6.76123 6.62046 6.29179 6.16205 5.85792 5.80188 6.22427 5.13464 7.30997 7.30188
threshold=0 1 4.3882378946731615 2 3 4 5 6 7 8 9 10 11 12 13 14 15 6.5589065201527559 16 17 18 19
decision_type=9 9 10 9 9 9 9 9 9 9 9 9 9 1 9 9 9 10 1 9 9 9
left_child=1 8 5 14 -2 6 13 9 -1 -5 16 -6 -10 -3 -4 17 -7 18 -9 21 -21 -12
right_child=4 2 3 7 11 10 -8 15 12 -11 19 -13 -14 -15 -16 -17 -18 -19 -20 20 -22 -23
leaf_value=-193.95400501219993 498.04162689499441 -45.628733721788429 307.37242072191344 -5.819681873234531 364.84037138464669 -120.20242299895752 -19.905495131286841 55.084404290150232 -120.6347789844319 74.224170149817652 -58.836114293281135 -34.430719248317217 -27.481319464901098 -129.96546266715413 82.054321096614544 8.5605371460568858 -24.103567200023644 65.189345118253073 -53.943948015135135 -12.562916063525916 66.272258666951089 8.6827096466557112
leaf_weight=366 416 372 451 1166 208 465 1659 287 791 1961 1211 340 1143 851 796 2958 938 189 1393 1154 1495 2365
leaf_count=366 416 372 451 1166 208 465 1659 287 791 1961 1211 340 1143 851 796 2958 938 189 1393 1154 1495 2365
internal_value=-0.000222288 -0.000544544 -1.7112e-05 0.00136667 0.0070543 -0.0012286 -0.00374741 0.000615742 -0.00504109 0.00245859 -0.000270942 0.00200893 -0.00379239 -0.0066498 0.00609412 -0.000581215 -0.00332332 -0.00259569 -0.00345125 0.000422078 0.00191939 -0.000689799
internal_weight=22975 22011 19711 9201 964 10510 2882 7954 2300 3127 7628 548 1934 1223 1247 4827 1403 1869 1680 6225 2649 3576
internal_count=22975 22011 19711 9201 964 10510 2882 7954 2300 3127 7628 548 1934 1223 1247 4827 1403 1869 1680 6225 2649 3576
cat_boundaries=0 1 14 27 39 41 54 56 57 71 85 87 89 90 92 105 107 108 110 123 136
cat_threshold=23 1073741900 65568 0 0 16777472 16777793 0 1073742848 8 583 329252864 270565504 1049600 36012032 33556544 4096 16 65536 1024 0 134217728 0 1074302208 134414368 1024 8409216 0 4128 0 0 0 0 0 0 536870912 2 0 2148016224 170133262 298568 33849344 16781312 536870912 0 134217728 1024 0 0 0 8443144 134217872 1048836 2147527225 1345849818 295828 1 0 263184 1 2097152 9961472 0 0 73728 536871936 10506248 67112960 1048596 67110916 6 2097152 10504212 1 8192 1572864 33555460 640 134234112 0 4753664 1275068416 0 76038144 3 1606672 4100 594058792 82136 2 135827472 90240 4112 19013652 1 512 412090368 33554688 0 8192 536903680 4325376 128 784 41473 79847568 139312 2 2165555296 20869 0 50339840 0 2097152 134217732 536870912 0 73728 536903684 10486784 536870912 2147487492 38924 2181332993 67114048 4096 4 16388 0 0 98304 536937472 1073741832 4240 4 2147483944
is_linear=0
shrinkage=0.045


Tree=76
num_leaves=23
num_cat=20
split_feature=2 0 4 3 3 0 0 5 0 0 2 4 3 1 0 5 3 3 0 0 0 1
split_gain=24.7311 22.4456 15.7206 22.0764 20.8454 16.5029 15.6784 13.0904 12.8847 12.0425 11.1788 7.63534 8.35379 8.27546 7.7446 6.69059 6.55143 5.87953 6.46743 5.40002 5.31145 5.29829
threshold=0 1 2 3 4 5 6 4.6681339642869872 7 8 9 10 11 12 13 4.2121001622835372 14 15 16 17 18 19
decision_type=9 9 1 9 9 9 9 10 9 9 9 1 9 9 9 10 9 9 9 9 9 9
left_child=9 10 3 -3 8 7 16 -5 -4 -1 -2 12 13 -8 -14 -7 -6 -12 -19 -13 -17 -16
right_child=1 2 4 5 6 15 11 -9 -10 -11 17 19 14 -15 21 20 -18 18 -20 -21 -22 -23
leaf_value=-9.7118501243063289 -205.46467829281852 -71.562428618871436 -7.1320309252246075 99.041731397834582 -6.0071713085934606 -2.1427873376114439 157.50735741341012 638.96123107143853 -86.870791470269126 429.04778182001917 -82.222048913661595 43.0126995140335 -24.214786438544614 8.9502324294707432 138.79051891814046 1.887914440639979 -66.223475576258096 121.71688936426214 -39.589277270669463 -114.43870363158973 149.11736376059972 8.1083950507670117
leaf_weight=236 354 1066 1545 1052 887 2157 1073 364 2280 530 926 110 1545 1153 430 597 1062 204 746 353 1149 3156
leaf_count=236 354 1066 1545 1052 887 2157 1073 364 2280 530 926 110 1545 1153 430 597 1062 204 746 353 1149 3156
internal_value=-0.000251665 -0.000527542 -4.83968e-05 0.0017931 -0.000913504 0.00297552 0.000190931 0.00712185 -0.00372361 0.00763496 -0.00479706 0.00109168 0.00144619 0.00373995 0.000441863 0.00145402 -0.0034077 -0.0033607 -0.000841996 -0.0045 0.00352689 0.00158838
internal_weight=22975 22209 19979 6385 13594 5319 9769 1416 3825 766 2230 7820 7357 2226 5131 3903 1949 1876 950 463 1746 3586
internal_count=22975 22209 19979 6385 13594 5319 9769 1416 3825 766 2230 7820 7357 2226 5131 3903 1949 1876 950 463 1746 3586
cat_boundaries=0 1 14 15 17 19 33 46 60 72 73 74 76 78 92 94 96 109 122 136 138
cat_threshold=96 3221225548 65536 0 0 16777536 16777797 0 1342178304 8 7 329252864 2130048 1049600 2 37886722 148000 254672900 298060 40140800 109051936 0 2097152 524288 1024 0 0 0 13159424 0 1053952 143890 16 4198400 8388640 2147483648 2105344 403177472 33556736 128 0 536908800 15255552 0 1048580 2155873024 32768 2080 1073741824 133 134348804 0 0 65536 536904704 1073741832 4256 2164264452 67111057 4 0 0 0 0 32768 0 0 0 0 0 0 2228232 1 4 273684816 24578 803941 2612 8650768 119543808 4097 132 4 1024 0 40960 65536 5136 128 16777232 21 6 3763409170 16912 602507816 205012 2147483660 0 0 0 0 0 0 1073742848 0 0 0 128 1024 0 0 0 0 0 0 0 0 0 8 16 2415920128 1 0 4112 1 0 9437184 0 0 65536 4 4096 201326592 2147483664 0 4 1376 52
is_linear=0
shrinkage=0.045


Tree=77
num_leaves=23
num_cat=20
split_feature=0 2 0 0 2 0 5 0 2 0 3 5 3 3 3 3 3 3 1 3 3 0
split_gain=23.7911 18.8302 19.1291 17.7645 12.5106 13.0324 9.86556 11.2792 11.3553 10.3676 9.667 8.91239 8.35879 8.3216 8.01767 7.36555 7.17467 6.55327 6.43328 6.2551 5.3605 11.5428
threshold=0 1 2 3 4 5 5.3351284364833438 6 7 8 9 3.5694334999727624 10 11 12 13 14 15 16 17 18 19
decision_type=9 9 9 9 9 9 10 9 9 9 9 10 9 9 9 9 9 9 9 9 9 9
left_child=-1 2 17 11 5 10 7 12 -9 15 -5 19 -6 -4 -13 -8 -11 -2 -7 -3 21 -10
right_child=1 3 13 4 6 18 9 8 20 16 -12 14 -14 -15 -16 -17 -18 -19 -20 -21 -22 -23
leaf_value=425.462636760257 -69.533486519401052 -152.11942256932667 -94.139749304173364 -70.971554004934035 -16.478381014400203 -221.42227773218917 -59.837317997187924 424.94613656423178 119.44847408912625 196.17700278705712 9.3491740933977781 24.774008294150843 -84.698283936079889 76.333432114201159 195.97519306252673 22.180360374663685 31.168743447330051 -211.94732257444443 -66.63526521364372 55.021033943083857 -9.1186143908308264 -4.1291653562677491
leaf_weight=343 211 218 596 543 1420 507 381 257 845 735 1356 583 1046 407 852 638 1036 501 501 431 7658 1910
leaf_count=343 211 218 596 543 1420 507 381 257 845 735 1356 583 1046 407 852 638 1036 501 501 431 7658 1910
internal_value=-0.000214454 -0.000395469 -0.0049117 -2.25763e-05 -0.000459671 -0.00316804 3.67047e-05 -0.000479525 0.00015587 0.00246597 -0.000953689 0.00390744 -0.00321429 -0.000864532 0.00590292 -0.00115664 0.00453029 -0.0105041 -0.00727941 -0.000449309 -7.98561e-05 0.00161818
internal_weight=22975 22632 1715 20917 18833 2907 15926 13136 10670 2790 1899 2084 2466 1003 1435 1019 1771 712 1008 649 10413 2755
internal_count=22975 22632 1715 20917 18833 2907 15926 13136 10670 2790 1899 2084 2466 1003 1435 1019 1771 712 1008 649 10413 2755
cat_boundaries=0 13 14 27 40 41 54 68 69 82 84 86 88 90 92 94 96 98 100 102 115
cat_threshold=0 0 208 4096 0 0 0 0 0 1073741824 0 532576 65536 1 3221225472 0 0 0 260 0 0 0 0 0 128 2944 48 35684352 64 2785021952 197 65540 32 0 64 524288 16 69808 3712 147585 2 2155937796 131076 1073741824 0 8519680 0 0 0 128 0 8 2147483908 32828 9 50593792 0 8704 1605632 16783429 128 1024 4 32769 446693376 2097152 2148564992 6 32 4096 10498096 1 0 134217728 256 0 8192 0 8523787 352321536 2148565248 1024 184713250 278596 3507065042 160644 2181416472 154184 2884006434 196608 17436706 96808 2287518914 289024 2173325386 81956 1048852 69132 33571332 268516 1575056 196631 0 10516512 0 0 256 0 0 0 99328 67244296 0 2148532240 8396816
is_linear=0
shrinkage=0.045


Tree=78
num_leaves=23
num_cat=18
split_feature=0 0 3 0 2 5 0 0 4 0 3 0 3 3 0 3 0 5 3 5 1 5
split_gain=23.3639 17.8512 13.7663 15.1596 10.2735 8.96496 8.60108 8.26458 8.10919 6.86648 6.01076 6.19746 5.73203 5.35749 5.20518 4.99428 4.74659 4.41938 4.25844 4.13946 4.39382 3.73575
threshold=0 1 2 3 4 6.4052270920020655 5 6 7 8 9 10 11 12 13 14 15 1.2424533248940004 16 4.1971736807086968 17 5.1845846780664209
decision_type=9 9 9 9 9 10 9 9 1 9 9 9 9 9 9 9 9 10 9 8 9 10
left_child=-1 4 3 15 -2 6 13 -5 17 12 16 -12 -10 -4 -6 -3 -11 -8 -7 20 -13 -17
right_child=1 2 5 7 14 18 8 -9 9 10 11 19 -14 -15 -16 21 -18 -19 -20 -21 -22 -23
leaf_value=406.67820884254252 -180.81807284275848 -0.57884838650825254 -205.37181007440833 -41.369764128639396 139.12812016067244 126.50043155242878 -197.829465723471 14.466313306436058 -45.463168590266591 -71.064170035514834 -2.9324568938373705 -42.79640940612444 -2.1225351533468708 -41.810327271776622 -55.120312759706337 124.93883239216663 3.5736173189632243 -83.247344439575429 -2.3511911982676974 85.082698030709608 45.886139810691233 339.46387641776994
leaf_weight=319 346 339 133 952 145 266 105 4649 1906 767 1657 397 2366 2473 1056 1146 1329 245 200 1035 739 405
leaf_count=319 346 339 133 952 145 266 105 4649 1906 767 1657 397 2366 2473 1056 1146 1329 245 200 1035 739 405
internal_value=-0.000245789 -0.000418872 -7.56356e-05 0.00147241 -0.00506575 -0.000927733 -0.00114604 0.000292624 -0.000571131 -0.000339773 0.000651954 0.00171094 -0.00171218 -0.00345493 -0.0030235 0.00494479 -0.00128083 -0.00728693 0.00519231 0.00328791 0.00142355 0.00603167
internal_weight=22975 22656 21109 7491 1547 13618 13152 5601 10546 10196 5924 3828 4272 2606 1201 1890 2096 350 466 2171 1136 1551
internal_count=22975 22656 21109 7491 1547 13618 13152 5601 10546 10196 5924 3828 4272 2606 1201 1890 2096 350 466 2171 1136 1551
cat_boundaries=0 13 26 28 41 42 56 70 71 84 86 99 101 103 115 116 130 132 134
cat_threshold=0 0 144 4096 0 32 0 0 134217728 16 0 532576 65536 1610612812 0 0 268435456 16777476 580 0 0 12 5 312475648 268566664 1049600 3768066520 73988 35684352 102780960 536870912 1 32768 0 0 0 72704 67239936 4096 2147486720 11035285 1 16777216 102826016 0 0 411074560 16777216 0 40960 0 67256642 134217856 2131968 2155872292 16 12587008 8390656 0 2105344 1064960 256 640 402735104 32768 16896 1090519040 16777221 67115010 6 1 2181070849 16782420 0 2147483648 2148007936 33554433 0 1073741824 536941568 8949760 67108880 2147487744 2097673 235280388 37931 6295552 10240 1 8709 212992 4352 0 17472 2048 6292480 0 1049620 67141648 52859426 413200 33554432 512 0 0 0 0 0 0 0 0 0 0 0 128 1619001352 327696 8396800 1 128 0 536871936 0 0 32768 8 16781312 1048832 45056 7 138429954 6144 821504 66098
is_linear=0
shrinkage=0.045


Tree=79
num_leaves=23
num_cat=19
split_feature=2 0 0 4 3 0 0 0 3 3 3 5 0 0 3 3 0 5 1 3 3 5
split_gain=23.264 29.66 16.8544 11.3398 17.7569 17.296 13.4857 10.2909 10.221 8.67919 8.60561 7.8761 7.78964 6.78236 6.76687 5.72124 5.67078 4.84893 4.71943 7.86142 5.32952 4.30525
threshold=0 1 2 3 4 5 6 7 8 9 10 3.4811217321331038 11 12 13 14 15 4.2121001622835372 16 17 18 6.0626210638078133
decision_type=9 9 9 1 9 9 9 9 9 9 9 10 9 9 9 9 9 10 9 9 9 10
left_child=2 -2 10 6 5 15 11 -6 -8 -3 -1 -4 -11 21 -13 -5 -9 -14 19 -10 -20 -7
right_child=1 9 3 4 7 13 8 16 18 12 -12 14 17 -15 -16 -17 -18 -19 20 -21 -22 -23
leaf_value=-151.22716323848653 528.27504533383467 237.01601091120071 -2.91387904345931 47.206745671415078 76.937636716088136 -105.42437727181539 -140.8263455135295 -29.247972336826987 -90.765110406085441 -18.461296582535905 -62.263525624490939 39.137730415353218 6.1973962894354733 -37.284632639862664 309.76934256642352 -11.688224160932913 5.609545644491809 149.36430608120591 98.054063263938986 30.275997291156145 -1.2440676099216217 8.0404558546814222
leaf_weight=555 551 456 329 626 910 1765 282 1480 453 1966 991 235 1006 2436 544 897 3441 1032 947 576 1355 142
leaf_count=555 551 456 329 626 910 1765 282 1480 453 1966 991 235 1006 2436 544 897 3441 1032 947 576 1355 142
internal_value=-0.00025754 0.00245023 -0.00101385 -0.000588862 -0.0013405 -0.00308523 0.00127197 0.000419733 -6.82759e-05 0.00121758 -0.0054878 0.00558482 0.000537849 -0.004531 0.00809539 0.00104072 -0.000396817 0.00248049 0.000639396 -0.0018804 0.00176966 -0.00655419
internal_weight=22975 5011 17964 16418 11697 5866 4721 5831 3613 4460 1546 1108 4004 4343 779 1523 4921 2038 3331 1029 2302 1907
internal_count=22975 5011 17964 16418 11697 5866 4721 5831 3613 4460 1546 1108 4004 4343 779 1523 4921 2038 3331 1029 2302 1907
cat_boundaries=0 1 14 27 28 30 43 56 70 72 74 76 89 103 105 107 120 122 124 126
cat_threshold=7 35651584 67108864 128 0 8388608 536870976 0 0 536871936 524288 0 533600 49668 1077936204 66564 0 268435968 264 2112 0 8192 4 133699 1117782016 3670144 1048576 2 237931556 367839 2155876352 2105344 1677725696 2105477 131076 0 128 82944 0 1073741824 131104 2432697872 67108865 10518528 44040192 0 2097152 268435456 1280 0 134217728 0 15237120 0 272 12822 360448 131072 0 0 3221356544 0 0 32768 2048 1074790656 939724928 36864 61600 5 34607104 16896 8336 65538 54592022 19136 32768 18888756 0 2147483648 17858560 0 0 65536 98304 2101248 402653184 19038488 2048 262144 25296896 1 0 524800 0 0 134217728 536872960 13139968 150995072 37120 2147530284 6 2168472240 212992 265220 300054 2147504129 69206016 0 2105348 134742016 33558784 0 0 536908800 11014160 16777216 285213716 67108870 403440665 1680 566281216 205000 3246916644 77016
is_linear=0
shrinkage=0.045


Tree=80
num_leaves=23
num_cat=20
split_feature=2 0 0 5 4 0 3 0 3 0 3 0 3 2 0 0 3 0 0 5 0 0
split_gain=21.26 29.0855 16.1397 11.4488 12.176 15.5716 13.6993 14.2815 11.4314 9.07515 8.9207 7.15892 6.72215 6.68528 6.21679 6.1569 6.03243 5.53884 4.86655 4.74277 4.57227 4.53099
threshold=0 1 2 3.4811217321331038 3 4 5 6 7 8 9 10 11 12 13 14 15 16 17 6.1147871526576338 18 19
decision_type=9 9 9 10 1 9 9 9 9 9 9 9 9 9 9 9 9 9 9 10 9 9
left_child=2 -2 13 8 5 16 7 19 11 -8 17 -4 -7 15 -10 -1 -5 -3 -11 -6 -12 -9
right_child=1 10 3 4 6 12 9 21 14 18 20 -13 -14 -15 -16 -17 -18 -19 -20 -21 -22 -23
leaf_value=145.43078206114745 504.50266829381201 0.78343677424229097 -158.72500743290738 7.1066561309470853 -82.537339188645277 -94.628569000500164 -24.406472273532053 -26.935294919768129 -92.920251475984458 104.2402661102946 -21.479813715422278 -62.481042686512737 20.904364683922957 -182.11664071274373 11.25144353177904 -92.652133684401917 295.30259458004525 195.77032194410057 14.689437347582789 8.16267884423225 28.201845823187796 6.7172994046182426
leaf_weight=144 541 439 498 205 1585 237 1133 1269 410 552 1439 1537 2286 308 1407 965 635 881 2625 193 1711 1975
leaf_count=144 541 439 498 205 1585 237 1133 1269 410 552 1439 1537 2286 308 1407 965 635 881 2625 193 1711 1975
internal_value=-0.000245789 0.00234272 -0.000968792 -0.000572045 7.97432e-05 0.00240045 -0.00075691 -0.00235101 -0.00272055 0.00110366 0.00113454 -0.0050232 0.000612426 -0.00555808 -0.000110716 -0.00383363 0.00765845 0.00422297 0.00233537 -0.00558101 -0.000170778 -0.000566646
internal_weight=22975 5011 17964 16547 12695 3363 9332 5022 3852 4310 4470 2035 2523 1417 1817 1109 840 1320 3177 1778 3150 3244
internal_count=22975 5011 17964 16547 12695 3363 9332 5022 3852 4310 4470 2035 2523 1417 1817 1109 840 1320 3177 1778 3150 3244
cat_boundaries=0 1 14 27 28 41 43 57 59 72 74 88 90 91 105 117 119 132 145 158 172
cat_threshold=7 35913728 67108864 128 0 8388608 536870976 0 0 1024 524288 0 533600 49668 1077936204 66564 0 512 256 2112 0 1024 4 3651 1117782016 3670144 1572866 2 2129920 125829120 0 2097152 268959744 1024 0 8192 1024 11014144 0 16 2214593040 238024228 73157 2147745792 84017152 1 8192 404226560 33554432 0 0 536873984 4755464 16777344 16809984 34328 2 240388684 318174 18874368 10498048 1073741825 8192 524288 4353 512 134307840 536907776 2768896 0 3077 67109380 137363696 65798 0 0 0 0 134217728 536871936 0 8192 0 9437184 486539408 32768 2147483704 1 1118208 16912 6 8388608 4096 0 2097152 524288 0 0 65536 0 2625536 218103808 1540 67145728 2 0 0 0 0 0 0 0 0 0 0 0 128 29360816 147488 0 9232 0 0 17825792 0 0 65536 32772 5122 402653184 2130176 2048 2156236800 131072 0 1 1179648 0 0 0 0 1074790400 201330832 32768 16400 32768 6196 0 0 17858560 0 0 0 98308 6144 402653184 20086800 2147616768 32768 8650752 0 20 8388608 536870912 0 106496 0 8388624 268439568 276 2147496100 5
is_linear=0
shrinkage=0.045


Tree=81
num_leaves=23
num_cat=19
split_feature=2 0 0 4 3 0 0 0 5 3 3 0 3 3 2 0 5 3 0 5 0 0
split_gain=19.9479 27.3501 15.0372 9.58153 14.3177 13.9802 12.0579 9.07749 8.5912 8.25044 8.21611 7.74367 6.74984 6.31553 5.77925 5.99785 4.9691 4.77649 4.60625 4.50684 7.4841 6.44699
threshold=0 1 2 3 4 5 6 7 3.5114340430413216 8 9 10 11 12 13 14 5.5548938233105778 15 16 4.6395599436855051 17 18
decision_type=9 9 9 1 9 9 9 9 10 9 9 9 9 9 9 9 10 9 9 10 9 9
left_child=2 -2 14 6 5 -5 8 17 -4 -8 -3 -12 16 -10 15 -1 -13 -6 -7 20 -9 -21
right_child=1 10 3 4 7 18 9 19 13 -11 11 12 -14 -15 -16 -17 -18 -19 -20 21 -22 -23
leaf_value=138.88639686839568 481.80004822059016 266.6319775396023 -1.5844303630707144 -104.05797633721915 32.451567278035256 7.1784986955866037 -77.621422104524456 -42.250948633953918 28.435008568172542 13.092216841829721 -16.393174193348187 102.20867483195376 1.9404781516996807 338.67395322071195 -188.6878280506827 -103.34818773658171 655.44530312708707 -48.607630876266448 -31.631166370360223 -0.74154018597524551 12.315161537829772 65.03008239808247
leaf_weight=144 543 336 425 1491 299 1068 732 983 244 2851 2158 789 1069 551 289 765 116 1206 2639 1136 1841 1300
leaf_count=144 543 336 425 1491 299 1068 732 983 244 2851 2158 789 1069 551 289 765 116 1206 2639 1136 1841 1300
internal_value=-0.000218371 0.00228897 -0.000918725 -0.000568602 -0.00125052 -0.00302303 0.00112851 0.000116202 0.00496753 -0.000194019 0.00111496 0.000553813 0.00258308 0.00776349 -0.00576446 -0.00388436 0.00542257 -0.00295155 -0.00153065 0.000998672 -0.00022293 0.00241797
internal_weight=22975 5011 17964 16766 11963 5198 4803 6765 1220 3583 4468 4132 1974 795 1198 909 905 1505 3707 5260 2824 2436
internal_count=22975 5011 17964 16766 11963 5198 4803 6765 1220 3583 4468 4132 1974 795 1198 909 905 1505 3707 5260 2824 2436
cat_boundaries=0 1 14 27 28 30 44 57 71 73 74 87 89 91 92 104 106 119 133 146
cat_threshold=7 35913728 67108864 128 0 0 536870976 0 0 1024 526336 0 533600 49668 1073741900 66564 0 268435968 64 2112 0 0 4 611 1117782016 3670144 1048576 2 254708772 101597 2359297 84017152 0 0 1573120 0 0 134242304 0 9076736 419430528 37120 34348 3 10518528 44040192 0 2097152 268959744 1280 0 0 0 11042816 0 276 75510294 2151698432 10485760 0 8192 134742016 33559808 0 64 536907776 15209472 16777216 285212692 518 2 38818560 16896 16 0 2108468 0 2147483648 18382848 0 0 268500992 98308 2101250 402653184 19038488 2048 2824374464 74388 2176860848 147456 6 0 0 0 0 0 0 0 0 0 0 0 128 542114048 278528 2147487744 2105344 67108864 2097285 268566528 1024 0 0 0 1075838976 135216 2432697344 1 33587200 50331648 4096 2097156 268435712 0 0 65536 0 16 134217744 2147484672 2214628376 1 16 83894272 1 2097152 276824064 536870912 0 73728 1024 16392 67112960 512 9225
is_linear=0
shrinkage=0.045


Tree=82
num_leaves=23
num_cat=20
split_feature=2 0 5 0 0 0 4 2 3 3 0 0 0 5 0 3 3 3 3 4 2 0
split_gain=18.8935 18.5053 14.1662 15.1182 11.689 11.6012 9.99528 7.79855 6.932 6.91939 10.7286 10.3403 6.27345 6.15264 6.70999 8.67127 5.75025 5.68877 5.40069 4.5219 4.48487 4.5586
threshold=0 1 4.2121001622835372 2 3 4 5 6 7 8 9 10 11 6.9092530334720372 12 13 14 15 16 17 18 19
decision_type=9 9 10 9 9 9 1 9 9 9 9 9 9 10 9 9 9 9 9 1 9 9
left_child=1 20 5 6 -2 17 -4 12 -6 11 -11 -7 16 14 15 -9 -5 -3 -8 -13 -1 -22
right_child=4 2 3 7 8 9 18 13 -10 10 -12 19 -14 -15 -16 -17 -18 -19 -20 -21 21 -23
leaf_value=-162.47445260318426 409.90831884545395 -126.21624204505457 504.66892362465728 191.19379292549223 283.29365073934139 17.626516455030487 133.38749669757686 -54.804455666143966 -49.647894664772281 -27.682038040911866 35.322682253431523 -143.57592059571598 181.06343948371034 87.310839906215534 5.4009065533216019 4.2944562243490507 -29.036711899665896 -39.494802734450332 -1.5822565790770022 -55.169267974795076 122.87494035471488 -74.679519394824652
leaf_weight=313 416 519 417 101 226 1000 623 1404 322 1469 2325 143 914 244 4426 1364 512 1267 560 2705 145 1560
leaf_count=313 416 519 417 101 226 1000 623 1404 322 1469 2325 143 914 244 4426 1364 512 1267 560 2705 145 1560
internal_value=-0.000179201 -0.000450552 -3.48663e-05 0.00109657 0.00594775 -0.00130276 0.00510856 0.000373454 0.00152679 -0.000535014 0.000827641 -0.00187694 0.00328947 -0.00022953 -0.000469011 -0.00220144 -0.000252 -0.00455506 0.00301899 -0.00325699 -0.00454433 -0.00357746
internal_weight=22975 22011 19993 10565 964 9428 1600 8965 548 7642 3794 3848 1527 7438 7194 2768 613 1786 1183 2848 2018 1705
internal_count=22975 22011 19993 10565 964 9428 1600 8965 548 7642 3794 3848 1527 7438 7194 2768 613 1786 1183 2848 2018 1705
cat_boundaries=0 1 15 28 40 53 54 55 57 59 73 86 99 112 114 116 118 120 121 122 134
cat_threshold=23 1610612828 65568 0 0 16777216 16777796 128 268435456 8 327 312475648 2654336 1048576 2 36012032 33554496 4224 16 65540 3072 0 134234112 0 1083739136 150994976 1024 8417280 0 4128 0 0 0 0 0 0 536870912 2 0 2148016224 35913729 1075859456 4097 0 1048832 1024 0 134250496 0 76057600 1291845656 268435460 2148024320 2 16 18383888 4100 255069964 301037 4194304 58730560 0 2105348 524300 0 0 1073815552 99328 6291456 0 2147487504 75497986 4 4194304 33695760 0 2105473 131072 0 256 24576 35840 6291472 4096 2164263937 67108866 0 16789524 0 0 134217728 0 0 0 0 2101256 0 2147483664 2048 2164260864 67503108 0 8193 142737408 33554689 0 9216 536908800 147472 4224 1052673 32780 172412836 96803 16 4224 38142982 284712 542168178 151680 1 1 0 0 0 0 0 0 0 0 0 0 0 128
is_linear=0
shrinkage=0.045


Tree=83
num_leaves=23
num_cat=20
split_feature=2 0 5 0 3 0 0 0 4 0 3 0 0 4 2 0 3 0 3 1 5 4
split_gain=16.5993 15.6343 12.1981 10.9417 9.2001 13.0473 11.2833 9.09163 7.71425 7.89403 6.84882 9.90033 8.69034 6.27079 5.65685 5.41744 4.95563 4.49538 4.18542 4.14411 4.09759 4.03069
threshold=0 1 4.3757372435704527 2 3 4 5 6 7 8 9 10 11 12 13 14 15 16 17 18 6.6234007758748676 19
decision_type=9 9 10 9 9 9 9 9 1 9 9 9 9 1 9 9 9 9 9 9 10 1
left_child=7 14 4 13 5 -3 -6 -1 17 -10 11 -5 20 -4 -2 -8 -15 -7 -9 -13 -12 -17
right_child=1 2 3 10 6 8 15 18 9 -11 12 19 -14 16 -16 21 -18 -19 -20 -21 -22 -23
leaf_value=-8.7911997750752562 -158.11908925124641 25.053702111454875 549.3198360973239 -92.605838495829076 -40.918204695951992 -117.04091663696876 68.565671770162155 60.440729440179744 -155.42095597185019 -53.041214638560845 -13.693725052517712 27.956737746015261 49.574971332941203 157.18574230541304 -53.300162573238886 -112.11820354772655 -0.61089877551508831 -0.8298355990921118 429.41176768177814 -14.846126950656943 54.315705870884955 12.585808666624253
leaf_weight=250 304 993 310 463 1434 223 563 140 687 2155 1850 698 3324 390 1525 167 459 1472 376 1873 148 3171
leaf_count=250 304 993 310 463 1434 223 563 140 687 2155 1850 698 3324 390 1525 167 459 1472 376 1873 148 3171
internal_value=-0.000214454 -0.000440462 -8.16497e-05 0.00109462 -0.00111185 -0.00239534 0.000223022 0.00624679 -0.00341778 -0.00485759 0.00052163 -0.00118188 0.00149325 0.00516866 -0.004412 0.00147777 0.00319918 -0.00102092 0.00963068 -7.83972e-05 -0.000850746 0.000779104
internal_weight=22975 22209 20380 9515 10865 5530 5335 766 4537 2842 8356 3034 5322 1159 1829 3901 849 1695 516 2571 1998 3338
internal_count=22975 22209 20380 9515 10865 5530 5335 766 4537 2842 8356 3034 5322 1159 1829 3901 849 1695 516 2571 1998 3338
cat_boundaries=0 1 15 28 30 43 56 68 69 82 84 97 111 112 113 126 128 141 143 145 146
cat_threshold=96 1610612828 65536 0 0 16777472 16777796 0 1342177280 8 839 310378496 2621568 1048576 2 36012032 33685568 4096 16 0 1024 128 134217728 0 560128 134283296 1024 8409216 438568782 303085 6291456 139280 0 2105477 131072 536870912 0 24640 99328 2097168 1073745952 2147485713 75497600 2097152 16783364 0 8192 1572864 570425344 128 134307840 65536 69763072 218107904 2147484676 75513856 0 0 0 2147483648 32768 0 0 0 0 0 0 2228232 2 294912 0 0 0 0 1024 0 134283264 0 8949760 150994944 1048576 2147516940 2806431236 215107 0 2100276 0 0 1048576 0 0 8192 0 4194304 128 784 42496 4096 270336 1 2097153 411566080 536871169 512 73728 536908804 2117640 4096 1081364 0 4 2 1 8699904 67108864 536870912 4 268435456 0 0 0 2048 1074937856 144 17829889 8225 2689635410 84096 0 67109888 1 0 0 0 0 0 4 132096 16777216 33280 2147485696 2147484192 20608 1837537 73810 1
is_linear=0
shrinkage=0.045


Tree=84
num_leaves=23
num_cat=20
split_feature=2 0 5 0 0 0 4 3 0 0 3 3 4 3 3 0 0 5 0 2 3 3
split_gain=16.235 16.8144 11.3635 12.2041 11.0134 10.7599 8.70931 6.66314 8.07885 7.76196 6.00392 5.87102 5.80524 12.8412 9.62911 7.39034 7.119 7.02802 5.99383 5.23186 4.93105 4.68588
threshold=0 1 4.2121001622835372 2 3 4 5 6 7 8 9 10 11 12 13 14 15 6.0461887465411452 16 17 18 19
decision_type=9 9 10 9 9 9 1 9 9 9 9 9 1 9 9 9 9 10 9 9 9 9
left_child=1 19 5 6 -2 10 -4 8 -7 -9 -3 -6 13 -5 16 20 17 -14 -15 -1 -16 -8
right_child=4 2 3 12 11 7 21 9 -10 -11 -12 -13 14 18 15 -17 -18 -19 -20 -21 -22 -23
leaf_value=-151.87274321973499 382.61636640245058 -16.360740126496182 473.60973093246952 -108.3093441455681 285.11802755595528 -72.44625381684962 129.22637855750378 -24.794405903828245 -0.19507258304674904 23.160873185378659 -114.28653310627229 -37.36724314472518 -68.190570054188242 0.57039127000040024 -62.33851059566215 28.893953308067427 -6.1357060464541791 49.309078528032437 141.81644249812621 -68.20938039955989 4.0975430126996795 -1.5267422246370914
leaf_weight=287 416 683 403 353 208 1692 641 1348 2084 2939 809 340 807 670 448 2549 2109 181 1358 1482 615 553
leaf_count=287 416 683 403 353 208 1692 641 1348 2084 2939 809 340 807 670 448 2549 2109 181 1358 1482 615 553
internal_value=-0.00019291 -0.000444422 -7.55406e-05 0.000932501 0.00548668 -0.00120304 0.00454475 -0.000548916 -0.0019245 0.000664689 -0.00469747 0.00120536 0.000291694 0.00219996 -0.000385561 0.00119205 -0.00222178 -0.005355 0.00357353 -0.00463644 -0.00194651 0.00263378
internal_weight=22975 22011 20242 10687 964 9555 1597 8063 3776 4287 1492 548 9090 2381 6709 3612 3097 988 2028 1769 1063 1194
internal_count=22975 22011 20242 10687 964 9555 1597 8063 3776 4287 1492 548 9090 2381 6709 3612 3097 988 2028 1769 1063 1194
cat_boundaries=0 1 15 28 40 54 55 57 71 84 86 88 89 91 93 107 120 134 135 137 139
cat_threshold=23 1610612812 81952 0 8192 0 16777796 0 268436480 136 8262 312475648 2621568 1048576 2 35749904 33554496 67113088 16 4 5120 0 134217728 2048 1083739137 150994976 1024 8417280 0 4128 0 0 0 0 0 0 536870912 2 0 2148016224 2097169 1075838976 4097 0 256 1024 128 134250496 0 76057857 1291845648 268435460 2148024320 1 2 187959052 315085 33914880 67113988 0 0 0 536870912 0 65536 4 1073893384 128 1082112 11321 20 2160066560 58722372 0 2129920 1572868 0 0 65536 536970240 6291456 536870912 1296 75498242 3918582000 229760 1606672 4100 2 37884674 147968 3417302052 75972 0 2360324 0 2097152 134742016 256 0 8192 536908800 2113544 135168 1082116 35328 5 0 83888144 0 0 277348608 570425344 0 8192 536871936 4329472 128 16 33284 0 2103312 1 0 9437184 0 0 65536 4 4096 67108864 2147516432 4 4 1 4112 4106 542233712 153728
is_linear=0
shrinkage=0.045


Tree=85
num_leaves=23
num_cat=19
split_feature=2 0 0 5 4 0 0 3 3 0 0 3 3 3 5 0 3 3 5 3 0 0
split_gain=15.7339 22.3884 12.6829 8.37567 8.90229 11.9409 11.6466 10.1773 8.48359 8.59328 7.55059 7.40004 7.3889 6.78325 6.77245 6.42734 5.74474 4.46049 4.35133 4.12803 4.28478 4.14932
threshold=0 1 2 6.6234007758748676 3 4 5 6 7 8 9 10 11 12 3.5972184255501678 13 14 15 5.344720891341141 16 17 18
decision_type=9 9 9 10 1 9 9 9 9 9 9 9 9 9 10 9 9 9 8 9 9 9
left_child=2 -2 13 4 6 7 14 -6 9 -7 -10 -3 -8 -1 -4 -13 -16 -17 -9 21 -21 -12
right_child=1 11 3 -5 5 8 12 18 10 -11 19 15 -14 -15 16 17 -18 -19 -20 20 -22 -23
leaf_value=-10.487336078571115 406.00355714196627 231.96023536124812 3.4192886772194107 89.093612587519544 -81.343808333447555 -61.091223784008648 -46.748226706147669 -35.682182442081974 -18.688640394348294 -4.0409699528682905 -3.0679773258673957 -16.785615511378893 18.462920603014645 -111.46211052263649 40.468276961283735 116.12099218672876 351.20319843548594 1.5223422705383562 47.343567851109945 -16.738830735823793 34.006214631106197 107.18983203974112
leaf_weight=488 550 448 378 452 1628 1338 1214 1043 1437 2666 231 1893 2471 929 206 854 440 1266 480 811 1069 683
leaf_count=488 550 448 378 452 1628 1338 1214 1043 1437 2666 231 1893 2471 929 206 854 440 1266 480 811 1069 683
internal_value=-0.00020662 0.00202021 -0.000828605 -0.000476931 -0.00064717 -0.00132771 0.000998196 -0.00367768 -0.000422881 -0.00190488 0.000981028 0.000950704 -0.000188666 -0.00489678 0.00521236 0.000329814 0.00805556 0.00202627 -0.0010114 0.00234141 0.00111786 0.00481102
internal_weight=22975 5011 17964 16547 16095 11386 4709 3151 8235 4004 4231 4461 3685 1417 1024 4013 646 2120 1523 2794 1880 914
internal_count=22975 5011 17964 16547 16095 11386 4709 3151 8235 4004 4231 4461 3685 1417 1024 4013 646 2120 1523 2794 1880 914
cat_boundaries=0 1 15 28 29 43 56 58 60 74 87 89 91 93 106 108 110 112 125 138
cat_threshold=7 35651584 67108864 128 512 0 536870976 0 0 65536 526336 0 533600 49668 4 1614807116 328708 0 268435968 256 2112 0 0 4 134722 1115684864 3670144 1572864 2 2097152 25165824 0 0 134742016 256 768 134217728 536903680 15241232 18874368 4100 2155905550 6 10518528 44040192 0 2097152 268435456 1280 0 0 0 11042816 0 276 75510290 2385292812 104694 258949220 68557 327681 100667392 1 8192 276824064 33554432 0 8192 2048 1048576 201326720 35089 69222432 1 2197819409 0 0 2138245 8 536876033 0 65536 0 16392 131072 285214208 13329 1048592 2 55595792 17160 3759984736 209200 32768 18885680 0 2147483648 18382848 0 0 268500992 32772 2101248 402653184 19038488 2048 2176860848 147464 2290653312 65940 9447696 131104 32768 33554432 1 0 9568320 0 0 0 3072 1073741824 4144 2147516672 32 0 4096 1073741824 0 0 33554432 0 8192 0 0 201326720 2065 67110912
is_linear=0
shrinkage=0.045


Tree=86
num_leaves=23
num_cat=19
split_feature=2 0 0 3 5 3 0 2 5 4 3 3 0 0 0 3 3 1 3 5 0 3
split_gain=14.5309 20.75 16.2295 13.5247 8.8044 8.46755 7.27251 8.91416 5.78406 5.57285 15.0594 11.2257 10.9863 9.65494 7.45487 6.31885 4.98809 4.89335 4.60711 4.39514 4.36262 4.36029
threshold=0 1 2 3 5.8678824850335358 4 5 6 4.8481086751891054 7 8 9 10 11 12 13 14 15 16 4.0517471391904856 17 18
decision_type=9 9 9 9 10 9 9 9 10 1 9 9 9 9 9 9 9 9 9 8 9 9
left_child=2 8 5 -4 6 -1 16 -8 18 11 12 -9 -11 21 19 -15 -3 -6 20 -13 -2 -12
right_child=1 4 3 -5 17 -7 7 9 -10 10 13 14 -14 15 -16 -17 -18 -19 -20 -21 -22 -23
leaf_value=-23.566939277661838 12.325728749506489 6.4614790024445385 -154.92022890928013 -17.574045156630909 177.7665711341123 29.763608331195137 353.28579578645576 -52.72327088455269 317.26257401736524 -32.109564195821584 -112.44859226351146 32.033415469149986 73.418654787475774 -39.047219150792571 12.951578289477547 3.4617208803894752 -74.064019364444306 4.930348324088154 20.391919564123345 265.39799841024387 326.56836811697417 -34.350643937749211
leaf_weight=1897 119 557 1389 1108 606 1333 257 940 557 547 774 507 1156 1474 3402 2300 1116 697 717 458 204 860
leaf_count=1897 119 557 1389 1108 606 1333 257 940 557 547 774 507 1156 1474 3402 2300 1116 697 717 458 204 860
internal_value=-0.000190952 0.000461472 -0.00215238 -0.00486947 -3.87857e-05 -4.1641e-05 -0.000360627 8.86734e-06 0.00532784 -0.000166533 -0.000990089 0.000936617 0.0026895 -0.00215037 0.00189598 -0.000891442 -0.00313798 0.0035 0.00336852 0.00536592 0.00772388 -0.00503038
internal_weight=22975 17248 5727 2497 15651 3230 14348 12675 1597 12418 7111 5307 1703 5408 4367 3774 1673 1303 1040 965 323 1634
internal_count=22975 17248 5727 2497 15651 3230 14348 12675 1597 12418 7111 5307 1703 5408 4367 3774 1673 1303 1040 965 323 1634
cat_boundaries=0 1 14 27 29 31 44 45 46 48 50 64 78 92 94 96 98 100 113 115
cat_threshold=3 48267264 0 603979904 0 256 33554464 0 0 528384 0 0 540512 9069696 2147680256 131076 3221225472 133 8519684 0 0 0 134217728 1073741848 135352 2147485184 33 184976918 286294 2321667586 350917 13 16 0 2147491840 1097792 16779328 128 1073741824 12 65 513867776 2228225 1310720 32 2 4199184 344067 54860544 16928 0 8388644 0 2097152 134742016 1024 0 0 3072 7865352 553648128 1048576 2214625792 7 0 128188452 0 512 268435456 536871937 0 134217728 536936448 15368192 1073741824 16 2147516934 4 262144 41943072 0 2097152 8388608 1280 512 0 0 11044864 0 1048576 39440 16 1856381092 43076 1075089558 64256 37920 67592 1623234 262148 2129920 0 0 0 0 0 0 0 0 0 0 256 17408 2225876034 2444
is_linear=0
shrinkage=0.045


Tree=87
num_leaves=23
num_cat=19
split_feature=0 2 0 0 3 2 2 0 3 5 2 0 3 5 5 4 0 3 0 3 0 3
split_gain=13.792 12.3645 12.9179 12.4444 10.3897 9.56315 8.70572 9.49365 8.32336 7.40281 6.69586 7.70109 6.5087 6.01305 8.45591 9.42764 11.6223 14.5297 9.7855 6.85382 6.55329 6.33812
threshold=0 1 2 3 4 5 6 7 8 5.8847132099692177 9 10 11 1.8688348091416842 3.1132683346437333 12 13 14 15 16 17 18
decision_type=9 9 9 9 9 9 9 9 9 10 9 9 9 8 8 1 9 9 9 9 9 9
left_child=5 2 -2 4 -3 -1 7 12 -4 10 -8 -12 -5 -13 -15 18 21 -18 -16 -20 -19 -17
right_child=1 3 8 6 -6 -7 9 -9 -10 -11 11 13 -14 14 15 16 17 20 19 -21 -22 -23
leaf_value=49.590385195669661 -136.72918411023508 -3.9187281121441626 90.587924397566852 -75.811195289156743 124.54222374903907 418.40672478094871 153.15370622401591 -132.3589992250925 -75.905149024051312 45.461422012590482 -59.061586702580605 83.521417708470253 4.9220537126235282 -72.997039062635082 -4.5431837435331905 -74.980028067815979 36.413623702982946 -51.813690911874652 219.71843364002967 37.908446288962949 9.0833821050597177 -12.884361344162297
leaf_weight=755 702 1187 323 486 1321 307 377 801 650 1259 1507 385 1323 927 2553 1075 1917 1380 750 1103 891 996
leaf_count=755 702 1187 323 486 1321 307 377 801 650 1259 1507 385 1323 927 2553 1075 1917 1380 750 1103 891 996
internal_value=-0.000202703 -0.000446408 -0.0041479 -0.000137778 0.00282143 0.00477654 -0.000557998 -0.00295195 -0.000753807 -0.000142744 -0.000443086 -0.000610181 -0.00112438 -0.000227083 -0.00041142 -5.27327e-05 -0.00117513 0.000192857 0.00154152 0.00401743 -0.00223719 -0.00392103
internal_weight=22975 21913 1675 20238 2508 1062 17730 2610 973 15120 13861 13484 1809 11977 11592 10665 6259 4188 4406 1853 2271 2071
internal_count=22975 21913 1675 20238 2508 1062 17730 2610 973 15120 13861 13484 1809 11977 11592 10665 6259 4188 4406 1853 2271 2071
cat_boundaries=0 13 14 27 40 42 43 44 57 59 60 73 75 76 90 92 106 108 121 123
cat_threshold=2097152 131072 1946157264 4112 0 32 320 64 134223872 1073741824 32 532576 217216 1 1107329024 0 0 0 4 0 0 0 0 0 128 2944 48 41975808 33554496 2147487744 2097349 65548 6144 0 0 0 48 4240 3968 10493985 602083878 335464 7 2 2147549188 4 0 0 8519680 0 0 0 128 264 8 2147516420 24 165285988 164 32 13 2149646336 0 2147491840 1097792 16777280 128 1342177280 12 67 446758912 131073 1310720 184910848 278596 2 0 67108916 0 512 403177472 1280 512 134217728 536969216 6979584 1610612736 1048580 2147516932 7 21007184 381499 0 83901460 1 0 142606336 0 0 134291456 536903680 67260672 603979776 2166390800 2056 6 1211666464 47304 262144 25431040 0 0 512 536870912 0 65536 1024 8393736 0 2164260880 67110936 206343268 71854
is_linear=0
shrinkage=0.045


Tree=88
num_leaves=23
num_cat=20
split_feature=0 2 0 0 3 3 5 2 3 2 3 0 0 2 3 0 3 1 0 5 3 0
split_gain=12.3864 10.7364 10.9269 10.3188 9.49342 8.49241 8.33654 9.0053 9.2402 7.53912 6.3957 10.2921 9.50247 7.06001 6.15005 5.8513 5.56202 4.90796 4.73953 4.66103 4.62607 3.91839
threshold=0 1 2 3 4 5 5.8847132099692177 6 7 8 9 10 11 12 13 14 15 16 17 5.6365721362514982 18 19
decision_type=9 9 9 9 9 9 10 9 9 9 9 9 9 9 9 9 9 9 9 10 9 9
left_child=9 2 -2 5 -4 -3 7 8 21 19 11 14 20 -14 -9 -15 17 -8 -10 -1 -12 -5
right_child=1 3 4 6 -6 -7 16 10 18 -11 12 -13 13 15 -16 -17 -18 -19 -20 -21 -22 -23
leaf_value=15.34593488555698 -252.54670104767288 -1.0154473786957168 -102.87425616311528 -20.830274547517547 15.340607087000171 103.75920398765467 10.367381453284379 -31.734775409161429 28.263425018526394 373.23286834985191 -65.976299861244925 -5.0087684071643706 375.0787934147275 34.205007735040525 -104.11797533637075 -0.06171982854759335 1.8936423281631869 169.88001113472441 -68.970351034635129 490.36553692380755 -17.617812177752203 -132.20024026577266
leaf_weight=780 233 1409 799 371 629 1404 278 858 483 304 540 3460 170 1532 458 5650 961 404 471 81 902 798
leaf_count=780 233 1409 799 371 629 1404 278 858 483 304 540 3460 170 1532 458 5650 961 404 471 81 902 798
internal_value=-0.000234038 -0.000476354 -0.00394053 -0.000188607 -0.00240625 0.00233363 -0.000599205 -0.000918923 -0.00363583 0.00426296 -0.000490355 -0.00181391 0.000229957 0.000886067 -0.00518449 0.000663053 0.00244833 0.00551153 -0.000326087 0.00203608 -0.00309491 -0.0063061
internal_weight=22975 21810 1661 20149 1428 2813 17336 15693 2123 1165 13570 4776 8794 7352 1316 7182 1643 682 954 861 1442 1169
internal_count=22975 21810 1661 20149 1428 2813 17336 15693 2123 1165 13570 4776 8794 7352 1316 7182 1643 682 954 861 1442 1169
cat_boundaries=0 13 14 27 40 42 44 45 47 48 50 64 78 79 81 95 97 99 112 114 126
cat_threshold=10551296 0 1879052496 4176 8 4128 64 64 134223872 1073741824 32 532576 217216 1 0 0 0 0 0 0 0 0 0 0 0 2688 16 32768 16448 2248146944 268435589 328196 2048 0 0 0 16 69784 3968 10494001 2181350932 23240 183999014 300769 2 185124354 349389 7 388461420 41848 16409 35914772 1 8704 1605632 536870976 0 0 32768 688128 402653184 2166358016 67109632 1 0 131072 0 32768 16957504 5 0 402670592 65540 4195904 1184890880 2097157 2147516416 6 32 19219296 8960 33570833 3255046144 1 512 2155872512 570425344 512 0 32768 16959488 0 2164260864 1280 17 1627970 10900 540704 1543 2181038080 4096 0 0 131072 0 0 0 0 8 0 2147516416 8 2160069632 327684 2147483648 131072 0 0 131328 0 0 0 536870912 256 0 2147483648
is_linear=0
shrinkage=0.045


Tree=89
num_leaves=23
num_cat=18
split_feature=0 0 3 0 2 0 2 5 0 0 3 5 5 5 3 4 3 0 0 3 0 1
split_gain=11.8546 9.45965 9.00766 11.0781 8.53952 10.6456 7.74135 6.75612 11.354 10.328 5.65173 5.47939 5.38383 5.27891 4.98479 4.8504 9.51861 6.98194 6.10119 5.92579 5.01078 4.28625
threshold=0 1 2 3 4 5 6 3.6505739029280164 7 8 9 6.5589065201527559 2.1383330595080281 5.6365721362514982 10 11 12 13 14 15 16 17
decision_type=9 9 9 9 9 9 9 10 9 9 9 10 8 10 9 1 9 9 9 9 9 9
left_child=6 -2 3 -3 5 -4 13 8 12 10 -9 15 -6 -1 -7 16 21 19 -18 -17 -21 -11
right_child=1 2 4 -5 7 14 -8 9 -10 11 -12 -13 -14 -15 -16 17 18 -19 -20 20 -22 -23
leaf_value=17.825773911077192 -63.062388598480133 80.078327530453848 -176.3180769224241 -1.440603629329489 140.4198960137501 -60.348656725259765 411.53152577171085 -5.184405800724635 -58.146181728797274 -102.60301920848855 79.614197531909937 128.70094730369308 3.1195291209987772 468.29908776223607 -3.2005412881052142 -94.904273190639771 4.4705427317708377 0.64270912177842543 167.52639585171721 8.8041149305955866 -70.403259916045357 -8.8987703881019833
leaf_weight=799 1622 2086 364 3293 154 1514 309 403 1931 286 1312 201 909 81 1864 632 639 2264 746 514 460 592
leaf_count=799 1622 2086 364 3293 154 1514 309 403 1931 286 1312 201 909 81 1864 632 639 2264 746 514 460 592
internal_value=-0.000212495 -0.000452106 -0.000185121 0.00138982 -0.000758769 -0.00261321 0.0041403 -0.000128223 -0.0019526 0.000550553 0.00363492 -0.000290734 0.00177907 0.00191704 -0.00180531 -0.000531785 0.00112252 -0.00149923 0.00343057 -0.00375464 -0.00150609 -0.00252809
internal_weight=22975 21786 20164 5379 14785 3742 1189 11043 2994 8049 1715 6334 1063 880 3378 6133 2263 3870 1385 1606 974 878
internal_count=22975 21786 20164 5379 14785 3742 1189 11043 2994 8049 1715 6334 1063 880 3378 6133 2263 3870 1385 1606 974 878
cat_boundaries=0 13 26 28 41 42 55 56 70 83 85 87 88 90 104 118 120 133 135
cat_threshold=10551296 131072 1879052496 4176 0 4128 64 64 134223872 1073741824 32 532576 217216 1610612828 2147549184 0 2415919104 16777280 16777217 0 1024 132 9029 310378496 2228360 1048576 3768058328 8466 33849344 100663328 0 0 276856832 0 0 0 1024 167936 69760 2147491072 2155880989 3 32768 4096 0 0 256 33554432 0 73728 0 4096 150994944 0 1028 7 262144 10256 0 2097152 8519688 0 0 268500992 536903680 6291458 67108864 2165309456 11790 6 33603584 20544 0 2097156 264 33557504 128 134234112 0 9977856 16777216 1284 75498512 52574756 131584 167941122 346181 2 37966338 214568 17039361 44042288 0 8193 402685952 324 0 0 536870912 6456328 67108864 2148532224 2147484166 2 0 1024 1 0 8421376 256 0 0 536870912 4098 67108864 2147516432 2060 4 235187234 68224 0 2048 0 0 134217728 0 0 0 536870912 132104 0 2147483648 2147483652 269485088 1544
is_linear=0
shrinkage=0.045


Tree=90
num_leaves=23
num_cat=20
split_feature=2 0 0 3 0 5 0 3 4 0 3 0 0 3 3 1 3 3 5 0 3 3
split_gain=11.1503 19.0175 10.5053 6.94275 6.99103 6.49265 9.0572 8.22992 7.27176 12.1111 8.23248 10.513 6.23972 5.69996 5.2626 4.77063 4.4922 4.45167 4.27483 4.24079 4.13575 4.1293
threshold=0 1 2 3 4 3.5694334999727624 5 6 7 8 9 10 11 12 13 14 15 16 6.9092530334720372 17 18 19
decision_type=9 9 9 9 9 10 9 9 1 9 9 9 9 9 9 9 9 9 10 9 9 9
left_child=2 -2 20 -3 -5 6 16 -8 9 14 11 -10 -12 -11 -7 -9 -4 -17 19 -14 -1 -6
right_child=1 3 5 4 21 8 7 15 10 13 12 -13 18 -15 -16 17 -18 -19 -20 -21 -22 -23
leaf_value=-125.76625639121013 644.97945190559994 145.34652239468087 -5.0554729102599048 -15.479650820488986 84.305541179214742 18.48982906339679 27.588435659542537 -111.81573127494353 -64.724310775086991 -96.435900691067147 85.115005128529049 -2.1595970209962796 -30.919292845621474 20.270507942599796 281.1318753504811 -175.48823774017526 -103.77836359292174 2.9525961630466915 98.620912713992567 8.387107943145784 -31.921352599556467 -12.1002397698013
leaf_weight=615 343 705 332 1888 1316 229 1074 673 1499 329 594 3348 1222 2079 592 100 929 1164 120 2389 676 759
leaf_count=615 343 705 332 1888 1316 229 1074 673 1499 329 594 3348 1222 2079 592 100 929 1164 120 2389 676 759
internal_value=-0.000194869 0.00167977 -0.000718458 0.000913462 0.000175472 -0.000413995 -0.00192677 -0.000573106 0.000107031 0.0019429 -0.000539568 -0.00181056 0.000887134 0.000316116 0.00661765 -0.00232042 -0.00510801 -0.000670063 0.00019837 -8.09577e-05 -0.00461051 0.00197293
internal_weight=22975 5011 17964 4668 3963 16673 4272 3011 12401 3229 9172 4847 4325 2408 821 1937 1261 1264 3731 3611 1291 2075
internal_count=22975 5011 17964 4668 3963 16673 4272 3011 12401 3229 9172 4847 4325 2408 821 1937 1261 1264 3731 3611 1291 2075
cat_boundaries=0 1 14 27 29 42 56 58 59 72 74 88 102 104 106 108 110 112 126 128 130
cat_threshold=7 35651584 67108864 128 0 0 64 0 0 0 524288 0 9312 49664 1077936204 66564 0 268435968 0 64 0 0 4 3683 1115684864 3702912 1572864 3154096 65538 0 2112624 0 2147483648 18382848 0 0 65536 65536 2103296 402653184 19038488 2048 44040192 67112960 0 0 134217732 1024 0 0 1024 9961728 220200960 268436992 2223034880 7 3234574514 140545 2 2129920 125829120 0 2097152 270008320 1024 0 0 1024 11010048 0 4 2214593044 707769892 7645 2147745808 52559872 1 2105344 524288 0 0 0 536870912 4755456 16777344 16777472 42524 6 33849360 33685504 0 1 2147614724 0 0 0 2048 1074790656 335544464 512 59392 6 1069056 16896 2172666544 147456 270010373 2576 1075140192 459824 100663300 512 2113536 8396800 1073741825 8192 411041792 33558784 0 134225920 536875008 9060352 0 3093 1 1 63144468 17092 701272128 31620
is_linear=0
shrinkage=0.045


Tree=91
num_leaves=23
num_cat=19
split_feature=0 3 0 0 2 2 5 0 0 3 3 1 3 0 0 3 5 0 5 3 0 3
split_gain=11.0911 9.39309 10.1687 8.31729 8.27069 6.45727 6.06223 10.0646 7.37645 6.08195 5.86968 6.1374 5.3264 13.1105 7.36675 6.11378 4.5068 4.24541 3.98511 3.79676 3.69809 3.81194
threshold=0 1 2 3 4 5 4.0689902272260703 6 7 8 9 10 11 12 13 14 5.9335696915338003 15 5.6365721362514982 16 17 18
decision_type=9 9 9 9 9 9 10 9 9 9 9 9 9 9 9 9 10 9 10 9 9 9
left_child=5 3 -3 -2 -4 18 8 9 19 16 17 -12 13 -9 15 -14 -8 -10 -1 -6 21 -5
right_child=1 2 4 20 6 -7 7 12 10 -11 11 -13 14 -15 -16 -17 -18 -19 -20 -21 -22 -23
leaf_value=10.54993506700117 -107.2257902756095 -45.205991709479164 335.24932504058347 -40.699640717011206 -19.649879860422026 372.09772226339896 120.37654983287045 -38.199713541115848 -85.935232608606483 14.898575312766752 -54.329651439796159 23.688506747297215 -1.6120669597785309 27.717317742390041 4.3789253736601133 158.86983087950108 426.94066215814956 -34.508192824030409 496.93547002252308 30.571743849748344 -19.591374435892192 43.351259216370018
leaf_weight=779 765 1610 219 329 522 306 768 1858 732 770 688 1184 277 1963 2976 539 152 2117 77 1261 2622 461
leaf_count=779 765 1610 219 329 522 306 768 1858 732 770 688 1184 277 1963 2976 539 152 2117 77 1261 2622 461
internal_value=-0.000159616 -0.00038866 6.62965e-05 -0.00230425 0.000409652 0.00410136 0.00028589 0.00102284 -0.000767753 0.004151 -0.00169713 0.000262739 0.000321639 -0.000862901 0.0015142 0.00527174 0.00661481 -0.0029806 0.00202189 0.0016922 -0.00134054 0.00134663
internal_weight=22975 21813 17636 4177 16026 1162 15807 9303 6504 1690 4721 1872 7613 3821 3792 816 920 2849 856 1783 3412 790
internal_count=22975 21813 17636 4177 16026 1162 15807 9303 6504 1690 4721 1872 7613 3821 3792 816 920 2849 856 1783 3412 790
cat_boundaries=0 13 15 29 43 44 45 59 73 75 77 79 81 94 107 109 123 125 139 141
cat_threshold=10551296 131072 1879048400 4176 8 4128 64 0 134223872 1073741824 32 532576 217216 103219718 1608 1073745992 65536 0 2147491840 268451840 1 128 402653184 98436 67117060 1386283008 2097292 1048576 2 1073774592 33554464 0 0 33024 1024 0 8192 0 9048320 201326592 384 2147486208 1 32 7 33849361 33554496 4096 0 98304 3072 0 0 0 1576193 603979792 1536 2155874820 1 278528 67117072 0 2129921 8650816 16777216 256 8192 0 2117632 4224 2165313808 2105393 20 3893908656 16388 138431768 22964 1344012305 8757 2840130848 223233 0 94387252 0 512 143654912 33554432 0 8192 0 4329474 16777344 2147485968 1 0 85985296 0 0 1048576 536870912 0 0 0 135168 16777344 2147483664 1 1083179072 4 33587200 4192 0 0 256 1024 0 0 0 13238272 553648144 268435456 2147483652 1 1627401440 278533 0 25167888 0 2097153 134217732 536870912 0 98304 33792 4194306 4224 2052 17 2 33817092 1024
is_linear=0
shrinkage=0.045


Tree=92
num_leaves=23
num_cat=19
split_feature=0 2 0 0 3 3 3 0 0 2 3 5 0 0 3 4 5 5 1 3 3 0
split_gain=10.5905 8.94193 10.8464 10.3557 7.68712 7.27134 7.0322 7.66276 7.16991 7.13216 6.93665 6.16933 10.5107 6.91394 5.04802 5.55382 4.6123 3.87747 3.71999 4.12939 3.66995 13.3393
threshold=0 1 2 3 4 5 6 7 8 9 10 5.3589392201907193 11 12 13 14 5.8847132099692177 0.89587973461402759 15 16 17 18
decision_type=9 9 9 9 9 9 9 9 9 9 9 10 9 9 9 1 10 8 9 9 9 9
left_child=10 2 -2 5 -4 -3 7 -5 -8 -10 -1 13 -13 14 15 -11 -12 -16 19 -15 -20 -22
right_child=1 3 4 6 -6 -7 8 -9 9 11 16 12 -14 18 17 -17 -18 -19 20 -21 21 -23
leaf_value=264.83843612297079 -179.53304652242807 0.33279721642051296 68.955806086686465 2.4390951828216929 -72.555790103140026 117.14006660824344 -51.630851891772686 -44.592311658531649 320.16310541375731 -20.861514542032726 1.051667384751763 114.12603514859065 -2.1286632650622779 238.50001270126484 272.57078431096596 -92.359636627756828 887.87947150308139 -9.3339132915197105 -9.2629664221356141 28.872932031476648 48.928151365034189 -26.287291064453747
leaf_weight=426 471 918 365 1541 825 1056 1219 2240 217 798 642 1034 1509 131 38 786 48 1699 3525 276 1672 1539
leaf_count=426 471 918 365 1541 825 1056 1219 2240 217 798 642 1034 1509 131 38 786 48 1699 3525 276 1672 1539
internal_value=-0.000183118 -0.000402245 -0.00356396 -0.000140277 -0.00123544 0.00294562 -0.000476256 -0.00220076 -2.33483e-05 0.000282185 0.00406915 0.000143444 0.00213065 -0.000339671 -0.00203195 -0.00386278 0.00121795 -0.000347341 0.000449686 0.00456444 0.000193391 0.0012915
internal_weight=22975 21859 1661 20198 1190 1974 18224 3781 14443 13224 1116 13007 2543 10464 3321 1584 690 1737 7143 407 6736 3211
internal_count=22975 21859 1661 20198 1190 1974 18224 3781 14443 13224 1116 13007 2543 10464 3321 1584 690 1737 7143 407 6736 3211
cat_boundaries=0 13 14 27 40 42 44 46 60 74 75 77 91 105 107 108 110 112 114 127
cat_threshold=10551296 131072 1879048400 4176 0 4128 64 64 134219776 1073741824 32 532576 217216 1 32768 0 0 0 0 0 0 0 0 0 128 2944 48 33587200 64 2248146944 268436101 327684 0 0 0 4096 48 69784 3712 10493985 165154912 65700 65212966 334560 388377124 1608 2151940096 92536832 1 0 135266304 536871936 0 98304 33796 5246978 33554432 2167406612 33288 2 4198464 65536 0 2147516416 17825856 1 128 402685952 132 67108928 1386217472 2228229 1048578 2 32 1754738 73760 0 117703680 0 0 33024 536871936 0 0 536870912 4718593 67108864 0 2214627868 4 0 117702656 1 8192 2424471552 2116 0 1073823744 536871944 4720643 0 0 2147516936 5 134825282 280884 2 101 16 4718608 24704 1759106048 188544 8 31796 0 0 16392 570425344 0 8192 65536 168192 67108864 2148532240 67109904
is_linear=0
shrinkage=0.045


Tree=93
num_leaves=23
num_cat=20
split_feature=0 5 0 0 4 2 2 3 0 0 0 3 3 0 0 3 3 5 3 3 0 0
split_gain=9.8774 8.80462 13.498 11.0904 7.73848 7.272 6.87011 6.75782 9.4023 8.05734 6.36482 6.40632 6.09274 6.35471 5.96743 5.22124 3.96065 3.84773 3.81623 3.31648 2.89784 2.8942
threshold=0 4.0517471391904856 1 2 3 4 5 6 7 8 9 10 11 12 13 14 15 5.5664324555418956 16 17 18 19
decision_type=9 10 9 9 1 9 9 9 9 9 9 9 9 9 9 9 9 10 9 9 9 9
left_child=-1 2 16 5 -4 -3 -5 9 -9 -6 11 -8 14 19 -12 -7 -2 -17 -11 -14 -10 -20
right_child=1 3 4 6 7 15 10 8 20 18 12 -13 13 -15 -16 17 -18 -19 21 -21 -22 -23
leaf_value=392.61606318132317 -39.910837361545092 490.96679776869723 -111.47642464540569 394.84164326356574 23.453861694348305 178.88721318912511 13.23625998483123 -34.013836671243986 76.898800947749805 -170.66852370472503 22.66073243000006 -58.568792183288437 20.212149240839171 39.134160469413146 -18.799967607161271 -11.440254186839228 -136.60654732032071 169.58336348871546 -64.580827791129479 -14.601196192318421 24.420982655381586 -15.899973273309605
leaf_weight=242 387 202 418 102 1069 415 358 1168 119 240 735 994 605 3838 3311 647 649 148 1160 1746 2492 1930
leaf_count=242 387 202 418 102 1069 415 358 1168 119 240 735 994 605 3838 3311 647 649 148 1160 1746 2492 1930
internal_value=-0.000143948 -0.000242361 -0.00127517 0.000516866 -0.000684828 0.00426615 5.96103e-05 -0.000379584 0.0010149 -0.00157617 -4.84956e-05 -0.00293622 0.000335952 0.00122279 -0.00102021 0.00287234 -0.00609733 0.000697026 -0.00266607 -0.000618917 0.00251334 -0.00221954
internal_weight=22975 22733 9632 13101 8596 1412 11689 8178 3779 4399 11587 1352 10235 6189 4046 1210 1036 795 3330 2351 2611 3090
internal_count=22975 22733 9632 13101 8596 1412 11689 8178 3779 4399 11587 1352 10235 6189 4046 1210 1036 795 3330 2351 2611 3090
cat_boundaries=0 13 27 40 41 42 43 45 59 73 87 89 91 105 119 121 123 125 127 139 153
cat_threshold=0 0 144 4096 0 32 64 64 0 0 0 8288 65664 1107296281 1090535424 4097 16 0 1024 128 134217728 4 2625 1268776960 0 2149072896 1 44072960 131136 4096 2097168 65536 5120 0 134217728 67584 1074792704 48 1024 2159038720 1 16 32 1780903500 40629 6291456 2052 0 2097152 135266304 0 0 1073750016 536937472 5804290 67112960 2655380 67142144 4 2097152 131072 536870912 2097153 8388616 0 0 268443648 536872960 2129936 67112992 2148008849 33280 6 1090523136 2098228 0 8192 3221225728 50331905 0 268444672 32768 16387 276824064 16781441 0 2 2281801290 133216 262649382 199755 4194304 75501568 1 5 427950080 0 128 65536 536875012 4227080 1109463040 3178500 8192 5 16 8650752 1073741825 1 268435456 0 0 0 4 4751360 167907328 1572868 67117072 5 563610656 90404 3787493600 14464 33556552 1 1347422216 303504 0 67108864 1610612736 0 0 0 0 0 0 0 128 16781312 32768 67179520 0 8320 524288 0 0 32768 0 80217088 268435472 18876420 1052 16
is_linear=0
shrinkage=0.045


Tree=94
num_leaves=23
num_cat=19
split_feature=2 0 0 3 0 3 5 4 3 0 0 0 3 0 3 0 3 5 5 0 1 3
split_gain=9.70371 18.5407 9.4633 6.43756 6.43897 6.35835 5.9689 6.37697 9.72432 12.6215 9.75936 9.51494 6.86882 5.62763 5.54437 5.23048 5.72029 4.89321 4.49455 4.38881 4.38875 6.96398
threshold=0 1 2 3 4 5 6.6234007758748676 6 7 8 9 10 11 12 13 14 15 4.6101453514146771 6.1366459725839873 16 17 18
decision_type=9 9 9 9 9 9 10 1 9 9 9 9 9 9 9 9 9 10 8 9 9 9
left_child=2 -2 14 19 -5 -6 7 11 9 18 -10 17 -13 -12 -1 16 -11 -4 -9 -3 21 -14
right_child=1 3 6 4 5 -7 -8 8 10 15 13 12 20 -15 -16 -17 -18 -19 -20 -21 -22 -23
leaf_value=-11.299147278670061 548.88632804016868 436.83741811092176 40.566090136250821 -14.209988316697453 123.17158103103513 -16.641904843846824 75.547142733523316 -91.169581225067446 -39.221805497502025 51.948579443902268 74.277648361807081 -82.836610420252285 -76.872290277400168 4.5782975165091191 -117.74474371180175 -28.236936491962659 -12.310381996671421 361.38855146598587 14.705243213504819 87.023009709803006 26.591261773431615 27.063687869222029
leaf_weight=487 356 111 762 2312 1154 728 446 1521 1367 686 723 416 477 3485 821 2858 683 232 172 350 2236 592
leaf_count=487 356 111 762 2312 1154 728 446 1521 1367 686 723 416 477 3485 821 2858 683 232 172 350 2236 592
internal_value=-0.000104779 0.00164394 -0.000593291 0.000872616 0.000310271 0.00225713 -0.000302376 -0.000444115 -0.0010157 -0.00228338 0.000334258 0.000949226 -0.000102465 0.00140758 -0.00426136 -0.000960722 0.0013197 0.00483101 -0.00555572 0.00585095 0.000590142 -0.0017692
internal_weight=22975 5011 17964 4655 4194 1882 16656 16210 11495 5920 5575 4715 3721 4208 1308 4227 1369 994 1693 461 3305 1069
internal_count=22975 5011 17964 4655 4194 1882 16656 16210 11495 5920 5575 4715 3721 4208 1308 4227 1369 994 1693 461 3305 1069
cat_boundaries=0 1 14 27 29 42 44 45 47 61 74 87 89 103 105 118 120 133 135 137
cat_threshold=7 33554432 67108864 128 0 0 64 0 0 0 524288 0 9312 16900 1614807116 2147550212 0 512 0 16779328 0 0 132 134723 1115684864 3670144 1572864 10256 65538 32768 2112628 0 2147483648 1605632 0 0 268500992 66560 2102274 402653184 19038488 2048 2841415904 7044 2 2385429540 367829 2457600 83886080 1 0 1573120 0 0 32768 536905728 4718592 18874368 36869 2147533356 7 2097153 2367488 4096 2138112 134217736 4096 0 134283264 536875008 11042816 0 16778512 67110406 10485760 44040192 0 2097152 524288 1280 0 0 8 2654208 0 276 67121682 34607616 16896 33849344 131072 1610612736 4 2417099264 260 0 32768 2048 1073742080 335745024 36865 24608 6 3357331490 80176 2155892737 2105344 1140854784 8193 524 0 0 82944 0 272 268566576 2432697856 67110912 2147763204 267473 0 4096 0 0 0 0 0 0 0 4096 0 2147483664 8 939793681 1584 566771712 139720
is_linear=0
shrinkage=0.045


Tree=95
num_leaves=23
num_cat=19
split_feature=0 4 0 0 3 2 0 0 0 3 5 3 5 2 0 3 2 5 0 3 3 3
split_gain=9.6174 8.30838 8.09418 8.05571 8.34265 7.87301 9.3663 6.83898 6.49527 8.37371 5.81897 5.45765 5.11902 4.28427 4.1681 3.86308 5.80633 3.83746 3.52258 5.60802 3.98043 3.37889
threshold=0 1 2 3 4 5 6 7 8 9 6.9092530334720372 10 4.7578820629520608 11 12 13 14 5.5816130673839615 15 16 17 18
decision_type=9 1 9 9 9 9 9 9 9 9 10 9 10 9 9 9 9 10 9 9 9 9
left_child=-1 2 -2 -3 7 8 12 -5 9 13 21 -8 14 -6 -7 16 -4 -11 20 -20 -13 -10
right_child=1 3 15 4 5 6 11 -9 10 17 -12 18 -14 -15 -16 -17 -18 -19 19 -21 -22 -23
leaf_value=439.73406103120334 3.4208516263291675 -61.161939835434637 36.973110860132891 12.365292360555049 0.46148154171269196 498.54297370135561 132.82851469919805 -86.63908655335959 -14.568406220924807 57.729389624707977 96.114793347908147 11.5092336760147 510.28008657537237 -164.45302159574334 -8.4673685792665125 -202.37815997213045 -208.17556843655541 365.45930608046683 103.52387653474962 -6.9315663406821839 -30.632313912660155 1.6581974899335363
leaf_weight=226 427 1145 116 444 816 102 494 875 6787 1371 230 371 337 134 250 351 110 99 876 978 774 5662
leaf_count=226 427 1145 116 444 816 102 494 875 6787 1371 230 371 337 134 250 351 110 99 876 978 774 5662
internal_value=-0.000112613 -0.000206603 -0.00420477 -2.17271e-05 0.000183388 0.000421008 0.00214592 -0.00326258 -5.80703e-05 0.00207237 -0.000466275 0.00118759 0.00690086 -0.00121622 0.00317797 -0.00760187 -0.00264706 0.00419028 0.000455829 0.00166399 -0.00149741 -0.000598145
internal_weight=22975 22749 1004 21745 20600 19281 4182 1319 15099 2420 12679 3493 689 950 352 577 226 1470 2999 1854 1145 12449
internal_count=22975 22749 1004 21745 20600 19281 4182 1319 15099 2420 12679 3493 689 950 352 577 226 1470 2999 1854 1145 12449
cat_boundaries=0 13 14 27 40 42 43 56 69 82 84 86 87 100 101 102 114 116 118 120
cat_threshold=0 0 268435600 4096 0 32 0 0 0 0 0 8288 65664 1 3221225472 0 0 0 131072 0 0 0 0 0 4224 2415920640 1 1610612809 2147549264 0 268443776 16793600 516 0 0 140 67117125 312475648 268566536 1048576 103153668 1024 7 35684352 67108864 0 512 0 536870976 0 0 0 526336 0 1024 8446476 32768 2048 0 0 134217728 0 0 65536 536870912 1077936128 128 2149582352 2147483681 10534912 0 3825205248 2097232 131840 1024 192 49152 524288 1073741824 4152 6912 8396816 139495954 299136 8390832 2 6 32768 0 0 0 0 0 0 0 0 0 0 1024 41472 8519896 38 0 18885636 0 2147483648 1573120 0 0 0 66560 2102272 134217728 18907152 2287506496 67908 16859650 348672 700544514 207389
is_linear=0
shrinkage=0.045


Tree=96
num_leaves=23
num_cat=18
split_feature=0 2 0 3 0 3 3 3 0 0 5 0 5 0 3 0 5 0 0 3 2 5
split_gain=9.22676 7.972 11.2531 10.2244 9.48379 7.68099 5.69451 5.28849 8.66278 8.62939 5.38062 6.13147 6.00201 5.01431 4.85522 4.74262 4.85283 4.04014 3.99686 3.91913 3.72949 3.70238
threshold=0 1 2 3 4 5 6 7 8 9 5.772996334337213 10 1.4978661367769956 11 12 13 3.2769667020129059 14 15 16 17 3.5408542930527882
decision_type=9 9 9 9 9 9 9 9 9 9 10 9 10 9 9 9 10 9 9 9 9 10
left_child=-1 2 5 15 6 -2 -3 8 14 19 11 12 -11 -5 -6 16 -4 -10 -12 -9 -13 -14
right_child=1 4 3 13 7 -7 -8 9 17 10 18 20 21 -15 -16 -17 -18 -19 -20 -21 -22 -23
leaf_value=325.14117989117324 -29.412085701074474 188.81772885247028 -259.1522298394184 -103.91106959853077 -6.1359491210623673 16.617290629862474 31.775487826606039 -105.95105261705928 40.013619691086333 150.01387888166835 302.20408938525577 16.835805119519428 -71.048041270976356 6.2958486564241678 -73.049015486879838 -152.77590316281982 68.133072744259891 -3.9896723052158811 32.541856497160076 -7.6039241310967185 266.25646319823795 -10.443442336974567
leaf_weight=253 1784 432 65 267 561 1859 1381 458 358 235 301 4441 483 686 942 792 196 3482 624 687 238 2450
leaf_count=253 1784 432 65 267 561 1859 1381 458 358 235 301 4441 483 686 942 792 196 3482 624 687 238 2450
internal_value=-0.000112613 -0.000209818 -0.00167329 -0.00437066 0.000275241 -0.000178523 0.0033411 -9.13436e-05 -0.00123109 0.000523467 0.0010041 0.000622054 -0.00090566 -0.000955959 -0.00411386 -0.00741549 -0.0018956 -9.34579e-05 0.00424757 -0.00313094 0.00165476 -0.00146422
internal_weight=22975 22722 5649 2006 17073 3643 1813 15260 5343 9917 8772 7847 3168 953 1503 1053 261 3840 925 1145 4679 2933
internal_count=22975 22722 5649 2006 17073 3643 1813 15260 5343 9917 8772 7847 3168 953 1503 1053 261 3840 925 1145 4679 2933
cat_boundaries=0 13 14 27 29 42 44 46 48 61 75 89 101 103 115 129 142 144 145
cat_threshold=0 0 1073741968 4096 0 32 0 0 0 0 32 8288 65536 3 2147614720 131076 2147483648 133 8519684 0 0 0 134217728 1073741848 67244184 2415920644 32825 50726420 23134 48271360 131072 603979840 0 8389376 0 0 64 6144 1064960 0 5888 11166848 2321602050 346309 3359147202 32 937894510 165480 16777216 35652708 4097 8192 269516800 4 0 0 1024 558338 234881024 2167408784 67108864 0 327680 0 32772 17956864 16777472 128 402751488 98316 16779328 1923153920 131076 0 2 0 83888144 0 8192 2550186048 2116 0 0 536870912 71832585 0 2621441 2148565516 4 33587200 4096 0 0 0 33554432 0 0 0 0 16777216 2176 19137096 96 42008576 4096 0 0 0 33554432 0 0 0 256 0 34944 0 262144 0 16 131080 0 0 98304 4 0 1073807360 524292 4096 2 0 67108864 0 0 32768 0 0 0 0 4718592 0 0 2147484184 18576 65556 20
is_linear=0
shrinkage=0.045


Tree=97
num_leaves=23
num_cat=20
split_feature=5 0 0 0 4 0 3 3 0 0 3 0 0 1 3 2 3 3 2 3 5 0
split_gain=8.37057 11.6248 9.10977 6.50398 6.04275 5.84276 7.08318 5.51918 8.78568 7.0046 4.54042 6.35308 6.04617 3.9595 3.43416 3.43259 3.59382 3.31681 3.19914 3.13642 3.0438 2.94437
threshold=4.3882378946731615 0 1 2 3 4 5 6 7 8 9 10 11 12 13 14 15 16 17 18 1.7005986908310777 19
decision_type=10 9 9 9 1 9 9 9 9 9 9 9 9 9 9 9 9 9 9 9 8 9
left_child=2 4 -1 -3 -2 6 -4 8 14 19 11 -5 17 -10 -7 16 -14 21 -6 -9 -15 -12
right_child=1 3 5 10 18 7 -8 9 13 -11 12 -13 15 20 -16 -17 -18 -19 -20 -21 -22 -23
leaf_value=-81.765872232619614 398.35520617009018 -53.538844182077916 170.41957506196596 -33.672027215852466 35.755994972613003 -57.220624501788222 2.0573576793400572 5.4526700635812997 33.671247863566819 -10.710542088013389 12.262458059989566 3.8434576261640903 -3.4921126181118596 82.247249558413202 -112.29736051008996 153.88749473616596 55.097825731590923 13.324921020621149 417.9318698217499 67.241712882641963 -22.038953220723304 -43.955219558372718
leaf_weight=974 340 529 345 987 767 951 817 844 493 3566 356 3031 817 143 783 669 1273 923 146 732 2829 660
leaf_count=974 340 529 345 987 767 951 817 844 493 3566 356 3031 817 143 783 669 1273 923 146 732 2829 660
internal_value=-0.000126322 0.00081 -0.000914136 0.000255212 0.00485573 -0.000556882 0.00245315 -0.000897566 -0.00193005 0.000148428 0.000551673 -0.000558313 0.0015 -0.000614754 -0.00453608 0.00285005 0.00192674 -0.000426704 0.00297541 0.00263539 -0.0012366 -0.00218872
internal_weight=22975 10498 12477 9245 1253 11503 1162 10341 5199 5142 8716 4018 4698 3465 1734 2759 2090 1939 913 1576 2972 1016
internal_count=22975 10498 12477 9245 1253 11503 1162 10341 5199 5142 8716 4018 4698 3465 1734 2759 2090 1939 913 1576 2972 1016
cat_boundaries=0 13 26 38 39 52 54 56 70 84 86 100 114 116 118 119 121 123 124 126 140
cat_threshold=35684352 41943040 4096 16 0 3072 128 134217728 1024 8948736 32 9248 8411136 1109393433 33554496 4096 16 0 33555520 640 134217728 4 526401 1084227584 2097156 1589248 2147483648 16 0 8192 1090650112 1 0 8192 32768 147522 33554432 16814209 2 16859136 131120 4026531840 193 0 0 256 268435456 6144 3145744 4128 16789569 2236545 2287629314 139360 171388486 28365 32772 67108864 0 0 8 0 0 90112 0 8541184 1023410304 1081472 2147487290 17 294912 67109888 0 4 411172872 0 0 1073766400 8 1082265608 16777360 1605632 2147485234 4 2923935236 153947 262160 86117408 0 1 0 0 0 0 536870912 4096 16777360 2624272 42496 6 1073741824 12292 1 2097664 412647680 536871168 0 65536 4096 2101256 469766144 16 67108869 7 536903904 129 134349380 20105 7 25692352 328708 2113714 73888 7 2168488240 266274 0 12292 1 0 268435456 536870912 0 0 0 4096 67108864 0 5 4
is_linear=0
shrinkage=0.045


Tree=98
num_leaves=23
num_cat=20
split_feature=2 0 0 3 2 5 0 3 0 4 3 2 3 0 0 3 5 3 0 0 3 3
split_gain=7.80389 16.6436 10.2648 8.0497 6.92666 6.52301 10.0888 6.3494 6.072 7.09319 6.93366 6.1341 6.00545 11.4002 8.41344 5.95041 5.70926 5.24297 7.724 7.2086 4.49276 4.28441
threshold=0 1 2 3 4 4.0517471391904856 5 6 7 8 9 10 11 12 13 14 1.2424533248940004 15 16 17 18 19
decision_type=9 9 9 9 9 10 9 9 9 1 9 9 9 9 9 9 8 9 9 9 9 9
left_child=2 4 20 -4 15 6 7 -3 9 21 -11 -10 13 -13 -14 -2 -8 19 -19 -18 -1 -7
right_child=1 5 3 -5 -6 8 16 -9 11 10 -12 12 14 -15 -16 -17 17 18 -20 -21 -22 -23
leaf_value=-227.69596677422084 1.0175022126568547 -19.973324798370484 -78.680150786555899 32.397214303866058 454.34655973387191 416.96191702498527 80.554408215997611 -128.58969024784432 364.23789111155133 93.213513143940062 -19.868315308732235 -61.218427778294313 -14.427247918740303 3.4922894553673904 19.839011370259978 108.61846267947102 -72.609030907515191 27.211800910863968 -30.308492662253411 -4.9593186446064648 -87.509179233777758 98.341442895862983
leaf_weight=210 876 484 616 634 325 216 403 780 100 460 711 992 2426 1860 4226 816 1209 1759 1764 1527 303 278
leaf_count=210 876 484 616 634 325 216 403 780 100 460 711 992 2426 1860 4226 816 1209 1759 1764 1527 303 278
internal_value=-0.000112613 0.000127214 -0.00297887 -0.000748811 0.0040032 -0.000282319 -0.00127144 -0.0049373 0.000413229 0.00291145 0.00101662 -2.33985e-05 -0.000146595 -0.00186976 0.000594238 0.0027993 -0.000566377 -0.000902012 0.000248232 -0.00237445 -0.00827143 0.00743952
internal_weight=22975 21212 1763 1250 2017 19195 7926 1264 11269 1665 1171 9604 9504 2852 6652 1692 6662 6259 3523 2736 513 494
internal_count=22975 21212 1763 1250 2017 19195 7926 1264 11269 1665 1171 9604 9504 2852 6652 1692 6662 6259 3523 2736 513 494
cat_boundaries=0 1 14 27 29 30 44 46 59 60 62 63 65 78 92 94 96 109 122 124 126
cat_threshold=1 33587200 0 3825205440 4288 16777220 0 0 0 4096 1073741840 4272 12000 139425 2147516416 0 2147483648 0 4 0 0 0 0 0 128 2944 48 2181482006 23040 6 2097165 16777216 4097 0 0 1024 0 134217728 4 67636993 1335885824 0 2149076224 1 1635831808 244096 2149580817 33554496 4096 2097172 65536 7168 0 134217728 0 9963520 16842752 0 2159041808 2 5297186 17080 32 665719076 222472 0 18889780 1 0 33024 536870912 0 8192 0 1026 268435456 2147516432 4 262144 67108864 0 8193 142737408 321 0 65536 536904704 2117642 1115684864 3145989 32770 6 737317382 334528 2066036840 51188 8650752 67120180 0 1 134348800 0 0 1073815552 3072 163850 268435456 2165346560 36888 8650752 67124240 0 8192 1179648 0 0 0 1024 9441290 268435456 19955712 8426008 138707984 133256 134774784 12292
is_linear=0
shrinkage=0.045


Tree=99
num_leaves=23
num_cat=20
split_feature=0 2 5 0 0 3 3 3 3 4 0 3 3 0 0 1 0 5 2 3 3 0
split_gain=8.44968 8.89054 6.02393 11.3126 6.75444 6.61637 6.11911 5.4074 4.77767 4.6535 6.16511 6.37804 4.31404 7.44498 7.07276 4.06705 4.04933 3.65082 3.97268 3.62457 3.43024 6.56816
threshold=0 1 5.1269313471631675 2 3 4 5 6 7 8 9 10 11 12 13 14 15 1.2424533248940004 16 17 18 19
decision_type=9 9 10 9 9 9 9 9 9 1 9 9 9 9 9 9 9 10 9 9 9 9
left_child=-1 8 4 7 6 15 -3 -4 -2 17 11 -11 13 -12 19 -5 -7 -6 -19 -14 -16 -22
right_child=1 2 3 5 9 16 -8 -9 -10 10 12 -13 14 -15 20 -17 -18 18 -20 -21 21 -23
leaf_value=-49.10419924605285 397.66064366120281 -119.4342998914501 13.474193652117046 -52.467255506539296 -125.14676151483852 -20.801143164518216 -22.258370997794955 142.43945671473367 93.763380608282461 144.87950024752641 -42.579141250260506 5.0407826249961358 -56.223535654424083 0.49170173862541561 5.2222494823524537 -2.5485678042385369 24.227695041455007 38.657688223655619 -89.986877870650673 3.7394353360670354 100.73065967200516 12.833530017408375
leaf_weight=1468 211 571 638 510 142 401 2880 1018 394 486 1564 785 1042 3067 2689 588 1725 182 161 769 559 1125
leaf_count=1468 211 571 638 510 142 401 2880 1018 394 486 1564 785 1042 3067 2689 588 1725 182 161 769 559 1125
internal_value=-0.00011653 0.000109787 -4.73367e-05 0.00133654 -0.000468984 -0.000222497 -0.00222856 0.00434353 0.00543355 1.60931e-05 0.000189858 0.00313913 -0.000160017 -0.00119696 0.000617334 -0.00304054 0.00124181 -0.00429671 -0.00176087 -0.00174026 0.00159578 0.00318396
internal_weight=22975 21507 20902 4880 16022 3224 3451 1656 605 12571 12086 1271 10815 4631 6184 1098 2126 485 343 1811 4373 1684
internal_count=22975 21507 20902 4880 16022 3224 3451 1656 605 12571 12086 1271 10815 4631 6184 1098 2126 485 343 1811 4373 1684
cat_boundaries=0 13 14 28 42 44 46 48 50 51 64 66 68 81 94 96 110 111 113 115 127
cat_threshold=1610612812 2147549184 0 2415927296 16793664 512 0 0 140 67117637 44040192 270663816 1048576 96 2134016 117703696 4096 0 0 1088 0 0 0 1078461440 134217744 1028 2147535388 4 2101248 50593796 0 0 256 50335808 0 134250496 65536 527618 134217728 4 2148059660 7 58896422 227841 103025926 266512 2198061568 135228 18367504 4 1 42336256 0 3825205392 64 1073807360 0 0 64 2048 3221225520 131112 832 8528000 2702819378 155824 1795507014 191625 2147483665 2106480 4096 0 276824068 536871936 0 8192 1024 151552 268435600 2148536320 69206050 16384 132112 1 32900 134742528 2052 128 268500992 536870912 14712832 1627455488 16809985 5120 540756 1536 0 4 0 0 0 536871168 0 0 0 8540170 335548416 272 67108864 1 6 534544 70246 2163905568 772 0 67123200 0 0 0 0 0 8192 0 4096 0 2147484688
is_linear=0
shrinkage=0.045


Tree=100
num_leaves=23
num_cat=18
split_feature=0 2 3 4 0 0 3 2 0 5 3 4 3 0 3 0 0 5 5 3 5 0
split_gain=7.81978 7.82978 5.80438 5.34516 7.54905 6.26334 8.67685 7.42969 10.3315 6.38021 5.55708 4.99835 9.01925 11.0697 8.25822 8.71305 8.0222 8.0221 5.57148 4.97464 4.73539 4.59885
threshold=0 1 2 3 4 5 6 7 8 4.816232960488728 9 10 11 12 13 14 15 6.1366459725839873 4.2555875595453383 16 6.9092530334720372 17
decision_type=9 9 9 1 9 9 9 9 9 10 9 1 9 9 9 9 9 10 8 9 8 9
left_child=-1 2 -2 4 -3 6 -5 8 10 -10 -7 12 13 17 -13 19 20 -9 -17 -16 -14 -18
right_child=1 3 -4 5 -6 7 -8 11 9 -11 -12 14 16 -15 15 18 21 -19 -20 -21 -22 -23
leaf_value=-53.149710014069619 242.67445357776748 78.949355428089731 22.31478709552357 -72.423697528832065 -84.621404485566856 -30.993103939855445 5.6538731525191723 -89.661482401906824 124.65187054142494 485.69709996969999 28.017911485836795 -42.983852741646857 -34.01878739261123 -8.2407468178398453 -70.908303570436246 20.447251366076596 71.956316436212802 94.045183274239974 158.22315295274981 18.240536386216007 101.19377011596794 6.8992151163582269
leaf_weight=1216 394 102 473 1108 657 638 1154 1163 726 426 1044 852 1172 3334 476 1469 601 97 1048 699 60 4066
leaf_count=1216 394 102 473 1108 657 638 1154 1163 726 426 1044 852 1172 3334 476 1469 601 97 1048 699 60 4066
internal_value=-0.000134156 6.30426e-05 0.00422355 -0.00011194 -0.00381406 2.79364e-05 -0.00219657 0.00031077 0.00241918 0.00568299 0.000159386 -8.82118e-05 -0.000628156 -0.00212006 0.00115816 0.00207748 0.000536711 -0.00569575 0.00356762 -0.00111837 -0.00267685 0.00138972
internal_weight=22975 21759 867 20892 759 20133 2262 17871 2834 1152 1682 15037 10493 4594 4544 3692 5899 1260 2517 1175 1232 4667
internal_count=22975 21759 867 20892 759 20133 2262 17871 2834 1152 1682 15037 10493 4594 4544 3692 5899 1260 2517 1175 1232 4667
cat_boundaries=0 13 14 16 17 30 43 45 46 60 62 63 65 79 81 95 109 111 124
cat_threshold=1610616908 2147549184 0 2415919104 16777280 16777728 0 1024 140 67117637 44040192 131208 1048576 224 26788880 4100 1 2147483648 0 0 0 0 0 0 0 0 0 0 2415919104 1 2151677968 17055860 0 128 268435456 64 0 1476435968 65536 16777474 805306368 271089680 1024 593020932 225768 16 262144 2112512 1 0 135790848 0 0 65536 536903680 2102272 134217728 2165309696 2064 4 2853569540 266284 4 237954116 102101 2359296 67239936 1 20 1573376 536870912 0 0 536872960 3817472 83886080 4096 2147533357 1 37753618 16896 0 67122176 1 0 8404992 536870912 0 0 33792 131080 1291845632 2148533760 20484 5 65537 1082138624 67112960 2129921 2281701376 4096 512 65536 32768 4722688 0 17826820 6788 2 562086912 41096 8683520 131072 1610612736 20 1049092 4 128 16384 0 1073741824 196608 6656 16416
is_linear=0
shrinkage=0.045


Tree=101
num_leaves=23
num_cat=20
split_feature=0 2 3 2 0 3 0 2 0 3 3 5 3 0 0 0 3 3 3 0 0 5
split_gain=6.94186 11.2106 6.54608 5.93171 9.03506 7.86737 7.57941 5.97757 10.1246 4.96894 4.80617 5.38865 4.77638 11.9324 8.8181 5.46338 4.09385 3.87123 3.86099 5.41734 4.73578 3.856
threshold=0 1 2 3 4 5 6 7 8 9 10 2.8029010331479989 11 12 13 14 15 16 17 18 19 6.3707564150300433
decision_type=9 9 9 9 9 9 9 9 9 9 9 8 9 9 9 9 9 9 9 9 9 10
left_child=1 2 -1 4 -2 -6 10 8 9 -8 -5 -12 13 17 -14 -16 -10 -9 20 -20 -15 -17
right_child=3 -3 -4 6 5 -7 7 12 16 -11 11 -13 14 18 15 21 -18 -19 19 -21 -22 -23
leaf_value=67.09715714136415 -171.10663335462286 510.3929784854792 -49.050360042639078 -6.7095370018633549 -70.749557557655223 30.40814591919796 -62.386612878254851 -10.167301844659887 -168.9358781750916 7.9602577632567408 -126.71741629699873 143.96397523636597 33.968021494787351 -42.015623580852406 -39.574428946746011 0.69127132755871568 -50.656781646074847 -80.027274654458523 64.317313450072874 -1.5893310301171004 2.9255267671428373 106.80083817208465
leaf_weight=583 402 330 619 235 617 589 449 467 473 1515 46 455 2667 815 937 6758 528 844 822 1391 1187 246
leaf_count=583 402 330 619 235 617 589 449 467 473 1515 46 455 2667 815 937 6758 528 844 822 1391 1187 246
internal_value=-0.00011653 0.00279793 0.000741351 -0.000326148 -0.00294444 -0.000960591 -0.000112234 -0.000286092 -0.0021389 -0.000250506 0.00433155 0.00679825 5.57414e-05 -0.00101571 0.000614407 -0.000138627 -0.00579714 -0.0047449 0.000154365 0.00144607 -0.00127358 0.00029504
internal_weight=22975 1532 1202 21443 1608 1206 19835 19099 2965 1964 736 501 16134 5526 10608 7941 1001 1311 4215 2213 2002 7004
internal_count=22975 1532 1202 21443 1608 1206 19835 19099 2965 1964 736 501 16134 5526 10608 7941 1001 1311 4215 2213 2002 7004
cat_boundaries=0 14 15 17 18 31 33 46 47 60 62 64 66 80 93 107 109 111 113 127 141
cat_threshold=6291456 1073741824 3825209488 4160 81920 4096 0 64 134223872 48 32 9312 208896 16 7 2158683252 77984 1 2147516416 0 0 0 4 0 0 0 0 0 0 2944 48 2181482068 154112 33554432 0 0 0 0 0 0 0 0 1073741824 4240 2688 33 2 2147483652 131076 0 133 8388612 0 0 0 128 8 8 2147516676 24 184582144 278596 46342150 65760 916943404 173928 20488 52428800 1 8192 557056 536870980 0 134217728 32768 2654208 2080374784 2166358032 67125504 1 53248 35655680 1 2105344 2155905280 536870912 512 0 32768 575492 150994944 2164261136 10503168 0 65556 0 32769 285212672 2048 0 268435456 65548 1179648 44105728 4 34816 4 167904768 5854 302322208 512 841417260 576 294912 67108916 0 0 8388608 1024 0 24576 536870912 8 0 33024 2147483672 4 32768 67111984 0 0 8388608 0 0 8192 1024 21514 33554432 1081600 24 4
is_linear=0
shrinkage=0.045


Tree=102
num_leaves=23
num_cat=21
split_feature=2 0 0 3 2 5 3 2 0 3 3 0 3 2 3 1 0 3 3 0 0 3
split_gain=7.17893 12.6594 8.89793 6.97451 6.69608 6.54277 7.54776 5.93713 10.0711 5.72656 5.56538 5.06995 5.19416 5.10096 4.51787 4.39025 3.33479 5.54121 3.66261 8.42195 6.59147 3.62593
threshold=0 1 2 3 4 5.8847132099692177 5 6 7 8 9 10 11 12 13 14 15 16 17 18 19 20
decision_type=9 9 9 9 9 10 9 9 9 9 9 9 9 9 9 9 9 9 9 9 9 9
left_child=2 4 -1 -4 10 7 15 8 14 -10 -2 12 -9 -13 -3 -7 17 -15 19 -18 21 -20
right_child=1 5 3 -5 -6 6 -8 11 9 -11 -12 13 -14 16 -16 -17 18 -19 20 -21 -22 -23
leaf_value=-163.40683485366469 -3.6106456170272394 -47.895378809707779 -83.104983260657008 18.977401930753686 483.02824412150363 -40.713899850318555 1.1782986539710691 51.671943682976469 -138.64422405070368 -38.162426232955802 95.918348738427923 186.10191124185974 -62.015466484725984 -40.948278328816009 17.028369432948782 183.44529954766276 -45.618451562766495 63.491838479453904 2.0121662072766777 0.15391892967039894 -6.8150207392399169 62.32043798938497
leaf_weight=402 688 517 555 806 269 101 1241 394 596 577 767 280 1389 387 867 440 1627 906 954 4311 3639 1262
leaf_count=402 688 517 555 806 269 101 1241 394 596 577 767 280 1389 387 867 440 1627 906 954 4311 3639 1262
internal_value=-0.000153741 7.63287e-05 -0.00290282 -0.00113074 0.00375864 -0.000251538 0.00234585 -0.000513327 -0.00251362 -0.00556329 0.0025 -0.000173636 -0.00241922 0.000127822 9.67049e-05 0.00671338 -3.43564e-06 0.00215517 -0.000242058 -0.00102857 0.000556076 0.00248429
internal_weight=22975 21212 1763 1361 1724 19488 1782 17706 2557 1173 1455 15149 1783 13366 1384 541 13086 1293 11793 5938 5855 2216
internal_count=22975 21212 1763 1361 1724 19488 1782 17706 2557 1173 1455 15149 1783 13366 1384 541 13086 1293 11793 5938 5855 2216
cat_boundaries=0 1 14 27 29 30 32 33 46 48 50 63 65 66 68 70 84 86 88 102 115 117
cat_threshold=1 65536 1073741824 3825209472 4289 0 0 0 64 4096 1073741840 4272 12000 139297 2147516416 0 0 0 4 0 0 0 0 0 0 2944 48 2181350940 18944 6 1590592 10900 2 2181038080 131076 0 4 4 0 0 0 0 264 8 2147516676 24 184567302 21198 133337094 332488 13 2147483664 0 0 286294080 16783680 0 134217728 65540 67109889 379650048 2097152 1327616 1073774770 12288 32 185340416 344149 0 1540 46452736 0 33554432 16 1073808136 33554433 0 16384 524288 16384 16777216 4352 10491266 16 2695139840 33052 256631598 141032 0 119604292 0 8192 0 536870912 128 32768 0 659458 536870912 2147483664 2214592516 4 16777216 52436036 0 8704 2155872256 536870912 384 33792 0 16945226 0 2147516432 67108884 3769635904 297216
is_linear=0
shrinkage=0.045


Tree=103
num_leaves=23
num_cat=21
split_feature=0 5 0 0 4 2 0 3 4 3 0 0 3 3 0 3 0 3 3 0 3 0
split_gain=6.83452 6.62162 11.5412 9.31514 7.48728 5.3907 5.18371 5.05218 4.98444 5.19906 8.895 7.01991 4.90507 4.27013 4.28272 4.10694 3.90266 3.55431 3.49032 3.46541 3.36453 3.19793
threshold=0 4.0517471391904856 1 2 3 4 5 6 7 8 9 10 11 12 13 14 15 16 17 18 19 20
decision_type=9 10 9 9 1 9 9 9 1 9 9 9 9 9 9 9 9 9 9 9 9 9
left_child=-1 2 20 4 -3 -5 12 -6 -4 11 15 -10 19 16 -15 -11 17 -8 -13 -7 -2 -12
right_child=1 3 8 5 7 6 13 -9 9 10 21 18 -14 14 -16 -17 -18 -19 -20 -21 -22 -23
leaf_value=263.95017785554541 -24.201712482866569 316.12109198962389 -88.921526123002067 327.78614454776675 88.893404121998245 112.68511762598173 -1.688916693174251 -11.961910300532253 11.678218183485551 1.9923642925809144 -38.231237233343307 -149.74709231270398 -66.241121015271858 -5.1861820050149614 32.74653526434453 90.460792853604161 3.5080890737067603 -33.362053582274783 -32.714199369108172 -16.334796848181504 -114.97587668892916 5.4781065875924106
leaf_weight=253 422 397 397 101 639 119 1104 630 1297 362 933 250 758 1982 3419 716 2477 1154 2810 334 660 1761
leaf_count=253 422 397 397 101 639 119 1104 630 1297 362 933 250 758 1982 3419 716 2477 1154 2810 334 660 1761
internal_value=-0.000138073 -0.000221694 -0.00111915 0.000435727 0.00356675 -2.35602e-05 -0.000120829 0.00189418 -0.000558679 -0.000318227 0.000903805 -0.00137503 -0.00288839 0.00021285 0.00107657 0.00433486 -0.000772593 -0.00212115 -0.00254883 0.000822581 -0.00547075 -0.000482262
internal_weight=22975 22722 9608 13114 1666 11448 11347 1269 8526 8129 3772 4357 1211 10136 5401 1078 4735 2258 3060 453 1082 2694
internal_count=22975 22722 9608 13114 1666 11448 11347 1269 8526 8129 3772 4357 1211 10136 5401 1078 4735 2258 3060 453 1082 2694
cat_boundaries=0 13 27 41 42 43 57 59 60 62 75 89 91 93 107 109 122 124 126 138 140 154
cat_threshold=0 0 144 4096 0 0 0 0 0 16 32 8288 196608 1109393437 16777216 4097 0 0 1024 0 134217728 4 67111489 1268776960 268435456 2149073152 1 44072961 33554432 67112960 2097168 81920 5120 0 134217728 2048 1074793472 16 1536 2159038720 1 2 32 2164260864 2098224 0 0 3238003200 16777477 0 268444672 36864 3 276824064 16783745 128 2 563115056 219140 1 1778765384 40629 0 67118128 1610612736 8321 32772 536870912 0 0 0 1073758216 805306496 16814080 8381 262144 33686532 0 2097153 142606344 0 0 1342185472 536870912 2134272 67108864 2148008849 67117600 2 82522 67588 2410133030 203785 1073745920 67112964 1 8196 411041796 33554432 0 65536 536870916 49152 33558528 3670016 67141633 4 27271172 81984 327680 17178688 0 512 143294720 536870976 0 0 536871936 2232328 128 2149613584 2564 2290356740 135168 33556552 32768 0 2098208 0 0 0 0 0 0 0 0 0 2048 1770295520 178560 4456448 2048 0 2097152 135266304 0 0 8192 0 5804290 67108864 2098837 67109376 2
is_linear=0
shrinkage=0.045


Tree=104
num_leaves=23
num_cat=21
split_feature=0 2 0 3 0 4 0 3 0 0 3 5 3 3 0 0 3 0 0 3 2 0
split_gain=6.80631 6.113 13.2948 5.72657 4.37259 4.12521 9.19283 8.68274 10.694 7.20474 6.0816 5.54177 5.03716 4.21952 5.53358 4.08751 4.75591 4.01732 3.97093 4.85688 3.75182 6.6392
threshold=0 1 2 3 4 5 6 7 8 9 10 3.4811217321331038 11 12 13 14 15 16 17 18 19 20
decision_type=9 9 9 9 9 1 9 9 9 9 9 8 9 9 9 9 9 9 9 9 9 9
left_child=20 5 -3 4 -4 6 11 8 -7 -9 -8 -2 -13 -12 -15 -5 -17 -10 19 -11 21 -1
right_child=1 2 3 15 -6 7 10 9 17 18 13 12 -14 14 -16 16 -18 -19 -20 -21 -22 -23
leaf_value=-384.19608343373841 -1.7289655351491455 405.52969326876803 356.74291682009516 -8.4013057619654141 58.400651811789629 -72.366463952485248 -97.702162310795131 -24.338553868280069 12.996873609424455 13.479476539959942 56.839697772441646 -2.0693217913619808 202.41853923148065 -110.76835017753341 -0.36227876245469814 -22.034213529985426 95.488514533678895 -13.973347928002658 4.4573206018567539 99.530176111803911 -13.482077041884439 -39.907823468840213
leaf_weight=106 408 386 129 2099 306 1468 322 1384 976 453 707 214 681 224 2307 539 1117 3489 3820 384 1013 443
leaf_count=106 408 386 129 2099 306 1468 322 1384 976 453 707 214 681 224 2307 539 1117 3489 3820 384 1013 443
internal_value=-0.000145907 6.40607e-05 0.00152027 0.000771061 0.00558725 -0.000332512 0.000772354 -0.000781563 -0.0020021 0.00042004 -0.000415733 0.00398669 0.00599498 0.00018 -0.000681282 0.000197106 0.00186151 -0.000899598 0.0012674 0.00405477 -0.00300191 -0.00597594
internal_weight=22975 21413 4576 4190 435 16837 4863 11974 5933 6041 3560 1303 895 3238 2531 3755 1656 4465 4657 837 1562 549
internal_count=22975 21413 4576 4190 435 16837 4863 11974 5933 6041 3560 1303 895 3238 2531 3755 1656 4465 4657 837 1562 549
cat_boundaries=0 13 14 27 29 42 43 56 58 71 84 86 88 90 104 117 119 132 146 148 149 161
cat_threshold=1610612812 65536 0 2415919104 16777280 512 128 134234112 65664 67117637 312475648 2228360 1048576 7 33554432 67108864 128 0 0 536870976 0 0 0 524288 0 9312 49668 6160 65538 0 6144 0 0 0 0 0 0 0 4096 0 2147483664 8 2 10518528 44040192 0 2097152 1572864 1280 0 0 33800 11063296 0 20 75510294 254708836 73164 2424832 125960192 0 16 268960000 0 0 8192 2048 655376 83886080 36884 2147530284 6311936 4 1073741825 2105348 135266312 33554752 0 64 536907776 11014144 0 16778256 67125251 1052928 16928 2172650160 147464 3224110308 297216 0 9220 0 0 256 536870912 0 8192 4 2 0 1049088 16384 1 32768 2112624 0 0 9994240 0 0 268500992 1024 2102274 134217728 16810256 2147485712 2181203460 419960 2147487744 9216 3556773889 8197 131080 0 0 33792 0 1073742080 131104 2164262912 1 33914897 67239936 603979776 0 2415919364 4 0 0 2048 1179648 604045456 32768 2106528 4 2147549712 410147 17 0 0 0 0 0 0 0 0 0 0 268435456 128
is_linear=0
shrinkage=0.045


Tree=105
num_leaves=23
num_cat=20
split_feature=0 2 5 0 3 0 0 0 3 3 0 3 4 3 3 5 3 0 0 3 3 1
split_gain=6.398 6.02677 5.15333 10.1611 6.59787 7.89494 6.70946 6.41131 5.25367 4.43249 4.37898 4.12928 3.81979 3.55278 3.12701 3.70208 3.06381 10.1872 6.17361 3.21246 3.04389 2.9685
threshold=0 1 4.863673427408628 2 3 4 5 6 7 8 9 10 11 12 13 3.0677824455408698 14 15 16 17 18 19
decision_type=9 9 10 9 9 9 9 9 9 9 9 9 1 9 9 10 9 9 9 9 9 9
left_child=14 11 7 12 5 -5 -6 8 -3 -9 20 -2 -4 -14 -1 -16 18 -18 19 -12 -11 -20
right_child=1 2 3 4 6 -7 -8 9 -10 10 16 -13 13 -15 15 -17 17 -19 21 -21 -22 -23
leaf_value=-98.241571915157834 219.28829242073479 -77.148564142883899 464.27577077196105 -90.977891412466192 -5.8389458635819569 -2.454193388303938 51.491886179697723 -133.89790199720176 0.92000724303437886 153.77432344785262 -41.5594227269059 12.84551119540507 -25.432213406884074 136.45547520187927 -111.96124957005992 -2.6751224599147827 48.869300296223734 -9.0390467537435679 67.098250860586489 40.095396355709944 11.852630382101051 -24.242170886314671
leaf_weight=309 360 1584 176 339 1372 2011 2074 177 801 208 161 352 106 385 158 723 1863 4024 108 826 509 4349
leaf_count=309 360 1584 176 339 1372 2011 2074 177 801 208 161 352 106 385 158 723 1863 4024 108 826 509 4349
internal_value=-0.000173325 3.09676e-06 -0.000135523 0.000922274 0.000309917 -0.00152413 0.0015616 -0.000603613 -0.00273154 -0.000185707 -7.83582e-05 0.00404006 0.00613034 0.00415314 -0.00336938 -0.00194009 -0.000295557 0.000415748 -0.00106397 0.00213964 0.00330247 -0.00177724
internal_weight=22975 21785 21073 6463 5796 2350 3446 14610 2385 12225 12048 712 667 491 1190 881 11331 5887 5444 987 717 4457
internal_count=22975 21785 21073 6463 5796 2350 3446 14610 2385 12225 12048 712 667 491 1190 881 11331 5887 5444 987 717 4457
cat_boundaries=0 13 14 28 30 44 57 71 73 74 87 89 90 92 94 96 110 123 125 127 128
cat_threshold=1610612812 65536 0 2415919104 16777280 516 0 0 140 67117637 580911104 131208 1048576 96 35684352 33816576 4096 0 0 5184 0 0 0 527360 0 1024 67125248 1 2211166252 153667 0 27276324 0 0 0 0 0 8192 0 2 16777216 33024 3072 4 0 20 1 0 9961728 536871168 0 65536 536870912 14831626 469766144 1049364 1024 2097169 50593792 4096 0 256 50336064 128 134266880 0 2147486722 268566528 2621440 2148057096 3 694568468 349116 33554432 25378816 1073741824 1677721616 576 1074069504 0 0 64 4096 147456 40 4161 139394 2174272592 6148 2 134779392 132 8455704 592 1549260294 93769 2147483648 24640 0 0 134217736 1 0 1073750016 2048 16781576 67112960 2147520260 2098209 16 262144 75631636 0 8325 269090820 0 0 1024 33792 1076887552 1073741968 16777216 4356 16384 2049 140034050 73732 96
is_linear=0
shrinkage=0.045


Tree=106
num_leaves=23
num_cat=20
split_feature=0 0 3 0 0 3 0 3 0 3 5 0 3 5 3 0 3 0 0 3 3 4
split_gain=6.80998 5.84757 5.33114 11.2502 9.09218 7.43535 6.13735 4.88482 4.64342 4.01273 3.74497 3.54822 3.2906 3.27788 3.90901 3.15835 2.84307 4.29563 4.21933 2.71278 2.61046 2.76556
threshold=0 1 2 3 4 5 6 7 8 9 5.3008111373035574 10 11 3.0677824455408698 12 13 14 15 16 17 18 19
decision_type=9 9 9 9 9 9 9 9 9 9 10 9 9 8 9 9 9 9 9 9 9 1
left_child=13 -2 4 5 7 15 9 -3 19 -5 16 -12 -13 -1 -15 -4 18 -18 -8 -6 -10 -22
right_child=1 2 3 6 8 -7 10 -9 20 -11 11 12 -14 14 -16 -17 17 -19 -20 -21 21 -23
leaf_value=-107.46297970794737 297.37603647947873 101.34306449585556 -51.922084386195273 -66.702730081748527 -2.9321369831449555 118.20286984432353 -38.544613239550287 7.8574297742617274 -115.46387626113297 -2.1264940827075405 1.707130747668234 181.87597688059711 31.88916417467486 -84.34955754411159 -2.7578974283666318 27.45052609957942 -22.515239764272227 30.840335863276504 2.310611065885714 -69.339930116437685 -80.619193820912216 -3.8075680771696896
leaf_weight=163 250 360 277 761 347 1464 1316 625 210 747 793 360 450 438 874 408 637 1568 2331 848 250 7498
leaf_count=163 250 360 277 761 347 1464 1316 625 210 747 793 360 450 438 874 408 637 1568 2331 848 250 7498
internal_value=-0.000187035 1.67348e-05 -6.561e-05 0.000614887 -0.00081133 0.00352962 -8.77437e-05 0.00327232 -0.0012545 -0.00269408 0.000442949 0.00236916 0.00443431 -0.00313215 -0.00239726 -0.000355093 -8.45576e-05 0.00118742 -0.000854742 -0.00385874 -0.000858218 -0.000719072
internal_weight=22975 21500 21250 11112 10138 2149 8963 985 9153 1508 7455 1603 810 1475 1312 685 5852 2205 3647 1195 7958 7748
internal_count=22975 21500 21250 11112 10138 2149 8963 985 9153 1508 7455 1603 810 1475 1312 685 5852 2205 3647 1195 7958 7748
cat_boundaries=0 13 26 28 42 56 58 72 74 86 88 101 103 105 117 119 132 146 148 149 150
cat_threshold=1610612812 2147549184 0 2415919104 16777216 16777984 0 134217728 65676 67117637 44040192 2228360 1048576 65536 0 144 4096 0 0 0 0 4096 0 0 8288 196608 258356774 155225 2183135233 35651680 536875008 1 66312 4160 64 0 3072 1024 128 2148011776 8224 16 4198400 8519680 1073741824 2105856 16384 536870912 512 268500992 134250496 1076903952 537002024 1 8410240 3 546406464 368896 4096 25167872 0 40960 1064964 536870912 640 268500992 32768 1081360 1879048208 16809984 67130368 3 6292482 19968 2197815313 35651684 603979776 0 33024 4164 0 0 1024 1280 134217728 526592 537413768 106788 262144 4 1 0 143130624 33554432 0 0 536870912 14700554 218103808 0 2147483648 2149056512 8580 2157450836 592 0 32 0 0 0 0 0 0 1024 0 0 2147484160 2417543432 166 8388608 8192 0 2097152 134742016 1024 0 24576 0 14696706 134217728 1052672 2130433 4227072 67240980 1 4 268468224 0 0 0 0 1073745920 67112960 20 2147516444 4 2110976 133184 33554432 1
is_linear=0
shrinkage=0.045


Tree=107
num_leaves=23
num_cat=19
split_feature=0 2 0 3 0 3 2 0 0 5 5 0 0 3 0 0 3 5 3 3 4 0
split_gain=5.92638 5.47605 8.49674 8.21549 8.88676 7.57591 4.51003 8.74728 4.20154 3.93037 5.06658 9.06174 6.1642 5.55324 7.03594 6.39341 5.39872 5.56458 5.221 4.91093 4.71776 4.64168
threshold=0 1 2 3 4 5 6 7 8 1.2424533248940004 3.6505739029280164 9 10 11 12 13 14 6.078787719222313 15 16 17 18
decision_type=9 9 9 9 9 9 9 9 9 8 10 9 9 9 9 9 9 10 9 9 1 9
left_child=-1 3 5 8 -5 -3 7 -4 -2 -8 11 -11 19 14 -14 16 17 20 -13 -12 -15 -20
right_child=1 2 6 4 -6 -7 9 -9 -10 10 12 18 13 15 -16 -17 -18 -19 21 -21 -22 -23
leaf_value=311.02121319903029 30.48499718407249 1.1861842478530524 -3.8190165467573749 -244.04993321358401 10.283704999366419 113.84461337762768 82.045925487046844 -118.31221681528579 -160.915859879359 23.634123324905577 23.954056720250318 -70.970011921608958 -59.378779308358567 1.3840791542884654 0.74631362653628452 32.773927832304288 24.952044281883573 89.034652709068098 39.203556366455992 -47.697599697263833 -45.723314311285392 -45.733137665044453
leaf_weight=234 104 1116 2037 117 1067 1000 375 778 452 1186 378 1325 551 880 1943 4553 1259 253 445 828 1074 1020
leaf_count=234 104 1116 2037 117 1067 1000 375 778 452 1186 378 1325 551 880 1943 4553 1259 253 445 828 1074 1020
internal_value=-0.000179201 -0.000254142 -5.24675e-05 -0.00267123 -0.000526756 0.00264333 -0.000356009 -0.00201362 -0.00713028 -6.43577e-05 -0.000173441 -0.00156109 0.000297543 0.000647743 -0.00120311 0.00122432 -0.000232892 -0.00157165 -0.00295503 -0.00273399 -0.00239264 -0.00108158
internal_weight=22975 22741 21001 1740 1184 2116 18885 2815 556 16070 15695 3976 11719 10513 2494 8019 3466 2207 2790 1206 1954 1465
internal_count=22975 22741 21001 1740 1184 2116 18885 2815 556 16070 15695 3976 11719 10513 2494 8019 3466 2207 2790 1206 1954 1465
cat_boundaries=0 13 14 27 29 41 43 44 57 69 82 95 97 110 124 126 128 130 131 144
cat_threshold=0 0 144 4096 0 4096 0 0 134217728 0 32 8288 65536 1 2181070848 1107427328 2751467520 197 66048 0 0 64 4096 1073741840 4240 3712 2105377 33850896 18945 32768 0 0 0 0 0 0 0 0 16 16 2176 2397262374 367233 2 4 4 1073741824 0 8388612 33554432 0 0 536871040 264 8 2147516676 28 0 0 0 0 8388608 0 0 0 0 8 4112 32768 0 11312 0 2097152 147776 0 0 268509184 0 73531392 268435456 2149056785 3210 16777216 67600 0 8192 16793664 261 256 1342178304 0 69337088 847249408 17956881 130 932589610 66840 0 2360352 0 0 557312 0 0 0 0 8422402 134217728 2148007936 2052 266240 83895328 1 0 2282749952 2048 0 32768 536905732 4198464 67174400 2101252 2147517192 6 2286520128 22534 174433312 504772 1209041476 350224 2 262144 4100 0 0 142606336 536870912 0 0 3072 1081346 721420288 32768 32772
is_linear=0
shrinkage=0.045


Tree=108
num_leaves=23
num_cat=19
split_feature=0 2 0 3 0 4 5 5 3 0 4 0 0 3 3 3 0 0 0 3 0 5
split_gain=6.23211 6.10618 12.1795 5.01156 6.80495 5.67975 4.46313 3.98717 7.62324 6.81929 6.02923 8.2026 8.15631 7.22969 6.94837 6.71708 6.91873 6.55423 5.98396 3.79645 3.7868 3.67318
threshold=0 1 2 3 4 5 5.6646935841241897 3.3140206880897671 6 7 8 9 10 11 12 13 14 15 16 17 18 5.5816130673839615
decision_type=9 9 9 9 9 1 10 10 9 9 1 9 9 9 9 9 9 9 9 9 9 10
left_child=-1 7 -3 -4 -5 -6 -7 8 9 -2 11 13 14 -9 -12 17 -17 -14 -10 -13 -16 -15
right_child=1 2 3 4 5 6 -8 10 18 -11 12 19 15 21 20 16 -18 -19 -20 -21 -22 -23
leaf_value=-39.669904063552387 -112.0284714670308 418.28134209567753 -10.374469481757369 -8.4309953023916027 -354.18983682183796 71.267031295762692 504.15080410119793 -35.891337907382365 67.023553705017576 -32.009449710736476 17.33430933993499 -98.760637940102725 -30.94657881305762 206.60838705567565 -174.25761763791627 -9.0617607307194525 28.922188057006423 1.0629335497714782 -10.682792697626828 13.599320191158949 -55.003116699637083 1042.3008701719268
leaf_weight=1611 494 342 1539 937 42 1502 176 215 420 1409 496 278 1654 560 223 1318 2459 2724 942 2540 1032 62
leaf_count=1611 494 342 1539 937 42 1502 176 215 420 1409 496 278 1654 560 223 1318 2459 2724 942 2540 1032 62
internal_value=-0.000153741 5.0524e-05 0.00151319 0.000834125 0.0020148 0.00368938 0.004125 -0.000344756 -0.0017562 -0.00358355 -4.97678e-06 0.0015566 -0.000581348 0.00543286 -0.00335649 1.92849e-05 0.00140736 -0.00117882 0.000818777 0.000381625 -0.0051322 0.00787855
internal_weight=22975 21364 4538 4196 2657 1720 1678 16826 3265 1903 13561 3655 9906 837 1751 8155 3777 4378 1362 2818 1255 622
internal_count=22975 21364 4538 4196 2657 1720 1678 16826 3265 1903 13561 3655 9906 837 1751 8155 3777 4378 1362 2818 1255 622
cat_boundaries=0 13 14 27 29 42 43 45 59 60 74 87 89 91 93 107 121 134 136 149
cat_threshold=1610612813 65536 0 2415919104 16777216 768 0 134217728 65676 67117125 312475648 2097288 1048576 7 33554432 67108864 128 512 0 64 0 0 0 524288 0 9312 49664 3607561038 414008 0 18876432 0 0 1671168 0 0 65536 33792 5122 134217728 16810256 16 1 1331970636 121550 0 5124 0 0 134348800 1024 0 8192 0 9453568 150999040 1082368 2147483664 17 2 2129920 44041216 0 2097152 524288 1024 0 0 1024 11026432 0 0 2214593040 2 2359296 262144 2147483648 32768 1073742088 6209 512 64 536909824 2622464 536870912 17831940 654 2176844464 147456 2706522472 25088 2871702564 474316 2147504128 2214593536 4097 2105348 134217728 33555456 0 90112 1024 184328 83890176 1040 67117057 1 65552 60948480 1 8336 9961984 536870912 0 0 0 4329480 128 33025 2147529744 2 0 9216 0 0 142737408 0 0 8192 536903680 13631488 150995072 2147518464 2147491884 1052928 25088 262144 0 0 32768 0 64 0 0 0 2621440 0 4 512
is_linear=0
shrinkage=0.045


Tree=109
num_leaves=23
num_cat=20
split_feature=0 0 3 0 3 0 0 0 0 3 0 0 3 3 3 0 5 2 0 0 3 5
split_gain=5.91953 5.57915 4.7514 9.54998 8.00253 7.81699 6.19774 5.57495 5.44311 3.82687 9.95617 5.20292 4.42487 3.78243 3.77001 3.54915 3.45383 3.4296 5.05949 4.39781 4.24874 3.83274
threshold=0 1 2 3 4 5 6 7 8 9 10 11 12 13 14 15 1.7005986908310777 16 17 18 19 5.9952067579627961
decision_type=9 9 9 9 9 9 9 9 9 9 9 9 9 9 9 9 10 9 9 9 9 10
left_child=-1 -2 5 4 6 13 -4 -5 14 11 12 -9 -11 -3 -7 -6 -16 19 -19 -10 -20 -22
right_child=1 2 3 7 15 8 -8 9 17 10 -12 -13 -14 -15 16 -17 -18 18 20 -21 21 -23
leaf_value=-39.166106658699029 278.85805650941188 94.830700724558099 -54.388634928772262 -28.632965777720528 39.787332367684286 -14.085820222427174 63.232238455876249 -35.603323487936322 -11.383949915739722 -52.430719833916591 59.730018328676664 7.52313081585371 24.843517981533441 -0.82101360133998236 34.30136277851765 240.90057739472408 -77.212603981906497 0.29833126171362889 10.775681338982903 13.502534256389989 -101.65361597619474 23.909038983869976
leaf_weight=1624 234 512 420 1571 379 874 440 1454 2482 557 1798 2930 351 396 97 842 797 1220 251 2816 797 133
leaf_count=1624 234 512 420 1571 379 874 440 1454 2482 557 1798 2930 351 396 97 842 797 1220 251 2816 797 133
internal_value=-0.000169409 3.05435e-05 -4.79199e-05 0.00061512 0.00334329 -0.000734331 0 -4.41024e-05 -0.001118 0.000494227 0.00182119 -0.000327571 -0.00200543 0.00322826 -0.00336236 0.00567518 -0.00541391 -0.000598171 -0.00200477 4.23729e-05 -0.00409262 -0.00549363
internal_weight=22975 21351 21117 10742 2081 10375 860 8661 9467 7090 2706 4384 908 908 1768 1221 894 7699 2401 5298 1181 930
internal_count=22975 21351 21117 10742 2081 10375 860 8661 9467 7090 2706 4384 908 908 1768 1221 894 7699 2401 5298 1181 930
cat_boundaries=0 13 26 28 42 44 57 70 83 97 99 113 127 129 131 133 146 147 160 174 176
cat_threshold=1610612812 65600 0 268435456 2147484224 16777728 128 134217728 140 67117573 1384120320 2228360 1048576 0 0 268435472 4096 0 4096 0 0 134217728 16 0 8288 65536 254239238 417497 2195456 1109655584 536875008 5 268435712 1088 0 0 4096 1073876992 16 2147490816 11018273 16 13669704 41216 12849152 8519680 3221225472 2105344 1114112 0 0 268452864 98304 3702784 2228264 16777217 67114114 2097152 35651584 0 0 268435456 64 0 0 0 131072 0 2147484672 32 4198400 8388612 0 2105344 1074790400 536873217 512 268500992 98304 33792 19005472 16809989 67112066 2097153 103023648 536870912 4 268468480 33555520 0 40960 1024 4098 603979792 530432 2155872292 1 2684390704 65830 2147483648 16792592 1 0 134742020 0 0 0 0 5767490 201326592 528 16384 4 262144 131072 0 32768 151519232 4 0 16384 0 15745032 536875136 524544 37392 2 13107200 8192 151191554 283264 25088 399449 32768 262144 0 5 256 1024 0 0 4096 135168 0 0 8388608 116 33554432 4 0 129 4 0 0 0 0 264 4096 2415920644 17 50331648 16781332 4096 529 16777216 536870912 0 1073741824 536870912 8519688 134217728 2147483664 520 20 67198978 131600
is_linear=0
shrinkage=0.045


Tree=110
num_leaves=23
num_cat=20
split_feature=2 0 0 3 2 3 5 0 0 3 2 0 3 0 0 4 0 3 0 5 3 3
split_gain=5.51591 10.4581 9.92048 8.53054 6.8075 5.88312 4.93512 6.31936 4.93097 5.38534 4.12742 3.93959 3.80172 9.72409 6.40665 4.98056 6.97122 5.12029 4.94267 4.68499 4.67231 4.47023
threshold=0 1 2 3 4 5 5.8847132099692177 6 7 8 9 10 11 12 13 14 15 16 17 3.1132683346437333 18 19
decision_type=9 9 9 9 9 9 10 9 9 9 9 9 9 9 9 1 9 9 9 10 9 9
left_child=2 4 -1 11 5 -2 8 -8 9 -3 -10 -4 13 -12 21 18 20 -18 -16 -20 -17 -14
right_child=1 6 3 -5 -6 -7 7 -9 10 -11 12 -13 14 -15 15 16 17 -19 19 -21 -22 -23
leaf_value=-312.74222700346132 -3.0931397944254058 -87.409097544200776 -7.5348148401832438 12.938041008873478 441.53437607716097 72.455287534565869 196.91874329479376 0.53901877940392295 161.23444543554535 -6.3232157702712897 -31.797085615382038 -104.15374978372641 -68.704349727622642 21.670971711452292 -8.1531063414326486 -79.641253067462529 -24.068453600086212 10.82918269584461 -18.855033132793615 78.169455310327777 -9.527885455593804 -8.1851553730478912
leaf_weight=112 799 640 262 916 281 759 548 1223 293 1172 1350 473 857 3547 1755 1061 1405 2101 363 1336 848 874
leaf_count=112 799 640 262 916 281 759 548 1223 293 1172 1350 473 857 3547 1755 1061 1405 2101 363 1336 848 874
internal_value=-0.000163533 3.81643e-05 -0.00257324 -0.0016371 0.00326985 0.00206369 -0.000270441 0.00199239 -0.000498466 -0.00271382 -0.000242058 -0.00521084 -0.000343833 0.000692096 -0.000822654 -0.000331888 -0.00118377 1.27914e-05 0.0010026 0.00272209 -0.00336153 -0.00331756
internal_weight=22975 21212 1763 1651 1839 1558 19373 1771 17602 1812 15790 735 15497 4897 10600 8869 5415 3506 3454 1699 1909 1731
internal_count=22975 21212 1763 1651 1839 1558 19373 1771 17602 1812 15790 735 15497 4897 10600 8869 5415 3506 3454 1699 1909 1731
cat_boundaries=0 1 14 26 28 29 31 45 58 60 61 74 76 90 104 105 119 121 135 137 139
cat_threshold=1 33554432 1073741824 2751463424 4293 65540 4096 0 64 6144 1073741840 4272 12000 8225 0 0 0 0 0 0 0 0 0 16 0 2176 2181465620 23040 6 670667270 350848 2129920 0 0 0 32768 0 0 0 0 524288 0 1048576 2147533324 4 2097240 65536 0 0 8552448 16779872 0 134218752 136 67118149 1084227584 2228224 1327616 2335333412 264824 32 0 0 0 0 8388608 0 0 0 0 8 135168 33792 1 1624349072 346114 8392704 12384 0 2097152 135790592 4 0 1073831936 65540 6324480 587202560 1048576 67141760 2 32773 103022596 129 0 2415935552 536870912 0 32768 32768 131618 335544320 524304 2147483904 17 2 4538368 48 4096 8704 134217984 1024 512 0 536871936 11010056 553648128 4100 2136078 4 506069032 173132 0 25168896 0 0 1048832 0 0 268500992 536870916 4360 167772160 2164293632 3096 6 235152994 45077 2231910916 164808
is_linear=0
shrinkage=0.045


Tree=111
num_leaves=23
num_cat=20
split_feature=5 0 0 0 3 3 0 3 0 0 4 2 3 3 0 3 0 3 0 0 3 5
split_gain=6.0492 10.5907 10.3973 5.42504 4.82678 4.46064 4.1549 4.13833 6.32179 4.93688 3.42312 3.3364 3.49142 3.24182 3.0343 2.79162 2.74907 2.70788 4.55433 3.22902 3.9368 3.15334
threshold=4.1971736807086968 0 1 2 3 4 5 6 7 8 9 10 11 12 13 14 15 16 17 18 19 4.4716224665663962
decision_type=10 9 9 9 9 9 9 9 9 9 1 9 9 9 9 9 9 9 9 9 9 10
left_child=1 -1 5 4 -3 16 13 8 15 -9 -7 12 -8 -4 -14 -5 -2 18 21 20 -19 -13
right_child=2 3 6 7 -6 10 11 9 -10 -11 -12 17 14 -15 -16 -17 -18 19 -20 -21 -22 -23
leaf_value=-83.829104531981159 -58.500979513757208 -7.8756385152446455 -49.102686080140153 -60.083857623158401 79.202289496364585 407.73234824635671 -1.0764300528193416 25.41406543863177 -48.877029737168137 -11.086832784368525 80.47503208551224 -124.76339954763901 -3.2578007711620738 -0.45475798017239866 157.47587498757736 18.432265150672336 113.31866474084177 -59.508846166371583 4.1379413539147567 7.8088235351497861 1.0219239850782469 -25.007728011770777
leaf_weight=568 254 355 777 269 496 311 611 1570 2896 3816 790 137 238 779 680 906 204 243 899 4847 483 846
leaf_count=568 254 355 777 269 496 311 611 1570 2896 3816 790 137 238 779 680 906 204 243 899 4847 483 846
internal_value=-0.000140031 -0.000910094 0.000552227 -0.000575581 0.00284183 0.00396722 4.26459e-05 -0.000886313 -0.0019673 -6.66914e-05 0.00551887 0.000415185 0.00232154 -0.00209503 0.00406452 0.00081508 0.000191489 2.10928e-05 -0.00144931 0.000519696 -0.0022561 -0.00355025
internal_weight=22975 10876 12099 10308 851 1559 10540 9457 4071 5386 1101 8984 1529 1556 918 1175 458 7455 1882 5573 726 983
internal_count=22975 10876 12099 10308 851 1559 10540 9457 4071 5386 1101 8984 1529 1556 918 1175 458 7455 1882 5573 726 983
cat_boundaries=0 13 26 39 41 43 56 58 72 86 87 88 90 92 105 107 119 121 134 148 150
cat_threshold=1109393432 33554432 2147487745 16 4 1024 0 134217728 0 83888193 1084227584 0 1064960 2183168000 33554432 4224 16 4 5120 0 134217728 0 1074300929 136314928 268445216 9465856 16777216 69337104 1342177280 193 262208 0 256 64 528384 2244628 69632 16789569 2097313 2197816320 154292 2210791938 140072 16793600 67108912 67108864 1 3238133760 1 0 268443648 37888 1052674 301989888 16783761 32896 241602376 280108 8388608 16796704 0 2105344 8519936 0 0 8192 536970240 4198658 128 2147484688 8389124 2 2147745793 77856 536870912 0 142606336 0 0 0 2048 1049608 285212704 268994816 2147658754 16 2 48 562697038 21000 2747974702 16516 262144 16781316 0 0 0 0 0 65536 0 0 0 2129920 16 33687560 520 2097152 33554432 0 0 0 0 0 0 0 1074266112 134217728 1536 505887904 69201 1073741824 0 1 0 142639360 0 0 65536 536870912 8 135296 1048576 541 4096 25568256 0 0 268435456 536871232 0 0 0 16384 67174400 1048580 1028 6 2156396544 28808
is_linear=0
shrinkage=0.045


Tree=112
num_leaves=23
num_cat=19
split_feature=5 0 0 2 0 3 4 0 3 2 3 0 0 3 0 0 3 5 5 0 3 0
split_gain=5.1092 9.30417 8.78623 4.76688 4.57398 4.57223 4.54525 4.37642 4.82913 4.24302 3.84302 5.4937 4.39049 3.33678 8.31689 5.91515 3.2454 2.86979 2.79906 2.65136 2.54492 2.98609
threshold=4.0689902272260703 0 1 2 3 4 5 6 7 8 9 10 11 12 13 14 15 1.2424533248940004 2.9700856263602158 16 17 18
decision_type=10 9 9 9 9 9 1 9 9 9 9 9 9 9 9 9 9 8 8 9 9 9
left_child=2 3 5 -2 -3 -1 16 8 -8 -6 12 -12 -9 14 -11 20 -4 -14 -19 -16 21 -15
right_child=1 4 6 -5 9 -7 7 10 -10 13 11 -13 17 15 19 -17 -18 18 -20 -21 -22 -23
leaf_value=7.1311169059711021 -40.847990206693538 -51.408784393780444 -221.16811267006739 112.11082886897857 270.65042251878458 -88.464122734781668 -59.686741619089808 -43.596357064459951 66.084273569877482 -37.388890674347202 37.468831165308636 -10.014888862447442 105.48414500802296 -8.6057835326061465 97.515101238254431 14.522555800479093 -42.117678425594782 -56.964889445247827 -2.2018385547862636 1.6085765083172736 3.6695103286985429 -52.108566572180571
leaf_weight=220 223 403 103 1253 159 806 227 1318 697 1358 1382 1715 176 663 213 6148 303 481 2449 1458 748 472
leaf_count=220 223 403 103 1253 159 806 227 1318 697 1358 1382 1715 176 663 213 6148 303 481 2449 1458 748 472
internal_value=-0.000122405 0.000460305 -0.00089508 0.00381048 3.09438e-05 -0.00481214 -0.000434108 -0.00021043 0.00269231 0.000202342 -0.00057049 0.000644098 -0.0014202 9.3479e-05 -0.00117642 0.00057348 -0.00507353 -0.000490699 -0.000828786 0.000949198 -0.00162665 -0.00296207
internal_weight=22975 13098 9877 1476 11622 1026 8851 8445 924 11219 7521 3097 4424 11060 3029 8031 406 3106 2930 1671 1883 1135
internal_count=22975 13098 9877 1476 11622 1026 8851 8445 924 11219 7521 3097 4424 11060 3029 8031 406 3106 2930 1671 1883 1135
cat_boundaries=0 13 27 28 41 43 44 58 60 61 63 76 90 92 105 119 121 135 137 150
cat_threshold=42041344 0 67113088 8208 65536 5120 0 134217728 0 1074792448 48 268445216 2156943616 1107296281 50331648 4097 0 0 1024 0 134250496 4 67111937 1233125376 268435456 2148548864 1 1 16777216 1040 0 0 3238002688 16777217 0 268435456 32768 0 8388608 16781440 128 1091080288 128 1 16384 75497472 1879048192 32769 393220 0 256 64 4096 16404 0 12736 139392 6 59113472 6672 160 1243672138 185277 8421376 13360 0 128 142639104 536870912 0 65536 0 1074823176 536871072 2164261888 39967 2147581956 12340 0 8320 0 0 0 0 66560 1083179008 838860928 18908164 3077 16 120026148 198153 0 2101284 1073741824 0 143163648 570425344 0 0 0 8912906 268435584 2147516432 517 2147487744 75767908 0 1 0 324 128 90112 536876036 20482 33554432 3145988 8192 6 16777312 16396 0 8650752 0 1 0 0 0 0 1024 0 0 3145988 8192 7 2823850754 20612 0 8396800 0 0 0 64 0 73728 536876036 16384 33554432 3145728 8192
is_linear=0
shrinkage=0.045


Tree=113
num_leaves=23
num_cat=19
split_feature=2 0 0 3 0 3 0 5 3 3 5 5 0 3 2 3 0 0 3 4 0 0
split_gain=5.3753 8.96471 8.38845 5.97469 6.24403 6.37636 5.78652 4.75732 4.63851 3.42933 3.28274 5.5018 3.82439 5.21843 4.17671 4.07989 7.78025 5.30433 3.85476 3.52236 3.49784 3.01471
threshold=0 1 2 3 4 5 6 5.5032948732385458 7 8 2.1383330595080281 2.8029010331479989 9 10 11 12 13 14 15 16 17 18
decision_type=9 9 9 9 9 9 9 10 9 9 8 8 9 9 9 9 9 9 9 1 9 9
left_child=2 7 9 4 5 -4 -5 8 -2 -1 20 -12 13 -13 18 16 -16 -17 -14 -19 -3 -21
right_child=1 10 3 6 -6 -7 -8 -9 -10 -11 11 12 14 -15 15 17 -18 19 -20 21 -22 -23
leaf_value=-216.11193887867537 152.8328277284285 154.3292453161157 70.545517539743557 62.479851160636244 -37.510190810613395 -9.9817366209675313 -1.0236640995501876 458.08040334750979 6.7306599488727805 -66.331294721367357 -67.541576429064946 -96.424131437448722 -15.92078680135255 8.1150183311607904 -43.493752780111095 -16.504518456109142 0.8843906612001956 -283.40646407752996 172.20011241093539 2.1426140434456467 13.511453233814791 24.274506826992727
leaf_weight=212 352 103 335 503 2530 589 1055 206 687 503 512 676 200 761 927 2403 2105 58 329 3671 461 3797
leaf_count=212 352 103 335 503 2530 589 1055 206 687 503 512 676 200 761 927 2403 2105 58 329 3671 461 3797
internal_value=-0.000136114 0.000260718 -0.00132906 -0.000671775 -0.00171379 0.00144231 0.00163376 0.00392005 0.00270173 -0.00584938 -2.66937e-05 -0.000150087 7.53567e-06 -0.00218944 0.000243297 8.15155e-05 -0.00136005 0.000522835 0.00411738 0.00111037 0.00333922 0.0011988
internal_weight=22975 17248 5727 5012 3454 924 1558 1245 1039 715 16003 15439 14927 1437 13490 12961 3032 9929 529 7526 564 7468
internal_count=22975 17248 5727 5012 3454 924 1558 1245 1039 715 16003 15439 14927 1437 13490 12961 3032 9929 529 7526 564 7468
cat_boundaries=0 1 14 27 29 42 44 57 59 61 74 76 77 79 93 107 109 110 123 136
cat_threshold=3 48267264 0 536875008 0 256 33554432 0 64 4096 16384 0 13920 11019264 2195456 4096 536870912 0 134217984 0 0 73728 0 2147504128 16777216 4224 2148535296 184993302 350941 33685504 131072 3221225472 1 4 0 0 0 0 272 40 2147486212 16 33833492 4097 1073741824 0 0 0 0 0 0 0 0 1073741832 4112 268435712 41 2820179078 327716 37913600 133224 4 20 0 2147491840 1097800 16777728 128 402653184 32772 513 1887502336 16777225 640 2701672560 65596 224 669196302 132706 262144 102765600 1 0 0 0 0 8192 0 11011330 201326592 2150631824 0 1 4096 17123360 0 32768 3221225472 536871232 0 98304 536872960 1179754 33554432 3670020 16640 6 139461186 23168 1 0 4096 0 0 8388608 0 0 0 536903680 0 0 2147483648 2147484160 262160 8396800 0 20 159907840 2048 512 17408 66560 20977664 0 2147516416 2214758408
is_linear=0
shrinkage=0.045


Tree=114
num_leaves=23
num_cat=20
split_feature=2 0 0 3 0 0 3 3 5 3 0 0 5 0 0 4 3 3 3 1 3 3
split_gain=4.75777 8.75802 8.12434 5.42444 4.43562 3.99282 5.59358 3.92852 3.79439 3.09967 6.48129 4.81987 4.38912 8.63971 5.60018 6.12529 6.30581 4.87442 4.24449 3.14566 4.0881 3.52643
threshold=0 1 2 3 4 5 6 7 5.4402485097224949 8 9 10 5.3589392201907193 11 12 13 14 15 16 17 18 19
decision_type=9 9 9 9 9 9 9 9 10 9 9 9 10 9 9 1 9 9 9 9 9 9
left_child=2 7 -1 5 -5 6 -4 -2 -9 10 -3 -11 14 17 15 18 -17 -14 -13 20 -16 -21
right_child=1 9 3 4 -6 -7 -8 8 -10 11 -12 12 13 -15 19 16 -18 -19 -20 21 -22 -23
leaf_value=-115.99787175044166 150.50135656733522 15.065036671607086 62.163045167154046 56.288055173081773 -0.4596205615409053 -29.332137112380369 -25.495988081107825 0.59212832129636805 329.53333293319076 -19.666118443647573 -29.175075904552358 -63.954971202379596 -47.572812588449629 97.439119018999548 155.85233401845741 -94.632369625262683 -1.9955206301159523 26.405089330001573 32.662864559200862 -10.627592852714514 19.546118841664974 13.438390944351049
leaf_weight=734 496 1219 341 505 952 2799 396 508 94 1343 1783 449 363 1335 216 787 620 531 1237 1619 617 4031
leaf_count=734 496 1219 341 505 952 2799 396 508 94 1343 1783 449 363 1335 216 787 620 531 1237 1619 617 4031
internal_value=-0.000104779 0.00026854 -0.00122713 -0.000570929 0.00173077 -0.00152198 0.00141188 0.00413514 0.00161238 2.78431e-06 -0.00129894 0.000300912 0.000592155 0.00239018 0.000173836 -0.00139855 -0.00359297 -0.00104305 0.00042654 0.000924942 0.00348817 0.000540445
internal_weight=22975 17248 5727 4993 1457 3536 737 1098 602 16150 3002 13148 11805 2229 9576 3093 1407 894 1686 6483 833 5650
internal_count=22975 17248 5727 4993 1457 3536 737 1098 602 16150 3002 13148 11805 2229 9576 3093 1407 894 1686 6483 833 5650
cat_boundaries=0 1 14 27 29 42 55 57 59 61 75 88 102 116 117 119 121 123 125 126 128
cat_threshold=3 46170112 0 536870912 0 2147483904 33558528 0 64 4096 16384 0 13920 11019264 10518532 4096 536870912 0 134217984 0 0 73728 0 2155892736 16777216 4224 2148533248 172414482 350941 1073741824 0 0 0 131072 0 0 0 0 1073741832 4112 268435712 45 33685504 131072 1073741824 129 4 0 0 0 134217728 272 40 2147485700 32784 33948178 4616 2832909446 36 916922380 131688 0 8390676 0 1 143654912 1024 0 73728 536906756 5242890 50331648 559108 2147516424 6 4 2147551252 0 2147483648 1179648 768 128 268469248 1036 1049187 1115750400 131076 256 262144 9248 1 0 134742016 536870912 0 73728 0 12718088 83886080 2149056768 67108864 2 2097152 109314048 0 512 142639104 3136 0 134217728 536969216 71829504 2097152 0 2148583948 20 2 2283324482 301076 134222370 96384 5243410 84224 540772 1 34418 1213239328 8338
is_linear=0
shrinkage=0.045


Tree=115
num_leaves=23
num_cat=20
split_feature=0 0 3 3 5 2 1 3 4 4 0 0 3 0 3 3 3 0 0 3 5 1
split_gain=4.7919 4.45345 5.05668 4.04189 4.04339 3.93723 3.11513 4.04508 3.07529 3.07354 11.4903 8.38451 6.80775 7.28028 6.53664 6.37097 5.83426 6.50723 5.56328 4.93598 4.90888 4.61462
threshold=0 1 2 3 6.6234007758748676 4 5 6 7 8 9 10 11 12 13 14 15 16 17 18 5.4402485097224949 19
decision_type=9 9 9 9 10 9 9 9 1 1 9 9 9 9 9 9 9 9 9 9 10 9
left_child=-1 2 -2 -3 5 -5 -6 -8 -9 10 15 14 13 -13 -11 -7 -12 -18 19 -14 -17 -15
right_child=1 3 -4 4 6 9 7 8 -10 11 16 12 18 21 -16 20 17 -19 -20 -21 -22 -23
leaf_value=231.78247277127673 18.482062282974091 -105.19824100755049 -56.617414652153563 103.89599264401801 -25.687682544833368 -101.94642028531845 290.61655448700265 73.781256382123118 -87.034000260911725 -64.243803466413794 19.019177308715225 -66.438076082868136 -50.958512148562058 54.455488144126939 -4.5044773484555298 97.8191948430525 1.2433226259080401 -75.618961926768634 13.200339670867834 2.7260622665487606 557.36507235068916 -6.6784272742564275
leaf_weight=210 327 269 947 388 115 108 102 292 42 1134 2735 1235 646 285 1016 1070 1599 1111 5676 1165 110 2393
leaf_count=210 327 269 947 388 115 108 102 292 42 1134 2735 1235 646 285 1016 1070 1599 1111 5676 1165 110 2393
internal_value=-9.30278e-05 -0.000157066 -0.00272939 -3.1391e-06 6.78158e-05 -3.37397e-05 0.00386528 0.00552455 0.00286127 -0.000120843 0.000664811 -0.000511364 -2.36593e-05 -0.00154204 -0.00308048 0.00446538 -0.000243266 -0.00171932 0.000771103 -0.00139468 0.00543624 -0.000217472
internal_weight=22975 22765 1274 21491 21222 20671 551 436 334 20283 6733 13550 11400 3913 2150 1288 5445 2710 7487 1811 1180 2678
internal_count=22975 22765 1274 21491 21222 20671 551 436 334 20283 6733 13550 11400 3913 2150 1288 5445 2710 7487 1811 1180 2678
cat_boundaries=0 13 26 28 29 30 32 34 35 36 50 63 65 78 80 82 84 98 112 114 116
cat_threshold=0 0 1073741840 4096 0 0 0 64 0 0 0 8288 65536 1073741916 64 0 2415927296 268435520 16777732 256 134217728 140 67117573 1082130432 131208 1049600 2282524706 278656 33554432 32 16 1540 135808000 4 4 2 14942208 8388640 0 2097152 0 1088 512 0 1024 11062272 0 5120 2156049282 1 2359296 25165860 0 33280 1074266112 3136 512 0 536907776 2657296 0 1572868 2147484416 221037604 67653 33587200 67110928 536870912 128 135299328 570425344 0 8192 3072 5242882 18874528 2064 49208 2291051804 301324 4198404 17152 3383657700 11540 0 67121168 1 0 1572864 0 0 0 536903680 4329736 83886080 2150105348 67108892 4 4263937 3257139200 67108865 2097152 520 256 0 0 524288 1086341120 33554448 18876160 67112964 3 2151813184 41354 17697 48
is_linear=0
shrinkage=0.045


Tree=116
num_leaves=23
num_cat=20
split_feature=0 2 3 5 0 3 3 0 0 4 0 3 3 1 1 0 3 3 5 3 0 3
split_gain=5.14581 5.09704 5.10084 3.64706 3.15092 10.2173 4.69824 9.32026 5.14676 4.2067 4.50949 6.96844 6.53865 6.23775 6.19998 4.62236 3.63525 3.61767 3.46123 3.34408 3.30673 2.8567
threshold=0 1 2 6.6234007758748676 3 4 5 6 7 8 9 10 11 12 13 14 15 16 3.7012257604091228 17 18 19
decision_type=9 9 9 10 9 9 9 9 9 1 9 9 9 9 9 9 9 9 10 9 9 9
left_child=21 3 -3 4 5 -2 7 -6 19 20 11 -11 14 17 18 -15 -17 -14 -12 -8 -10 -1
right_child=1 2 -4 -5 6 -7 8 -9 9 10 12 -13 13 15 -16 16 -18 -19 -20 -21 -22 -23
leaf_value=4.6745517087904229 14.248610332822281 -52.258310656845204 195.55443044448455 50.226526627695058 -54.971885148817705 -45.158705920398098 3.5637321949648686 3.9176501076869861 26.322853656680891 -47.003321328749003 -9.2671802303703039 4.6725201364654092 36.274392853905525 38.566472934072571 -28.2901453592502 -50.692043199955201 14.688871100399082 170.02604868941182 103.61300971638957 91.942614610741984 -76.09829205257509 -45.389591938237345
leaf_weight=425 1465 239 558 547 1977 1797 440 3310 110 1102 266 2194 414 1936 1849 618 797 455 550 515 367 1044
leaf_count=425 1465 239 558 547 1977 1797 440 3310 110 1102 266 2194 414 1936 1849 618 797 455 550 515 367 1044
internal_value=-9.30278e-05 8.36509e-05 0.00358776 -5.32069e-05 -0.000151756 -0.00142944 9.579e-05 -0.00101481 0.000601935 0.000316307 0.00051041 -0.000857013 0.00116464 0.00226489 -0.00057994 0.00137154 -0.000583392 0.00564415 0.00266304 0.00374612 -0.0038048 -0.00265868
internal_weight=22975 21506 797 20709 20162 3262 16900 5287 11613 10658 10181 3296 6885 4220 2665 3351 1415 869 816 955 477 1469
internal_count=22975 21506 797 20709 20162 3262 16900 5287 11613 10658 10181 3296 6885 4220 2665 3351 1415 869 816 955 477 1469
cat_boundaries=0 13 14 16 29 31 33 47 61 62 76 78 80 82 84 97 99 101 103 116 118
cat_threshold=1073745996 2147549248 0 2415919104 2147484160 516 0 1207959552 132 67117573 1115684864 2228360 1048576 23 4194912 21128 16 19161140 1 0 8388608 50331744 512 268468224 8 2164260866 805306368 1607680 2115072 3569657370 2597 101099010 2597 2156167168 33685504 536870912 0 1048832 0 0 0 536870912 1084232968 85983232 268435456 2147518526 1 2172911617 33685504 536875008 0 17891328 4097 256 0 0 1104 2293792 268435456 143650 20 1 6291456 1082134528 0 2097280 402653192 536870912 128 9216 69632 5914656 134217856 2164260884 67108864 2 1363169440 205832 2283800604 5248 34148 50 1611153457 1540 16384 0 0 0 0 0 0 16384 536870912 10489856 4096 257 2147518620 9457696 237890 554238016 409864 2714306632 348160 33554432 0 0 0 131072 0 0 0 0 0 4112 2147484672 1 17563746 268424
is_linear=0
shrinkage=0.045


Tree=117
num_leaves=23
num_cat=20
split_feature=0 2 3 5 0 3 0 0 3 3 3 3 0 3 3 0 0 1 5 0 3 0
split_gain=4.61443 5.79585 3.91621 3.75087 9.48139 5.89513 5.44977 5.44021 4.91137 4.22385 3.58475 3.47738 3.04126 3.57516 3.48911 6.58017 5.03811 3.91545 3.68443 3.02005 2.93868 3.41369
threshold=0 1 2 5.1269313471631675 3 4 5 6 7 8 9 10 11 12 13 14 15 16 4.2555875595453383 17 18 19
decision_type=9 9 9 10 9 9 9 9 9 9 9 9 9 9 9 9 9 9 10 9 9 9
left_child=2 10 19 6 9 -6 8 20 -3 -5 -2 -9 13 -8 16 -16 -14 -18 -19 -1 -7 -22
right_child=1 3 -4 4 5 7 12 11 -10 -11 -12 -13 14 -15 15 -17 17 18 -20 -21 21 -23
leaf_value=80.721106061301171 -31.661464673251682 -91.795141901228945 -62.609834427065394 39.626847158351701 -1.8553790046874563 -9.5286824813488593 -15.394845893379751 59.398540134206193 -16.712382852704504 -35.618780895439848 216.1382965147418 222.77561842944087 -23.92377470294079 68.940315922722689 -16.916495889981796 16.531202707626672 67.876640393851559 -18.532070443829706 14.72902287466686 -13.390394900987557 84.338967711788257 1.5777838911981599
leaf_weight=233 140 560 1108 215 1385 460 372 639 2163 846 389 583 2732 611 1290 3546 497 2724 1414 358 314 396
leaf_count=233 140 560 1108 215 1385 460 372 639 2163 846 389 583 2732 611 1290 3546 497 2724 1414 358 314 396
internal_value=-7.93184e-05 0.000101466 -0.00232759 -1.84257e-05 0.00107851 0.00213183 -0.000352115 0.0034817 -0.00218007 -0.00266309 0.00469963 0.00557942 2.72769e-05 0.0024196 -0.000167622 0.000770421 -0.000783643 0.000121046 -0.000336145 0.000634328 0.00125635 0.00305402
internal_weight=22975 21276 1699 20747 4838 3777 15909 2392 2723 1061 529 1222 13186 983 12203 4836 7367 4635 4138 591 1170 710
internal_count=22975 21276 1699 20747 4838 3777 15909 2392 2723 1061 529 1222 13186 983 12203 4836 7367 4635 4138 591 1170 710
cat_boundaries=0 13 14 16 29 31 45 59 61 63 65 67 80 82 84 98 112 113 125 127 141
cat_threshold=1073741916 2147549248 0 268435456 2148565056 50332160 256 1207959552 132 67117124 1115684864 2097288 1048576 96 2299809826 20608 33816576 10491940 0 0 419430400 536871168 0 8192 0 8540170 335679488 1081616 1024 2332277420 133931 2101248 50593796 33554432 0 256 4165 0 32768 8 3075 136314880 17825796 2146824 4 4096 67118080 1 0 8912896 0 0 65536 536870912 4194304 150994944 2147484164 67125248 7 606342406 274736 2282820096 2176 4640 20608 545275984 266260 196608 0 805306384 8389 1342505472 0 0 64 526336 1179664 131112 65 139682 2165112896 88612 173983526 345742 41959424 10494000 3221229568 2097152 524292 1024 0 0 536970240 10518784 553648256 0 75501568 3 4227073 67111936 67108865 16 8388608 0 128 90112 4096 528896 268439552 2147521280 2147486725 16 1610612836 8 0 0 0 1081344 0 0 134217728 4 0 33554432 128 14155778 12416 0 67117056 0 0 524288 0 0 0 536870912 0 0 2147484160 0 2
is_linear=0
shrinkage=0.045


Tree=118
num_leaves=23
num_cat=20
split_feature=2 0 0 3 2 3 2 0 3 3 3 0 0 0 0 5 5 3 1 3 0 0
split_gain=4.8344 10.3311 10.2574 7.0937 5.73027 5.11309 4.932 7.45116 6.28881 4.04962 3.64791 7.89839 6.51458 5.51422 4.79733 4.23843 3.5157 3.338 3.24835 3.08457 3.0468 3.03806
threshold=0 1 2 3 4 5 6 7 8 9 10 11 12 13 14 1.7005986908310777 6.4052270920020655 15 16 17 18 19
decision_type=9 9 9 9 9 9 9 9 9 9 9 9 9 9 9 8 10 9 9 9 9 9
left_child=1 -1 4 20 5 -2 7 9 -9 -4 11 19 16 -13 17 -16 -12 -14 -10 -8 -3 -5
right_child=2 3 6 21 -6 -7 10 8 18 -11 12 13 14 -15 15 -17 -18 -19 -20 -21 -22 -23
leaf_value=-312.99722302567011 -5.2646496911753635 27.015060498885923 20.345460398145278 -41.506028530409203 403.55559326836345 73.620375610738122 -36.466956129221195 -174.37893828524884 -77.942757844549462 -25.759048748525817 42.50111964058371 -83.31843635782927 -74.666201199172789 -12.172423780001209 159.10730487947868 3.5962050061548507 520.60544703413598 -0.80771446422855653 12.669109230258291 43.078853965213931 -119.54263930410714 17.876162495970146
leaf_weight=109 795 122 868 333 275 791 208 371 355 947 1193 217 609 4346 211 7591 55 645 338 1397 401 798
leaf_count=109 795 122 868 333 275 791 208 371 355 947 1193 217 609 4346 211 7591 55 645 338 1397 401 798
internal_value=-8.91108e-05 -0.00234507 9.96513e-05 -0.00140456 0.0032795 0.0021965 -0.000208 -0.00192235 -0.00489312 -0.000160099 9.28173e-05 -0.000771845 0.000610702 -0.00172623 0.000188575 0.000604684 0.00364286 -0.00238152 -0.00226596 0.00193414 -0.00567757 0.000610236
internal_weight=22975 1763 21212 1654 1861 1586 19351 2879 1064 1815 16472 6168 10304 4563 9056 7802 1248 1254 693 1605 523 1131
internal_count=22975 1763 21212 1654 1861 1586 19351 2879 1064 1815 16472 6168 10304 4563 9056 7802 1248 1254 693 1605 523 1131
cat_boundaries=0 1 13 26 28 29 31 32 45 47 49 51 65 78 91 105 107 109 110 122 135
cat_threshold=1 33554432 0 0 0 0 0 0 0 0 0 0 2176 2147483648 131072 2751463424 197 65540 4096 0 64 4096 1073872912 4272 12000 8225 33834512 18944 6 803803718 334465 2 33554432 4 1073741824 0 142737408 0 0 0 536871040 256 8 2147483908 32796 184550912 4182 614032912 80035 3081069164 172650 4460544 262224 0 0 8388616 1025 0 134299648 2052 1086472 33619968 557316 5128 6 35700736 2183135232 4225 8704 256 0 640 0 557056 2115841 16777216 16 9454848 33554432 35651584 4096 8192 32768 4 0 0 32768 2097152 0 0 10485760 4456448 327680 0 32768 25313792 257 0 1476411392 67596 1052672 1117847552 2621444 0 4 1209533442 81940 524564 2568 100990988 0 0 0 0 8388608 0 0 0 0 1073741832 135184 32768 32768 0 2147483648 0 0 0 0 0 0 1073741824 16 34560 24
is_linear=0
shrinkage=0.045


Tree=119
num_leaves=23
num_cat=20
split_feature=2 0 0 3 2 0 0 3 5 0 5 3 4 0 3 0 3 3 0 3 0 1
split_gain=4.23033 10.0941 6.92766 5.13499 4.46488 3.78974 3.25057 3.01559 4.88828 3.77592 3.01371 4.08171 3.3471 8.24536 11.3943 7.11556 6.69256 5.70096 6.61695 5.15709 5.12214 4.16956
threshold=0 1 2 3 4 5 6 7 5.5032948732385458 8 6.462248816637195 9 10 11 12 13 14 15 16 17 18 19
decision_type=9 9 9 9 9 9 9 9 10 9 10 9 1 9 9 9 9 9 9 9 9 9
left_child=2 -2 4 -3 -1 -5 -6 9 -9 -7 12 -12 15 14 -14 16 -4 20 -19 -17 -15 -21
right_child=1 3 10 5 6 7 -8 8 -10 -11 11 -13 13 17 -16 19 -18 18 -20 21 -22 -23
leaf_value=63.576753789564137 339.9729955820842 105.92284817700882 187.21319917806704 -18.319412937681808 -171.1803255630121 -94.818903188258702 -46.767628214031831 21.343132426333359 361.70547446320762 16.652140044128316 141.09175266966849 8.5718857589525577 -88.375488562494226 -47.620177785871221 1.1892657193176273 -68.242409137105312 6.495931868285588 -11.478314336565672 15.006930101421403 26.769434435101321 -3.1314679003143646 -20.092582861043045
leaf_weight=178 322 592 552 1461 239 325 416 1438 208 665 120 501 1328 992 1327 525 814 1725 3438 1751 2898 1160
leaf_count=178 322 592 552 1461 239 325 416 1438 208 665 120 501 1328 992 1327 525 814 1725 3438 1751 2898 1160
internal_value=-9.30278e-05 0.00106162 -0.000415554 0.000521698 -0.00439349 -4.92821e-05 -0.0061057 0.000968656 0.00214415 -0.000988024 -0.000219186 0.00285313 -0.000335211 -0.000745517 -0.00294432 0.000665071 0.00339623 -9.68009e-05 0.000882609 -0.000430684 -0.00139544 0.0003156
internal_weight=22975 5011 17964 4689 833 4097 655 2636 1646 990 17131 621 16510 11708 2655 4802 1366 9053 5163 3436 3890 2911
internal_count=22975 5011 17964 4689 833 4097 655 2636 1646 990 17131 621 16510 11708 2655 4802 1366 9053 5163 3436 3890 2911
cat_boundaries=0 1 14 27 29 30 43 55 57 70 71 72 85 87 101 103 105 118 120 134 136
cat_threshold=7 0 67174400 0 512 0 64 0 0 0 524288 0 9312 33280 536870984 327684 0 512 8 2112 256 0 132 3587 1082130432 3670144 1064960 134226064 32770 2 32768 2107472 0 2147483648 26247168 0 0 65536 536936448 2103296 402653184 2785560 2048 0 65540 0 0 0 0 0 0 4 3 8388608 128 1661406060 413736 0 4128 0 0 0 0 0 0 0 0 0 1048576 8 2286961664 2 6553600 50331648 4096 268468224 1207959552 4096 512 134217728 536877056 69730304 35651584 4 2155909662 2886512142 302646 10485760 44040192 0 2097152 1572864 1280 0 0 33800 6864896 0 276 2222993938 1 1746441280 14496 258883620 67981 1082249232 0 3221225473 2105476 0 536871936 0 65600 33792 12636168 131072 16811008 9216 1052944 17184 1 75629568 536870912 0 268960512 33554432 0 40960 0 5246976 218103808 6416 67108864 3 1074807268 2319
is_linear=0
shrinkage=0.045


Tree=120
num_leaves=23
num_cat=20
split_feature=0 2 3 2 5 0 0 3 2 4 0 5 3 0 1 4 3 0 3 0 0 3
split_gain=4.45205 5.08355 5.45412 4.58632 9.31464 4.42035 3.54236 4.84617 3.96895 8.22203 7.96416 6.26173 5.81568 4.61914 3.76526 3.19897 6.42441 8.21422 5.62995 8.98414 6.30782 4.15491
threshold=0 1 2 3 5.7975752026129497 4 5 6 7 8 9 4.8481086751891054 10 11 12 13 14 15 16 17 18 19
decision_type=9 9 9 9 10 9 9 9 9 1 9 10 9 9 9 1 9 9 9 9 9 9
left_child=3 6 -3 4 -1 -5 7 -2 9 -8 12 13 -11 -12 -15 16 -10 21 19 -17 -20 -18
right_child=1 2 -4 5 -6 -7 8 -9 15 10 11 -13 -14 14 -16 18 17 -19 20 -21 -22 -23
leaf_value=-308.9008386679966 -53.042584185638738 -21.757876038964802 163.003078373569 139.2341045154711 258.59838458020016 -30.647072707326004 -269.40639089390089 1.7722466998635718 -35.020691443448847 68.96195310002588 -67.539753906648471 370.47122362275417 -9.1717689019702089 268.41185970344526 6.3250649704394162 -93.107726447111517 539.43303085223545 5.4098770017171045 -31.760947540335653 -5.8051855882379639 4.7771055743397115 81.902104555358193
leaf_weight=147 1104 332 469 145 52 527 66 1242 1083 366 275 454 1367 278 255 892 100 2687 1189 2958 6298 689
leaf_count=147 1104 332 469 145 52 527 66 1242 1083 366 275 454 1367 278 255 892 100 2687 1189 2958 6298 689
internal_value=-0.00010282 2.2382e-05 0.00351476 -0.00323613 -0.00906398 -0.00138158 -0.000110837 -0.00175573 9.37055e-05 0.00157419 0.00192943 0.00462716 -6.44699e-05 0.00227778 0.00466514 -0.000192356 0.000813966 0.00175459 -0.000597275 -0.00199249 0.000123016 0.00575843
internal_weight=22975 22104 801 871 199 672 21303 2346 18957 3061 2995 1262 1733 808 533 15896 4559 3476 11337 3850 7487 789
internal_count=22975 22104 801 871 199 672 21303 2346 18957 3061 2995 1262 1733 808 533 15896 4559 3476 11337 3850 7487 789
cat_boundaries=0 13 14 16 17 29 42 44 45 46 59 61 74 76 77 79 92 94 107 121 122
cat_threshold=76 2147549184 0 2147483648 2147516416 512 128 134218752 140 67117061 1082130432 131208 1048576 23 2285933152 21152 65 0 0 0 0 0 0 0 0 0 0 0 128 1074008080 19153012 1 0 285212672 16777316 0 1342210048 0 2164260866 840957952 2621440 1024 689457412 250236 16 1 0 15360 0 0 143654912 0 0 65536 536969216 2102272 134217728 2164293904 133136 545261744 344592 0 67108864 0 0 0 536870912 0 0 0 0 0 1048576 2147483660 352 3592 2 47190802 16896 2097152 33554432 0 2097152 524288 1024 0 8192 0 11059200 0 272 2222991872 170689542 362509 2129920 131072 536870912 128 1573120 536870912 0 8192 2048 557056 83886080 1052676 2147527210 2097153 1115684864 3221229568 2105348 134217736 256 512 0 37888 2753536 0 16777216 67129988 3 1207993344
is_linear=0
shrinkage=0.045


Tree=121
num_leaves=23
num_cat=20
split_feature=5 0 0 0 3 4 3 0 0 2 3 0 3 3 0 0 0 3 3 3 5 3
split_gain=4.44493 8.93439 8.62489 4.23696 5.94349 4.01987 4.11186 6.34974 5.52113 3.91062 3.77883 3.70716 8.4096 3.88864 5.80902 4.02715 3.465 3.34048 3.06351 2.87519 2.86195 3.57586
threshold=4.0689902272260703 0 1 2 3 4 5 6 7 8 9 10 11 12 13 14 15 16 17 18 6.1537953943602615 19
decision_type=10 9 9 9 9 1 9 9 9 9 9 9 9 9 9 9 9 9 9 9 10 9
left_child=1 19 9 4 -3 18 8 -8 10 20 -7 12 -4 14 -13 -15 -14 -11 -5 -1 21 -2
right_child=2 3 11 5 -6 6 7 -9 -10 17 -12 13 16 15 -16 -17 -18 -19 -20 -21 -22 -23
leaf_value=-5.8010460526029055 185.55558337718773 -16.22159875514313 -76.919604702578937 -10.158558821986716 93.213507464647662 93.947772957629425 27.586455365406419 -9.5714053256986151 -38.773854994688229 99.652892884180375 -42.251555562905374 -21.550596297669689 28.034358280024879 -6.4402402117443671 7.7918907558265618 19.360873522166113 -17.440590871189123 -25.066404929684904 -160.89630392480757 -78.177838007869795 309.83850550308136 46.848228670071471
leaf_weight=345 352 489 476 148 629 326 1454 2727 2527 120 296 2143 354 1480 1888 4664 603 369 219 717 88 561
leaf_count=345 352 489 476 148 629 326 1454 2727 2527 120 296 2143 354 1480 1888 4664 603 369 219 717 88 561
internal_value=-9.69448e-05 -0.000817643 0.000446565 -0.000344115 0.00223009 -0.000720911 -0.000490998 0.000434653 -0.00171544 0.00365513 0.00205836 3.09811e-05 -0.00210208 0.000333513 -0.000751299 0.00104532 0.000348297 0.000314371 -0.00530488 -0.00469274 0.00526407 0.00454918
internal_weight=22975 9877 13098 8815 1118 7697 7330 4181 3149 1490 622 11608 1433 10175 4031 6144 957 489 367 1062 1001 913
internal_count=22975 9877 13098 8815 1118 7697 7330 4181 3149 1490 622 11608 1433 10175 4031 6144 957 489 367 1062 1001 913
cat_boundaries=0 14 28 42 44 45 47 60 73 74 76 90 92 94 107 121 131 133 135 137 139
cat_threshold=1107296281 33554432 4097 0 0 1024 0 134250496 4 67110913 1235222528 2097152 2156937472 1 42041345 0 4224 2147483664 65536 5120 0 134217728 0 1074793472 32 268445216 2156941568 1 0 75629584 4026531840 32961 64 0 256 64 4096 20 0 2147496001 139425 6 58819108 23124 1 1780788810 399281 2155937792 77856 0 0 163844 0 0 0 536936448 1074843912 160 17827856 32794 4456448 0 0 2097156 143654916 536870912 0 8192 2048 2097152 4096 524672 67115520 84 136347648 4272 16777216 67118100 536870912 0 3238002688 553648385 128 268443648 32772 16387 8388608 17308033 128 2 2740584480 24712 715617830 200515 262144 52428832 1 0 144212224 33554500 0 65536 536871936 2625544 33554560 2149613584 517 2147487760 25432096 0 2097665 268435456 0 0 16384 0 2129928 371200016 1048596 67150848 4 0 9236 0 0 2147483648 0 128 0 4 2 16432 20512 2156003336 192 1078497328 135552 697471042 17028
is_linear=0
shrinkage=0.045


Tree=122
num_leaves=23
num_cat=20
split_feature=0 2 0 5 0 0 3 3 0 0 3 2 5 0 3 0 0 3 0 3 0 1
split_gain=4.61791 8.36925 4.1132 3.4281 6.43889 5.70374 4.79024 4.32834 6.29555 5.7367 4.30008 3.84224 3.55238 3.02602 2.71988 9.56453 6.94417 4.72127 3.47193 3.44843 5.41927 3.3975
threshold=0 1 2 4.0689902272260703 3 4 5 6 7 8 9 10 1.7005986908310777 11 12 13 14 15 16 17 18 19
decision_type=9 9 9 10 9 9 9 9 9 9 9 9 10 9 9 9 9 9 9 9 9 9
left_child=1 13 -2 4 6 10 -4 9 -9 -6 -5 -12 -8 -1 15 -7 17 -16 -18 20 -20 -21
right_child=2 -3 3 5 7 14 12 8 -10 -11 11 -13 -14 -15 16 -17 18 -19 19 21 -22 -23
leaf_value=133.39928305193138 192.33730350093887 -228.60321958322209 0.17532236631443082 165.58614556050557 11.689110730616521 -30.363301577699676 3.7328723806198467 34.599785182005469 -2.2598951354653036 -43.027725488409665 -103.48601124342879 64.604952724451834 -105.62155105070379 -43.988921638560967 -42.912778565541238 12.316630672772808 3.8381067861367408 6.0567225356667587 -71.05737911286684 74.949293055000965 23.849374015183603 23.497422572042467
leaf_weight=145 213 119 502 272 1049 1776 155 1325 3392 2186 165 836 747 485 854 2737 2562 686 267 1095 421 986
leaf_count=145 213 119 502 272 1049 1776 155 1325 3392 2186 165 836 747 485 854 2737 2562 686 267 1095 421 986
internal_value=-7.14845e-05 -0.0035184 4.6542e-05 -1.53235e-05 -0.000668412 0.000467454 -0.00346398 -0.000169513 0.000699408 -0.0014344 0.00330934 0.00188796 -0.00541575 -0.00133178 0.000146104 -0.00071105 0.000709356 -0.00194265 0.0014781 0.00258091 -0.000192857 0.00349379
internal_weight=22975 749 22226 22013 9356 12657 1404 7952 4717 3235 1273 1001 902 630 11384 4513 6871 1540 5331 2769 688 2081
internal_count=22975 749 22226 22013 9356 12657 1404 7952 4717 3235 1273 1001 902 630 11384 4513 6871 1540 5331 2769 688 2081
cat_boundaries=0 13 14 27 41 55 57 59 72 86 88 89 101 103 116 130 132 145 147 160 162
cat_threshold=92 65536 0 0 2147483648 16777728 256 0 140 67117573 1082130432 131208 1048576 22 0 0 268435472 0 0 4096 0 0 0 0 0 268443744 65536 1107329024 1124089856 4097 268443664 269484036 1024 0 134266880 0 2151680000 671088640 2097152 2155890432 1 42041345 0 4224 16 65540 3072 0 134217728 0 1074924544 32 1536 8411392 1 3243806944 16644 1241818186 312245 327680 67121168 1610612736 129 32768 536870912 0 0 32768 1200152 32 17338372 167979 2149580800 131108 0 2097280 8388928 0 0 8192 536906752 2097408 4240 2147486481 67117060 22 537935904 16396 1 0 0 0 0 0 0 0 0 0 0 0 128 2942726180 215881 0 128072756 0 512 276857088 570425408 0 8192 0 2 128 2148010256 1 3221491712 262208 0 2105345 17301504 256 0 65536 536904704 2097224 302120960 1605637 1152 6 68378 4102 0 92279840 1 0 135397376 536870912 0 8192 0 577792 67178512 2097408 67150360 277873666 270464 0 8192 0 0 33024 0 0 0 0 0 0 2147483664 5 540977 3104
is_linear=0
shrinkage=0.045


Tree=123
num_leaves=23
num_cat=20
split_feature=0 2 2 0 3 0 3 0 0 5 4 5 0 3 1 3 0 3 0 0 3 0
split_gain=4.71794 7.08909 4.66892 8.66738 4.62965 5.8531 4.50381 6.75717 4.33475 4.1224 3.8609 3.19716 3.25696 7.67389 3.56176 7.23801 6.45022 3.70698 8.82944 8.29498 3.6989 3.49325
threshold=0 1 2 3 4 5 6 7 8 5.6646935841241897 9 6.9092530334720372 10 11 12 13 14 15 16 17 18 19
decision_type=9 9 9 9 9 9 9 9 9 10 1 10 9 9 9 9 9 9 9 9 9 9
left_child=1 -1 11 -4 -3 -6 7 -5 -8 -9 -10 12 13 -2 15 -14 -17 18 20 -19 21 -16
right_child=2 4 3 6 5 -7 8 9 10 -11 -12 -13 14 -15 17 16 -18 19 -20 -21 -22 -23
leaf_value=-189.12667723900492 -55.497858634410072 -44.924412963436041 314.95395425083842 -12.362684055495009 129.17104868660905 -11.312113782841624 -41.369871190426998 70.271626672630731 43.361776686639516 479.25070753628069 -28.587155612958341 57.794650289323471 102.14011703589465 6.0657384984432969 -52.66518636011395 -50.666026719172223 56.441646406389189 29.735118536387436 -24.352066631262058 -4.9227058134218531 52.741450491449555 24.208486949901307
leaf_weight=156 1459 479 322 747 237 633 766 1118 826 142 616 276 541 1464 227 229 339 2306 5014 3830 1056 192
leaf_count=156 1459 479 322 747 237 633 766 1118 826 142 616 276 541 1464 227 229 339 2306 5014 3830 1056 192
internal_value=-8.12769e-05 -0.00250659 9.00754e-05 0.00137008 -0.00140522 0.000561224 0.000814407 0.00235141 -0.000587838 0.00435142 0.000866575 -0.000253615 -0.000333603 -0.00169421 -4.25578e-05 0.00238849 -0.00116379 -0.00025817 -0.00100715 0.00053432 0.0020427 -0.00151392
internal_weight=22975 1505 21470 4537 1349 870 4215 2007 2208 1260 1442 16933 16657 2923 13734 1109 568 12625 6489 6136 1475 419
internal_count=22975 1505 21470 4537 1349 870 4215 2007 2208 1260 1442 16933 16657 2923 13734 1109 568 12625 6489 6136 1475 419
cat_boundaries=0 13 14 15 28 30 42 44 57 70 71 85 87 89 91 96 98 112 125 127 139
cat_threshold=92 2147483652 0 268435456 256 50332164 128 1024 140 67117061 1082130432 270534792 1048576 1 7 0 67174400 0 512 0 64 0 0 0 524288 0 9312 33280 2178596900 402000 0 4 0 0 0 0 0 0 0 0 0 2176 142108850 98838 32768 3088 0 0 1605632 536870912 0 65536 33792 5122 436207616 272 20 0 16789600 0 0 1605632 0 0 0 536969216 2048 268435456 1605888 2147485696 4 4456448 1191378944 0 512 8 2112 768 0 2048 1052162 33554432 1606656 2115084 16 738629196 495774 2147516768 128 140346928 10372 0 10747904 67112961 208 64 172256818 93921 33640449 1024 0 2097152 2149187584 536870912 0 268435520 32768 272 18874400 2164260868 8394880 7 3221258240 8192 0 0 402653188 256 0 1073807360 5120 1087012928 805310624 4369 67108913 4218912 11264 0 0 0 0 1572864 536870912 0 0 0 0 16777216 2147483648
is_linear=0
shrinkage=0.045


Tree=124
num_leaves=23
num_cat=19
split_feature=0 2 0 5 0 0 3 0 0 2 1 3 3 3 3 5 5 0 3 0 3 2
split_gain=4.69812 6.64681 3.88309 3.25061 6.07663 5.34863 4.1076 8.06454 6.74586 3.50178 3.46985 3.85337 3.30644 3.24719 3.07138 3.06056 2.59948 2.59319 2.74815 2.53193 6.26935 2.97797
threshold=0 1 2 4.0689902272260703 3 4 5 6 7 8 9 10 11 12 13 1.0000000180025095e-35 4.8322978221268906 14 15 16 17 18
decision_type=9 9 9 10 9 9 9 9 9 9 9 9 9 9 9 8 10 9 9 9 9 9
left_child=1 -1 -2 4 15 9 8 12 13 -5 11 -10 -8 -6 -11 -4 -16 -9 -19 20 -7 -21
right_child=2 -3 3 5 6 19 7 17 10 14 -12 -13 -14 -15 16 -17 -18 18 -20 21 -22 -23
leaf_value=-7.6704888211546489 173.64591808360674 -201.60547500582587 119.95727940457975 -48.186256392625566 -121.19869451779076 13.197030875498294 -5.0425332218113539 -41.465008002740937 -10.369516754609048 151.48273351004971 -15.483632310231368 47.685249665145143 66.713091614090004 -50.144029203940988 -15.459523647563637 -60.015871742157032 83.278269114851355 67.643429149641435 -1.834780654140086 211.22318956900997 -59.744188826828939 1.8394584136426055
leaf_weight=427 213 138 48 184 223 508 236 952 720 642 1782 650 1044 966 288 1122 192 224 1462 143 672 10139
leaf_count=427 213 138 48 184 223 508 236 952 720 642 1782 650 1044 966 288 1122 192 224 1462 143 672 10139
internal_value=-8.51939e-05 -0.00409445 1.80626e-05 -4.15372e-05 -0.000675167 0.00042639 -0.000242111 0.000812977 -0.001194 0.00314112 -9.95575e-05 0.00159551 0.00372678 -0.00406536 0.0040873 -0.00369289 0.00128049 -0.000611321 0.00045053 0.000113735 -0.00184983 0.000340975
internal_weight=22975 565 22410 22197 9429 12768 8259 3918 4341 1306 3152 1370 1280 1189 1122 1170 480 2638 1686 11462 1180 10282
internal_count=22975 565 22410 22197 9429 12768 8259 3918 4341 1306 3152 1370 1280 1189 1122 1170 480 2638 1686 11462 1180 10282
cat_boundaries=0 13 14 27 41 55 57 70 83 84 86 88 90 92 94 108 110 124 126 127
cat_threshold=76 65536 0 268435456 64 512 128 0 136 8709 8388608 136 1048576 38 65536 0 16 0 0 0 0 0 0 0 0 268443744 65536 1107296272 1124089856 4097 8208 268435456 1024 0 134266880 0 2214725632 1224736768 2097152 2155889408 1 41975825 33816576 4224 8208 65540 3072 0 134217728 0 1073744896 1073741856 1536 8409344 1 1243917898 318389 2155872256 67117104 1610612736 129 163840 0 0 0 536870916 1074790408 176 17338372 41019 2155905024 67108912 0 5 131328 0 0 0 4 1082671104 805306416 16814084 35867 1 134762981 75072 1241515530 264965 2164326404 66560 35653698 16400 22594680 20612 6291456 2116 0 2097152 1048576 0 0 1073750016 0 6291714 67112960 1052432 67108864 2 65668 74752 16777216 67109908 536870912 0 3238003456 587202817 0 268443648 32772 16384 128 17307649 128 2 142705242 6688 160
is_linear=0
shrinkage=0.045


Tree=125
num_leaves=23
num_cat=21
split_feature=0 2 2 0 0 5 0 3 0 2 0 3 3 0 3 0 0 0 3 3 3 3
split_gain=4.24684 6.31271 3.78244 4.20816 3.32524 3.12783 7.75539 7.28865 6.24809 6.10993 4.95892 4.83749 4.78965 3.68234 3.65722 8.96352 5.28992 3.34806 4.30877 3.31759 3.13727 2.99047
threshold=0 1 2 3 4 4.863673427408628 5 6 7 8 9 10 11 12 13 14 15 16 17 18 19 20
decision_type=9 9 9 9 9 10 9 9 9 9 9 9 9 9 9 9 9 9 9 9 9 9
left_child=1 -1 5 -4 -3 8 7 -7 12 20 -9 -11 -2 -13 15 -10 19 18 -18 -16 -8 -5
right_child=2 4 3 21 -6 6 9 10 14 11 -12 13 -14 -15 16 -17 17 -19 -20 -21 -22 -23
leaf_value=-192.32053659161966 -88.149508210449781 97.290812621861107 282.16938753960375 111.35001718646221 -34.595213143593028 -44.469578477129268 13.825140967231782 32.479986043433961 34.392278459269328 44.547584417413361 -37.110420870614014 49.513488414641614 -12.378037359688296 -1.7066818520167908 -49.604245136936626 -26.690050950513378 93.205793518212957 4.8099623047116253 1.5971278316767712 1.9031855588385769 206.97478667923335 -26.173773881031011
leaf_weight=150 900 248 279 231 633 716 216 571 877 778 364 385 1534 2944 828 3338 575 5183 577 706 537 405
leaf_count=150 900 248 279 231 633 716 216 571 877 778 364 385 1534 2944 828 3338 575 5183 577 706 537 405
internal_value=-0.000106737 -0.00291227 2.66442e-05 0.00283981 -0.00138578 -9.731e-05 0.000722018 -0.00193476 -0.000464876 0.00162562 0.000689018 0.000934086 -0.00253884 0.000181832 -4.46429e-05 -0.00111249 0.000528169 0.00110249 0.00328608 -0.00183376 0.00532353 0.000763889
internal_weight=22975 1031 21944 915 881 21029 6511 1651 14518 4860 935 4107 2434 3329 12084 4215 7869 6335 1152 1534 753 636
internal_count=22975 1031 21944 915 881 21029 6511 1651 14518 4860 935 4107 2434 3329 12084 4215 7869 6335 1152 1534 753 636
cat_boundaries=0 13 14 15 27 39 52 54 68 69 81 83 85 99 101 114 127 140 142 144 146 148
cat_threshold=92 65536 2147483648 2415919104 584 50332160 0 1342177280 140 8197 1082130432 268437640 1048576 1 23 0 4128 0 0 0 0 0 0 536870912 0 268435456 2147491904 0 0 2147483648 0 0 0 0 1073741824 0 0 0 2176 266240 2104356 0 0 286261248 260 0 8192 33792 180234 369164304 2147516676 1026 31036450 160264 1080033281 2181316640 4097 32768 0 4160 128 32768 536870912 2147485762 2228224 2621440 573960 17 16 262144 2103332 0 0 0 256 0 0 0 2 0 2147516420 1622147330 279440 153454144 351024 2097152 50601984 0 0 0 1024 0 0 0 1073741824 134217728 0 67108864 7 35009796 33516 2189426688 1073741824 1073741824 8325 268566784 1024 0 64 33792 7373056 570425392 2147483649 67108898 2181070848 18882576 1073741824 8325 268435712 1028 0 17408 37888 7865600 536870912 1 67112960 17121280 1024 67108864 16 1073741824 1 768 0 65536 1073889336 83951616 16781312 2239489 13189298 198928 3236430352 151568 2172666370 27136 26738706 2052
is_linear=0
shrinkage=0.045


Tree=126
num_leaves=23
num_cat=21
split_feature=0 0 2 3 3 0 0 2 0 3 0 5 0 3 3 0 0 3 1 3 1 0
split_gain=4.06528 3.75098 8.02555 4.51503 3.31054 10.0399 5.06362 4.76337 5.39558 4.62136 4.49721 5.12861 5.61965 4.5697 4.56957 4.31377 4.19877 3.59262 4.08515 3.53697 3.40784 3.02802
threshold=0 1 2 3 4 5 6 7 8 9 10 3.6505739029280164 11 12 13 14 15 16 17 18 19 20
decision_type=9 9 9 9 9 9 9 9 9 9 9 10 9 9 9 9 9 9 9 9 9 9
left_child=-1 2 -2 21 5 -3 9 10 -9 -6 -8 16 14 -14 -13 -7 -12 18 -18 -10 -19 -4
right_child=1 4 3 -5 6 15 7 8 19 -11 11 12 13 -15 -16 -17 17 20 -20 -21 -22 -23
leaf_value=119.31923509861306 -252.13387974907511 -43.30724355025999 93.871477030373811 -39.727295899317923 -84.579603362912309 -1.9178330099496088 -8.9113903426539025 -138.86116846359099 -39.566395448267265 -8.9279925050165172 -40.256037962324697 -45.38177481934752 1.4956891374335646 76.948020130977312 13.026642075897106 52.1184591976943 -83.404396631805469 92.813433714405704 17.31416862812155 0.41922402426265759 0.092812577270015018 -19.164257543423663
leaf_weight=218 106 1053 262 654 381 1486 3033 243 1215 1713 849 400 622 1555 2085 3166 246 288 361 2504 303 232
leaf_count=218 106 1053 262 654 381 1486 3033 243 1215 1713 849 400 622 1555 2085 3166 246 288 361 2504 303 232
internal_value=-8.32354e-05 -0.000143287 -0.0025237 -0.00135776 -3.13735e-06 0.000924873 -0.00033871 -2.29659e-05 -0.00133619 -0.00239316 0.000512098 0.00116166 0.00198756 0.00364893 0.000513616 0.00182354 -0.000713763 0.00100413 -0.00141761 -0.000898553 0.00347015 0.00186759
internal_weight=22975 22757 1254 1148 21503 5705 15798 13704 3962 2094 9742 6709 4662 2177 2485 4652 2047 1198 607 3719 591 494
internal_count=22975 22757 1254 1148 21503 5705 15798 13704 3962 2094 9742 6709 4662 2177 2485 4652 2047 1198 607 3719 591 494
cat_boundaries=0 13 26 27 29 31 45 59 60 73 75 88 102 104 106 120 133 135 137 139 141 153
cat_threshold=1 0 16 268435456 0 0 0 0 0 0 0 268443744 65536 536887388 16842752 0 0 32832 50332160 0 1342177280 136 10245 1082195968 16779400 3145728 1 134252058 23200 3499631088 8450 2155872256 3076 0 2105344 1589248 0 640 134299648 32772 11010368 33554432 17 67127296 2 17039360 33816672 603979777 2147483664 268501760 261 256 32768 0 67112960 335548416 2785280 512 17 116 98304 8192 0 0 0 0 0 73728 0 0 150994944 1052672 1024 33820680 70144 33554432 2225209360 128 5 16793600 4160 0 1024 71680 131074 671088640 2148532228 2147516440 2097152 1073768448 0 8192 2282749952 536872960 640 73728 536904704 6324232 16777216 17 10374 6 50480648 393744 604243970 68640 1073745920 8400912 1073741825 0 134348800 536873984 0 0 536870912 5293074 671088768 2097412 5250 4 32768 4100 0 0 134742016 536871936 0 134225920 536871936 9961736 2097152 1280 8388608 33604096 231652 805832720 2048 169903616 280657 537395316 3072 16 16777216 0 0 64 50331648 0 268435456 0 2048 0 2176
is_linear=0
shrinkage=0.045


Tree=127
num_leaves=23
num_cat=19
split_feature=0 2 2 0 3 3 0 3 5 0 3 3 0 3 3 0 0 0 5 0 5 1
split_gain=3.871 7.945 3.77811 5.43339 3.42616 3.125 3.1199 6.70658 3.58519 7.32043 7.68838 5.70775 4.54404 6.01108 4.11021 6.82842 5.50859 3.98161 3.42224 3.15625 3.09624 2.80739
threshold=0 1 2 3 4 5 6 7 4.9663289649179552 8 9 10 11 12 13 14 15 16 6.2519020269174783 17 1.2424533248940004 18
decision_type=9 9 9 9 9 9 9 9 10 9 9 9 9 9 9 9 9 9 10 9 8 9
left_child=1 -1 6 5 -5 -4 7 -2 12 11 17 -10 13 20 15 -14 -16 -11 -19 -12 -8 -18
right_child=2 -3 3 4 -6 -7 8 -9 9 10 19 -13 14 -15 16 -17 21 18 -20 -21 -22 -23
leaf_value=-7.8564904951537207 -36.957678428151048 -234.44843433779783 -3.3643967538899595 80.238556551376234 -45.597218931741153 342.3268347152665 207.4503136728755 5.7265532030978648 -21.646360966898428 -0.91638563623175284 46.166918968475329 9.1000866358490384 17.186218738816006 3.3047977432417608 -16.810553129947873 -21.131611404478427 110.98204346283622 110.99730472000715 370.57828369994473 -5.7046551581690439 -72.425610769236982 15.851788215929373
leaf_weight=908 1279 136 106 220 319 276 42 1506 1071 228 575 1193 1270 1495 1238 3555 249 778 150 1189 1637 3555
leaf_count=908 1279 136 106 220 319 276 42 1506 1071 228 575 1193 1270 1495 1238 3555 249 778 150 1189 1637 3555
internal_value=-0.000108696 -0.00276989 1.94823e-05 0.00282154 -0.000122505 0.00685279 -0.00010489 -0.00150429 0.000109804 0.00111068 0.00259379 -0.000810633 -0.000288086 -0.00176554 0.000189037 -0.000748915 0.00108627 0.00543236 0.00675 0.000709459 -0.00360585 0.00193396
internal_weight=22975 1044 21931 921 539 382 21010 2785 18225 5184 2920 2264 13041 3174 9867 4825 5042 1156 928 1764 1679 3804
internal_count=22975 1044 21931 921 539 382 21010 2785 18225 5184 2920 2264 13041 3174 9867 4825 5042 1156 928 1764 1679 3804
cat_boundaries=0 13 14 15 27 29 31 44 46 59 61 63 77 79 81 94 108 121 134 136
cat_threshold=93 65600 0 268435456 64 16777728 0 1342177280 140 10245 1082195968 16779400 3145728 54 23 0 12320 0 0 0 0 0 0 536870912 2 268435456 2148540512 13141008 6148 138412544 6272 266240 2149863460 129 0 0 100 64 134250496 0 2164260866 838860800 272138244 1024 992007276 185240 0 25177088 0 1 429391872 0 0 8192 32768 1084379144 67244048 2147484432 8195 3361211650 287656 2321167394 358409 1080066048 100663312 4096 32768 768 33558785 128 16384 536870912 525408 134217728 0 2156446216 4 2321950290 286485 1179939590 109805 42024960 8192 1140850688 133 655368 0 0 64 66560 2244872 2097152 769 4226 42008576 16785408 3758096384 645 8929288 0 512 65536 1024 69206272 2228232 257 4224 2 0 67108864 0 0 256 570425600 0 0 536870912 0 134217856 0 2147483648 2097152 100663312 0 0 256 536872192 0 0 536870912 1024 134217856 1024 2147500032 96 65600
is_linear=0
shrinkage=0.045


Tree=128
num_leaves=23
num_cat=21
split_feature=0 2 2 0 3 3 0 0 3 1 3 5 0 0 3 0 3 0 0 3 0 3
split_gain=4.04239 6.48786 3.94454 4.6921 3.10874 3.06459 3.38488 3.0187 4.05056 2.71865 5.86218 4.58667 4.22081 3.07755 3.00659 5.96538 6.71464 5.61556 5.23837 5.00448 4.44045 6.41515
threshold=0 1 2 3 4 5 6 7 8 9 10 5.625819309938989 11 12 13 14 15 16 17 18 19 20
decision_type=9 9 9 9 9 9 9 9 9 9 9 10 9 9 9 9 9 9 9 9 9 9
left_child=1 5 7 -4 -5 -1 -7 8 -2 10 -9 12 -12 -14 17 16 18 19 -16 -11 -18 -22
right_child=2 -3 3 4 -6 6 -8 9 -10 14 11 -13 13 -15 15 -17 20 -19 -20 -21 21 -23
leaf_value=70.390322819638314 16.792348439363487 -184.17782434848658 258.95249495214188 88.703994247445365 -44.325504514418718 1.0779929035453641 -87.234963911861882 -19.269787657762425 -31.106614846658122 68.992073654153572 -4.9715817121814325 341.2603865557241 8.3196886891101887 140.27432608795584 -58.017371913822934 -2.6673444795460819 6.8467265127571588 -11.936096922667547 21.853126316132983 0.71176929364803065 21.137937268303538 183.84572212409967
leaf_weight=263 469 159 368 240 305 308 255 682 1753 345 659 184 391 368 503 5810 778 6544 533 935 665 458
leaf_count=263 469 159 368 240 305 308 255 682 1753 345 659 184 391 368 503 5810 778 6544 533 935 665 458
internal_value=-0.000108696 -0.00291123 1.84074e-05 0.00289459 0.000201975 -0.00123508 -0.0030913 -0.000107758 -0.00167189 7.75163e-05 0.00152875 0.00301115 0.00215493 0.00440661 -0.00012347 0.000449538 0.00209817 -0.000763783 -0.00081584 0.00195046 0.00368139 0.00549119
internal_weight=22975 985 21990 913 545 826 563 21077 2222 18855 2284 1602 1418 759 16571 8747 2937 7824 1036 1280 1901 1123
internal_count=22975 985 21990 913 545 826 563 21077 2222 18855 2284 1602 1418 759 16571 8747 2937 7824 1036 1280 1901 1123
cat_boundaries=0 13 14 15 27 29 31 44 58 60 62 64 75 80 82 95 97 111 123 125 138 140
cat_threshold=93 65600 64 2147483648 2147483712 16777728 0 0 132 8261 1082130432 16779400 3407872 22 23 0 12320 0 0 0 0 0 0 536870912 2 268435456 2147491936 26739760 6148 17432 86144 4 65536 0 0 64 16777216 0 0 4 0 1073741824 2176 1048576 1074003968 2375716 129 0 0 96 0 1476427776 8 2164262914 838926336 3670020 0 1 3234234408 10240 2684388452 128 2726560268 430122 39845888 109182976 1073741824 517 0 7168 0 0 65536 0 131072 32768 16777216 2684354560 0 212992 124171298 338637 16777216 8192 0 0 1358955268 1 128 0 4096 1074959376 150995072 2147518224 131122 1217986560 148480 2147504128 0 0 2105344 8 536870912 256 65536 1024 6308096 2101304 268435456 8418433 22 0 8192 0 0 268435456 0 0 0 0 4096 16777216 2147485184 23076866 8768 0 0 0 0 256 0 0 0 4096 1074954240 134217856 33040 16 536887880 37136
is_linear=0
shrinkage=0.045


Tree=129
num_leaves=23
num_cat=21
split_feature=0 2 0 5 0 0 3 4 3 3 0 0 3 0 0 3 0 0 3 3 0 3
split_gain=4.05506 4.83782 3.49639 2.88493 5.75277 4.57466 4.3109 4.01477 4.70784 3.93916 7.898 7.07211 4.05954 3.6409 3.02435 2.61622 2.60719 2.46217 9.16084 3.8004 4.69857 2.64362
threshold=0 1 2 4.0689902272260703 3 4 5 6 7 8 9 10 11 12 13 14 15 16 17 18 19 20
decision_type=9 9 9 10 9 9 9 1 9 9 9 9 9 9 9 9 9 9 9 9 9 9
left_child=1 -1 -2 4 6 7 -4 13 -9 11 -11 12 -6 -5 -10 -13 -3 18 -7 20 -19 -20
right_child=2 16 3 5 9 17 -8 8 14 10 -12 15 -14 -15 -16 -17 -18 19 21 -21 -22 -23
leaf_value=-200.24502103643687 186.14104340468728 82.240008008958213 -6.8308505488002993 -29.516673341803543 -23.645874918191911 -55.9401808066645 -96.195441228170012 115.93512638246153 -50.939402360088259 43.69707302478993 -6.195662262809055 -89.715910318060338 -120.80225785858313 227.81348963304799 17.734832681440238 3.1984021878051405 -47.435240211076923 -24.863430374952841 -6.5964666071070308 7.6928084904733076 3.6166846140701816 48.915021757582508
leaf_weight=136 207 265 546 106 807 799 498 333 312 1429 2523 219 527 369 789 2750 411 1315 352 6590 1277 415
leaf_count=136 207 265 546 106 807 799 498 333 312 1429 2523 219 527 369 789 2750 411 1315 352 6590 1277 415
internal_value=-0.000122405 -0.00322209 -7.10259e-06 -6.35015e-05 -0.000665251 0.000378584 -0.00379261 0.00240109 0.00122214 -0.000264001 0.000760595 -0.00120452 -0.00391159 0.00599057 -0.000222372 2.26434e-05 -0.00156977 1.67286e-05 -0.00162548 0.000298564 -0.00115783 0.00187741
internal_weight=22975 812 22163 21956 9299 12657 1044 1909 1434 8255 3952 4303 1334 475 1101 2969 676 10748 1566 9182 2592 767
internal_count=22975 812 22163 21956 9299 12657 1044 1909 1434 8255 3952 4303 1334 475 1101 2969 676 10748 1566 9182 2592 767
cat_boundaries=0 13 14 27 41 54 56 57 59 61 75 89 91 104 117 119 132 146 148 150 163 165
cat_threshold=76 65536 67108864 0 64 16777728 256 0 136 16785413 1082261504 16779400 1310720 1 0 0 16 2147483712 0 0 0 64 0 32 0 8288 65536 1107296272 33570816 4097 268435472 268468224 1024 0 134250496 0 3288336384 134217728 2097152 2155890432 1 44138513 131072 4224 8208 65540 3072 0 134217728 2048 1074298880 150994976 1536 2155901184 3385430112 26788 2 1131554 147969 1241878058 57013 2147516416 67121200 1610612736 129 131328 0 0 0 1028 8437768 128 561156 41019 4 2155905024 67108912 536870912 8197 256 0 0 0 536871940 8945664 822083712 36868 34874 16 1207993888 33412 33554432 0 0 0 65536 0 0 0 0 0 150994944 0 16384 2097152 0 0 8192 0 0 0 0 0 557056 0 0 2147491840 1107296264 32768 0 0 0 0 64 0 0 0 0 0 0 2176 1048576 16793600 67118132 536870912 513 3221225472 536871169 128 268443648 32772 16448 65664 528641 128 6 2740584500 155788 640120102 462144 0 18874368 1 0 143163648 0 0 65536 1024 12588042 33558528 2147516432 513 142643712 69648
is_linear=0
shrinkage=0.045


Tree=130
num_leaves=23
num_cat=19
split_feature=0 2 2 3 3 0 5 1 3 4 0 0 3 0 0 3 0 1 3 5 3 5
split_gain=3.59881 6.72214 3.67233 3.36342 3.27141 3.0159 2.65925 3.36872 3.72271 2.463 9.55977 7.36972 6.04557 5.88673 5.24793 5.05231 5.394 5.08972 4.81819 4.25328 3.78474 3.2289
threshold=0 1 2 3 4 5 6.6234007758748676 6 7 8 9 10 11 12 13 14 15 16 17 3.9219243190762363 18 2.9174053685313028
decision_type=9 9 9 9 9 9 10 9 9 1 9 9 9 9 9 9 9 9 9 8 9 10
left_child=1 -1 4 -3 -2 -6 9 -8 -9 10 19 18 13 -13 -14 -12 20 -18 -11 -4 21 -17
right_child=2 3 6 -5 5 -7 7 8 -10 11 15 12 14 -15 -16 16 17 -19 -20 -21 -22 -23
leaf_value=-212.93864757284399 -3.9656577391021708 69.357344102253037 9.1541962177742242 -37.925809184709941 -6.6834470639254864 276.97386089032091 -32.563096633824458 244.95110479772293 22.129391861650074 18.36673383649515 60.936398373999289 -55.71825666984661 -11.301777901645291 -3.1585827719960071 8.7813996371002023 -182.88544839748261 -229.22368044100267 0.64031334569037424 -63.479377121969627 170.92265145180505 -111.17614744040773 16.490055937625218
leaf_weight=106 349 329 577 447 107 268 113 102 338 355 666 1324 1785 2811 6420 57 100 3939 1394 713 399 276
leaf_count=106 349 329 577 447 107 268 113 102 338 355 666 1324 1785 2811 6420 57 100 3939 1394 713 399 276
internal_value=-0.000120447 -0.00291946 -7.12508e-06 -0.00137056 0.00311821 0.00598837 -0.000114705 0.00295946 0.0046792 -0.000196705 0.000511592 -0.000534916 -0.000145725 -0.0015463 0.000561336 -0.000317948 -0.000832636 -0.000183288 -0.00325809 0.00397465 -0.00435484 -0.000717391
internal_weight=22975 882 22093 776 724 375 21369 553 440 20816 6727 14089 12340 4135 8205 5437 4771 4039 1749 1290 732 333
internal_count=22975 882 22093 776 724 375 21369 553 440 20816 6727 14089 12340 4135 8205 5437 4771 4039 1749 1290 732 333
cat_boundaries=0 13 14 15 17 19 31 33 35 36 50 64 66 79 93 95 108 110 112 114
cat_threshold=84 2147483648 0 2147484160 2147483712 16777728 256 1342177280 132 10245 1082130432 2184 1310720 1 96 134222386 88232 138417698 21132 0 0 0 0 32768 0 0 0 0 0 0 2097152 16 1540 135808000 4 2 14942208 8388640 0 2097152 524288 1088 512 0 1024 2655232 0 1053700 2156016514 1 2359304 262176 2147487744 268468224 1073741824 3136 512 134217728 536875008 2622480 0 3674112 2147484416 1 237814948 68613 8421376 83886096 536870912 8192 135790848 536870912 0 8192 34816 5279744 16777344 21 32793 1073827841 1117790212 1140850688 2097152 268435464 256 0 0 524288 1082146816 33554432 16778496 75501572 6 1210319076 11264 0 3076 0 0 196864 536870912 0 8192 8 131394 805306368 2130432 18432 268959753 144 1628459104 24576 2155922448 65604
is_linear=0
shrinkage=0.045


Tree=131
num_leaves=23
num_cat=21
split_feature=0 2 3 2 0 0 3 2 4 0 3 5 0 1 4 3 0 0 3 3 3 0
split_gain=3.61723 5.58602 3.85049 3.72742 4.07834 2.56065 6.50701 3.79828 5.10608 5.53938 5.64635 5.12951 3.61245 4.22104 2.64241 5.67996 5.60065 5.19775 5.90349 4.78958 4.005 5.73124
threshold=0 1 2 3 4 5 6 7 8 9 10 4.8481086751891054 11 12 13 14 15 16 17 18 19 20
decision_type=9 9 9 9 9 9 9 9 1 9 9 10 9 9 1 9 9 9 9 9 9 9
left_child=1 -1 -3 5 -5 6 -2 8 -7 10 -10 12 -11 -14 15 -9 19 18 -16 -17 -19 -22
right_child=3 2 -4 4 -6 7 -8 14 9 11 -12 -13 13 -15 17 16 -18 20 -20 -21 21 -23
leaf_value=-181.93974713661132 -25.634805256288164 -57.384418858717233 22.1428456880924 251.62863348465572 2.8985478969522953 -246.24262745563607 9.3900958386715043 -42.938050523812088 -83.039973457110165 -46.039103549488864 12.186213399701245 312.89877067099934 232.06419916290614 -2.4261211738168638 -65.103694921930142 24.42252024568872 5.0440479769914965 -6.9974707716563351 -1.515459247611161 209.74188033264369 -18.272291355713005 24.662530259652339
leaf_weight=115 1479 368 602 355 483 66 1236 705 411 267 1108 459 361 259 1481 594 2740 4236 1592 413 1110 2535
leaf_count=115 1479 368 602 355 483 66 1236 705 411 267 1108 459 361 259 1481 594 2740 4236 1592 413 1110 2535
internal_value=-8.32354e-05 -0.00260483 -0.00142057 4.31467e-05 0.00296471 -7.47721e-05 -0.00136139 0.000116491 0.00159786 0.00189135 1.46963e-05 0.00397644 0.00199944 0.00384494 -0.000166364 0.000757746 0.00145451 -0.000542169 -0.00210778 0.00430569 7.12657e-05 0.00116284
internal_weight=22975 1085 970 21890 838 21052 2715 18337 2931 2865 1519 1346 887 620 15406 4452 3747 10954 3073 1007 7881 3645
internal_count=22975 1085 970 21890 838 21052 2715 18337 2931 2865 1519 1346 887 620 15406 4452 3747 10954 3073 1007 7881 3645
cat_boundaries=0 13 14 16 17 29 41 43 44 45 58 60 73 75 76 78 92 105 107 109 111 124
cat_threshold=84 65536 0 2147483648 2147483712 16777760 64 1342177280 140 8261 1082130432 526476 1310720 1 2148058116 286804 23 0 4128 0 0 0 0 0 0 536870912 2 268435456 2147491936 1074008072 2149863520 67113089 32768 1342177280 65 0 134218752 0 2164261410 268435456 270565392 1000981796 152504 16 1 0 16788500 0 0 152043520 0 0 65536 536903680 2102272 134217728 2164261120 131088 2183009280 20 32768 67108864 0 0 8388608 0 0 0 0 0 0 1048576 12 264544 3082 2 38798082 148992 2097152 33554432 0 2097152 134217728 1024 0 0 0 2670592 536870912 256 2222990098 1 6291456 50331648 2147483648 268435456 134217728 536877312 768 0 6144 2626560 570425344 1049600 2155909662 780971534 306382 2172666032 65700 191815748 342477 25182208 1073741828 1073741824 2105477 524296 0 0 90176 536871936 8569104 2232448 16777216 1025
is_linear=0
shrinkage=0.045


Tree=132
num_leaves=23
num_cat=21
split_feature=0 0 2 3 3 5 1 3 3 0 0 3 0 0 0 3 3 0 0 1 1 3
split_gain=3.43141 3.23862 5.25072 4.33552 2.78892 2.47347 3.48772 2.85992 2.44103 9.93096 3.93236 4.20871 3.25489 3.25274 2.64981 4.35663 3.29857 5.7966 5.36171 4.00906 3.36838 3.29456
threshold=0 1 2 3 4 6.6234007758748676 5 6 7 8 9 10 11 12 13 14 15 16 17 18 19 20
decision_type=9 9 9 9 9 10 9 9 9 9 9 9 9 9 9 9 9 9 9 9 9 9
left_child=-1 2 -2 -4 -3 8 -7 -8 9 -6 11 12 -10 -11 15 -12 17 21 -18 -19 -20 -16
right_child=1 4 3 -5 5 6 7 -9 10 13 14 -13 -14 -15 16 -17 18 19 20 -21 -22 -23
leaf_value=182.70197050955713 -178.5705825289424 -74.769513346272248 -51.519731080682064 28.673730969497555 103.47433041341981 -31.228191940665493 242.90853546927795 28.615681706117666 -20.734749044292275 -40.778393869213502 12.080422580230515 -3.3831360861824211 -107.35590414634913 6.1938511728547017 -0.56060113790310417 -20.690004824936295 -4.2069061764907385 148.52268289867007 86.12938733190181 2.5930771461679067 16.561754968549884 -45.416946855460843
leaf_weight=235 112 281 473 551 1347 125 103 322 476 972 1351 1207 373 1652 910 3575 1507 258 553 2586 2730 1276
leaf_count=235 112 281 473 551 1347 125 103 322 476 972 1351 1207 373 1652 910 3575 1507 258 553 2586 2730 1276
internal_value=-8.32354e-05 -0.000140427 -0.00246951 -0.00138996 -1.66543e-05 4.32388e-05 0.0030163 0.0048913 -3.57401e-05 0.00096598 -0.000272987 -0.00211074 -0.00452091 -0.00064871 -1.5246e-05 -0.000865735 0.00041192 -0.000392701 0.00125573 0.000945378 0.0022739 -0.00212921
internal_weight=22975 22740 1136 1024 21604 21323 550 425 20773 3971 16802 2056 849 2624 14746 4926 9820 5030 4790 2844 3283 2186
internal_count=22975 22740 1136 1024 21604 21323 550 425 20773 3971 16802 2056 849 2624 14746 4926 9820 5030 4790 2844 3283 2186
cat_boundaries=0 13 26 27 29 30 32 34 36 50 63 65 78 92 105 107 109 123 137 138 140 142
cat_threshold=0 0 0 64 0 0 0 64 4096 16 0 8288 65536 84 65536 33554432 512 2147745856 16777760 0 1342177280 140 10309 1082130432 526476 1310720 1 2164835460 287324 33554432 524304 1540 135808000 4 3491234192 8448 35913728 102891552 1 0 268468224 256 0 8192 1024 163840 553648128 2148566528 41501 4 50593800 2256535648 67112960 2147483648 268468224 4352 512 0 66560 67108864 889192448 1179648 2156528128 679807052 381578 33816576 41943040 0 0 0 256 0 0 1024 0 285212672 0 2147484160 1073741824 16778240 0 2105344 1572864 0 0 134283264 536903680 16269576 33554560 16777216 67127296 2 1075838976 262144 1073741953 149 25231616 536870980 384 33792 0 32768 134217728 2149614080 33805 537206888 4323 71755310 4323 2155905024 16777220 2147483648 8192 134742016 1024 0 0 536903680 1080558602 2232320 17 50 19 86016 2243600 536870912 0 1180168 33554433 0 24576 2048 8404992 33554568 16777472 2103424 4 1073742180 536903788 480 4358180 192
is_linear=0
shrinkage=0.045


Tree=133
num_leaves=23
num_cat=20
split_feature=2 0 3 0 3 2 0 3 3 0 1 1 0 3 5 5 0 0 0 3 3 0
split_gain=3.63991 7.59895 6.6889 5.10846 4.21006 3.96892 6.5674 5.18107 4.32548 3.89489 3.78643 3.4089 3.34041 3.2553 3.25457 5.1157 3.42558 3.30888 3.28398 5.87384 3.46026 8.725
threshold=0 1 2 3 4 5 6 7 8 9 10 11 12 13 2.1383330595080281 2.8029010331479989 14 15 16 17 18 19
decision_type=9 9 9 9 9 9 9 9 9 9 9 9 9 9 8 8 9 9 9 9 9 9
left_child=2 4 -1 -4 -2 6 8 -8 9 -3 13 -9 -7 -5 17 16 -16 -14 19 -17 21 -20
right_child=1 5 3 10 -6 12 7 11 -10 -11 -12 -13 14 -15 15 18 -18 -19 20 -21 -22 -23
leaf_value=-116.97726853832613 0.56007074882416419 -5.0262354437715473 -62.834207488907701 -59.277524076066669 99.603103438897961 22.923878468068722 -136.10730539728638 65.740762134739782 -18.97148036305105 65.046319611188366 163.66490156976039 -32.529720263542821 133.29926681462985 12.268695014637997 25.923585635355209 -63.672478859410731 -93.704119565588698 8.4309307004369831 -28.509289687783529 3.9547241169556582 8.4219169176330251 5.4789470594362681
leaf_weight=549 516 451 293 114 789 1913 642 130 1172 416 230 474 110 577 102 711 354 363 1869 981 7039 3180
leaf_count=549 516 451 293 114 789 1913 642 130 1172 416 230 474 110 577 102 711 354 363 1869 981 7039 3180
internal_value=-0.000108696 5.51263e-05 -0.0020662 -0.000183524 0.0033656 -0.000163788 -0.00159008 -0.00414944 -1.09703e-05 0.00238055 0.00147106 -0.00109578 0.000119033 -0.00022404 -0.000111575 -0.000233881 -0.00491266 0.00355263 -7.83631e-05 -0.00192782 0.000182231 -0.000715768
internal_weight=22975 21212 1763 1214 1305 19907 3285 1246 2039 867 921 604 16622 691 14709 14236 456 473 13780 1692 12088 5049
internal_count=22975 21212 1763 1214 1305 19907 3285 1246 2039 867 921 604 16622 691 14709 14236 456 473 13780 1692 12088 5049
cat_boundaries=0 1 14 16 29 31 32 45 47 49 62 64 66 79 81 94 107 120 122 124 138
cat_threshold=1 2181038080 0 2684354560 197 4 0 0 64 4096 1073741824 4272 10976 8225 2181334036 18945 32768 0 2147483648 0 0 0 0 0 0 16 4112 35456 16 48570374 88225 130 0 131108 1073741824 0 8388608 0 0 0 536870912 272 8 2147484932 32796 184845842 20550 2156144214 145571 0 0 1073741824 0 8388608 0 0 0 536870912 0 0 0 28 93 1072 64 2 14712836 131076 67112960 0 8454400 33554432 0 16384 524288 16384 18874368 5376 9061506 16896 128 0 8224 0 0 524288 0 0 0 0 8912896 0 2147483648 8 0 4096 0 0 0 0 0 0 536903680 0 0 2149580800 2147484160 1 3238002736 0 8192 2148581440 16778048 128 402653184 32768 1 1619066880 17432589 512 3766948416 110908 3068682606 141026 0 44050432 1 0 268435456 536870916 0 8192 0 74059778 469762048 2148565008 2214592512 1
is_linear=0
shrinkage=0.045


Tree=134
num_leaves=23
num_cat=18
split_feature=2 0 3 0 3 3 5 0 0 3 5 1 5 3 3 0 0 3 1 5 0 1
split_gain=3.43558 7.02834 6.59603 5.46547 3.78833 3.34193 3.31913 2.75673 2.64884 4.379 2.79039 2.45444 2.69299 3.38606 2.38959 7.55918 2.88343 4.0595 2.81538 2.78501 2.44652 2.35089
threshold=0 1 2 3 4 5 6.078787719222313 6 7 8 4.6101453514146771 9 5.8678824850335358 10 11 12 13 14 15 4.6101453514146771 16 17
decision_type=9 9 9 9 9 9 8 9 9 9 8 9 10 9 9 9 9 9 9 8 9 9
left_child=3 2 6 4 -1 -3 -2 -4 9 10 -5 -7 13 -13 15 19 17 -16 -18 -10 -17 -20
right_child=1 5 7 8 -6 11 -8 -9 14 -11 -12 12 -14 -15 16 20 18 -19 21 -21 -22 -23
leaf_value=1.3319652187639439 -60.606623136909725 0.75802059850782821 -29.274862209091552 -98.873220277527707 -82.788139691297545 126.72611918792187 50.273091494610121 21.698568402624694 1.1513762627375035 37.104266691985686 26.135757867264683 -48.408204065565293 313.87043704624648 72.373439909714577 -33.224424946616708 -71.294623055380654 -152.74158099920248 -0.17037254599179505 24.852047173838727 53.475927004407637 -13.764346904964949 1.8609329687490934
leaf_weight=335 942 863 267 282 653 1009 137 804 715 1125 166 291 91 446 821 538 102 1404 479 383 2360 8762
leaf_count=335 942 863 267 282 653 1009 137 804 715 1125 166 291 91 446 821 538 102 1404 479 383 2360 8762
internal_value=-8.12769e-05 0.000981078 -0.000936633 -0.000365965 -0.0036 0.00250553 -0.00340284 0.00155817 -0.000177124 0.00157571 -0.00215217 0.00358978 0.00171429 0.000822057 -0.000355354 -0.0013024 -2.72021e-05 -0.00147854 0.000319882 0.00186486 -0.00250515 0.000406085
internal_weight=22975 4850 2150 18125 988 2700 1079 1071 17137 1573 448 1837 828 737 15564 3996 11568 2225 9343 1098 2898 9241
internal_count=22975 4850 2150 18125 988 2700 1079 1071 17137 1573 448 1837 828 737 15564 3996 11568 2225 9343 1098 2898 9241
cat_boundaries=0 1 15 17 31 33 35 47 61 63 65 67 69 83 97 99 101 114 116
cat_threshold=135 32768 2111536 128 2147483648 26771456 0 0 65536 33792 2101248 402653184 19530008 2064 4 2878637572 266380 4194368 1074200580 0 512 64 2112 256 64 132 3091 1082261504 3670144 1064960 16 557666 88368 51053870 246136 0 16 0 2147483648 1605632 0 0 0 32768 0 402653184 16 229377 2097184 2415919104 80 1048580 1028 192 32768 134774784 1142947840 268435496 268435521 8224 4 2315518020 268512 537134132 1546 9437696 2180 707180544 378704 2147483648 41951232 1073741824 2105473 524288 536870912 0 0 536871936 5898240 16777232 20 2214598676 3 2147483648 58728448 0 40960 3221766144 536875008 0 402653184 6144 1572928 2097152 16778244 2150107270 2 4735520 143368 805570560 16 41943040 0 1 0 131328 0 0 0 0 49152 100663296 38912 520 33 128
is_linear=0
shrinkage=0.045


Tree=135
num_leaves=23
num_cat=22
split_feature=0 0 3 2 4 3 0 3 0 0 3 3 0 3 2 0 3 0 1 0 1 3
split_gain=3.59414 2.84868 5.63977 3.89012 3.08944 9.52301 9.20829 6.40318 8.25754 6.35851 5.82914 5.18972 4.82287 4.31343 3.55235 4.26517 3.78091 3.24641 3.08691 3.05728 3.0274 3.79915
threshold=0 1 2 3 4 5 6 7 8 9 10 11 12 13 14 15 16 17 18 19 20 21
decision_type=9 9 9 9 1 9 9 9 9 9 9 9 9 9 9 9 9 9 9 9 9 9
left_child=-1 2 -2 -4 5 19 -7 9 13 10 -6 18 -10 -9 15 -14 -17 -13 -8 -3 -11 -22
right_child=1 4 3 -5 7 6 11 8 12 20 -12 17 14 -15 -16 16 -18 -19 -20 -21 21 -23
leaf_value=144.25009790903152 -77.833448706109024 16.139894065254776 -83.092308693324668 20.014152092782968 -7.2649098756661079 152.29087994789154 9.6370517848750019 -66.222712734349656 54.214115232131697 17.74180766651385 -89.445626961487108 -24.49309310400913 -15.969067012451559 -13.665245933897568 1.6806797671295861 7.391553230668432 191.71791004080092 8.1994744045161134 243.9222207825795 -98.843247208936575 3.116497962918074 -22.88625505427364
leaf_weight=223 458 116 130 658 760 900 226 344 802 613 879 963 223 825 4684 206 317 3983 287 522 2058 2798
leaf_count=223 458 116 130 658 760 900 226 344 802 613 879 963 223 825 4684 206 317 3983 287 522 2058 2798
internal_value=-7.93184e-05 -0.0001364 -0.00221781 0.0001125 -1.46389e-05 0.000761895 0.00128904 -0.000389188 0.000537232 -0.00135253 -0.00380224 0.000588101 0.00118914 -0.0029149 0.000702867 0.00356201 0.00576168 0.000136144 0.00484286 -0.00443077 -0.000611658 -0.000989113
internal_weight=22975 22752 1246 788 21506 6997 6359 14509 7401 7108 1639 5459 6232 1169 5430 746 523 4946 513 638 5469 4856
internal_count=22975 22752 1246 788 21506 6997 6359 14509 7401 7108 1639 5459 6232 1169 5430 746 523 4946 513 638 5469 4856
cat_boundaries=0 13 26 28 29 30 32 46 48 62 76 78 80 93 95 96 109 111 124 126 139 141 143
cat_threshold=65537 0 0 0 0 0 0 1024 134217728 0 0 8288 65536 80 16842752 100663296 0 2164523072 16777764 64 268435456 65668 10309 1082261504 526472 1048576 2824389644 401752 65 2 37753090 16896 6553608 48 0 0 0 1088 512 1073741824 0 2671616 0 1053696 143874 1 254791396 297172 6311936 10747936 0 268435584 134217736 1344 512 134217728 0 13156368 4096 19922948 2176 2 1084522496 67108916 1610612736 4 524544 536870976 0 0 1024 2621456 83886080 2101248 2147488264 5 83936480 264384 1207959684 10240 1082425344 67242000 0 4 32768 0 128 32768 4096 131074 872480800 32768 2113568 537923584 69896 48 0 5120 0 0 1048576 0 0 0 32768 1024 0 256 16 9437186 12296 2147483648 33556484 1 0 277070080 536870912 0 65536 0 256 973078528 16809984 17412 1048592 1543 0 4096 0 0 8388608 0 0 0 536870912 0 0 0 20 1381 64 16976452 294932
is_linear=0
shrinkage=0.045


Tree=136
num_leaves=23
num_cat=20
split_feature=0 0 3 2 0 5 5 0 3 0 0 0 3 3 3 0 0 3 3 0 3 0
split_gain=3.25474 2.9794 5.31817 2.71174 2.67337 2.64043 3.48221 6.61148 3.99576 5.37721 4.99119 3.79749 4.92631 3.48448 2.98944 5.81174 5.07084 4.95817 4.52386 3.29902 3.03245 2.95535
threshold=0 1 2 3 4 1.2424533248940004 4.0689902272260703 5 6 7 8 9 10 11 12 13 14 15 16 17 18 19
decision_type=9 9 9 9 9 8 10 9 9 9 9 9 9 9 9 9 9 9 9 9 9 9
left_child=-1 2 3 -2 -5 -3 7 13 10 -10 -9 12 -8 -7 16 20 18 21 -13 -17 -16 -18
right_child=1 5 -4 4 -6 6 11 8 9 -11 -12 14 -14 -15 15 19 17 -19 -20 -21 -22 -23
leaf_value=426.00004531454437 -65.427737617937041 41.034062794669694 -51.965088252448332 120.45552524003126 -1.1853724241175769 -3.1486605310340017 -67.013243269663803 -55.423974746008803 32.344608171335963 -6.6936344165157786 -1.6596192841837727 2.1182538041483165 0.9104742203072419 -74.995896304181827 -31.729876842672855 11.643853029860692 -63.135091026097541 38.324458376466715 -28.136244589862617 69.965267674145338 6.9643861696784004 4.1598588274720534
leaf_weight=121 160 532 531 156 264 336 514 1342 1182 2345 2924 1474 1102 618 688 1745 284 1303 1390 1870 1139 955
leaf_count=121 160 532 531 156 264 336 514 1342 1182 2345 2924 1474 1102 618 688 1745 284 1303 1390 1870 1139 955
internal_value=-8.32354e-05 -0.000123983 -0.00238424 0.000608108 0.0025 -7.23972e-06 -8.59143e-05 -0.000774088 -0.000337284 0.000782001 -0.00126227 0.00039708 -0.00163084 -0.00428571 0.000700276 0.00144389 -4.98339e-05 0.00140955 -0.00134562 0.00248759 -0.00062398 -0.000629496
internal_weight=22975 22854 1111 580 420 21743 21211 8747 7793 3527 4266 12464 1616 954 10848 5442 5406 2542 2864 3615 1827 1239
internal_count=22975 22854 1111 580 420 21743 21211 8747 7793 3527 4266 12464 1616 954 10848 5442 5406 2542 2864 3615 1827 1239
cat_boundaries=0 12 25 27 28 40 54 56 69 82 96 98 100 102 115 128 130 132 146 148 162
cat_threshold=0 0 0 0 0 0 0 0 0 0 0 8288 81 16842752 33554432 2147483648 2164523072 16777764 0 1342178304 136 10309 1082130432 2184 3145728 1054330 72356 81 0 16777216 0 0 0 0 0 0 0 0 0 2176 1107296268 1107312640 4097 268443664 268468232 1024 512 134234112 32768 3221225472 0 2097156 2156413696 1 437366346 317165 32768 67114036 536870912 129 134348800 536870912 0 0 1028 9437192 536871040 17338368 11317 8421376 48 536870912 0 0 0 0 0 536937476 75628544 956301472 18350080 44095 16793600 67109940 536870912 517 1073741824 536871233 0 8192 32772 20480 128 17338385 128 2 2740847872 213016 3268252704 75816 315095590 465608 1073741824 8663104 4096 2105344 143720448 0 0 134283264 1024 10649608 318902272 2097156 16389 2359304 35663872 0 0 277381376 33554432 0 65536 536871936 2621442 67108880 2148534016 2568 293412 69696 268728868 69640 33558528 2048 1 0 131328 2048 0 0 536870912 4195584 740294656 256 2214625304 5 537920664 33 32768 0 0 0 134217728 0 0 0 0 4194312 4096 0 9216 1
is_linear=0
shrinkage=0.045


Tree=137
num_leaves=23
num_cat=19
split_feature=0 2 2 3 0 0 3 2 4 1 0 3 3 5 5 3 5 0 3 0 3 0
split_gain=3.48631 3.93039 3.60637 3.47335 3.19759 2.47689 5.99095 2.53695 5.436 5.9995 6.66746 7.13855 4.82808 4.82717 2.96442 2.83746 2.56493 6.29458 6.09222 4.58865 6.50749 3.72562
threshold=0 1 2 3 4 5 6 7 8 9 10 11 12 4.863673427408628 5.3351284364833438 13 3.3140206880897671 14 15 16 17 18
decision_type=9 9 9 9 9 9 9 9 1 9 9 9 9 10 10 9 10 9 9 9 9 9
left_child=1 -1 -2 -3 -5 6 -4 16 -9 10 11 13 14 -10 -11 -12 17 -7 -19 20 -18 -20
right_child=2 3 5 4 -6 7 -8 8 9 12 15 -13 -14 -15 -16 -17 19 18 21 -21 -22 -23
leaf_value=-174.62117946115924 55.803919524590924 62.639088717856971 -42.735342144510646 -3.1955464421855138 -51.237086219362169 -59.46391895901688 2.2915382173743271 -254.43197533790317 -134.14114790918117 35.802740367847328 51.47381095145596 203.91252666027756 -26.229367220002278 91.190477925093063 -40.72945386740426 341.99771630695392 -5.202011417422109 -45.646090411362145 80.148077325580772 -1.5388852409406535 50.831037949626932 2.9835998584908157
leaf_weight=104 722 263 1011 418 275 875 1620 66 291 565 117 457 735 221 70 377 1002 820 315 10385 1294 972
leaf_count=104 722 263 1011 418 275 875 1620 66 291 565 117 457 735 221 70 377 1002 820 315 10385 1294 972
internal_value=-9.69448e-05 -0.00260261 2.56533e-05 -0.00162707 -0.00328723 -8.17024e-05 -0.0013706 0.000101755 0.00132171 0.00162698 0.00361525 0.00139908 -0.000520984 -0.00223282 0.00232998 0.00782609 -0.00012488 -0.001312 3.18546e-05 0.00015434 0.00196924 0.00195727
internal_weight=22975 1060 21915 956 693 21193 2631 18562 2899 2833 1463 969 1370 512 635 494 15663 2982 2107 12681 2296 1287
internal_count=22975 1060 21915 956 693 21193 2631 18562 2899 2833 1463 969 1370 512 635 494 15663 2982 2107 12681 2296 1287
cat_boundaries=0 13 14 15 17 29 42 44 45 46 48 62 64 66 68 82 84 98 100 114
cat_threshold=85 2147483648 0 0 2415919688 16777728 0 1342178304 65676 67119173 1082130432 133256 262144 1 96 4154 6184 20 0 0 0 576 0 0 268435456 65676 67110912 1073741824 2176 1073741832 18940004 637534336 32768 1073741824 96 64 134217728 0 2147485186 268435456 20480016 1051648 599533444 69994 7 1 1074020452 68616 294912 0 1 0 134217728 0 0 0 0 2097152 0 2147483904 8536088 4 722716162 4236 683886098 70168 2164277266 16384 65536 67112960 1073741824 2097153 134873088 536871936 0 0 1024 1605632 85983264 268435968 76058641 3 104874056 55887 8425472 1024 3221225472 2097153 131076 1024 128 16384 1024 1073790976 2097184 268435968 75518001 6 2290395696 131253 33554432 1024 0 128 0 0 0 8192 536903680 4194304 134221952 4096 8712 16
is_linear=0
shrinkage=0.045


Tree=138
num_leaves=23
num_cat=20
split_feature=0 0 2 0 3 5 0 3 3 0 0 0 0 3 3 0 3 5 3 3 0 0
split_gain=3.37988 3.07259 4.09742 2.59937 2.69485 2.56437 7.06535 3.93838 3.14265 10.7666 10.0418 6.70108 6.23641 3.94195 3.19151 3.55231 3.13448 3.39344 2.96203 2.84664 5.88016 5.52233
threshold=0 1 2 3 4 6.3707564150300433 5 6 7 8 9 10 11 12 13 14 15 3.9981586158983733 16 17 18 19
decision_type=9 9 9 9 9 10 9 9 9 9 9 9 9 9 9 9 9 8 9 9 9 9
left_child=-1 2 -2 -4 -5 8 -7 -8 10 14 13 16 18 -3 -10 -16 17 -12 -11 20 -14 -21
right_child=1 5 3 4 -6 6 7 -9 9 12 11 -13 19 -15 15 -17 -18 -19 -20 21 -22 -23
leaf_value=128.48274939949465 -169.58771042990713 -62.574164601262808 70.757500274346313 42.638299358752697 -57.815697427857557 326.60174450157297 54.447500012923555 -14.25543510761454 -59.630736662494087 107.75546623247789 3.1749086720835109 -4.0744597657068331 -32.720019336561379 -17.165910005051408 -95.926221216159178 0.27005673793879392 13.819548976447658 169.38297474250498 29.738965769724601 -20.650061673410381 11.547672803600598 42.696209176074476
leaf_weight=221 102 910 284 135 459 109 309 458 601 250 183 7558 1668 642 337 948 1013 249 1386 854 2510 1789
leaf_count=221 102 910 284 135 459 109 309 458 601 250 183 7558 1668 642 337 948 1013 249 1386 854 2510 1789
internal_value=-8.12769e-05 -0.000136388 -0.00258569 -0.00151685 -0.00319307 -2.47866e-05 0.00235763 0.00072208 -0.00012488 0.0004324 -0.00067072 -9.23461e-05 0.00111849 -0.00399936 -0.00263172 -0.00133577 0.00270247 0.00587838 0.00360437 0.000516976 -0.000214797 0.00166949
internal_weight=22975 22754 980 878 594 21774 876 767 20898 10343 10555 9003 8457 1552 1886 1285 1445 432 1636 6821 4178 2643
internal_count=22975 22754 980 878 594 21774 876 767 20898 10343 10555 9003 8457 1552 1886 1285 1445 432 1636 6821 4178 2643
cat_boundaries=0 13 25 26 38 40 53 55 57 71 85 98 112 114 116 128 130 132 134 148 161
cat_threshold=0 0 0 64 0 0 0 16384 134217728 0 32 8288 65536 84 2147549184 0 2147483648 2147484232 16777728 0 268436480 65676 67119173 1082130432 133256 1 0 0 0 0 0 0 0 0 4 0 0 2176 12615698 2080 1075871744 0 0 0 32768 0 0 0 0 0 0 0 2147484164 2283423234 65540 2399585806 317105 4460552 8388608 0 8192 1605632 33558528 512 134283264 2048 9470992 150994944 17826320 67126400 2 1082163201 102760480 536875136 5 268468480 260 0 32768 0 1073872896 4112 528388 2148532228 17 4456456 8388608 2147483648 2105856 1638400 536875008 0 134217792 2048 9469968 16777224 16777745 67130498 25198593 102760480 536875008 132 268435712 1028 256 0 0 1090670600 135168 4100 8228 1 2181039624 21136 551626880 139338 262144 8388608 0 8192 1048576 0 512 134283264 2048 1049600 0 16777216 167772168 20992 1073745952 139328 1087901792 133188 2181038080 11284 1073741825 2097152 16388 536870912 128 0 0 2097152 337641600 2149581824 10 4 1109409792 16777216 0 2097152 142737408 64 0 8192 536903680 6815744 838860800 257 6656
is_linear=0
shrinkage=0.045


Tree=139
num_leaves=23
num_cat=20
split_feature=0 2 2 3 5 0 3 3 0 0 3 0 5 1 3 0 0 0 3 0 3 0
split_gain=3.2805 3.57479 3.01484 2.73168 2.53254 10.2386 8.2109 7.22177 5.35539 4.45493 4.8631 3.35957 3.35618 2.9996 2.81078 8.6134 4.91577 3.08684 2.82739 2.81991 2.74104 2.54482
threshold=0 1 2 3 5.2067464199591091 4 5 6 7 8 9 10 1.2424533248940004 11 12 13 14 15 16 17 18 19
decision_type=9 9 9 9 10 9 9 9 9 9 9 9 8 9 9 9 9 9 9 9 9 9
left_child=1 -1 3 -2 9 6 13 21 -8 10 -4 -9 -12 -6 15 -11 18 -17 -16 -18 -19 -7
right_child=2 -3 4 -5 5 7 8 11 -10 14 12 -13 -14 -15 16 17 19 20 -20 -21 -22 -23
leaf_value=-137.538019644326 -9.7653312435745825 -7.150170879681391 -75.129870669052337 111.07466934370423 2.2037415064032393 22.277140902181781 38.59563127009573 15.349464184832613 -32.763951138058182 -56.784160585687509 152.20696494396159 168.36772176918942 -14.168375177575053 -79.868757246598534 69.315984924186267 30.753421867763535 -10.253092382459181 4.4962935591977296 6.1239432222351571 4.3213550118698913 -18.104216501177799 -7.57995338639821
leaf_weight=143 262 975 544 459 115 674 485 547 391 1420 74 953 2658 436 639 879 1765 1165 852 5815 848 876
leaf_count=143 262 975 544 459 115 674 485 547 391 1420 74 953 2658 436 639 879 1765 1165 852 5815 848 876
internal_value=-0.000104779 -0.00246903 1.74905e-05 0.00285471 -8.08587e-05 0.000869056 -0.0022672 0.00233671 0.000456081 -0.000336264 -0.00182026 0.00455357 -0.00103316 -0.00651421 2.85554e-05 -0.000915819 0.000478091 0.000495868 0.00282934 1.18546e-05 -0.000477778 0.000172855
internal_weight=22975 1118 21857 721 21136 4477 1427 3050 876 16659 3276 1500 2732 551 13383 4312 9071 2892 1491 7580 2013 1550
internal_count=22975 1118 21857 721 21136 4477 1427 3050 876 16659 3276 1500 2732 551 13383 4312 9071 2892 1491 7580 2013 1550
cat_boundaries=0 13 14 15 17 30 32 34 46 60 62 76 78 80 94 107 121 123 137 139 153
cat_threshold=80 65600 33554496 0 1048640 16777988 192 268451840 140 2117 1082261504 133256 2097152 1 96 4199970 17064 33816576 10500132 0 0 402653184 570425344 0 8192 0 10637322 385875968 2147517200 1024 165254178 223232 2198041148 200747 0 4096 0 0 134217728 33554432 0 0 0 2 16777216 2147484160 1075843085 117720096 128 0 256 4161 0 0 0 1024 134217728 19922948 1098248 4 673579268 278832 1073741824 16778240 1 0 8388608 0 0 65536 536870912 0 128 1049600 1 3 4 14 2248466178 296577 32768 2099204 536870912 0 0 33554432 0 32768 536936448 1074401290 268439728 36864 2155875349 16 16809984 2099200 2147487744 64 3238019072 0 256 32768 103424 1141002248 32 64 131333 2181365760 8527888 0 8321 277348360 0 0 134217728 2048 9437184 16777216 268435969 67108896 2 1095434464 196628 33619968 8208 268435457 268476544 277348360 3072 512 134283264 2048 16 18939912 268435456 67633280 2 2147749378 262273 2097152 117440512 1 0 256 1024 0 0 536870912 0 134217856 1049600 32777 4
is_linear=0
shrinkage=0.045


Tree=140
num_leaves=23
num_cat=17
split_feature=0 3 2 5 5 0 0 3 3 3 2 0 4 5 2 5 5 0 3 0 0 3
split_gain=3.55171 5.38325 3.40977 2.80199 2.54806 6.36734 3.41478 5.12405 3.33668 3.20479 2.23453 3.69941 2.64089 2.3082 2.19577 2.14203 2.36844 8.59404 6.64142 4.30106 4.14264 3.86611
threshold=0 1 2 5.0657496176235997 5.9335696915338003 3 4 5 6 7 8 9 10 3.1132683346437333 11 1.2424533248940004 3.3140206880897671 12 13 14 15 16
decision_type=9 9 9 8 10 9 9 9 9 9 9 9 1 8 9 8 8 9 9 9 9 9
left_child=1 3 -2 -1 6 9 7 -4 -7 -6 12 13 -3 -12 -11 -8 17 -17 -19 21 -20 -18
right_child=2 10 4 -5 5 8 15 -9 -10 14 11 -13 -14 -15 -16 16 19 18 20 -21 -22 -23
leaf_value=-108.27440758519326 121.13599136823693 9.9830856977889191 -60.770491478829406 -2.2646450835922223 295.86948584315894 48.288311728296826 45.86471610377022 -3.3395241556320978 -10.887569621570329 482.42547483948948 -127.9862446464826 -16.3876173215567 -95.948653637121495 103.69455664913984 23.457479996817419 14.182350779251482 -14.496423499239281 -106.78445993695389 -101.45356321845371 -0.43819789970259077 3.4934269390505506 56.269807369955124
leaf_weight=268 310 55 734 94 102 389 437 1749 804 142 42 378 91 342 383 840 317 665 245 13186 697 705
leaf_count=268 310 55 734 94 102 389 437 1749 804 142 42 378 91 342 383 840 317 665 245 13186 697 705
internal_value=-0.000120447 -0.002422 1.55408e-05 -0.00697861 -5.3604e-05 0.00155598 -0.000203427 -0.00175852 -0.000392116 0.00517606 -0.000538043 0.000465116 -0.00541139 0.00352273 0.00356145 2.36787e-05 -5.80837e-05 -0.00135055 -0.0032659 0.000164673 -0.000801887 0.00295938
internal_weight=22975 1270 21705 362 21395 1820 19575 2483 1193 627 908 762 146 384 525 17092 16655 2447 1607 14208 942 1022
internal_count=22975 1270 21705 362 21395 1820 19575 2483 1193 627 908 762 146 384 525 17092 16655 2447 1607 14208 942 1022
cat_boundaries=0 13 15 16 30 43 45 47 49 50 63 64 65 79 81 95 108 110
cat_threshold=80 64 33554496 0 2147500096 16777988 0 16384 140 83888133 1082130432 2623624 2359296 2832303108 8728 32 1109426176 0 0 0 134250496 0 0 0 0 524288 0 8192 2147533324 4 1109393416 2217017376 128 0 269778944 96 512 268435456 0 2149581890 268435472 1179648 1065476 2869176964 2458 135791144 140 2148024320 8704 33 16 64 0 0 0 4 0 0 4 0 0 2099328 2097152 2 80 2151677952 11268 0 128 524544 0 0 8192 0 8392960 721420416 2147484945 2048 2 1259341334 121384 69632 16384 268435456 2097665 16973824 1024 0 32768 65536 1228832 2097184 4192 5154 16 8421376 0 0 0 0 536871936 0 65536 3072 32768 67108864 512 67108880 2147522640 86024
is_linear=0
shrinkage=0.045


Tree=141
num_leaves=23
num_cat=18
split_feature=0 2 2 3 5 2 3 0 0 1 3 3 5 5 5 3 0 0 0 2 0 3
split_gain=3.06903 4.09188 3.83691 3.3198 3.03627 2.3713 5.01581 5.54851 4.03854 3.29084 3.23731 3.13055 2.96143 2.38849 2.81194 2.96038 5.99946 4.29636 3.5655 2.39674 2.17707 2.15877
threshold=0 1 2 3 2.602003343538398 4 5 6 7 8 9 10 2.3502401828962087 2.1383330595080281 2.8029010331479989 11 12 13 14 15 16 17
decision_type=9 9 9 9 10 9 9 9 9 9 9 9 10 8 8 9 9 9 9 9 9 9
left_child=2 4 -1 -4 -2 6 7 12 10 -9 -7 -11 -3 -10 19 16 -16 -17 -19 -15 21 -8
right_child=1 5 3 -5 -6 8 20 9 13 11 -12 -13 -14 14 15 17 -18 18 -20 -21 -22 -23
leaf_value=-136.17148257252273 -6.3973080175005448 -54.476784240399354 -50.774937670495348 12.935817114386737 217.58868003409552 74.062389785975824 123.33499194013297 -146.93539849873528 47.307120873499258 0.76328688407920708 5.9179340922371919 -60.09584010810056 3.0777848556820935 9.0885676644447084 -33.153855946609767 -19.914197210619093 1.5877794548076054 -0.63286341751494546 19.684748156777133 -95.684415688680559 -0.28527076722752098 18.089651099239326
leaf_weight=107 175 168 477 588 357 592 131 360 424 491 1202 767 1578 107 1688 1587 3129 3494 3274 318 1489 472
leaf_count=107 175 168 477 588 357 592 131 360 424 491 1202 767 1578 107 1688 1587 3129 3494 3274 318 1489 472
internal_value=-8.71524e-05 3.40362e-05 -0.00231841 -0.0014415 0.00388787 -6.44881e-05 -0.000872348 -0.00194609 0.000214665 -0.00383742 0.00221761 -0.00269291 -0.000179181 -4.32908e-05 -0.000147253 -3.07424e-05 -0.000917892 0.000481355 0.000975664 -0.00374122 0.000855513 0.00310976
internal_weight=22975 21803 1172 1065 532 21271 5456 3364 15815 1618 1794 1258 1746 14021 13597 13172 4817 8355 6768 425 2092 603
internal_count=22975 21803 1172 1065 532 21271 5456 3364 15815 1618 1794 1258 1746 14021 13597 13172 4817 8355 6768 425 2092 603
cat_boundaries=0 13 14 15 17 18 20 33 46 48 50 52 54 68 81 95 96 109 111
cat_threshold=64 65536 64 2147484160 2148581440 16777764 0 0 140 2117 1082195968 657544 262144 96 1 2153268738 338436 3 2332481030 285917 3263168512 131076 3221225472 132 8388612 0 0 0 536870912 272 135304 2415919616 2147483669 14716948 131136 603979776 0 8454408 33554432 0 64 557056 24576 18874368 5184 9970816 1048852 532 2320090114 4160 2164412928 133 3034783854 5858 262145 111149092 1 2105344 268435456 1024 128 0 1024 11145218 201326592 2167406864 2147484160 4 16793600 1090781236 0 32773 1073741824 536875073 0 402702336 536872960 1048578 805306368 2097156 51456 33554432 27648 4096 8208 134742016 2304 512 65536 0 6324232 33554432 2148565009 524 3 16 0 0 536870912 1 131072 0 0 0 0 1073741832 4112 34052 33 2105376 131104
is_linear=0
shrinkage=0.045


Tree=142
num_leaves=23
num_cat=21
split_feature=0 2 4 2 3 5 1 3 0 0 3 3 3 3 0 0 3 0 3 0 0 3
split_gain=2.94671 3.51839 3.16431 2.92938 2.96663 2.76571 1.9914 8.04372 4.96009 3.74569 2.48569 2.40226 2.28761 2.12245 8.09986 8.0716 5.58946 4.157 4.67891 4.03511 3.15895 4.7006
threshold=0 1 2 3 4 6.078787719222313 5 6 7 8 9 10 11 12 13 14 15 16 17 18 19 20
decision_type=9 9 1 9 9 10 9 9 9 9 9 9 9 9 9 9 9 9 9 9 9 9
left_child=1 -1 -3 4 -2 -4 7 9 10 -5 -9 -11 -10 14 -8 16 -15 18 -16 -17 21 -18
right_child=3 2 5 6 -6 -7 13 8 12 11 -12 -13 -14 15 17 19 20 -19 -20 -21 -22 -23
leaf_value=45.093659383423365 -9.7884724782167165 -181.59786015765386 -44.496155282370161 -41.653679356938042 117.65714677948155 266.82411031706476 24.223809750962008 47.89836750492934 36.815146193416581 -42.218490778425476 -24.18650577187578 31.133090954141299 149.15338158583998 -15.830020327326784 14.056172444479598 -39.595522940715384 23.995361350796991 -21.630470048665583 -20.435322105050034 -0.64171321216306754 20.491152041107817 234.50896289190459
leaf_weight=336 232 48 565 344 375 51 1374 342 517 435 365 517 434 741 1421 1209 464 4016 1671 5974 1097 447
leaf_count=336 232 48 565 344 375 51 1374 342 517 435 365 517 434 741 1421 1209 464 4016 1671 5974 1097 447
internal_value=-7.14845e-05 -0.00244565 -0.00432692 3.78633e-05 0.00308966 -0.00349515 -5.05145e-05 0.00103169 0.0030988 -0.00161697 0.000219054 -0.000140041 0.00521028 -0.000224683 -0.000746998 0.000221742 0.00228993 -0.00135885 -0.000115979 -0.000572272 0.0035198 0.00548483
internal_weight=22975 1000 664 21975 607 616 21368 2954 1658 1296 707 952 951 18414 8482 9932 2749 7108 3092 7183 2008 911
internal_count=22975 1000 664 21975 607 616 21368 2954 1658 1296 707 952 951 18414 8482 9932 2749 7108 3092 7183 2008 911
cat_boundaries=0 13 14 15 16 18 20 22 33 42 44 46 48 50 64 77 79 93 95 109 122 124
cat_threshold=68 65536 33554496 2147484160 49224 16777728 0 0 140 10309 1082195968 133256 262144 18 1 96 138417698 17032 2684388452 160 2191541068 497959 40108032 84148224 2214592512 5 196608 3072 0 0 65536 0 131104 262144 60817408 4097 144 0 0 0 0 32768 152178736 8832 2181038660 38913 151696416 648 662158886 25288 2147483664 64 0 2138112 1572868 0 640 134283264 2048 7340032 538968064 285212677 45441 6 9 28704 0 0 2432696320 320 0 8192 4096 1140872704 0 2147485504 2228272 1484783616 429056 20480 1040 0 0 142606336 536870912 0 32832 536871936 1082294296 33558528 528384 2148552238 1 557879328 8328 2147483664 64 0 8192 1048580 536870912 640 402718720 2048 6291488 570425344 271056900 4224 7 9 8192 0 0 2147483648 64 0 0 0 0 0 2147485248 131104 540744 69648
is_linear=0
shrinkage=0.045


Tree=143
num_leaves=23
num_cat=22
split_feature=0 3 2 3 2 0 0 3 3 0 0 3 2 3 3 0 0 3 0 0 3 0
split_gain=3.30813 5.90317 3.31316 3.67996 2.07754 4.45064 3.55583 4.06234 3.21371 5.87876 3.4689 2.98965 2.80615 4.22356 2.43025 7.98003 4.73168 2.743 2.7598 2.7105 3.62909 3.56133
threshold=0 1 2 3 4 5 6 7 8 9 10 11 12 13 14 15 16 17 18 19 20 21
decision_type=9 9 9 9 9 9 9 9 9 9 9 9 9 9 9 9 9 9 9 9 9 9
left_child=1 -1 3 -2 5 11 7 -6 9 12 -10 -4 13 -7 15 -8 17 18 -16 20 -18 -22
right_child=2 -3 4 -5 6 8 14 -9 10 -11 -12 -13 -14 -15 16 -17 19 -19 -20 -21 21 -23
leaf_value=-72.110611966216965 -40.874898455980563 3.5920781328102747 -204.33362954182419 265.29294124415867 152.7533225349828 96.09888052284326 -35.176388452867286 9.7303200829439813 27.337093945426677 -34.452149517405829 -1.4450162439683298 -44.906158004363348 -48.963128634027854 0.94941004895023062 -50.061727730915955 3.6126759911811313 -10.576139234452203 -42.559043374283391 17.989370226256725 17.593617538534343 64.134954246038319 -4.6760696027510127
leaf_weight=714 134 907 105 288 219 286 1622 485 661 2006 1416 243 237 495 117 3399 2424 785 588 4254 833 757
leaf_count=714 134 907 105 288 219 286 1622 485 661 2006 1416 243 237 495 117 3399 2424 785 588 4254 833 757
internal_value=-0.000100862 -0.00205297 4.84414e-05 0.00394009 -3.22288e-05 -0.000786944 0.000233785 0.00333101 -0.000444455 -0.00137846 0.00091551 -0.005625 0.00139806 0.00269546 8.36657e-05 -0.00071975 0.000497441 -0.00182756 0.000219665 0.000918478 7.82414e-05 0.00174157
internal_weight=22975 1621 21354 422 20932 5449 15483 704 5101 3024 2077 348 1018 781 14779 5021 9758 1490 705 8268 4014 1590
internal_count=22975 1621 21354 422 20932 5449 15483 704 5101 3024 2077 348 1018 781 14779 5021 9758 1490 705 8268 4014 1590
cat_boundaries=0 13 15 16 18 19 32 45 47 49 62 75 77 78 80 82 96 110 112 125 139 141 155
cat_threshold=68 2164326400 1 2147483648 32832 16777984 0 0 140 2117 1082195968 2754696 262144 2834322948 467540 96 4194850 20608 3 2129920 4096 536870912 0 0 0 0 65536 0 2147504128 16777216 4096 1024 12619792 0 536870912 0 65536 33554432 0 64 0 24576 0 4160 11019264 2311734274 32 1258738710 348253 2147483648 131072 3221225472 1 131076 0 0 0 0 1073742080 184 2147484164 20 1073741824 0 0 128 256 0 0 0 536870912 8 135200 268435712 41 167806464 131200 2 33948692 4096 669460590 139936 262144 35660896 0 8704 268435712 4 0 8192 1024 9076994 486539264 2148565008 67108882 1 33554432 1076101120 4224 2129940 1074806792 6144 256 268469248 536872960 5242912 301989888 4 18688 16 135299200 317716 0 262144 0 4 8 0 0 268435456 2048 1048576 0 4 2048 16384 75500596 0 1 134217728 536870977 0 1208025088 0 2101258 603979776 2147516672 2147521032 6 135824128 317716 0 67111984 0 0 0 0 0 0 0 4096 67108864 2147483648 2147483656 4
is_linear=0
shrinkage=0.045


Tree=144
num_leaves=23
num_cat=21
split_feature=0 3 4 0 0 3 3 5 1 3 4 3 0 0 3 3 0 0 0 0 3 3
split_gain=3.03325 6.49356 3.10245 2.70996 2.6721 4.0545 2.70961 2.1321 2.97636 2.38691 2.21191 6.93161 10.9662 6.4714 7.41528 5.92507 5.67001 5.32439 4.56945 3.76962 3.75772 3.49602
threshold=0 1 2 3 4 5 6 6.6234007758748676 7 8 9 10 11 12 13 14 15 16 17 18 19 20
decision_type=9 9 1 9 9 9 9 10 9 9 1 9 9 9 9 9 9 9 9 9 9 9
left_child=1 -1 -3 -4 5 -2 -6 10 -9 -10 11 16 -13 14 19 18 -8 21 -15 -12 -19 -17
right_child=4 2 3 -5 6 -7 7 8 9 -11 13 12 -14 15 -16 17 -18 20 -20 -21 -22 -23
leaf_value=179.66022499901456 1.7834401073688058 -241.23029258551196 85.074169307813008 -13.728993369022973 -71.622883810946433 -46.023751854754245 10.406962503423056 -32.69177660196894 203.21414828070905 21.912816429966369 -28.628260386627552 -10.348704964083554 111.74528466254399 -26.912923889648734 2.3051687602668607 17.616995553306896 -36.103901507779298 81.56678694004944 0.33075426291441545 -120.97806034282416 6.2824365085905081 -26.794416282321581
leaf_weight=334 852 38 212 502 257 698 1971 112 101 331 787 1340 1659 2196 997 334 1532 922 2871 463 3264 1202
leaf_count=334 852 38 212 502 257 698 1971 112 101 331 787 1340 1659 2196 997 334 1532 922 2871 463 3264 1202
internal_value=-0.000136114 0.00217213 -0.000176702 0.000502793 -0.000251701 -0.00204545 -0.000113876 -5.37474e-05 0.00271978 0.00435811 -0.000131269 0.000546587 0.00212969 -0.000469397 -0.00265936 -1.04157e-05 -0.000812945 0.000980991 -0.00112965 -0.00495642 0.00181158 -0.00127907
internal_weight=22975 1086 752 714 21889 1550 20339 20082 544 432 19538 6502 2999 13036 2247 10789 3503 5722 5067 1250 4186 1536
internal_count=22975 1086 752 714 21889 1550 20339 20082 544 432 19538 6502 2999 13036 2247 10789 3503 5722 5067 1250 4186 1536
cat_boundaries=0 13 15 16 28 41 43 44 46 48 49 51 65 79 81 83 97 111 124 137 139 141
cat_threshold=131072 131072 2952790016 576 65536 1024 64 1073742912 134746112 1090519552 2097192 8288 209056 706368546 197120 1 0 0 2952790016 64 0 0 64 0 0 16777728 2097184 8256 4160 65536 64 2147483648 2164294208 33555200 0 0 140 8261 1082130432 2623640 262144 1090949752 22708 33554432 16 1540 138953728 4 2 2713735954 219016 0 67120132 1 0 277872640 0 0 268500992 536903680 4360 520093696 2147516420 33802 6 2359304 16777264 0 268468224 1074266112 6208 768 134217728 2048 6817792 0 1048580 2223014660 4 143429212 38974 1832830118 469509 2097152 67113988 1 2097152 143130624 536870912 0 65536 536903680 2625544 83886080 1028 67145240 5 1082228753 8650756 4096 2097285 134217728 536870912 0 0 1024 8405000 570429456 16777473 1024 3 2185232384 100663360 1073741825 8192 143655172 536870912 0 8192 536904704 37906 16777344 2147483648 26 0 16777264 0 0 524288 4096 0 0 2048 4194304 0 1048576 2222981124 2064 16386 12583168 264
is_linear=0
shrinkage=0.045


Tree=145
num_leaves=23
num_cat=20
split_feature=0 3 2 3 0 5 3 5 0 0 3 0 0 0 3 3 4 3 1 3 0 0
split_gain=3.01224 7.14265 2.46217 3.33949 2.08604 2.0296 3.19214 2.73859 8.55103 5.41466 4.45765 4.88916 4.65827 3.94294 7.49637 3.6282 3.49696 3.75537 3.23227 3.0605 5.88571 4.36914
threshold=0 1 2 3 4 1.2424533248940004 5 4.1971736807086968 6 7 8 9 10 11 12 13 14 15 16 17 18 19
decision_type=9 9 9 9 9 8 9 8 9 9 9 9 9 9 9 9 1 9 9 9 9 9
left_child=1 4 3 -2 -1 6 -4 8 15 16 12 -12 -10 14 -11 -7 -9 -18 -13 20 -15 -21
right_child=2 -3 5 -5 -6 7 -8 9 10 13 11 18 -14 19 -16 -17 17 -19 -20 21 -22 -23
leaf_value=42.120559961657705 -39.094836293483127 -55.142373982224612 154.86574666940382 246.78451689718526 -5.4497971517999941 -115.1210255454875 5.1834851117955534 415.19743273226186 17.048158940546017 -88.105954457643605 23.350204096179766 -38.250400619091323 -17.805919888084862 -14.870248206831166 1.5716079062267454 -38.179224312596126 -15.676360203603799 119.69772282099026 4.6323949319744857 -4.3647876584655387 9.4544181507529537 21.491147993987251
leaf_weight=385 138 738 104 300 292 465 402 214 560 469 1232 381 3418 2303 779 787 432 375 1732 1932 2204 3333
leaf_count=385 138 738 104 300 292 465 402 214 560 469 1232 381 3418 2303 779 787 432 375 1732 1932 2204 3333
internal_value=-0.000126322 -0.00212859 6.25811e-06 0.0033 0.00120827 -6.38781e-05 0.00274606 -0.000133136 -0.000747639 0.000304534 -0.000156442 0.00105228 -0.00117293 1.22371e-05 -0.00235714 -0.00416535 0.00341965 0.00208591 -0.000264706 0.000317355 -0.000542709 0.00105316
internal_weight=22975 1415 21560 438 677 21122 506 20616 8575 12041 7323 3345 3978 11020 1248 1252 1021 807 2113 9772 4507 5265
internal_count=22975 1415 21560 438 677 21122 506 20616 8575 12041 7323 3345 3978 11020 1248 1252 1021 807 2113 9772 4507 5265
cat_boundaries=0 13 15 16 18 31 33 46 59 61 75 89 102 104 106 107 109 111 113 127 140
cat_threshold=4160 16842752 33554432 2147483648 294976 50332196 256 32768 140 10309 1082130432 2623496 263168 25592050 19076 96 4194850 20608 0 16842752 0 0 32832 16777216 0 32768 0 2052 1073741824 2097152 1024 134348802 4288 1076133916 33570816 1 268435456 8 1024 512 134217728 536903680 67665920 134217728 1048580 9446150 6586368 33554432 128 2097168 524 3072 0 134217728 2048 1140883456 136314912 0 1060898 1521587538 51117 0 67122192 536870912 2097281 655364 0 0 8192 0 8523794 50331792 16778753 2147649537 4 2147483648 67239940 1073741824 8192 8519936 0 0 8256 68608 1075856640 4096 268435456 2048 2 81920 67118116 536870912 129 1073872896 1 128 1073750016 5120 2 33755136 285212801 128 2202665008 20992 2148830770 430184 2 680133136 71852 524680 66108 2724656454 403668 0 10620944 1 4 26214656 0 0 0 0 135176 352321680 2148533776 49169 7 3229614104 2359296 0 8192 411566080 536871232 512 0 536870912 11027464 268435456 33044 8390657
is_linear=0
shrinkage=0.045


Tree=146
num_leaves=23
num_cat=21
split_feature=0 0 3 3 5 1 3 1 0 3 0 4 0 3 3 0 0 3 0 0 0 2
split_gain=2.75796 2.49378 7.97555 2.46694 1.97167 6.4967 2.61173 2.67344 2.43546 4.70871 2.71989 2.26451 5.31487 4.77787 3.27968 9.22394 6.53561 5.57272 7.56783 4.91936 3.1113 3.06848
threshold=0 1 2 3 6.1537953943602615 4 5 6 7 8 9 10 11 12 13 14 15 16 17 18 19 20
decision_type=9 9 9 9 10 9 9 9 9 9 9 1 9 9 9 9 9 9 9 9 9 9
left_child=-1 2 -2 -3 8 -6 -7 -8 9 10 -5 12 -10 -14 16 17 -13 18 -16 -19 -17 -15
right_child=1 3 -4 4 5 6 7 -9 11 -11 -12 14 13 21 15 20 -18 19 -20 -21 -22 -23
leaf_value=-51.79690807014893 -10.232977634284616 -76.37354102854988 97.999315758984338 -162.10788508332047 158.77833394530228 24.764266607555509 -85.219601281030776 -3.1953120937763377 68.122735952986474 -2.8426263583279794 -37.19155162790188 -21.832451725484006 -163.24772200442393 -56.500642033723956 302.21334703592305 -67.911820584887749 2.3445863077837203 -16.025962156959466 42.486148103448485 52.158769495207743 -0.013448701553224965 45.624853425161795
leaf_weight=226 709 266 504 128 380 348 125 377 109 1741 380 3520 218 165 224 215 7692 649 476 621 3716 186
leaf_count=226 709 266 504 128 380 348 125 377 109 1741 380 3520 218 165 224 215 7692 649 476 621 3716 186
internal_value=-9.69448e-05 -4.64611e-05 0.00192857 -0.000158715 -0.000103609 0.00164367 -0.000574246 -0.00262646 -0.000211057 -0.00160217 -0.00536538 -3.41235e-05 -0.00258088 -0.00429862 6.70465e-05 0.000924658 -0.00038489 0.00342836 0.00663624 0.00161466 -0.000336673 -0.000929752
internal_weight=22975 22749 1213 21536 21270 1230 850 502 20040 2249 508 17791 678 569 17113 5901 11212 1970 700 1270 3931 351
internal_count=22975 22749 1213 21536 21270 1230 850 502 20040 2249 508 17791 678 569 17113 5901 11212 1970 700 1270 3931 351
cat_boundaries=0 13 27 29 30 32 34 36 49 51 64 65 78 80 82 96 110 112 124 137 151 152
cat_threshold=65 0 33554432 2147483648 0 512 0 0 136 8197 8388608 131080 262144 17170432 131072 268435456 64 65536 0 64 0 134778880 1074921504 8 268443745 1257632 4 2177139796 22956 33554432 1036 67584 2291270152 4740 16 1026 1109393432 16842752 4096 0 295488 50331680 512 1024 4 2164260928 1344274432 2623488 2114052 674522116 262168 0 16777216 0 0 32768 0 0 0 0 0 268435456 2048 16384 1 2147483648 0 0 0 0 0 0 0 0 0 16781440 2147483648 1 2168455328 16460 687797826 210564 2147483648 102760448 536870913 8192 268566528 260 128 0 66560 4096 83890192 2147522176 3098 1 2151710720 100665360 1073741825 8208 2415919104 536871172 0 0 1024 4864 83886080 2147485184 2147484682 1 2147483792 98 0 0 0 0 0 0 0 0 0 4096 0 2147485312 0 0 0 0 0 0 0 0 0 0 16777216 2147484672 8 0 278528 0 2097153 4 64 0 0 0 2115600 0 0 8388608 2 17
is_linear=0
shrinkage=0.045


Tree=147
num_leaves=23
num_cat=21
split_feature=0 5 0 3 0 3 3 0 0 0 3 3 0 0 0 3 0 2 2 0 3 3
split_gain=2.43129 2.17753 7.81659 4.72191 4.20712 5.69337 3.86555 3.28793 2.92719 2.86831 5.09821 2.76104 8.13975 6.15874 3.82061 4.69166 4.30894 4.05364 3.72478 3.70704 3.12785 2.94835
threshold=0 5.2704288588135384 1 2 3 4 5 6 7 8 9 10 11 12 13 14 15 16 17 18 19 20
decision_type=9 10 9 9 9 9 9 9 9 9 9 9 9 9 9 9 9 9 9 9 9 9
left_child=-1 4 6 7 5 -2 -3 -4 -8 10 -6 12 18 -13 15 16 -15 -17 -11 -14 -20 -19
right_child=1 2 3 -5 9 -7 8 -9 -10 11 -12 13 19 14 -16 17 -18 21 20 -21 -22 -23
leaf_value=-64.159877243097213 0.13978136428908328 136.49399008959983 1.8752320289665294 4.7890383367765024 -5.4235562050573209 -61.079111536341166 0.18657624859572025 -36.914951549291871 102.25478054199247 -55.367873549634091 104.93614009496203 -29.896842115409925 -39.540284857183693 -58.346103477994674 1.5678421851554047 6.7614205957767624 29.222349811709098 179.8959844169627 -1.3635746405405915 -6.9687354255630636 55.899509372845351 49.476844187684144
leaf_weight=236 885 618 339 1660 370 754 806 645 347 125 337 1182 1794 300 5996 387 397 375 230 4172 630 390
leaf_count=236 885 618 339 1660 370 754 806 645 347 125 337 1182 1794 300 5996 387 397 375 230 4172 630 390
internal_value=-0.000104779 -5.63711e-05 0.000840503 -0.000711596 -0.000272564 -0.00243943 0.00314218 -0.00316265 0.00156438 -5.79445e-05 0.00272253 -0.000182927 -0.000856312 0.000336044 0.000793242 0.00257523 -0.000349083 0.0043299 0.00291123 -0.00148294 0.00397362 0.00622587
internal_weight=22975 22739 4415 2644 18324 1639 1771 984 1153 16685 707 15978 6951 9027 7845 1849 697 1152 985 5966 860 765
internal_count=22975 22739 4415 2644 18324 1639 1771 984 1153 16685 707 15978 6951 9027 7845 1849 697 1152 985 5966 860 765
cat_boundaries=0 12 26 28 42 44 46 57 70 83 85 87 101 115 128 130 142 143 144 157 159 161
cat_threshold=64 0 0 0 0 768 64 0 136 5 1082130432 131080 1075871744 117702656 0 0 32768 1024 0 0 536870912 1074267136 134217872 9216 2214644253 5 587444266 227624 1075838988 117456896 33554560 0 32768 16781381 128 0 4 2048 0 8196 3197440 1 1749708850 243904 140022090 27424 0 9232 1 0 8388608 0 0 65536 0 4198400 4096 1073741824 0 0 0 32768 0 0 0 536870912 524288 128 0 2214593053 393216 0 1342181376 192 3238068224 0 256 268435456 528384 131072 131112 96 139424 2160362512 137388 711858722 517825 8470544 1082396736 0 2097665 0 0 0 134217728 32768 3145744 555810816 285736977 8392705 18 12603408 1082392576 0 2130432 524292 0 0 134217728 32768 3146800 555810816 268435472 8392708 18 2164260865 65588 2147483648 0 520 536870912 0 1073775616 1024 4162 335544336 2148536960 2 1149363456 24 0 0 0 0 0 536870912 0 0 0 0 335544320 2147483776 17 66 32768 67632 1 0 8388616 536870912 0 1073791040 0 561218 469766288 3152512 67108866 572528672 128 2147483672 4130
is_linear=0
shrinkage=0.045


Tree=148
num_leaves=23
num_cat=19
split_feature=0 0 3 5 3 4 3 0 0 3 3 0 0 3 5 3 5 0 0 3 0 1
split_gain=2.39435 2.18392 5.13175 2.8201 2.45394 2.00143 6.79321 7.19247 6.38924 6.04792 4.5117 6.57932 6.05315 4.46052 4.11694 3.51878 3.65717 5.04544 3.80868 3.40709 3.13314 3.6376
threshold=0 1 2 4.8481086751891054 3 4 5 6 7 8 9 10 11 12 5.9175479584402915 13 3.1132683346437333 14 15 16 17 18
decision_type=9 9 9 8 9 1 9 9 9 9 9 9 9 9 10 9 10 9 9 9 9 9
left_child=-1 2 3 -2 -3 6 14 13 9 -7 11 -10 -12 -8 -6 -9 17 -17 -18 -19 -14 -22
right_child=1 4 -4 -5 5 8 7 15 10 -11 12 -13 20 -15 -16 16 18 19 -20 -21 21 -23
leaf_value=-66.809189588895691 -149.587067251978 -78.427595920148491 84.120208946049488 15.005233656402233 -42.637403693522337 -81.971097376104709 250.53727703319672 54.466601235582125 -30.724827094644152 -5.7494625158764023 -16.752898080423037 1.2361360409978805 0.2148027908621043 48.250625521769145 -264.06201851794646 22.84470307890664 -50.146478556952587 -146.70872768670421 16.001587757163435 -4.0207298838591123 216.95189089553529 18.663648490436625
leaf_weight=220 306 266 790 221 682 674 259 543 2068 964 1210 3612 2256 1363 37 216 724 373 2587 220 112 3272
leaf_count=220 306 266 790 221 682 674 259 543 2068 964 1210 3612 2256 1363 37 216 724 373 2587 220 112 3272
internal_value=-0.000106737 -6.02846e-05 0.00170993 -0.0017115 -0.00016993 -0.000114709 0.000507422 0.000982611 -0.000422371 -0.00305455 -7.53468e-05 -0.00101195 0.00070169 0.00355263 -0.00360123 8.18182e-05 -0.000370281 -0.00307953 0.000292031 -0.00516942 0.00132166 0.0021864
internal_weight=22975 22755 1317 527 21438 21172 7004 6285 14168 1638 12530 5680 6850 1622 719 4663 4120 809 3311 593 5640 3384
internal_count=22975 22755 1317 527 21438 21172 7004 6285 14168 1638 12530 5680 6850 1622 719 4663 4120 809 3311 593 5640 3384
cat_boundaries=0 12 25 27 28 29 31 44 57 59 61 74 88 90 92 105 119 121 135 136
cat_threshold=64 0 0 0 520 512 0 0 136 69 8388608 8 425984 131072 1342177280 2147483728 65536 4097 0 0 134778880 1073741824 8 8288 2322592 2147779200 39100 33554432 2 4198658 279072 6291464 77660208 0 2097152 134217728 1088 512 134217728 0 82348032 0 1053952 2147517184 2097152 25231408 2147483648 268468736 1073741824 3392 768 134217728 65536 69732352 1075838976 2621444 2147484418 2300120068 309308 1831789606 470085 33554440 64 0 8192 1605892 536870912 0 8192 536873984 1086482 0 2147486353 32792 12668929 3257139204 4096 2097285 268435456 0 0 0 0 12599296 4112 17826048 2052 5 1211106368 43008 1208287396 3072 0 0 0 0 8912896 0 0 0 536870912 4096 134217728 2149580800 4 0 33556480 0 0 1048832 536870912 0 268509184 4 256 973078528 2654224 4 4 49680 4300 1073741824 67121152 1 0 2282356736 33554436 0 16448 536873984 1179656 654311424 268436608 67142657 2 16420
is_linear=0
shrinkage=0.045


Tree=149
num_leaves=23
num_cat=21
split_feature=0 3 0 3 0 0 0 3 1 3 0 0 3 0 0 3 2 3 1 0 5 0
split_gain=2.57266 5.67228 2.40017 2.241 7.87466 5.35204 4.91329 2.7047 2.67718 5.93566 7.90735 4.65836 3.30458 3.02136 2.63571 2.47185 2.43318 2.43157 2.31342 2.27318 2.14042 2.1047
threshold=0 1 2 3 4 5 6 7 8 9 10 11 12 13 14 15 16 17 18 19 3.8393944990995772 20
decision_type=9 9 9 9 9 9 9 9 9 9 9 9 9 9 9 9 9 9 9 9 8 9
left_child=1 -1 -2 4 -4 -6 7 -5 9 10 -8 15 13 -10 -14 -11 -13 21 -18 -9 -12 -16
right_child=2 -3 3 6 5 -7 8 19 12 11 20 16 14 -15 17 -17 18 -19 -20 -21 -22 -23
leaf_value=212.93120614277274 -54.859344547456637 0.66725520122461601 22.602183459995302 -48.105524550178231 -48.017505363060188 -5.9093277151159782 -1.8455113281896045 7.3552743911478684 8.3092246495023208 -33.563513721342076 36.837001423082071 229.2507094773573 19.28741565763983 -27.38695910158307 12.023399581095472 0.48052189509733578 122.58356978148484 6.1295256610587421 7.0574660305218089 -32.130009265457922 121.40069347776225 -50.417220333464101
leaf_weight=256 219 837 976 829 1021 4339 641 770 1019 946 252 216 1747 2680 293 1343 183 828 1962 243 764 611
leaf_count=256 219 837 976 829 1021 4339 641 770 1019 946 252 216 1747 2680 293 1343 183 828 1962 243 764 611
internal_value=-0.00010282 0.00201584 -0.000209646 -0.0001609 -0.000871928 -0.0015497 0.000133483 -0.00203883 0.000431763 0.00110737 0.00341072 0.000279923 -0.000162726 -0.00109741 0.000831424 -0.00116362 0.00167826 -0.000412844 0.00119958 -0.000460976 0.00586576 -0.00201419
internal_weight=22975 1093 21882 21663 6336 5360 15327 1842 13485 6307 1657 4650 7178 3699 3479 2289 2361 1732 2145 1013 1016 904
internal_count=22975 1093 21882 21663 6336 5360 15327 1842 13485 6307 1657 4650 7178 3699 3479 2289 2361 1732 2145 1013 1016 904
cat_boundaries=0 13 15 27 29 43 56 70 72 74 76 89 102 104 118 132 134 135 137 139 153 167
cat_threshold=17240064 131072 268435456 64 1073807872 0 0 0 134778880 1073758240 8 139361 9515136 135877122 8192 64 64 33554496 0 0 512 0 0 128 8261 8388608 8 774116870 419408 12582912 8389636 0 2105473 524356 536870912 0 81920 0 6324240 16842768 268435472 17924 6 33554432 52428832 536870913 4 163848 68 0 1073775680 1024 5376 335544352 3676288 2147483650 0 1082130432 0 2105984 268976196 587202560 128 402735104 4 32784 1610678288 268435472 4 2 9463824 68010 1074578668 1190 1358956688 162 1075838976 262144 0 0 134250496 1280 0 0 1024 8 128 17861252 1 2193653760 119537664 4097 268435473 32768 5 0 0 2048 7680 0 2166391172 2 290064464 166 16 18464 0 0 8388608 0 0 0 536936448 9437184 67108864 0 2592 16 9 13328 0 0 17826056 0 0 0 0 2752514 354418688 0 2147483672 1 2161737768 33024 16 1073280 69897 96 128 0 0 0 2105344 268959744 536870912 0 134283264 4 32768 1610612736 16 4 2 0 2048 0 0 0 0 0 0 536870912 0 33554432 0 67141664 4
is_linear=0
shrinkage=0.045


Tree=150
num_leaves=23
num_cat=19
split_feature=0 5 5 0 3 3 0 3 4 0 3 0 0 0 3 3 3 1 0 3 3 5
split_gain=2.96575 2.53603 3.15756 10.1984 6.21058 4.20015 3.84403 4.97547 3.84853 7.0551 7.28619 6.51481 6.3616 6.31574 5.92411 4.12774 3.86191 5.88615 3.98527 3.74321 3.48634 3.18392
threshold=0 1.2424533248940004 3.1132683346437333 1 2 3 4 5 6 7 8 9 10 11 12 13 14 15 16 17 18 5.6750385347198877
decision_type=9 8 8 9 9 9 9 9 1 9 9 9 9 9 9 9 9 9 9 9 9 10
left_child=-1 -2 3 5 -5 -3 7 -4 11 14 12 15 -11 -12 21 -8 18 -18 -15 -13 -14 -10
right_child=1 2 6 4 -6 -7 8 -9 9 10 13 19 20 16 -16 -17 17 -19 -20 -21 -22 -23
leaf_value=-13.469388230879376 38.140261976004112 -77.582721290538828 -2.7087497951315891 -129.63366535503272 -20.771988562194181 51.231403318435291 192.47565793496082 64.392532109072036 -16.341753609362168 -30.843145505504271 -8.4050830218228292 -34.157195008674464 32.417018380508885 -17.623743152187853 -93.985922104167472 29.47739287477183 -2.5623021256756329 71.044340108873072 22.008654635381188 5.5049376931595537 -5.3503059908297104 154.59267423725143
leaf_weight=917 535 104 704 488 850 535 522 730 478 2386 1871 484 563 933 885 789 599 1593 1052 3937 1930 90
leaf_count=917 535 104 704 488 850 535 522 730 478 2386 1871 484 563 933 885 789 599 1593 1052 3937 1930 90
internal_value=-0.000100862 4.07793e-06 -7.21254e-05 -0.00178499 -0.004 0.00286866 0.000101289 0.00233402 -7.69698e-05 -0.00052334 -0.000129582 0.000886815 -0.00142149 0.000913366 -0.00345563 0.00365646 0.00188529 0.00318512 0.000439409 5.58313e-05 0.000170659 0.000155172
internal_weight=22975 22058 21523 1977 1338 639 19546 1434 18112 12380 10927 5732 4879 6048 1453 1311 4177 2192 1985 4421 2493 568
internal_count=22975 22058 21523 1977 1338 639 19546 1434 18112 12380 10927 5732 4879 6048 1453 1311 4177 2192 1985 4421 2493 568
cat_boundaries=0 13 27 29 31 45 47 48 61 63 77 91 105 107 109 111 113 127 129 131
cat_threshold=33554497 1114112 637534288 0 2164294208 16777728 256 0 132 69 1082261504 133128 2097152 2160066560 11300 0 128 256 0 0 73728 3072 8 939528320 2147484928 2048 4 1242695268 114856 20482 4104 16908304 64 1342177280 268435457 65536 1028 128 1073741824 4096 68173856 69206032 12896 1070112 16 2688974928 160212 2 14680072 8388656 2147483648 2147517056 0 6464 512 0 33792 2621456 536870920 1572868 2147484544 775894054 403669 6553600 77594656 0 2097152 524288 536870976 0 134217728 1024 526336 0 1573888 2214601360 1 262144 50333696 1 4 1573128 0 0 65536 536870912 8426506 285212672 2164262032 67108894 2 20480 3290705920 4097 0 411566080 536870912 0 134234112 0 4327424 33558528 268435713 43009 1 3260970274 156176 137938016 79904 1086374408 5120 1610878224 570 3221520384 50331648 0 2097152 0 33554432 0 0 536870912 4098 16777216 2147517456 67108884 6 538972192 16992 67183618 8192
is_linear=0
shrinkage=0.045


Tree=151
num_leaves=23
num_cat=18
split_feature=0 0 4 3 0 0 3 3 0 0 5 1 3 3 0 0 3 5 0 5 3 5
split_gain=3.30867 2.53552 2.53639 6.42068 7.87343 5.84378 5.78103 4.66124 6.44762 5.96084 4.34793 3.54842 3.78682 3.73226 3.51899 3.46386 2.9304 2.89106 2.87454 2.83609 2.49446 2.19043
threshold=0 1 2 3 4 5 6 7 8 9 5.4402485097224949 10 11 12 13 14 15 5.1387309967764621 16 4.9732735209982879 17 6.5589065201527559
decision_type=9 9 1 9 9 9 9 9 9 9 10 9 9 9 9 9 9 10 9 10 9 10
left_child=-1 -2 3 17 10 6 -4 9 16 -7 20 12 -6 -13 -10 -11 19 18 -3 -9 -5 -15
right_child=1 2 5 4 11 7 -8 8 14 15 -12 13 -14 21 -16 -17 -18 -19 -20 -21 -22 -23
leaf_value=-18.877507311119953 165.42575807223679 26.803921551667734 -137.86177204617056 -11.041869704714335 9.7658810634581812 -64.834481695121326 -18.898099356590535 -12.024566012000795 96.517693960034009 45.122986313921366 368.50032394021974 82.693570011694092 -94.492300318747908 1.7694660209865833 6.3010879049956925 -6.8675619897419526 -30.711720009838917 -193.54042644666691 -67.798661924754157 56.593856771261088 99.123114442274527 351.83981451842345
leaf_weight=333 288 106 359 209 389 783 1014 517 229 334 123 545 474 4120 6549 4408 704 93 395 201 747 55
leaf_count=333 288 106 359 209 389 783 1014 517 229 334 123 545 474 4120 6549 4408 704 93 395 201 747 55
internal_value=-0.000126322 -5.95921e-05 -0.000114683 0.000576605 0.000977675 -0.00044702 -0.00323285 -0.000165429 0.0005151 -0.00117437 0.00447525 0.000293566 -0.00234 0.000779797 0.00109352 -0.000567943 -0.00222803 -0.00386139 -0.0025497 -0.000184932 0.00347599 0.000317053
internal_weight=22975 22642 22354 7256 6662 15098 1373 13725 8200 5525 1079 5583 863 4720 6778 4742 1422 594 501 718 956 4175
internal_count=22975 22642 22354 7256 6662 15098 1373 13725 8200 5525 1079 5583 863 4720 6778 4742 1422 594 501 718 956 4175
cat_boundaries=0 13 26 27 29 42 55 57 59 73 86 88 90 92 105 119 121 134 136
cat_threshold=68 1048640 100663376 268435456 0 512 64 0 128 8261 8388608 131080 262144 131072 0 0 64 0 0 0 0 134221824 16 0 8288 69632 2 570429698 16896 14942208 8454192 0 0 0 1088 512 1073741824 0 69782528 0 1053696 2155881218 2162688 8454176 2684354560 2147516928 1073741824 7488 768 134217728 0 2623488 1073741824 3674112 770 193202180 6186 1311565028 404565 12603393 3257139200 0 2097284 285212672 4 0 16384 524288 1082130432 4096 285213952 2155872388 7 262152 16777232 1 16 1572864 536870912 0 0 34816 1081346 18874528 2052 67158016 404227081 656 2306900128 145412 1208418436 2112 262160 131072 0 16 0 1 128 0 0 2 196640 0 16384 8392704 262144 0 128 268435456 0 0 16384 0 1073873152 4112 285212672 1048704 3 567280144 114720 0 4096 0 0 0 0 0 0 536870912 8 0 0 20 2151678468 392
is_linear=0
shrinkage=0.045


Tree=152
num_leaves=23
num_cat=20
split_feature=0 2 3 0 3 0 1 5 0 0 0 3 0 3 5 0 3 3 0 0 3 0
split_gain=2.98508 2.41621 6.54985 6.15061 4.34777 3.90634 2.9154 2.8884 7.08041 4.97308 4.40509 4.55946 4.98139 3.70012 3.498 3.87093 6.61314 3.74157 7.4404 6.31835 3.87304 3.46208
threshold=0 1 2 3 4 5 6 4.9801701820644562 7 8 9 10 11 12 1.4978661367769956 13 14 15 16 17 18 19
decision_type=9 9 9 9 9 9 9 10 9 9 9 9 9 9 8 9 9 9 9 9 9 9
left_child=-1 2 5 4 -3 -2 -4 9 -9 -5 13 12 -12 -10 -11 16 -16 18 -17 20 -19 -13
right_child=1 3 6 7 -6 -7 -8 8 10 14 11 21 -14 -15 15 17 -18 19 -20 -21 -22 -23
leaf_value=-46.337225438518651 -129.96597162203338 1.962108629063132 -11.368291455120524 -79.526950791513684 109.59729171685798 -25.574524788372401 48.808286890237177 -17.050885391314804 -6.3601863530512128 36.344324216139718 0.81681980225848749 -19.372919497726979 76.600435862364677 139.94174009880939 7.8338993545490663 37.250911119401479 -42.141955630665684 -47.196111720308068 -24.525393199773607 10.145397965610499 8.3639831245811731 7.5371860036976432
leaf_weight=215 237 484 448 328 584 703 373 1019 152 527 762 983 805 407 1012 642 1795 1128 3123 5023 882 1343
leaf_count=215 237 484 448 328 584 703 373 1019 152 527 762 983 805 407 1012 642 1795 1128 3123 5023 882 1343
internal_value=-0.000118488 -6.71878e-05 -0.00166244 6.74647e-05 0.003375 -0.00420693 0.00126951 -0.000111693 0.000768774 -0.000444959 0.00154234 0.000996799 0.00286415 0.00524081 -0.000314975 -0.000454729 -0.00193952 -6.6605e-05 -0.00120929 0.000546132 -0.00158012 -0.000269461
internal_weight=22975 22760 1761 20999 1068 940 821 19931 5471 14460 4452 3893 1567 559 14132 13605 2807 10798 3765 7033 2010 2326
internal_count=22975 22760 1761 20999 1068 940 821 19931 5471 14460 4452 3893 1567 559 14132 13605 2807 10798 3765 7033 2010 2326
cat_boundaries=0 13 14 16 29 31 44 46 59 72 85 87 100 102 116 118 120 134 148 150 164
cat_threshold=64 1048576 33554512 0 0 512 0 0 136 8197 8388608 131080 262144 1 2181531164 154113 2147483648 0 2147483648 193 1073741828 0 0 0 4096 1073741824 4272 10976 33 601980966 71905 2147483648 0 0 0 0 0 0 0 0 0 128 2944 32 64 1232 266240 2104356 4096 0 285212672 33554432 0 8192 33792 8536074 369098752 557332 9218 2097152 33816576 0 268435456 33280 16781572 256 0 0 2112 0 0 1048576 2129920 33816576 0 0 0 5184 0 0 0 3072 16777216 1024 18944 1513394006 278784 0 16777216 0 0 143130880 0 0 65536 536870912 4096 0 0 67108876 49682 8 4292617 2231369744 0 32768 2156134464 65 128 16384 536870916 525312 134217728 3145728 2155909888 4 1162924112 65674 1863636296 99520 262144 2228288 0 4 268959744 1024 0 8192 2048 10518784 1090519040 17301760 8192 2 33816580 131072 1073745920 0 1573120 536871936 0 134217728 2048 14713104 1092681728 17301504 67240076 2 12593168 407604 0 8396800 1 0 134250496 536870912 0 0 0 6819840 134217728 2148532224 2147483664 1
is_linear=0
shrinkage=0.045


Tree=153
num_leaves=23
num_cat=21
split_feature=0 0 4 3 0 0 3 3 0 0 3 4 0 3 0 1 5 3 1 0 0 3
split_gain=2.67458 2.23383 2.0909 6.27201 6.18758 5.80235 6.13866 4.34147 5.97976 5.06678 4.73762 4.10652 4.12929 3.57917 3.59519 3.47193 3.4579 3.38539 3.08227 3.07326 3.01928 3.07511
threshold=0 1 2 3 4 5 6 7 8 9 10 11 12 13 14 15 5.4402485097224949 16 17 18 19 20
decision_type=9 9 1 9 9 9 9 9 9 9 9 1 9 9 9 9 10 9 9 9 9 9
left_child=-1 -2 3 -3 16 6 -4 9 10 17 19 12 -10 18 -15 -11 -5 -7 -6 -9 -12 -22
right_child=1 2 5 4 13 7 -8 8 11 15 20 -13 -14 14 -16 -17 -18 -19 -20 -21 21 -23
leaf_value=-48.930356569796018 95.175378891303041 -76.21564327693153 -1.471077376650719 93.847336188948532 301.22412221921866 -76.669774125384521 -74.81177108716237 103.14501372959742 -21.549781619390814 26.006074346406603 13.448798235224821 -50.734086546113758 4.5897512560288485 -41.435025431641911 3.4185887130871557 -6.2865576075182252 350.16495089875525 -19.387242948792991 23.372803161107875 -10.941893981287594 234.33932193409527 37.352893093899652
leaf_weight=234 380 458 663 715 111 410 650 110 1163 722 547 391 3898 745 4611 3909 106 1125 505 764 264 494
leaf_count=234 380 458 663 715 111 410 650 110 1163 722 547 391 3898 745 4611 3909 106 1125 505 764 264 494
internal_value=-8.91108e-05 -3.85663e-05 -9.75506e-05 0.00053047 0.000876194 -0.000399021 -0.0032434 -0.000125462 0.000591718 -0.00101246 0.00257759 -0.000205893 0.000137764 0.000368483 -8.38301e-06 -0.00026653 0.0045108 -0.00324337 0.0035828 0 0.00428815 0.00613636
internal_weight=22975 22741 22361 7251 6793 15110 1313 13797 7631 6166 2179 5452 5061 5972 5356 4631 821 1535 616 874 1305 758
internal_count=22975 22741 22361 7251 6793 15110 1313 13797 7631 6166 2179 5452 5061 5972 5356 4631 821 1535 616 874 1305 758
cat_boundaries=0 12 25 26 28 41 54 56 58 71 84 86 87 101 103 116 118 120 122 133 146 148
cat_threshold=68 64 33554512 0 0 16777728 0 0 128 5 8388608 8 65536 0 0 8256 65536 0 0 0 4096 0 32 8288 331776 2 4354 16896 14942208 8454176 0 0 0 1088 512 1073741824 0 2656256 0 1053696 8960 2359296 8454144 2147483649 2415952384 1073741824 3392 768 0 65536 2623488 1073741824 3674112 770 1096148784 16920 1329456804 44101 3233841152 134160 536870912 144 1081344 1 0 40960 32768 4354 354484224 2147483664 16425 2160099328 16777264 536870912 16 135823360 536870912 0 8192 1024 54290 18874496 128 67160080 281018634 475664 4 16385 2183397380 67108864 2097156 285213192 0 0 134217728 524288 12713984 33558528 16778244 2214592640 6 1210319012 2048 2181038080 2048 1 0 147456 536870912 0 268443648 12 147776 436207616 557584 17408 25957 240 37494816 33793 264224 73736 32768 131072 0 0 1048576 0 0 0 32768 2 268435456 1073774592 0 0 128 1048576 0 0 0 32768 0 270532608 16 8 2147485712 34
is_linear=0
shrinkage=0.045


Tree=154
num_leaves=23
num_cat=21
split_feature=0 3 2 3 4 5 0 3 0 0 3 3 0 1 3 0 0 3 3 0 0 0
split_gain=2.48869 4.07882 2.32298 2.82559 2.23645 2.07339 6.86837 4.118 4.35417 4.09284 4.89878 3.85565 3.46706 2.6038 5.38514 2.60448 2.44201 2.40021 2.38048 7.53485 5.87338 2.79519
threshold=0 1 2 3 4 5.2390944889447963 5 6 7 8 9 10 11 12 13 14 15 16 17 18 19 20
decision_type=9 9 9 9 1 10 9 9 9 9 9 9 9 9 9 9 9 9 9 9 9 9
left_child=1 -1 3 -2 -3 9 11 -8 17 10 12 -7 -4 14 -11 -16 -13 -9 19 -15 -20 -22
right_child=2 4 5 -5 -6 6 7 8 -10 13 -12 16 -14 18 15 -17 -18 -19 20 -21 21 -23
leaf_value=-46.277041321846625 112.93469481085165 30.862731363415151 -4.60285195006003 7.5230227337967879 -72.971174903568254 113.4519247713892 -27.122216470539058 23.787880478512598 5.5941379839879666 110.42414417988715 -7.3857717636152662 -0.98344900153118942 -161.60084152798436 11.640472448082692 -50.655353464674917 9.7978598825390133 89.929610971452377 -65.559351165321644 24.582677155145902 -18.127501591486144 -38.627452580372172 -1.6466616937351863
leaf_weight=371 235 331 130 408 144 486 319 107 2032 331 1973 663 228 1330 115 361 375 361 2633 4952 332 4758
leaf_count=371 235 331 130 408 144 486 319 107 2032 331 1973 663 228 1330 115 361 375 361 2633 4952 332 4758
internal_value=-8.71524e-05 -0.00246503 5.08107e-06 0.00264504 0.000323409 -7.53558e-05 0.000802647 -0.000516602 0.000107484 -0.0002979 -0.00204545 0.00322266 -0.00681081 -2.12493e-05 0.00244505 -0.000645492 0.00162857 -0.00375 -0.000165335 -0.000815062 0.000363607 -0.000529204
internal_weight=22975 846 22129 643 475 21486 4343 2819 2500 17143 2331 1524 358 14812 807 476 1038 468 14005 6282 7723 5090
internal_count=22975 846 22129 643 475 21486 4343 2819 2500 17143 2331 1524 358 14812 807 476 1038 468 14005 6282 7723 5090
cat_boundaries=0 13 15 16 18 19 33 35 47 61 63 65 77 78 80 84 98 99 101 115 128 142
cat_threshold=65 1048576 637534208 8192 2417262656 16777760 320 1073741824 128 69 1082327040 8 2359296 25708098 74284 96 9487442 2088 4 1075871744 117702656 0 0 524288 1024 0 0 4 1073742848 134221952 1028 2214625821 7 16920616 139520 262144 8396836 0 0 0 536871168 0 8192 0 8523786 335544320 33296 1080033284 119882752 128 0 0 4160 0 0 8 2164804608 134217856 3145732 1065472 4 2184577284 262936 139989098 9120 0 67109888 0 0 0 0 0 0 0 0 134217728 1048580 2684354656 38176306 24712 0 8388608 4096 148 1073741824 0 0 0 0 0 0 0 0 0 128 4 2147484189 4 2295333376 240422698 280196 33636368 12288 0 32768 524548 33554432 0 402653184 1024 15728896 606076928 285739009 8392832 3 25427968 2048 0 0 134365192 257 0 33792 4096 1073877000 318771232 2147520768 2147492146 65552 0 0 0 4 33554432 0 134217728 0 2097440 2097152 16777216 8392704 3
is_linear=0
shrinkage=0.045


Tree=155
num_leaves=23
num_cat=21
split_feature=0 0 3 3 0 0 0 0 3 3 0 1 3 0 3 0 0 3 4 5 0 0
split_gain=2.8954 2.17966 7.97887 2.15085 7.68932 6.76762 5.48193 4.40167 6.3101 3.57087 3.13031 2.45324 3.8673 2.65517 2.41965 5.16009 2.41118 4.00295 2.36966 2.36429 4.95469 4.40657
threshold=0 1 2 3 4 5 6 7 8 9 10 11 12 13 14 15 16 17 18 3.8393944990995772 19 20
decision_type=9 9 9 9 9 9 9 9 9 9 9 9 9 9 9 9 9 9 1 8 9 9
left_child=-1 2 -2 4 -3 -5 9 8 10 -6 -7 -8 13 -13 15 -9 17 -10 -19 20 -16 -21
right_child=1 3 -4 5 6 7 11 14 16 -11 -12 12 -14 -15 19 -17 -18 18 -20 21 -22 -23
leaf_value=-38.833884073867516 206.98321360554567 24.77490453198012 -4.6103381968171018 -30.463778449238415 -5.1108248064022339 -46.402435582313885 -14.496005218145219 -20.774387515307897 37.174420161492776 -94.9481841201912 9.8807187111223893 -104.13107269772711 5.7197864580554594 -8.1238136778021364 32.925820563026193 56.948598613437532 38.234484647779389 20.199779467247136 340.15328626561427 -12.235792712242437 -33.964973816819416 13.433782429965285
leaf_weight=205 230 1104 748 1355 367 334 2609 555 374 576 747 212 2655 687 514 921 582 51 220 2246 1840 3843
leaf_count=205 230 1104 748 1355 367 334 2609 555 374 576 747 212 2655 687 514 921 582 51 220 2246 1840 3843
internal_value=-0.000114571 -6.5183e-05 0.002 -0.000158916 -0.000733398 0.000188686 -0.00127704 0.00052394 0.00228879 -0.00445288 -0.000226441 -0.000783401 -1.26192e-05 -0.00254391 0.000111016 0.00178427 0.00448547 0.00640411 0.0105742 -0.000183619 -0.00139431 0.000284436
internal_weight=22975 22770 978 21792 8210 13582 7106 12227 2308 943 1081 6163 3554 899 9919 1476 1227 645 271 8443 2354 6089
internal_count=22975 22770 978 21792 8210 13582 7106 12227 2308 943 1081 6163 3554 899 9919 1476 1227 645 271 8443 2354 6089
cat_boundaries=0 13 26 28 30 44 58 71 85 87 88 100 102 103 116 118 131 143 145 146 159 172
cat_threshold=64 2148532224 16 2147483648 0 512 64 0 128 5 8388608 131080 262144 8585216 393216 0 64 16842752 64 0 0 528384 1073742336 2162696 12384 1126560 672682018 139776 661020166 403032 2147487744 8391744 1073741824 2097301 0 33555456 0 81920 2052 8388624 587333648 16777221 2 6 2147487744 1024 1073745920 2130053 16384 0 512 402735104 4 2096 1627521040 285212676 2 6 18874376 52428800 603979776 512 268468224 536870912 0 0 98304 656640 134217728 3200 2113536 2097160 35667972 2684354560 512 2147516672 4096 256 32768 98304 1280 0 2147487232 2114817 17 1217953864 51584 19153410 0 0 0 0 0 0 0 0 0 256 0 2147483648 269785483 67096 52693504 32768 48 0 0 131072 0 0 0 0 0 128 0 3092 1351614592 2304 1073741824 16791568 0 0 524288 0 0 0 536870912 8392704 201326720 2130064 67144196 8 0 0 0 2147483648 0 0 0 0 256 0 2147487232 73760 69636 1 4456448 16785440 0 0 8388608 0 0 0 1024 4210688 0 1048976 512 33816592 92340288 1 8192 142737408 536873216 128 0 0 14831624 301993984 1048833 512
is_linear=0
shrinkage=0.045


Tree=156
num_leaves=23
num_cat=20
split_feature=0 3 0 3 4 3 0 0 3 0 0 3 1 5 3 5 3 3 2 0 0 3
split_gain=2.71259 3.45572 2.2272 5.10348 2.10957 5.19349 5.53649 4.66747 4.28182 4.95439 4.80239 3.99265 3.57915 3.52211 3.48465 3.43762 2.92461 2.90034 2.74864 4.08261 3.46865 3.14877
threshold=0 1 2 3 4 5 6 7 8 9 10 11 12 5.1387309967764621 13 3.6505739029280164 14 15 16 17 18 19
decision_type=9 9 9 9 1 9 9 9 9 9 9 9 9 10 9 8 9 9 9 9 9 9
left_child=1 -1 3 -2 5 13 14 11 9 17 16 -6 -11 -4 -7 -16 -10 -9 19 -12 -20 -21
right_child=2 -3 4 -5 7 6 -8 8 10 12 18 -13 -14 -15 15 -17 -18 -19 20 21 -22 -23
leaf_value=-44.637771299709293 -18.073614389771627 0.99612243622121233 -27.598448227013904 128.97146425828987 0.004109865601931233 1.2742837477512148 3.3500564769244008 -0.18517505264513601 18.273079413004051 54.581973870759157 -6.9073220852184019 -59.301852940436873 -2.9825880094743114 -185.83324371871413 33.704970199039742 240.39792477039973 -23.197818392014504 -53.922056817138923 60.539962392623742 33.645846741981913 3.311913973132032 150.57574307853974
leaf_weight=352 490 414 498 485 713 265 5579 487 338 276 222 1051 3712 95 139 396 1169 1252 234 283 4206 319
leaf_count=352 490 414 498 485 713 265 5579 487 338 276 222 1051 3712 95 139 396 1169 1252 234 283 4206 319
internal_value=-0.000106737 -0.00271851 -1.51883e-05 0.00207447 -0.000112256 0.000529108 0.000904788 -0.000425897 -0.000118705 -0.00102326 0.000646838 -0.00258446 -0.00014625 -0.00345868 0.00437808 0.00645795 -0.00158492 -0.0030197 0.00128791 0.00366029 0.000838949 0.00557003
internal_weight=22975 766 22209 975 21234 6972 6379 14262 12498 5727 6771 1764 3988 593 800 535 1507 1739 5264 824 4440 602
internal_count=22975 766 22209 975 21234 6972 6379 14262 12498 5727 6771 1764 3988 593 800 535 1507 1739 5264 824 4440 602
cat_boundaries=0 13 15 28 30 31 33 46 59 61 74 88 90 92 94 96 98 99 112 123 125
cat_threshold=68 2148532224 81 8192 2147483724 16777728 256 0 136 69 1082261504 131080 2359296 2173190752 12852 16973824 2228224 0 192 66048 0 0 0 134746112 1073872928 2097152 12384 1126560 2210399296 23212 2 570429698 279040 14942216 8454192 0 0 0 1088 512 0 0 575488 536870912 1048832 8389378 2359296 48 2147487744 2415952384 1074266112 7488 512 134217728 65536 2623488 536870912 3670016 75498242 2403189934 404548 4227072 117440576 1610612736 20 1048832 536870912 0 8192 536871936 5138 16777248 2069 2147518488 1115705361 1082392576 0 2097152 419430400 33554432 0 16384 0 13647872 100667408 285212928 2147484676 5 2688578818 25476 262241 64 2176843920 65928 1623200000 32 84967584 401472 16 0 67122180 0 0 1048576 0 0 0 0 0 268435456 32768 2048 0 0 0 16 1048576 4 128 40960 0 256 268501024 8528384 69768
is_linear=0
shrinkage=0.045


Tree=157
num_leaves=23
num_cat=21
split_feature=0 3 2 0 3 0 3 3 0 3 3 0 0 3 0 0 1 3 5 0 3 3
split_gain=2.98885 3.16695 2.28557 4.82254 4.169 4.73562 6.84399 3.29389 2.77376 2.49949 2.48406 11.1282 5.7187 4.29443 5.04363 3.31627 3.09924 3.94683 2.92077 2.77031 3.11669 2.72626
threshold=0 1 2 3 4 5 6 7 8 9 10 11 12 13 14 15 16 17 6.078787719222313 18 19 20
decision_type=9 9 9 9 9 9 9 9 9 9 9 9 9 9 9 9 9 9 10 9 9 9
left_child=1 -1 4 9 8 6 -6 -7 -2 -4 11 21 13 14 -12 -15 -13 -18 -17 20 -14 -5
right_child=2 -3 3 10 5 7 -8 -9 -10 -11 12 16 19 15 -16 18 17 -19 -20 -21 -22 -23
leaf_value=58.270537724581622 67.763271225117947 -31.361932329708161 118.13105901176225 -6.8945439394843193 65.324681753690029 -50.722996000475412 -19.003224454801419 -8.8084068917036351 1.8126912954291583 21.368778744256922 6.0222234839664814 -1.3001641654662308 11.465245541704316 -16.617694680870191 125.92076633222166 21.251247149442261 52.865496173954703 -4.4097805877758942 238.93846172495773 1.7426983025615845 -34.450891335318083 -46.547089481323511
leaf_weight=145 216 530 318 665 400 1467 614 1809 1092 630 524 2596 537 720 716 684 736 499 44 6025 1052 956
leaf_count=145 216 530 318 665 400 1467 614 1809 1092 630 524 2596 537 720 716 684 736 499 44 6025 1052 956
internal_value=-0.000122405 -0.00304585 -3.22696e-05 0.000231542 -0.000818182 -0.00149582 0.00118421 -0.00232664 0.00139773 0.00332812 4.28136e-05 -0.00073298 0.000453752 0.00223333 0.00416933 0.000554795 0.000591335 0.00243585 0.00267568 -0.000177026 -0.00184104 -0.00384415
internal_weight=22975 675 22300 16702 5598 4290 1014 3276 1308 948 15754 5452 10302 2688 1240 1448 3831 1235 728 7614 1589 1621
internal_count=22975 675 22300 16702 5598 4290 1014 3276 1308 948 15754 5452 10302 2688 1240 1448 3831 1235 728 7614 1589 1621
cat_boundaries=0 13 15 16 29 31 44 46 48 61 63 65 79 93 95 109 121 123 125 139 141 143
cat_threshold=4161 2148532224 80 0 1049156 16777728 256 0 136 101 1082261504 131080 2097154 9469968 144 3 29392912 0 536870912 0 65800 0 0 0 4096 24576 2097152 12896 9970688 1972922600 42018 8519680 131076 3221225472 128 0 0 0 0 134217728 272 168 2147483648 34833 2286288918 4096 172393478 282688 1073741824 4096 0 0 131072 0 0 0 0 1073741824 4112 0 40 148459526 12288 938570030 140850 16384 60823616 1 512 402685952 0 0 134250496 0 2655490 134283264 2149582992 67125248 1 35667968 35657792 0 512 2558558208 33554437 640 0 0 16777474 16777216 2147486864 67125376 1 2147749392 327748 35651584 33554432 0 0 142639104 0 512 0 0 0 16777216 0 67108992 1 0 2101248 0 0 268435456 0 0 0 0 258 0 2147484816 1611159573 2573 57692192 131104 0 1074069504 128 32789 16793600 536874240 0 1342193664 4 5373952 637599744 524292 2147619328 4 1208910464 2304 293667086 1552
is_linear=0
shrinkage=0.045


Tree=158
num_leaves=23
num_cat=20
split_feature=0 3 0 3 0 5 5 0 0 3 0 3 3 0 3 3 1 0 3 3 0 0
split_gain=3.44025 6.22215 2.25895 2.1978 9.48043 2.08216 2.58808 8.36754 4.19227 5.0569 3.32317 7.71611 2.95935 2.79145 3.33846 3.33647 4.02564 2.5991 2.52823 2.46574 6.01635 4.90036
threshold=0 1 2 3 4 1.2424533248940004 4.0689902272260703 5 6 7 8 9 10 11 12 13 14 15 16 17 18 19
decision_type=9 9 9 9 9 8 8 9 9 9 9 9 9 9 9 9 9 9 9 9 9 9
left_child=1 -1 -2 4 -4 18 7 12 9 -8 11 -10 -7 14 -9 16 -15 -17 -5 20 -12 -21
right_child=2 -3 3 5 -6 6 8 13 10 -11 19 -13 -14 15 -16 17 -18 -19 -20 21 -22 -23
leaf_value=66.058066677283094 127.07977404638281 -27.465122555016059 21.331381299953655 127.60843743321828 -47.271481883942869 -121.11124254614107 144.31926241165644 -7.0917512699730283 -67.025504049892533 8.325019901291526 -29.853081511834677 7.0372212359319928 -34.744565525960006 122.63851484361984 38.36017522590933 11.825622800447544 -41.145671442585808 -9.1370352610030015 -1.0149688032475388 -4.112702579707511 4.2860541875785927 28.415532592981396
leaf_weight=231 239 675 538 224 919 477 454 282 560 749 1395 766 846 110 494 2086 1181 1742 264 2573 2996 3174
leaf_count=231 239 675 538 224 919 477 454 282 560 749 1395 766 846 110 494 2086 1181 1742 264 2573 2996 3174
internal_value=-0.000143948 -0.00284314 -3.15882e-05 -8.03498e-05 -0.0017614 4.08389e-05 -3.05476e-05 -0.000710526 0.000356974 0.00287037 9.01882e-05 -0.00201794 -0.00392697 1.90452e-05 0.00251269 -0.000363964 -0.00233116 0.000304687 0.00293878 0.00036798 -0.000434363 0.000980639
internal_weight=22975 906 22069 21830 1457 20373 19885 7218 12667 1203 11464 1326 1323 5895 776 5119 1291 3828 488 10138 4391 5747
internal_count=22975 906 22069 21830 1457 20373 19885 7218 12667 1203 11464 1326 1323 5895 776 5119 1291 3828 488 10138 4391 5747
cat_boundaries=0 13 15 28 30 43 56 69 71 85 87 89 103 105 107 109 122 124 126 140 154
cat_threshold=4176 0 80 2147491968 1049160 773 384 1073741824 128 16421 1082130432 131080 2098176 5013602 18560 196608 0 0 64 0 0 0 0 4096 0 0 8288 327680 103022852 262209 2147516416 12324 0 0 134742016 0 0 65536 536870912 12582912 4096 2149615104 2147516448 48267276 16384 4097 268435456 0 1024 512 134217728 536903680 71827456 16777216 2622468 2156921606 14974984 133184 4224 16 0 3072 0 134250496 0 1141901312 67108896 4096 9449766 542855200 204820 2147483648 69280820 1610612736 513 3221356544 536870912 0 268443648 98308 131152 2162696 285212672 128 2 2705985632 24588 2148536890 22656 16384 92341316 1610612736 1 8388608 0 0 24576 0 0 2101248 268435456 149505 6 17842176 219668 408003712 42288 1073742180 256 0 33566752 0 2097152 524292 536870912 0 65536 4 3179546 503316496 2147518849 36880 134348850 86148 2429777410 206482 0 33554432 1 2097156 285769984 0 0 0 1024 8918018 128 2147487360 16385 1 33554432 8654848 0 0 143196160 33554496 0 65536 0 2130184 855642128 1605909 34824 4
is_linear=0
shrinkage=0.045


Tree=159
num_leaves=23
num_cat=19
split_feature=0 3 5 3 0 5 0 3 0 3 0 0 2 0 5 3 3 0 0 3 0 0
split_gain=3.73255 4.58753 2.2727 4.00147 2.58052 2.66356 5.22466 3.28362 3.15854 2.83581 6.57104 5.36066 3.26816 3.21331 2.99225 2.95911 2.95905 4.06017 3.19303 2.59556 9.4297 6.48506
threshold=0 1 1.7005986908310777 2 3 4.0689902272260703 4 5 6 7 8 9 10 11 3.7494348669884658 12 13 14 15 16 17 18
decision_type=9 9 8 9 9 10 9 9 9 9 9 9 9 9 10 9 9 9 9 9 9 9
left_child=1 -1 3 -2 -4 6 7 -6 -7 10 -8 15 -12 14 -14 -11 18 -18 -13 20 -10 -21
right_child=2 -3 4 -5 5 8 9 -9 19 11 12 16 13 -15 -16 -17 17 -19 -20 21 -22 -23
leaf_value=24.487019801774984 97.240203981533668 -34.806511652629034 52.938681954389217 -1.4224743569025486 -8.221558225844019 101.06066399821589 -74.271858407193577 -67.874498254356467 -39.510091523192528 -7.84191220200566 -95.054739097005623 53.451826984542421 28.887062089222326 -2.000505266078362 226.69513130843868 49.995577062634943 5.8581548496810134 -45.327515233320405 -1.188649629232168 -20.998191545335704 1.9997456720244735 10.083449366198183
leaf_weight=206 248 500 364 418 350 384 756 479 1089 459 171 230 148 1818 81 971 1111 1473 661 1171 3617 6270
leaf_count=206 248 500 364 418 350 384 756 479 1089 459 171 230 148 1818 81 971 1111 1473 661 1171 3617 6270
internal_value=-0.00012828 -0.00332173 -2.52457e-05 0.00255988 -0.000105184 -0.000170463 -0.000774971 -0.00414685 0.000249541 -0.000413446 -0.00150703 0.000251678 -0.000262332 0.000251336 0.00513485 0.00255895 -0.000703327 -0.00147342 0.00151993 0.000120281 -0.000705808 0.00064303
internal_weight=22975 706 22269 666 21603 21239 8708 829 12531 7879 2974 4905 2218 2047 229 1430 3475 2584 891 12147 4706 7441
internal_count=22975 706 22269 666 21603 21239 8708 829 12531 7879 2974 4905 2218 2047 229 1430 3475 2584 891 12147 4706 7441
cat_boundaries=0 13 15 17 31 45 47 60 62 75 89 90 102 104 106 120 133 135 149 162
cat_threshold=4176 0 100663312 2147483648 16968 16777732 256 0 136 549 1082130432 131080 2360322 4227154 67744 134353970 4288 16777216 0 0 0 1073807360 0 0 1073741824 4096 0 2097152 268447840 65536 16 1115684872 1073758208 4097 8208 294916 1024 512 134234112 0 2148007936 603979776 2097152 9454336 1 2160236032 14348 41943041 0 128 16 0 3072 0 134217728 2048 1073741824 32 0 9457920 973088258 283253 294912 20 0 0 135397376 0 0 0 536871936 8393728 402653312 17825792 2147518472 360448 65584 1610612736 133 142737408 0 0 0 1024 2098184 268439680 17334272 2147518473 2 1 0 67108864 0 2097152 0 536870912 0 8192 0 2 0 2688 2165774416 65536 2165119112 65792 2147483648 84019204 0 0 1048832 536870912 0 98304 536872964 9441536 32 2148532484 8240 4 0 4096 0 0 524288 0 0 65536 0 12582912 0 640 67108868 2280067878 468672 0 102768692 1 2097664 1605888 256 0 8192 1024 2626562 67108992 1576576 2048 1 1073807360 25166928 0 8197 0 536870913 0 65536 32772 18752 973213696 133 41088
is_linear=0
shrinkage=0.045


Tree=160
num_leaves=23
num_cat=19
split_feature=0 3 2 3 0 3 1 5 0 5 3 5 0 3 0 3 0 1 4 0 0 3
split_gain=3.10717 4.85156 2.17742 6.10384 5.59726 3.6718 3.55046 3.27205 2.5858 2.51724 3.54684 3.04908 8.08295 6.48993 4.32734 5.82342 3.67557 3.1313 3.0539 7.6892 5.18372 5.56335
threshold=0 1 2 3 4 5 6 2.6735537653587347 7 1.4978661367769956 8 3.5408542930527882 9 10 11 12 13 14 15 16 17 18
decision_type=9 9 9 9 9 9 9 10 9 8 9 10 9 9 9 9 9 9 1 9 9 9
left_child=1 -1 3 6 5 -4 -2 -7 -5 10 -6 12 -11 -14 15 -13 -15 -18 19 -16 -20 -22
right_child=2 -3 4 8 9 7 -8 -9 -10 11 -12 14 13 16 18 -17 17 -19 20 -21 21 -23
leaf_value=25.012000505837495 -72.798869075712574 -46.15105596125391 -0.60299281516739933 -48.907603255294703 134.69537483594235 -86.782062043616378 5.6046304046276418 142.71911151732047 27.376094721495065 -46.042464941482521 3.6142759067185031 11.615509573924482 -24.023051838219963 74.682749283920998 -2.2993194576576932 -43.31719677299759 140.62424910039539 -1.5084786168618121 -20.757994655648581 81.906790811045568 -4.8643568281306946 13.772986230355782
leaf_weight=210 652 494 350 219 106 59 211 507 659 1210 419 700 1660 473 2358 952 143 868 1740 1934 3869 3182
leaf_count=210 652 494 350 219 106 59 211 507 659 1210 419 700 1660 473 2358 952 143 868 1740 1934 3869 3182
internal_value=-9.89033e-05 -0.00301676 -5.04869e-06 -0.00152738 0.000124866 0.00353987 -0.00419143 0.00576125 0.00111236 -3.6686e-05 0.00303131 -0.000121392 -0.00116736 4.27757e-05 0.000187793 -0.00197416 0.00219586 0.00063783 0.000462199 0.0014462 -1.7912e-05 0.000525627
internal_weight=22975 704 22271 1741 20530 916 863 566 878 19614 525 19089 4354 3144 14735 1652 1484 1011 13083 4292 8791 7051
internal_count=22975 704 22271 1741 20530 916 863 566 878 19614 525 19089 4354 3144 14735 1652 1484 1011 13083 4292 8791 7051
cat_boundaries=0 13 15 16 18 31 33 35 47 49 63 65 78 80 93 95 96 110 124 126
cat_threshold=80 2147483648 100663312 2147483648 1049152 516 256 1073741824 136 69 1082130432 8 2360322 4227122 16528 1 33916444 150209 0 0 2684354560 64 4 0 0 0 4096 1073741840 4272 10976 1 2732720162 67816 12 3120 0 0 0 0 0 0 0 0 0 1073741840 135184 2432 131106 4288 10485760 117575680 0 0 142639360 1024 0 0 98304 9977864 67108864 2097156 77124096 6 175145536 382700 65540 68656 0 8320 1073889288 257 0 268436544 4 67108864 805306368 17436689 2180 3225665602 473092 2147483648 10288 0 0 524288 0 0 65536 1028 4194304 318767104 2147487744 2060 262244 256 2 33554440 10498052 0 0 276922624 0 0 73728 536870912 10491138 184549376 2149613828 16392 1 2359296 77594688 1073741824 33280 134217728 6208 512 134217728 536969216 6982656 16777216 1048576 512 2 3417966126 275669
is_linear=0
shrinkage=0.045


Tree=161
num_leaves=23
num_cat=22
split_feature=0 2 0 0 3 3 3 1 0 3 0 3 3 3 0 0 0 3 0 3 3 3
split_gain=3.272 2.23387 4.40577 4.25008 3.38614 3.26003 2.86527 3.21686 3.20351 4.30025 2.52591 2.40117 2.38723 2.2541 11.5723 5.61053 3.95596 3.66948 3.58287 4.24191 3.5528 2.99942
threshold=0 1 2 3 4 5 6 7 8 9 10 11 12 13 14 15 16 17 18 19 20 21
decision_type=9 9 9 9 9 9 9 9 9 9 9 9 9 9 9 9 9 9 9 9 9 9
left_child=-1 3 5 4 -2 -3 8 10 9 -5 -8 -10 -12 14 21 17 -17 -15 19 -16 -20 -4
right_child=1 2 13 6 -6 -7 7 -9 11 -11 12 -13 -14 15 18 16 -18 -19 20 -21 -22 -23
leaf_value=-10.438679888663827 -128.83474224319446 -0.16386997702287773 -65.340596671628219 50.491334822991007 -19.440104936726637 82.040526647213113 18.534442522187092 51.028680721140041 -72.293525971950686 -9.0182150038100009 -52.863713585707011 -13.131290553060316 3.2455359636922729 73.553244553997715 -9.0474546652414745 -23.993908490361136 1.3568769706386228 1.3570578493058747 19.515223597883196 37.311281182744075 -9.1858162188451029 -9.0242537823395104
leaf_weight=319 213 345 865 379 325 503 837 389 433 688 269 1703 427 1181 526 756 7275 934 653 1358 1942 655
leaf_count=319 213 345 865 379 325 503 837 389 433 688 269 1703 427 1181 526 756 7275 934 653 1358 1942 655
internal_value=-0.000112613 -4.76443e-05 0.000210379 -0.000820705 -0.00458182 0.00334884 -0.000416099 0.000953981 -0.00123872 0.000771548 1.45631e-05 -0.00224162 -0.00197034 4.31701e-05 -0.000647563 0.000451861 -9.23163e-05 0.00250705 0.000506012 0.00199367 -0.000578251 -0.00402415
internal_weight=22975 22656 16993 5663 538 848 5125 1922 3203 1067 1533 2136 696 16145 5999 10146 8031 2115 4479 1884 2595 1520
internal_count=22975 22656 16993 5663 538 848 5125 1922 3203 1067 1533 2136 696 16145 5999 10146 8031 2115 4479 1884 2595 1520
cat_boundaries=0 13 14 27 40 42 44 46 48 61 63 76 78 80 82 95 108 122 124 138 140 142 144
cat_threshold=65600 0 33554512 2147483648 0 516 192 0 136 517 8388608 8 262144 3 29392912 0 536870912 0 65536 0 0 16384 4096 8192 2097152 16790112 3679232 10518532 4096 536870912 0 256 0 0 65536 0 2155892736 16777216 6144 1049600 168461840 131104 2701132400 18948 1128633878 479837 4113 3126 33554432 131072 3221225472 1 4 0 0 0 0 1073742096 24 2147484164 32789 50331670 4160 0 0 0 0 0 0 0 0 0 8 32 2415920512 41 33554436 266304 2283929600 1184 669282414 239146 33570824 44040272 1 8704 402686208 536870912 512 134225920 33792 557058 134217728 2148534289 75497472 35667976 44044352 0 8720 2147517184 570429440 512 134217728 32768 67158016 16777216 2147486736 75497472 4097 0 4096 32773 1196032 16777216 0 1342242816 4 32 536936448 524292 131074 4 2147485584 20548 4096 132096 4096 1 9043976 1025 0 65536 536872964 4104 570490880 524548 2147487752 6 33816654 8704 33554466 172544 641744930 237600
is_linear=0
shrinkage=0.045


Tree=162
num_leaves=23
num_cat=21
split_feature=0 3 2 3 0 5 0 3 0 3 0 0 3 0 3 0 0 0 3 0 3 1
split_gain=3.19515 6.22706 2.40381 2.73092 1.76337 1.76371 5.98447 8.86347 5.24141 5.16358 4.44747 4.22621 4.14781 3.2321 3.07788 6.42642 5.0921 3.57545 3.37114 3.08304 2.53294 2.40413
threshold=0 1 2 3 4 4.863673427408628 5 6 7 8 9 10 11 12 13 14 15 16 17 18 19 20
decision_type=9 9 9 9 9 10 9 9 9 9 9 9 9 9 9 9 9 9 9 9 9 9
left_child=1 -1 3 -2 -4 8 7 13 12 11 -9 -8 -6 -7 15 20 18 -18 -16 -17 -10 -11
right_child=2 -3 4 -5 5 6 9 10 14 21 -12 -13 -14 -15 16 19 17 -19 -20 -21 -22 -23
leaf_value=25.719081136449258 -7.1894849751725269 -39.153955276189372 249.1721808885907 87.957312107277517 24.139845476094997 -8.9710012280084985 1.8808808113051418 -24.794732870412481 -62.387899230829021 -39.031504690948893 25.552230870964102 89.416707464516548 -56.400455835268531 -55.444185718094047 80.506196723949756 51.601136302298819 -23.291221938496601 3.3824523345604027 5.0663473627093847 -2.3935633742222673 -23.694335965052485 3.0928097453214649
leaf_weight=386 231 643 104 402 354 226 659 487 460 246 788 1182 1163 482 340 397 1193 6010 475 3138 1203 2406
leaf_count=386 231 643 104 402 354 226 659 487 460 246 788 1182 1163 482 340 397 1193 6010 475 3138 1203 2406
internal_value=-0.000136114 -0.00257205 -2.04937e-05 0.00268605 -0.000102345 -0.000132534 0.000486261 -0.00156767 -0.000404649 0.00139345 0.000681818 0.00321775 -0.00289895 -0.0055625 -0.000115664 -0.00096737 0.000437111 5.30146e-05 0.00378174 0.000120524 -0.00326418 0.000118243
internal_weight=22975 1029 21946 633 21313 21209 6476 1983 14733 4493 1275 1841 1517 708 13216 5198 8018 7203 815 3535 1663 2652
internal_count=22975 1029 21946 633 21313 21209 6476 1983 14733 4493 1275 1841 1517 708 13216 5198 8018 7203 815 3535 1663 2652
cat_boundaries=0 13 15 16 18 31 44 46 60 62 74 88 90 102 104 118 131 145 147 160 162 164
cat_threshold=69712 33554432 2248147024 2147483648 1081408 16779776 384 0 128 16901 1082130432 268435464 2098178 138969106 19088 96 2302677538 16900 0 0 0 64 65536 0 0 0 134217728 32 0 64 327680 0 77601828 0 512 419430400 33554688 0 8192 32772 163850 385875968 2147517316 2048 31035490 156184 1080066056 2149842944 0 32768 512 4164 0 49152 8 2148009984 2228224 3670032 9978368 2 2038203778 82840 0 1024 0 0 134217728 256 0 8192 0 163848 100663296 33156 0 17178640 0 0 8913152 536870912 0 0 0 8392704 134217856 3146768 40964 5 1225293920 204832 0 0 0 0 402653184 256 0 8192 0 8 16777216 33536 1588888902 362225 8650752 67108960 536870913 2097284 12 0 0 66560 536870916 1073746946 67108864 2564 32797 5 25182208 64 1073741824 148 268435468 1 0 1073741824 32772 1157758976 637534240 4 40961 2181038084 25165840 4096 268443648 256 570425344 0 0 6144 3145728 144 16778240 67115264 16 2168655904 139268 2181038080 8388624 0 8193 524288 536870912 0 0 2048 3145728 48 16777216 4224 137625602 262177 1048641 8
is_linear=0
shrinkage=0.045


Tree=163
num_leaves=23
num_cat=22
split_feature=0 3 2 3 0 3 1 3 0 3 3 0 3 0 3 0 0 0 3 0 0 3
split_gain=2.57251 4.37796 2.11992 3.31044 1.64052 5.25205 2.11953 3.95418 4.31011 2.13625 1.99176 6.59068 11.701 5.9951 4.14666 6.6549 4.14369 3.89854 3.78247 2.78734 2.31725 4.63093
threshold=0 1 2 3 4 5 6 7 8 9 10 11 12 13 14 15 16 17 18 19 20 21
decision_type=9 9 9 9 9 9 9 9 9 9 9 9 9 9 9 9 9 9 9 9 9 9
left_child=1 -1 3 -2 5 -4 7 -6 9 -9 11 12 16 18 15 -13 -8 -16 -12 -14 21 -15
right_child=2 -3 4 -5 6 -7 10 8 -10 -11 13 14 19 20 17 -17 -18 -19 -20 -21 -22 -23
leaf_value=3.6276310480426215 149.43324726600622 -40.947022869437426 -54.878244659907651 2.5664865337440279 55.160017934069472 0.045575720699125667 505.54760783937451 17.640686038839412 76.135807658282133 -43.648369706854282 2.0003094570527717 5.0406906536157114 -5.5053360364611938 161.27480990430084 6.3294078148224981 -76.246049536171014 42.191840090058101 -13.696371110679392 -37.944330322526071 36.345762690704355 4.9858704956320796 12.726154298795409
leaf_weight=395 211 333 552 408 467 1563 123 101 449 263 982 732 1465 219 2284 1199 309 4227 998 339 4784 572
leaf_count=395 211 333 552 408 467 1563 123 101 449 263 982 732 1465 219 2284 1199 309 4227 998 339 4784 572
internal_value=-0.000126322 -0.00273649 -3.94223e-05 0.0025317 -0.000114372 -0.00130113 1.49808e-05 0.00177632 -0.000136364 -0.00371011 -0.000109756 -0.000505145 0.00166148 0.000448989 -0.00108055 -0.00290659 0.00820946 -0.000534647 -0.00167169 4.95595e-05 0.00120413 0.00344645
internal_weight=22975 728 22247 619 21628 2115 19513 1280 813 364 18233 10678 2236 7555 8442 1931 432 6511 1980 1804 5575 791
internal_count=22975 728 22247 619 21628 2115 19513 1280 813 364 18233 10678 2236 7555 8442 1931 432 6511 1980 1804 5575 791
cat_boundaries=0 13 15 16 18 31 33 35 37 48 50 52 65 67 81 83 97 109 123 125 137 150 152
cat_threshold=80 34603072 80 2147483648 2147516480 512 128 0 65664 16421 8519680 268566536 2359296 164135440 84100 96 9486416 6184 33619968 2149908512 33558657 0 1048576 4 64 268435456 8 2164263170 536870912 3670160 132098 550240516 241922 2684387424 128 1108645474 10904 0 1166016512 0 149 0 0 0 0 0 0 65536 4210704 65536 123203120 265972 4198400 10256 0 0 16909064 16777280 512 1073766464 3072 1073746432 1073741824 2164261956 1060864 272400 96 2151682048 3072 0 0 285344008 33554496 512 25600 3072 1077972992 0 2164264452 1058816 4 33826832 96 2147483648 5124 0 0 268435456 570425344 0 0 536870912 1048576 117440512 33280 2147484201 4 0 0 0 0 0 0 0 0 0 0 0 2147483648 8404992 17408 0 2138112 142606336 536870912 0 134283264 4 13139976 203428000 4096 2176 6 2952790220 102411 4096 10256 0 0 131072 0 0 8256 3072 4608 1073741824 2147484676 1074036736 0 0 0 524288 1 0 0 0 2098176 2097160 1 400 1610616896 90368
is_linear=0
shrinkage=0.045


Tree=164
num_leaves=23
num_cat=19
split_feature=0 3 2 5 5 2 0 0 3 3 3 0 3 0 0 3 0 3 0 0 5 3
split_gain=2.67387 6.5491 2.12381 2.69761 2.02993 1.69392 3.69146 3.20058 2.82165 2.70482 2.46938 2.07732 4.09222 1.96009 1.90655 7.61824 5.12904 2.69792 7.11694 6.51917 4.80443 2.79887
threshold=0 1 2 2.8029010331479989 5.7853612818482238 3 4 5 6 7 8 9 10 11 12 13 14 15 16 17 6.1537953943602615 18
decision_type=9 9 9 10 10 9 9 9 9 9 9 9 9 9 9 9 9 9 9 9 10 9
left_child=1 -1 3 -2 -3 6 9 10 13 -4 -7 12 -10 -8 15 16 -9 19 20 -16 21 -19
right_child=2 4 5 -5 -6 7 8 14 11 -11 -12 -13 -14 -15 17 -17 -18 18 -20 -21 -22 -23
leaf_value=33.72278960055224 -4.69392405520819 -50.890499242317595 -163.53805144317752 151.68872630306831 55.925045308414248 100.4386718564589 52.061629249255873 273.67263720292766 48.578518900849971 -38.37373618518555 1.2492592382576548 -13.850033663970025 -6.0195450151529073 1.621568969713262 -20.526080896538168 -30.281453653897987 -5.1972924902646991 -37.020366650146279 19.867475670215061 3.4746827833305178 94.711441709659269 0.29596221105977744
leaf_weight=391 191 489 108 350 56 391 290 241 234 379 403 3017 676 955 2256 1660 312 1097 3603 4586 183 1107
leaf_count=391 191 489 108 350 56 391 290 241 234 379 403 3017 676 955 2256 1660 312 1097 3603 4586 183 1107
internal_value=-0.00012828 -0.00246835 -2.75498e-05 0.00272604 -0.0056149 -9.83264e-05 -0.000765738 0.000140527 -0.000407986 -0.00446393 0.00290323 -0.000999619 0.000878525 0.00144988 -7.47161e-06 -0.0012236 0.00330531 0.000203208 0.0008997 -0.000407062 -0.00100354 -0.00159112
internal_weight=22975 936 22039 541 545 21498 5659 15839 5172 487 794 3927 910 1245 15045 2213 553 12832 5990 6842 2387 2204
internal_count=22975 936 22039 541 545 21498 5659 15839 5172 487 794 3927 910 1245 15045 2213 553 12832 5990 6842 2387 2204
cat_boundaries=0 13 15 16 17 30 43 45 46 48 61 63 76 90 92 104 106 119 133 135
cat_threshold=64 33554432 2214592592 2147483648 2148564992 16779776 384 1073741824 32896 10277 1082130432 655368 2359296 6066256 22656 96 3 10518532 4096 536870912 0 256 0 0 65536 0 2155892736 16777216 4096 1049600 29392916 0 536870912 8192 65792 0 0 16384 0 0 2097152 4160 9970688 2426022120 172066 167937536 2287485974 140 131072 131076 1073741824 4 4 0 0 0 0 1073742096 131224 2147483652 32772 738492438 2112 1073741824 0 0 0 131072 0 0 0 0 8 4096 0 41 33554433 2156199968 33558656 2129924 1073758208 4 0 268436480 8 2753026 536936448 2149580801 131074 16 303302864 262212 0 262176 0 0 0 0 0 0 0 131074 0 2147483648 3084150910 139462 0 86115392 1 16 142606856 536870976 0 64 536938500 1086720 100663296 32772 2147484168 262144 6148 0 513 285343744 256 512 73728 5120 4210688 285212672 1050640 67131540 7 136840960 330496
is_linear=0
shrinkage=0.045


Tree=165
num_leaves=23
num_cat=19
split_feature=0 3 0 3 4 3 0 0 3 3 5 0 0 5 5 0 3 3 1 0 0 3
split_gain=2.12457 4.78497 1.8224 4.07542 1.75779 5.50082 6.44638 4.835 4.9268 4.80874 3.74601 3.47794 3.32108 3.18205 2.95756 2.92694 3.68271 3.31397 2.75647 2.41379 2.08704 3.30043
threshold=0 1 2 3 4 5 6 7 8 9 5.4271478232179229 10 11 5.4909995847486188 6.9092530334720372 12 13 14 15 16 17 18
decision_type=9 9 9 9 1 9 9 9 9 9 8 9 9 8 8 9 9 9 9 9 9 9
left_child=1 -1 3 -2 5 13 10 8 14 12 -7 -11 -9 -4 18 16 -8 -17 -6 -10 -13 -22
right_child=2 -3 4 -5 7 6 15 9 19 11 -12 20 -14 -15 -16 17 -18 -19 -20 -21 21 -23
leaf_value=-70.20660207769383 -53.145087726185807 94.803982992855381 -32.361278937832864 0.4721739163819802 -37.024005207877472 52.374820311356629 -62.757294418946763 -28.528728225648464 -53.640422536073892 -6.346801663855949 309.49631284599832 1.3426400125740292 -1.4793592256586634 -176.46174703292439 136.83102287450896 52.578835608912051 6.7226173539904268 0.79818915674451996 -148.98975668768551 9.9171114491462493 90.232054675170332 5.3280825250489574
leaf_weight=242 476 491 605 842 426 785 633 1688 266 1421 155 2614 3783 72 44 1070 777 2726 314 665 615 2265
leaf_count=242 476 491 605 842 426 785 633 1688 266 1421 155 2614 3783 72 44 1070 777 2726 314 665 615 2265
internal_value=-9.89033e-05 0.0022651 -0.000177946 -0.00179323 -7.52293e-05 0.000517582 0.000942676 -0.000362157 -0.00259265 -5.08146e-05 0.00434874 0.000737332 -0.00104642 -0.00329826 -0.00520101 0.000319088 -0.00142405 0.000969013 -0.0059434 -0.0003579 0.00125045 0.00208506
internal_weight=22975 733 22242 1318 20924 6823 6146 14101 1715 12386 940 6915 5471 677 784 5206 1410 3796 740 931 5494 2880
internal_count=22975 733 22242 1318 20924 6823 6146 14101 1715 12386 940 6915 5471 677 784 5206 1410 3796 740 931 5494 2880
cat_boundaries=0 13 15 28 30 31 33 46 59 61 63 77 90 104 106 108 110 120 133 135
cat_threshold=16908289 2228224 0 64 65536 32 0 268435456 528392 1090519040 32 8288 69792 2705327104 4236 33570896 0 301989904 2147483648 2148827136 2564 64 16384 128 2147483685 545259520 19529864 262144 2826966566 197140 2 4198658 16928 6553608 65568 0 0 0 1088 512 1207959552 0 2656256 0 1052676 2147525376 6553604 33816624 2147483648 33280 1074266112 5440 768 134217728 0 2623488 1073741824 1052672 2155873026 42863126 301070 1329382628 363717 1073741824 2147483648 67112960 8197 16908296 570425344 0 0 536904704 12582912 4112 1024 10244 7 8388608 92276736 1610612736 2097152 402653444 0 0 40960 3072 5275650 19005568 2068 67158040 2147516416 3076 0 0 276971776 16777216 0 73728 1028 147778 436207616 33296 17412 5 588989440 139480 3358196868 2136 134252656 65536 0 33554480 2147483648 512 1073741824 4352 512 0 0 524288 2147553288 75509760 1 270532608 142606400 0 0 0 134217728 50440 186646528 268436225 67109905 268568592 8194
is_linear=0
shrinkage=0.045


Tree=166
num_leaves=23
num_cat=21
split_feature=0 3 2 0 3 0 3 5 3 4 0 3 3 0 0 0 3 0 0 3 3 1
split_gain=2.29695 4.18163 2.18796 6.2717 6.52888 3.13755 5.12062 3.10927 4.6595 2.3996 2.26516 3.01864 2.26297 8.1293 6.84343 3.71251 3.47971 3.57652 3.40094 4.97842 3.65541 3.1678
threshold=0 1 2 3 4 5 6 5.6750385347198877 7 8 9 10 11 12 13 14 15 16 17 18 19 20
decision_type=9 9 9 9 9 9 9 10 9 1 9 9 9 9 9 9 9 9 9 9 9 9
left_child=1 -1 5 4 10 6 -2 8 -5 -10 11 -4 14 -14 16 -16 17 -7 19 -15 -20 -22
right_child=2 -3 3 7 -6 12 -8 -9 9 -11 -12 -13 13 18 15 -17 -18 -19 20 -21 21 -23
leaf_value=39.047004303038122 -63.095094840991528 -31.739306881616031 89.734299716099699 -7.5288793795676971 7.6780748686707376 -12.092756262527345 -2.784886144261836 182.50893253062429 99.383791540479464 19.452119985258669 -61.083542324718401 -18.58987858536646 30.880591951229817 -37.379956442927977 33.624234087300479 -1.1782362751021356 -6.0211874981362596 -70.963097923627899 -6.4605729162498386 1.8263180903083411 75.26256331258773 0.68054250185898124
leaf_weight=219 682 614 108 869 1049 400 1440 346 620 616 614 291 1656 666 644 4982 1266 478 2897 771 797 950
leaf_count=219 682 614 108 869 1049 400 1440 346 620 616 614 291 1656 666 644 4982 1266 478 2897 771 797 950
internal_value=-0.000120447 -0.00242308 -3.24998e-05 0.000850276 -0.000976374 -0.000258914 -0.00187676 0.00238429 0.00174063 0.0034976 -0.00353415 -0.000821168 -3.62459e-05 0.00050813 -0.000578258 0.000247428 -0.00273423 -0.00490449 -0.000254801 -0.00215839 0.000338273 0.00195708
internal_weight=22975 833 22142 4513 2062 17629 2122 2451 2105 1236 1013 399 15507 7737 7770 5626 2144 878 6081 1437 4644 1747
internal_count=22975 833 22142 4513 2062 17629 2122 2451 2105 1236 1013 399 15507 7737 7770 5626 2144 878 6081 1437 4644 1747
cat_boundaries=0 13 15 16 30 32 46 48 50 51 64 66 68 81 94 107 109 122 135 137 139 141
cat_threshold=16464 65536 64 2147483648 2148565504 2561 256 1073758208 136 2085 1082261504 524296 262144 22052960 14464 135 294912 18889776 128 0 25690112 0 0 65536 33792 2097160 402653184 19005712 133136 5 2878779980 12332 37748736 1107689476 0 512 264 64 576 8192 34820 525314 33554432 3146756 10486274 16 2722370638 176648 38355974 231548 4 0 16780304 0 0 16777216 0 0 0 32768 8 134217728 16 16 134218240 4096 1004857904 328659 1082130432 67121184 2214592512 192 64 16777216 128 98304 4096 69206080 939524224 6289 67108993 1082392576 67113984 2147483648 4 0 0 0 65536 4096 3276864 671088768 39057 68173837 65537 27262976 0 16 0 536871936 0 134217728 0 0 270536752 285212672 10272 312492080 262161 0 67109888 0 0 0 0 0 65536 0 1179648 0 34832 12 65545 27262976 4097 16 0 536872192 0 134217728 0 4112 2166832 2432696320 11296 1141444928 61448 2148664334 39972 16493 67616
is_linear=0
shrinkage=0.045


Tree=167
num_leaves=23
num_cat=20
split_feature=0 0 3 1 0 2 0 3 0 3 4 3 0 5 3 1 0 3 0 3 5 4
split_gain=2.45471 2.20104 3.53673 1.83102 1.72382 1.66286 5.20764 5.85006 2.86168 4.66578 3.75029 2.82373 2.71998 2.95011 3.63421 2.57494 2.44618 2.99268 2.32656 2.48999 2.45951 2.27015
threshold=0 1 2 3 4 5 6 7 8 9 10 11 12 4.5271940351011493 13 14 15 16 17 18 4.8789996228937618 19
decision_type=9 9 9 9 9 9 9 9 9 9 1 9 9 10 9 9 9 9 9 9 10 1
left_child=-1 2 3 -2 -4 6 7 -3 9 10 -7 -9 -8 14 -14 -16 17 -13 20 -20 -15 -21
right_child=1 5 4 -5 -6 8 12 11 -10 -11 -12 16 13 18 15 -17 -18 -19 19 21 -22 -23
leaf_value=80.725784505497629 -3.097884103591932 41.991627400845211 31.810658620134635 -97.981035398930615 -7.4881277133479305 158.23181549823968 158.21378175048935 -48.463777455347369 -0.59146939199497861 -44.221700766875834 -9.192361177575112 57.154328526723688 -51.319145543382923 83.427738856626632 60.184938611148134 -46.008832541210793 -23.333149629891523 -9.2318893801422011 -12.121112376189995 355.92734798117567 -31.223810096690428 149.48074513624971
leaf_weight=262 101 372 201 160 312 226 219 415 15540 1259 566 232 392 90 449 273 849 337 101 181 188 250
leaf_count=262 101 372 201 160 312 226 219 415 15540 1259 566 232 392 90 449 273 849 337 101 181 188 250
internal_value=-0.00012828 -0.000179208 -0.00251908 -0.00667582 -0.0003 -9.5326e-05 0.000691514 -0.000842355 -0.000290149 -0.001865 0.000839552 -0.00189024 0.00226566 0.0016968 0.000201613 0.00208447 -0.000912587 0.00135542 0.00376847 0.00545956 0.000310345 0.00695824
internal_weight=22975 22713 774 261 513 21939 4348 2205 17591 2051 792 1833 2143 1924 1114 722 1418 569 810 532 278 431
internal_count=22975 22713 774 261 513 21939 4348 2205 17591 2051 792 1833 2143 1924 1114 722 1418 569 810 532 278 431
cat_boundaries=0 13 26 28 29 41 42 56 58 72 74 75 76 89 91 93 106 108 121 123 124
cat_threshold=131073 0 0 576 1073741824 0 0 0 4096 0 0 8288 65536 64 1048576 64 0 2165604936 16777760 0 16384 65672 101 8388608 268959752 262144 2282227200 8716 537404672 0 0 0 0 17825856 16777216 0 0 0 65 0 524288 112 32768 2112624 128 2147483648 8912896 0 0 65536 33792 2102280 402653184 19005712 133136 1 67856 363088 4194304 1174864900 268439552 0 0 2112 768 0 2052 2148011010 1073741824 3146752 10486278 16 1237199930 328016 2 2320896512 2097152 65536 0 0 134217728 0 0 8192 0 524288 1073741824 1024 41472 5788676 84088 262196 1545 32768 9216 0 0 524288 0 0 0 32768 5128 0 18874368 131072 25182208 20616 262144 16777220 0 0 0 0 0 0 0 2 0 2147516416 16384 25166336 4128 4
is_linear=0
shrinkage=0.045


Tree=168
num_leaves=23
num_cat=18
split_feature=0 3 5 0 5 3 5 0 3 0 0 3 3 0 0 3 3 5 1 3 2 0
split_gain=2.42808 3.52895 3.20159 1.88678 1.73504 3.03871 1.94987 5.79035 3.53633 3.53025 2.79715 4.89337 2.47248 4.65359 4.11289 3.08529 2.0878 2.93677 2.08695 2.30046 2.6074 2.95502
threshold=0 1 5.772996334337213 2 1.7005986908310777 3 4.0689902272260703 4 5 6 7 8 9 10 11 12 13 3.9019216517693867 14 15 16 17
decision_type=9 9 10 9 8 9 10 9 9 9 9 9 9 9 9 9 9 8 9 9 9 9
left_child=1 -1 -3 -2 5 -5 7 8 -6 -8 11 -11 13 16 15 -14 17 -9 -15 -20 -21 -22
right_child=3 2 -4 4 6 -7 9 12 -10 10 -12 -13 14 18 -16 -17 -18 -19 19 20 21 -23
leaf_value=58.43126678653163 140.99495876553826 -44.275409156301905 66.350865955440526 -34.268101424502277 1.5805847707419798 54.930852244821835 80.305934487078815 -37.742642138083461 -58.723620209544187 -59.987848256279207 1.8539768966173504 3.0533765929397849 -109.01564964802292 17.813946943525444 12.857585898283469 -0.3670759249106777 -75.771857999880822 36.281288805424374 -22.545334000338332 -114.65869523391262 123.79464386578606 3.5270085756574918
leaf_weight=226 230 554 69 214 314 444 334 653 748 564 10886 701 277 507 2601 594 684 212 937 105 115 1006
leaf_count=226 230 554 69 214 314 444 334 653 748 564 10886 701 277 507 2601 594 684 212 937 105 115 1006
internal_value=-0.000138073 -0.00248258 -0.00421654 -4.67522e-05 -9.03779e-05 0.00218182 -0.000161017 -0.000675899 -0.00377095 0.000200008 7.2145e-05 -0.00192052 -0.000242438 -0.000973174 0.000645809 -0.00201302 -0.00292601 -0.00141106 0.000167785 -0.000444828 0.000836026 0.00148941
internal_weight=22975 849 623 22126 21896 658 21238 8753 1062 12485 12151 1265 7691 4219 3472 871 1549 865 2670 2163 1226 1121
internal_count=22975 849 623 22126 21896 658 21238 8753 1062 12485 12151 1265 7691 4219 3472 871 1549 865 2670 2163 1226 1121
cat_boundaries=0 12 14 27 29 43 45 58 72 74 76 89 103 105 107 109 111 112 124
cat_threshold=64 1376320 33554496 0 18120776 16779808 256 32768 65672 37 1082130432 524296 13664368 128 0 0 0 64 0 0 0 0 4096 0 0 8288 69632 2194194944 2088 1115750416 1073758208 4097 16 4 1024 512 134234112 32768 3221225472 620756992 2097156 2156921602 1 1648432160 141512 8454152 0 128 2147483664 65540 1024 0 134217728 2048 1073743872 32 0 9437440 16797696 8389684 536870912 1 3221225984 257 128 8192 33796 2113552 128 16781441 128 6 2203713588 94224 710258186 283381 32768 48 536870912 5 134742016 0 0 0 536871940 76185608 402653184 1083392 43064 6291456 33564672 0 2105344 8388864 0 0 73728 2048 5243136 167772176 1169 67108864 4 1140981872 139264 709984256 262276 134222308 65794 575701504 262848 1 0 2048 0 0 0 0 0 8192 0 16386 0 128
is_linear=0
shrinkage=0.045


Tree=169
num_leaves=23
num_cat=21
split_feature=0 3 0 3 3 0 5 3 0 3 0 0 0 3 0 3 0 0 1 3 0 0
split_gain=2.45587 2.89252 2.01875 3.97064 1.52599 1.52022 1.51586 1.59472 7.14365 7.19927 6.85383 4.63005 4.62177 4.48276 3.43803 2.76591 6.49406 5.87752 3.18779 2.60625 4.87345 4.28631
threshold=0 1 2 3 4 5 6.9092530334720372 6 7 8 9 10 11 12 13 14 15 16 17 18 19 20
decision_type=9 9 9 9 9 9 10 9 9 9 9 9 9 9 9 9 9 9 9 9 9 9
left_child=1 -1 3 -2 -5 -6 7 10 9 14 13 -12 -10 -4 -9 16 -13 -17 -19 20 -14 -21
right_child=2 -3 6 4 5 -7 -8 8 12 -11 11 15 19 -15 -16 17 -18 18 -20 21 -22 -23
leaf_value=66.963499846017186 237.61825376467669 -21.845631273152158 -1.7417454155572158 -58.903522942392371 -43.900953003038516 76.825844164236258 27.603836284457756 -40.986216917789498 -39.782601474423679 57.056481906375303 30.027329496363581 -53.465712602069793 23.730191243389289 -56.689528366713638 13.151832532621411 -13.851539598480885 -1.3434428470264537 80.550314079736992 10.948140012384483 -7.2826380036937728 -14.763288378064317 40.326584696094812
leaf_weight=105 111 512 620 228 119 239 335 353 1043 1496 898 826 1128 1002 463 1972 2473 248 2060 1182 3913 1649
leaf_count=105 111 512 620 228 119 239 335 353 1043 1496 898 826 1128 1002 463 1972 2473 248 2060 1182 3913 1649
internal_value=-0.000124363 -0.00289746 -4.62673e-05 0.00231664 0.000752508 0.00255405 -0.000123541 -0.000170902 0.000198194 0.0024204 -0.000580803 -6.62622e-05 -0.000380587 -0.00324969 -0.000978261 -0.000429785 -0.00140667 0.000325023 0.00186207 -5.70776e-06 -0.000618939 0.00108424
internal_weight=22975 617 22358 697 586 358 21661 21326 11227 2312 10099 8477 8915 1622 816 7579 3299 4280 2308 7872 5041 2831
internal_count=22975 617 22358 697 586 358 21661 21326 11227 2312 10099 8477 8915 1622 816 7579 3299 4280 2308 7872 5041 2831
cat_boundaries=0 12 14 27 29 31 44 46 59 61 75 89 103 105 118 120 133 147 149 151 164 177
cat_threshold=64 1376256 67108880 2147483648 16777728 2561 256 0 65672 16901 1082130432 524296 4227168 65664 16908288 1073872896 0 64 1073807360 0 64 0 528384 1073741856 0 268574816 1126528 1593378 512 2164260864 20652 0 131072 0 0 65536 0 0 0 0 0 0 0 1060864 719840782 468864 4194305 100665344 2147483648 0 2415951872 0 0 32768 33792 84054338 536870912 2150636176 1 270012704 18440 1 117442560 0 0 268468480 68 0 41984 1024 168258 536870912 3152529 2 1 69648 8389636 1073741824 2105473 0 0 512 1207959552 2052 1048592 16842784 16777220 2099232 2 69648 8406084 1073745920 2130049 0 0 512 1476395008 2052 2097168 2293800 16777220 2099200 2 312840 262656 0 2048 0 0 0 0 0 0 0 4352 0 2147483648 1 33965576 329216 1082425344 0 536875008 0 8388608 536870912 0 0 536870912 6292480 33689728 0 2147485185 2153775104 12336 1 4 131084 1024 0 0 0 8388608 201326608 2147484672 67141660 4 819297 192 2231371888 4213 2097160 18878512 536870912 16 8388608 570425344 0 24576 0 1024 67112960 1024 8405026 35651584 18886704 0 0 9568256 536870912 0 73728 0 8390656 352325648 1280 75546662
is_linear=0
shrinkage=0.045


Tree=170
num_leaves=23
num_cat=19
split_feature=0 3 0 3 3 5 5 3 5 0 3 0 0 0 3 0 0 0 0 3 0 3
split_gain=2.83141 4.61694 2.07623 2.561 1.95966 1.89609 1.76146 2.59557 2.02825 4.95743 3.29905 6.44219 4.06139 2.66109 3.06008 7.11106 6.83339 3.93504 3.3543 3.26714 6.34723 2.83205
threshold=0 1 2 3 4 3.8393944990995772 1.7005986908310777 5 4.0689902272260703 6 7 8 9 10 11 12 13 14 15 16 17 18
decision_type=9 9 9 9 9 10 8 9 10 9 9 9 9 9 9 9 9 9 9 9 9 9
left_child=1 -1 3 -2 5 -3 7 -4 9 -8 11 -11 -12 -10 15 -15 -16 19 -17 20 -18 -19
right_child=2 4 6 -5 -6 -7 8 -9 13 10 12 -13 -14 14 16 18 17 21 -20 -21 -22 -23
leaf_value=55.845612828391275 -130.01794143295655 -4.5495141069679086 90.921299151511477 138.95071893714223 -8.0906250493912371 -121.96322646304026 -35.265844566262984 -0.45836672309011189 88.260660727204339 9.7570786812863286 -8.3856860255725394 -33.615703409090202 16.615325576575923 -38.833972931250919 -15.418165635494733 50.0689159657733 160.95491446650988 66.304360749964033 -2.2189846979209142 -5.802427407842333 0.70509889866640152 21.18558275688985
leaf_weight=219 109 39 239 265 553 89 1282 414 362 1431 1495 2341 2107 874 1823 641 266 787 3096 2053 647 1843
leaf_count=219 109 39 239 265 553 89 1282 414 362 1431 1495 2341 2107 874 1823 641 266 787 3096 2053 647 1843
internal_value=-0.000108696 -0.00256579 -7.13089e-06 0.00326425 -0.00438312 -0.00932143 -6.52835e-05 0.00223282 -0.000136817 -0.000665281 -0.000213241 -0.00114165 0.000759546 0.000232371 0.000115845 -0.000793316 0.000681268 0.00146041 6.60176e-05 0.000332438 0.00255405 0.00272521
internal_weight=22975 900 22075 374 681 128 21701 653 21048 8656 7374 3772 3602 12392 12030 4611 7419 5596 3737 2966 913 2630
internal_count=22975 900 22075 374 681 128 21701 653 21048 8656 7374 3772 3602 12392 12030 4611 7419 5596 3737 2966 913 2630
cat_boundaries=0 12 14 27 29 31 33 47 49 63 76 89 91 105 119 133 146 148 162 164
cat_threshold=16449 1107558400 2147483712 2147483648 17842176 2560 320 1073741824 136 67125797 1082261504 655368 13926496 67712 131072 0 0 65 1073807360 0 0 0 4096 16 0 8288 69632 2168455184 12 2147488266 520 134352946 196 1117782032 16384 4096 16 294916 1024 512 134217728 32768 3227123712 620756992 2097156 2156921600 1 987049474 139125 4194304 67253280 0 2097152 8520000 536870912 0 268509184 2048 4098 33558544 2147516673 67108865 6 4194312 146432 1 2097152 131328 0 0 73728 67584 4106 167776272 1051921 67108881 8388624 0 128 16 4 1024 0 134217728 2048 1073743872 32 0 11550976 2481435172 468418 2147520512 2106420 1 0 557312 64 0 0 1024 2097154 144 2944 67109888 5 1073741824 1108 0 8196 134217728 536871169 128 65536 536903684 32776 302059520 32773 32901 2 2424832 92278784 4096 2097152 277348352 33554432 0 8192 0 136512 673185792 2150629504 2147491848 4 1107296256 0 0 0 0 0 0 65536 4 1288 301993984 4 2147524608 67112152 544 0 75497472 0 0 0 0 0 0 0 4096 134217728 2149580800 0 4 1209024834 16400
is_linear=0
shrinkage=0.045


Tree=171
num_leaves=23
num_cat=19
split_feature=0 3 0 5 3 5 0 3 3 0 3 1 3 4 0 3 5 0 3 0 0 3
split_gain=2.2841 3.26391 1.9045 1.67966 2.17423 1.57716 8.56921 6.61206 5.09233 2.52652 6.83676 2.39094 2.31915 2.24908 5.2096 6.67265 4.59518 4.28506 4.66692 5.73383 4.93857 3.55722
threshold=0 1 2 1.2424533248940004 3 3.1132683346437333 4 5 6 7 8 9 10 11 12 13 4.2121001622835372 14 15 16 17 18
decision_type=9 9 9 8 9 8 9 9 9 9 9 9 9 1 9 9 10 9 9 9 9 9
left_child=1 -1 -2 4 -4 6 7 -5 -8 10 -7 -10 -12 14 -11 16 -16 -15 19 -19 -20 -17
right_child=2 -3 3 5 -6 9 8 -9 11 13 12 -13 -14 17 15 21 -18 18 20 -21 -22 -23
leaf_value=-116.47488127220338 111.85254593515528 -2.5588743633702324 119.38650277776547 89.952469250533795 2.1669041962588014 16.087694235735654 -111.02408173140465 -7.5451608685819513 -65.35390173985455 -2.8048792628912631 -23.95633162088523 6.0217866056624372 -56.473240048604964 -14.856952481904118 113.83904349831788 -38.981801561829215 321.58534422659295 -23.392528262801569 -3.6404192351783422 4.5592678431397138 19.578792079338072 39.676150998496574
leaf_weight=111 248 579 122 343 418 957 549 431 289 2719 714 372 588 2451 230 354 180 2293 1937 2084 3142 1864
leaf_count=111 248 579 122 343 418 957 549 431 289 2719 714 372 588 2451 230 354 180 2293 1937 2084 3142 1864
internal_value=-0.000100862 -0.00262821 -2.11912e-05 -6.63295e-05 0.00240775 -0.000128727 -0.00133686 0.00234733 -0.00368249 -5.7648e-06 -0.00141678 -0.000969539 -0.0035274 0.000179833 0.000946439 0.00236932 0.00757109 -0.000164371 0.000270913 -0.000804853 0.0011977 0.0013722
internal_weight=22975 690 22285 22037 540 21497 1984 774 1210 19513 2259 661 1302 17254 5347 2628 410 11907 9456 4377 5079 2218
internal_count=22975 690 22285 22037 540 21497 1984 774 1210 19513 2259 661 1302 17254 5347 2628 410 11907 9456 4377 5079 2218
cat_boundaries=0 13 15 28 30 44 46 48 61 63 65 67 68 82 84 98 100 114 128 130
cat_threshold=536887376 1107361792 2147483648 0 262148 2592 256 1073741824 136 67108917 1082261504 131080 2097152 2147500042 568 0 0 0 64 1073741824 0 0 0 4096 0 0 8288 69632 134348802 20672 2160066560 11300 536870912 128 8388864 0 0 73728 3072 4104 939528320 2147486976 35840 4 2157479460 147684 1246921232 117416 2151940109 2147746816 0 32896 1097736 320 0 64 32772 2097920 939524224 16777233 640 3360736362 325648 524288 3585 554179200 644 2 33587200 14356 1 0 8585472 16777216 0 268509184 536870912 135234 16777216 2149614336 16392 5 1210159200 2056 2097152 77611060 0 2147484160 134742016 5120 512 134217728 536871936 526336 16777224 1574916 2155874562 2 3468600324 469460 0 16910336 536870913 20 131840 536870912 0 90112 2048 12620808 67108864 2147485312 67109912 4 1115721728 12352 1073741824 2105345 2155872320 33554432 128 32768 65536 4341760 35655680 1280 40965 1 37749504 155744
is_linear=0
shrinkage=0.045


Tree=172
num_leaves=23
num_cat=19
split_feature=0 3 0 3 3 0 1 3 0 0 0 3 0 0 5 5 5 0 3 3 0 0
split_gain=2.44718 4.19513 2.11958 2.81726 1.65676 1.65371 1.58828 7.80778 2.45198 2.06286 2.04272 1.64622 1.99618 1.55538 1.95497 1.34108 1.284 3.5174 2.96071 2.60074 5.49922 5.33366
threshold=0 1 2 3 4 5 6 7 8 9 10 11 12 13 3.5114340430413216 4.1820210059610323 4.0689902272260703 14 15 16 17 18
decision_type=9 9 9 9 9 9 9 9 9 9 9 9 9 9 10 8 10 9 9 9 9 9
left_child=1 -1 3 -2 -5 -6 7 13 -9 -10 -11 12 15 14 -4 -8 17 18 -13 21 -21 -19
right_child=2 -3 6 4 5 -7 11 8 9 10 -12 16 -14 -15 -16 -17 -18 19 -20 20 -22 -23
leaf_value=66.794052179084318 181.56193268822406 -36.494773281713243 -119.69666891540069 -38.70903464980303 167.93143663266184 1.8529201180378003 72.76115278778687 -58.289732023447137 -28.120400681657557 -15.766056221325853 254.08022343058855 -0.21654817768308929 -51.363288129048229 100.74672245421367 31.840328819397509 -6.7719856442216217 1.0392659757846012 14.310781939718254 -52.177433114839509 37.823452687977714 -7.2303717040886291 -22.324071684233822
leaf_weight=225 110 564 36 256 111 443 49 183 177 125 147 614 483 328 170 64 11154 1081 909 1422 1734 2590
leaf_count=225 110 564 36 256 111 443 49 183 177 125 147 614 483 328 170 64 11154 1081 909 1422 1734 2590
internal_value=-0.000112613 -0.00255618 -2.43265e-05 0.00207618 0.00109489 0.00246466 -0.000116317 0.00148981 -0.00188665 -4.88069e-05 0.00237676 -0.000210322 -0.00251645 0.00543956 0.00206422 0.0027 -0.000138348 -0.000560345 -0.00250651 -0.000121728 0.000823864 -0.0009347
internal_weight=22975 789 22186 920 810 554 21266 1166 632 449 272 20100 596 534 206 113 19504 8350 1523 6827 3156 3671
internal_count=22975 789 22186 920 810 554 21266 1166 632 449 272 20100 596 534 206 113 19504 8350 1523 6827 3156 3671
cat_boundaries=0 13 15 28 30 32 45 47 49 53 57 68 70 82 93 107 109 111 125 139
cat_threshold=16465 1108410368 2214592576 0 1310720 545 256 1073741824 136 21 545390592 8 2359298 14188544 71808 4096 131088 0 65 1342242824 0 64 0 561152 1073741824 2097184 8288 1118336 8589346 512 2705326080 16780 0 0 0 0 65536 0 0 0 4096 0 0 8256 128 2147483744 128 1112835634 10408 0 2359296 129 4 0 25165824 4096 144 0 67108864 1073741824 0 0 0 0 0 0 0 65536 33816576 262144 0 4096 0 0 0 0 0 0 536870912 0 0 2147485184 0 83886080 536875008 0 0 0 0 0 0 0 65536 1117782016 18432 0 8192 4 1024 512 134234112 0 2227702048 1073741824 2098176 2155890432 16 3377046688 98372 1299246664 28764 4456448 13348 0 0 134742016 536870912 0 65536 3072 1064968 16777216 2147522692 67119113 1 65536 64 0 2097152 8520000 0 0 8192 2048 2266114 100667536 286265617 32801 6
is_linear=0
shrinkage=0.045


Tree=173
num_leaves=23
num_cat=22
split_feature=0 3 0 3 3 4 0 0 3 3 0 0 3 1 2 3 1 1 3 3 0 0
split_gain=2.34822 3.12969 1.95692 2.58623 1.82926 1.50668 5.75444 4.98982 4.38533 3.73292 4.75689 4.43494 3.67448 3.02685 3.49966 3.30302 2.98736 2.88617 4.21185 2.89126 3.12308 2.85313
threshold=0 1 2 3 4 5 6 7 8 9 10 11 12 13 14 15 16 17 18 19 20 21
decision_type=9 9 9 9 9 1 9 9 9 9 9 9 9 9 9 9 9 9 9 9 9 9
left_child=1 -1 3 -2 -3 6 12 8 -7 10 -9 -11 -4 -13 15 -15 -17 18 -8 -19 -21 -16
right_child=2 4 5 -5 -6 7 17 9 -10 11 -12 13 -14 14 21 16 -18 19 -20 20 -22 -23
leaf_value=-41.701661707894637 20.624597826544267 279.20217853772169 122.58018265794294 -29.901257079684001 16.360154707289912 -59.047458855855908 22.797973264553438 -22.413918368295761 -4.7887619983062901 -9.0473120057329286 1.6570657555347861 167.44153788835811 9.2428790623040911 -2.6277806544289524 15.825312087047459 0.73132878270593205 176.37795854081597 -20.708415986447108 -73.638754094658466 -10.185897032884167 24.925351964267609 -4.5462742594753216
leaf_weight=229 227 100 536 470 681 789 401 2621 1271 1266 3146 114 687 248 2031 204 413 1141 613 1083 2543 2161
leaf_count=229 227 100 536 470 681 789 401 2621 1271 1266 3146 114 687 248 2031 204 413 1141 613 1083 2543 2161
internal_value=-8.32354e-05 0.00202544 -0.000181212 -0.00250705 0.00337642 -0.000103618 0.000436768 -0.000369059 -0.00241071 -2.21022e-05 -0.000852656 0.000722205 0.0032247 0.00130668 0.00113188 0.00372007 0.00547297 -0.000159244 -0.00232456 0.000306026 0.000927708 0.000588725
internal_weight=22975 1010 21965 697 781 21268 7004 14264 2060 12204 5767 6437 1223 5171 5057 865 617 5781 1014 4767 3626 4192
internal_count=22975 1010 21965 697 781 21268 7004 14264 2060 12204 5767 6437 1223 5171 5057 865 617 5781 1014 4767 3626 4192
cat_boundaries=0 13 15 28 30 32 33 46 59 61 63 77 91 93 95 96 98 100 102 104 106 120 133
cat_threshold=25165824 131072 536870912 2147491857 1342242816 4096 64 0 561152 1073741856 2097192 8288 1118336 2172649536 67876 131152 2147549184 2181038096 4 1310784 548 256 0 136 2147500053 545259520 131080 2097152 31031296 73896 134352930 8192 2 6553600 67108896 0 0 524288 1344 512 134217728 0 69765120 16777216 1576964 2155881218 6553604 50331680 1 33280 524288 3392 512 134217728 0 2656256 1073741824 3674112 2155873026 2861500422 307494 1316471972 142429 65544 8392788 0 0 33028 536870912 0 0 2048 1049600 150995072 2147487632 67126300 2 33574913 77858816 1073745920 128 134348800 0 0 32832 1024 12713984 100667392 268435460 10244 7 1211678832 207104 16416 128 112 25174538 262144 536879120 512 404227081 676 25198754 145420 557879314 148992 32768 3072 0 0 8388864 536870912 0 0 1024 131144 0 2166391440 17408 17 32768 4096 0 0 8388612 536870912 0 24576 0 0 419430528 2164263809 67126273
is_linear=0
shrinkage=0.045


Tree=174
num_leaves=23
num_cat=21
split_feature=0 3 2 5 0 3 4 0 1 3 0 3 3 0 0 3 3 0 3 0 0 3
split_gain=2.46986 5.42159 2.09619 2.83778 1.6691 3.58072 2.21321 2.52695 2.16471 4.39817 4.46226 2.12678 1.87466 6.81037 6.11661 7.08108 4.21774 3.32638 2.51764 3.69621 2.78103 2.5158
threshold=0 1 2 2.8029010331479989 3 4 5 6 7 8 9 10 11 12 13 14 15 16 17 18 19 20
decision_type=9 9 9 10 9 9 1 9 9 9 9 9 9 9 9 9 9 9 9 9 9 9
left_child=1 -1 3 -2 5 6 -4 -8 9 -6 -11 -9 14 16 15 -10 -14 21 19 -16 -20 -15
right_child=2 -3 4 -5 8 -7 7 11 12 10 -12 -13 13 17 18 -17 -18 -19 20 -21 -22 -23
leaf_value=15.443336843294455 -6.5987790038567251 -55.314095690397494 -201.66499402802759 123.17974977819351 82.616279664348539 0.9166978847399877 -58.367995713528394 -81.682452186974729 113.26606796726875 -37.046768215435733 64.336130047717262 4.3862395394174376 -31.435092541724369 2.6602076491911064 -89.736570042632806 3.0042746453673499 6.3356174293989715 6.8015826359199307 5.9780118721755571 -12.925696316071152 -9.6887138822115588 116.37380218612003
leaf_weight=451 196 488 35 358 343 1573 484 103 336 263 382 446 1345 253 451 1634 858 5078 2008 1284 4267 339
leaf_count=451 196 488 35 358 343 1573 484 103 336 263 382 446 1345 253 451 1634 858 5078 2008 1284 4267 339
internal_value=-9.69448e-05 -0.00234227 0 0.00270318 -7.11827e-05 -0.00112797 -0.003125 -0.00276087 7.75739e-05 0.002115 -0.00010274 -0.000601604 -3.65239e-05 0.000482245 -0.000445857 0.00179364 -0.00163544 0.00130676 -0.000998504 -0.00251145 -0.000576189 0.0044702
internal_weight=22975 939 22036 554 21482 2641 1068 1033 18841 988 645 549 17853 7873 9980 1970 2203 5670 8010 1735 6275 592
internal_count=22975 939 22036 554 21482 2641 1068 1033 18841 988 645 549 17853 7873 9980 1970 2203 5670 8010 1735 6275 592
cat_boundaries=0 12 14 15 28 30 31 43 45 47 56 58 60 74 87 89 91 104 106 120 134 136
cat_threshold=131152 1107296256 2181038160 2147483652 2148827136 805 0 0 136 2097173 8388608 524296 22581328 86152 96 4096 2149909540 872419457 32768 0 0 0 402654208 0 2164261890 0 3182736 8521728 603468164 250050 1 4096 2098212 0 0 0 0 0 0 0 2 0 1052688 2684354656 128 34013746 19088 0 25165824 0 144 0 0 0 0 98304 572526596 196608 369553014 282172 4259840 10304 0 270540800 402669580 33554496 0 32768 2048 1078499584 335544320 2147485184 2113536 1 4259841 10304 0 0 285294668 16777280 0 1073758208 0 1077941024 67108864 2147484160 24704 2096 32 1641549824 205184 1074020356 0 0 0 65536 0 0 0 4100 64 572522496 268435461 2147483936 33818644 16 1075838976 0 0 0 524288 1024 0 65536 0 540680 268439680 260 67141636 4 2097160 0 0 2105344 134873088 33555456 128 0 5120 8962048 939528352 3072 68162560 7 2148073472 4224
is_linear=0
shrinkage=0.045


Tree=175
num_leaves=23
num_cat=17
split_feature=0 5 0 3 5 5 3 0 0 0 3 0 3 5 1 3 3 0 0 3 5 3
split_gain=2.73154 2.20546 1.98347 7.14009 1.5266 1.95369 1.37805 7.82933 4.95532 3.92668 3.58247 2.86734 2.52634 2.48828 2.44728 4.07354 2.26253 2.5079 2.25327 2.19275 2.26985 2.12917
threshold=0 3.7494348669884658 1 2 3.9415346756528771 3.3842466058243152 3 4 5 6 7 8 9 0.89587973461402759 10 11 12 13 14 15 4.8789996228937618 16
decision_type=9 8 9 9 8 10 9 9 9 9 9 9 9 10 9 9 9 9 9 9 10 9
left_child=1 -1 3 4 5 -2 7 12 19 10 -9 13 -4 -10 15 -13 17 -15 -14 20 -8 -16
right_child=2 -3 6 -5 -6 -7 8 9 11 -11 -12 14 18 16 21 -17 -18 -19 -20 -21 -22 -23
leaf_value=10.460677107749234 -87.010246778430371 -45.295592588140458 40.067002529561869 63.550406408797478 -112.24689000667377 102.77158877314392 -22.02857416717541 -105.01700172690045 46.658370825742168 -6.1406927945675394 -17.511722540528716 -22.21619520372289 -2.8169950208842418 -85.67372756301701 20.268554515178785 58.212112850218546 -0.80539503404661439 -5.9462139379868493 21.890566035251084 -5.0754173413767782 -114.03064180037623 1.9112220615112527
leaf_weight=120 81 311 557 544 230 74 542 275 289 3976 719 274 655 204 1200 939 2846 1024 412 1015 146 6542
leaf_count=120 81 311 557 544 230 74 542 275 289 3976 719 274 655 204 1200 939 2846 1024 412 1015 146 6542
internal_value=-0.000106737 -0.00360609 -3.79057e-05 0.00198459 -0.00266373 0.000716561 -0.000125884 -0.000667575 0.000112253 -0.00155359 -0.00407058 0.000405101 0.00203545 -0.00054 0.000865674 0.00273673 -0.000828018 -0.00243145 0.000729842 -0.00216472 -0.00411429 0.000568739
internal_weight=22975 431 22544 929 385 155 21615 6594 15021 4970 994 13318 1624 4363 8955 1213 4074 1228 1067 1703 688 7742
internal_count=22975 431 22544 929 385 155 21615 6594 15021 4970 994 13318 1624 4363 8955 1213 4074 1228 1067 1703 688 7742
cat_boundaries=0 12 26 28 30 44 58 72 74 87 89 91 93 95 108 121 123 125
cat_threshold=68 1074790400 2181038144 2147483648 2147483648 16777729 0 0 136 21 8519680 268566536 16973824 131136 0 17 1073807872 36 64 1073741824 528384 544 69206024 8288 69760 4 2176876548 22692 33979974 361560 2151944200 75512832 1073741824 8192 151126028 0 0 73728 0 2101506 16777216 16777220 8240 2 2151682048 75508736 1342177280 32772 16793676 0 640 268452864 4 2097410 65536 17301632 32 2 0 35651584 603979777 0 269517056 536872000 0 0 32768 525376 838865024 36864 68177410 1 33687620 98304 8 16781332 4096 2105472 134348800 33554432 0 134283264 536870912 8409088 150994960 3146260 139284 135168 361560 2147796064 96 3288334336 135714 1756463520 8226 0 16777216 0 2097152 0 0 0 0 0 0 134217728 2097664 8192 2147745792 6144 0 0 134348800 0 0 73728 0 2101248 0 0 16 3249078528 156034 1412432256 139810
is_linear=0
shrinkage=0.045


Tree=176
num_leaves=23
num_cat=18
split_feature=0 0 5 2 1 3 0 3 0 1 5 4 2 0 3 1 4 3 0 3 5 5
split_gain=2.57071 1.88114 1.50145 1.40423 6.26267 4.69666 4.29729 4.52215 4.19562 2.52034 2.26378 2.0333 1.95263 4.49682 3.64608 2.69236 2.48059 2.47392 2.37398 3.29906 2.36214 3.05614
threshold=0 1 3.5408542930527882 2 3 4 5 6 7 8 3.4498615536424366 9 10 11 12 13 14 15 16 17 1.8688348091416842 3.1132683346437333
decision_type=9 9 8 9 9 9 9 9 9 9 10 1 9 9 9 9 1 9 9 9 8 8
left_child=2 -2 -1 4 5 8 7 10 -3 11 -5 -6 13 14 18 -15 17 -14 19 -8 -18 -22
right_child=1 3 -4 6 9 -7 12 -9 -10 -11 -12 -13 16 15 -16 -17 20 -19 -20 -21 21 -23
leaf_value=48.348189719414691 102.2653620040106 -21.656825886809127 -19.453296613810526 -52.571748274025502 22.983643642570566 -2.1490529285273441 -17.841155280751298 58.839678000668734 -129.15835965497266 135.38006203343176 18.313676387765518 -51.799909468199743 6.1251235789229757 -98.963222290124577 -11.986071706551774 -9.9147285552251549 30.767517653537524 -280.94181007219919 2.070956494727743 107.7703412779147 -14.538682697921795 1.1014446831017448
leaf_weight=83 232 304 357 214 157 650 118 740 303 219 375 73 131 576 1261 425 472 116 456 225 1194 14294
leaf_count=83 232 304 357 214 157 650 118 740 303 219 375 73 131 576 1261 425 472 116 456 225 1194 14294
internal_value=-0.000124363 -5.68812e-05 -0.00348451 -9.98207e-05 -0.00133586 -0.00296099 3.27527e-06 0.00246644 -0.00577948 0.00317245 -0.000486689 -0.00018595 -0.00016805 -0.0012081 0 -0.00366486 2.91325e-05 -0.00442771 0.0023582 0.0051338 9.86718e-05 2.9051e-06
internal_weight=22975 22535 440 22303 1706 1257 20597 1329 607 449 589 230 19268 3061 2060 1001 16207 247 799 343 15960 15488
internal_count=22975 22535 440 22303 1706 1257 20597 1329 607 449 589 230 19268 3061 2060 1001 16207 247 799 343 15960 15488
cat_boundaries=0 12 25 26 28 30 43 45 58 59 60 61 74 76 78 79 81 93 94
cat_threshold=64 1074790464 67108928 0 2147484160 769 320 0 136 21 8519680 8 0 0 0 0 1073741824 0 0 0 4096 0 0 8288 69632 1 85 3184 172332056 150144 2181038080 131072 2684354560 65 65540 0 0 0 524288 1073742080 2101432 2688 1056929 603619398 73249 0 0 0 0 0 0 0 0 0 1073741824 4112 268469504 1 8 1 2 0 4 1073741824 132 8388608 33554432 0 8192 536870912 0 0 2147517700 32796 579610128 141987 1049878 69120 1 8519688 64 0 0 0 0 0 0 0 8192 0 0 0 2147517700 42467840
is_linear=0
shrinkage=0.045


Tree=177
num_leaves=23
num_cat=18
split_feature=0 3 0 5 0 1 3 0 0 5 0 5 3 0 0 3 0 0 3 3 5 0
split_gain=2.03569 2.40469 1.91135 1.43703 1.66458 1.26622 5.82862 4.31101 3.64195 2.50826 2.29939 2.07879 1.79469 5.32871 4.32254 8.47537 4.02523 3.00831 2.33139 2.30864 2.8094 2.23734
threshold=0 1 2 5.7186697390068177 3 4 5 6 7 3.5114340430413216 8 4.6774800307930642 9 10 11 12 13 14 15 16 2.4414009612931857 17
decision_type=9 9 9 10 9 9 9 9 9 8 9 8 9 9 9 9 9 9 9 9 8 9
left_child=1 -1 -2 4 -3 6 8 -8 9 -4 11 -9 13 18 15 21 -17 19 -7 20 -15 -14
right_child=2 3 5 -5 -6 12 7 10 -10 -11 -12 -13 14 17 -16 16 -18 -19 -20 -21 -22 -23
leaf_value=17.662086699433782 134.32927560946197 -201.02278560941849 -316.09272157950329 62.095767731818157 -19.822320900872509 -4.9187926144833183 -35.8987931879455 -75.767452146226205 86.203236629520461 4.815172131263334 35.2164472315933 78.225752578768081 241.47693395972772 166.9616459024279 -2.0069243919439215 -22.320476049867793 25.321611980077069 -18.540703332956326 30.523051115351407 -6.0258970425552434 20.718287163308759 30.828854271208545
leaf_weight=279 142 103 40 62 341 387 372 238 704 320 432 141 380 47 9902 1167 543 3311 841 1732 688 803
leaf_count=279 142 103 40 62 341 387 372 238 704 320 432 141 380 47 9902 1167 543 3311 841 1732 688 803
internal_value=-0.000108696 -0.00234316 -2.83758e-05 -0.00416988 -0.00514574 -6.32366e-05 0.000946215 -0.00122385 0.00334572 -0.000362903 0.000628797 -0.00189898 -0.000178292 -0.000756626 0.000138791 0.00166523 -0.000365854 -0.00132902 0.00192339 -0.000136144 0.00195783 0.00457531
internal_weight=22975 785 22190 506 444 22048 2247 1183 1064 360 811 379 19801 7006 12795 2893 1710 5778 1228 2467 735 1183
internal_count=22975 785 22190 506 444 22048 2247 1183 1064 360 811 379 19801 7006 12795 2893 1710 5778 1228 2467 735 1183
cat_boundaries=0 12 14 27 38 40 42 46 57 63 65 79 92 94 107 121 123 125 137
cat_threshold=16777296 33620032 2751463488 0 2148565504 769 256 0 128 21 8388608 8 25722896 77952 131072 0 0 0 0 0 0 0 0 0 0 8288 65536 0 33554432 0 0 32768 1 0 0 0 0 8388608 2147516516 128 1398551600 27016 33816576 69206016 1073745921 132 6356992 1090781184 0 1 0 3072 0 0 0 0 196608 8421376 8781824 0 16 0 1024 387235364 9176 4100 1040 0 8192 16384 0 0 134291456 3072 1088425984 1107300352 286267397 36994 2 1073741824 4128 0 268435456 1090584576 0 0 0 69632 68288610 872415392 2148008960 3810309 2149712274 65575 0 4128 0 0 0 0 0 0 65536 66 0 2147484672 8193 2147483648 8192 0 0 411173184 4 0 1073758208 536907780 1288 150994960 512 2147509032 21 33824800 8320 4128 136 0 32 0 0 0 0 0 0 0 0 0 2147483648
is_linear=0
shrinkage=0.045


Tree=178
num_leaves=23
num_cat=21
split_feature=0 3 0 0 3 3 0 3 0 0 3 3 3 0 0 3 0 0 2 0 3 5
split_gain=2.65615 1.91109 2.12585 1.8248 5.9803 1.685 6.69286 4.75902 4.4612 3.55255 3.48747 3.46283 2.7102 3.8923 2.63981 4.21758 3.02368 2.40701 2.39659 3.34373 3.55456 2.31027
threshold=0 1 2 3 4 5 6 7 8 9 10 11 12 13 14 15 16 17 18 19 20 4.0342014792848504
decision_type=9 9 9 9 9 9 9 9 9 9 9 9 9 9 9 9 9 9 9 9 9 8
left_child=1 -1 -3 4 -2 6 7 -5 10 11 -7 -8 17 -14 15 16 -10 -11 -17 20 -20 -16
right_child=3 2 -4 5 -6 8 9 -9 14 12 -12 -13 13 -15 21 18 -18 -19 19 -21 -22 -23
leaf_value=17.394063377394559 162.85490657421695 -0.94952230101658641 -62.886790014985728 -4.4620832391152359 -2.6188538984226759 -41.463005767500213 64.591986187816104 -40.250113981890827 -36.239847820623069 -36.540018856207354 0.59088453145450326 0.44943984049794378 16.010655668126965 -5.9597485327282449 -6.568852374355119 -26.602441440880302 27.842396257757937 -2.9674807380276977 38.595848333903739 22.417497218817953 327.38336203362252 5.4296336453642109
leaf_weight=143 213 211 204 989 764 963 372 880 434 659 857 427 1461 1378 3636 186 436 1229 319 579 311 6324
leaf_count=143 213 211 204 989 764 963 372 880 434 659 857 427 1461 1378 3636 186 436 1229 319 579 311 6324
internal_value=-0.000124363 -0.00315789 -0.0046897 -4.71488e-05 0.00184277 -0.000134253 -0.000683475 -0.00300239 0.000155261 0.000105634 -0.00191594 0.00285758 -0.000365583 0.000512978 0.000465188 0.00184783 -0.000612245 -0.00168158 0.0033742 0.00410934 0.0063785 0.000148917
internal_weight=22975 558 415 22417 977 21440 7395 1869 14045 5526 1820 799 4727 2839 12225 2265 870 1888 1395 1209 630 9960
internal_count=22975 558 415 22417 977 21440 7395 1869 14045 5526 1820 799 4727 2839 12225 2265 870 1888 1395 1209 630 9960
cat_boundaries=0 13 15 26 39 41 43 56 58 72 86 88 90 92 106 119 121 133 147 148 161 163
cat_threshold=16777280 2148532224 2785017872 0 2147483648 768 256 0 65664 21 545390592 268435464 2097152 4194322 67712 0 0 2684354560 0 0 256 256 0 65536 16 537001984 8585216 131072 0 1 1342243328 0 0 0 528384 1073741824 67108904 8288 77984 135942178 139264 856093222 468040 33587220 44040196 4097 8704 1081600 536870912 0 8192 0 1081344 1073741952 2148572304 68157441 319193604 72 1073741824 1141113920 1073741824 32900 17039368 5 0 402736128 12 131072 33624064 524292 2147516416 20 4194304 262208 1073741824 132 8 4 0 0 4 8523776 33624064 16777220 2147516416 4 2282226008 16948 17207328 393288 50758144 64 3221487624 67122224 0 0 134348800 0 0 81920 536870912 2097160 16777216 2097408 2060 1 49168 35651584 4096 268444240 64 4096 512 8192 0 70287424 128 2147490944 1048577 3237544000 2833 0 2097152 0 8192 0 0 0 0 0 0 128 2147485824 3223584768 67118128 0 0 524288 0 0 0 0 8 150994944 2097408 3088 1 1 0 2097152 4096 8192 0 4096 0 0 0 64 128 2147485824 1048576 201327616 20608
is_linear=0
shrinkage=0.045


Tree=179
num_leaves=23
num_cat=20
split_feature=0 3 0 3 3 0 0 3 0 3 3 0 3 0 3 2 0 3 5 0 1 5
split_gain=2.2775 2.89094 1.70511 4.49382 1.46017 5.99709 5.75641 5.37418 3.46697 5.12213 3.46071 3.3867 3.94272 3.38433 4.92771 2.8986 2.58884 2.57129 2.57749 2.7269 2.35121 2.30496
threshold=0 1 2 3 4 5 6 7 8 9 10 11 12 13 14 15 16 17 6.2519020269174783 18 19 5.9175479584402915
decision_type=9 9 9 9 9 9 9 9 9 9 9 9 9 9 9 9 9 9 8 9 9 10
left_child=1 -1 3 -2 5 10 7 16 9 -9 15 12 -8 14 -7 -4 -6 -15 19 -19 -13 -10
right_child=2 -3 4 -5 6 13 11 8 21 -11 -12 20 -14 17 -16 -17 -18 18 -20 -21 -22 -23
leaf_value=73.20577389875929 95.833672653737224 -22.065809156927823 -120.83730281621916 -10.22920400279887 -14.146392133795343 59.499787378582838 -40.012212494797133 -12.075644618368097 10.786082281881736 319.32158155460945 -13.142434595238447 36.655006050368392 0.6929212474552332 -22.107368678128694 -2.0227897141540052 -9.2812611698734688 19.810409051727948 -12.811034250533703 42.491704557336611 3.2214140683789445 -1.1649764109684475 190.43197800652268
leaf_weight=125 360 758 199 507 930 503 719 117 722 374 1931 487 575 899 560 151 614 1917 462 2941 7057 67
leaf_count=125 360 758 199 507 930 503 719 117 722 374 1931 487 575 899 560 151 614 1917 462 2941 7057 67
internal_value=-0.000112613 -0.00233799 -2.23941e-05 0.0019198 -0.000102769 -0.000514621 0.000235138 0.00199929 0.00414474 0.00711233 -0.00252181 -0.000330508 -0.0024464 0.00011722 0.00244884 -0.0065884 0.000202442 -0.000285267 9.28357e-05 -0.000212963 3.57332e-05 0.0022191
internal_weight=22975 883 22092 867 21225 9563 11662 2824 1280 491 2281 8838 1294 7282 1063 350 1544 6219 5320 4858 7544 789
internal_count=22975 883 22092 867 21225 9563 11662 2824 1280 491 2281 8838 1294 7282 1063 350 1544 6219 5320 4858 7544 789
cat_boundaries=0 12 14 27 29 31 44 57 59 71 72 74 88 90 104 106 107 120 122 135 137
cat_threshold=84 327680 2986344448 0 1343488 800 320 0 65664 2164260949 545390592 268566536 139493376 24576 25362432 131072 0 1 1342242816 4 0 0 530432 1073742336 8 8288 69792 169398834 204800 528930342 501320 2146304 35651616 67112961 0 512 536870976 512 8256 33792 2129920 67108992 2150108801 11534336 2146304 35655712 4096 16 2147484160 536870976 512 0 33792 32 67108992 2148015873 3146241 3763404864 22928 0 35651616 0 0 0 0 0 0 0 0 0 2147486720 532488 67112960 434688 1111490560 1140851728 1073741824 40964 16793600 0 128 402702336 12 20480 69648 16777220 24832 3 1074266240 20916 1077936128 8388624 1073741824 4 16908288 1024 128 402654208 4 8409088 69648 16777220 24834 2 159420452 426056 5 2097152 35655712 0 0 0 0 0 0 1024 0 0 2147486720 512 50593796 64 2181304320 16777216 0 2105472 8388872 33554432 0 0 536870912 4850944 1107296256 16 67110413 100 32
is_linear=0
shrinkage=0.045


Tree=180
num_leaves=23
num_cat=19
split_feature=2 0 0 5 3 0 1 0 3 1 0 3 3 0 5 5 0 0 3 1 3 0
split_gain=1.89737 4.23894 3.49533 2.8522 2.34112 4.67946 4.19501 2.19004 3.79812 2.60487 1.87577 3.25033 2.79249 2.21433 1.86344 3.88778 3.42036 3.24295 3.09388 3.0332 2.02335 8.12671
threshold=0 1 2 3.0201273556387074 3 4 5 6 7 8 9 10 11 12 2.1383330595080281 2.8029010331479989 13 14 15 16 17 18
decision_type=9 9 9 10 9 9 9 9 9 9 9 9 9 9 8 8 9 9 9 9 9 9
left_child=2 -2 3 -1 5 -4 10 8 9 -3 11 -6 13 -12 17 19 18 -9 -17 -16 21 -18
right_child=1 7 4 -5 6 -7 -8 14 -10 -11 12 -13 -14 -15 15 16 20 -19 -20 -21 -22 -23
leaf_value=11.884504299080527 341.72574514470227 69.017813819590074 8.4707819832224782 -97.422705713286632 -9.4589376073476163 -35.553022614056133 47.561964318020593 166.96949567385784 -35.132259401284387 -19.644883855981369 37.828779667551203 54.855869169768411 -29.269420758714293 -11.885627316840873 8.9878568698662633 0.56250307420181345 -28.608479145915606 3.5025459319317087 55.832387122191356 -86.300146641012716 2.1264217365442892 5.3329226371580081
leaf_weight=132 110 219 1105 392 443 1589 540 110 506 144 229 383 618 296 106 772 1926 463 879 434 8932 2647
leaf_count=132 110 219 1105 392 443 1589 540 110 506 144 229 383 618 296 106 772 1926 463 879 434 8932 2647
internal_value=-0.000110654 0.000125145 -0.000819394 -0.00428172 -0.000461649 -0.00138027 0.000526577 6.55977e-05 -0.00211975 0.00138 -0.000442958 0.00118138 -0.00161688 0.000796089 0.000183803 9.17314e-05 0.000225623 0.0027 0.00215123 -0.00365314 -1.1652e-05 -0.000780262
internal_weight=22975 17248 5727 524 5203 2694 2509 17138 869 363 1969 826 1143 525 16269 15696 15156 573 1651 540 13505 4573
internal_count=22975 17248 5727 524 5203 2694 2509 17138 869 363 1969 826 1143 525 16269 15696 15156 573 1651 540 13505 4573
cat_boundaries=0 1 14 27 29 42 44 57 59 61 74 76 78 91 105 118 120 121 123 137
cat_threshold=3 8388612 0 536870912 0 0 0 0 0 0 0 0 608 524288 6324228 4096 2684354560 0 256 0 0 65536 128 2155892752 16777216 4096 1049600 1124439574 348757 65536 131072 1073741824 1 8388612 0 0 0 0 1073742080 56 2147486212 5 528533 3124 33554433 2149842944 100663424 512 1097728 4704 0 1073742848 0 83886657 545325056 131081 393216 5768224 26756 50212 264 33554432 0 0 0 0 0 0 8192 0 1073741824 160 2415920128 2097 546324552 133256 613957704 139394 0 0 0 0 8388608 0 0 0 0 0 16 256 8 4227088 131136 0 0 1082327296 536870912 0 32768 4104 18688 18874368 9216 11564032 16 0 4096 0 0 0 0 0 0 536903680 0 0 2147483648 524 3758904932 321812 2064 838213994 9930 2097152 109067316 0 2097152 268435456 0 0 0 32768 8912898 469762048 2165344400 67110930 4
is_linear=0
shrinkage=0.045


Tree=181
num_leaves=23
num_cat=17
split_feature=0 3 0 3 5 4 0 0 3 5 3 0 0 3 0 5 3 0 5 0 5 3
split_gain=2.26651 3.33386 1.64226 2.78781 1.80224 1.54511 5.42566 4.73063 4.52581 3.53216 3.47323 5.61423 5.54696 3.2311 2.97875 4.5964 2.79461 3.89196 3.54972 3.01232 2.69662 2.50437
threshold=0 1 2 3 5.0072908000208587 4 5 6 7 5.4271478232179229 8 9 10 11 12 4.8713658868283671 13 14 5.8847132099692177 15 5.9039975907279691 16
decision_type=9 9 9 9 10 1 9 9 9 8 9 9 9 9 9 8 9 9 10 9 8 9
left_child=1 -1 3 4 -2 6 9 8 -7 -4 11 -9 -12 -8 15 -15 19 21 -19 -16 -21 -18
right_child=2 -3 5 -5 -6 7 13 10 -10 -11 12 -13 -14 14 16 -17 17 18 -20 20 -22 -23
leaf_value=47.425604072500427 1.1906819469969923 -47.259753538007573 50.908516511899506 77.969808472472209 -138.62030361129658 -2.6710099062083463 36.787057895145331 -21.760573932826698 -64.313929804059654 372.62812961670545 -8.3681091780138743 0.94017278113601599 8.9885664700342929 -5.8499089126397479 12.881731379009143 -123.24598889872304 30.805650986989058 -4.0632948433757701 206.26589264404774 -26.524146232725215 -146.58542402382048 100.56172960860356
leaf_weight=322 253 455 569 507 68 892 699 2316 743 113 1617 3838 5004 600 641 167 591 1939 118 1179 130 214
leaf_count=322 253 455 569 507 68 892 699 2316 743 113 1617 3838 5004 600 641 167 591 1939 118 1179 130 214
internal_value=-5.38582e-05 -0.00242395 3.03917e-05 0.00198214 -0.00128378 -4.63006e-05 0.000504165 -0.00031224 -0.00258197 0.00427954 -1.93556e-05 -0.000788193 0.000695387 8.58506e-05 -0.000277678 -0.00285944 0.000139925 0.0010334 -1.08748e-05 -0.00116972 -0.00240159 0.00366279
internal_weight=22975 777 22198 828 321 21370 6960 14410 1635 682 12775 6154 6621 6278 5579 767 4812 2862 2057 1950 1309 805
internal_count=22975 777 22198 828 321 21370 6960 14410 1635 682 12775 6154 6621 6278 5579 767 4812 2862 2057 1950 1309 805
cat_boundaries=0 13 15 28 30 31 44 57 59 61 74 88 90 103 105 119 132 134
cat_threshold=84 2149908544 301989888 512 1343488 544 64 0 128 2147485765 8519680 8 2097152 147882032 88192 8585216 131072 0 1 1342373888 0 0 1073741824 528384 1090519056 0 139360 69760 2206203976 21156 2 6553600 8388608 0 0 524288 1088 512 0 0 67665952 0 1052676 8960 6553600 48 2147483649 2147516416 0 7489 768 134217728 67584 557056 1610612736 3674112 8389378 2169665136 279176 1329391270 207940 2147483648 83886080 603979776 8208 134742272 0 0 8192 536904704 1049602 18874528 2147485840 68192280 20481 41951232 0 2097280 16777224 33554432 0 0 536870912 14696448 33558544 16778497 2147491876 7 1210319012 10240 2181038080 33557504 0 0 16384 536870912 0 268443648 12 147712 436207616 33280 19456 2743309074 284160 32768 4144 0 0 0 0 0 0 536871936 10485768 1073741824 16778496 2156920832 4 0 67117056 1 2097152 142606336 0 0 0 0 5120 83886080 2150105104 32784 541760 164
is_linear=0
shrinkage=0.045


Tree=182
num_leaves=23
num_cat=17
split_feature=0 5 3 5 0 2 3 5 0 3 1 3 0 5 0 3 0 0 0 5 3 0
split_gain=2.30792 2.31954 1.83307 1.77919 1.75683 1.38066 3.06788 1.69508 1.38958 4.90798 2.41771 3.72617 4.27529 2.51622 2.12026 1.48276 7.75387 5.71964 4.22039 4.14204 3.49887 3.40841
threshold=0 6.078787719222313 1 3.7494348669884658 2 3 4 3.0201273556387074 5 6 7 8 9 4.9938224302714262 10 11 12 13 14 5.8536372009884516 15 16
decision_type=9 10 9 10 9 9 9 10 9 9 9 9 9 8 9 9 9 9 9 10 9 9
left_child=1 2 -1 -4 -2 6 -6 -8 9 -7 11 13 -13 -10 -14 16 -12 19 -18 20 -17 -19
right_child=4 -3 3 -5 5 8 7 -9 10 -11 15 12 14 -15 -16 17 18 21 -20 -21 -22 -23
leaf_value=-83.968532405251807 89.586741477633765 278.46722787299103 20.174007474603204 -36.627235109395002 -15.486689112089334 -61.839235992519349 0.58014262899145252 138.4763215372202 117.36300118583036 -0.22343709484121063 -28.236409017814474 -36.583471037026428 -14.743462618718185 11.487882603478992 170.62197665238773 -2.12014653854505 27.821334702836282 5.6392628123089885 -0.49271942511311861 265.15639345906362 36.684939774274859 -10.13904958963907
leaf_weight=106 107 45 111 183 216 425 139 259 253 1655 1990 228 139 116 223 989 495 3993 5570 123 1173 4437
leaf_count=106 107 45 111 183 216 425 139 259 253 1655 1990 228 139 116 223 989 495 3993 5570 123 1173 4437
internal_value=-3.42734e-05 -0.00320022 -0.00436567 -0.00220588 2.99441e-05 1.0029e-06 0.00208466 0.00439024 -5.87737e-05 -0.00116157 5.81278e-05 0.00224768 0 0.00572835 0.00300802 -5.5106e-05 -0.000515991 0.000291554 0.000285091 0.00228232 0.00182994 -0.000250533
internal_weight=22975 445 400 294 22530 22423 614 398 21809 2080 19729 959 590 369 362 18770 8055 10715 6065 2285 2162 8430
internal_count=22975 445 400 294 22530 22423 614 398 21809 2080 19729 959 590 369 362 18770 8055 10715 6065 2285 2162 8430
cat_boundaries=0 13 15 28 29 31 44 46 48 50 54 59 61 73 86 100 102 116
cat_threshold=68 2148597760 33554432 0 33280 512 256 0 136 101 8388608 8 2097152 2282243584 16384 65536 0 0 268435456 0 0 0 0 0 0 0 96 65536 96 138417698 16512 0 52690980 805306497 32768 1064960 4193 0 402653184 2048 2214593026 128 2625536 8520704 2719029380 495874 2147484768 128 39719986 8328 0 1149239296 1073745920 144 0 0 0 5 196608 642166330 77384 1128529920 16384 0 8192 134217736 2048 128 24576 536875008 9995520 704643072 1082257 1138786304 16384 0 8192 524544 2048 0 0 4096 28869888 704643072 33665 1048610 20481 3136 0 0 268435460 16777216 512 1073774592 65536 1073872896 1075838976 268435456 20480 1 12124160 266519 262144 0 0 0 159383560 1280 128 90112 536904708 131080 4096 1049616 2147531412 20
is_linear=0
shrinkage=0.045


Tree=183
num_leaves=23
num_cat=22
split_feature=0 3 2 0 0 3 0 4 1 0 3 3 0 0 3 0 0 3 1 3 0 0
split_gain=2.20379 3.87219 1.77469 3.54306 3.12539 2.5319 2.02363 1.88923 2.92585 2.24539 7.63825 2.48867 7.99262 4.23228 3.7266 2.51833 2.3524 4.05385 3.32623 4.29081 3.11934 2.86468
threshold=0 1 2 3 4 5 6 7 8 9 10 11 12 13 14 15 16 17 18 19 20 21
decision_type=9 9 9 9 9 9 9 1 9 9 9 9 9 9 9 9 9 9 9 9 9 9
left_child=1 -1 4 -4 5 -2 -7 8 -5 10 -9 12 -11 14 -13 -14 17 21 -18 -20 -21 -15
right_child=2 -3 3 7 -6 6 -8 9 -10 11 -12 13 15 16 -16 -17 18 -19 19 20 -22 -23
leaf_value=81.771860379117712 -149.50003887669135 -23.827999607900129 145.64223676704631 -184.5305203186681 -2.506886724055712 14.65930829650817 -110.2327942854304 92.545946040559897 7.6344429236237552 -39.725951490731205 0.053681545253530201 -37.378595519384291 31.060694913866499 6.5152870821204489 0.019557263383649114 -1.9674202883290672 116.51266187764325 13.462478132965279 -1.6797883326820373 77.525857676257687 14.486603074286958 -35.165582165625054
leaf_weight=103 112 643 159 104 5102 136 218 514 145 1382 1539 634 898 486 1314 2542 457 2262 1804 382 1102 937
leaf_count=103 112 643 159 104 5102 136 218 514 145 1382 1539 634 898 486 1314 2542 457 2262 1804 382 1102 937
internal_value=-4.79828e-05 -0.00243404 3.33843e-05 0.000265849 -0.00066129 -0.00414226 -0.00209016 0.000198922 -0.0036753 0.000258843 0.00164528 5.69941e-05 -0.000772652 0.000484026 -0.00137755 0.000391078 0.000973529 0.000164322 0.0017667 0.00125455 0.0030381 -0.00170906
internal_weight=22975 746 22229 16661 5568 466 354 16502 249 16253 2053 14200 4822 9378 1948 3440 7430 3685 3745 3288 1484 1423
internal_count=22975 746 22229 16661 5568 466 354 16502 249 16253 2053 14200 4822 9378 1948 3440 7430 3685 3745 3288 1484 1423
cat_boundaries=0 12 14 15 28 41 43 55 56 58 71 73 75 88 102 104 117 131 133 134 136 150 163
cat_threshold=50331716 1073807360 2248147024 512 1049088 2560 0 1073741824 128 69 8585216 524296 9469952 144 3 8388608 0 536870912 0 0 0 0 0 0 0 0 576 1573888 6389760 4096 536870912 0 256 0 0 65536 0 2155888640 16777216 4096 1049600 2315813888 131072 65536 4096 0 0 256 0 0 0 0 0 0 4096 1 0 2564 2396176 135168 0 2147483648 1073938688 0 0 0 528392 16802048 1090519040 12704 8397184 135795046 459104 211040614 238826 0 42207296 0 2097152 268468232 536870976 512 134217728 33792 8421378 1006632960 2150630417 67108866 1 69206032 4224 32769 16793600 4352 256 268468288 536870916 7869440 2097152 16941060 2147745792 16 2148009472 4608 0 69206016 0 1 0 0 0 32768 4 3150848 33554432 16812036 2147483656 16392 16786468 1 8192 134742016 16778245 128 90112 3072 2048 33554432 2147485697 133644 4 1394835456 23056 540772 575161488 260 0 0 0 0 0 536870912 0 134217728 32768 32768 268435456 1048592 67125248 2 0 16777216 0 8192 134742016 0 0 73728 3072 0 33554432 0 2048
is_linear=0
shrinkage=0.045


Tree=184
num_leaves=23
num_cat=19
split_feature=0 3 0 3 3 2 5 3 0 0 3 0 1 3 0 5 5 3 0 0 3 0
split_gain=2.6611 2.39287 1.79101 4.84229 1.7041 1.39506 1.26718 1.2325 7.46612 2.57796 2.41555 2.35846 1.98195 3.76984 2.90021 2.01467 1.90231 2.46994 2.57897 1.7626 1.60575 1.77476
threshold=0 1 2 3 4 5 5.772996334337213 6 7 8 9 10 11 12 13 3.7494348669884658 2.9700856263602158 14 15 16 17 18
decision_type=9 9 9 9 9 9 8 9 9 9 9 9 9 9 9 8 10 9 9 9 9 9
left_child=1 6 3 -2 -5 -6 -1 8 16 10 -9 -10 13 15 -15 -11 -4 -18 -19 -17 -13 -22
right_child=2 -3 7 4 5 -7 -8 9 11 12 -12 20 -14 14 -16 19 17 18 -20 -21 21 -23
leaf_value=19.575831791600429 230.07632550897532 -39.330624776561613 -21.585163534140445 -49.093475930732822 1.2000841796708481 505.41158834063373 -69.456950429627653 -53.75571216181217 -68.313485368820551 97.233067743475402 -0.016455572072663925 -1.5491846578993136 0.55011032643576985 3.0311654943050232 154.01856403988407 -65.692817101253752 56.537008495300576 -5.8945936248273938 20.302765319797327 0.28634005644846183 1.3468335673132241 -31.507317971799637
leaf_weight=198 110 364 199 225 417 103 38 696 555 60 823 1035 15084 250 355 121 372 492 421 163 209 685
leaf_count=198 110 364 199 225 417 103 38 696 555 60 823 1035 15084 250 355 121 372 492 421 163 209 685
internal_value=-8.71524e-05 -0.00301471 -7.03533e-06 0.00199827 0.000624174 0.00203008 0.000544355 -8.77763e-05 -0.000802764 7.42997e-05 -0.00169007 -0.00230769 0.000242599 0.00222425 0.00433955 -0.00151685 0.00171457 0.00236014 0.00104595 -0.00314685 -0.00154173 -0.00293046
internal_weight=22975 600 22375 855 745 520 236 21520 3968 17552 1519 2484 16033 949 605 344 1484 1285 913 284 1929 894
internal_count=22975 600 22375 855 745 520 236 21520 3968 17552 1519 2484 16033 949 605 344 1484 1285 913 284 1929 894
cat_boundaries=0 13 15 28 30 32 33 35 48 61 63 76 77 79 82 84 97 103 105 118
cat_threshold=68 3222274048 2248147024 516 2147484160 16777728 0 0 65664 101 8519680 8 1024 4194354 88728 8519689 131072 536870912 0 1073807360 0 64 1024 528392 1090519312 2097192 8288 69760 135282690 139264 2168980488 16388 7 100930054 173128 1107558400 75512852 1073741824 129 8388608 0 0 65536 0 14815232 33624064 34820 32828 0 75497552 1342177280 32897 268713984 0 128 1476476928 4 2147614720 1644232832 268435456 278528 135282896 82100 2129920 33554464 0 0 1081344 536871936 0 0 33792 557056 67108864 1574016 67110912 2147778656 3221766208 86560 0 50593792 1 67108864 41992 0 67111936 0 0 8388608 0 0 0 0 4198400 4096 2052 24 0 2097152 4097 0 0 536870912 518 163904 2147483648 16777216 1 0 134742016 0 0 0 536870912 0 128 2097152 2147483648
is_linear=0
shrinkage=0.045


Tree=185
num_leaves=23
num_cat=17
split_feature=0 3 0 3 3 0 0 5 0 3 1 1 1 3 0 0 5 5 5 3 5 0
split_gain=2.25061 1.98407 1.85977 4.62228 1.64453 4.94536 1.87158 2.14274 1.85799 2.54492 2.32981 2.31452 1.95746 3.71147 3.03536 3.14832 1.91006 1.59143 1.49202 1.48367 1.63122 1.43436
threshold=0 1 2 3 4 5 6 5.4004200416950168 7 8 9 10 11 12 13 14 3.2769667020129059 5.2857353797162627 3.5114340430413216 15 5.8245230014317348 16
decision_type=9 9 9 9 9 9 9 10 9 9 9 9 9 9 9 9 8 8 8 9 8 9
left_child=1 -1 3 -2 5 17 -7 -8 9 11 16 -6 13 -10 -15 18 -11 -4 -16 -19 -21 -5
right_child=2 -3 4 21 8 6 7 -9 12 10 -12 -13 -14 14 15 -17 -18 19 -20 20 -22 -23
leaf_value=-91.017738321341241 95.182375858807646 -3.8588021945923536 13.204599945745358 32.908446348076396 -5.6758437287529153 -75.329824920622414 -17.340047280426369 8.3635572511768981 -25.517491100623957 22.60073266738511 25.058605446527014 -68.444121908121957 0.47565911319245058 3.8770146108083279 -66.016589424195985 247.09760975636087 -32.737717325337471 -49.873807820278358 120.94394321152707 -19.472853724973902 45.538147379476449 -5.7382855143743656
leaf_weight=154 243 400 960 111 612 239 1156 196 290 58 530 341 15815 347 50 198 171 122 193 72 78 639
leaf_count=154 243 400 960 111 612 239 1156 196 290 58 530 341 15815 347 50 198 171 122 193 72 78 639
internal_value=-5.97336e-05 -0.00286219 1.10329e-05 0.00190299 -7.76586e-05 -0.0010873 -0.00273706 -0.00204545 7.61401e-05 -0.00133121 0.00061284 -0.00286788 0.00021961 0.00206422 0.00365625 0.00610927 -0.00308091 0.00104904 0.00238235 -0.0019708 0.00111111 0.00011811
internal_weight=22975 554 22421 993 21428 2823 1591 1352 18605 1712 759 953 16893 1078 788 441 229 1232 243 272 150 750
internal_count=22975 554 22421 993 21428 2823 1591 1352 18605 1712 759 953 16893 1078 788 441 229 1232 243 272 150 750
cat_boundaries=0 13 15 28 30 32 45 57 70 72 74 76 77 79 85 91 93 105
cat_threshold=68 3222339584 100663376 512 2147483648 512 256 1073741824 128 69 8585216 8 1024 17302016 12 16908296 67108864 0 17 1073807872 0 192 268436480 528392 1157628176 2097160 8288 69760 177230370 8200 100929550 173136 3229646848 8402980 0 2097152 8912896 0 0 65536 536870912 4195328 50331648 1606416 2147493932 35651600 0 0 0 33024 536871936 0 0 0 2 0 5248 2147487744 8407056 4096 32896 286539780 50335744 0 65536 4 2147484672 1610612752 269090816 786720 2282766992 334124 533584 2048 1631249 2052 2147516513 2158182464 70402 1 17170432 268435457 0 0 2048 16 33554432 536870912 68 0 1024 33554444 131136 0 0 0 0 1073741824 0 64 0 528384 16777232 0 64
is_linear=0
shrinkage=0.045


Tree=186
num_leaves=23
num_cat=17
split_feature=0 3 5 0 1 2 0 3 3 0 1 0 3 3 5 5 5 3 0 0 3 5
split_gain=2.53596 4.19466 2.62932 1.71029 1.60876 1.52346 3.26196 3.91734 2.88967 4.21806 4.08135 3.36239 3.29548 3.15037 2.70863 2.21816 1.84549 1.99385 7.91846 5.47516 3.33608 2.66982
threshold=0 1 3.7494348669884658 2 3 4 5 6 7 8 9 10 11 12 2.8029010331479989 6.6234007758748676 1.8688348091416842 13 14 15 16 2.9700856263602158
decision_type=9 9 10 9 9 9 9 9 9 9 9 9 9 9 10 8 8 9 9 9 9 8
left_child=1 4 -3 -4 -1 8 7 15 11 13 -11 -2 -12 -10 -15 -7 -8 18 -18 20 21 -19
right_child=5 2 3 -5 -6 6 16 -9 9 10 12 -13 -14 14 -16 -17 17 19 -20 -21 -22 -23
leaf_value=-9.6253425708514264 -8.3275296377321499 -1.0031075457106999 -14.33096418767207 -85.459650524858532 76.939734452274536 -37.367292142515652 27.338557792748741 54.351224523593096 -13.594889454597187 -112.9883854089237 -50.579331858559414 38.77887738335135 -1.1954602375721151 -43.591796553434683 27.653413120070109 254.33495107444818 10.338126575235218 -54.14023875777999 -27.318248772752138 -1.7406580845223287 3.0557842717703898 56.050594189846848
leaf_weight=115 387 173 128 200 211 302 470 570 628 360 891 587 1696 134 888 45 1863 78 2140 8529 1555 1025
leaf_count=115 387 173 128 200 211 302 470 570 628 360 891 587 1696 134 888 45 1863 78 2140 8529 1555 1025
internal_value=-6.56091e-05 -0.00249404 -0.00504386 -0.0075 0.0014645 2.63989e-05 0.000242781 0.00283369 -0.000616604 -0.00108863 -0.00210629 0.00159736 -0.00146306 0.000731047 0.00226306 -0.000940111 8.90123e-05 2.96209e-06 -0.00085741 0.000311412 0.00208989 0.00397534
internal_weight=22975 827 501 328 326 22148 16577 917 5571 4597 2947 974 2587 1650 1022 347 15660 15190 4003 11187 2658 1103
internal_count=22975 827 501 328 326 22148 16577 917 5571 4597 2947 974 2587 1650 1022 347 15660 15190 4003 11187 2658 1103
cat_boundaries=0 13 15 28 30 31 44 46 48 61 63 76 78 80 82 96 110 112
cat_threshold=16452 3257991168 2248147152 2147483652 1048576 512 256 0 128 69 8585216 8 1024 147914800 92304 0 0 0 4 1048576 0 0 0 0 64 196608 0 1024 81 129 3 46170136 0 536870912 0 1073938688 0 0 17408 4104 8448 2097152 6752 1581056 2713748272 81936 881879272 41986 1082261504 131076 1073741824 1 4 0 0 0 134217728 1073742096 40 2415952388 34837 1048596 528 1082130432 0 1073741824 0 0 33554432 0 0 0 0 128 2147484288 21 2198077462 266304 2201088 131741 886317100 173258 262144 269312 1 8192 142606336 1024 0 65536 536871940 7476232 33554432 2106372 2147490312 1 2097152 67240004 0 2097664 2147483656 570425344 128 134225920 0 92291074 419430400 1049744 77611024 2 2315293250 334608
is_linear=0
shrinkage=0.045


Tree=187
num_leaves=23
num_cat=18
split_feature=0 3 0 5 5 3 5 0 0 3 3 0 3 1 1 3 0 5 3 0 3 0
split_gain=2.54567 3.98332 1.61589 2.74885 1.59795 2.67854 1.59384 11.2513 6.11078 4.85867 3.66845 3.25608 3.72158 3.05656 3.01121 2.34279 2.33036 3.89648 3.62685 2.87 2.52072 5.69961
threshold=0 1 2 4.6200466650627661 1.2424533248940004 3 3.5408542930527882 4 5 6 7 8 9 10 11 12 13 6.3707564150300433 14 15 16 17
decision_type=9 9 9 10 8 9 8 9 9 9 9 9 9 9 9 9 9 10 9 9 9 9
left_child=1 -1 3 -2 5 -4 7 9 -9 -6 -10 12 14 15 -8 -12 17 18 19 -13 21 -18
right_child=2 -3 4 -5 6 -7 11 8 10 -11 13 16 -14 -15 -16 -17 20 -19 -20 -21 -22 -23
leaf_value=45.656517372668873 265.00746728517748 -21.783790309532122 176.79459765759574 -181.34569574163137 -0.96665981367208587 2.1669568045897538 65.197374718849062 -99.209318226785001 -55.590416114001968 65.886022049112213 66.367716482137766 -56.937554606364316 -23.59636730793385 -16.194991659812093 -24.125249854366157 1.5351154603546455 -24.626636398701958 360.75358837316543 50.930421385136086 12.130846795686248 3.372670493039386 2.8918598146272414
leaf_weight=220 69 763 138 50 456 395 284 451 996 557 227 461 1166 954 203 388 1616 74 666 482 9740 2619
leaf_count=220 69 763 138 50 456 395 284 451 996 557 227 461 1166 954 203 388 1616 74 666 482 9740 2619
internal_value=-0.00010282 -0.00232915 -2.04508e-06 0.00498092 -3.18711e-05 0.0023972 -9.27748e-05 -0.00089866 -0.00227378 0.00318293 -0.0014057 9.48709e-05 -0.0017973 -4.26945e-05 0.00148798 0.00240431 0.000295788 0.00187168 0.00141061 -0.000400524 0.000104561 -0.000810572
internal_weight=22975 983 21992 119 21873 533 21340 4029 3016 1013 2565 17311 1653 1569 487 615 15658 1683 1609 943 13975 4235
internal_count=22975 983 21992 119 21873 533 21340 4029 3016 1013 2565 17311 1653 1569 487 615 15658 1683 1609 943 13975 4235
cat_boundaries=0 14 16 29 31 44 57 59 61 74 76 78 80 82 96 98 112 114 127
cat_threshold=33570900 1108410368 2181038224 2147483652 1048580 512 256 0 128 8261 8585216 8 1024 2 13631488 17032 131072 0 0 0 1073741824 0 0 0 4096 0 0 96 65536 134348818 16576 2151677952 11316 1073741824 1 8 0 0 1342251008 4 2097424 958402704 2164260881 2048 1075871744 84017152 0 0 0 1024 0 0 536903680 540672 67108864 2097284 9441792 1263567456 86580 1241651208 376364 2147483648 2100240 1073741824 32832 268484680 4097 0 1342178368 4 512 822083728 285212673 2178 50194 14336 1074008420 66564 268452912 512 2164294208 147600 2457600 67256320 268439552 2097681 65536 1024 128 134217728 65536 1048576 67108864 2109440 11538720 20 2848948756 266276 2392064 0 0 1 0 0 0 0 0 0 0 2105344 4096 4 856040738 353745 0 8228 536870913 0 768 33554688 0 24576 1024 8524810 134221824 2148535696 2147500032
is_linear=0
shrinkage=0.045


Tree=188
num_leaves=23
num_cat=18
split_feature=0 3 0 0 4 5 5 0 5 2 3 0 3 1 3 0 3 0 0 5 0 0
split_gain=2.29736 3.23142 2.3851 1.97712 1.98917 1.8879 2.65569 1.67241 1.46653 1.40022 2.84947 3.9259 3.83752 3.32948 3.27094 2.05337 3.91363 2.78571 1.98447 1.94288 1.81303 1.6828
threshold=0 1 2 3 4 3.7256208424938388 5.7186697390068177 5 3.0677824455408698 6 7 8 9 10 11 12 13 14 15 5.8245230014317348 16 17
decision_type=9 9 9 9 1 8 10 9 10 9 9 9 9 9 9 9 9 9 9 10 9 9
left_child=1 3 -3 4 -1 8 -7 -2 -4 10 18 12 -12 -13 21 16 17 19 -9 -11 -18 -15
right_child=7 2 5 -5 -6 6 -8 9 -10 15 11 13 -14 14 -16 -17 20 -19 -20 -21 -22 -23
leaf_value=16.535076615075411 42.140998606894975 5.5971720293199905 -104.58923635155899 49.496765685506467 -116.60258357791207 -122.22903695933201 27.745843579923257 -8.1045609762215456 74.342585850042127 -95.36292112317615 -31.161207962639018 -135.88096635062016 15.116409309723949 -3.0222209732838925 -33.078069168059358 0.047965816466676185 0.90580075549938555 38.125695543882266 30.101054500863246 236.01853231413486 102.80114692555496 18.245241076480216
leaf_weight=54 115 156 42 284 51 269 60 321 62 402 367 283 988 660 1552 14899 220 250 771 63 554 552
leaf_count=54 115 156 42 284 51 269 60 321 62 402 367 283 988 660 1552 14899 220 250 771 63 554 552
internal_value=-0.000106737 -0.00222727 -0.00430532 0.000953865 -0.00403846 -0.00601685 -0.00781722 -1.12454e-05 -0.000849057 -4.11072e-05 -0.000662005 -0.00117241 0.000839429 -0.00206685 -0.00157241 0.000167378 0.00175383 -0.000649931 0.00138587 -0.00268868 0.00395038 0.000183824
internal_weight=22975 978 589 389 105 433 329 21997 104 21882 5494 4402 1355 3047 2764 16388 1489 715 1092 465 774 1212
internal_count=22975 978 589 389 105 433 329 21997 104 21882 5494 4402 1355 3047 2764 16388 1489 715 1092 465 774 1212
cat_boundaries=0 13 15 26 37 38 51 52 54 67 69 71 73 86 88 101 114 127 140
cat_threshold=33570880 36765696 2181038224 4 268468228 544 256 0 128 8261 8585216 8 2098176 21598256 84096 33554432 65536 0 0 4 0 0 0 0 64 65536 33570816 65536 0 4 4 0 0 0 0 64 8388608 4 0 0 0 0 0 0 128 16384 0 0 0 96 65536 3 1419274344 40994 1082195968 4 1073741824 1 0 0 0 0 134217728 1073742096 4136 2415919108 34837 71168 16532 20 528 2684425728 83612 14979092 0 603979776 0 1073807624 0 0 0 528384 256 16777216 15104 9969792 2177172016 51548 2134036 0 0 0 65536 0 0 0 4096 0 16777216 12544 128 3229614080 0 1073741824 0 0 33554432 0 0 0 0 128 2415951872 20 262144 0 0 0 264 0 0 0 0 256 0 2048 8396800 0 0 0 0 8519680 0 0 0 0 0 128 34304 2147483688
is_linear=0
shrinkage=0.045


Tree=189
num_leaves=23
num_cat=18
split_feature=0 3 0 5 4 0 3 2 5 5 0 3 3 0 0 5 0 0 0 3 3 3
split_gain=2.20049 2.37538 1.72347 1.55357 1.34786 5.32438 5.26884 2.47727 2.19484 1.73697 1.72387 8.88564 2.28836 6.19139 4.43254 2.85611 4.47024 3.50908 2.83392 3.67916 2.52046 2.32485
threshold=0 1 2 4.8789996228937618 3 4 5 6 5.625819309938989 4.1190041246092024 7 8 9 10 11 5.0906732680195743 12 13 14 15 16 17
decision_type=9 9 9 8 1 9 9 9 8 10 9 9 9 9 9 8 9 9 9 9 9 9
left_child=1 -1 3 -2 5 -4 -7 -8 9 -9 11 -6 13 20 -14 17 -17 -15 19 -16 -12 -19
right_child=2 -3 4 -5 10 6 7 8 -10 -11 12 -13 14 15 18 16 -18 21 -20 -21 -22 -23
leaf_value=3.4258081627754837 113.4004723906689 -27.517676853714672 25.563946243604867 -11.197147583117166 106.10725418246118 -156.53504290152813 -65.411063424896994 4.5185112909416052 -45.180139632127684 92.295771264277533 -59.751003704985997 -9.0336642105334608 -15.297162753230113 5.7902326618691404 0.76658717681915733 -4.8958862497101654 54.992016509036567 3.740455294578787 1.4513700037997113 45.659199236251297 -16.381237962918604 -31.018626739067166
leaf_weight=252 64 542 334 47 505 125 219 131 75 76 458 1060 1259 1346 998 553 782 780 9569 1009 1397 1394
leaf_count=252 64 542 334 47 505 125 219 131 75 76 458 1060 1259 1346 998 553 782 780 9569 1009 1397 1394
internal_value=-9.10693e-05 -0.00240074 -7.09683e-06 0.00530488 -3.66815e-05 -0.00168399 -0.00409091 -0.00188596 0.000918367 0.00333732 3.83668e-05 0.00146956 -7.70824e-05 -0.000749777 0.000274967 9.70824e-05 0.00186799 -0.000574957 0.000551433 0.00208395 -0.0029526 -0.00168801
internal_weight=22975 794 22181 111 22070 960 626 501 282 207 21110 1565 19545 6710 12835 4855 1335 3520 11576 2007 1855 2174
internal_count=22975 794 22181 111 22070 960 626 501 282 207 21110 1565 19545 6710 12835 4855 1335 3520 11576 2007 1855 2174
cat_boundaries=0 14 16 29 30 43 45 46 59 61 63 76 90 104 118 132 134 136 138
cat_threshold=147520 34668544 2248146960 0 294920 512 192 0 128 8261 8454144 8 2098176 2 2168455232 96432 0 0 0 0 1073741824 0 0 0 0 0 0 268435552 65536 1 3254779904 0 0 0 131072 0 0 0 0 0 16777360 2147484672 1 20972064 16392 17 10747908 67108864 1610612736 69 65536 32 0 268436480 524288 3221356544 1140850696 10368 8925568 3759674978 106538 3121002050 238601 1111527440 16777248 4097 0 1048832 536870976 512 0 33792 1081608 0 2150142720 514 3221225480 262228 268435456 41600 285229056 1 0 1208057920 2060 18890752 2097152 16777216 16416 1 0 12288 0 0 142606336 0 0 0 0 8392706 16908416 1028 2147516416 4 2147483648 144468 0 8320 277348356 0 0 32768 0 2101250 50331696 16777236 32816 5 50434065 2097152 4096 268435472 2148532480 536870976 768 0 1024 1083656 32 1792 1179648 16 67701016 6436 537047040 41984 671514624 41984
is_linear=0
shrinkage=0.045


Tree=190
num_leaves=23
num_cat=20
split_feature=0 3 0 3 0 0 0 3 5 0 3 0 0 3 0 0 3 0 0 3 5 0
split_gain=2.2439 2.9618 1.64033 1.29634 7.24106 5.88885 4.23328 3.38755 2.96845 2.76389 4.54145 2.88755 2.68918 2.62024 8.16517 5.3647 5.73399 3.95795 3.87222 2.73089 2.50857 2.3715
threshold=0 1 2 3 4 5 6 7 6.078787719222313 8 9 10 11 12 13 14 15 16 17 18 3.1132683346437333 19
decision_type=9 9 9 9 9 9 9 9 8 9 9 9 9 9 9 9 9 9 9 9 8 9
left_child=1 -1 -2 4 -4 7 8 -5 -6 10 11 -7 -12 14 -11 16 17 -15 -18 20 -17 -9
right_child=2 -3 3 5 6 9 -8 21 -10 13 12 -13 -14 15 -16 19 18 -19 -20 -21 -22 -23
leaf_value=26.083015011784518 112.83823276727118 -41.289252338981349 26.283237972297464 0.8266520853333168 -45.923732358512275 -2.5740640494685429 -2.6242855325854908 -112.99966579064933 33.075606009129913 -25.940709340697904 -4.7926443760018262 -39.17288474652112 24.57244385346894 412.13465265549826 23.168494028995518 -67.485393784831487 -3.4755384890191636 58.728278292186531 51.490188112544708 1.5083109498020713 60.388912658325495 -35.430234721316552
leaf_weight=243 135 545 1077 430 1097 858 5980 214 153 1304 954 787 739 124 1666 64 573 216 709 4090 383 634
leaf_count=243 135 545 1077 430 1097 858 5980 214 153 1304 954 787 739 124 1666 64 573 216 709 4090 383 634
internal_value=-7.736e-05 -0.00241875 7.09491e-06 -2.44743e-05 -0.000467905 0.000243694 -0.000981773 -0.00265116 -0.00335182 0.000542712 -0.000564179 -0.00224049 0.00106891 0.000947653 -0.000150905 0.00147667 0.00369033 0.00882102 0.00226043 0.000677621 0.00397059 -0.0042907
internal_weight=22975 788 22187 22052 8307 13745 7230 1278 1250 12467 3338 1645 1693 9129 2970 6159 1622 340 1282 4537 447 848
internal_count=22975 788 22187 22052 8307 13745 7230 1278 1250 12467 3338 1645 1693 9129 2970 6159 1622 340 1282 4537 447 848
cat_boundaries=0 13 15 28 30 44 58 71 73 86 88 101 114 116 130 144 146 158 171 173 187
cat_threshold=16924736 34930688 2248146960 2147483648 1310720 16777760 0 0 128 10245 8454144 268435464 1049600 12615698 12416 536870912 0 0 0 1073741824 0 0 0 0 0 0 96 69632 2388952838 468609 8388624 20 1073741824 2105985 524288 536875012 512 402718720 65536 16400 1358954496 16809984 17056 2 8392728 1082130432 1073741824 41600 524288 536875009 512 134283264 2048 16777232 1075838984 16777216 8407424 2 2151710720 69337088 0 20 285245448 0 0 41984 4100 1073878082 67109024 3672192 2 17432640 22544 1074003968 16806932 4096 2097216 576 0 384 0 99328 10502144 822083584 4096 67109385 1368543344 16466 262144 16777216 0 0 0 0 0 0 99328 8404992 822083584 0 520 262144 16794624 4096 0 64 0 0 0 32768 8388608 822083584 0 520 589832 22536 2181038080 2097184 0 5 276824320 1024 0 0 536870916 4354 67112976 2149099796 2147491872 4 4259845 69337184 0 0 285212672 0 0 1073774592 4 1073877314 4112 2149097476 8226 4 2064 66 0 0 0 0 0 0 0 0 0 4096 0 2147483648 1 69206016 0 0 0 0 0 0 0 4096 0 2147483648 2 1342181504 32784 8392720 0 0 8192 0 0 512 134217728 0 16 1073741824 0 8405120 2
is_linear=0
shrinkage=0.045


Tree=191
num_leaves=23
num_cat=21
split_feature=0 3 5 2 0 3 0 0 0 3 3 3 0 0 3 0 0 3 3 0 0 3
split_gain=2.23804 2.09941 1.9834 1.62516 5.46165 6.22085 3.6029 3.30834 2.76125 4.42631 2.33172 2.02509 7.28408 4.27218 3.59089 2.71038 2.55376 5.12588 2.50235 5.32186 5.0089 2.40679
threshold=0 1 6.0626210638078133 2 3 4 5 6 7 8 9 10 11 12 13 14 15 16 17 18 19 20
decision_type=9 9 10 9 9 9 9 9 9 9 9 9 9 9 9 9 9 9 9 9 9 9
left_child=1 -1 -3 4 -2 7 10 -6 9 -5 -7 12 -10 14 -13 -14 17 -15 20 -20 -18 -19
right_child=3 2 -4 8 5 6 -8 -9 11 -11 -12 13 15 16 -16 -17 18 21 19 -21 -22 -23
leaf_value=2.8224552616478285 130.44147790744441 -26.138623912729816 147.58492445386108 -45.509885527546317 -36.513190819809935 -51.571607866906703 50.990578113296287 -0.81389587324214518 -25.656921779121475 6.5957144644065915 5.8838987753414402 53.053288972153055 20.975224497068918 28.238831580199328 6.0170973044699707 -1.4998447048974413 -20.042868734745095 -67.3989971029538 -16.798658625760726 28.553706177777038 9.107496953227546 -13.807201642069884
leaf_weight=258 533 607 43 910 704 230 1215 1481 1856 682 503 401 897 342 1219 3644 1811 350 538 2154 1574 1023
leaf_count=258 533 607 43 910 704 230 1215 1481 1856 682 503 401 897 342 1219 3644 1811 350 538 2154 1574 1023
internal_value=-7.54015e-05 -0.00225 -0.00360272 1.5286e-05 0.00075994 0.000200844 0.00204337 -0.00144401 -0.000184776 -0.00196384 -0.00045302 -4.26648e-06 -0.000621392 0.000415429 0.00250919 0.000350868 -2.30651e-05 -0.00155038 0.000410166 0.00143121 -0.000404033 -0.00277798
internal_weight=22975 908 650 22067 4666 4133 1948 2185 17401 1592 733 15809 6397 9412 1620 4541 7792 1715 6077 2692 3385 1373
internal_count=22975 908 650 22067 4666 4133 1948 2185 17401 1592 733 15809 6397 9412 1620 4541 7792 1715 6077 2692 3385 1373
cat_boundaries=0 14 16 17 30 32 45 58 72 74 75 77 91 104 106 120 134 136 138 151 164 166
cat_threshold=147520 1376320 2248146960 2147483648 18120704 544 64 1073741824 128 8261 8454144 8 2098176 2 2294415456 14480 240 2097152 67108864 1 512 65792 536870976 0 8192 0 524288 1124073472 1049664 2147525124 3328120616 291148 32768 6160 0 0 0 0 0 0 99332 2 268435456 18907408 2064 0 9252 0 0 524288 0 0 65536 0 5120 402653184 532736 131072 4456448 1124204548 268435456 640 0 6208 256 0 6148 2149190690 1073741824 3671040 0 16 575165206 406156 679526528 438607962 511635 1117782016 67113984 1 4 264 1024 0 90112 0 8388608 570556544 38928 45098 4 1115750404 5120 0 32772 131848 1024 128 81920 0 1149240064 838991872 4112 528416 2152731012 8200 2147483648 10493952 0 1 524288 570425348 0 1024 33792 2101264 287313952 285212676 8388608 1 2147487745 10485760 0 8256 2148024384 553648133 512 134217728 33792 16 18878496 2415919232 8388992 1 2147487492 64 2689601284 4196 24 8192 4097 2097152 4 33554432 0 0 0 4096 134217728 16779777 67125248 2129920 0 536870912 17 402653188 256 0 8192 536870912 6307848 16 4 2147494430 1153503232 8448
is_linear=0
shrinkage=0.045


Tree=192
num_leaves=23
num_cat=21
split_feature=0 3 0 0 2 0 3 0 0 0 3 3 5 3 0 0 0 3 0 1 3 0
split_gain=1.95548 3.08377 1.62907 1.34203 1.18453 4.80509 2.35129 2.83472 2.64074 2.24865 2.83758 1.80541 1.79486 1.6782 8.87441 5.59846 3.27047 4.38389 2.98418 2.77578 2.61096 2.59696
threshold=0 1 2 3 4 5 6 7 8 9 10 11 5.5816130673839615 12 13 14 15 16 17 18 19 20
decision_type=9 9 9 9 9 9 9 9 9 9 9 9 10 9 9 9 9 9 9 9 9 9
left_child=1 -1 -2 -3 9 -6 7 -7 11 10 -4 -8 -9 14 -11 20 17 18 -17 -16 -15 -19
right_child=2 3 4 -5 5 6 8 12 -10 13 -12 -13 -14 15 19 16 -18 21 -20 -21 -22 -23
leaf_value=-39.450614835174633 49.473763323867601 23.86063542558626 198.77111770358192 -13.371498326970395 -86.510341821640864 7.3551749465660397 8.7201811920901662 -15.599986329174097 -1.3331997576819776 -28.459464866356758 6.2050702923798049 70.085657484900594 -95.207115810907297 1.3448897135875812 18.718216230130036 -17.419443782904416 2.320530485513518 28.155101694866023 66.583030885021827 -0.7809209600373469 -57.658433582089984 121.8854378023841
leaf_weight=431 101 216 104 199 403 975 453 1782 1618 2012 828 390 184 391 1416 416 5417 419 325 3636 680 579
leaf_count=431 101 216 104 199 403 975 453 1782 1618 2012 828 390 184 391 1416 416 5417 419 325 3636 680 579
internal_value=-9.49863e-05 -0.0022028 -1.32108e-05 0.000579625 -4.08348e-05 -0.0005918 -0.00023273 -0.00108957 0.000791549 0.000156606 0.00228814 0.00281579 -0.00207027 2.49951e-05 -0.000483324 0.000461524 0.000916574 0.00260851 -2.98805e-05 0.000524289 -0.0025554 0.00454455
internal_weight=22975 846 22129 415 22028 5805 5402 2941 2461 16223 932 843 1966 15291 7064 8227 7156 1739 741 5052 1071 998
internal_count=22975 846 22129 415 22028 5805 5402 2941 2461 16223 932 843 1966 15291 7064 8227 7156 1739 741 5052 1071 998
cat_boundaries=0 14 16 29 43 44 57 59 72 85 98 99 101 103 117 130 143 145 157 159 161 174
cat_threshold=147520 1376256 2248146944 2147483648 1310728 16780064 0 0 128 2147493957 8388608 655368 2 2 2281702930 94732 0 64 0 0 1073741824 0 0 1024 0 0 0 64 65536 0 327680 0 0 1048584 256 0 0 0 64 0 524288 0 2 116 2129924 9220 536870912 0 0 0 0 65536 0 8409088 16777216 1054720 1049600 776312342 347733 42008576 131104 1073741824 1 8388612 33554432 0 0 536870912 1073741824 24 2415919108 32772 1073741824 4128 0 5 0 0 0 8192 0 0 4128 1280 57 46170140 0 536870912 0 196608 0 0 16384 524288 16384 0 16781952 9987200 134747138 1196072 131240 398618222 173736 2097153 35655712 1 512 268468480 536875008 0 8192 37888 655360 606076928 2147486737 2214592772 16 4096 16777232 128 2129941 16777792 64 512 1342275584 2052 3145760 65536 2105636 4096 2097153 35655680 0 512 2415952128 536870912 256 0 36864 67764224 0 2148535296 69206276 1745391872 280592 0 2101248 0 0 256 536870912 0 0 0 0 0 2148533248 1745883493 1154 537460736 22544 2097152 33554432 0 0 268468224 0 0 0 32768 655360 0 1048576 67108868
is_linear=0
shrinkage=0.045


Tree=193
num_leaves=23
num_cat=20
split_feature=0 3 5 0 3 0 3 0 0 0 3 0 3 5 0 3 1 3 0 3 4 0
split_gain=2.28443 2.41175 1.9494 1.45273 3.78379 1.6363 1.40773 7.78165 4.50856 4.30921 3.30719 3.08875 2.49226 2.4887 2.7528 2.47567 1.94817 2.96307 1.9387 1.81534 2.04511 2.38543
threshold=0 1 1.0000000180025095e-35 2 3 4 5 6 7 8 9 10 11 5.2704288588135384 12 13 14 15 16 17 18 19
decision_type=9 9 10 9 9 9 9 9 9 9 9 9 9 8 9 9 9 9 9 9 1 9
left_child=1 -1 -3 4 5 -2 7 15 -9 10 -8 12 18 14 -12 -5 17 -13 -11 20 21 -14
right_child=3 2 -4 6 -6 -7 9 8 -10 11 13 16 19 -15 -16 -17 -18 -19 -20 -21 -22 -23
leaf_value=3.5714697325142333 78.690043913464763 -151.05529724606075 -20.020571491742228 -4.9681721628644846 42.76091797026838 -66.528175492838926 38.434073238318234 22.215652330363646 -2.5391042103578365 -7.3549365756167022 32.293536831583658 89.724283106918335 285.39736236433151 87.967484521423387 -42.892800184911934 -51.513874676029701 0.32120278824861087 0.038613844947612962 -65.530655484806914 11.509016765062807 -19.896838400940215 -11.779489810230151
leaf_weight=338 121 37 393 508 401 221 682 1142 5318 278 226 240 100 261 470 699 9818 369 328 260 484 281
leaf_count=338 121 37 393 508 401 221 682 1142 5318 278 226 240 100 261 470 699 9818 369 328 260 484 281
internal_value=-8.71524e-05 -0.00248077 -0.00468326 -3.03794e-06 0.00193709 -0.00152542 -7.12423e-05 -0.000559643 6.25773e-05 0.000200413 0.00235766 -9.24404e-05 -0.00184596 0.000626935 -0.000773639 -0.00385767 0.00020045 0.00264493 -0.00415049 -0.000573879 -0.00156499 0.000881201
internal_weight=22975 768 430 22207 743 342 21464 7667 6460 13797 1639 12158 1731 957 696 1207 10427 609 606 1125 865 381
internal_count=22975 768 430 22207 743 342 21464 7667 6460 13797 1639 12158 1731 957 696 1207 10427 609 606 1125 865 381
cat_boundaries=0 13 15 28 30 43 45 58 72 86 88 102 104 117 119 121 123 137 139 140 154
cat_threshold=16449 1310784 2248146960 512 2147517000 2816 256 0 128 8197 8388608 8 2098176 2303230000 84112 8519688 0 0 0 1073807360 0 64 1342177280 526336 1073741856 0 139332 69792 2164786192 22668 8388616 0 0 0 65536 0 0 1073741824 2048 0 0 64 4096 3194252836 206337 37781504 102891520 4096 16 403701760 4096 128 41984 36864 6292480 160 2627713 16386 2363408 1024 1610612736 2105473 17301760 1024 0 134283264 65536 1179648 16846864 268468224 10240 7 54558724 35784704 4096 0 134217728 16777284 640 40960 36864 2130944 160 6145 1065216 16 1082363970 311448 2097168 1082131456 1610612736 270573696 524288 1025 0 134283264 65536 2048 16842768 268468224 524288 7 1100091472 32818 0 35651584 4096 0 0 0 512 8192 36864 32768 0 2049 16384 470035492 8704 2147532836 160 17829906 18440 0 8388608 0 0 0 1024 0 65536 0 0 16777232 32768 0 6 557066 6276 2 2097152 8388608 0 2097152 0 1024 0 0 0 0 0 0 0 2
is_linear=0
shrinkage=0.045


Tree=194
num_leaves=23
num_cat=20
split_feature=0 3 0 5 3 5 0 3 3 0 0 0 3 3 0 0 3 0 1 3 1 0
split_gain=2.35105 1.69927 1.4581 1.32249 2.15429 1.34531 7.33984 6.31939 4.46366 4.51459 3.86458 3.28395 5.16092 2.99332 5.77994 4.36582 3.60169 3.25585 2.96223 2.94864 2.513 2.46854
threshold=0 1 2 1.4978661367769956 3 3.8176519431297078 4 5 6 7 8 9 10 11 12 13 14 15 16 17 18 19
decision_type=9 9 9 8 9 8 9 9 9 9 9 9 9 9 9 9 9 9 9 9 9 9
left_child=1 -1 -2 4 -4 6 7 -5 9 19 -10 12 -7 14 -13 16 20 -16 -12 -8 -15 -17
right_child=2 -3 3 5 -6 11 8 -9 10 -11 18 13 -14 15 17 21 -18 -19 -20 -21 -22 -23
leaf_value=1.9362773803626987 73.752431751389736 -18.583608301116183 78.986633437171903 -97.368153053305534 -3.2124093327079026 63.847515908984931 -17.718750208663877 -12.615406090645083 -4.7798266404169043 2.010445775519802 -18.932577198530016 -14.632747684854875 -1.2194697973086477 20.440340590600226 36.808526757428695 85.868855150548043 -52.694998589341409 6.5982397427217068 36.105748657832955 -92.241596761944677 -30.783607251391441 -2.6135988591271233
leaf_weight=346 115 545 247 422 347 777 712 775 899 1354 155 1451 1004 302 1011 249 760 3675 1132 403 225 6069
leaf_count=346 115 545 247 422 347 777 712 775 899 1354 155 1451 1004 302 1011 249 760 3675 1132 403 225 6069
internal_value=-0.00011653 -0.00236711 -2.44388e-05 -5.22042e-05 0.00203859 -0.000110516 -0.000691835 -0.00381514 0.000120527 -0.00118803 0.00159691 0.000108696 0.00191997 -0.000127599 0.000611075 -0.00072371 -0.00310046 0.00137931 0.00316975 -0.00329414 -0.00020872 -0.000234597
internal_weight=22975 891 22084 21969 594 21375 5852 1197 4655 2469 2186 15523 1781 13742 6137 7605 1287 4686 1287 1115 527 6318
internal_count=22975 891 22084 21969 594 21375 5852 1197 4655 2469 2186 15523 1781 13742 6137 7605 1287 4686 1287 1115 527 6318
cat_boundaries=0 13 15 28 30 43 45 47 61 74 88 90 92 106 120 122 135 137 139 141 154
cat_threshold=16449 1376320 2248147008 512 2147516416 768 128 1073741824 65664 10309 8454144 268435464 2098176 2285895730 80016 0 0 0 0 1073741824 0 0 1024 0 0 0 64 69632 134873122 86212 1075937280 16793600 1 0 1048832 1024 0 134217728 536872960 77104128 1140850688 2130068 9445894 542408722 473128 802296844 317061 262144 5140 536870912 128 134742016 536870912 0 0 1024 2101530 167772160 1792 2147516424 5 2160066560 67119104 0 2097152 134217732 0 0 8192 4 6291464 687870080 2049 2214625337 98320 2147500032 0 16 65544 1024 0 134217728 2048 76579840 1275072512 2101764 9445666 16 2173288556 148116 1819474064 372776 2181042176 25165828 0 2105473 142606336 536875073 512 0 32772 4210690 16 17825825 16528 3 2156134400 69217312 1610616832 4 269500416 0 0 268435456 5124 131072 270532744 532608 2052 4 8454250 2070 8650760 69208080 4096 4 1048580 4 0 16384 0 1075974144 16777344 8336 2147485700 537397377 8 563085316 315524 268435512 1024 2101248 0 0 2097153 512 16779328 0 0 32768 0 0 32 16512
is_linear=0
shrinkage=0.045


Tree=195
num_leaves=23
num_cat=22
split_feature=0 3 2 0 3 0 0 3 1 0 3 3 0 0 3 1 0 3 0 0 0 3
split_gain=2.31009 2.85046 1.46432 5.18044 4.27716 4.65413 3.39178 2.8113 3.39944 2.80464 4.57453 2.31305 6.09607 5.41116 6.39722 4.70821 4.37498 3.03763 5.18794 3.88594 3.03668 2.77377
threshold=0 1 2 3 4 5 6 7 8 9 10 11 12 13 14 15 16 17 18 19 20 21
decision_type=9 9 9 9 9 9 9 9 9 9 9 9 9 9 9 9 9 9 9 9 9 9
left_child=1 -1 9 -4 6 7 -5 8 -6 10 -2 12 -11 14 16 21 -13 18 -17 -19 -16 -15
right_child=2 -3 3 4 5 -7 -8 -9 -10 11 -12 13 -14 15 20 17 -18 19 -20 -21 -22 -23
leaf_value=1.7376160139996499 5.3010210392774386 -22.541323189992251 147.83539138461012 109.71829966717749 65.500837380604636 6.6796502504569064 2.167034574293575 -33.669375497168112 -28.800865114091248 12.853092618482259 -52.344832646562935 61.869186731894551 -12.509734059604652 -4.0672395664175385 -3.0034378464381004 21.893024764088331 -8.5947061005527203 43.83012645924849 -7.8834568634460807 1.0955279554154003 -52.770382976919208 118.43636401115694
leaf_weight=353 603 334 359 377 235 2019 498 1056 235 2079 933 387 4612 118 393 1405 525 1125 3133 1208 702 286
leaf_count=353 603 334 359 377 235 2019 498 1056 235 2079 933 387 4612 118 393 1405 525 1125 3133 1208 702 286
internal_value=-0.000124363 -0.00267167 -4.43946e-05 0.000652786 0.000223375 -0.000474417 0.0030186 -0.0023407 0.000560166 -0.000235004 -0.00206395 -5.77104e-05 -0.000694838 0.000401872 -0.00166048 0.000972622 0.00112013 0.000689743 9.89011e-06 0.00200533 -0.00396341 0.005625
internal_weight=22975 687 22288 4779 4420 3545 875 1526 470 17509 1536 15973 6691 9282 2007 7275 912 6871 4538 2333 1095 404
internal_count=22975 687 22288 4779 4420 3545 875 1526 470 17509 1536 15973 6691 9282 2007 7275 912 6871 4538 2333 1095 404
cat_boundaries=0 13 15 16 29 31 45 58 60 62 76 78 80 94 107 109 111 123 125 139 153 166 168
cat_threshold=16449 1310720 2248147008 0 2147516936 16777732 128 16384 65664 10245 8388608 131080 2097152 4751378 71860 7 2097152 67174400 0 512 134283264 536870976 0 0 0 524288 1107296256 1088 2147525120 404826128 231938 33587200 2110512 1 0 9961728 0 0 65536 536871936 2097152 402653184 2629904 133120 1 0 4148 0 0 0 0 0 0 536870912 0 0 2148016400 8 17570 262212 16 2048 4456448 1174601732 1 512 0 6208 320 0 4100 1049634 1073741824 1573888 8389634 16 2299865144 284976 251979794 499217 16781312 25174016 0 2097152 655360 0 512 1073741824 1024 1077940240 320995384 2164261760 67108880 4 8 2172657664 0 2097156 16384 33554433 512 1073742848 0 1074270288 52559920 2164261504 512 2147616716 102 352 384 0 8192 0 0 0 0 0 0 0 4096 0 2164260992 2685929004 16614 35717136 5120 0 8192 269615108 1024 0 402718720 1024 75530496 134217728 2132224 67141760 3 1115717632 0 0 0 402653184 1024 0 8192 536870912 6307848 268439680 268435476 2147493948 2 0 8388608 0 4 0 0 0 0 0 1074266112 35782672 512 512 2156527616 40
is_linear=0
shrinkage=0.045


Tree=196
num_leaves=23
num_cat=19
split_feature=0 3 5 0 0 2 1 3 0 0 3 5 2 0 3 3 1 1 5 0 3 4
split_gain=2.22494 2.97638 2.7299 1.50608 1.41986 1.27909 5.66633 4.50292 4.16005 3.97626 3.40917 2.3949 1.79931 3.46946 4.3301 2.94673 2.67954 2.40928 1.77202 2.54064 1.65087 1.62542
threshold=0 1 5.7853612818482238 2 3 4 5 6 7 8 9 5.2600927804663344 10 11 12 13 14 15 3.1132683346437333 16 17 18
decision_type=9 9 10 9 9 9 9 9 9 9 9 8 9 9 9 9 9 9 10 9 9 1
left_child=1 -1 4 -2 -3 6 -5 8 -8 10 18 -9 13 15 -15 16 -11 -16 -7 -20 -18 -14
right_child=3 2 -4 5 -6 9 7 11 -10 12 -12 -13 21 14 17 -17 20 -19 19 -21 -22 -23
leaf_value=18.667905261316498 32.633824875240336 -185.40098275546856 142.57591139826604 121.10859911746444 -23.403410361434471 -39.223198384516358 -3.9013498652473206 -9.7099099383017897 -97.63189437187728 -0.84570461492387039 48.064791503257219 30.420255188910957 -47.983211897143775 -79.973307656922842 -79.898448681486599 -11.823369447294226 4.0202736597767945 13.433062842748331 -20.786602198390028 91.472153980421638 118.36736129145268 0.52334714773482116
leaf_weight=204 102 109 68 171 463 119 354 515 437 392 649 223 247 475 220 1258 134 349 128 212 239 15907
leaf_count=204 102 109 68 171 463 119 354 515 437 392 649 223 247 475 220 1258 134 349 128 212 239 15907
internal_value=-0.000114571 -0.00236565 -0.00386503 -2.74353e-05 -0.00493902 -5.41037e-05 -0.0012354 -0.00211713 -0.00445517 4.53518e-05 0.00265179 0.00042 -0.000106458 -0.00110344 -0.00319602 -1.10565e-05 0.00217181 -0.000503442 -0.000334395 0.00131579 0.00485065 8.35086e-05
internal_weight=22975 844 640 22131 572 22029 1700 1529 791 20329 1108 738 19221 3067 1044 2023 765 569 459 340 373 16154
internal_count=22975 844 640 22131 572 22029 1700 1529 791 20329 1108 738 19221 3067 1044 2023 765 569 459 340 373 16154
cat_boundaries=0 13 15 28 39 40 42 44 57 70 72 73 86 88 90 92 94 106 108 109
cat_threshold=8405057 65536 2248147152 0 2148827200 16779808 64 49152 128 2053 1082130432 268435464 2097152 29397056 10384 4096 0 0 0 1073741824 0 0 0 0 32 0 64 65536 16384 0 128 0 32768 2048 0 0 0 0 8388608 1 5248 522 38110236 154241 1073741824 0 0 0 256 0 0 0 0 1073741824 135184 32768 17 2181038080 0 536870912 65 65540 0 0 0 2048 1073741840 4280 2688 1048609 566870118 72224 2 0 131076 1073741824 4 8388608 33554432 0 8192 0 4096 0 2147517700 32796 168330768 135282 2156144144 146082 4160 2048 21 68096 2181038080 0 0 0 4 0 0 0 0 0 4224 2048 8389120 135168 1
is_linear=0
shrinkage=0.045


Tree=197
num_leaves=23
num_cat=19
split_feature=0 3 5 0 5 3 3 0 0 0 3 0 3 3 0 0 1 3 3 5 3 0
split_gain=1.7206 3.71455 2.22645 1.54532 1.30727 2.04523 1.31596 7.52475 7.25921 4.7365 3.67467 3.46494 3.06689 2.97288 2.22546 2.08145 3.38391 2.90942 2.24262 2.04458 1.98916 3.51499
threshold=0 1 4.135134555718313 2 1.2424533248940004 3 4 5 6 7 8 9 10 11 12 13 14 15 16 6.703185102203908 17 18
decision_type=9 9 10 9 8 9 9 9 9 9 9 9 9 9 9 9 9 9 9 8 9 9
left_child=1 2 -1 -2 5 -5 8 12 13 10 -10 -9 14 -6 -8 17 18 19 -17 -13 -18 -22
right_child=3 -3 -4 4 6 -7 7 11 9 -11 -12 15 -14 -15 -16 16 20 -19 -20 -21 21 -23
leaf_value=57.812069263420433 82.706974713391389 -25.510941004562135 -6.2571168920480886 104.86755183097532 71.83908119211614 1.2439671723620813 -28.920576162151917 23.727814519575059 -0.99304571093809502 -3.5651065153955823 -103.75183537016488 -26.298584400714244 -5.2234574638083178 9.1097153633179904 -101.46058653241506 0.43779337140818825 -1.5392026539580366 1.9302409544248438 251.8950715833281 68.306781094258326 35.176769066359704 -2.6783850986929973
leaf_weight=134 107 644 96 107 385 418 236 1038 362 7530 359 917 434 604 263 114 4490 1351 159 41 1729 1457
leaf_count=134 107 644 96 107 385 418 236 1038 362 7530 359 917 434 604 263 114 4490 1351 159 41 1729 1457
internal_value=-8.71524e-05 -0.0020316 0.00278926 -9.15751e-06 -3.68081e-05 0.00217742 -9.11695e-05 0.000215056 -0.000496109 -0.000933983 -0.0043895 0.00053723 -0.00364286 0.00312438 -0.00603229 0.00028481 0.00063026 -0.000901551 0.00544737 -0.00278351 0.000450702 0.00130863
internal_weight=22975 874 230 22101 21994 525 21469 12229 9240 8251 721 11296 933 989 499 10258 7949 2309 273 958 7676 3186
internal_count=22975 874 230 22101 21994 525 21469 12229 9240 8251 721 11296 933 989 499 10258 7949 2309 273 958 7676 3186
cat_boundaries=0 14 16 29 31 33 46 59 73 75 89 91 93 105 118 120 122 124 126 139
cat_threshold=65600 65600 2516582416 128 2148794944 16777760 0 32768 128 2164260885 1082130432 655368 2097152 2 26640450 204944 131072 0 0 0 1073741824 0 0 0 0 0 0 64 69632 134348800 20672 465020486 198353 37752832 1082392576 0 40960 16793600 536875009 0 268435456 34816 1064960 69648 286261285 16768 37748744 25427968 0 8705 16793600 536870916 0 134217728 34820 7880704 4112 286261285 16512 8650752 100663296 536870912 4 268468232 64 0 0 1024 0 603979776 2099328 1049088 4 16819712 131216 8404993 100665344 0 68 268533768 64 0 1073758208 0 1140850720 67108992 2048 1574916 4 1610631184 37132 196083714 576 37748736 8388608 0 0 0 536870913 0 0 2048 0 16 17825796 2164260884 18890768 1 512 134217728 33554436 896 134217728 536936460 6853120 18874368 0 2155872258 16480 128 2152202656 14624 0 20492 1145049136 288780 1076101128 8196 0 0 524288 0 0 8192 0 8389632 167772160 2147526528 67109433
is_linear=0
shrinkage=0.045


Tree=198
num_leaves=23
num_cat=18
split_feature=0 0 5 3 5 1 3 0 0 3 4 5 0 3 5 3 0 0 3 0 0 0
split_gain=2.14313 1.4538 1.37613 1.33749 1.95224 1.12914 5.21589 2.72486 1.91984 1.74228 1.53978 2.36465 1.40555 1.29794 1.24392 1.23017 8.43023 4.18979 9.38329 4.43326 3.78647 3.61301
threshold=0 1 4.816232960488728 2 3.9607678160667752 3 4 5 6 7 8 3.8176519431297078 9 10 4.6774800307930642 11 12 13 14 15 16 17
decision_type=9 9 10 9 8 9 9 9 9 9 1 10 9 9 8 9 9 9 9 9 9 9
left_child=3 2 -2 -1 -5 6 12 10 9 -9 11 -8 -3 -12 -10 16 -7 18 19 -17 -18 -20
right_child=1 5 -4 4 -6 15 7 8 14 -11 13 -13 -14 -15 -16 17 20 -19 21 -21 -22 -23
leaf_value=30.859514799342794 120.53798535169065 -64.566007186886196 -54.6632862187098 0.28151700315567724 -33.150808571064331 18.697844773202306 -124.12788435031682 -21.087110320761859 190.08108770786544 28.471766277663519 -76.692881365933545 154.43973995725955 -7.0991400325575524 2.1001462642948718 55.060937502070011 0.015030045287930989 -21.132435345368975 -1.0909752240854869 -26.669003509682515 158.35100591947818 -1.5589284587992733 33.480136176241338
leaf_weight=107 71 109 35 163 313 1241 39 101 163 230 106 108 345 344 123 225 2389 11532 876 613 3274 468
leaf_count=107 71 109 35 163 313 1241 39 101 163 230 106 108 345 344 123 225 2389 11532 876 613 3274 468
internal_value=-9.49863e-05 -2.41028e-05 0.00495763 -0.0027605 -0.00378074 -5.0453e-05 0.00107143 0.00260604 0.00468601 0.00216472 0.000406404 0.00437919 -0.00299356 -0.000896018 0.00739933 -0.000141784 -0.000631145 0.00010491 0.00190747 0.00561176 -0.00136784 -0.000431416
internal_weight=22975 22392 106 583 476 22286 1668 1214 617 331 597 147 454 450 286 20618 6904 13714 2182 838 5663 1344
internal_count=22975 22392 106 583 476 22286 1668 1214 617 331 597 147 454 450 286 20618 6904 13714 2182 838 5663 1344
cat_boundaries=0 13 26 28 30 32 43 54 56 57 60 62 64 78 92 94 107 120 132
cat_threshold=65 327680 2248151056 16 268435520 16777984 0 16384 128 21 8388608 8 2097152 0 0 0 0 1073741832 0 0 0 0 0 0 96 65536 4227088 16 2684387424 128 2174767172 233986 0 1166147584 536870912 4 0 7168 0 0 0 0 131072 0 33554432 1 641 0 0 0 0 589824 0 65536 4227072 164 2 0 44040192 1 134742016 18560 524592678 142352 8458240 1024 0 2105344 524288 536870912 512 1208026112 2052 1078087680 1140854784 285212672 18049 3 2168455176 32 0 0 2147582208 1 64 0 5120 2098498 32 2147493892 4134 16 2149583000 65639 2147483656 0 0 0 0 0 0 0 5120 2098176 0 8192 4100 2187591688 4144 0 0 135299332 0 0 8192 536871936 1282 16777248 2149592704 67108870 20971520 32 0 0 33024 0 0 0 0 258 0 2147485696
is_linear=0
shrinkage=0.045


Tree=199
num_leaves=23
num_cat=19
split_feature=0 3 0 0 2 3 5 0 3 3 5 1 0 0 0 5 3 3 0 0 3 3
split_gain=2.82834 2.33595 1.33812 1.09042 1.05877 2.37399 2.50368 1.64153 4.72307 2.96004 1.56519 1.54637 1.99874 2.91726 3.10275 1.74565 1.64177 1.46051 9.0972 4.76181 4.98316 3.88885
threshold=0 1 2 3 4 5 4.8940944640863338 6 7 8 5.8678824850335358 9 10 11 12 3.5114340430413216 13 14 15 16 17 18
decision_type=9 9 9 9 9 9 8 9 9 9 10 9 9 9 9 8 9 9 9 9 9 9
left_child=1 -1 -2 -3 5 -4 -7 8 -6 -10 -8 12 16 15 -15 -14 -9 18 21 20 -19 -13
right_child=2 3 4 -5 7 6 10 11 9 -11 -12 17 13 14 -16 -17 -18 19 -20 -21 -22 -23
leaf_value=4.7622077933400577 164.83635152404162 -1.2132897399638749 -6.298663353292504 -53.199970323939773 -64.293533412896352 164.12716551623291 -2.7667342662583541 13.394642843091933 38.011460002587988 -6.037822958615215 256.72799531472037 119.54526890283442 -132.98679574095286 -2.6989224236627707 435.62641467492386 26.479646877688428 -16.073642113489477 -26.407731745071032 -13.568304635435124 3.732244729102931 5.7854809850377205 4.7608874534441199
leaf_weight=244 118 103 314 270 274 179 209 207 239 1123 43 435 73 104 185 273 276 1906 4751 9232 1339 1078
leaf_count=244 118 103 314 270 274 179 209 207 239 1123 43 435 73 104 185 273 276 1906 4751 9232 1339 1078
internal_value=-0.000136114 -0.00311208 -5.23022e-05 -0.00531818 -7.88693e-05 0.0015753 0.00370767 -0.000137048 -0.00150182 -0.000393013 0.000885827 -2.37784e-05 0.00159292 0.00323416 0.00650332 0.000377095 -0.000590909 -0.000121181 -0.000681166 0.000160341 -0.00131947 0.0023459
internal_weight=22975 617 22358 373 22240 745 431 21495 1636 1362 252 19859 1118 635 289 346 483 18741 6264 12477 3245 1513
internal_count=22975 617 22358 373 22240 745 431 21495 1636 1362 252 19859 1118 635 289 346 483 18741 6264 12477 3245 1513
cat_boundaries=0 13 15 28 38 39 41 54 56 58 60 71 77 88 90 92 106 119 121 123
cat_threshold=65 1310720 2248151120 20 2147483656 768 64 16384 128 85 8388608 8 2 4243472 4248 0 0 0 0 1073807360 0 0 0 0 0 0 64 69632 0 262144 67108864 0 2147483648 256 0 0 128 16 96 675287586 23176 33554432 2149646340 268435585 128 269484096 16777252 0 268468224 4104 2164261378 536870912 272105473 8519680 2684370948 463360 1075250178 18448 2147516512 128 0 117440512 1073741824 0 0 4096 0 0 0 0 131072 0 8519680 0 1 0 1024 0 0 536870912 512 0 0 0 0 0 0 65536 20971538 18604 389328402 9008 102424 11344 0 0 4 570425344 512 8256 2048 4329472 1358958608 2147485696 16896 4 69648 11344 0 0 16388 570425345 0 8192 67584 4329504 1392508952 2164263952 16384 1757958240 150664 3088 256
is_linear=0
shrinkage=0.045


Tree=200
num_leaves=23
num_cat=21
split_feature=0 3 0 1 3 0 0 5 4 3 0 0 3 3 0 0 3 0 0 2 0 3
split_gain=2.91072 2.30198 1.3182 0.944092 4.46657 4.79431 3.86838 2.06543 1.7136 1.33766 4.94425 3.9542 2.96865 2.70115 2.43074 2.33299 5.11017 2.27913 2.26691 2.23596 2.48827 2.90692
threshold=0 1 2 3 4 5 6 5.5274410133216039 7 8 9 10 11 12 13 14 15 16 17 18 19 20
decision_type=9 9 9 9 9 9 9 10 1 9 9 9 9 9 9 9 9 9 9 9 9 9
left_child=1 -1 -2 4 6 -6 7 -4 -7 11 12 13 18 17 -12 16 -13 -5 -11 20 21 -15
right_child=2 -3 3 9 5 8 -8 -9 -10 10 14 15 -14 19 -16 -17 -18 -19 -20 -21 -22 -23
leaf_value=17.684407998786227 157.4187157054599 -16.106517906665466 -11.294601412463452 -170.85937733470465 -35.94176895720571 415.7120973261425 103.78300320657905 145.77428060744327 3.0671472206873842 -34.777045860676701 -15.958178002890381 156.57762798712881 44.676174331898906 -34.711575073004511 0.45091237841295878 -1.0141484982713882 -14.405488835505274 -52.91612605757858 14.139962983398199 21.012639026013474 -61.431715748770308 23.380917956995127
leaf_weight=208 118 491 387 109 565 116 641 76 330 241 1400 252 1147 347 5682 8500 278 253 268 398 624 544
leaf_count=208 118 491 387 109 565 116 641 76 330 241 1400 252 1147 347 5682 8500 278 253 268 398 624 544
internal_value=-0.000108696 -0.00294304 -1.81712e-05 -4.46549e-05 0.000856841 -0.00129765 0.00282258 -0.000331579 0.00216157 -0.000140239 0.000277714 -0.000463241 0.00248201 -0.00213489 -0.000241049 -3.98142e-05 0.00282288 -0.00565508 -0.000388676 -0.00143766 -0.00222495 -0.000672757
internal_weight=22975 699 22276 22158 2115 1011 1104 463 446 20043 8738 11305 1656 2275 7082 9030 530 362 509 1913 1515 891
internal_count=22975 699 22276 22158 2115 1011 1104 463 446 20043 8738 11305 1656 2275 7082 9030 530 362 509 1913 1515 891
cat_boundaries=0 13 15 28 30 32 36 47 48 50 63 76 78 80 94 107 109 121 134 135 148 150
cat_threshold=33554497 1075052544 2248151120 4112 2147483720 16780032 64 0 128 21 8388608 8 2 5275664 2224 0 0 0 0 1073807360 0 0 0 0 0 0 64 69632 2147516516 128 1667015730 26792 8683520 127926272 1073741825 128 6356992 83886080 536870912 1 0 5120 0 0 0 0 131072 2 257205814 222136 3221225480 81952 0 0 402685952 64 0 8192 4 76727298 536871072 268444160 70909956 3221225472 65568 0 0 419463168 65 0 25600 4100 76546114 671088672 271066240 70254592 8390656 38915 105906176 73728 4112 3088 0 8192 1048576 536870912 0 268468224 68608 1080038144 1157627904 17825824 18304 4 16 0 0 8192 0 0 256 268435520 2048 1075838976 1140850696 16777248 17280 173048866 16512 0 0 0 0 402653184 0 0 0 0 2 134217728 128 1073741824 32 0 0 134217728 0 0 0 0 8421376 0 512 4 85 1073741824 0 0 0 402653184 0 0 0 4 9437184 134217728 270540800 67108864 8752 560
is_linear=0
shrinkage=0.045


Tree=201
num_leaves=23
num_cat=20
split_feature=0 3 0 5 0 4 0 3 0 3 5 1 0 1 3 1 3 0 0 3 0 3
split_gain=3.38351 3.36689 1.73264 1.40544 1.22115 1.1795 6.40111 4.29395 1.90914 3.89889 2.40636 2.18519 2.77899 3.51364 2.10401 1.88985 1.84792 9.73472 6.25954 4.49074 4.21646 3.62118
threshold=0 1 2 5.4659459730803723 3 4 5 6 7 8 4.7833076179467886 9 10 11 12 13 14 15 16 17 18 19
decision_type=9 9 9 10 9 1 9 9 9 9 8 9 9 9 9 9 9 9 9 9 9 9
left_child=1 3 -2 -1 -3 6 -4 -8 9 -7 14 12 -10 -14 -11 -9 18 19 21 -18 -19 -13
right_child=2 4 5 -5 -6 8 7 15 11 10 -12 16 13 -15 -16 -17 17 20 -20 -21 -22 -23
leaf_value=53.849372960616307 15.258296434398325 -6.7056043585146288 24.170238657196332 -34.634011205733515 -32.269762276872335 -43.253801697804519 -138.19873901073765 -1.1110091064540757 -0.67365021862038699 -46.724148032688241 19.121109189182789 43.268825863216186 19.238319387839436 607.60613042009038 0.65496108290506527 -88.777098119707873 4.4947778177260806 -17.67778576867471 -7.0040284394231271 94.868024528765801 2.3383581487205811 -0.48429487908237207
leaf_weight=183 111 238 325 41 288 389 113 336 480 255 458 1160 339 124 392 213 536 1664 7762 716 5575 1277
leaf_count=183 111 238 325 41 288 389 113 336 480 255 458 1160 339 124 392 213 536 1664 7762 716 5575 1277
internal_value=-0.000122405 -0.00307087 -2.12484e-05 0.00152542 -0.00501859 -5.08452e-05 -0.00156977 -0.0040727 2.02329e-05 -0.0015239 -0.000141003 0.000138585 0.00223822 0.00468947 -0.00190678 -0.0022861 3.12801e-05 0.000521287 -0.0003768 0.00416535 -0.000114812 0.0016078
internal_weight=22975 750 22225 224 526 22114 987 662 21127 1494 1105 19633 943 463 647 549 18690 8491 10199 1252 7239 2437
internal_count=22975 750 22225 224 526 22114 987 662 21127 1494 1105 19633 943 463 647 549 18690 8491 10199 1252 7239 2437
cat_boundaries=0 13 15 28 41 42 55 57 70 72 74 85 86 88 90 92 106 120 122 136 138
cat_threshold=65 3224633344 2248151104 4240 2147483656 16784128 64 0 128 21 8454144 8 2 4489232 10384 0 0 0 0 0 0 0 17408 0 0 32 64 65536 1 262144 2214592512 4096 2147483656 2304 0 0 128 0 8454144 0 2 1 3221225472 0 0 0 131072 0 0 0 0 8 16781312 2415919104 1 2168455200 16384 3225550856 33636436 268435585 33280 64 32 0 32768 8 18874432 0 271187968 1179648 2822902368 402176 2147516512 128 0 92274688 16 4 0 0 0 0 134217728 0 131072 32832 26230806 20480 21 1056 386395166 232620 2424832 0 0 0 1091633412 1 256 402653184 0 8552448 536870928 4129 8394516 3 25198608 10272 0 0 402784256 33554496 640 1073741888 34816 1074283264 67108872 2164269696 8192 4 2162163840 12562 50331664 10272 0 2097152 402784256 33554496 128 1073741824 34816 527616 0 2164260864 8192 4 302008340 131108
is_linear=0
shrinkage=0.045


Tree=202
num_leaves=23
num_cat=18
split_feature=0 3 1 3 0 0 0 5 0 5 5 3 0 0 3 3 0 5 0 3 0 0
split_gain=3.03888 5.755 1.4732 2.24675 2.34233 2.14408 1.98492 1.85126 1.31685 1.30908 1.6701 1.07986 6.62589 5.12962 4.32826 4.2779 3.80564 3.84434 3.52496 2.89475 2.75735 2.60304
threshold=0 1 2 3 4 5 6 3.5114340430413216 7 4.2268071048866842 5.3205649864913136 8 9 10 11 12 13 6.6234007758748676 14 15 16 17
decision_type=9 9 9 9 9 9 9 8 9 8 10 9 9 9 9 9 9 8 9 9 9 9
left_child=1 -1 3 5 7 -2 9 -5 -4 -6 -11 12 15 14 21 -10 19 -18 -17 -14 -15 -13
right_child=2 -3 8 4 6 -7 -8 -9 11 10 -12 13 16 20 -16 18 17 -19 -20 -21 -22 -23
leaf_value=27.981367160981609 0.11769264114693215 -22.959707639847181 89.988713706828122 -159.2710026181874 13.283443999222781 139.8110755363258 135.96626706554571 -14.190087823113462 74.914723920420073 -33.347845295914446 13.330455238551584 89.909125077249485 -3.30958759310588 4.0252116370522346 47.894866824582422 -6.9281916799274041 -4.6606018813382253 47.397679662491065 36.270544927202678 -47.324920143179753 -5.1425194196573649 -4.533459508554988
leaf_weight=333 134 627 113 59 98 203 190 234 513 120 37 132 698 2723 981 642 5691 523 373 1116 6405 1030
leaf_count=333 134 627 113 59 98 203 190 234 513 120 37 132 698 2723 981 642 5691 523 373 1116 6405 1030
internal_value=-0.000130239 -0.00259259 -2.14509e-05 0.00159384 0.00018 0.00457736 0.00221554 -0.00287705 -0.000105241 -0.000421348 -0.0029717 -0.000132804 -0.000484427 0.000165514 0.00214037 0.00222078 -0.00100187 -0.000469804 0.000503895 -0.00280942 -0.000300328 0.000268313
internal_weight=22975 960 22015 1075 738 337 445 293 20940 255 157 20827 9556 11271 2143 1528 8028 6214 1015 1814 9128 1162
internal_count=22975 960 22015 1075 738 337 445 293 20940 255 157 20827 9556 11271 2143 1528 8028 6214 1015 1814 9128 1162
cat_boundaries=0 12 14 16 18 24 35 39 52 54 68 82 84 86 100 114 116 129 141
cat_threshold=16777297 3258187776 2248151105 4096 64 16784128 64 0 128 21 8454144 8 139558930 67744 2147516512 128 1365536 8856 0 8519680 128 660 0 1024 0 83886080 1610612736 0 0 0 0 0 0 0 131072 0 83886080 0 1 0 0 0 0 0 0 0 0 0 0 32 64 69632 508931638 74144 33570824 11348 0 0 16842752 0 256 1342177344 2048 1073760256 1140850688 2164260896 8405377 20 3233812480 81920 0 0 134217736 64 128 134299648 4100 75531336 536875024 8193 656400 2 3221242248 22535 3124 288 3233808384 65536 0 0 135299080 64 128 134225920 32772 67797066 536875024 2097281 67109890 2 0 11280 0 0 0 0 0 0 0 0 67108864 2147483648 0 4 134317058 128 65540 32 0 0 8438020 4 0 268443648 32768 1074397186 167772288 270535568 68167682 0 16384 0 0 8 0 0 134217728 0 67142656 536870912 1
is_linear=0
shrinkage=0.045


Tree=203
num_leaves=23
num_cat=18
split_feature=0 3 0 5 5 0 5 0 0 3 0 3 5 3 0 3 1 0 0 0 3 1
split_gain=3.07142 3.7334 1.53272 2.10137 1.35256 1.15645 1.05831 5.92006 2.49696 4.19875 3.51641 2.3666 2.2377 2.30776 2.39697 2.21877 2.18689 2.1931 3.05777 3.80699 1.98554 1.81108
threshold=0 1 2 3.3140206880897671 4.135134555718313 3 6.176905692078182 4 5 6 7 8 4.6395599436855051 9 10 11 12 13 14 15 16 17
decision_type=9 9 9 10 10 9 10 9 9 9 9 9 8 9 9 9 9 9 9 9 9 9
left_child=1 -1 3 -2 -5 -3 8 15 9 10 -4 -9 20 -14 -15 -8 17 -10 -19 -20 -11 -13
right_child=2 5 6 4 -6 -7 7 11 16 12 -12 21 13 14 -16 -17 -18 18 19 -21 -22 -23
leaf_value=24.117229651287435 -71.795036921901897 -8.9369041922931505 -21.926520796053953 142.58150050292141 7.454241516179172 -42.580496196087061 10.728687187603864 38.716718966907102 -2.2352378200368546 -91.930108103742214 62.275778872827431 -43.795362009577417 -28.650852589812782 -24.427103474166504 61.067772164130147 201.66501078585171 -0.43703663753731231 0.11239647229551337 0.90104064406063111 414.92178077893385 -18.923089287455404 -6.293018245936473
leaf_weight=262 56 219 223 65 113 308 111 233 350 280 430 106 345 151 363 231 17436 236 133 174 596 554
leaf_count=262 56 219 223 65 113 308 111 233 350 280 430 106 345 151 363 231 17436 236 133 174 596 554
internal_value=-0.000155699 -0.00289326 -5.67619e-05 0.00347561 0.006 -0.00505102 -9.62939e-05 0.0011823 -0.000172668 -0.0015375 0.00152256 -0.000770718 -0.00269176 -0.00107143 0.000855513 0.00610169 6.1338e-06 0.00216298 0.00393243 0.00684169 -0.00430524 -0.00214286
internal_weight=22975 789 22186 234 178 527 21952 1235 20717 2388 653 893 1735 859 514 342 18329 893 543 307 876 660
internal_count=22975 789 22186 234 178 527 21952 1235 20717 2388 653 893 1735 859 514 342 18329 893 543 307 876 660
cat_boundaries=0 13 15 28 39 52 66 68 81 83 85 99 101 102 105 114 118 120 122
cat_threshold=65 3224371264 2248151248 20 72 16784128 0 0 128 5 1082261536 8 2 21069904 67728 65536 0 0 0 66048 0 128 16384 0 32 0 64 69632 1 1073741888 2214592512 4 0 16779520 0 0 0 0 1073872896 1075871744 0 0 0 32768 0 0 0 0 4194304 0 8192 2147484172 1109426176 33751056 268435457 640 294912 32 64 32768 0 2166358080 539033600 2105344 16900 2 1611206858 223336 33554432 65552 1 0 32768 0 0 0 0 0 2097152 0 16896 2307917312 640 2198226432 262660 1073741824 0 0 0 32768 0 0 0 0 0 0 0 4 2 134218288 16384 2147483748 262144 75497472 536870912 0 16777216 1073741824 4160 0 0 0 0 134217728 4194304 262144 0 1 16916 4112 16400 6
is_linear=0
shrinkage=0.045


Tree=204
num_leaves=23
num_cat=17
split_feature=0 3 0 5 5 5 5 1 5 0 1 3 0 0 0 0 3 0 0 3 0 3
split_gain=3.23262 3.79936 1.33522 1.12047 1.92693 1.10403 1.21866 1.12632 1.21357 0.927118 2.30391 2.28975 1.93753 6.66908 1.38865 1.27243 1.16648 6.41529 4.89601 6.78986 3.02779 2.92153
threshold=0 1 2 4.9663289649179552 5.2857353797162627 4.5900436644025815 4.4484992763719129 3 3.5972184255501678 4 5 6 7 8 9 10 11 12 13 14 15 16
decision_type=9 9 9 10 10 10 10 9 8 9 9 9 9 9 9 9 9 9 9 9 9 9
left_child=1 -1 -2 5 -5 6 7 8 -3 11 12 15 -11 -14 -13 -4 17 -12 19 -18 21 -19
right_child=2 3 9 4 -6 -7 -8 -9 -10 10 16 14 13 -15 -16 -17 18 20 -20 -21 -22 -23
leaf_value=64.59907391099317 248.70193277044726 28.603595609654437 -0.24920844216700061 168.53749128174297 -13.277089141488631 -63.49159666083527 8.7272996148634405 -59.007248518340454 -33.748241688492236 -0.97880270111763812 11.298986782919965 25.985814026516852 0.28023597762214192 633.68094030792633 -4.3240939740825706 -54.688706990575739 -3.5898347225802354 -12.871453718897282 -1.6363705834632492 59.343769891066913 -3.2911667086615486 -75.510799654319229
leaf_weight=101 100 58 135 39 116 59 35 229 63 274 1561 359 257 117 789 243 1324 778 10192 1432 3965 749
leaf_count=101 100 58 135 39 116 59 35 229 63 274 1561 359 257 117 789 243 1324 778 10192 1432 3965 749
internal_value=-0.000175284 -0.00316011 -7.9755e-05 -0.00452946 -0.00128981 -0.00575112 -0.00482558 -0.005625 -0.00152256 -0.000104453 -2.50472e-05 -0.00117035 0.00259091 0.00466321 -0.000155172 -0.00415385 -0.000111303 -0.000576433 0.000142361 0.00182081 -0.00129996 -0.00299708
internal_weight=22975 700 22275 599 155 444 385 350 121 22175 20649 1526 648 374 1148 378 20001 7053 12948 2756 5492 1527
internal_count=22975 700 22275 599 155 444 385 350 121 22175 20649 1526 648 374 1148 378 20001 7053 12948 2756 5492 1527
cat_boundaries=0 14 16 29 31 44 45 47 50 54 65 77 79 93 106 108 121 123
cat_threshold=8388673 3222274048 100663504 144 8 6912 64 0 128 69 1082327040 8 0 2 262144 141456 0 0 0 0 65536 0 0 0 0 0 0 64 69632 16641 65537 135168 35848260 2952794113 33284 262208 16777248 0 134250496 8 2149581312 536870912 2097153 131074 96 2315338240 201488 0 75497472 1073741824 0 17039360 0 1 4096 35651584 536875008 4 0 16777216 0 32768 8 2097152 536870912 0 131140 0 512 64 0 0 0 0 0 0 2097152 373562914 339592 1073823760 7184 0 0 0 1092 640 82944 0 1073741840 18874368 268439556 1065096 5 20971528 16416 0 268443648 3221258752 536870912 0 0 69632 84444160 4144 2148697360 2621472 1636524360 53504 4194304 32 0 0 2165342208 536870912 0 64 67584 8946690 4096 2149090432 1024 33819168 2688
is_linear=0
shrinkage=0.045


Tree=205
num_leaves=23
num_cat=17
split_feature=0 3 5 0 0 5 0 3 1 3 0 0 0 3 3 5 5 5 0 3 3 0
split_gain=3.51327 1.59045 1.00639 0.993699 0.946072 0.915802 0.901937 3.91801 1.76677 4.44276 2.2121 1.66541 1.581 2.14468 1.40946 1.5565 1.34256 1.27419 5.80821 7.01699 3.94648 7.93185
threshold=0 1 5.7446031891748186 2 3 4.3107766033702406 4 5 6 7 8 9 10 11 12 5.5664324555418956 4.2121001622835372 3.8176519431297078 13 14 15 16
decision_type=9 9 8 9 9 10 9 9 9 9 9 9 9 9 9 10 10 10 9 9 9 9
left_child=1 2 -1 5 -3 -2 7 11 9 16 -11 -5 13 -9 15 -14 -8 18 19 -10 -20 -22
right_child=3 4 -4 6 -6 -7 8 12 17 10 -12 -13 14 -15 -16 -17 -18 -19 20 -21 21 -23
leaf_value=-12.604813204484525 172.500447252339 -1.4959880729910218 74.905260006765346 -9.0721791167173063 -33.575753182173571 -22.151939254895769 107.5978567391244 -4.6702712757455078 -9.9607200013351385 -38.468574649549623 3.6491245740785234 -90.980899105419766 0.4679981779593072 32.808894479654484 -8.9714567275222716 68.67646076593941 34.796708929041486 0.76158350859292112 -34.757906911548012 50.32248890812749 15.939237121911718 -31.720653773912709
leaf_weight=195 93 103 39 204 304 73 119 214 787 177 281 300 177 256 494 43 223 13015 2018 813 1703 1344
leaf_count=195 93 103 39 204 304 73 119 214 787 177 281 300 177 256 494 43 223 13015 2018 813 1703 1344
internal_value=-0.000157658 -0.00341118 -0.000365854 -6.24273e-05 -0.00510143 0.00328652 -8.92696e-05 -0.00108529 -6.58794e-06 0.00205049 -0.000861702 -0.00436047 0.000338629 0.00233402 -0.000991736 0.00193966 0.00584746 -9.14077e-05 -0.000597345 0.00175868 -0.00134282 -0.00031628
internal_weight=22975 641 234 22334 407 166 22168 1688 20480 800 458 504 1184 470 714 220 342 19680 6665 1600 5065 3047
internal_count=22975 641 234 22334 407 166 22168 1688 20480 800 458 504 1184 470 714 220 342 19680 6665 1600 5065 3047
cat_boundaries=0 13 15 27 38 52 54 55 57 59 73 86 88 90 104 106 108 122
cat_threshold=25165888 1074790400 2248147152 4176 1073742408 6912 0 0 128 67108869 8585216 8 65536 21495808 27028 16384 0 0 0 65536 0 0 268435456 0 1073741824 0 64 16777216 0 0 0 8 256 0 0 0 1 65536 135172 2181234756 805306369 33280 1359872 33 64 0 8 2149581376 536870912 2621440 131074 2 2856583680 459268 96 55842418 648 0 27525120 0 68 1 512 32768 0 0 0 0 64 536870912 0 2 2 4 33685504 536870912 0 1064960 1 0 0 0 2147483648 0 2621440 131072 8913936 8360 9962496 10280 4194304 48 0 8192 8388608 0 768 65536 536904704 159760 268435600 2433748993 2097285 5 1250456162 307880 240560204 158805 2147745800 13312 0 0 134742272 536870912 0 8192 4 32778 184549408 43392 67142200 16
is_linear=0
shrinkage=0.045


Tree=206
num_leaves=23
num_cat=18
split_feature=0 3 0 5 5 5 4 3 0 0 0 5 0 3 0 3 3 2 2 3 0 3
split_gain=3.74107 3.44103 1.18801 1.17352 1.88602 1.52353 1.06861 1.00794 6.57783 5.95789 4.45713 3.84092 3.7268 7.29446 3.74134 3.41825 3.41449 2.6209 2.53116 3.61681 3.04495 2.58699
threshold=0 1 2 4.0342014792848504 4.6101453514146771 3.6762205501217919 3 4 5 6 7 5.9175479584402915 8 9 10 11 12 13 14 15 16 17
decision_type=9 9 9 8 8 10 1 9 9 9 9 8 9 9 9 9 9 9 9 9 9 9
left_child=1 3 6 5 -5 -1 -2 8 -4 15 11 16 13 14 -11 -9 -10 -16 19 -12 21 -20
right_child=2 -3 7 4 -6 -7 -8 9 10 12 18 -13 -14 -15 17 -17 -18 -19 20 -21 -22 -23
leaf_value=1.434492671877142 -0.21702728727115753 -35.727800010228307 17.558444048438467 -27.287089553142504 11.251422392747262 213.11297929197201 272.24149205813148 2.8973120680736062 -21.037266481369443 459.71194913452285 17.041637561766038 50.927852845911985 0.85129757055345179 2.8907845236339198 -4.2224955597812004 -56.255031119157046 -87.726129417893674 165.00510611587131 -0.59935310385844787 -90.356220894925855 3.5383258613495125 -21.777766409037248
leaf_weight=74 43 491 1335 75 165 43 60 410 710 102 222 181 8414 1560 128 954 458 168 1740 377 3949 1316
leaf_count=74 43 491 1335 75 165 43 60 410 710 102 222 181 8414 1560 128 954 458 168 1740 377 3949 1316
internal_value=-0.000175284 -0.00308721 -6.19947e-05 0.000304878 -0.0014876 0.00397059 0.0045 -8.57687e-05 -0.00041068 0.000199183 -0.000850809 -0.00322373 0.0005677 0.00232995 0.00768293 -0.00258358 -0.00419231 0.00467532 -0.00042542 -0.00320376 -0.00018277 -0.00124674
internal_weight=22975 848 22127 357 240 117 103 22024 10288 11736 8953 1349 10372 1958 398 1364 1168 296 7604 599 7005 3056
internal_count=22975 848 22127 357 240 117 103 22024 10288 11736 8953 1349 10372 1958 398 1364 1168 296 7604 599 7005 3056
cat_boundaries=0 13 15 27 28 30 44 58 72 85 87 99 101 103 104 105 107 120 122
cat_threshold=25182272 1075052544 2248146961 4672 1073742344 6912 0 0 128 8197 8585216 8 65536 2328396288 211080 0 0 0 0 65536 0 0 0 0 0 2097152 96 2 2405795590 469897 1073807376 1040 1073741824 2105344 524288 536870917 640 134283264 0 2113552 1090523136 285216768 22912 4 4112 20 1073741824 2138240 524288 536870917 640 402718720 0 2113552 1342181376 285216768 16768 2 2153775113 102957152 536870912 16 32768 64 0 32768 4096 1074791490 536870912 3670144 544 16 4194313 35784800 0 268435472 2147516416 0 0 32768 4096 1074795584 0 2148016784 2752544 2192 34 0 0 0 0 0 0 0 0 0 0 0 2147483648 8519744 54272 2315289602 207488 5 1 138412546 65544 32768 25167872 4096 0 278003968 16777216 0 1073766464 536903684 168200 67108864 2147492881 32774 54854148 458889
is_linear=0
shrinkage=0.045


Tree=207
num_leaves=23
num_cat=18
split_feature=0 3 0 5 0 3 5 1 3 0 0 3 4 3 5 5 0 3 3 1 0 3
split_gain=2.82976 2.16515 1.25577 1.12301 0.942125 4.59292 2.13761 1.47912 4.43014 3.93692 2.54517 1.72086 1.49114 1.47708 1.32977 1.24201 4.39265 2.92406 2.14507 2.68813 1.80451 2.52564
threshold=0 1 2 3.7726948748059121 3 4 4.8322978221268906 5 6 7 8 9 10 11 5.5432204948189954 5.8847132099692177 12 13 14 15 16 17
decision_type=9 9 9 8 9 9 8 9 9 9 9 9 1 9 8 10 9 9 9 9 9 9
left_child=1 -1 -2 -3 5 6 13 8 10 11 -6 -10 -13 -4 -8 20 17 -17 -18 -20 21 -9
right_child=2 3 4 -5 7 -7 14 15 9 -11 -12 12 -14 -15 -16 16 18 -19 19 -21 -22 -23
leaf_value=64.385070336406642 94.299035983203822 -12.298128387017277 49.324991769175647 -53.694390588095885 -76.590702779246826 -22.831158597311333 109.06796977023075 14.333005958927751 58.787260825512057 171.52195791583927 1.1255713040621775 -14.204823216631157 31.047432239856278 -30.369532156041675 16.165383408300695 206.21818460639042 18.522887738528151 31.207558012068294 -36.136818175956684 -1.0929044872692246 -0.43862850120043728 -91.242582728281477
leaf_weight=105 115 111 112 262 123 787 90 265 114 258 223 146 78 183 105 219 504 354 222 561 17603 435
leaf_count=105 115 111 112 262 123 787 90 265 114 258 223 146 78 183 105 219 504 354 222 561 17603 435
internal_value=-0.000106737 -0.0034898 -3.29868e-05 -0.00508442 -5.82745e-05 -0.00123933 0.00215139 1.38514e-05 0.00174528 0.00407072 -0.00226257 0.000771429 -0.00152542 -0.000227273 0.00582487 -6.80297e-05 0.00103921 0.00426923 -0.000433025 -0.00189623 -0.000180688 -0.00240169
internal_weight=22975 478 22497 373 22382 1277 490 21105 942 596 346 338 224 295 195 20163 1860 573 1287 783 18303 700
internal_count=22975 478 22497 373 22382 1277 490 21105 942 596 346 338 224 295 195 20163 1860 573 1287 783 18303 700
cat_boundaries=0 13 15 27 41 43 44 46 49 53 54 55 57 70 72 74 76 89 91
cat_threshold=8405056 1073741824 100663296 4160 8 6912 0 0 128 8197 8585216 8 65536 138412032 92288 0 0 0 0 0 0 0 0 0 0 1073741856 96 16908288 2147680256 2415919233 33408 1327616 36 64 268435456 8 2214593088 0 2621440 131074 1 26525746 22536 96 2306949120 162308 0 125829120 4096 0 10747904 1610612736 4 4199442 4 16793634 2056 1109426176 0 0 0 32768 0 0 0 0 524288 16777216 1057792 49672 2149072896 27268 144200232 676 1048592 67658 35651584 16384 0 0 32768 16777280 0 0 0 0 2097152 8192 1065472 134775330 8356
is_linear=0
shrinkage=0.045


Tree=208
num_leaves=23
num_cat=17
split_feature=0 3 1 3 0 5 0 5 5 3 0 0 3 0 0 3 0 5 5 3 0 0
split_gain=3.21538 3.08927 1.22353 1.62218 2.70744 2.32149 2.18669 2.10064 1.50178 1.33637 6.25964 4.69904 3.96309 3.82869 3.07313 2.40552 3.03726 2.88161 2.08652 1.99543 2.1339 1.95771
threshold=0 1 2 3 4 5.0906732680195743 5 4.5798392285869785 5.5032948732385458 6 7 8 9 10 11 12 13 3.8606743063089755 3.8606743063089755 14 15 16
decision_type=9 9 9 9 9 10 9 10 10 9 9 9 9 9 9 9 9 10 8 9 9 9
left_child=1 -1 3 5 8 7 -6 -2 -5 11 -11 12 -4 15 19 16 -13 -18 -14 -12 -21 -17
right_child=2 -3 9 4 6 -7 -8 -9 -10 10 14 13 18 -15 -16 21 17 -19 -20 20 -22 -23
leaf_value=0.90642490955407995 -3.5783606633605811 -22.943116876781531 74.857482455948158 -7.7485974682215959 2.3835727846697408 48.61956048379237 179.66062546712783 -95.539401223914822 77.624897021224385 34.320235070744701 0.30938547371990349 -47.750562893571974 22.485089104172875 -14.864783613445615 -3.5325545290584706 40.390990516325402 24.899319173225358 -8.2373870205463202 -4.936988487083581 -0.63231039654290722 35.428615897132879 1.0474741740605531
leaf_weight=554 223 629 632 308 157 72 254 68 45 920 1156 568 376 4903 6813 690 326 824 935 336 689 1497
leaf_count=554 223 629 632 308 157 72 254 68 45 920 1156 568 376 4903 6813 690 326 824 935 336 689 1497
internal_value=-0.000118488 -0.00239121 6.19152e-06 0.00144205 0.00260954 -0.00102 0.00505319 -0.0028413 -0.000308219 -7.29071e-05 0.000303748 -0.00042019 0.00157673 -0.000862245 -5.996e-05 0.000189558 -0.00106647 0.000271084 0.000153061 0.00140561 0.00284233 0.00117667
internal_weight=22975 1183 21792 1127 764 363 411 291 353 20665 9914 10751 1943 8808 8994 3905 1718 1150 1311 2181 1025 2187
internal_count=22975 1183 21792 1127 764 363 411 291 353 20665 9914 10751 1943 8808 8994 3905 1718 1150 1311 2181 1025 2187
cat_boundaries=0 13 15 17 19 30 36 38 51 65 67 81 94 96 109 111 124 137
cat_threshold=8405056 1075838976 2785017937 4692 0 6656 0 0 136 5 1082130432 2621448 65538 21790800 211120 2147516512 128 2290106944 202802 0 84279296 268435456 0 0 0 0 0 0 0 196608 0 8388608 0 0 0 1024 660901424 224184 6291469 81952 0 8192 16842760 64 0 0 4100 84983872 673185792 4160 2228257 294912 3072 0 0 2147614784 536870913 640 268435520 526336 1073745936 67112968 2164262948 22784 5 555748368 131104 1073745920 84 0 2129920 8929284 4 0 65536 99328 4197640 16777216 768 2214594072 2 3254779904 12288 0 0 135299840 16777216 0 134258688 0 8519938 268435584 269492368 1581188 2395696 32 1073741824 0 0 2129920 524288 0 0 65536 0 264 0 0 1040 1485389836 4099 1073741824 0 0 0 135266304 0 0 0 0 8388608 268435456 128 1048576 1073741824 0 0 2097152 524288 0 0 65536 0 8 0 0 1040
is_linear=0
shrinkage=0.045


Tree=209
num_leaves=23
num_cat=20
split_feature=0 3 0 5 0 0 3 1 0 3 0 0 0 0 3 3 5 3 3 0 2 0
split_gain=3.43726 5.62426 1.64747 1.21074 1.1636 1.16354 4.51987 4.1846 2.97091 1.29631 6.65908 5.38993 4.20808 3.36116 3.02337 2.43176 2.09543 2.05672 1.82127 1.96671 1.76049 2.70074
threshold=0 1 2 3.9415346756528771 3 4 5 6 7 8 9 10 11 12 13 14 3.6505739029280164 15 16 17 18 19
decision_type=9 9 9 10 9 9 9 9 9 9 9 9 9 9 9 9 8 9 9 9 9 9
left_child=1 -1 3 -2 -3 6 -4 8 -7 10 15 14 18 17 -11 -9 -16 -13 19 -12 21 -14
right_child=2 4 5 -5 -6 7 -8 9 -10 11 12 13 20 -15 16 -17 -18 -19 -20 -21 -22 -23
leaf_value=30.921779489531854 201.6956178616409 -2.0010114505068124 -32.062675972017367 0.4505267751721112 -51.642929143541188 2.6109362440455879 5.6297014614409999 72.387794490355986 238.5420811117389 1.039794725481479 8.9760093044675155 -0.83982267418352419 -117.16158263584728 0.61163551680012462 10.383853718128066 11.599712769137239 88.66643829060898 -42.161430092892857 -62.646904430695066 -67.254374217855357 -1.2058714173388942 -6.8355500177263817
leaf_weight=320 40 117 756 61 375 215 717 258 190 741 274 485 142 8194 242 748 628 740 660 395 6137 540
leaf_count=320 40 117 756 61 375 215 717 258 190 741 274 485 142 8194 242 748 628 740 660 395 6137 540
internal_value=-0.000149824 -0.00300364 -4.36302e-05 0.00537611 -0.00598214 -7.13509e-05 -0.00128788 1.63827e-05 0.00447842 -7.57576e-05 -0.000471307 0.000252672 -0.000898897 -0.000159845 0.00264787 0.00296169 0.00443878 -0.0023464 -0.0032047 -0.00148678 -0.000444664 -0.00259366
internal_weight=22975 812 22163 101 492 22062 1473 20589 405 20184 9154 11030 8148 9419 1611 1006 870 1225 1329 669 6819 682
internal_count=22975 812 22163 101 492 22062 1473 20589 405 20184 9154 11030 8148 9419 1611 1006 870 1225 1329 669 6819 682
cat_boundaries=0 13 15 27 40 54 56 57 61 63 77 90 104 117 119 121 123 125 138 139 151
cat_threshold=8388673 2184183808 637534416 4308 0 4609 128 0 136 5 1082261504 8 65538 5013552 207024 16777216 0 0 0 512 0 256 1024 0 0 0 64 1 0 0 0 0 1 128 0 0 0 8519680 0 2 147456 1141243904 3489665025 33280 2148794432 2336 64 268435456 0 2147483712 536936448 2621440 131072 1 2818724368 205748 2147483744 0 16777216 0 1 121965622 478872 2147520512 3088 0 8192 131072 68 512 0 34816 1073744128 83886088 16777248 1078400 20 2162696 82016 0 0 98568 1024 0 24576 4100 92423186 35651712 1058816 524320 2097160 81952 0 0 1358987520 0 0 24576 4100 75644946 33554592 1058816 544 2 2147782672 3088 0 2105344 147456 16777220 512 0 34816 1073743872 16777216 16777248 9600 680141120 36897 4260870 262160 679629064 4160 4194354 395792 0 32 0 0 268435712 0 0 0 0 147456 32 1056768 512 1 0 0 0 0 0 0 0 0 0 0 0 1664
is_linear=0
shrinkage=0.045


Tree=210
num_leaves=23
num_cat=19
split_feature=0 3 0 4 0 3 2 5 0 3 1 0 3 0 0 3 0 3 0 5 5 3
split_gain=2.79821 4.91553 1.14951 1.09382 6.04505 3.23202 2.85494 2.76834 1.78535 2.9649 2.70514 5.90633 1.73108 8.1628 6.5955 5.73564 3.98025 3.44847 3.4319 2.83619 2.40393 2.83449
threshold=0 1 2 3 4 5 6 2.8617925509761908 7 8 9 10 11 12 13 14 15 16 17 4.1510089048756029 3.5408542930527882 18
decision_type=9 9 9 1 9 9 9 8 9 9 9 9 9 9 9 9 9 9 9 8 8 9
left_child=1 -1 -2 4 -4 6 -6 -7 9 -5 11 -10 13 -12 15 19 17 -16 -15 -14 -18 -22
right_child=2 -3 3 8 5 7 -8 -9 10 -11 12 -13 14 18 16 -17 20 -19 -20 -21 21 -23
leaf_value=19.998932419592457 29.584736713881174 -36.887328350633908 18.633422401279422 14.540377225886914 44.336805173663159 8.1210964090508959 -66.350398422810329 -125.86762821692848 -0.20213099575747037 -16.621268122123801 15.118449320851177 356.19708783244903 -10.939377340249811 -2.5005703314405037 4.809553530406192 2.2856635543381345 -6.7764592519869984 66.989507672863638 -30.851738296644687 -67.601132884799256 82.189811533479386 6.8801295061751437
leaf_weight=375 129 452 403 457 127 54 132 268 345 1265 1749 157 511 2980 651 1170 1711 748 2051 718 252 6270
leaf_count=375 129 452 403 457 127 54 132 268 345 1265 1749 157 511 2980 651 1170 1711 748 2051 718 252 6270
internal_value=-0.000157658 -0.00270858 -6.09206e-05 -8.68095e-05 -0.00155172 -0.00443929 -0.000581181 -0.00741018 -1.81823e-05 -0.00140138 0.000105951 0.00332685 1.79302e-05 -0.000556537 0.0003419 -0.00176379 0.000867897 0.0030776 -0.0014768 -0.00389807 0.000488478 0.000882894
internal_weight=22975 827 22148 22019 984 581 259 322 21035 1722 19313 502 18811 6780 12031 2399 9632 1399 5031 1229 8233 6522
internal_count=22975 827 22148 22019 984 581 259 322 21035 1722 19313 502 18811 6780 12031 2399 9632 1399 5031 1229 8233 6522
cat_boundaries=0 13 15 27 28 41 43 44 58 60 61 64 66 80 94 96 110 112 126 128
cat_threshold=8388673 3266314240 637534288 4308 2147483648 2561 0 0 128 5 8519680 8 2 4767760 211088 8 0 0 0 65536 0 0 1024 0 0 2097152 64 1 3221225472 0 0 0 131072 0 0 0 0 0 16781440 2415919616 1 8519896 264192 6 3225550848 409684 268439681 512 32832 292 64 268435456 8 16448 65536 271056896 131072 1 17108018 18432 96 0 83886080 1073741824 839379990 199712 16781328 11296 0 0 285212680 570425344 0 1073741824 38912 1073741824 352321536 2164269584 2216700032 4 16781328 11296 0 270532608 16793608 587202560 0 1073758272 2048 1073742336 285212672 2164269056 69206144 4 1171787880 57480 35979268 0 0 40960 1074791172 1088 256 134217728 0 8421376 1610616960 6305 8917248 2 1088426112 45333 49152 4096 0 2097152 143261696 0 512 81920 536936448 1576962 1073741872 1082756 49196 2 1140850824 32768
is_linear=0
shrinkage=0.045


Tree=211
num_leaves=23
num_cat=20
split_feature=0 3 0 3 0 0 3 0 3 0 3 3 0 0 5 4 1 4 0 0 3 5
split_gain=2.80856 2.9491 1.31969 1.13086 8.01826 7.56994 5.12002 5.02128 3.46167 3.39452 5.14737 3.22538 4.98894 4.46667 3.71094 3.13334 2.94387 2.55195 2.48104 2.01359 1.9381 1.92156
threshold=0 1 2 3 4 5 6 7 8 9 10 11 12 13 6.3707564150300433 14 15 16 17 18 19 4.8481086751891054
decision_type=9 9 9 9 9 9 9 9 9 9 9 9 9 9 10 1 9 1 9 9 9 8
left_child=1 -1 -2 4 8 6 19 -6 -4 10 17 13 -13 20 -15 -14 -17 -7 -10 -5 -11 -9
right_child=2 -3 3 5 7 9 -8 21 18 11 -12 12 15 14 -16 16 -18 -19 -20 -21 -22 -23
leaf_value=2.3100857402881227 40.646809164281692 -23.448661686943232 -0.42804707266735931 -6.0940104070361851 -46.252205860848406 39.484496470892701 -5.0500260054644235 -11.457813708147514 3.9798135030601407 32.724207764411766 70.456697502029769 -5.7566844502871026 -61.159508142465199 -17.387161122088873 193.95824548669944 150.73957508194653 34.372589727710235 -101.56953970830065 55.65260749152452 -82.81331248292696 0.49699007728951983 0.83340705741073173
leaf_weight=368 111 479 838 115 894 175 2033 4483 625 919 644 1143 122 2478 81 335 1604 137 916 439 1279 2757
leaf_count=368 111 479 838 115 894 175 2033 4483 625 919 644 1143 122 2478 81 335 1604 137 916 439 1279 2757
internal_value=-0.000173325 -0.0026979 -7.52033e-05 -0.000101117 -0.000438242 0.000207103 -0.00193055 -0.00111036 0.00185383 0.00082904 0.00334711 0.000522075 0.00162313 -0.000221745 -0.0014965 0.00294139 0.00339645 -0.00138889 0.00311494 -0.00572438 0.00126244 -0.000713596
internal_weight=22975 847 22128 22017 10513 11504 2587 8134 2379 8917 956 7961 3204 4757 2559 2061 1939 312 1541 554 2198 7240
internal_count=22975 847 22128 22017 10513 11504 2587 8134 2379 8917 956 7961 3204 4757 2559 2061 1939 312 1541 554 2198 7240
cat_boundaries=0 12 14 26 28 42 56 58 72 74 88 90 92 105 118 119 121 122 136 150 152
cat_threshold=8388673 3266314240 3321888848 4164 2147484232 2561 128 0 128 5 8519680 8 38322192 215208 0 0 0 268435456 16842752 0 0 1073741824 0 0 0 64 2791613974 465961 4104 16792596 0 8192 268566528 536870912 512 66624 65536 18 354418696 2164269056 1064960 5 8 15380 536875009 512 268566528 33554432 512 81920 65536 131088 285278336 2147491840 1589505 1 1360007232 16384 2185232384 147456 0 32768 1074823168 5184 256 268435456 4 74450240 536870928 33 3074 16 610574336 134152 2185232388 81920 0 0 1048576 5184 0 134217728 4 1144030208 16 37 145442 16 526528 8452 142755848 33494 4112 83886112 0 2105344 142606592 0 0 8192 3072 547074 4096 287345808 67108864 0 16777248 0 2097152 142606592 0 0 8192 536872960 8917322 136318976 16813456 67108864 1 36 1024 2 4096 6144 0 8192 268566528 0 0 65536 0 16 69206016 16785408 0 5 0 2048 0 0 131072 0 0 65536 0 0 268435456 0 16384 1 8390656 32790
is_linear=0
shrinkage=0.045


Tree=212
num_leaves=23
num_cat=18
split_feature=0 3 5 0 5 0 3 0 0 3 0 0 0 3 2 0 0 2 3 5 5 0
split_gain=3.00708 3.58307 1.56589 1.30034 1.06266 1.68836 0.973936 6.68864 6.40259 5.43748 4.97242 3.63773 3.42838 2.6776 2.65257 2.36965 2.36486 1.94591 1.81464 1.80687 1.76432 3.73008
threshold=0 1 5.6750385347198877 2 5.6507317092149298 3 4 5 6 7 8 9 10 11 12 13 14 15 16 4.6395599436855051 5.3351284364833438 17
decision_type=9 9 8 9 8 9 9 9 9 9 9 9 9 9 9 9 9 9 9 8 8 9
left_child=1 2 -1 -2 5 -3 7 9 -8 11 18 -5 13 16 19 -11 -10 -14 -9 -13 -19 -22
right_child=3 4 -4 6 -6 -7 8 10 12 15 -12 14 17 -15 -16 -17 -18 20 -20 -21 21 -23
leaf_value=25.157612819574858 43.404683161731974 -2.6792259576512878 -24.878987689778022 0.7603714781077906 -5.9030490022918638 -45.7696127454847 -16.818541667531136 6.9964904089018818 -4.8240230027054167 60.760413037739376 -1.9786804484436651 137.85132317912152 -70.678364062317854 69.286619764469393 228.89793823635318 -6.3925745599850963 32.132776972942267 0.18204075210105655 -48.284349854758453 1.1026500846556155 86.849817323325624 0.19882825710892574
leaf_weight=332 124 106 68 264 72 271 2068 143 606 228 8507 162 131 623 242 896 328 5213 950 150 549 942
leaf_count=332 124 106 68 264 72 271 2068 143 606 228 8507 162 131 623 242 896 328 5213 950 150 549 942
internal_value=-0.000187035 -0.00279617 0.00032767 -8.53736e-05 -0.00551518 -0.00658971 -0.000112428 -0.000397265 0.000201967 0.00200358 -0.000884831 0.00477108 0.000754998 0.00265296 0.00683746 -3.96127e-05 0.00109408 0.000318753 -0.00372624 0.00375 0.000428827 0.00179337
internal_weight=22975 849 400 22126 449 377 22002 11542 10460 1942 9600 818 8392 1557 554 1124 934 6835 1093 312 6704 1491
internal_count=22975 849 400 22126 449 377 22002 11542 10460 1942 9600 818 8392 1557 554 1124 934 6835 1093 312 6704 1491
cat_boundaries=0 13 15 28 39 41 55 69 71 84 98 111 113 114 128 141 142 144 157
cat_threshold=8405061 3233021952 2248147024 4160 2147484160 6656 0 0 65672 5 8388608 524296 2 173588528 67760 4194304 0 0 0 0 0 0 0 0 1048576 0 64 65536 8388609 1073741824 2147483648 0 512 0 0 0 65536 0 8388608 2871330358 233077 0 16785440 0 0 268501056 553648128 128 32832 0 1140851456 1073745944 2147518480 8414208 3 0 1136 4097 0 32768 570425344 128 1073741824 32768 1141375232 1073877008 2147522576 75523072 3 2147483666 101 33849360 100794368 1610612736 32773 1074790408 257 768 0 1024 2098176 807469184 268435457 2097152 0 8192 0 0 0 536870912 0 0 0 0 1073745920 16 1024 3 33914896 0 1610612736 8196 135266312 260 0 16384 4096 10486800 807469184 268435488 2101296 9988232 12418 19 0 0 0 0 0 0 0 0 0 1073741824 4112 16 0 3 32768 0 1073741824 8196 134217728 256 0 0 0 8388608 536936576 32 16 160 33554438 34816 1075838976 0 0 0 0 1024 0 65536 536870912 4194304 134217728 1028 524
is_linear=0
shrinkage=0.045


Tree=213
num_leaves=23
num_cat=18
split_feature=0 3 5 0 3 0 0 0 3 0 3 5 2 0 5 3 3 0 0 1 5 0
split_gain=2.68567 1.87258 1.29228 1.14883 1.10058 6.22826 4.59565 4.0478 3.76161 3.31486 2.85567 2.74553 2.432 2.74154 3.09848 2.14315 1.81595 3.90851 2.7667 1.71815 1.72956 1.83735
threshold=0 1 3.3842466058243152 2 3 4 5 6 7 8 9 4.1510089048756029 10 11 5.1387309967764621 12 13 14 15 16 1.0000000180025095e-35 17
decision_type=9 9 10 9 9 9 9 9 9 9 9 8 9 9 8 9 9 9 9 9 8 9
left_child=1 2 -1 -3 5 8 -6 12 11 10 -8 -2 13 14 -7 -15 17 -9 -18 -11 -21 -22
right_child=4 3 -4 -5 6 7 9 16 -10 19 -12 -13 -14 15 -16 -17 18 -19 -20 20 21 -23
leaf_value=-6.489594660052207 -66.448272868620549 10.636312017340023 -39.016214329592387 -17.579313439404359 29.311856429162724 -17.503165495038047 -35.203734181922279 -46.294320655551545 -48.624597319517562 -197.012858743907 2.6962240630588528 32.598276886060994 21.177252969831823 -15.323064548038019 -74.091450123268771 29.588854165591201 8.2308955737433553 -0.55472350304611606 -6.4938332164268644 87.896698424477975 -3.7360515843072788 4.1591562761484964
leaf_weight=77 175 226 202 317 869 137 1166 568 727 105 720 287 970 139 39 309 1948 1045 1973 175 3480 7321
leaf_count=77 175 226 202 317 869 137 1166 568 727 105 720 287 970 139 39 309 1948 1045 1973 175 3480 7321
internal_value=-0.000190952 -0.00269784 -0.00564433 -0.00109459 -9.64358e-05 -0.000505163 0.00014948 0 -0.00350333 -6.41421e-05 -0.0018019 -0.00028481 0.00198941 -0.000212264 -0.00478723 0.00166304 -0.000576091 -0.00184154 -5.14874e-05 0.000233255 0.000290772 0.000218689
internal_weight=22975 822 279 543 22153 8317 13836 7128 1189 12967 1886 462 1594 624 176 448 5534 1613 3921 11081 10976 10801
internal_count=22975 822 279 543 22153 8317 13836 7128 1189 12967 1886 462 1594 624 176 448 5534 1613 3921 11081 10976 10801
cat_boundaries=0 13 15 26 28 41 55 69 71 85 87 88 99 101 103 116 129 130 143
cat_threshold=8388677 1083441152 3321888768 4164 2147484160 16779780 128 0 65664 21 8454144 8 2 2172653608 20500 8388608 262144 1073741824 4 0 16777216 128 0 65536 17 65536 2791605766 495209 52527104 102891584 4097 144 1081348 536870912 256 0 4100 574464 201326592 3670144 8388608 50331648 35864576 4096 0 1074888708 4096 256 32768 4 67161088 67108864 64 2097184 16 1073745936 13332 0 513 269090816 0 512 65600 0 131072 805310480 16785412 67125376 7 2131458 2048 16400 5140 268435456 268468737 524352 257 512 1342242816 8 131584 805310464 16777216 540800 7 1360678936 150 19 0 12288 0 0 0 0 0 0 0 0 268435456 2181038596 32 2360322 68608 0 0 0 0 134217984 0 0 8192 536871936 8392704 33554432 2147516432 33328 262144 0 536870912 8192 256 1024 0 134225920 536871936 8392714 50331776 2415951888 2616 402655233 3221487616 8192 1 2097152 268583168 33554432 0 0 536903680 2097154 16777360 268967968 2222981900
is_linear=0
shrinkage=0.045


Tree=214
num_leaves=23
num_cat=19
split_feature=0 3 0 3 0 0 0 0 3 2 3 0 2 1 5 3 0 5 3 0 0 5
split_gain=1.97428 2.47818 1.37694 1.06001 5.29979 5.2962 3.61336 3.40238 2.90877 2.66396 2.60874 2.12984 1.97851 3.67079 3.55954 3.3103 1.84699 2.6872 1.92882 3.28059 3.18923 2.01112
threshold=0 1 2 3 4 5 6 7 8 9 10 11 12 13 6.9777449340088582 14 15 2.602003343538398 16 17 18 5.3205649864913136
decision_type=9 9 9 9 9 9 9 9 9 9 9 9 9 9 8 9 9 10 9 9 9 8
left_child=1 -1 -2 5 10 8 9 -7 -4 -6 -5 -12 13 15 -15 -9 17 -14 19 21 -20 -18
right_child=2 -3 3 4 6 7 -8 12 -10 -11 11 -13 16 14 -16 -17 18 -19 20 -21 -22 -23
leaf_value=7.881665307717121 62.669474940658773 -23.455083198837528 -3.4724407833018267 -29.994902047963823 16.520634675285837 10.507680291078323 2.1780278181405808 -89.074251053225311 -52.124043521454674 220.98821075842943 6.1045971971099426 -30.808707536246256 44.094495767431361 -7.6577944191539791 250.18984003430964 -1.6549312131212173 68.276301769999847 -9.2114936912812109 -33.218210659848879 0.86291496678859403 5.5992496882269736 -4.2531268808179448
leaf_weight=226 116 460 709 680 741 1607 8094 242 740 108 653 357 279 258 44 178 589 3299 712 1689 1020 174
leaf_count=226 116 460 709 680 741 1607 8094 242 740 108 653 357 279 258 44 178 589 3299 712 1689 1020 174
internal_value=-0.000157658 -0.00251433 -8.37406e-05 -0.000110548 0.000213481 -0.00040902 0.000650754 -4.23142e-05 -0.00294148 0.00342334 -0.00208872 -0.000616438 -0.000402542 -0.00263624 0.0011465 -0.0053125 -0.000191021 -0.000940111 0.000450429 0.00126015 -0.000696674 0.0036871
internal_weight=22975 686 22289 22173 10633 11540 8943 10091 1449 849 1690 1010 8484 722 302 420 7762 3578 4184 2452 1732 763
internal_count=22975 686 22289 22173 10633 11540 8943 10091 1449 849 1690 1010 8484 722 302 420 7762 3578 4184 2452 1732 763
cat_boundaries=0 12 14 26 28 42 56 69 83 85 86 88 98 99 101 103 116 118 131 144
cat_threshold=8405056 1073741824 3321888768 4676 2164261440 16783876 0 0 65664 2053 8454144 8 138412546 215208 0 0 0 2415919104 65536 0 256 1073741824 0 0 0 64 2856617830 466153 1073741825 275476 4096 40961 524288 257 0 402653184 0 8405248 2097152 16777248 9453953 3 54624260 35848288 1 16 1081356 0 0 0 4096 1081082944 16 1572865 8194 16 21004292 102842464 0 0 12 0 0 0 4096 1140851776 48 1048577 2105344 1073745928 5140 0 8192 524288 257 512 402654272 32768 8388864 33554432 16777248 1065089 3 134251618 2272 22 1360199696 49170 1073741824 13316 0 1 524288 0 0 134217728 0 8388608 129 88 3088 138707968 137344 0 75497472 0 2097152 411058176 33555456 128 32768 536873988 659498 1946157056 2101264 2147484172 2315519808 135329 262160 0 0 128 0 0 0 8192 0 32784 0 2147519360 32 2359312 0 0 0 0 0 0 8192 0 32768 0 2147519360 67141664
is_linear=0
shrinkage=0.045


Tree=215
num_leaves=23
num_cat=17
split_feature=0 3 5 0 5 5 3 0 0 3 2 3 0 1 3 1 3 5 5 0 0 3
split_gain=2.16121 1.19559 1.08801 1.04301 1.01451 1.43915 0.998313 12.6119 2.37445 6.79311 2.17488 3.08375 2.70361 2.08443 2.07493 1.97777 3.89248 3.65495 2.3384 2.40021 2.16532 2.33321
threshold=0 1 4.135134555718313 2 5.8391860522696701 5.2704288588135384 3 4 5 6 7 8 9 10 11 12 13 6.4353484435784418 2.524928003624769 14 15 16
decision_type=9 9 8 9 10 10 9 9 9 9 9 9 9 9 9 9 9 10 8 9 9 9
left_child=1 2 -1 -2 5 -3 7 -5 9 -8 11 13 -13 -9 -12 16 17 18 -10 -20 -18 -22
right_child=3 4 -4 6 -6 -7 8 10 15 -11 14 12 -14 -15 -16 -17 20 -19 19 -21 21 -23
leaf_value=57.164732269307351 33.902204017309337 -13.927418635521862 -11.320398409852933 25.140303455764169 10.508722974548327 -112.89584946831617 30.288499794930139 -15.253267031406649 125.67547757772877 -15.766575094317304 -31.685332778499724 48.1904478751255 -45.200203129406106 46.466597868989922 -73.568330407078747 -0.51809855259474713 -3.7909964926559767 88.4088607686557 -32.108534332274068 1.8163447256681684 14.489122971532051 44.422645747458205
leaf_weight=66 132 468 56 1210 36 44 478 108 75 1835 303 105 428 191 478 12707 488 104 1000 736 1305 622
leaf_count=66 132 468 56 1210 36 44 478 108 75 1835 303 105 428 191 478 12707 488 104 1000 736 1305 622
internal_value=-0.000143948 -0.0026393 0.00134328 -6.75494e-05 -0.00353571 -0.00411479 -9.22921e-05 -0.000880952 2.32414e-05 -0.00132581 -0.00347538 -0.0018128 -0.00383945 0.00180868 -0.00519231 0.000207197 0.00103639 -0.000478723 -0.000955598 -0.00129459 0.00223424 0.00291258
internal_weight=22975 670 122 22305 548 512 22173 2823 19350 2313 1613 832 533 299 781 17037 4330 1915 1811 1736 2415 1927
internal_count=22975 670 122 22305 548 512 22173 2823 19350 2313 1613 832 533 299 781 17037 4330 1915 1811 1736 2415 1927
cat_boundaries=0 13 15 27 29 43 57 59 60 62 75 77 79 81 83 94 100 102
cat_threshold=8388672 1073741888 3321888768 4676 2147484224 16779780 0 0 65664 69 8454144 8 2097152 2151678018 196648 4194304 0 0 0 65536 0 0 0 0 0 0 16777280 2181300228 458849 3256877056 4128 0 1 524288 0 0 65536 536904704 8388608 50335744 2148042244 2214627372 4 33554448 2147745840 0 268435585 524288 289 0 1073742912 8 140032 16777216 524800 2147614884 16 1075343778 256 36 2181038080 262144 32768 16785408 0 2097152 0 0 0 0 0 4104 0 0 16 36 14 262148 196608 53349 166 136472034 21252 299008 44040192 536870913 16 411041792 0 0 0 0 24 131072 2129921 84017152 4096 0 4 4160 274239512 10376
is_linear=0
shrinkage=0.045


Tree=216
num_leaves=23
num_cat=19
split_feature=0 3 0 0 5 2 1 3 3 0 3 0 3 1 3 5 0 2 3 3 0 5
split_gain=2.0658 2.07399 1.36378 1.2847 1.20842 1.07928 3.24336 2.47638 2.44972 2.15092 2.15952 2.12325 2.00396 1.93796 1.67442 1.6716 1.64886 2.88502 3.9055 2.49538 1.93867 2.78536
threshold=0 1 2 3 4.6586997221347959 4 5 6 7 8 9 10 11 12 13 3.3842466058243152 14 15 16 17 18 4.8481086751891054
decision_type=9 9 9 9 8 9 9 9 9 9 9 9 9 9 9 10 9 9 9 9 9 8
left_child=1 -1 4 -3 -2 6 8 16 -4 10 13 12 -9 15 -13 -7 17 18 -8 -19 -20 -22
right_child=2 3 5 -5 -6 9 7 11 -10 -11 -12 14 -14 -15 -16 -17 -18 19 20 -21 21 -23
leaf_value=-38.080535780974564 193.57425951252685 59.347837555195582 -102.20025990806921 -6.9330030583236288 5.4837941060020237 130.57797333551861 76.156031428116123 25.675512090643661 -7.6358246591117398 -0.23279326647809284 36.953966956113526 -4.3741840639741714 -7.0982530056908946 -34.296732626496542 28.259628823478231 3.897978291995714 -21.863308129233481 6.5749747694668619 96.768442499020921 -64.420991960329232 -42.522925105714634 30.498485561592751
leaf_weight=272 62 115 259 249 54 55 320 240 432 15704 536 251 727 262 687 112 1306 213 105 421 408 185
leaf_count=272 62 115 259 249 54 55 320 240 432 15704 536 251 727 262 687 112 1306 213 105 421 408 185
internal_value=-0.000134156 -0.00263889 -6.14066e-05 -0.000359043 0.00457031 -8.80369e-05 -0.000630614 -0.000216923 -0.00348862 9.307e-05 0.00214176 0.0010446 -0.00043667 -0.000255102 0.00255789 0.00339385 -0.0010303 -8.11298e-05 0.00139806 -0.00243808 -0.000507042 -0.00152479
internal_weight=22975 636 22339 364 116 22223 5554 4863 691 16669 965 1905 967 429 938 167 2958 1652 1018 634 698 593
internal_count=22975 636 22339 364 116 22223 5554 4863 691 16669 965 1905 967 429 938 167 2958 1652 1018 634 698 593
cat_boundaries=0 12 14 26 37 38 40 42 44 57 59 72 74 76 78 91 92 94 96 109
cat_threshold=8405056 3221225472 3321888832 4676 576 6656 0 1073741824 65664 69 8454144 8 26755632 516 4096 0 0 0 65536 0 256 0 0 32 0 64 16384 0 1073741824 0 0 0 0 1073741824 0 65 8454144 3 1067286 532 1246069788 481373 2315813888 4164 4227100 0 536870912 0 264 0 0 16384 524288 16802048 16777216 131712 533504 683709040 10252 2147483648 0 0 128 8519684 33554432 0 0 0 0 144 1668 21 605691968 32770 320 2056 68812866 2 1073741824 0 0 0 131076 33554432 0 0 0 16 152 2147518340 32789 2 263188 133201 134250504 4164 0 0 0 0 4 0 0 0 0 0 0 128 16
is_linear=0
shrinkage=0.045


Tree=217
num_leaves=23
num_cat=19
split_feature=0 3 0 5 0 0 3 3 0 3 3 0 5 3 0 3 3 0 0 0 5 3
split_gain=2.58453 2.67488 1.12543 1.05508 4.69318 3.74487 6.99004 2.84401 2.73143 5.59085 2.82732 2.76683 2.69036 3.88932 2.65651 4.6294 3.13799 5.00822 3.50553 2.58456 2.40005 2.39297
threshold=0 1 2 4.1820210059610323 3 4 5 6 7 8 9 10 6.1537953943602615 11 12 13 14 15 16 17 6.3707564150300433 18
decision_type=9 9 9 10 9 9 9 9 9 9 9 9 10 9 9 9 9 9 9 9 10 9
left_child=1 -1 -2 4 7 6 20 -4 9 -7 19 12 -12 -14 15 -6 17 -16 21 -10 -5 -18
right_child=2 -3 3 5 14 8 -8 -9 10 -11 11 -13 13 -15 16 -17 18 -19 -20 -21 -22 -23
leaf_value=29.473772162090388 128.45538945647388 -17.691598492237752 6.6162579611717227 63.883912077022394 -10.061666608202504 -53.868621828909959 -0.31326301497185338 -57.555979424122988 11.721665400349048 -0.68652208825513295 -8.7206665836235882 10.119023872602302 -4.3617857761045888 105.02485834601327 -50.96344425034782 26.234815914213758 -4.0206826320329858 -4.9102333687605819 -2.0447555996455411 -15.105018242560254 322.91578365667652 62.348882247300985
leaf_weight=205 122 529 270 547 715 359 1048 670 433 1016 2610 4304 360 206 622 1091 227 2434 3622 953 38 594
leaf_count=205 122 529 270 547 715 359 1048 670 433 1016 2610 4304 360 206 622 1091 227 2434 3622 953 38 594
internal_value=-0.000169409 -0.0027748 -8.18991e-05 -0.000106751 -0.000441349 0.000181879 0.00217477 -0.00345063 -0.000138252 -0.00199531 0.000152061 0.000498532 -0.000508156 0.00229754 -0.000132822 0.00141089 -0.000506257 -0.00161343 0.000257576 -0.00170601 0.00606784 0.00289016
internal_weight=22975 734 22241 22119 10245 11874 1633 940 10241 1375 8866 7480 3176 566 9305 1806 7499 3056 4443 1386 585 821
internal_count=22975 734 22241 22119 10245 11874 1633 940 10241 1375 8866 7480 3176 566 9305 1806 7499 3056 4443 1386 585 821
cat_boundaries=0 12 14 26 39 52 54 56 69 71 73 87 89 103 105 107 121 135 148 150
cat_threshold=8405056 3221225472 3858759744 4676 576 6656 256 1073741824 65664 8293 8454144 8 171999264 223392 4194304 0 0 0 65536 0 64 0 0 0 2097152 64 1109393424 8404992 1 16 4 4 0 134250496 0 2164787456 1610743808 2105344 9983490 1075871760 0 128 16 2147483652 1028 0 134266880 2048 8424704 1207959584 2105888 9466368 1665668206 410240 2281902624 16388 16777217 69207156 0 1 1343356928 1 0 0 36864 2101264 4224 17307777 128 2203779360 81920 537202728 435648 0 403456 4096 8192 25198592 33554432 128 268443648 536870916 1073889280 100794368 260 2147518477 7 2185232914 20524 16777217 67175472 0 8193 268435456 0 0 64 537433088 1052688 100667392 285251584 2130049 4 3794059778 121632 2322736964 401453 2147745792 16777216 0 128 1048576 536870912 0 0 0 1024 419430432 524928 67119104 17 2147745796 64 0 0 1048576 536870912 512 0 0 67109896 285212704 128 67241984 19 0 0 0 0 142606336 536870912 0 0 0 1073741824 117440512 256 34828 301200 16448
is_linear=0
shrinkage=0.045


Tree=218
num_leaves=23
num_cat=20
split_feature=0 3 5 2 0 3 1 5 0 3 0 0 3 0 0 0 1 0 3 4 1 2
split_gain=2.23901 2.6755 1.34838 1.06932 2.87598 3.23824 2.01132 3.3608 1.7311 3.12285 1.75228 1.53447 1.48342 7.89642 6.5201 4.36574 3.89368 3.79525 4.17879 2.83535 2.55629 2.17021
threshold=0 1 3.795426061844291 2 3 4 5 6.078787719222313 6 7 8 9 10 11 12 13 14 15 16 17 18 19
decision_type=9 9 8 9 9 9 9 10 9 9 9 9 9 9 9 9 9 9 9 1 9 9
left_child=1 2 -1 4 5 -2 -6 -8 9 11 -11 -5 13 -10 19 -16 -17 18 -15 -14 -20 -18
right_child=3 -3 -4 8 6 -7 7 -9 12 10 -12 -13 14 17 15 16 21 -19 20 -21 -22 -23
leaf_value=-9.0064653296432322 -7.3081753315691458 0.29853718270125679 -73.912722262197562 -22.846485496871718 13.941903864451888 128.83887554069057 -71.270929948115693 371.68428743209739 -28.256536239170362 -2.1091736735930318 -35.555075796997627 14.709446529156557 -56.852150748468048 52.902939744842328 -18.458610072529119 175.29102160796498 -8.3078650674332852 -1.6165069413503805 -24.597357250712847 28.934305681817531 24.113169482955779 2.2804793643025367
leaf_weight=62 118 298 192 334 267 253 231 35 1644 301 529 521 97 976 1643 181 1256 5933 342 1429 181 6152
leaf_count=62 118 298 192 334 267 253 231 35 1644 301 529 521 97 976 1643 181 1256 5933 342 1429 181 6152
internal_value=-0.000151782 -0.00295213 -0.0062594 -8.12347e-05 0.00142467 0.00440601 -0.000701835 -0.00339928 -0.000145256 -0.00152475 -0.00347387 0.000389273 -2.72095e-05 -0.000450594 0.000330084 -0.000121701 0.000334495 0.000175309 0.00218895 0.00304291 -0.0010514 0.000169811
internal_weight=22975 552 254 22423 904 371 533 266 21519 1685 830 855 19834 9076 10758 9232 7589 7432 1499 1526 523 7408
internal_count=22975 552 254 22423 904 371 533 266 21519 1685 830 855 19834 9076 10758 9232 7589 7432 1499 1526 523 7408
cat_boundaries=0 12 14 15 28 30 32 45 47 60 73 75 89 102 116 117 131 133 134 136 137
cat_threshold=16452 65536 3321888768 4672 2147484160 6688 320 1024 128 69 8454144 8 542256 25108 224 0 4128 0 0 0 0 0 0 536870912 2 268435456 2149580864 8 138937856 16512 16417 1024 8781824 2149974112 268439681 0 1073741824 0 0 0 8 2164277794 807403536 2621441 8519682 22758930 10564 262144 0 0 0 0 0 0 0 8 2 270532624 524289 2 262144 262144 0 0 1073741824 0 0 0 0 16777730 2097152 2621441 131074 2474978334 501861 2097152 8390656 536870912 4 17826052 260 512 402653184 0 10519568 131232 269484160 7696 3 2097152 1082130432 536870912 32772 17891332 257 512 402653184 1028 10518528 67240096 285212800 6192 2151677968 117441552 0 2097169 64 50331712 0 32768 6144 68288768 1073745920 2147483648 1073152 16 32864 1094717456 67109904 0 2097152 131144 50331712 0 64 6144 68157696 1073745928 2147518464 3170304 16 2189691922 37 1 1073741873 1024 2
is_linear=0
shrinkage=0.045


Tree=219
num_leaves=23
num_cat=19
split_feature=0 3 0 2 5 5 0 4 0 0 3 3 0 0 3 3 0 0 3 5 1 0
split_gain=2.58963 3.61974 1.22045 1.95163 2.00997 0.977226 0.921939 0.89025 5.98391 5.4163 5.03071 4.03921 7.08909 6.10069 3.89823 3.58015 4.45237 4.26826 3.60848 3.18919 2.84797 2.77821
threshold=0 1 2 3 3.4175922930736511 7.3343274329751802 4 5 6 7 8 9 10 11 12 13 14 15 16 3.1132683346437333 17 18
decision_type=9 9 9 9 10 8 9 1 9 9 9 9 9 9 9 9 9 9 9 10 9 9
left_child=1 -1 3 4 -2 6 -3 8 14 10 -9 12 -10 -13 -4 17 -17 18 -11 -14 -15 -18
right_child=2 5 7 -5 -6 -7 -8 9 11 15 -12 13 19 20 -16 16 21 -19 -20 -21 -22 -23
leaf_value=-42.231025485794454 -112.65523141159873 -5.6892491173037882 140.46643109077689 130.26608406358059 7.5087618744402969 -75.001976269065565 26.193357200600222 9.053099740516263 8.7319744123143384 -11.703887722720427 -41.183315199701248 -9.1277030646376431 -117.03281674862191 76.990545394318843 9.1974735519376178 -8.2859356660957744 51.190326517423543 -12.298555676409523 25.749742083328819 -40.197444448624516 5.2080356973254673 4.5456283030366826
leaf_weight=233 68 108 501 128 170 41 282 600 1038 461 1289 1979 241 862 758 1528 454 4269 924 730 1089 5222
leaf_count=233 68 108 501 128 170 41 282 600 1038 461 1289 1979 241 862 758 1528 454 4269 924 730 1089 5222
internal_value=-0.000118488 -0.00286243 -3.52775e-05 0.0025 0 -0.00035553 0.000344388 -7.89042e-05 0.00033125 -0.000279171 -0.00252104 -0.000268442 -0.00190376 0.000570776 0.00313336 5.24476e-05 0.000717156 -0.000794211 0.00136901 -0.00464649 0.00234972 0.00129747
internal_weight=22975 664 22311 366 238 431 390 21945 7198 14747 1889 5939 2009 3930 1259 12858 7204 5654 1385 971 1951 5676
internal_count=22975 664 22311 366 238 431 390 21945 7198 14747 1889 5939 2009 3930 1259 12858 7204 5654 1385 971 1951 5676
cat_boundaries=0 13 15 28 29 40 41 55 68 70 72 85 99 101 103 117 131 133 135 148
cat_threshold=147524 1073807360 3858759744 4288 262720 2560 320 1024 128 69 8454144 8 1048576 25708048 16968 4096 0 0 0 3221291008 32 0 0 524288 1048576 1073741856 268566592 4096 70 4 1073741824 2147483648 0 576 0 0 1024 128 0 65536 2 6553600 67108880 0 0 268959744 536872000 512 134217728 0 560160 536870912 1576964 2147525506 6 2424832 67108896 4096 2147516932 1048576 5440 512 134217728 65536 2623488 0 3674112 2155873030 1146155296 352784 2688554770 480864 0 14340 1 2097152 9437184 0 0 268500992 0 4106 83886080 2149588992 28 0 8403972 0 0 8404992 256 0 268500992 4 147714 520093696 2147525248 17436 1 1210614960 202784 1581049004 460997 1077936145 2183397376 1 2097153 131080 570425344 0 0 5120 1073872896 2101264 1412 10400 6 3258974225 35921920 0 0 131080 33554432 0 16384 1024 1073873160 201330704 8576 10400 5 1175224324 5 1074282612 2056 8388608 133120 0 16 16809984 0 0 32768 0 258 268566528 34848 16384
is_linear=0
shrinkage=0.045


Tree=220
num_leaves=23
num_cat=18
split_feature=0 3 0 0 5 2 3 5 5 0 3 1 0 2 3 0 0 3 0 5 0 0
split_gain=2.47024 3.84102 1.33573 1.32263 1.14726 1.09013 2.12839 1.37611 2.0003 1.27237 3.22006 1.68648 2.05504 1.55832 1.44716 7.5879 3.39601 5.28093 2.98404 3.48953 2.85848 2.43271
threshold=0 1 2 3 3.3140206880897671 4 5 6.1537953943602615 5.5432204948189954 6 7 8 9 10 11 12 13 14 15 5.5816130673839615 16 17
decision_type=9 9 9 9 8 9 9 10 8 9 9 9 9 9 9 9 9 9 9 10 9 9
left_child=1 -1 -3 4 -2 6 -5 8 -8 10 -7 12 -11 -14 15 -13 17 20 19 -19 -16 -17
right_child=3 2 -4 5 -6 9 7 -9 -10 11 -12 14 13 -15 16 21 -18 18 -20 -21 -22 -23
leaf_value=-34.036841706590785 -59.949607552403826 81.574523672532393 -2.388549434267552 69.649037493341382 57.844252640006665 24.114391912427799 9.212209147450011 327.03975668004233 -34.879817984518233 -0.11102966593403835 -19.85465038075963 32.710913474419065 8.5305689813130083 304.2724732060887 -16.34741385471003 -18.394192475238032 -4.2617054313748302 -2.3757230509028702 15.100129079638972 -44.288351354283257 79.100183848414162 0.57304878185022967
leaf_weight=371 38 102 259 213 174 444 304 36 179 329 1135 1461 121 136 148 1055 10936 1220 487 202 818 2807
leaf_count=371 38 102 259 213 174 444 304 36 179 329 1135 1461 121 136 148 1055 10936 1220 487 202 818 2807
internal_value=-0.000110654 -0.00266129 0.000663539 -2.52752e-05 0.00341518 -6.02232e-05 0.00163306 4.23729e-05 -0.000603093 -0.000119305 -0.00134349 -2.0525e-05 0.00233278 0.00526952 -9.40144e-05 0.000535614 -0.000336938 0.00103654 -0.000339667 -0.00138075 0.00372699 -0.0005111
internal_weight=22975 732 361 22243 212 22031 732 519 483 21299 1579 19720 586 257 19134 5323 13811 2875 1909 1422 966 3862
internal_count=22975 732 361 22243 212 22031 732 519 483 21299 1579 19720 586 257 19134 5323 13811 2875 1909 1422 966 3862
cat_boundaries=0 12 14 25 38 39 41 54 56 58 61 62 64 78 92 94 108 121 134
cat_threshold=16452 1107296256 3321888832 4292 16777216 16780032 320 1024 128 69 8454176 8 2172667408 135740 0 33554432 1073741824 0 16777216 16777216 256 0 0 0 65536 0 0 0 2147483648 3221291008 32 0 0 0 1048576 0 64 4096 96 2156970000 2080 8519680 2158428256 268439681 512 0 0 0 268468224 4104 2164263170 2097168 271056896 1179648 9765906 8260 96 128 0 84934656 16 3 3374846344 54545 1076101120 0 0 8192 1572868 0 128 73728 32772 12616704 771751936 1049217 75499025 1 37752856 13328 0 32768 320 65 0 1073741888 591876 135712 4096 2147483652 2105344 20 10768 327782 4194312 12304 0 0 256 0 0 0 0 135168 0 2147483648 2097152 20 0 1024 0 32768 0 64 0 0 2052 0 4096 0 8192 2181042192 15376 0 0 256 64 0 0 0 135168 268439552 2147483652 8192
is_linear=0
shrinkage=0.045


Tree=221
num_leaves=23
num_cat=20
split_feature=0 3 5 0 2 0 3 0 0 0 3 0 0 3 0 0 0 3 5 1 0 3
split_gain=2.85886 3.43678 1.22814 1.22333 0.968725 5.42783 3.04764 3.24367 2.94276 2.50969 3.87429 3.33562 2.38719 1.89849 5.8122 4.85687 3.29435 2.8749 2.71355 4.25619 3.73814 2.70275
threshold=0 1 4.1820210059610323 2 3 4 5 6 7 8 9 10 11 12 13 14 15 16 5.5548938233105778 17 18 19
decision_type=9 9 8 9 9 9 9 9 9 9 9 9 9 9 9 9 9 9 10 9 9 9
left_child=1 2 -1 -2 9 -6 8 -8 -7 10 11 -5 -12 14 21 17 -16 -15 20 -20 -17 -11
right_child=3 -3 -4 4 5 6 7 -9 -10 13 12 -13 -14 15 16 18 -18 -19 19 -21 -22 -23
leaf_value=46.49521694267758 37.009775594787534 -16.523320102298019 -5.4082928103583248 1.543236386743938 -71.881861431844655 2.7958957106559499 53.813040234901742 1.549289183122637 -25.974653018975111 -7.0842874691196993 -28.145547234546829 95.211591632583364 23.845289009686347 -48.822287353859188 25.699739630681215 -10.019635736685887 -1.5786330715422809 0.7987045705939454 78.184001657629125 -2.9838411582341178 6.8385343518730224 -46.974900415828451
leaf_weight=87 121 479 134 232 391 1272 243 2264 1578 780 419 349 384 582 500 3011 3201 450 679 550 4578 691
leaf_count=87 121 479 134 232 391 1272 243 2264 1578 780 419 349 384 582 500 3011 3201 450 679 550 4578 691
internal_value=-0.000163533 -0.00297051 0.00164163 -7.36977e-05 -9.94767e-05 -0.000601562 -0.000222108 0.000920008 -0.00122642 7.6745e-05 0.00190186 0.00466695 -0.000138037 -9.27897e-05 -0.000789931 0.000273778 0.000163614 -0.00262931 0.000616648 0.00257717 0.000299368 -0.00317094
internal_weight=22975 700 221 22275 22154 5748 5357 2507 2850 16406 1384 581 803 15022 5172 9850 3701 1032 8818 1229 7589 1471
internal_count=22975 700 221 22275 22154 5748 5357 2507 2850 16406 1384 581 803 15022 5172 9850 3701 1032 8818 1229 7589 1471
cat_boundaries=0 12 14 26 27 40 42 55 68 81 83 96 109 111 125 139 153 155 157 171 173
cat_threshold=16448 3221225536 2248147008 2147487952 2164260864 2560 320 64 65664 69 8388640 655368 2152988784 65712 0 0 0 0 0 0 0 0 0 1048576 0 65 116 10715140 140292 536870912 0 0 0 0 65536 0 2155892736 0 1048576 1049600 709199378 481361 2147483648 4128 0 5 256 0 0 0 0 0 134221824 32768 32 33554432 32 1073741824 0 142606340 0 0 0 0 1073741840 136 2147484420 32773 12619796 0 536870912 0 8585472 0 0 16384 557056 24576 0 16790144 8942592 157848646 285216 0 0 0 0 8388864 0 0 0 0 0 0 8320 8192 36880 0 0 0 0 0 0 16384 32768 16384 0 16777216 8410112 368517742 173666 52428800 44040240 0 8704 573448 4 0 0 1024 11010304 218103808 2147485696 67111058 4 0 344064 0 32773 1074807360 16777473 0 1342211072 4 4325376 1912668160 36 0 2 0 262144 0 0 0 0 0 32768 2052 4329472 1375731712 1048580 0 2 2147505296 65668 50212 2049 2097152 83886096 1 2097664 134250496 64 0 65536 536872960 2627586 0 3146752 2147516936 16 18154060 131680
is_linear=0
shrinkage=0.045


Tree=222
num_leaves=23
num_cat=19
split_feature=0 3 0 5 0 0 5 4 0 0 3 3 3 0 0 3 0 3 0 5 0 0
split_gain=3.22886 4.28992 1.87624 1.5685 1.31354 0.982476 0.995895 0.920356 5.71622 4.98713 4.89749 4.66529 3.55937 5.0349 4.47688 4.23757 3.49042 3.23247 3.78796 3.03453 2.80478 2.41382
threshold=0 1 2 4.2696729980286863 3 4 4.816232960488728 5 6 7 8 9 10 11 12 13 14 15 16 6.3707564150300433 17 18
decision_type=9 9 9 8 9 9 8 1 9 9 9 9 9 9 9 9 9 9 9 8 9 9
left_child=1 5 3 -3 -2 -1 -7 8 10 11 16 20 14 15 -11 -14 -6 18 -10 -13 -9 -19
right_child=4 2 -4 -5 7 6 -8 9 17 12 -12 19 13 -15 -16 -17 -18 21 -20 -21 -22 -23
leaf_value=-3.0651873328562216 210.10066530803388 2.2800657910004882 24.015701629559334 -58.92790056350637 6.8429413690710312 -82.634154747145857 -14.221232046327149 -22.178733161003329 82.164181547491481 -25.863079952281513 2.2221998618983343 -9.0726482081242281 -54.181644259262683 7.307499975477767 -1.3573248790948855 -2.1920148845887524 188.58125687951025 -18.936112062749743 -67.606473772849895 71.944930289519135 -128.1173340299035 3.1186192293394925
leaf_weight=104 100 47 393 58 224 132 100 247 100 1155 785 899 240 5527 4702 1587 473 957 433 116 383 4213
leaf_count=104 100 47 393 58 224 132 100 247 100 1155 785 899 240 5527 4702 1587 473 957 433 116 383 4213
internal_value=-0.000143948 -0.00287234 -0.000176471 -0.00519231 -3.96109e-05 -0.00672414 -0.00848361 -6.4277e-05 0.000353764 -0.000266523 0.00283133 -0.00259354 2.55237e-05 0.000684225 -0.000801244 -0.00135808 0.0055536 -0.000295276 -0.00359174 -0.000679163 -0.00560748 5.21034e-05
internal_weight=22975 834 498 105 22141 336 232 22041 7185 14856 1482 1645 13211 7354 5857 1827 697 5703 533 1015 630 5170
internal_count=22975 834 498 105 22141 336 232 22041 7185 14856 1482 1645 13211 7354 5857 1827 697 5703 533 1015 630 5170
cat_boundaries=0 13 15 28 41 54 55 69 82 84 86 88 102 115 117 131 133 146 159 172
cat_threshold=16452 33554432 100663360 4304 2164260864 6656 320 64 65664 24645 8388640 524296 65538 2164315712 4620 16384 0 33554432 0 2147483648 0 64 0 0 4 8388608 0 2 536870912 0 0 0 65536 0 0 0 0 0 0 64 4096 4 0 0 64 0 0 0 0 65536 16384 8388640 0 2 2 6553600 67108896 0 0 268959744 1088 512 134217728 0 80248864 1610612736 1052676 2155914112 7 2359304 65568 3221229568 2147516932 1074790400 1345 512 134217728 0 2623488 1073741824 2101248 2155873028 3893919840 38948 143198742 34870 1329521892 460869 4198401 2147745792 1 2097153 268435464 0 0 0 537400320 1082134536 4096 17826820 67117217 6 42008576 75498576 536870913 0 557824 536870912 0 17408 32768 1026 86114432 268437504 50192 2 8320 0 67108864 0 0 524288 0 0 0 0 8388608 0 4 2147483648 4 4352 17248 0 8192 0 0 0 0 0 0 4 10 16777216 0 20 0 32 0 0 0 0 512 0 0 0 0 2097152 2147483652 33587200 10496000 0 0 8568832 0 0 268435456 8 131330 402653184 41632 16384
is_linear=0
shrinkage=0.045


Tree=223
num_leaves=23
num_cat=19
split_feature=0 3 0 5 5 0 3 0 3 2 0 5 0 3 0 0 0 3 0 3 0 0
split_gain=2.28255 3.23084 1.35885 0.95936 0.843415 4.36483 3.24078 2.26052 5.27315 1.80045 1.53315 1.93922 1.50217 1.45728 6.09903 5.67331 3.58099 2.8749 2.82265 3.8661 2.17506 1.69784
threshold=0 1 2 4.166635176627655 5.9335696915338003 3 4 5 6 7 8 6.5589065201527559 9 10 11 12 13 14 15 16 17 18
decision_type=9 9 9 8 10 9 9 9 9 9 9 10 9 9 9 9 9 9 9 9 9 9
left_child=1 3 -2 -1 7 6 -6 8 -4 -8 11 -7 -10 15 17 -9 -16 -15 19 20 -17 -21
right_child=2 -3 4 -5 5 10 9 13 12 -11 -12 -13 -14 14 16 18 -18 -19 -20 21 -22 -23
leaf_value=-3.0221728244477708 90.474230438077456 -20.114963017745321 -86.212944460296924 184.57657077658004 220.60285562029799 -4.3811634309815233 6.0640193748335145 10.126760984563971 -24.425042706818676 373.79837085929086 -1.5014533099466278 -140.81554556528769 15.99246246943796 6.7145526799322397 24.180999245483434 79.138853663059692 3.4779254525017493 -21.377810098759909 -3.5571969143299427 -108.8835002412671 -37.818551441863946 -19.608976897124485
leaf_weight=47 105 544 486 63 113 68 323 2070 392 136 1160 39 459 341 723 108 5630 1637 7889 205 200 237
leaf_count=47 105 544 486 63 113 68 323 2070 392 136 1160 39 459 341 723 108 5630 1637 7889 205 200 237
internal_value=-0.000106737 -0.0027027 -2.92169e-05 0.00405738 -5.46608e-05 0.000867735 0.0040839 -0.00013801 -0.00191809 0.00224522 -0.000615715 -0.00548319 0.000234647 -1.18098e-05 0.000434196 -0.000358875 0.00111351 -0.00174121 -0.000866085 -0.00348425 0.000421875 -0.00614537
internal_weight=22975 654 22321 110 22216 1839 572 20377 1337 459 1267 107 851 19040 8331 10709 6353 1978 8639 750 308 442
internal_count=22975 654 22321 110 22216 1839 572 20377 1337 459 1267 107 851 19040 8331 10709 6353 1978 8639 750 308 442
cat_boundaries=0 13 15 28 42 44 57 59 60 72 85 87 101 115 128 130 143 145 158 171
cat_threshold=16452 0 3288334336 4816 16777216 6656 256 0 65664 26724 8388640 8 65536 138543104 67712 0 0 0 0 1073741824 0 0 1024 0 0 0 64 4096 1109426176 0 0 0 32768 0 0 0 0 4718592 0 9216 49676 4 2148024320 25088 2097168 2156068944 301990016 0 294912 16777316 576 32768 0 3240099840 2162704 131072 1196544 2704560192 285056 7 0 4100 0 0 0 0 0 0 0 4098 4096 256 2097152 131072 0 0 32768 4 512 0 0 2097152 2097152 0 512 1515988522 207852 1107300352 2371584 4096 2097153 655616 1024 128 0 1024 24 1610612864 6177 2155872389 6 4096 1075859460 4096 2129925 2148007936 1024 128 268435520 1024 67108888 1073741824 2337 8390785 2 2168455168 0 0 8192 1130508 536871168 0 0 4100 33794 268566528 532496 258 604049856 295936 2147483648 2048 0 8192 1064972 536870913 0 16384 4100 33793 268435456 16785408 258 171967488 8904 2147483648 0 0 8192 1048576 0 0 0 0 32768 0 16777216 2 2147483648 0 0 8192 1048576 536870912 0 0 0 1024 0 16785408 258
is_linear=0
shrinkage=0.045


Tree=224
num_leaves=23
num_cat=17
split_feature=0 3 0 3 5 0 4 5 5 3 0 0 0 3 5 2 5 0 3 2 0 3
split_gain=2.25403 4.18784 1.20458 3.32293 1.28033 1.15722 1.18647 1.1816 1.11907 1.01442 7.90109 2.49288 2.30526 2.7519 2.0242 1.75177 2.41087 1.6207 4.28276 2.36309 1.63668 1.82753
threshold=0 1 2 3 6.0294818902459815 4 5 4.0859410030639109 4.9663289649179552 6 7 8 9 10 2.1383330595080281 11 6.2334293711344477 12 13 14 15 16
decision_type=9 9 9 9 8 9 1 8 8 9 9 9 9 9 8 9 8 9 9 9 9 9
left_child=1 -1 3 4 -2 6 7 -5 -3 10 14 -12 13 15 -4 16 -11 18 19 -14 21 -21
right_child=2 8 9 5 -6 -7 -8 -9 -10 12 11 -13 17 -15 -16 -17 -18 -19 -20 20 -22 -23
leaf_value=73.361964259648843 41.323361196704823 -6.0824133868424175 118.56344188635482 -38.180712713110481 -24.096946116263279 1.8258812379060145 1.9225720054043631 -78.32489997185661 -81.318414412075285 -28.69700197587801 -2.5314454791318894 -25.906755213288744 9.5523007813667942 -0.53671201493676557 21.638592696236373 -96.338502474779261 73.168423495660065 2.018866796727798 5.1637809645637205 28.211100659960138 -45.668859824391767 -51.994666100844043
leaf_weight=103 377 402 42 83 51 266 59 72 157 353 1350 1443 320 794 883 102 44 12526 2246 217 745 340
leaf_count=103 377 402 42 83 51 266 59 72 157 353 1350 1443 320 794 883 102 44 12526 2246 217 745 340
internal_value=-0.000106737 -0.00267062 -2.92273e-05 0.00156522 0.00439773 -0.0010061 -0.00338496 -0.00558917 -0.00421629 -9.77028e-05 -0.000772118 -0.00196524 4.4494e-05 -0.00177586 0.0028095 -0.0043591 -0.00280562 0.00018926 -0.000614691 -0.00236842 -0.00321918 -0.00130492
internal_weight=22975 662 22313 908 428 480 214 155 559 21405 3718 2793 17687 1293 925 499 397 16394 3868 1622 1302 557
internal_count=22975 662 22313 908 428 480 214 155 559 21405 3718 2793 17687 1293 925 499 397 16394 3868 1622 1302 557
cat_boundaries=0 13 15 28 30 43 44 46 60 74 88 90 91 105 107 108 121 123
cat_threshold=16448 1073741824 3288334336 4816 16777224 2560 256 1024 65664 16420 8454176 8 2162688 393730 67584 33751041 16384 0 8196 65540 257 0 0 526336 1050112 8 268443712 8392704 177259122 21120 33619969 0 0 8192 0 1 0 0 2048 1024 0 0 4096 4 304488970 459841 6291456 12308 0 2097153 134217728 0 0 8192 32768 655386 16777216 524820 2147516452 2 1073741824 8390688 536870913 0 131072 553648128 0 65536 0 1077936128 436211728 2150663168 67118089 4 4194320 84 33558528 2147483649 262144 36 640 0 32768 131088 1075838976 524293 278692 16 2701180964 18460 84 2097152 2147758112 536870912 2129920 2147631104 0 0 402726976 12 84412418 268435456 3146800 32768 2 1639979156 26760 99 0 0 0 2097152 0 0 0 65536 12 526336 268435456 2097168 32768 1631588352 24576
is_linear=0
shrinkage=0.045


Tree=225
num_leaves=23
num_cat=20
split_feature=0 0 3 5 0 4 5 0 3 0 3 0 0 3 0 3 3 3 0 4 0 0
split_gain=2.0566 1.45322 1.26973 1.17984 1.47326 0.967604 0.934456 4.4643 5.31478 4.73985 4.57127 4.13448 3.7111 5.13194 2.785 5.06299 2.64621 2.61642 5.47494 3.74214 3.19315 1.83637
threshold=0 1 2 4.9732735209982879 3 4 3.8176519431297078 5 6 7 8 9 10 11 12 13 14 15 16 17 18 19
decision_type=9 9 9 8 9 1 10 9 9 9 9 9 9 9 9 9 9 9 9 1 9 9
left_child=2 -2 5 4 -4 -1 7 10 11 -10 -3 16 13 -8 15 -14 -9 18 -16 -20 -19 -22
right_child=1 6 3 -5 -6 -7 12 8 9 -11 -12 -13 14 -15 17 -17 -18 20 19 -21 21 -23
leaf_value=41.771567676701416 21.273811198625424 -0.41659756221313726 2.4140985731002003 -74.983495245423512 -30.220727296605617 -4.0017376869756118 73.084680352067409 -31.790912103281443 23.607638814051569 0.22328005397343076 -73.290513597178375 -27.485102134027912 17.295326127629668 0.70321178951451657 -16.610190182507175 -33.567029085973807 21.161644113595539 21.354984783402905 -140.71821793061397 5.6376158344041682 -18.614612456246139 2.7633999221277916
leaf_weight=43 124 499 205 151 202 173 465 239 1066 2386 502 1883 491 923 2041 930 878 1535 87 2461 340 5351
leaf_count=43 124 499 205 151 202 173 465 239 1066 2386 502 1883 491 923 2041 930 878 1535 87 2461 340 5351
internal_value=-8.51939e-05 -5.0646e-06 -0.00234733 -0.00347368 -0.0022555 0.000592105 -3.3614e-05 -0.000443662 -6.96163e-06 0.00119515 -0.00322063 -0.00138944 0.000175373 0.00237857 -5.77446e-05 -0.00193126 0.000777236 0.000169316 -0.000669963 0.000720703 0.000702542 0.0002091
internal_weight=22975 22201 774 558 407 216 22077 7453 6452 3452 1001 3000 14624 1388 13236 1421 1117 11815 4589 2548 7226 5691
internal_count=22975 22201 774 558 407 216 22077 7453 6452 3452 1001 3000 14624 1388 13236 1421 1117 11815 4589 2548 7226 5691
cat_boundaries=0 12 25 27 38 39 52 54 68 70 84 97 99 112 114 116 118 131 132 145 159
cat_threshold=147520 0 3321888768 4816 269746176 2592 320 1024 65664 18532 8454144 8 65536 0 0 2147483648 0 0 0 0 0 0 0 65 262144 138711072 75952 0 0 3221225472 576 269484032 0 0 0 65536 16384 65536 2 1075839000 33570816 0 0 8 1024 0 134217728 0 78151937 1073741856 2097664 9985280 1515601992 275173 33816576 74804 536870912 0 142606340 536870912 0 268500992 0 4325384 805310464 17862800 132 1 2211336740 69636 12582912 16910340 0 2097152 256 0 0 8192 536904704 5136 318767120 2148008192 41019 6 1073741848 2147500032 4096 0 16973832 1024 0 134234112 2048 9470977 1073741824 548 9460992 692162636 24772 2164523008 65652 0 2097153 1073790976 4161 0 268435456 36864 131088 268435472 286789632 132 2157498434 76576 135266312 270849 3014493738 461121 33591296 86128640 0 8192 524288 0 0 65536 536871936 6295810 33554592 2149624208 512 1 33587200 18880512 0 8192 524292 0 0 0 1024 2097410 128 2140560 512 0 263168 0 0 2147483648 260 640 0 0 0 536875008 0 8192 5
is_linear=0
shrinkage=0.045


Tree=226
num_leaves=23
num_cat=18
split_feature=0 3 5 0 0 0 5 5 1 3 0 0 3 0 3 0 0 3 0 2 5 3
split_gain=2.11512 2.9696 1.81335 1.59819 1.27736 0.989214 1.10025 2.17818 0.912108 3.51261 2.72774 2.56437 1.32858 6.53348 3.23875 2.73954 2.39115 2.8016 1.99398 1.61892 1.95889 2.01309
threshold=0 1 4.9663289649179552 2 3 4 3.795426061844291 2.9700856263602158 5 6 7 8 9 10 11 12 13 14 15 16 5.7975752026129497 17
decision_type=9 9 10 9 9 9 10 10 9 9 9 9 9 9 9 9 9 9 9 9 10 9
left_child=1 2 5 -2 -3 -1 7 -7 9 10 -5 -11 13 14 -10 -15 17 19 -19 -14 21 -21
right_child=3 4 -4 8 -6 6 -8 -9 12 11 -12 -13 16 15 -16 -17 -18 18 -20 20 -22 -23
leaf_value=-0.52310456572486141 16.650270168749046 21.958767812319664 -186.50282404533527 -5.0355513393491851 -3.0573959128580279 -130.57631840156827 -59.758310607540842 41.109557490596345 86.335566482060642 -15.180501954618011 52.393249536211584 6.2047900338190445 57.793604367887106 -3.1054257154378138 2.5030410096087872 -26.276237174820871 -0.3661777573094514 -33.70081074916132 13.909563276304834 24.51262154323005 313.30861682189771 -58.873742229923664
leaf_weight=107 121 100 64 217 278 46 89 47 314 444 395 400 456 2009 1082 1630 14026 459 382 129 36 144
leaf_count=107 121 100 64 217 278 46 89 47 314 444 395 400 456 2009 1082 1630 14026 459 382 129 36 144
internal_value=-9.10693e-05 -0.00245289 -0.00536301 -1.21316e-05 0.000346154 -0.0039433 -0.00579897 -0.00260526 -4.16761e-05 0.00104223 0.00360577 -0.000841121 -0.000118599 -0.000753418 0.00185369 -0.00175637 8.62951e-05 0.00172435 -7.91325e-05 0.00367761 0.0010514 -0.000245455
internal_weight=22975 731 353 22244 378 289 182 93 22123 1456 612 844 20667 5035 1396 3639 15632 1606 841 765 309 273
internal_count=22975 731 353 22244 378 289 182 93 22123 1456 612 844 20667 5035 1396 3639 15632 1606 841 765 309 273
cat_boundaries=0 13 15 28 40 50 52 54 65 71 73 87 89 103 116 118 131 132 134
cat_threshold=16448 0 3590324224 4816 18087936 6688 256 1073742848 65664 2164260868 8454144 268435464 2097152 25712144 556 65536 0 64 2147483648 0 0 0 0 0 0 1073741824 64 65536 16384 0 67108864 0 16777216 0 256 0 0 0 8454144 268435456 0 0 1073741824 576 1048576 0 0 0 65536 16777216 2281734240 128 1138001456 136 0 1174536192 536870912 1 0 0 0 134217728 0 0 131072 0 27525120 4225 0 0 1024 655663648 131520 1107558400 0 0 0 276824320 536871168 0 0 34820 1086981384 33558528 17826052 2147521056 6 17825792 131328 6291472 4112 0 2105344 134742020 0 0 73728 536871936 2101248 134217872 2148011536 26632 1 2155876356 4 0 268443648 2147581952 0 0 49152 4096 1049665 603979808 139392 9568656 2282230978 64024 8388608 0 0 8192 32768 0 0 0 0 0 536870912 128 8389008 6 134742082 24576
is_linear=0
shrinkage=0.045


Tree=227
num_leaves=23
num_cat=17
split_feature=0 3 0 3 4 0 1 0 2 3 0 3 5 5 1 0 0 5 5 3 5 3
split_gain=2.2429 2.5876 1.53857 3.61775 1.7904 1.596 1.30331 1.06709 0.970013 1.34391 1.31611 4.94273 1.97957 2.68564 1.7504 1.83369 4.46477 1.66452 1.40936 2.17944 1.63213 1.30274
threshold=0 1 2 3 4 5 6 7 8 9 10 11 5.4004200416950168 4.3757372435704527 12 13 14 6.0124911652234827 5.4659459730803723 15 4.9522934739897151 16
decision_type=9 9 9 9 1 9 9 9 9 9 9 9 10 10 9 9 9 10 8 9 10 9
left_child=1 -1 3 5 -5 -2 -6 -3 9 -4 11 12 13 -10 15 -12 -17 18 19 -13 -21 -16
right_child=2 7 8 4 6 -7 -8 -9 10 -11 14 17 -14 -15 21 16 -18 -19 -20 20 -22 -23
leaf_value=38.07726693473338 0.01265733869135147 -4.4467065446263945 244.31004168240909 28.426298655630415 -158.20778583078288 79.362217318514013 -2.5209161523820511 -24.559668252046013 -76.01273782353384 1.3160383721813196 0.093787687227522828 -5.6012720638970492 -46.223394796371664 3.3221695135896878 -2.680959211755098 -17.610534824568241 526.57436075993053 -59.474744662474187 40.665966709228016 35.040821316118091 -31.635105172419205 0.92959817427319646
leaf_weight=115 101 231 142 117 121 252 218 228 398 600 339 546 102 247 8462 144 127 63 169 463 71 9719
leaf_count=115 101 231 142 117 121 252 218 228 398 600 339 546 102 247 8462 144 127 63 169 463 71 9719
internal_value=-9.30278e-05 -0.0028413 -2.10815e-05 0.00189099 -0.000769231 0.00523973 -0.00244135 -0.00434713 -9.37326e-05 0.00149204 -0.000150992 -0.00122767 -0.00412055 -0.00323416 -3.23087e-05 0.00231511 0.00500883 0.000441843 0.000809353 0.000207948 0.00222527 -0.000112543
internal_weight=22975 574 22401 809 456 353 339 459 21592 742 20850 2059 747 645 18791 610 271 1312 1249 1080 534 18181
internal_count=22975 574 22401 809 456 353 339 459 21592 742 20850 2059 747 645 18791 610 271 1312 1249 1080 534 18181
cat_boundaries=0 12 14 27 29 30 42 44 56 57 59 72 74 76 87 98 100 102
cat_threshold=16452 1073741824 3288334528 720 2164260864 2560 256 268451840 65664 5 8388608 8 4472864 83984 200712 0 0 8196 65536 5 64 1207959552 526336 1049600 1073741832 65 8454272 2282276434 279040 2 0 0 0 4 0 0 0 1073741824 2048 1048576 8 1 134234114 2052 16388 1073741824 3221225472 512 0 2048 0 16384 65536 4 8388608 8 96 16 36 0 2166685732 838864897 32768 1074790400 96 0 1024 8 2164277826 805306368 3674112 131072 2871788292 245896 96 128 0 109051904 0 0 0 0 0 0 0 0 65536 0 131072 0 1 0 0 0 0 0 0 131072 1086346256 4384 395767410 436544
is_linear=0
shrinkage=0.045


Tree=228
num_leaves=23
num_cat=20
split_feature=0 3 0 2 3 0 3 0 3 1 3 0 0 0 3 0 3 5 5 0 3 0
split_gain=2.44069 1.47536 1.42406 0.952188 2.82368 1.26865 5.53077 1.8567 1.78138 1.6751 1.40797 6.67886 5.75364 3.74973 3.16722 3.04564 2.37673 2.02931 2.09888 3.42043 2.02421 2.88476
threshold=0 1 2 3 4 5 6 7 8 9 10 11 12 13 14 15 16 1.2424533248940004 3.2384861814448418 17 18 19
decision_type=9 9 9 9 9 9 9 9 9 9 9 9 9 9 9 9 9 8 8 9 9 9
left_child=1 -1 -2 4 -4 6 7 -5 -8 -10 11 16 -12 14 -13 -14 -7 -17 19 -19 -20 -22
right_child=2 -3 3 5 -6 10 8 -9 9 -11 12 13 15 -15 -16 17 -18 18 20 -21 21 -23
leaf_value=24.035682321891255 32.463563952821133 -25.640524673076232 255.81468204762217 -0.0459464433827452 -0.31732824146725758 -8.2666613900895385 -5.3782702746448923 -102.24939466840634 -2.6784788502108858 52.095367876280214 28.439005864790978 66.806127280077902 -14.201178866390473 -1.1979560940481497 2.4780723980317996 97.773332339081804 -48.22290977761164 8.3310831273867727 -0.32321081753572795 -83.298522208481202 -2.2260416291410547 32.510674706103146
leaf_weight=118 108 427 106 108 305 736 872 356 104 346 1634 438 1865 6378 661 142 794 214 4529 490 866 1378
leaf_count=118 108 427 106 108 305 736 872 356 104 346 1634 438 1865 6378 661 142 794 214 4529 490 866 1378
internal_value=-8.71524e-05 -0.00302962 -1.40362e-05 -4.02973e-05 0.00207447 -8.10792e-05 -0.00122636 -0.00538866 0.000269865 0.00253247 2.12296e-05 -0.000396663 0.000359838 0.000159234 0.00257201 -6.63437e-05 -0.00309339 0.00033318 0.000231649 -0.0021034 0.000474908 0.0015758
internal_weight=22975 545 22430 22322 411 21911 1786 464 1322 450 20125 9007 11118 7477 1099 9484 1530 7619 7477 704 6773 2244
internal_count=22975 545 22430 22322 411 21911 1786 464 1322 450 20125 9007 11118 7477 1099 9484 1530 7619 7477 704 6773 2244
cat_boundaries=0 13 15 27 28 30 43 45 54 56 57 59 73 87 101 103 117 119 131 133 147
cat_threshold=147524 1048576 3288334480 4816 262144 2592 0 16384 65664 2147483716 8388608 131080 65536 6029312 73872 65536 0 64 0 0 0 0 0 0 0 0 65 32 2147484688 36 262145 2149924896 805306368 32769 1074839552 1 0 268435456 32776 84033539 268435456 1572864 131072 725877760 33448 262144 262144 0 1 1048576 0 0 0 32768 606740 219156 536888356 2276909570 467303 2147516416 58722304 4096 4 268435460 324 128 32768 0 2129920 201326592 12416 1056147 1 2147520512 41945088 4096 0 68 4352 128 1073775616 0 1075841024 67108864 12416 9444627 1 1111490584 80 0 0 520 1024 256 64 6148 272 33689616 34852 2150113312 16 26230784 139360 54525976 8256 0 2097152 16777224 1024 0 134217728 4100 525072 33689616 35844 2149589028 16 2265088002 65540 0 1028 0 0 8519936 0 0 73728 0 0 150995072 256 671683696 22544 2097152 67112980 1 0 276955392 536870912 0 8192 0 32768 16777216 2147483664 67142144 4
is_linear=0
shrinkage=0.045


Tree=229
num_leaves=23
num_cat=20
split_feature=0 0 3 5 1 3 0 0 3 5 3 0 0 3 0 0 0 0 3 3 3 0
split_gain=2.31225 1.28854 0.930827 0.908024 0.88953 5.20432 3.10304 2.85493 2.75221 2.34522 1.97553 6.64341 6.64259 3.97853 3.71893 3.59846 3.48638 3.26202 2.6484 2.61527 1.9346 2.31348
threshold=0 1 2 4.0342014792848504 3 4 5 6 7 3.5114340430413216 8 9 10 11 12 13 14 15 16 17 18 19
decision_type=9 9 9 10 9 9 9 9 9 8 9 9 9 9 9 9 9 9 9 9 9 9
left_child=2 -2 3 -1 5 6 -3 8 9 -7 11 19 13 14 -12 -15 -13 18 -14 -6 -19 -22
right_child=1 4 -4 -5 10 7 -8 -9 -10 -11 12 16 17 15 -16 -17 -18 20 -20 -21 21 -23
leaf_value=99.825035285896732 44.346382690351234 -17.39602549951336 -20.180274841171265 -19.679001056747584 1.8020942306598589 -220.50006005592203 3.6769053418383555 32.729633114273781 -11.131046490164644 45.268810852256884 -12.689191409583836 -1.4863661762356968 29.001488649215279 10.374918406792785 39.509855740987113 91.983409139245921 -17.035756283954832 -19.696384096227412 -0.4734364284577714 33.8102388525664 7.1161238144966772 -18.032022613776999
leaf_weight=73 102 1688 501 38 1007 43 841 1168 538 342 534 3652 779 340 463 560 3789 1903 2240 799 825 750
leaf_count=73 102 1688 501 38 1007 43 841 1168 538 342 534 3652 779 340 463 560 3789 1903 2240 799 825 750
internal_value=-0.000110654 -3.51955e-05 -0.0028125 0.000914634 -5.96013e-05 0.000495466 -0.000876623 0.0021505 0.000264706 0.00311713 -0.000205206 -0.000658548 0.000294433 0.00262834 0.00064668 0.00478618 -0.00125285 -0.000390613 0.000690366 0.00178218 -0.00132808 -0.000155955
internal_weight=22975 22363 612 111 22261 4620 2529 2091 923 385 17641 9247 8394 1897 997 900 7441 6497 3019 1806 3478 1575
internal_count=22975 22363 612 111 22261 4620 2529 2091 923 385 17641 9247 8394 1897 997 900 7441 6497 3019 1806 3478 1575
cat_boundaries=0 13 26 28 30 32 43 53 55 57 70 83 85 98 111 125 139 141 143 145 159
cat_threshold=147524 1074790400 3288334416 4304 262144 2592 64 268468224 128 4 8388608 16777224 2162690 0 0 4096 0 0 0 0 0 0 0 0 64 8388608 4457472 196752 2147537252 130 2315732446 340837 294912 33816576 536870912 4 411042624 1284 0 0 0 40 196608 48267264 94502912 1 513 134217728 4160 0 0 0 64 1075318784 2200 1172090400 167388 4097 81984 0 32768 131072 16777216 896 73728 1024 1155665920 1073746064 268441888 2148532224 16777224 20 0 0 16842756 536870912 0 1207975936 6144 33793 620757000 2148048896 38320 134303818 352800 0 16 0 0 4 536870912 0 0 2048 32768 67108864 2148007936 32800 0 4 0 0 4 0 0 0 4096 1024 16777216 32768 4240 1073741824 15360 0 2097152 1048576 0 0 0 536870916 540674 167772160 1049733 67140105 3 2147487760 12320 0 8192 524288 0 0 1024 98304 1050882 404750336 2097812 67136013 4 2147484106 328192 8652320 2180 2181185950 546 1073741824 2048 0 2097152 32768 0 0 0 536870916 15339520 128 1024 2147483648 3
is_linear=0
shrinkage=0.045


Tree=230
num_leaves=23
num_cat=17
split_feature=0 3 0 0 5 1 3 0 0 5 5 3 5 3 4 0 3 5 3 3 0 0
split_gain=2.37796 1.4606 1.43968 1.26545 1.34136 0.816413 4.16967 3.32888 2.74081 3.40713 1.88941 2.80152 1.71168 1.90596 1.53011 1.83535 1.47731 1.43238 1.42784 1.38411 6.1514 4.93265
threshold=0 1 2 3 3.4811217321331038 4 5 6 7 5.5548938233105778 4.5485858369352732 8 2.8617925509761908 9 10 11 12 4.7229433450037179 13 14 15 16
decision_type=9 9 9 9 10 9 9 9 9 8 8 9 10 9 1 9 9 8 9 9 9 9
left_child=1 -1 -2 -3 -5 6 7 10 9 -8 11 -4 -10 14 -14 -16 -12 -18 -9 21 -21 -7
right_child=2 3 5 4 -6 19 8 18 12 -11 16 -13 13 -15 15 -17 17 -19 -20 20 -22 -23
leaf_value=-44.261506225189329 5.7969075615234029 7.2845418960272941 -115.45676808831929 1.1970997674155115 -33.31177723929904 14.843635533442775 -11.489745701566825 53.560687091311301 126.8112407746529 117.61948370839193 -34.78844704758172 -10.568888082422745 96.37513372811307 51.223139852584808 -95.614228010973164 16.574036660209966 96.713122267277541 -2.2298597836146654 -1.3587984614140258 25.243369887446971 -2.2801878624952221 -5.8842715637992837
leaf_weight=206 257 217 265 92 170 1760 398 454 133 96 115 477 96 754 106 128 64 529 434 1754 6966 7504
leaf_count=206 257 217 265 92 170 1760 398 454 133 96 115 477 96 754 106 128 64 529 434 1754 6966 7504
internal_value=-9.10693e-05 -0.00267934 -1.00888e-05 -0.00123727 -0.00328467 -5.00113e-05 0.000526348 -0.000708511 0.00220691 -0.00062253 -0.00203146 -0.00362903 0.00335028 0.00277624 -0.000131579 -0.00209746 -0.000380282 0.000557851 0.00145 -0.00018004 0.000226752 -0.000562743
internal_weight=22975 685 22290 479 262 22033 4049 2338 1711 494 1450 742 1217 1084 330 234 708 593 888 17984 8720 9264
internal_count=22975 685 22290 479 262 22033 4049 2338 1711 494 1450 742 1217 1084 330 234 708 593 888 17984 8720 9264
cat_boundaries=0 12 14 27 39 41 43 54 65 67 69 70 81 83 85 87 101 114
cat_threshold=147520 1074790400 2248147088 4304 17039368 2592 64 32768 65664 2214594564 8454144 524296 2298479632 4632 33554432 0 64 2415919108 66048 0 0 0 0 0 0 64 2359296 16384 0 67108992 0 16777224 2048 0 0 0 2214592512 65536 524288 2147533156 162 2315703254 504357 294912 35913728 536870913 0 134217792 1092 0 0 0 104 131216 14745600 84017152 1073741825 1 268435456 64 0 0 0 16 131104 2315255826 4608 74784 194 2 0 0 0 0 134217728 0 0 0 0 8 128 2147749952 65568 134517266 516 1409198594 165116 9 9236 0 8192 540676 536870912 256 1476395008 4096 32768 218103808 12416 3472 5 1073741840 65600 0 32768 0 16777216 640 73728 3072 1088552960 1107300352 268437797 2156920864
is_linear=0
shrinkage=0.045


Tree=231
num_leaves=23
num_cat=18
split_feature=0 3 5 0 2 1 0 3 3 0 3 5 5 2 0 4 1 0 3 3 1 5
split_gain=2.27616 2.06272 2.5023 1.52142 0.887064 6.65419 3.69183 4.8215 3.4471 4.33517 1.89144 2.79541 1.60042 1.44039 3.94035 2.19997 2.87378 2.33699 3.11775 2.12494 2.10458 2.01615
threshold=0 1 3.9607678160667752 2 3 4 5 6 7 8 9 5.2704288588135384 3.9607678160667752 10 11 12 13 14 15 16 17 3.0677824455408698
decision_type=9 9 8 9 9 9 9 9 9 9 9 8 10 9 9 1 9 9 9 9 9 10
left_child=1 2 -1 -2 5 8 7 -6 9 -5 -7 -12 -9 14 19 16 -15 18 -17 -8 -16 -22
right_child=3 -3 -4 4 6 10 13 12 -10 -11 11 -13 -14 15 20 17 -18 -19 -20 -21 21 -23
leaf_value=231.39865835235702 65.995278530863686 -23.57136462709348 -8.3127952251007802 -2.638975990659628 117.93024415506683 268.8842433660252 18.802702091562534 -5.4266938807580658 1.5096879517696107 -102.12122451767056 93.787262881634959 -38.756733471584013 31.595029238283839 14.12010324548497 -113.23396912285392 -0.64568958815936639 -152.83644271620457 -0.39291220375638658 14.518362264088081 -6.8753190907959105 8.2382169784972206 -30.40573348263737
leaf_weight=38 102 344 73 396 235 103 594 490 632 401 111 99 342 114 228 1189 143 13831 1142 1776 163 429
leaf_count=38 102 344 73 396 235 103 594 490 632 401 111 99 342 114 228 1189 143 13831 1142 1776 163 429
internal_value=-0.000118488 -0.00322805 0.0020122 -5.39233e-05 -8.02497e-05 -0.00105188 2.17517e-06 0.00256487 -0.00235774 -0.00431088 0.00477692 0.00202703 0.000906398 -0.000138754 -0.00101187 3.14953e-05 -0.00408301 9.74388e-05 0.00141165 -7.55668e-05 -0.00367788 -0.0021606
internal_weight=22975 455 111 22520 22418 1742 20676 1067 1429 797 313 210 832 19609 3190 16419 257 16162 2331 2370 820 592
internal_count=22975 455 111 22520 22418 1742 20676 1067 1429 797 313 210 832 19609 3190 16419 257 16162 2331 2370 820 592
cat_boundaries=0 12 14 27 28 30 43 45 47 60 62 63 76 77 79 92 94 96 98
cat_threshold=16449 2148532224 2214592656 4688 2164260872 16779777 0 0 128 4 8388608 8 540672 71808 0 0 0 2415919104 66048 0 0 0 0 0 0 64 262144 1 89 3184 2181038080 0 33554432 4 268435456 0 0 0 0 1073741824 4280 2688 11534497 168309784 131088 172299796 154240 1073741824 0 0 0 0 0 0 0 0 1073741824 16 268469248 25 138412576 16512 2 0 135172 0 1 8388612 33554432 0 8192 536870912 24 0 2147517700 32796 1 20 1026 14716956 69632 536870912 0 8519936 0 0 0 589828 26688 1090519040 131328 27904 1672805904 49428 110364160 10914 1048592 69120
is_linear=0
shrinkage=0.045


Tree=232
num_leaves=23
num_cat=17
split_feature=0 3 0 4 0 5 1 5 3 0 0 3 5 3 3 1 0 3 5 0 3 5
split_gain=2.6079 1.96108 1.37799 1.36629 1.14419 1.00319 1.93864 1.23671 5.73173 3.79486 1.90792 2.53099 2.33398 4.06809 2.44601 1.47142 1.43098 1.52232 1.58473 1.28329 4.22116 1.90802
threshold=0 1 2 3 4 1.2424533248940004 5 2.740319461670996 6 7 8 9 3.9796379800581989 10 11 12 13 14 4.7833076179467886 15 16 5.7975752026129497
decision_type=9 9 9 1 9 8 9 8 9 9 9 9 8 9 9 9 9 9 10 9 9 8
left_child=1 -1 3 -2 -3 6 -4 8 -7 -10 11 -9 13 -13 -14 -15 -16 -18 -19 20 -12 -22
right_child=2 4 5 -5 -6 7 -8 10 9 -11 19 12 14 15 16 -17 17 18 -20 -21 21 -23
leaf_value=1.6314311909643584 -91.338475624482129 -0.97487368668458652 -40.454959811762635 151.9047626625497 -50.165561957068128 -98.697822572412079 28.755793091992182 30.776169820515932 144.14623891388564 -2.2562101996565613 18.204231841138316 75.814458790495991 -59.364706501496329 -100.49890057907523 54.86040523776726 3.818766636031687 74.338626002342139 -64.342976687786717 7.9650375074673496 -0.279864459959208 -28.711495299028247 3.6941331992002961
leaf_weight=225 42 111 110 63 254 366 432 426 100 564 468 239 305 110 160 165 126 188 103 17163 1027 228
leaf_count=225 42 111 110 63 254 366 432 426 100 564 468 239 305 110 160 165 126 188 103 17163 1027 228
internal_value=-0.00014199 -0.00306478 -6.32897e-05 0.00480769 -0.00507294 -8.88211e-05 0.00181985 -0.000136615 -0.00165698 0.000865385 -6.08402e-05 0.00132497 0.000383523 0.0027907 -0.0010181 -0.00101916 0.000725806 -0.000681818 -0.0024505 -0.000195259 -0.00136167 -0.00271705
internal_weight=22975 590 22385 105 365 22280 542 21738 1030 664 20708 1822 1396 514 882 275 577 417 291 18886 1723 1255
internal_count=22975 590 22385 105 365 22280 542 21738 1030 664 20708 1822 1396 514 882 275 577 417 291 18886 1723 1255
cat_boundaries=0 13 15 27 28 41 43 45 58 72 74 76 78 80 93 95 108 110
cat_threshold=16448 2148532224 2214592528 4688 2432696840 2561 0 0 128 2068 8519680 8 2097152 155783680 71824 0 0 0 0 65536 0 0 0 0 64 32 64 2 0 0 2214592512 64 2147484160 2048 0 0 0 4 0 0 2097152 526352 520 1125270032 61960 2147483648 8224 0 0 0 0 0 8192 0 8 0 0 2147484672 8519696 65536 0 268435456 131072 33559552 0 1073775616 4104 67239970 69206016 164352 9197600 18 2181169160 25380 29377040 135176 29360210 196680 32768 2049 0 0 0 0 0 1024 0 0 0 0 0 512 2048 135824384 2048 2147483652 33816596 536870912 32772 1081344 320 448 8256 32768 512 805306496 17305601 131456 1180338178 6144
is_linear=0
shrinkage=0.045


Tree=233
num_leaves=23
num_cat=19
split_feature=0 0 3 4 1 3 0 3 0 0 0 3 0 0 3 5 5 3 0 3 0 5
split_gain=1.88639 1.29968 1.19053 0.855964 0.849911 6.81252 4.0116 3.52617 6.08123 5.48388 3.03715 3.06932 2.92854 2.92231 2.633 2.45851 2.44364 2.10143 2.06232 1.93449 4.12031 2.54822
threshold=0 1 2 3 4 5 6 7 8 9 10 11 12 13 14 2.3502401828962087 2.3502401828962087 15 16 17 18 6.3465127852423047
decision_type=9 9 9 1 9 9 9 9 9 9 9 9 9 9 9 10 8 9 9 9 9 8
left_child=2 3 -1 -2 5 6 15 9 -9 -6 14 -12 -11 19 16 -3 -7 -15 -13 21 -21 -10
right_child=1 4 -4 -5 7 10 -8 8 13 12 11 18 -14 17 -16 -17 -18 -19 -20 20 -22 -23
leaf_value=5.3818376050158436 209.31517152894341 210.36434841086626 -24.83009950886888 6.2788945516658714 -23.606896624108412 38.129879079339368 -28.655511469554149 -13.767416733898571 -4.4278771393204988 14.329085114987528 7.1007519193559343 0.34770105382765903 -1.9790639598076996 10.060308687917477 31.729776478699385 -0.61098062545275755 -0.51772952194431121 41.585363679677918 -38.666062002215511 -0.54178533034000786 55.25067072580854 88.137456032590961
leaf_weight=110 44 52 343 58 2481 48 1795 1444 2070 952 984 384 4686 1578 1015 522 969 1114 669 856 576 225
leaf_count=110 44 52 343 58 2481 48 1795 1444 2070 952 984 384 4686 1578 1015 522 969 1114 669 856 576 225
internal_value=-0.000114571 -5.59155e-05 -0.00295161 0.00473684 -8.02425e-05 -0.000516279 -0.0024286 9.56609e-05 0.000774286 -0.000561739 0.000600956 -0.000625915 0.000215044 0.00136798 0.0018273 0.00084471 0.000196793 0.0024963 -0.00230282 0.000547606 0.00183864 -0.000263329
internal_weight=22975 22522 453 102 22420 6438 2369 15982 7863 8119 4069 2037 5638 6419 2032 574 1017 2692 1053 3727 1432 2295
internal_count=22975 22522 453 102 22420 6438 2369 15982 7863 8119 4069 2037 5638 6419 2032 574 1017 2692 1053 3727 1432 2295
cat_boundaries=0 13 26 28 29 31 33 44 46 60 73 85 87 101 115 117 119 129 131 144
cat_threshold=16448 1048576 2214592528 4176 2147746312 2592 256 0 128 84 8388608 8 2097152 131072 0 0 0 65536 0 64 1073741824 0 0 0 64 262144 17825794 69776 4 2015112337 376 4077521008 229554 0 2096 0 0 32768 0 512 122880 3072 1074790400 32 183871242 335685 33619976 75497472 1073745921 512 268435712 1025 0 0 0 1 404881408 268438560 76566528 2 2160328708 33554432 536870912 129 134217792 4420 0 0 536870912 5376 67108864 2630400 11826 4113 94212 0 2138112 1572868 0 0 402653184 32772 78282752 536871064 1 10593410 11788 33619976 1082130432 4097 516 256 1024 0 0 0 35 270532608 268437536 76566528 2 1073774592 52822016 0 4 8388608 320 0 0 0 2058 1124139008 2167410708 2147516429 17 14808196 11784 2232027152 170 0 3088 0 0 16908288 0 0 16384 66560 5259264 2685030404 57496 1073741824 33554432 0 0 8388608 64 0 0 0 10 50331648 16777236 32780
is_linear=0
shrinkage=0.045


Tree=234
num_leaves=23
num_cat=18
split_feature=0 3 0 1 2 3 5 5 5 0 3 3 0 0 3 0 0 3 4 3 0 5
split_gain=2.18222 1.64354 1.37308 1.23143 1.10258 2.44914 1.52589 1.93946 1.14083 1.06799 4.98281 1.31789 5.94169 4.28978 3.45447 2.95833 2.92098 4.7717 2.6828 2.28632 2.21325 2.52023
threshold=0 1 2 3 4 5 5.4531797844617023 4.6101453514146771 2.9174053685313028 6 7 8 9 10 11 12 13 14 15 16 17 6.3198682039985092
decision_type=9 9 9 9 9 9 8 10 10 9 9 9 9 9 9 9 9 9 1 9 9 8
left_child=1 3 -2 -1 5 6 7 -4 -7 10 -6 12 -11 14 -13 19 17 -15 -16 -14 21 -20
right_child=2 -3 4 -5 9 8 -8 -9 -10 11 -12 13 15 16 18 -17 -18 -19 20 -21 -22 -23
leaf_value=-5.5397595876742525 40.878116569152553 -21.571938394771642 -32.041288724176049 73.638924910839009 -42.932871439564025 1.3830167038713261 -22.907867675211364 154.2918664966854 172.79672276577483 12.83471713616408 2.1904121341538847 71.503376650243439 1.0840586395036189 -74.844794976570483 -111.85546451329249 -5.3304083550816355 0.88383663819389768 -1.9512258859520806 -11.033166656455196 -81.755914464063409 55.651718942167989 339.54239624223527
leaf_weight=126 114 461 97 157 602 116 94 37 220 2110 1241 249 102 435 61 4422 9954 1059 482 287 512 37
leaf_count=126 114 461 97 157 602 116 94 37 220 2110 1241 249 102 435 61 4422 9954 1059 482 287 512 37
internal_value=-0.000122405 -0.0025 -4.14737e-05 0.000228814 -6.81233e-05 0.001875 -0.0016875 0.00132353 0.00426724 -0.000119986 -0.00115229 -2.28172e-05 -0.000522501 0.000247832 0.00264412 -0.00139488 -3.53403e-05 -0.00188247 0.00150815 -0.00510599 0.00206922 -4.23729e-05
internal_weight=22975 744 22231 283 22117 564 228 134 336 21553 1843 19710 6921 12789 1341 4811 11448 1494 1092 389 1031 519
internal_count=22975 744 22231 283 22117 564 228 134 336 21553 1843 19710 6921 12789 1341 4811 11448 1494 1092 389 1031 519
cat_boundaries=0 13 15 28 30 31 33 46 48 50 63 77 79 92 106 108 109 111 125
cat_threshold=16448 1310720 2214592592 4112 2147516936 2560 64 268435456 128 2132 8388608 524296 262146 20975728 78000 65536 0 0 268435456 65536 0 0 0 0 0 0 64 2097152 33120 3 96 2169000992 20608 393216 2183200868 838865025 32768 1073741828 33 0 0 4104 2164391939 536870912 3145728 147456 721436964 397976 2510594586 467041 1090519064 9232 0 129 8388608 570425344 0 0 67588 16384 1392578608 2147491076 2147491840 2155909124 1073758208 0 8256 17842176 5184 384 1073742848 4 1142980608 0 129 1054880 4 34608132 784 2147516420 131072 0 8192 1048576 1088 0 0 0 2129920 0 1 6144 16777232 16 0 133 0 536870912 512 64 65536 16896 302059528 2147487748 256 16 1612190784 49936 1 25198592 8256 36868 1073758208 0 0 1064960 1024 0 0 0 67108864 0 1 4256 4
is_linear=0
shrinkage=0.045


Tree=235
num_leaves=23
num_cat=17
split_feature=0 3 5 5 0 2 1 0 3 3 0 3 0 5 5 2 0 1 3 0 3 5
split_gain=2.43603 1.58498 1.94446 1.50967 1.22465 1.02118 5.88704 3.46808 3.3754 2.96864 2.62638 2.1341 2.10727 1.99002 1.95105 1.5675 3.82826 2.94861 2.72023 1.94212 4.20654 1.89226
threshold=0 1 3.4811217321331038 4.7140145363037149 2 3 4 5 6 7 8 9 10 5.2704288588135384 3.3140206880897671 11 12 13 14 15 16 5.9175479584402915
decision_type=9 9 10 10 9 9 9 9 9 9 9 9 9 8 10 9 9 9 9 9 9 8
left_child=1 -1 -3 -4 -2 6 8 9 10 -7 -6 -8 -10 -13 -11 16 18 -18 -9 20 -17 -22
right_child=4 2 3 -5 5 7 11 15 12 14 -12 13 -14 -15 -16 19 17 -19 -20 -21 21 -23
leaf_value=-50.948832758301904 214.82341955096985 44.011997246956668 -27.960297748534213 6.589494940151071 -4.917284470402592 -3.3449955595655956 257.08944059693073 21.641495115121998 4.9591859702090186 9.9589809613619575 -112.82801637419172 94.01455731430778 -43.255499039793818 -29.532834417292978 100.16516538532765 34.242446838568249 -81.145279382936423 -3.9924265635415574 -7.8770811723049698 -0.53237010851975353 -5.3439050391917045 106.33392685082784
leaf_weight=244 119 108 167 134 245 342 100 538 562 179 319 99 294 95 350 726 434 413 1775 14545 1024 163
leaf_count=244 119 108 167 134 245 342 100 538 562 179 319 99 294 95 350 726 434 413 1775 14545 1024 163
internal_value=-0.000124363 -0.00280827 -0.00101544 -0.00289604 -4.4327e-05 -6.98852e-05 -0.00112109 1.86576e-05 -0.00232542 0.00277746 -0.005 0.00455882 -0.000518433 0.00152913 0.00486599 -0.000105451 -0.00102144 -0.00358847 -6.77419e-05 7.10383e-05 0.00141429 -0.000243953
internal_weight=22975 653 409 301 22322 22203 1714 20489 1420 871 564 294 856 194 529 19618 3160 847 2313 16458 1913 1187
internal_count=22975 653 409 301 22322 22203 1714 20489 1420 871 564 294 856 194 529 19618 3160 847 2313 16458 1913 1187
cat_boundaries=0 13 15 28 29 31 44 46 48 61 63 76 77 90 92 94 108 110
cat_threshold=131136 1048576 2248146960 4176 2164523520 2656 64 0 128 2147483732 8388608 655368 2359298 2281702968 21000 0 0 0 0 65536 0 0 0 0 0 0 96 4096 1 89 3184 2147483648 0 0 4 4 0 0 0 0 1073741824 4280 2688 1048609 168104976 150144 550224454 73888 1073741824 0 0 0 0 0 0 0 0 1073741824 16 33024 1 138412576 16512 1073741824 0 0 0 0 0 0 0 0 0 128 268437248 9 2 33554432 135172 0 1 8388608 33554432 0 8192 536870912 8 0 2147484932 32796 1048854 68616 43057696 10914 14733340 65536 536870912 0 8388864 0 512 32768 524292 24576 1090519040 16781328 8922496 2 3362456902 315912
is_linear=0
shrinkage=0.045


Tree=236
num_leaves=23
num_cat=19
split_feature=0 3 0 0 1 5 5 0 0 3 3 0 3 0 3 0 0 3 2 3 5 3
split_gain=2.25506 2.13214 1.30277 1.27524 0.952213 0.935243 0.865661 3.89732 3.80931 4.73319 3.1965 2.76867 4.7984 2.65444 3.3537 6.46495 5.10426 2.97099 2.16135 2.15062 2.02784 2.48081
threshold=0 1 2 3 4 3.5408542930527882 4.1820210059610323 5 6 7 8 9 10 11 12 13 14 15 16 17 2.8029010331479989 18
decision_type=9 9 9 9 9 10 10 9 9 9 9 9 9 9 9 9 9 9 9 9 10 9
left_child=1 4 -2 -3 -1 -5 7 10 9 -8 -4 12 -10 17 15 -15 19 -9 -19 -16 21 -17
right_child=2 3 6 5 -6 -7 8 13 11 -11 -12 -13 -14 14 16 20 -18 18 -20 -21 -22 -23
leaf_value=-2.5720547019259539 79.446457087434894 23.756150927649212 1.4172296691251358 14.107216633512872 -61.813325812305557 -18.162792641294725 -58.658126087594241 -3.6492995516637894 5.5386319355665181 38.071889351568821 -52.731995923269309 1.0330335299128273 -30.12177713787565 3.8326172951645092 1.0623204634444845 -24.937031685826714 -3.4127301407839332 0.7448074145500504 46.017845885887759 36.041839959452936 -26.376431506852821 -179.87536897853644
leaf_weight=103 111 100 354 65 253 133 105 609 585 635 796 9794 734 1480 564 248 3030 283 447 1058 1358 130
leaf_count=103 111 100 354 65 253 133 105 609 585 635 796 9794 734 1480 564 248 3030 283 447 1058 1358 130
internal_value=-0.000122405 -0.0027027 -4.53365e-05 0.000145161 -0.00501359 -0.00192857 -7.08757e-05 -0.000371416 0.000191691 0.00329122 -0.00282702 -1.82022e-05 -0.00194403 -6.10153e-05 -0.000376904 -0.00149164 0.000395583 0.00178201 0.00369946 0.0024235 -0.00334668 -0.00627632
internal_weight=22975 654 22321 298 356 198 22210 10357 11853 740 1150 11113 1319 9207 7868 3216 4652 1339 730 1622 1736 378
internal_count=22975 654 22321 298 356 198 22210 10357 11853 740 1150 11113 1319 9207 7868 3216 4652 1339 730 1622 1736 378
cat_boundaries=0 13 15 27 39 41 55 68 70 72 86 88 102 104 117 131 133 134 136 138
cat_threshold=147520 1114112 2248146960 4180 2164523008 2560 64 0 128 2164269124 8519680 655368 2359296 2282243600 17036 65536 0 0 0 65536 0 0 0 0 0 32 64 0 0 67108864 4 16777216 0 0 0 0 64 0 524288 49184 2185 1080066064 16448 1 0 0 1028 512 134250496 0 559361 1746927632 8192 9982978 16 2147483672 0 128 0 516 536871940 0 134251520 2048 36097 1210056704 0 9465856 20480 74024 2306871364 580 16777217 83887156 536870912 513 1343389696 1 0 0 36864 3276816 128 34817 128 5 570480138 14884 25165824 1159726128 0 1 268435520 0 256 64 561152 1180176 69632 268474497 128 4 1270091594 393781 0 12292 0 2105344 9453828 0 0 73728 536872964 4214794 33554432 2164262144 67108900 2181300232 2048 1610612736 0 142737416 0 0 1073741824 1024 2102272 352321664 16 2147649561 1 592625664 244680 17 2147557540 87104 1216349698 131076
is_linear=0
shrinkage=0.045


Tree=237
num_leaves=23
num_cat=20
split_feature=0 0 3 2 3 5 0 3 0 0 5 3 3 0 0 1 4 3 3 0 0 0
split_gain=2.31229 1.01189 3.18824 2.98321 2.25231 2.08333 1.65218 2.57394 1.6312 1.42484 1.32762 1.04564 1.04292 4.95481 4.28942 3.1209 3.843 3.86259 3.74357 4.13231 3.49134 2.83408
threshold=0 1 2 3 4 0.89587973461402759 5 6 7 8 2.524928003624769 9 10 11 12 13 14 15 16 17 18 19
decision_type=9 9 9 9 9 10 9 9 9 9 10 9 9 9 9 9 1 9 9 9 9 9
left_child=-1 2 5 6 -5 -2 7 -4 -7 -6 -11 -8 14 -14 -3 16 -15 21 20 -20 -17 -18
right_child=1 12 3 4 9 8 11 -9 -10 10 -12 -13 13 15 -16 18 17 -19 19 -21 -22 -23
leaf_value=-10.031141665294562 207.25811699892688 8.7324886161712119 3.0427125651594724 -19.341150567192582 194.55143542559148 -24.575761366079988 -22.29134558531943 -48.607357599530296 64.708939925852732 -64.467676959929108 20.514765873101677 4.9252497219669022 -18.412633626042769 -70.714031847547986 -4.4784627809694753 12.832139203511105 -20.749332931783137 42.521875093206724 27.992430386353025 -8.2911284834686185 -21.086566890732101 14.039408233022604
leaf_weight=447 46 1760 270 114 115 127 211 333 288 50 86 363 1355 166 9150 522 537 1992 1244 1252 1493 1054
leaf_count=447 46 1760 270 114 115 127 211 333 288 50 86 363 1355 166 9150 522 537 1992 1244 1252 1493 1054
internal_value=-0.000122405 -5.78971e-05 0.000904467 -8.68726e-05 0.00340186 0.00413848 -0.00119218 -0.00281707 0.00318345 0.00573194 0.00212838 0.000537543 -0.000152286 0.000189311 -0.000453214 0.000603844 0.00156142 0.00187657 -0.000194008 0.0009689 -0.00163172 0.000210543
internal_weight=22975 22528 2003 1542 365 461 1177 603 415 251 136 574 20525 9615 10910 8260 3749 3583 4511 2496 2015 1591
internal_count=22975 22528 2003 1542 365 461 1177 603 415 251 136 574 20525 9615 10910 8260 3749 3583 4511 2496 2015 1591
cat_boundaries=0 13 26 28 29 31 44 46 59 71 73 75 89 102 104 105 107 109 122 133 147
cat_threshold=64 1074790400 2214592656 4100 2164260872 2560 64 0 128 5 8519680 8 2359296 41943053 0 0 0 81920 5152 512 32768 524288 68157970 1073741832 268474592 8396961 2300187650 262176 85 46137344 81924 33554433 0 0 0 0 0 0 0 0 1048576 1073741824 6304 8396961 46202976 6788 0 0 0 0 0 1024 0 0 0 2 0 2048 32 33554432 0 0 0 0 0 0 0 0 2 0 2176 4227184 2176 2669027074 171748 2151677968 16801808 4097 32896 1081344 64 128 1207984128 4 4229120 33554432 1048577 67129344 2 4194320 16797712 4096 8384 1572864 50331648 128 1207968768 4 4196352 33554432 17825809 68702208 134758757 67830 1 2154580 65795 1086947360 270344 0 2080 0 8192 0 536870912 0 0 536905728 524288 83886080 2166892292 2 1073741824 3072 0 0 0 0 0 65536 536871936 10616832 335544320 4096 75497472 0 1 402653184 0 0 0 0 8 128 0 34308 1
is_linear=0
shrinkage=0.045


Tree=238
num_leaves=23
num_cat=20
split_feature=0 3 5 0 5 0 3 3 0 0 3 0 3 3 1 3 3 0 0 0 3 0
split_gain=2.25055 2.19122 1.38032 1.15605 0.897617 4.44458 5.00198 3.45543 4.60034 3.76544 3.78341 3.35884 4.17677 3.04793 2.86375 2.87108 2.70311 6.65042 6.29441 3.83707 3.39472 3.16792
threshold=0 1 3.4175922930736511 2 3.8176519431297078 3 4 5 6 7 8 9 10 11 12 13 14 15 16 17 18 19
decision_type=9 9 10 9 10 9 9 9 9 9 9 9 9 9 9 9 9 9 9 9 9 9
left_child=1 2 -1 -2 5 6 -5 8 -7 10 -9 12 -6 -11 -10 -16 17 20 -18 -20 -13 -19
right_child=3 -3 -4 4 11 7 -8 9 14 13 -12 16 -14 -15 15 -17 18 21 19 -21 -22 -23
leaf_value=48.296108758275146 33.94150875210596 -17.741359856358322 -0.80660409740154138 -16.660408071310975 -5.6515453627092933 37.131122778435326 33.225090315900303 31.176329107794409 -63.480531255833917 -84.175988950955372 -8.1479942622657102 -42.24222627105577 50.017659426606912 -19.882185410084492 -12.280717518813798 17.349513696774139 -19.841674781976252 26.832667543615898 -0.43261748859316868 19.12508425232847 -5.2138067270592723 -0.93872302029070853
leaf_weight=56 140 443 164 451 539 570 839 537 326 296 1215 853 945 2608 303 322 1183 471 3131 3130 902 3551
leaf_count=56 140 443 164 451 539 570 839 537 326 296 1215 853 945 2608 303 322 1183 471 3131 3130 902 3551
internal_value=-0.000140031 -0.0027 0.000969828 -6.24888e-05 -8.92535e-05 -0.00049103 0.00190092 -0.000992487 0.000865949 -0.00160026 5.10204e-05 0.000114741 0.0021357 -0.00259259 -0.0010514 0.000741758 -0.00011392 -0.00084341 0.000452656 0.00102224 -0.00314516 0.000167328
internal_weight=22975 663 220 22312 22172 7467 1290 6177 1521 4656 1752 14705 1484 2904 951 625 13221 5777 7444 6261 1755 4022
internal_count=22975 663 220 22312 22172 7467 1290 6177 1521 4656 1752 14705 1484 2904 951 625 13221 5777 7444 6261 1755 4022
cat_boundaries=0 13 15 27 40 42 44 57 71 73 86 88 90 92 94 96 109 123 136 138 152
cat_threshold=16448 1074790400 3288334544 2147487748 2164260936 2816 64 0 32896 4 8519680 8 2359296 21594146 215168 0 0 0 0 65536 0 0 0 0 1048576 0 4160 4 65588 0 41024 16384 0 768 268500992 0 156176 805306512 2434269185 165 3397390912 266408 3516928676 282 2147516416 13312 0 1 142606592 536870912 0 8192 536870912 8388618 167772160 34832 67149832 12845064 83896320 0 2097280 8912896 0 0 1073741824 1024 1077941248 16777216 2448 8399384 22 101220376 178176 65560 2147500032 4096 0 131072 1024 0 134217728 67584 8422467 1140850688 2130468 9458944 2693402770 207160 100663296 175104 268959873 67620 8392836 264 2447714094 412355 2149875712 102904880 0 0 1081344 33558532 0 1024 4096 1073872896 128 2148542592 2147485700 0 262224 0 2105345 524288 536870977 640 0 536870916 18688 939593744 524289 8320 7 1107562496 25165828 536870913 0 1484783872 33554432 0 65536 1024 4722712 16777216 17826048 67141641 297861632 410112 1073741824 0 0 2105344 268959744 536870912 0 0 0 16640 134221824 0 8320 7
is_linear=0
shrinkage=0.045


Tree=239
num_leaves=23
num_cat=20
split_feature=0 3 0 0 2 0 3 3 5 0 3 0 0 4 1 3 3 5 0 3 0 0
split_gain=2.02317 2.43225 1.17073 0.888831 0.880814 4.35748 6.55708 4.66171 5.03125 2.455 5.63992 2.60633 2.33148 3.07512 2.74406 2.37216 2.13074 3.15713 2.1153 1.90638 5.5477 5.41168
threshold=0 1 2 3 4 5 6 7 4.8481086751891054 8 9 10 11 12 13 14 15 5.3351284364833438 16 17 18 19
decision_type=9 9 9 9 9 9 9 9 10 9 9 9 9 1 9 9 9 8 9 9 9 9
left_child=1 -1 -2 -3 5 6 -4 8 -7 10 -6 -12 13 15 18 -9 -8 -18 -14 21 -21 -11
right_child=2 3 4 -5 9 7 16 12 -10 19 11 -13 14 -15 -16 -17 17 -19 -20 20 -22 -23
leaf_value=6.0879191614071893 75.495130790820312 -2.0620586306140649 -41.482671973753241 -49.837763250311923 -37.221989038628067 -32.700801958816335 -9.2628864292357687 -31.986648690256406 66.058802774913929 9.8350360730790989 30.633172657887354 -23.774709338501015 27.957557244058226 -45.196544899831274 3.2355997380113695 92.554397411968239 40.662310390211097 -25.776911483617749 163.05724115619452 18.881779536548311 -0.80693706438889423 -7.850538268914824
leaf_weight=205 116 236 519 252 942 454 758 104 172 1917 502 356 468 541 343 361 470 146 370 1722 6394 5627
leaf_count=205 116 236 519 252 942 454 758 104 172 1917 502 356 468 541 343 361 470 146 370 1722 6394 5627
internal_value=-0.000147865 -0.00252128 -7.26653e-05 -0.00423 -9.73938e-05 0.000448283 -0.00121654 0.00156903 -0.00183386 -0.000244677 -0.00181291 0.000827586 0.00254775 0.000928291 0.00390402 0.00361349 0.000422078 0.00236465 0.00529412 -6.317e-05 0.000415231 -0.000577687
internal_weight=22975 693 22282 488 22166 4706 1893 2813 626 17460 1800 858 2187 1006 1181 465 1374 616 838 15660 8116 7544
internal_count=22975 693 22282 488 22166 4706 1893 2813 626 17460 1800 858 2187 1006 1181 465 1374 616 838 15660 8116 7544
cat_boundaries=0 13 15 27 39 40 54 56 58 72 74 87 100 101 103 105 107 120 122 135 149
cat_threshold=147540 1048576 2248147088 2147488256 262144 16779812 64 0 65664 5 8519680 17301512 262144 139005954 84128 0 0 0 0 65536 0 0 0 0 0 32 4160 131072 0 2147483648 0 0 2052 0 0 65536 1 8388608 17301504 240 33587200 67122224 0 0 26771456 0 0 268500992 33792 2101320 469762048 2228480 133120 1 2857800520 48 17830 133224 4456448 1109852164 1 0 0 64 256 0 38916 2149190690 0 3146756 2101248 16 3796374374 144012 4194304 35651584 1 0 0 0 0 0 32768 1048576 0 1049604 2097152 0 16779264 1 0 0 64 0 0 536870916 2 16777216 40960 16412 4 278580 3072 135790592 4096 25690114 20620 262144 2097156 0 0 0 536870912 0 0 0 0 0 2147483696 8388608 161769488 384739 2101248 5120 536870912 32913 402653696 0 128 1073840128 0 1149239296 939589632 268470288 8353 3246391297 25165824 0 8192 2148663296 536876033 512 268435456 1024 4368 287309824 2147484032 67111938 4
is_linear=0
shrinkage=0.045


Tree=240
num_leaves=23
num_cat=19
split_feature=0 3 0 3 5 5 0 3 0 3 4 3 0 0 0 0 3 3 4 5 3 1
split_gain=1.76301 1.76901 1.17769 4.25573 3.27132 2.58455 1.61314 1.33436 1.29479 1.24256 1.23105 1.07926 5.43928 4.9473 3.26921 2.49673 2.91487 2.17109 2.30604 2.13774 2.24831 1.7941
threshold=0 1 2 3 3.1567740231385479 3.5972184255501678 4 5 6 7 8 9 10 11 12 13 14 15 16 6.0294818902459815 17 18
decision_type=9 9 9 9 10 10 9 9 9 9 1 9 9 9 9 9 9 9 1 10 9 9
left_child=1 -1 3 5 -5 9 7 -7 -6 -2 -9 12 -4 17 19 16 -15 21 -19 20 -14 -13
right_child=2 -3 11 4 8 6 -8 10 -10 -11 -12 13 14 15 -16 -17 -18 18 -20 -21 -22 -23
leaf_value=19.477722348318128 14.977591912142579 -14.638219117114458 11.854062600494363 -90.346932848951653 -30.651477339603915 24.773297590257243 21.920203769269683 -184.43969037041074 2.570153368916035 106.55040507487861 -5.712120224502141 40.281926963556138 -2.5699364811643317 1.2393787942268317 -3.0846143962128187 1.0849606723166834 59.349456164172096 -34.148787031905592 -4.6961096394838746 195.1257677981994 -51.985980935190817 -5.0235355121774772
leaf_weight=104 130 524 1783 235 111 111 285 43 678 143 153 115 323 692 6825 8056 580 716 484 44 527 313
leaf_count=104 130 524 1783 235 111 111 285 43 678 143 153 115 323 692 6825 8056 580 716 484 44 527 313
internal_value=-0.000132197 -0.00246094 -6.54099e-05 0.00100605 -0.000955598 0.00330958 0.00166667 -0.000634796 0.000426675 0.00695455 -0.0028125 -0.000164875 -0.000515556 0.000139497 -0.00103318 0.000539615 0.00238318 -0.00214024 -0.00311881 -0.00357616 -0.00411972 0.000613636
internal_weight=22975 628 22347 1889 1024 865 592 307 789 273 196 20458 9502 10956 7719 9328 1272 1628 1200 894 850 428
internal_count=22975 628 22347 1889 1024 865 592 307 789 273 196 20458 9502 10956 7719 9328 1272 1628 1200 894 850 428
cat_boundaries=0 13 15 28 30 43 45 58 60 61 63 77 91 105 119 121 123 124 126 128
cat_threshold=147536 1114112 2248146960 2147487744 2147745792 2564 320 0 65664 2053 8388608 524296 2359296 4194306 65696 1073807364 279552 128 8192 81984 4128 512 1088 526336 67110400 8 268476640 8390816 2861129262 147600 1073741824 0 0 0 0 0 512 0 2048 0 0 41088 2080 2818588672 147456 0 262144 0 8192 16448 4096 0 0 0 0 0 268435488 128 8470532 147584 2 2881507086 492785 2181304320 68 0 2097168 655360 0 128 402669568 4 9437464 18874416 16777476 8706 6 2185498624 8260 0 2129936 655360 0 128 134234112 4 1048832 50528304 16777476 8194 6 18874368 33687552 1610612736 132 285245444 0 0 40960 4096 1080164352 603979776 1052672 256 1 27262977 35784704 1610612736 196 1073774596 1 0 32768 4096 1078067200 536871040 1054720 257 1 274576 18958 2105472 27400 4 184550914 163856 2180 65664
is_linear=0
shrinkage=0.045


Tree=241
num_leaves=23
num_cat=18
split_feature=0 3 0 0 2 2 1 0 3 3 0 5 3 0 3 3 5 4 5 3 3 5
split_gain=1.87078 2.36237 1.37661 1.02769 0.714809 0.692221 4.49499 3.19093 3.80233 2.98995 3.29555 1.50867 1.32838 1.29342 2.74079 1.25772 1.11388 1.0831 1.65321 1.25403 1.16127 1.64343
threshold=0 1 2 3 4 5 6 7 8 9 10 5.2704288588135384 11 12 13 14 4.7050052835523761 15 3.5114340430413216 16 17 2.8029010331479989
decision_type=9 9 9 9 9 9 9 9 9 9 9 8 9 9 9 9 8 1 10 9 9 8
left_child=1 4 -3 -2 -1 6 -5 8 -7 10 12 13 -8 -11 -15 16 -12 19 -19 -10 -21 -22
right_child=3 2 -4 5 -6 7 9 -9 17 11 15 -13 -14 14 -16 -17 -18 18 -20 20 21 -23
leaf_value=-39.859176925712433 66.767316738673003 24.942141545689893 -3.0489633035025689 169.31363594065959 -11.210278614675481 191.01367386931645 43.028086934150522 -0.50057165877049559 -12.570497672880919 -44.235570632810884 -60.028418785419944 37.358296648316532 -21.708611738142789 -28.310109323861344 20.457379250562397 -86.065106097153944 28.488431622746429 -112.10020861842037 33.792623559853268 -0.20821516687781694 -52.748338788344718 77.133943431899212
leaf_weight=184 134 110 246 126 139 114 151 19679 102 127 68 197 276 114 228 349 67 81 74 129 36 244
leaf_count=184 134 110 246 126 139 114 151 19679 102 127 68 197 276 114 228 349 67 81 74 129 36 244
internal_value=-0.000136114 -0.00244211 0.000122283 -6.45508e-05 -0.00517164 -8.92938e-05 -0.000957726 -1.64867e-05 0.00278409 -0.00162838 -0.0032909 0.000663717 -0.00035877 -0.000716561 0.000762712 -0.00580645 -0.00168367 0.00139381 -0.00186306 0.00241228 0.00347387 0.00508562
internal_weight=22975 679 356 22296 323 22162 1703 20459 780 1577 911 666 427 469 342 484 135 666 155 511 409 280
internal_count=22975 679 356 22296 323 22162 1703 20459 780 1577 911 666 427 469 342 484 135 666 155 511 409 280
cat_boundaries=0 13 15 27 40 41 42 44 57 59 61 74 76 89 91 93 94 96 98
cat_threshold=16465 1114112 2248146960 2147487764 262144 2560 320 0 128 2053 8454144 268959752 2097152 134743600 18492 0 65536 0 0 0 0 0 0 0 1 8388608 268959744 196608 0 0 0 65536 32 0 0 0 0 0 64 128 5 1 1152 522 2155872256 0 536870912 64 4 0 0 0 0 1073741824 4144 2688 8388609 17302552 16384 2185725468 137857 1073741824 0 0 0 8388864 0 0 0 0 0 135184 256 1 2151776260 135168 0 0 0 0 0 0 0 0 0 0 4224 0 1 134746178 8 512 4224 4 541213184 32 142606338 65540
is_linear=0
shrinkage=0.045


Tree=242
num_leaves=23
num_cat=18
split_feature=0 3 0 3 5 5 0 5 3 1 5 0 0 3 3 1 0 3 0 3 3 1
split_gain=1.76638 3.70343 1.30769 0.946016 0.92038 1.27739 0.850848 0.8424 2.07067 1.81212 1.26278 8.98746 4.46975 3.815 3.81457 2.6559 2.55149 2.69341 2.47364 2.33135 2.19166 1.81586
threshold=0 1 2 3 5.2704288588135384 4.6491756246494491 4 1.4978661367769956 5 6 3.4811217321331038 7 8 9 10 11 12 13 14 15 16 17
decision_type=9 9 9 9 10 10 9 8 9 9 8 9 9 9 9 9 9 9 9 9 9 9
left_child=1 -1 4 -4 5 -3 -2 8 -8 -10 11 14 -13 -14 -9 19 17 18 -12 -15 -17 -22
right_child=6 2 3 -5 -6 -7 7 10 9 -11 16 12 13 15 -16 20 -18 -19 -20 -21 21 -23
leaf_value=-42.450995008343632 8.2314583085709998 -12.219799488027165 65.90761768815581 -0.35032689164378095 -26.669077034926776 128.11036946769636 69.754075797836151 42.322583315622467 18.255223611971996 -33.32150033366279 -31.206008893265096 -89.900352387577371 -52.663264342986295 10.536899766401365 1.3986460501256806 33.226658681713161 0.66082166062822578 -27.839918476151322 10.120000514489801 -46.267917048143168 -68.191078876353487 44.513732199853877
leaf_weight=249 234 169 107 179 40 43 249 443 120 208 243 383 1119 229 627 247 16252 756 497 305 118 158
leaf_count=249 234 169 107 179 40 43 249 443 120 208 243 383 1119 229 627 247 16252 756 497 305 118 158
internal_value=-0.000145907 -0.00222466 -8.18182e-05 0.00196309 -0.00238636 -0.00126168 -7.09459e-05 -0.000100382 0.00159326 -0.000794118 -0.000146288 -0.000910906 -0.00235414 -0.0015425 0.00253697 0.000399906 1.01408e-05 -0.00176061 0.000179521 -0.00181319 0.00264953 -0.00015625
internal_weight=22975 787 538 286 252 212 22188 21954 577 328 21377 3629 2559 2176 1070 1057 17748 1496 740 534 523 276
internal_count=22975 787 538 286 252 212 22188 21954 577 328 21377 3629 2559 2176 1070 1057 17748 1496 740 534 523 276
cat_boundaries=0 13 15 27 29 42 44 46 59 72 74 76 78 91 93 106 108 110 112
cat_threshold=8585296 1114176 2483027984 2147487744 268697600 544 256 0 128 2164262932 8519680 269090824 2097152 1115240 23080 8388688 0 2214592512 0 0 512 0 0 0 2164260868 8388608 655360 146801168 128 0 0 33554560 0 65536 0 64 0 524288 0 0 64 2048 134873136 86216 536870916 1029 2181038080 16780340 1073741824 0 131328 0 0 0 2052 2097410 958402704 2147486993 1024 32768 0 536870912 1 1048576 1024 0 0 32768 1593344 67108864 2097284 8392708 192031760 118924 2701411382 82152 526484 2055 2181038081 2149582896 1073741824 32836 32768 321 0 268435520 34828 768 805306384 16777217 130 33807474 92260 1 0 0 4 0 256 0 0 4 0 805306384 1 130 545853570 2624 2147795552 131120 1073745920 1032
is_linear=0
shrinkage=0.045


Tree=243
num_leaves=23
num_cat=19
split_feature=0 3 0 2 5 5 3 0 0 0 3 0 3 3 2 1 0 5 0 1 0 3
split_gain=1.96587 1.4252 1.28647 1.27983 1.15592 1.04925 0.754535 5.7194 5.40301 3.82142 3.46972 3.32861 2.87231 2.26611 2.00454 2.61704 2.4845 1.72544 1.54586 1.44062 1.54281 2.04075
threshold=0 1 2 3 3.7256208424938388 4.3502571242716384 4 5 6 7 8 9 10 11 12 13 14 1.7005986908310777 15 16 17 18
decision_type=9 9 9 9 8 10 9 9 9 9 9 9 9 9 9 9 9 8 9 9 9 9
left_child=1 4 3 -2 -1 -6 7 12 10 13 -8 -9 -4 18 15 -13 17 -16 -10 -18 -21 -22
right_child=2 -3 6 -5 5 -7 8 11 9 -11 -12 14 -14 -15 16 -17 19 -19 -20 20 21 -23
leaf_value=227.62250975171256 -1.3995674580156992 -19.774806349675817 47.095464758096696 135.73603340524173 -60.20851017062752 84.322386870009453 1.4643241961113016 -24.777582288226004 -15.232615471492826 0.83900124057821812 63.557025475210395 -63.570523247445053 0.19950555937066383 -9.760246638191747 86.841532899817096 -0.68460184876968921 -67.748779451799294 12.010855904454747 -90.436168883864596 -5.5302175411095051 7.3884764283569346 -1.9499669495600027
leaf_weight=37 107 293 672 100 41 40 670 1086 228 9226 703 349 550 1035 35 419 102 860 221 2396 1194 2611
leaf_count=37 107 293 672 100 41 40 670 1086 228 9226 703 349 550 1035 35 419 102 860 221 2396 1194 2611
internal_value=-9.89033e-05 -0.0031383 -4.18586e-05 0.00339041 0.00103846 -0.00189759 -7.54392e-05 -0.00035874 0.000165564 -0.000176273 0.00281047 -0.000749669 0.00251621 -0.0022861 -0.000428679 -0.00259615 -0.000193481 0.00200937 -0.0049295 -0.000509501 -0.000416465 0.000147367
internal_weight=22975 411 22564 207 118 81 22357 10274 12083 10710 1373 9052 1222 1484 7966 768 7198 895 449 6303 6201 3805
internal_count=22975 411 22564 207 118 81 22357 10274 12083 10710 1373 9052 1222 1484 7966 768 7198 895 449 6303 6201 3805
cat_boundaries=0 12 14 26 27 29 42 56 69 71 85 87 89 90 92 105 118 119 133 135
cat_threshold=64 1114112 2214592592 2147487824 0 544 64 0 128 2068 8519680 268435464 17301520 4240 1 0 0 0 65536 0 0 1073741888 0 1048576 32 64 4 2808391182 146131 20488 8389632 0 2097152 0 536870976 512 134284288 34820 0 1931542528 32 67130369 23068676 35651616 0 0 16777480 7172 384 32768 8 1073742592 0 34944 2107428 20 20504 8388608 4097 2129920 268435968 536870977 512 402718720 0 32768 1914769408 4128 67649537 9044304 49160 23199748 102891552 0 0 2147516680 4 128 32768 66560 1074266368 0 34816 6 20 2168456710 4608 22688 360736 129 81 3088 2147483648 20 536875008 8320 4 0 0 0 0 32800 4240 16778116 1049088 0 0 1 2097152 0 0 0 65536 0 0 838860800 0 67108864 2416976001 65536 8256 1073741824 0 131136 4352 0 8192 536875008 10634314 201326592 1578000 2147491984 2 637829124 12290
is_linear=0
shrinkage=0.045


Tree=244
num_leaves=23
num_cat=18
split_feature=0 3 0 3 5 1 5 5 3 0 0 0 3 0 3 5 3 3 3 2 4 0
split_gain=1.91332 2.91951 1.45066 2.42611 1.29412 1.33513 1.10026 1.34787 0.904814 5.40407 5.28877 3.60921 3.37519 3.27894 3.03512 3.41238 2.41182 2.35145 1.88844 1.65123 1.58441 1.50922
threshold=0 1 2 3 2.524928003624769 4 2.8029010331479989 3.4811217321331038 5 6 7 8 9 10 11 4.4601277074540464 12 13 14 15 16 17
decision_type=9 9 9 9 8 9 10 10 9 9 9 9 9 9 9 8 9 9 9 9 1 9
left_child=1 -1 3 6 -5 -6 -2 -8 10 14 12 18 19 17 15 -10 -13 -12 -11 -4 -17 -18
right_child=2 -3 8 4 5 -7 7 -9 9 11 13 16 -14 -15 -16 20 21 -19 -20 -21 -22 -23
leaf_value=17.465754195825284 -31.418527386643618 -28.067000441262206 77.168705621254304 -116.88389512325837 -14.919441318737881 1.8419164343391821 141.62790380311864 29.43780125399946 -22.250661710254498 4.8433225076739292 1.9329946080657827 54.015190442859748 36.449829393569217 -1.8033114431803368 -36.730814718130425 43.022895958544559 -3.3125500132612431 -39.186330972308333 34.877100360786677 -1.1173640419415096 275.59495175861468 4.3174621941343139
leaf_weight=119 85 332 136 39 263 225 75 343 210 706 449 303 522 8146 1316 142 3101 1152 770 823 42 3676
leaf_count=119 85 332 136 39 263 225 75 343 210 706 449 303 522 8146 1316 142 3101 1152 770 823 42 3676
internal_value=-0.000100862 -0.00296436 -4.19329e-05 0.00159789 -0.000542672 9.18367e-05 0.00380097 0.00482143 -0.000121361 0.000183888 -0.000400356 0.000646008 0.00209478 -0.000781586 -0.00211672 0.00133005 0.000222081 -0.00263639 0.00266129 0.000486612 0.00580645 4.30844e-05
internal_weight=22975 451 22524 1030 527 488 503 418 21494 10266 11228 8556 1481 9747 1710 394 7080 1601 1476 959 184 6777
internal_count=22975 451 22524 1030 527 488 503 418 21494 10266 11228 8556 1481 9747 1710 394 7080 1601 1476 959 184 6777
cat_boundaries=0 13 15 29 31 33 35 48 62 76 78 92 94 96 98 100 101 102 116
cat_threshold=64 3211264 2214592528 4096 262152 544 256 0 128 2052 8388640 268435464 2097152 25165824 69764 131085 0 33558528 268435456 82436 4 64 1342178304 524288 17860096 2097160 32832 4096 16 2291155506 21120 134218755 44 867472942 399559 4198400 17039376 0 32768 403701760 536875073 0 32768 32772 13238528 1107300352 4132 68206848 4198400 1090797584 0 0 268435712 570426432 0 49152 32772 80347136 1107300352 4132 1097728 1 8667136 33556480 536870912 16 2164785216 2304 0 0 68608 1073741889 16842752 8320 8400022 4 33555970 6340 8667136 33556576 805306368 16 32832 256 640 0 66560 2097217 83951616 16777216 3222 4 134414656 520 10368 32768 536876032 395456 71838032 41472 16 4 2181038096 67122244 1 2097156 8519936 33555456 128 134225920 4096 2097152 536870912 2150106368 2147483680 1
is_linear=0
shrinkage=0.045


Tree=245
num_leaves=23
num_cat=19
split_feature=0 3 0 1 5 5 3 0 0 0 0 3 3 3 5 0 0 3 0 0 1 3
split_gain=1.58363 3.57413 1.37098 1.26299 0.945639 1.26118 0.925398 7.08291 4.91542 3.70991 3.50622 2.27264 2.18976 2.05743 1.96012 4.33902 3.42965 3.37209 4.47005 2.77668 2.16984 1.95576
threshold=0 1 2 3 4.5900436644025815 3.4175922930736511 4 5 6 7 8 9 10 11 4.0689902272260703 12 13 14 15 16 17 18
decision_type=9 9 9 9 10 8 9 9 9 9 9 9 9 9 8 9 9 9 9 9 9 9
left_child=1 4 -2 -3 5 -1 7 13 11 12 -10 -8 -9 -4 15 21 -16 18 -18 -19 -21 -12
right_child=2 3 6 -5 -6 -7 8 9 10 -11 14 -13 -14 -15 16 -17 17 19 -20 20 -22 -23
leaf_value=-46.257176948462963 72.577268326332188 -3.7878609300785318 6.4990629847201484 35.246799159018011 -44.021662126145671 -8.739891788048153 2.5533864878217356 -57.053193766688054 18.490681457097626 -1.7810694218864591 40.123367143199317 -25.834100999135696 -13.142418570109584 46.198447961286561 -2.5449397362178567 -15.445910005209697 -24.795253243252517 5.3743327226295516 18.572171853158359 246.81806483686523 32.903600282082479 0.17934460775763
leaf_weight=78 105 103 629 322 121 179 328 247 714 5929 607 1209 689 410 2771 2691 733 1391 1077 118 1481 1043
leaf_count=78 105 103 629 322 121 179 328 247 714 5929 607 1209 689 410 2771 2691 733 1391 1077 118 1481 1043
internal_value=-0.000122405 -0.00207055 -5.07122e-05 0.000772311 -0.00519231 -0.00373552 -7.64301e-05 -0.000466145 0.00014127 -0.000991348 0.000434404 -0.00225145 -0.00360759 0.00297574 0.000249077 -0.000512894 0.00068632 0.00141209 -0.000123491 0.00233844 0.00361732 0.00129964
internal_weight=22975 803 22172 425 378 257 22067 7904 14163 6865 12626 1537 936 1039 11912 4341 7571 4800 1810 2990 1599 1650
internal_count=22975 803 22172 425 378 257 22067 7904 14163 6865 12626 1537 936 1039 11912 4341 7571 4800 1810 2990 1599 1650
cat_boundaries=0 13 15 27 29 31 45 59 72 85 87 89 91 104 117 119 132 146 148 150
cat_threshold=8519744 1074790464 2415919120 2147487872 262144 2564 256 0 128 2149580836 545325088 269090824 2359296 2290091570 6692 0 0 0 268435456 66048 0 0 0 0 0 0 96 49 2592 3010736644 403401 262148 0 1073745920 8193 0 1024 0 134291456 1028 8519952 1107300352 32773 45218 22 1107558416 262144 1073741825 32769 1073741824 0 0 134300672 1028 131344 33689600 5 12290 6 23138304 35653632 0 512 268484608 16777280 0 32768 36864 1066048 335544448 1050752 76562432 21037056 33554432 67108864 576 2147483720 16777216 0 1073774656 4096 1141916224 0 16779392 9568256 142688384 32 572530692 393288 2151940612 10113 0 83960868 0 0 655360 0 640 8192 2048 37898 285212672 2148566032 35969 4097 92345364 536870912 8192 134348800 570429697 128 8192 536936448 36874 0 8192 34952 143281160 67586 0 2080 0 0 1605632 0 0 0 32768 12583936 128 2149613584 16389 2097152 2097152 0 4 277348352 1024 0 0 0 8912896 421527568 1049856 2214594064 1 16416 32 673874 67586
is_linear=0
shrinkage=0.045


Tree=246
num_leaves=23
num_cat=20
split_feature=0 3 0 4 0 0 3 0 0 5 3 3 3 0 0 0 3 0 0 0 0 5
split_gain=1.69889 2.74343 1.28257 0.920736 5.9762 4.72274 4.28614 4.68728 4.24181 3.57513 3.53699 2.97109 2.82495 5.08169 4.81744 3.45307 2.77331 2.69922 2.69194 2.29307 2.21902 2.26295
threshold=0 1 2 3 4 5 6 7 8 5.2284276452838947 9 10 11 12 13 14 15 16 17 18 19 3.6505739029280164
decision_type=9 9 9 1 9 9 9 9 9 10 9 9 9 9 9 9 9 9 9 9 9 8
left_child=1 -1 -2 4 9 10 7 -6 -8 11 18 -4 13 -7 16 -15 19 -16 -5 -14 -18 -22
right_child=2 -3 3 5 6 12 8 -9 -10 -11 -12 -13 14 15 17 -17 20 -19 -20 -21 21 -23
leaf_value=19.650440151814799 49.622991220093461 -8.3592768655720828 -1.3286398139003721 -26.832710645606131 -0.24070490350211912 -33.2813926652573 -6.9823007975062863 -45.427913103211687 28.580767171150217 244.56666410165053 -2.568418397678597 50.231097456298301 -4.212206919050077 40.537966427323717 32.327172616910062 -1.3971633430596557 -25.095825829970707 3.2838566076379356 -123.71628720958859 -24.671566454174645 -80.952991178568027 37.484173221665294
leaf_weight=112 113 624 521 302 1255 1170 1849 905 1955 149 802 577 509 236 765 4513 382 4969 320 607 66 274
leaf_count=112 113 624 521 302 1255 1170 1849 905 1955 149 802 577 509 236 765 4513 382 4969 320 607 66 274
internal_value=-0.00011653 -0.00222594 -4.55036e-05 -7.11446e-05 0.00034625 -0.000273011 -0.000248494 -0.00184392 0.000660377 0.00316322 -0.00272632 0.00229091 -1.16641e-05 -0.000747344 0.000563687 -8.97921e-05 -0.00143514 0.00120606 -0.00525237 -0.00283245 0.000735695 0.00332386
internal_weight=22975 736 22239 22126 7211 14915 5964 2160 3804 1247 1424 1098 13491 5919 7572 4749 1838 5734 622 1116 722 340
internal_count=22975 736 22239 22126 7211 14915 5964 2160 3804 1247 1424 1098 13491 5919 7572 4749 1838 5734 622 1116 722 340
cat_boundaries=0 14 16 30 31 44 57 59 73 87 89 91 93 106 120 134 136 149 162 174 188
cat_threshold=8519744 1048576 3321888784 0 2147746312 512 192 0 128 2147485764 8454176 655368 2097152 2 25559040 67616 16777216 0 0 0 65536 0 0 16384 0 0 0 64 0 16 2 40108032 67108864 0 0 268435456 536872000 512 134217728 0 76055584 1610612736 1052676 2147496850 6619136 32 0 2147516928 1074790400 7488 512 134217728 69632 2621456 1073741824 4096 2155877122 2707428114 483960 0 12308 1 0 8912896 0 0 65536 536870912 135176 117440512 2149589248 67141644 4 0 15360 1 0 8421376 0 0 268509184 0 135427 369098752 2149622672 17416 5 2181975060 6180 30409376 50060 1866327204 134341 8 84017172 536870912 2097173 32768 0 0 40960 536872960 1179650 337641472 2099216 67160080 1107312641 2147745792 0 0 403177472 536870912 0 0 33792 1086342144 33689616 269485316 9348 5 2147483649 2359296 0 0 131072 0 0 0 0 1073741824 33554448 268435456 0 4 137808 70170 0 134160 536870912 8209 32768 1 0 40960 0 259 270532608 10288 16384 2097152 32 0 0 0 1024 0 0 69632 0 0 0 2155872256 0 0 0 0 134217728 536870912 0 0 1024 12600320 33554432 1049600 33554432 0 0 0 0 536870912 0 0 1024 1073759232 33558528 269485312 0 4
is_linear=0
shrinkage=0.045


Tree=247
num_leaves=23
num_cat=19
split_feature=0 3 1 5 0 3 0 3 0 0 3 0 0 0 0 3 0 5 5 3 4 3
split_gain=1.76157 3.16071 1.60035 2.15272 1.52898 2.57592 1.51261 1.23184 5.52669 4.61744 4.87154 3.53579 3.28338 3.21452 2.74668 2.46702 4.41956 2.33676 2.26616 1.80008 1.90087 1.76172
threshold=0 1 2 4.3241107269113215 3 4 5 6 7 8 9 10 11 12 13 14 15 4.9163179057820896 4.6774800307930642 16 17 18
decision_type=9 9 9 8 9 9 9 9 9 9 9 9 9 9 9 9 9 8 8 9 1 9
left_child=1 2 3 -1 5 -2 -3 8 21 10 13 -12 15 18 -11 16 17 -10 -9 -20 -21 -6
right_child=4 6 -4 -5 7 -7 -8 9 12 14 11 -13 -14 -15 -16 -17 -18 -19 19 20 -22 -23
leaf_value=28.905593606233086 -36.033478240349034 4.6978485148148685 104.31647522081137 -66.83100734935968 1.2737320528787677 -0.38280993211723396 -13.708846054609566 245.84501329473488 105.49047210688451 -22.599147727467205 -15.696990805205404 20.567389176504911 -1.3766517274514445 20.986067205604176 -0.1906801811161131 -34.629081499337694 -25.186489228753342 -10.625545844873667 258.653329647254 -87.727129913516904 149.24404479915304 23.2023669741113
leaf_weight=86 275 266 242 51 628 551 503 193 202 1018 862 614 5356 684 8755 1041 485 154 101 51 65 792
leaf_count=86 275 266 242 51 628 551 503 193 202 1018 862 614 5356 684 8755 1041 485 154 101 51 65 792
internal_value=-0.000118488 0.00159052 0.0048913 0.000755034 -0.000209144 -0.00209427 -8.64277e-05 -0.000133846 -0.000544983 0.000154796 0.00184741 0.00015121 -0.00104897 0.0041094 -0.000292029 -0.00266103 -0.000817702 0.00293478 0.00725118 0.00421233 0 0.00201117
internal_weight=22975 1148 379 137 21827 826 769 21001 8658 12343 2570 1476 7238 1094 9773 1882 841 356 410 217 116 1420
internal_count=22975 1148 379 137 21827 826 769 21001 8658 12343 2570 1476 7238 1094 9773 1882 841 356 410 217 116 1420
cat_boundaries=0 14 16 18 31 33 47 49 62 76 78 90 104 116 130 132 144 146 147 149
cat_threshold=16842765 0 536875008 268468228 1073807360 4128 0 1207960576 524288 84967952 8 131137 6272 4 135942146 275328 65 65544 8536128 1048640 3523215376 512 2147746304 16777732 64 32768 128 2149582884 8454144 268959752 2097152 2282770488 135712 16777217 0 536870912 4 0 0 0 1207959552 0 83886592 0 64 0 4 863288838 436424 266256 2097152 1 2105473 402669568 1024 640 81920 4 4198400 1646268416 16781348 24608 6291456 33636384 0 64 16810052 2048 256 0 69632 132162 83886080 2148535936 132099 16 2147483832 295 0 65568 0 0 32768 0 0 0 0 131074 67108864 2147486720 6291456 33554464 67108864 0 18382860 320 0 0 102400 132162 67108912 2148534912 1030 16 0 32 0 0 0 0 0 0 65536 0 67108864 2147485824 266256 0 1 2097281 268451840 0 640 16384 4 4194304 33558528 16777252 16384 1 50629124 192 0 33554432 0 0 1048576 0 0 0 32768 1024 0 2147484160 2147483664 32 4 571768834 2240
is_linear=0
shrinkage=0.045


Tree=248
num_leaves=23
num_cat=17
split_feature=0 3 0 3 0 5 5 3 0 0 3 0 0 3 0 0 5 0 3 5 5 3
split_gain=1.82466 2.07402 1.46338 2.8587 1.89889 1.35118 1.06395 1.06068 5.52071 4.04517 3.48525 3.18947 2.60099 2.75469 5.05141 3.36884 2.57039 2.35256 2.25533 2.66082 2.20447 2.9201
threshold=0 1 2 3 4 3.2769667020129059 3.4498615536424366 5 6 7 8 9 10 11 12 13 6.1537953943602615 14 15 6.462248816637195 4.3630783395783075 16
decision_type=9 9 9 9 9 10 8 9 9 9 9 9 9 9 9 9 8 9 9 8 10 9
left_child=1 6 3 -2 -5 -3 -1 8 10 18 17 -10 13 14 16 -15 -11 -4 19 -9 -14 -22
right_child=2 5 7 4 -6 -7 -8 9 11 12 -12 -13 20 15 -16 -17 -18 -19 -20 -21 21 -23
leaf_value=86.594842445730606 -19.923193369953005 -129.41640547616345 -33.883527968898889 37.923215421415513 2.0274760139991121 -4.3769583238728229 -0.29463410386142641 -44.214297910428087 29.194159059669616 -15.79179347097066 -39.770327814418138 -0.55953101495586455 -3.4066733757813381 0.54925135254157798 36.615451594714031 70.515189941257404 -94.053443606137137 6.4605479369508974 -4.0992664394467644 53.684425157674724 -1.7948755070628977 20.837629973914044
leaf_weight=38 341 116 257 211 461 333 176 650 463 547 1178 6049 4355 540 475 958 48 486 1291 54 2239 1709
leaf_count=38 341 116 257 211 461 333 176 650 463 547 1178 6049 4355 540 475 958 48 486 1291 54 2239 1709
internal_value=-0.00012828 -0.00243333 -5.84573e-05 0.00160244 0.00328947 -0.00414859 0.00119469 -0.000138309 -0.000530195 0.000118807 -0.00264227 9.65665e-05 0.00046104 0.0017093 -4.15896e-05 0.00295033 -0.00278007 -0.000208609 -0.00173767 -0.00377095 7.30607e-05 0.000843038
internal_weight=22975 663 22312 1013 672 449 214 21299 8433 12866 1921 6512 10871 2568 1070 1498 595 743 1995 704 8303 3948
internal_count=22975 663 22312 1013 672 449 214 21299 8433 12866 1921 6512 10871 2568 1070 1498 595 743 1995 704 8303 3948
cat_boundaries=0 13 15 29 31 44 46 59 72 74 87 101 103 116 129 142 144 146
cat_threshold=8405056 1048576 3254784016 268436032 262656 16777764 384 0 128 2147485796 8454144 131080 2097152 155189314 223368 196621 0 0 32772 1090584584 4096 64 1207959552 524288 83918864 8 285212768 2176 4 8454160 84012 0 0 0 32772 16777216 0 0 1207959552 0 0 0 285212768 128 392586798 436553 2168487936 58720288 0 0 1081600 570426368 0 40960 33792 525312 32 2147489937 68157702 262160 2369604 0 2097297 402800640 2304 512 268451840 65540 1075855360 67112960 2097156 40960 52823052 73 16 64 0 2105473 268435456 0 512 17408 4 16384 16777216 2097156 8192 2166358016 1132466176 0 0 2148565312 536871936 0 32768 36872 1049600 0 2147489921 1048839 16 1754894400 17424 0 16781312 0 0 0 536870912 0 0 0 0 0 2147485696 3 2097152 41943040 0 0 1048896 536871936 0 0 36864 1048576 0 1 4 0 32 0 0 33024 0 0 0 0 1024 32 2192 4 3356524672 70176 2684913936 65670
is_linear=0
shrinkage=0.045


Tree=249
num_leaves=23
num_cat=13
split_feature=0 3 0 3 0 5 5 4 5 0 5 5 5 5 0 5 5 0 3 3 0 3
split_gain=1.82474 2.06725 1.58852 2.77944 1.46462 1.87255 1.26063 1.5061 1.09041 1.03665 1.18623 3.12184 0.96732 1.65474 1.24488 1.09374 0.897173 7.4673 6.38238 4.53367 3.63578 3.16779
threshold=0 1 2 3 4 4.8789996228937618 3.8176519431297078 5 4.3630783395783075 6 3.5972184255501678 4.4601277074540464 3.5408542930527882 3.1132683346437333 7 3.9796379800581989 3.4498615536424366 8 9 10 11 12
decision_type=9 9 9 9 9 10 10 1 8 9 8 10 8 10 9 10 8 9 9 9 9 9
left_child=1 -1 3 9 8 6 7 -6 -5 10 -2 -12 13 -3 -14 -16 17 18 -4 -19 21 -21
right_child=2 12 16 4 5 -7 -8 -9 -10 -11 11 -13 14 -15 15 -17 -18 19 -20 20 -22 -23
leaf_value=35.807985066984834 94.40223046414188 -34.276173778050648 -7.0977533918315929 -8.4658819761285127 90.216317409821258 -45.263135343257723 18.517847764198013 -35.893446263963611 -130.4590977245573 99.840494566378595 -95.434319492749182 41.801470481181205 -0.30883611883204137 117.61889000726893 -101.26718769155582 -37.113845313965541 0.017405401963333133 4.9456055919309074 47.307857491444594 6.6607249663111725 -53.604696473901093 -58.307670941731153
leaf_weight=115 46 59 632 125 56 66 157 118 83 198 46 49 110 55 73 168 17559 722 632 523 1038 345
leaf_count=115 46 59 632 125 56 66 157 118 83 198 46 49 110 55 73 168 17559 722 632 523 1038 345
internal_value=-0.000118488 -0.00258446 -5.322e-05 0.00174163 -0.0001094 0.00148533 0.00290541 0.000255682 -0.00306818 0.0049359 0.00161765 -0.00115979 -0.00391509 -0.000387931 -0.00516289 -0.00684783 -0.000133136 -0.000751156 0.00208072 -0.00211364 -0.00326121 -0.00107386
internal_weight=22975 580 22395 944 605 397 331 174 208 339 141 95 465 114 351 241 21451 3892 1264 2628 1906 868
internal_count=22975 580 22395 944 605 397 331 174 208 339 141 95 465 114 351 241 21451 3892 1264 2628 1906 868
cat_boundaries=0 13 15 29 31 44 45 59 72 85 87 89 103 105
cat_threshold=16448 1074790400 3254779920 268435520 2164260864 16777760 0 268484608 128 2116 8454144 268435464 2097152 4195392 84096 196620 0 0 32768 1074085888 4096 320 134217728 524288 83918896 40 2112 2176 4 2282902058 90752 65548 0 0 32768 65536 4096 256 134217728 0 0 40 0 128 2 0 0 0 0 0 0 0 0 0 16 0 2048 2048 4 0 0 0 0 16777216 16777216 0 49152 0 64 0 0 2097152 2147483648 11312 0 0 134217984 0 0 65536 34820 4198656 956301456 2164262165 8704 1271034592 37428 562761952 17776 12582912 131076 536870912 0 9043976 0 0 0 1024 10486786 0 1052800 2214626361 1 2185282580 196740
is_linear=0
shrinkage=0.045


Tree=250
num_leaves=23
num_cat=17
split_feature=0 0 3 5 5 0 4 4 0 3 0 3 5 2 3 5 5 1 3 0 0 0
split_gain=1.64441 1.35986 2.0214 1.95064 1.26535 1.47002 1.02635 0.95389 5.1469 2.93199 1.86444 5.62852 2.04117 1.65957 2.35359 1.49824 1.88737 1.27115 1.34827 8.29227 3.57213 2.53624
threshold=0 1 2 6.0461887465411452 5.310736838221497 3 4 5 6 7 8 9 4.5695295849856103 10 11 6.0294818902459815 5.8126357624008849 12 13 14 15 16
decision_type=9 9 9 8 10 9 1 1 9 9 9 9 8 9 9 10 8 9 9 9 9 9
left_child=-1 2 6 4 5 -4 -2 8 15 -10 11 12 -9 14 -11 16 -3 -12 19 -19 -20 -21
right_child=1 7 3 -5 -6 -7 -8 10 9 13 17 -13 -14 -15 -16 -17 -18 18 20 21 -22 -23
leaf_value=13.261734800687536 29.296980138325708 17.144935591475313 -0.44950079810469107 17.943630191863047 -75.004707642821899 -37.134561567733691 -51.435035096742773 41.171764545510833 -159.97570112435889 46.196793023758524 -36.86462886304345 -1.5747033142738656 173.27385212491913 -65.094575278728712 -19.498691047007622 60.752891273236017 -24.881901627138994 16.342278176850339 8.2995788228434222 -29.897272991173139 -0.72196683077077972 -4.9677027087400347
leaf_weight=141 149 257 240 98 91 233 66 308 101 102 230 970 190 224 182 38 41 2037 2396 816 11920 2145
leaf_count=141 149 257 240 98 91 233 66 308 101 102 230 970 190 224 182 38 41 2037 2396 816 11920 2145
internal_value=-9.10693e-05 -0.000122122 -0.00184758 -0.00307122 -0.00413428 -0.00317368 0.00188326 -5.22327e-05 -0.00144931 -0.00387681 1.07071e-05 0.00155068 0.00538235 -0.00233654 0 0.00297414 0.00195 -0.00010585 -6.51971e-05 -0.000700599 0.000157035 -0.00221746
internal_weight=22975 22834 877 662 564 473 215 21957 945 609 21012 1468 498 508 284 336 298 19544 19314 4998 14316 2961
internal_count=22975 22834 877 662 564 473 215 21957 945 609 21012 1468 498 508 284 336 298 19544 19314 4998 14316 2961
cat_boundaries=0 12 25 27 40 41 42 55 57 71 73 74 76 78 80 94 108 122
cat_threshold=0 0 64 0 0 0 0 134217728 0 0 32 268435520 2147618880 1048576 2449473552 268435456 16809984 16777760 64 49152 128 2147483716 547422208 17432584 2097152 2161119298 92208 2147483648 0 2147483648 0 16777216 0 0 16384 0 0 2162688 17301504 2097152 4 1 1107296256 0 0 0 0 0 0 0 0 0 4096 2147484160 1 2147483680 16392 44318724 0 536870912 32832 1074069568 0 256 0 524288 1157660672 1073741832 2176 8923392 4 2819167328 25016 38 8519888 128 268435464 16 2734846976 140392 0 67108976 1073741824 1 134873088 1024 0 73728 536872960 4360 50335760 1090308 32824 2 65553 60821504 0 512 260 536875008 512 0 98304 4344848 402653312 4096 1065985 16 65552 60817408 4096 0 8388868 0 0 0 32768 6308864 469762176 0 16385 1
is_linear=0
shrinkage=0.045


Tree=251
num_leaves=23
num_cat=12
split_feature=0 0 3 5 5 5 5 5 5 2 3 5 5 4 0 3 0 5 5 0 3 0
split_gain=1.6931 1.34216 2.05873 2.05848 2.63232 1.60256 1.29391 1.01775 0.889678 0.797112 1.71593 1.4022 2.44851 3.17822 1.14892 3.15425 1.59452 2.03134 1.87087 1.19669 1.90222 2.13676
threshold=0 1 2 6.078787719222313 4.3107766033702406 3.9981586158983733 2.6735537653587347 3.9219243190762363 5.0072908000208587 3 4 5.1845846780664209 4.2268071048866842 5 6 7 8 3.0201273556387074 6.0124911652234827 9 10 11
decision_type=9 9 9 10 10 10 8 8 8 9 9 8 10 1 9 9 9 10 8 9 9 9
left_child=8 2 7 4 5 6 -4 -2 -1 10 -3 12 13 -12 15 16 18 -18 -11 -17 21 -21
right_child=1 9 3 -5 -6 -7 -8 -9 -10 14 11 -13 -14 -15 -16 19 17 -19 -20 20 -22 -23
leaf_value=14.691216231048928 37.359215150002633 259.67688594431104 36.801309565496027 153.30142282169774 -37.550951715114969 15.731572283648765 -23.587506635087919 -1.4794599780390489 -63.389457208091621 6.0180080689933124 279.0706142324363 -4.4016645723867258 141.08157212511404 -35.604774863030833 -0.069391529054501008 -2.0610781008564119 252.98142146904138 18.402343641103869 -102.39029927457887 44.734501312289026 -48.496983151695744 -90.491677616055199
leaf_weight=194 88 108 48 46 235 58 203 138 44 204 63 235 108 117 19766 370 35 219 35 116 367 178
leaf_count=194 88 108 48 46 235 58 203 138 44 204 63 235 108 117 19766 370 35 219 35 116 367 178
internal_value=-8.32354e-05 -0.000123632 -0.00190217 -0.00328904 -0.00412088 -0.0013746 -0.00293478 0.00170168 0.0036 -5.64218e-05 0.00150467 0.000378505 0.00248276 -0.000741758 -0.000103511 -0.00128906 0.00164851 0.00406015 -0.000986056 -0.00269655 -0.00384473 -0.00102941
internal_weight=22975 22737 816 590 544 309 251 226 238 21921 631 523 288 180 21290 1524 493 254 239 1031 661 294
internal_count=22975 22737 816 590 544 309 251 226 238 21921 631 523 288 180 21290 1524 493 254 239 1031 661 294
cat_boundaries=0 12 25 27 28 30 31 44 46 59 72 74 87
cat_threshold=65536 0 64 0 327680 0 0 1207959552 0 0 32 268435520 2181189696 1048576 2449473552 512 16809984 544 64 16384 128 2147483652 547422208 16908296 2097152 2328363072 26664 96 9437200 32 2 4 2149908516 67108992 16 1073758208 4097 0 268436480 4104 515 67108864 3670017 8519682 19059922 10512 0 262180 0 0 0 0 0 0 4096 2 0 1 2 0 327684 128 0 0 4096 0 268435456 8 2 0 1 2 2283274240 132 0 32 0 0 0 0 0 0 0 0 0 1048576 8388608
is_linear=0
shrinkage=0.045


Tree=252
num_leaves=23
num_cat=14
split_feature=0 0 3 5 5 5 5 5 3 0 0 0 3 5 3 0 3 0 3 5 5 2
split_gain=1.47671 1.14333 3.15184 1.74063 2.55807 1.71043 1.37337 0.90843 0.861069 6.50149 4.3005 3.80373 2.71504 3.65937 2.60426 2.58682 2.09659 1.95732 1.82404 1.7834 1.75027 1.61852
threshold=0 1 2 6.078787719222313 4.3107766033702406 3.2769667020129059 4.0859410030639109 3.0201273556387074 3 4 5 6 7 3.795426061844291 8 9 10 11 12 5.4531797844617023 5.0906732680195743 13
decision_type=9 9 9 10 8 10 10 10 9 9 9 9 9 8 9 9 9 9 9 8 10 9
left_child=-1 2 5 4 7 -2 -7 -4 9 12 14 16 13 -3 20 -12 19 18 -18 -11 -10 -16
right_child=1 8 3 -5 -6 6 -8 -9 10 11 15 -13 -14 -15 21 -17 17 -19 -20 -21 -22 -23
leaf_value=99.89260548140868 38.240624815344923 -6.6977266186607443 -23.08561669683375 199.77671702337517 -43.517749029306486 -25.565987058939445 14.403513354799506 1.3602084048179677 -17.082797510316741 -45.201781151785326 -10.160209980558429 -0.86883014115734114 3.7412702448062189 108.73262081201733 0.060390548253599262 0.77781045810537763 47.107148068623026 -38.661030259570431 -2.9972656057610583 -78.626253190669331 56.656343695577014 69.881031641559943
leaf_weight=106 82 129 75 40 320 62 191 187 347 538 1541 5286 662 289 127 11213 100 546 446 143 69 476
leaf_count=106 82 129 75 40 320 62 191 187 347 538 1541 5286 662 289 127 11213 100 546 446 143 69 476
internal_value=-6.36506e-05 -8.94847e-05 -0.00160217 -0.00347792 -0.00416096 0.0018804 8.82353e-05 -0.000852273 -2.2578e-05 -0.000389216 0.000194233 -0.000887781 0.00284341 0.00565116 0.00298982 -3.17249e-05 -0.00268487 -0.00142663 0.000483871 -0.00464286 0.00021028 0.00486585
internal_weight=22975 22869 957 622 582 335 253 262 21912 8139 13773 7059 1080 418 1019 12754 1773 1092 546 681 416 603
internal_count=22975 22869 957 622 582 335 253 262 21912 8139 13773 7059 1080 418 1019 12754 1773 1092 546 681 416 603
cat_boundaries=0 12 25 27 29 43 57 70 72 74 88 90 102 104 105
cat_threshold=65536 0 64 0 0 0 0 134217728 0 0 0 64 33685568 2150957056 2449473680 0 16809984 32 0 268436480 136 2147483652 545325056 17432585 8519680 30982240 26656 594834980 26720 299028 67108928 1073741825 8320 524288 536870912 0 1073758272 0 1074823184 1107296256 32804 5792 6 2147483656 33554448 0 512 3221291520 4100 0 32768 4096 83889153 69206048 6272 3162371 16 2164260864 33564720 0 512 134217728 4356 0 40960 5120 3072 337641632 2147494016 1064963 55574528 24608 9044032 459540 299028 67108928 1073741825 2130048 147520 536870912 0 0 0 1073742368 1107296256 36 530080 6 22024224 24576 0 8240 0 0 0 0 0 8192 0 0 0 2147491968 33816576 96 1
is_linear=0
shrinkage=0.045


Tree=253
num_leaves=23
num_cat=15
split_feature=0 0 3 5 5 4 5 5 5 3 4 5 5 2 1 3 0 0 0 3 3 0
split_gain=1.63605 1.39758 1.33873 1.66815 2.0797 1.68689 1.51745 2.43111 1.33437 1.31269 2.41814 1.2536 1.04866 0.843107 2.92779 2.63642 2.84667 2.59611 2.13979 2.83273 2.08844 5.75517
threshold=0 1 2 4.8481086751891054 4.3241107269113215 3 6.078787719222313 4.8481086751891054 2.9174053685313028 4 5 3.795426061844291 5.7186697390068177 6 7 8 9 10 11 12 13 14
decision_type=9 9 9 10 10 1 10 10 8 9 1 8 10 9 9 9 9 9 9 9 9 9
left_child=-1 2 3 4 5 -2 7 8 -4 10 -10 -11 -5 14 -3 16 -16 -17 19 -15 21 -20
right_child=1 13 6 12 -6 -7 -8 -9 9 11 -12 -13 -14 18 15 17 -18 -19 20 -21 -22 -23
leaf_value=18.848897303315951 95.73059511006177 -61.81800730453395 -75.270376596618604 138.65870230174107 -95.156007495943811 -80.877767475367691 140.33555944976044 -67.920972760328766 -77.726871810089847 95.891128088309415 14.316878925928394 -2.1051373180814696 -14.279675689386094 21.690331914312644 4.4564182634124876 -10.369943008924166 -14.394456105023528 12.812286387404292 -24.916509939166353 -1.4023912603556528 1.7918702809057139 0.63738319893029249
leaf_weight=103 67 293 52 73 40 50 48 168 72 61 47 163 36 692 926 487 2111 1706 1640 695 8135 5310
leaf_count=103 67 293 52 73 40 50 48 168 72 61 47 163 36 692 926 487 2111 1706 1640 695 8135 5310
internal_value=-7.14845e-05 -9.8322e-05 -0.00184758 0.000809353 -0.00212264 0.000945378 -0.00299759 -0.00370354 -0.00175693 -0.000717391 -0.00429389 0.00133475 0.00506757 -2.76049e-05 -0.00050813 -0.000257535 -0.0011143 0.000928571 0.000133766 0.00181737 -2.23554e-05 -0.000594657
internal_weight=22975 22872 877 266 157 117 611 563 395 343 119 224 109 21995 5523 5230 3037 2193 16472 1387 15085 6950
internal_count=22975 22872 877 266 157 117 611 563 395 343 119 224 109 21995 5523 5230 3037 2193 16472 1387 15085 6950
cat_boundaries=0 12 25 27 28 30 31 32 33 35 48 61 75 77 79 93
cat_threshold=16777216 0 0 0 0 0 0 1073741824 0 0 32 64 33755204 3211264 2449473616 0 2147516416 36 0 268435456 128 2147485700 547356672 655368 2097152 13664370 83968 4 16777216 4644 4 3 1050644 1651998742 350813 2147483648 0 1073741824 1 131076 33554432 0 0 0 1073742080 152 2147483652 21 2147483648 0 1073741824 0 131076 33554432 0 0 0 256 128 516 1044 8699920 64 536870912 0 8454408 0 0 16384 524288 16801792 33554432 640 9970688 4 2177487874 276648 2514583340 11434 4194313 42076192 67108864 2097664 16793600 4160 0 0 102400 6947840 16777216 2147484689 67112964 16
is_linear=0
shrinkage=0.045


Tree=254
num_leaves=23
num_cat=18
split_feature=0 3 0 5 4 1 3 0 0 5 3 0 0 3 0 0 0 3 5 2 5 2
split_gain=1.52819 1.82557 1.37287 1.05605 1.80144 0.801104 3.1421 2.57271 2.52206 1.07541 1.03271 5.86521 3.29937 3.99632 2.72952 2.25811 1.85145 2.48556 2.81852 2.81473 1.87348 1.78547
threshold=0 1 2 3.3497501700808394 3 4 5 6 7 4.5900436644025815 8 9 10 11 12 13 14 15 4.1510089048756029 16 4.4829865921051741 17
decision_type=9 9 9 8 1 9 9 9 9 8 9 9 9 9 9 9 9 9 8 9 8 9
left_child=1 3 -2 -1 -5 6 8 -8 -4 -9 11 -7 13 -12 -13 21 17 18 -14 20 -19 -15
right_child=2 -3 5 4 -6 10 7 9 -10 -11 12 14 16 15 -16 -17 -18 19 -20 -21 -22 -23
leaf_value=36.713796399220662 18.580724228962424 -12.680199145796722 -0.33195029106913354 49.243802106672369 -33.244633560218816 23.906948295183355 -27.245330577987989 9.7161113114962241 82.713922545401658 -9.6074344239650955 81.107378802740129 -0.20624852355274925 -5.6017075480605856 -9.5017785434905093 -16.143995597613756 23.600989199770119 0.19427529303517074 -1.0157440035651415 42.286986719920385 -168.83822021250859 -39.399924681134834 71.909718692247111
leaf_weight=45 112 463 246 133 56 921 309 290 364 182 493 2421 215 1233 2589 417 10617 792 229 121 594 133
leaf_count=45 112 463 246 133 56 921 309 290 364 182 493 2421 215 1233 2589 417 10617 792 229 121 594 133
internal_value=-6.9526e-05 -0.00212623 -4.03769e-06 0.00109756 -0.000353403 -3.04356e-05 0.00101033 -0.000879571 0.00340032 0.00120868 -0.000100664 -0.000601969 9.99596e-05 0.00167177 -0.00120968 0.000664345 -0.00018601 -0.00145568 0.00148026 -0.00232554 -0.00170601 -0.000228592
internal_weight=22975 697 22278 234 189 22166 1391 781 610 472 20775 5931 14844 2276 5010 1783 12568 1951 444 1507 1386 1366
internal_count=22975 697 22278 234 189 22166 1391 781 610 472 20775 5931 14844 2276 5010 1783 12568 1951 444 1507 1386 1366
cat_boundaries=0 13 15 27 28 30 32 36 47 49 63 77 79 92 105 119 121 122 123
cat_threshold=33574980 2148597824 2415919312 0 8 36 64 134217728 136 2147483652 545259520 268435465 131072 2161645122 16392 553648129 0 0 0 0 0 0 0 0 0 32 64 4 2147483744 128 1381926450 75776 0 44302336 67108865 148 0 1157758976 603979776 0 0 0 0 0 0 0 196608 324288032 10312 262160 0 0 8192 268451840 1088 640 1073750016 4 1080184856 1107300352 16781316 4128 7 12582920 16416 0 0 3221291076 4096 256 0 563200 33857 285212672 2147623040 3155970 16 2147614740 35 3229614080 7188 0 2097152 9044228 0 0 65536 536870912 8388610 16 2656256 2214642201 0 32 0 0 65600 0 0 0 2048 32833 285212672 2147491968 8194 16 1024 0 32768 268582912 1025 640 1342284864 4 1075974192 33558528 36 8392704 5 681672704 426752 22 23
is_linear=0
shrinkage=0.045


Tree=255
num_leaves=23
num_cat=16
split_feature=0 0 3 0 0 5 3 5 1 3 0 5 0 5 0 5 4 3 3 5 3 0
split_gain=1.67962 1.30498 2.37397 2.1248 1.12146 1.06838 1.29152 0.818736 0.806639 3.81761 3.18196 2.27492 2.06414 2.72019 1.32316 2.36584 1.38751 1.3562 1.22987 1.50258 1.18453 6.28511
threshold=0 1 2 3 4 2.1383330595080281 5 4.7317931335534196 6 7 8 6.3465127852423047 9 4.3882378946731615 10 3.5114340430413216 11 12 13 5.4659459730803723 14 15
decision_type=9 9 9 9 9 8 9 8 9 9 9 8 9 8 9 8 1 9 9 10 9 9
left_child=-1 2 3 7 -4 -6 -7 -2 9 12 11 18 13 -3 15 -12 -17 -16 19 -11 -10 -22
right_child=1 8 4 -5 5 6 -8 -9 20 10 14 -13 -14 -15 17 16 -18 -19 -20 -21 21 -23
leaf_value=16.006040636300714 81.437759418051627 -43.846167382124399 -97.614458674741613 -2.283581017627621 14.278222174187229 3.1021435606705743 -21.357886636938982 12.762557323571491 -2.0378723550751237 1.7703000327134941 -146.51602182414535 87.913356718263557 47.425876885148611 23.021740315246642 167.93428258710773 199.63100574497821 -7.3570030081200093 4.0023363212677214 -44.61196716858025 -56.898390216375368 20.756807080165835 -1.9017477382789729
leaf_weight=101 72 133 107 270 40 140 240 40 8649 239 53 64 724 270 115 72 188 356 530 40 2258 8274
leaf_count=101 72 133 107 270 40 140 240 40 8649 239 53 64 724 270 115 72 188 356 530 40 2258 8274
internal_value=-9.69448e-05 -0.000123875 -0.00178339 0.000913706 -0.00371521 -0.0025 -0.00329843 0.00580645 -5.42613e-05 0.000659871 -0.0007145 -0.0025678 0.00266681 5.42169e-05 0.00135678 -0.0009 0.000858779 0.00284161 -0.00324599 -0.000695876 -0.000158261 0.000162178
internal_weight=22975 22874 909 382 527 420 380 112 21965 2784 1657 873 1127 403 784 313 260 471 809 279 19181 10532
internal_count=22975 22874 909 382 527 420 380 112 21965 2784 1657 873 1127 403 784 313 260 471 809 279 19181 10532
cat_boundaries=0 12 25 27 38 49 51 53 55 61 72 78 79 81 83 85 99
cat_threshold=0 0 0 0 16777216 0 0 0 0 528 0 64 33574980 2148532288 2449477840 4224 268435456 100 0 0 32896 2147500100 545259520 8 131074 4822050 204956 16384 0 4096 128 0 64 0 0 32768 0 536870912 16384 0 4224 128 0 64 0 0 0 0 8388608 142606864 32 2147532900 128 1614457972 2456 32768 44171264 1610612737 20 2281701376 4353 10485760 67371008 67108865 17 1073741824 3072 0 0 0 0 131072 2359296 16777216 0 0 0 1024 2 142606336 24580 59052546 4096 1465857572 141784 2164260873 73760 0 8192 98560 536870912 0 0 4104 17957891 268435472 2147495040 1589248 16
is_linear=0
shrinkage=0.045


Tree=256
num_leaves=23
num_cat=16
split_feature=0 5 3 0 0 5 5 0 5 5 4 0 3 0 3 5 3 0 0 3 0 0
split_gain=1.80469 2.68482 1.92253 2.43738 1.46052 1.44976 1.80753 1.25218 1.0402 0.873581 0.795957 5.30239 4.59304 4.49727 4.291 3.74202 3.67554 4.23477 4.1266 3.62436 6.6572 4.19725
threshold=0 6.0626210638078133 1 2 3 4.1820210059610323 4.4484992763719129 4 4.8713658868283671 3.3497501700808394 5 6 7 8 9 4.0517471391904856 10 11 12 13 14 15
decision_type=9 10 9 9 9 8 8 9 10 10 1 9 9 9 9 8 9 9 9 9 9 9
left_child=1 2 4 -4 -1 -5 -7 8 -2 -6 11 12 15 14 -12 -9 17 -15 -18 20 -13 -21
right_child=7 -3 3 5 9 6 -8 10 -10 -11 13 19 -14 16 -16 -17 18 -19 -20 21 -22 -23
leaf_value=-1.9022545027973319 312.80164218750366 230.55916752244192 49.97994308382156 5.1590974252260642 -2.5792250983419942 -110.15962380545184 -30.718598578290109 28.359135581626543 -69.167001266762398 -81.519968206933399 14.796915574074083 5.4104732012595189 8.5118844937982967 4.3213634126336542 -39.278234818017843 497.75589678272763 20.734119760804241 -8.9104472040574905 0.43326555982985154 -9.3109246544868611 -42.108857438371452 25.711424971558081
leaf_weight=143 70 57 112 173 47 38 208 103 36 169 325 1619 816 1668 1060 109 1566 4387 5793 1158 1191 2127
leaf_count=143 70 57 112 173 47 38 208 103 36 169 325 1619 816 1668 1060 109 1566 4387 5793 1158 1191 2127
internal_value=-0.000130239 -0.00204119 -0.00267377 -0.000870166 -0.00515499 -0.0024536 -0.00471774 -4.69601e-05 0.00457627 -0.0075 -7.18063e-05 0.000318947 0.00328846 -0.000259949 -0.00268969 0.00904018 -6.70341e-06 -0.000827015 0.000668498 -0.000187899 -0.00137137 0.000825751
internal_weight=22975 947 890 531 359 419 246 22028 106 216 21922 7123 1028 14799 1385 212 13414 6055 7359 6095 2810 3285
internal_count=22975 947 890 531 359 419 246 22028 106 216 21922 7123 1028 14799 1385 212 13414 6055 7359 6095 2810 3285
cat_boundaries=0 12 14 20 31 43 44 58 60 73 75 77 91 104 106 120 134
cat_threshold=50348108 68485184 3523215440 4672 2147516416 548 0 0 128 2147483716 8454144 8 21037058 154292 16777228 262208 0 0 0 4 16384 67174400 2147483648 576 0 0 0 0 0 64 8388608 0 0 0 0 65536 0 0 0 0 16 0 96 2 6553600 16 0 0 268435456 536872000 512 0 0 11176992 1610612736 1052676 67122050 4 1209009152 6304 6553600 32 0 2415919108 1073741824 7488 768 134217728 71680 2624512 1610612736 524288 2155876610 542281824 16896 1849549860 239813 3229614097 2109440 0 2097280 8519936 0 0 0 0 1073758464 167776272 285221120 1050788 7 4096 16910352 536870912 8208 17826368 1 0 57344 0 259 402784288 2164296192 67126272 24119058 390120 32768 12292 1 0 9437184 0 0 65536 536870912 4198408 117440512 2150106368 2147516424 1 0 10496004 1 0 9437184 0 0 402718720 1024 20745 234881024 2150113536 17408 3
is_linear=0
shrinkage=0.045


Tree=257
num_leaves=23
num_cat=17
split_feature=0 3 0 5 5 0 5 5 0 0 3 0 3 0 3 3 0 0 3 5 1 3
split_gain=2.0605 3.16837 1.44411 1.50615 1.31992 1.23593 1.07617 0.89114 3.8684 3.23447 4.02519 2.81327 2.63245 2.53687 5.20244 3.10624 4.96196 3.89641 3.31771 3.99416 2.41844 2.34891
threshold=0 1 2 4.2413008733233104 3.8815106545092593 3 3.9415346756528771 4.1820210059610323 4 5 6 7 8 9 10 11 12 13 14 3.3497501700808394 15 16
decision_type=9 9 9 10 10 9 8 10 9 9 9 9 9 9 9 9 9 9 9 10 9 9
left_child=1 -1 -3 4 -4 6 -2 8 12 10 -9 -11 -7 14 -10 17 -17 18 19 -15 -18 -19
right_child=5 2 3 -5 -6 7 -8 9 13 11 -12 -13 -14 15 -16 16 20 21 -20 -21 -22 -23
leaf_value=14.938093731862027 72.318193943500219 -1.482554825507268 -53.14726141326917 -92.993974388536586 13.224931524093027 8.1115154849926334 1.4628578242436561 -42.849599532023277 -5.0333085781498808 43.426153957639357 -0.64248870242838163 1.3284497118047147 -62.221692093111521 -53.218206143165439 22.072663143416666 35.867348052419871 0.92414247774613612 -6.0775551519985305 20.956549142529273 11.107349925669295 -29.108778226416071 -41.957116816710929
leaf_weight=213 70 108 94 109 35 143 71 389 745 390 1017 10124 423 301 722 1022 2099 1817 648 384 581 1470
leaf_count=213 70 108 94 109 35 143 71 389 745 390 1017 10124 423 301 722 1022 2099 1817 648 384 581 1470
internal_value=-0.00012828 -0.00279772 -0.00540503 -0.00738 -0.00429389 -6.01926e-05 0.00397059 -8.78315e-05 -0.000393212 0.000177403 -0.00184062 0.000448888 -0.00397059 -0.000181359 0.00153651 -0.000485961 0.000484653 -0.00126295 0.000786245 -0.00138809 -0.000534918 -0.00209382
internal_weight=22975 559 346 238 129 22416 141 22275 10355 11920 1406 10514 566 9789 1467 8322 3702 4620 1333 685 2680 3287
internal_count=22975 559 346 238 129 22416 141 22275 10355 11920 1406 10514 566 9789 1467 8322 3702 4620 1333 685 2680 3287
cat_boundaries=0 12 14 24 36 49 63 65 78 80 94 96 98 112 126 128 130 132
cat_threshold=16793664 1114112 3489661008 2147488320 16777216 37 0 16384 128 2147483732 8454144 8 143147584 77960 16777280 65536 1073741824 2147483712 0 0 0 0 0 64 8388608 0 0 0 65536 0 256 1073741824 0 0 0 64 1109393424 16384 67108865 268435472 0 0 512 134217728 0 67111169 1612840992 8192 9977858 4097 83887156 536870912 8193 1343357184 0 0 8192 36864 1200128 4096 16781313 2097280 1 559546656 90240 16 0 128 16 4 3072 0 134217728 2048 2305 1075839008 268435456 9461760 2151678466 16452 1 1090650112 536870912 1 278134848 0 0 64 561152 1208320 4096 16781441 2132097 4 2189690386 500700 175302474 162357 2147745796 33555504 0 0 134217984 0 0 0 536871936 2098184 16777216 2656256 2214601728 17 65544 67117060 0 2138116 131076 536870912 0 268443648 67584 1073774594 100663424 269517840 4148 2 33611842 133669 1100916 3112 33611842 150053
is_linear=0
shrinkage=0.045


Tree=258
num_leaves=23
num_cat=19
split_feature=0 0 3 5 5 3 0 3 4 5 0 3 3 1 3 0 0 0 3 3 0 0
split_gain=1.72823 1.42924 3.09793 1.05015 0.994099 2.84762 1.55234 1.25168 1.17541 1.04296 9.37629 4.36037 3.56441 3.0593 2.87053 2.85691 2.83322 2.4773 2.48934 2.23977 8.37321 3.73153
threshold=0 1 2 3.6505739029280164 1.4978661367769956 3 4 5 6 3.4498615536424366 7 8 9 10 11 12 13 14 15 16 17 18
decision_type=9 9 9 8 8 9 9 9 1 8 9 9 9 9 9 9 9 9 9 9 9 9
left_child=-1 2 -2 -4 5 -3 -7 -8 -9 10 11 15 16 -14 -15 -6 -12 18 -11 20 -19 -21
right_child=1 4 3 -5 9 6 7 8 -10 17 12 -13 13 14 -16 -17 -18 19 -20 21 -22 -23
leaf_value=13.414385320207002 166.30406112730205 116.18764016856755 -1.0979536737845592 -20.447963279965698 -37.076891184967707 50.442854704243452 27.7955871385136 -5.1386162490098286 -38.204053724175097 1.4042640660413963 1.015164404377374 42.468063514934258 -29.515980503474893 -2.488751807692033 82.093457974900943 20.581023948479814 -64.574471038355398 -19.628962950490241 -19.00781809133623 11.064424868402547 5.4019632415126395 0.62825477765683901
leaf_weight=133 101 111 220 453 228 102 106 156 101 589 252 651 426 240 248 305 1079 1735 719 2052 2163 10805
leaf_count=133 101 111 220 453 228 102 106 156 101 589 252 651 426 240 248 305 1079 1735 719 2052 2163 10805
internal_value=-8.71524e-05 -0.000118141 -0.00200382 -0.00312044 -5.09511e-05 0.00179066 0.000141509 -0.00126 -0.00292751 -0.000100493 -0.000819732 0.00240803 -0.00252215 -0.000340173 0.00207 -0.000619266 -0.0040041 3.61196e-05 -0.00184091 0.000183843 -0.000759591 0.000470316
internal_weight=22975 22842 774 673 22068 576 465 363 257 21492 3429 1184 2245 914 488 533 1331 18063 1308 16755 3898 12857
internal_count=22975 22842 774 673 22068 576 465 363 257 21492 3429 1184 2245 914 488 533 1331 18063 1308 16755 3898 12857
cat_boundaries=0 12 25 27 29 41 43 44 57 59 61 63 65 77 91 104 106 108 121 134
cat_threshold=0 0 0 0 16777216 0 0 0 0 32 1073741856 64 25170001 1073807360 3489661136 2147483712 0 32 0 268435456 128 2147485780 547356672 285212680 131072 38814720 8192 134348832 16608 0 8192 0 0 8388608 0 0 0 536903680 8 0 2149580800 524304 69632 4 2181038080 11316 0 0 131328 0 0 8192 2052 14681344 419430544 2147486993 3072 1245941954 162324 2407024144 102540 805869568 3588 1074171910 411648 0 9248 0 0 256 0 0 0 0 8388608 150994944 3072 0 0 0 2097152 8388608 0 0 0 1024 36864 0 1081344 67141665 4 2151677956 2157970448 67108864 40964 1073758208 4097 256 1088 34828 67109632 268435472 1 2176 721601586 72064 864429062 141633 2359296 16922656 0 0 1081604 0 0 8192 536871936 12588032 150995072 2148535952 2147484164 2162696 33574976 536870912 512 1638916 1024 512 24576 66560 1025 67108864 2688 3149830
is_linear=0
shrinkage=0.045


Tree=259
num_leaves=23
num_cat=18
split_feature=0 0 3 4 5 2 5 3 5 5 0 3 0 3 0 3 3 2 0 3 0 0
split_gain=1.99571 1.48832 2.8498 1.07495 2.22389 1.03173 1.83018 1.00681 1.03066 0.811397 5.78767 3.88454 3.84547 4.27179 3.39295 4.56536 4.25609 2.25163 2.09455 2.01027 5.42272 4.24204
threshold=0 1 2 3 3.3842466058243152 4 5.2067464199591091 5 4.5798392285869785 4.9801701820644562 6 7 8 9 10 11 12 13 14 15 16 17
decision_type=9 9 9 1 10 9 8 9 10 10 9 9 9 9 9 9 9 9 9 9 9 9
left_child=-1 2 3 4 -2 7 -7 8 -4 12 11 -11 13 -3 16 -16 17 -12 -18 20 -14 -21
right_child=1 9 5 -5 -6 6 -8 -9 -10 10 14 -13 19 -15 15 -17 18 -19 -20 21 -22 -23
leaf_value=16.86798096197159 132.17332723536262 1.8571417345393273 13.447877803301344 -13.971092393305316 6.8490941055533039 -19.360139457580299 -256.08380119221607 -15.362315694302159 -16.815101881451284 -49.11239789784613 6.6199919717251579 1.2634554770918112 -29.889796674825593 -53.43010666798822 0.61003546362207994 48.0338428236889 -26.129523605416832 115.89394486581237 -3.131036860153217 -7.460541801390427 1.6127629591613912 4.1333182479686545
leaf_weight=111 36 550 168 72 105 156 36 208 64 549 1498 476 1734 877 777 875 346 344 1189 1539 3616 7649
leaf_count=111 36 550 168 72 105 156 36 208 64 549 1498 476 1734 877 777 875 346 344 1189 1539 3616 7649
internal_value=-4.60243e-05 -7.6718e-05 -0.00191657 0.0025 0.00487762 -0.00342391 -0.00617647 -0.00209071 0 -5.10644e-06 0.000438408 -0.00262536 -0.000173326 -0.00239229 0.00106675 0.00273137 0.000245648 0.00169903 -0.00149806 4.63918e-05 -0.000646214 0.00045
internal_weight=22975 22864 845 213 141 632 192 440 232 22019 6054 1025 15965 1427 5029 1652 3377 1842 1535 14538 5350 9188
internal_count=22975 22864 845 213 141 632 192 440 232 22019 6054 1025 15965 1427 5029 1652 3377 1842 1535 14538 5350 9188
cat_boundaries=0 12 25 27 28 29 31 44 46 59 61 75 77 79 80 93 95 109 123
cat_threshold=0 0 0 268435456 16777216 0 0 0 0 512 1073741824 64 25170000 2147549184 3489661136 64 262152 32 0 268435456 32896 2164262996 545259520 8 132096 55153666 18432 4 20 16400 4756 262144 10491908 0 1 269484032 536870912 0 0 0 1073893386 369229840 558000 8194 2148041818 21004 6324232 101056528 67108864 16 33280 16783681 0 16384 0 2098177 2097152 1048576 9982464 1228640354 205488 1107296256 16786464 1 2147483648 143163392 0 0 73728 536870916 8912896 16781440 2147491844 2077 2 553701904 73870 3391982674 107181 7 33554432 1056 0 0 134250496 0 0 65536 0 0 4096 4 2053 1582568770 8953 1073807360 96 536870912 0 134217732 536870912 0 65536 4 13127680 469766144 18875396 67149832 1 2181038084 1098907648 4096 40961 8929344 4 128 134258688 536872960 256 65688 4097 2147484032 2
is_linear=0
shrinkage=0.045


Tree=260
num_leaves=23
num_cat=15
split_feature=0 3 0 1 0 3 1 5 5 5 5 5 5 5 3 0 0 3 3 0 0 3
split_gain=1.83297 2.7235 1.65741 1.45675 1.4566 2.84936 1.95882 1.55259 1.33228 1.10056 1.60265 0.809319 1.29569 0.794658 2.60522 1.53603 1.04455 7.19636 2.69718 5.54651 4.60646 3.83845
threshold=0 1 2 3 4 5 6 2.602003343538398 2.9174053685313028 5.611299950786516 4.5485858369352732 3.6505739029280164 3.2384861814448418 1.7005986908310777 7 8 9 10 11 12 13 14
decision_type=9 9 9 9 9 9 9 10 10 8 10 8 10 8 9 9 9 9 9 9 9 9
left_child=1 3 9 -1 5 8 -7 -8 -2 10 -3 12 -4 14 -6 -16 17 -15 19 -18 21 -20
right_child=4 2 11 -5 13 6 7 -9 -10 -11 -12 -13 -14 16 15 -17 18 -19 20 -21 -22 -23
leaf_value=-1.8825697178591507 -73.818995814537303 16.33586282776967 -94.397283702650739 59.322267716717725 100.77220584448892 85.087547108902839 -184.54970028802842 7.4322767313436628 1.9339091152544279 80.259203970686869 -205.93752159500804 -45.530278269080007 24.91624266105724 -18.999883932355623 52.693853152955342 -6.9980935434122511 5.6287933377683652 6.6329720980139975 -21.363412576044666 -11.31523299523198 4.7023680702293857 8.2894832368621056
leaf_weight=117 57 55 67 230 113 103 36 179 200 52 40 221 44 1628 100 421 2209 1518 2015 4232 8223 1115
leaf_count=117 57 55 67 230 113 103 36 179 200 52 40 221 44 1628 100 421 2209 1518 2015 4232 8223 1115
internal_value=-2.8398e-05 -0.00209427 -0.00426171 0.000940111 4.97496e-05 0.0022615 0.00504545 0.00227974 -0.00125465 -0.000141509 -0.00301546 -0.00601744 -0.00298673 -1.04234e-05 0.0015566 0.000126642 -5.80174e-05 -0.000812223 7.58171e-05 -0.000658996 0.000492961 -0.000973902
internal_weight=22975 826 479 347 22149 575 318 215 257 147 95 332 111 21574 634 521 20940 3146 17794 6441 11353 3130
internal_count=22975 826 479 347 22149 575 318 215 257 147 95 332 111 21574 634 521 20940 3146 17794 6441 11353 3130
cat_boundaries=0 13 15 26 28 41 43 45 47 59 73 75 77 91 105 107
cat_threshold=25170000 65536 1409286352 64 2147778568 32 0 0 128 2149580820 545325056 8 2555904 47747074 90276 8388608 65536 67108864 0 2147516416 0 0 0 0 0 65536 16468 640 196608 0 33554432 268435588 16842816 256 320 1342177280 524288 16777248 1075838976 131136 1052672 2172649488 4268 134488324 1024 134352896 16576 0 8192 0 0 1048576 0 0 0 536903680 8 0 2149580800 2181038084 2216707088 4096 8208 16384 16781312 128 0 536904708 16640 0 2621444 2147492736 1 2821554752 163614 584463394 483521 1074053120 268288 1 2097153 131076 536870912 0 134316032 2048 1181704 0 268468480 35852 18 311296 1074004000 0 2129921 1179648 536871488 0 134316032 2048 1179720 8 268435744 32780 6 134253396 38966
is_linear=0
shrinkage=0.045


Tree=261
num_leaves=23
num_cat=19
split_feature=0 0 3 5 5 1 5 1 4 0 0 3 3 3 0 0 3 0 0 1 0 3
split_gain=1.84062 1.58421 2.83233 1.25228 1.23254 1.10936 1.2182 0.865916 0.82759 5.18802 4.18906 4.66534 3.53074 3.51887 3.35818 3.00916 2.96437 5.81994 4.68874 2.70847 2.67044 3.7457
threshold=0 1 2 3.795426061844291 6.078787719222313 3 4.5271940351011493 4 5 6 7 8 9 10 11 12 13 14 15 16 17 18
decision_type=9 9 9 10 10 9 8 9 1 9 9 9 9 9 9 9 9 9 9 9 9 9
left_child=-1 2 5 -4 7 -2 -7 -5 9 12 11 -10 19 15 -15 -11 17 -12 -18 -3 21 -20
right_child=1 8 3 4 -6 6 -8 -9 10 13 16 -13 -14 14 -16 -17 18 -19 20 -21 -22 -23
leaf_value=13.135009166631752 109.41672671567839 1.750891206792512 -3.1701838010707069 -1.7537203406764093 82.070956722322265 -31.44522240203618 84.043247080022667 -62.939488242581206 -46.780820881092147 3.0867607604509977 -40.754140591997107 1.9879916244905325 5.726105289235111 -5.9980089478099581 16.119209554686748 -34.557331094385262 22.424020778631675 0.34911506666343484 -22.409967011654079 243.89509431163242 2.9448183670422075 3.6210954490386209
leaf_weight=103 100 110 256 100 36 60 52 204 1014 882 1192 645 952 1662 2189 1075 1321 4493 971 309 4628 621
leaf_count=103 100 110 256 100 36 60 52 204 1014 882 1192 645 952 1662 2189 1075 1321 4493 971 309 4628 621
internal_value=-4.8962e-06 -3.34295e-05 -0.00197561 -0.00355263 -0.00539474 0.00241071 -0.000725806 -0.00632353 3.87298e-05 0.000435524 -0.00015265 -0.00227558 0.00291215 -0.000154639 0.000634869 -0.00170264 0.000115576 -0.000659558 0.000700053 0.00631671 0.00018052 -0.00140274
internal_weight=22975 22872 808 596 340 212 112 304 22064 7179 14885 1659 1371 5808 3851 1957 13226 5685 7541 419 6220 1592
internal_count=22975 22872 808 596 340 212 112 304 22064 7179 14885 1659 1371 5808 3851 1957 13226 5685 7541 419 6220 1592
cat_boundaries=0 13 27 29 31 33 34 48 61 63 65 67 81 94 96 109 122 124 138 140
cat_threshold=536870912 0 64 0 0 0 0 0 0 512 0 268435520 262144 8523840 65536 335544336 576 2164293704 32 320 268435456 128 2147483668 545325056 131080 0 1 2148107296 27152 134218820 65536 24837 128 2 6553600 67108896 1 0 268959744 536872000 512 0 0 67816480 1073741824 1052676 13202 4 6553604 67108912 3221225472 2149580804 1342177280 7232 512 0 69632 2623488 1073741824 524289 2147484546 2307738162 6550 3367502912 6176 2693796688 418424 33554432 2103300 0 0 142802944 0 0 73728 0 259 301989888 2147525136 17416 2 0 6148 0 0 142606336 0 0 0 8 4106 50331648 2147483904 32780 3996947492 207949 33652752 25296960 1 16 1048576 536870912 0 134242304 34816 5276672 270663840 2097156 42000 16875536 133184 536870912 16 1048576 5 0 134242304 2048 33795 404881536 2130464 2114560 18448 4 1073758209 3223584768 0 1 134742016 33554688 0 98304 536871936 1082261504 67112960 1062916 4132 6 92690 4242
is_linear=0
shrinkage=0.045


Tree=262
num_leaves=23
num_cat=16
split_feature=0 3 0 0 4 5 1 1 3 5 0 3 0 5 0 3 4 5 0 5 5 3
split_gain=1.6879 2.20922 1.46914 1.21714 1.22059 1.2549 1.04849 0.836801 3.71993 2.51061 3.64793 3.87189 2.18301 1.48759 1.4216 1.30639 1.76544 2.38944 1.69227 1.49836 1.41828 1.20094
threshold=0 1 2 3 4 2.3502401828962087 5 6 7 5.310736838221497 8 9 10 4.7140145363037149 11 12 13 4.6200466650627661 14 4.166635176627655 4.6867395546766826 15
decision_type=9 9 9 9 1 10 9 9 9 8 9 9 9 8 9 9 1 10 9 10 10 9
left_child=1 6 -2 -3 5 -5 -1 8 13 10 15 14 -11 -4 -12 16 19 -18 -17 -10 -21 -14
right_child=2 3 7 4 -6 -7 -8 -9 9 12 11 -13 21 -15 -16 18 17 -19 -20 20 -22 -23
leaf_value=-49.627714724279791 12.513785256229385 7.3287925334171815 -9.099390003007283 116.96506412513288 -92.337684340817788 -1.9356977463919973 -9.6943862326240922 -0.15274462614634102 -16.706556340862008 -29.418890361985341 -64.360519877243163 48.277146799000434 59.839724764830677 -82.577297347356534 1.8181551583275903 8.5120379779650825 -84.116807968361243 314.13073906383562 -70.221743030069845 -134.84773926808793 -52.12010345400482 83.644527883288674
leaf_weight=104 100 206 163 41 121 226 138 19457 78 102 147 562 219 106 220 320 88 41 165 60 58 253
leaf_count=104 100 206 163 41 121 226 138 19457 78 102 147 562 219 106 220 320 88 41 165 60 58 253
internal_value=6.85468e-06 -0.00196344 8.22762e-05 -0.000445545 -0.0019125 -0.000250929 -0.00549213 5.61199e-05 0.000815343 0.00140323 0.000555715 0.00246281 0.00398438 -0.00408363 -0.00112797 -0.00164234 -0.00380564 0.000171756 -0.000135815 -0.00659091 -0.00975 0.00520661
internal_weight=22975 836 22139 594 388 267 242 22039 2582 2313 1739 929 574 269 367 810 325 129 485 196 118 472
internal_count=22975 836 22139 594 388 267 242 22039 2582 2313 1739 929 574 269 367 810 325 129 485 196 118 472
cat_boundaries=0 13 15 27 40 41 43 45 47 53 55 66 77 79 80 83 85
cat_threshold=135232 2147549184 268439696 64 2164293640 32 0 268435456 128 2147485748 545325056 269090824 2228224 2826961408 524 0 0 0 268435460 0 0 0 16384 0 0 0 64 0 2147483648 4224 0 0 0 0 268435456 0 0 536870912 269090816 131072 4 32 3330 2147516516 160 2181038156 425987 6324224 117833728 1 513 0 6144 1183778 71844 33816576 10747904 0 1 0 0 0 0 0 0 131072 262144 0 0 0 0 1024 0 0 0 0 144 139380224 672 4 32768 117440512 1 134235698 2052
is_linear=0
shrinkage=0.045


Tree=263
num_leaves=23
num_cat=15
split_feature=0 3 0 5 5 0 1 4 1 3 0 5 0 5 4 4 5 3 5 5 4 3
split_gain=1.73882 3.3424 1.3486 1.29965 1.10576 1.23909 0.979438 1.01735 0.906221 2.41439 2.31213 2.26275 1.69932 1.72812 1.55575 1.30158 1.85045 1.31805 1.25816 1.18935 1.55108 0.956899
threshold=0 1 2 3.3140206880897671 5.9175479584402915 3 4 5 6 7 8 4.8481086751891054 9 3.5114340430413216 10 11 5.4004200416950168 12 2.524928003624769 4.135134555718313 13 14
decision_type=9 9 9 10 10 9 9 1 9 9 9 8 9 10 1 1 10 9 8 10 1 9
left_child=1 6 3 -2 5 -3 -1 -8 9 10 11 19 -11 18 -12 16 -15 -17 -14 20 -4 -10
right_child=2 4 8 -5 -6 -7 7 -9 21 12 14 -13 13 15 -16 17 -18 -19 -20 -21 -22 -23
leaf_value=28.785087629906773 -20.10441578832506 -1.1257006307626942 -139.5589079389425 80.285427052410228 84.864916573566219 -23.389116481556194 69.198922380604657 -39.614868441577272 -1.292635486576728 -25.329443550652503 452.32895899566893 78.473094227045948 11.744823657149881 38.689106118704473 26.079751059211411 -47.917351839005512 945.93867778749564 9.3504819066108027 -67.543499633404053 -67.320734507503587 19.99409187094243 0.73623067171854928
leaf_weight=196 40 210 35 99 50 403 106 83 9534 374 62 215 50 126 315 122 36 311 159 116 71 10262
leaf_count=196 40 210 35 99 50 403 106 83 9534 374 62 215 50 126 315 122 36 311 159 116 71 10262
internal_value=-2.93772e-06 -0.00178302 8.30712e-05 0.00432119 -0.0037 -0.00428049 0.00153023 -0.000783582 5.36697e-05 0.000965569 0.00283293 0.000551225 -0.000340336 0.000827206 0.00537918 0.00207286 0.0054878 0.000775862 -0.00266588 -0.00261161 0.000833333 -3.86208e-05
internal_weight=22975 1048 21927 139 663 613 385 189 21788 1992 814 437 1178 804 377 595 162 433 209 222 106 19796
internal_count=22975 1048 21927 139 663 613 385 189 21788 1992 814 437 1178 804 377 595 162 433 209 222 106 19796
cat_boundaries=0 13 15 28 41 43 44 46 48 59 70 71 72 73 74 76
cat_threshold=8523840 2214592512 1342181584 64 2164293640 32 0 402653184 128 2147483924 8454144 655368 2228224 38556706 90272 0 0 0 268435460 0 0 0 0 0 32 0 64 4096 4096 0 268439552 0 16777216 0 0 134217728 0 260 8454144 0 2097152 353 1024 4 2147516516 128 1227949616 17328 2195456 1124073472 536870913 1 0 2048 0 0 0 0 131072 38010880 10747904 1 16 0 0 0 0 0 0 131072 2 2 2156838912 2 401899040 151016
is_linear=0
shrinkage=0.045


Tree=264
num_leaves=23
num_cat=18
split_feature=0 3 5 5 0 3 5 0 4 3 0 0 0 0 3 3 3 0 3 0 4 5
split_gain=1.86513 2.46331 1.73855 2.15461 1.50775 1.28355 1.22255 1.13688 1.57137 0.749902 6.71583 6.67528 4.71852 3.72854 3.37373 2.45799 2.39979 2.18104 2.87918 2.95405 2.19706 2.26014
threshold=0 1 6.0461887465411452 5.5274410133216039 2 3 4.1510089048756029 4 5 6 7 8 9 10 11 12 13 14 15 16 17 4.3107766033702406
decision_type=9 9 10 10 9 9 8 9 1 9 9 9 9 9 9 9 9 9 9 9 1 8
left_child=1 -1 3 4 -3 -6 -7 8 -2 11 14 -9 16 15 -11 -12 -13 20 19 -19 21 -14
right_child=7 2 -4 -5 5 6 -8 9 -10 10 13 12 17 -15 -16 -17 -18 18 -20 -21 -22 -23
leaf_value=2.619492914192342 -16.081653283370688 5.8590930040667804 121.89611217948608 -158.30933616038621 -0.27431667014447159 -7.903565217437353 -58.811383758758744 16.342424560414401 168.77019625726641 0.38298940463886538 1.4780706028636996 -1.7660249654321341 14.958454384960058 1.1864051283760637 -31.2675591886021 24.928293548181063 -48.395807244528768 -13.363625649814347 -8.8125558067990095 16.851244778516847 5.955133434286326 -157.9330909034887
leaf_weight=366 54 102 35 45 100 122 134 1761 58 707 491 348 53 7783 1091 979 666 697 3378 1037 2909 59
leaf_count=366 54 102 35 45 100 122 134 1761 58 707 491 348 53 7783 1091 979 666 697 3378 1037 2909 59
internal_value=-2.4481e-05 -0.00201419 -0.00392727 -0.00467822 -0.00371739 -0.00501359 -0.00671642 5.80763e-05 0.00435484 3.37945e-05 0.000294902 -0.000230769 -0.000719784 0.000784404 -0.00221271 0.00285425 -0.00359649 -0.000356354 -0.000922131 0.00056701 0.00060089 -0.00552632
internal_weight=22975 904 538 503 458 356 256 22071 112 21959 11051 10908 9147 9253 1798 1470 1014 8133 5112 1734 3021 112
internal_count=22975 904 538 503 458 356 256 22071 112 21959 11051 10908 9147 9253 1798 1470 1014 8133 5112 1734 3021 112
cat_boundaries=0 13 15 26 28 40 41 43 57 71 84 97 99 101 103 116 118 132 133
cat_threshold=135232 3296722944 2449477840 268439556 2164293640 32 0 268435456 128 2147483668 8388608 131080 2228224 13161522 67632 131072 1073741824 2415923200 0 16777216 0 0 0 0 0 8388608 16777728 25096 0 0 0 0 65600 0 0 0 0 96 0 64 2 127720480 417401 3229614085 262144 1 0 1196032 320 128 1024 36868 1085407240 33554448 1572992 2147487744 1 3234070533 262144 1 0 1196032 1344 0 0 4096 1083310088 1107296272 17826432 4096 5 16793624 2162784 1677721600 2097233 0 536870912 0 32832 67584 18689 203489280 10244 1024 81928 2183264 1610612736 1 0 0 0 0 67584 18689 203489280 268437524 8388613 1749090442 98432 1881145364 33154 41960480 2112 32768 2048 0 128 0 33554432 128 90112 33804 2101248 553652232 33056 2215643832 75794432 282625 35651584 16920592 0 0 134742016 0 0 0 536870912 32768 0 16 40964 2 1
is_linear=0
shrinkage=0.045


Tree=265
num_leaves=23
num_cat=17
split_feature=0 3 0 0 3 5 5 4 5 4 3 0 5 0 3 3 0 0 3 5 0 0
split_gain=1.79826 3.55019 1.15611 1.10958 1.36341 1.22973 1.06328 0.960116 0.933795 0.828086 4.90801 5.58495 3.45791 3.44454 4.87822 2.97316 5.0466 4.10154 2.70729 2.70226 5.85585 3.80377
threshold=0 1 2 3 4 3.5972184255501678 2.9700856263602158 5 3.8393944990995772 6 7 8 5.0782890901091458 9 10 11 12 13 14 3.1132683346437333 15 16
decision_type=9 9 9 9 9 10 10 1 10 1 9 9 8 9 9 9 9 9 9 10 9 9
left_child=1 -1 -2 4 -3 6 -5 -7 -6 10 12 -12 -4 14 -11 17 -17 18 -15 20 -13 -21
right_child=2 3 9 5 8 7 -8 -9 -10 13 11 19 -14 15 -16 16 -18 -19 -20 21 -22 -23
leaf_value=18.830698551566819 71.48374959895358 26.422665439290721 -26.990848051167994 -42.976729800283394 0.43271098766810606 -269.08995012474719 48.352504468684472 -24.750618614389566 -90.334805905586535 -67.45771641532076 42.556288806501612 26.169641113930101 -140.86878756116414 -3.6109803361263766 0.56471952869160302 16.50868679168634 0.5272979672417204 -8.3575002938369654 15.585376452480377 -11.478015180923176 -40.433785019378448 15.314200021898104
leaf_weight=229 101 101 463 61 59 35 42 138 127 711 1167 340 109 689 756 1186 5988 4449 1105 1353 721 3045
leaf_count=229 101 101 463 61 59 35 42 138 127 711 1167 340 109 689 756 1186 5988 4449 1105 1353 721 3045
internal_value=-3.62319e-05 -0.00212687 3.95359e-05 -0.00403043 -0.00188127 -0.00609375 -0.00235714 -0.00861429 -0.00409091 1.6294e-05 0.0004125 0.000759265 -0.00354452 -0.000175333 -0.00223631 5.19398e-05 0.000676315 -0.000665468 0.00114618 0.000152166 -0.00188382 0.000644318
internal_weight=22975 792 22183 563 287 276 103 173 186 22082 7198 6626 572 14884 1467 13417 7174 6243 1794 5459 1061 4398
internal_count=22975 792 22183 563 287 276 103 173 186 22082 7198 6626 572 14884 1467 13417 7174 6243 1794 5459 1061 4398
cat_boundaries=0 13 15 27 38 40 41 42 44 58 71 73 75 88 102 104 117 131
cat_threshold=131156 3229614080 2449477840 4096 2147516488 32 0 268435456 128 2147483732 8388624 131080 131072 1627138 82480 16384 0 0 0 65536 0 0 0 0 0 32 64 0 8388608 2415923200 0 32768 0 0 0 0 2147483732 8388608 16 4100 2 2 4198656 279040 48496640 65568 0 0 524288 1088 0 1207959552 32768 8948768 1610612736 4100 67154690 4 40108032 32 0 2415919620 1073741824 7233 768 134217728 4096 526336 1610612736 524292 2155877122 160238614 14388 1874642084 231621 8388608 134160 1677721600 144 4 4 0 122880 65536 4355 335609856 34864 16385 3221262337 35913728 1 0 8519680 33554432 0 0 1024 1073743112 167776256 8576 1058852 6 102007968 34881 0 4096 0 0 134217728 0 0 73728 536870912 4198400 134217728 2151153920 4 32768 35653648 0 0 277889024 0 0 73728 536871936 4352 419430528 19439888 16388 1
is_linear=0
shrinkage=0.045


Tree=266
num_leaves=23
num_cat=17
split_feature=0 3 0 5 0 5 5 0 2 1 3 0 4 0 5 5 0 3 3 0 3 0
split_gain=1.54837 1.50018 1.49186 0.968211 2.10486 2.63485 1.26095 0.944493 1.0877 0.924589 2.4909 4.09738 3.84268 3.41974 2.23655 2.21259 1.96338 1.45917 1.1194 1.1011 0.947164 8.50483
threshold=0 1 2 5.7853612818482238 3 3.5408542930527882 2.9174053685313028 4 5 6 7 8 9 10 5.4004200416950168 4.8322978221268906 11 12 13 14 15 16
decision_type=9 9 9 10 9 10 10 9 9 9 9 9 1 9 10 10 9 9 9 9 9 9
left_child=1 7 -2 4 -3 6 -6 -1 -9 10 11 -4 14 15 -13 17 18 -12 -15 -18 21 -11
right_child=2 3 9 -5 5 -7 -8 8 -10 20 13 12 -14 16 -16 -17 19 -19 -20 -21 -22 -23
leaf_value=-7.8692329923185023 11.751947268827735 -2.2950592014043649 -30.171855585453375 19.993138240149417 -56.981487124873674 -113.74986983474784 79.462384572493605 -13.429346881453839 52.956823346651397 12.434453483684846 -100.25965186812718 56.594708663215712 -5.6173447042913898 -17.772209268265506 1113.6821517905994 97.810211456532812 16.118726954487357 -0.1640695715030597 22.631800209787688 137.31728709555296 0.42829626272847232 -12.083725203571412
leaf_weight=129 100 235 391 61 48 130 40 112 146 2058 112 185 489 126 42 156 171 173 257 189 14817 2808
leaf_count=129 100 235 391 61 48 130 40 112 146 2058 112 185 489 126 42 156 171 173 257 189 14817 2808
internal_value=-3.23149e-05 -0.0018483 4.27873e-05 -0.00342205 -0.0042033 -0.00723913 -0.0015 0.000281955 0.00183333 1.63741e-05 0.000869518 -0.000663539 0.00135989 0.00229515 0.00618996 -0.000844371 0.00414238 -0.00321429 0.00176582 0.00653226 -8.33968e-05 -0.000627306
internal_weight=22975 901 22074 514 453 218 88 387 258 21974 2291 1107 716 1184 227 441 743 285 383 360 19683 4866
internal_count=22975 901 22074 514 453 218 88 387 258 21974 2291 1107 716 1184 227 441 743 285 383 360 19683 4866
cat_boundaries=0 13 15 28 40 52 53 55 57 68 69 80 83 85 87 95 97 111
cat_threshold=8536128 2155872256 2415919120 4096 2147516480 36 0 1024 8 2147483988 8388608 655372 131072 50905168 90296 0 0 0 268435456 0 0 256 0 0 0 0 268435520 262144 16384 8388608 0 0 0 0 0 1024 0 320 8388608 524292 16384 8388608 0 0 2147483648 0 0 0 0 64 8388608 524288 67 2281734244 128 2578104644 234022 262144 69599232 4097 145 0 0 0 402653184 0 0 65536 2 39845888 1107427328 603979776 5 0 7168 0 0 0 0 131072 98304 84148224 1073745920 4194320 16512 536871424 2184 262144 0 1 0 0 0 0 134217728 856959008 157152 3221225472 0 0 0 1572864 0 0 0 536872964 1080034312 33558528 2149614337 2147523116 4
is_linear=0
shrinkage=0.045


Tree=267
num_leaves=23
num_cat=15
split_feature=0 3 5 5 0 5 5 0 5 3 0 0 0 5 0 3 5 3 0 0 4 3
split_gain=1.38202 1.91019 1.67162 1.60129 1.40888 1.35077 1.23335 1.19972 1.11949 0.763444 6.63809 4.30724 3.05452 4.06911 2.97695 2.27662 2.12197 2.02218 1.81487 1.63866 1.77253 1.49339
threshold=0 1 5.625819309938989 3.4811217321331038 2 5.2704288588135384 5.4531797844617023 3 2.9174053685313028 4 5 6 7 5.7284737652803868 8 9 4.4248287033199567 10 11 12 13 14
decision_type=9 9 10 8 9 8 8 9 10 9 9 9 9 10 9 9 8 9 9 9 1 9
left_child=1 4 3 8 5 -1 -6 -2 -3 10 -9 15 13 21 17 16 -11 -13 -17 20 -19 -12
right_child=7 2 -4 -5 6 -7 -8 9 -10 11 12 14 -14 -15 -16 18 -18 19 -20 -21 -22 -23
leaf_value=-84.428120915858372 54.280445050932883 -9.4971286677006894 69.259954364496622 -30.709271148591288 25.67278800769687 22.496697867089168 -20.564553025127477 14.242322197288049 48.713072350054276 -22.845497302881231 -112.60271201625291 -2.167258053906262 -1.5332400976445932 103.65678503798924 0.80325893222187006 -58.368729867738367 24.601868572618258 139.81486466030944 -5.2060434220705973 48.040901529337638 1.1272850386175195 -26.52413633628581
leaf_weight=73 126 54 82 425 307 64 48 1305 59 392 108 373 5758 53 11112 486 491 188 341 325 342 463
leaf_count=73 126 54 82 425 307 64 48 1305 59 392 108 373 5758 53 11112 486 491 188 341 325 342 463
internal_value=-2.25225e-05 -0.00156139 -0.00320411 -0.00416667 0.000535714 -0.00317114 0.00202316 5.65714e-05 0.000586957 3.00014e-05 -0.000330238 0.000227208 -0.000928996 -0.00389151 0.000520968 -0.00188153 -0.000276536 0.0026129 -0.00356675 0.00381488 0.00215867 -0.00506545
internal_weight=22975 1112 620 538 492 137 355 21863 113 21737 7687 14050 6382 624 12340 1710 883 1228 827 855 530 571
internal_count=22975 1112 620 538 492 137 355 21863 113 21737 7687 14050 6382 624 12340 1710 883 1228 827 855 530 571
cat_boundaries=0 13 15 27 39 41 55 69 82 96 98 100 114 128 129 130
cat_threshold=2147631168 2156921856 2449473552 16 32832 2084 0 268436480 136 2147483972 8388608 131084 393216 2726315122 82104 16384 0 0 0 32768 2048 0 0 0 4 8388608 4 0 65536 0 268435456 65536 0 0 134217728 0 0 0 64 3011861542 298072 1090785284 67108928 1140850689 8192 403701760 0 128 49152 4 1074790408 536875024 16785952 8320 5 4101 67239952 1073741825 40960 2550153224 0 128 49152 4 1142423552 135184 2629664 8192 1 2097176 33554432 536870912 0 16777476 0 0 0 1024 17424 335544320 1050625 10502656 35717144 33570816 536875136 512 1073741828 0 0 0 66560 51248 0 268441601 11551233 16 1211277584 131204 1048656 213280 0 0 1 8192 402653184 0 128 32768 4 1074266112 4096 8192 8192 1 35651584 33554432 4224 0 4 0 0 0 1024 32768 0 2048 8405504 16 2 570692608
is_linear=0
shrinkage=0.045


Tree=268
num_leaves=23
num_cat=16
split_feature=0 3 0 5 0 5 0 3 1 5 0 5 5 5 4 1 3 0 0 0 0 3
split_gain=1.87796 3.05047 1.6189 2.09464 1.39999 1.48453 1.04992 1.23402 1.51165 1.04619 0.890972 1.04685 0.867823 0.811789 0.757908 0.713641 2.91787 2.91271 2.17203 1.76475 1.35856 1.25873
threshold=0 1 2 3.9415346756528771 3 6.0461887465411452 4 5 6 4.1510089048756029 7 4.6867395546766826 3.6505739029280164 4.5695295849856103 8 9 10 11 12 13 14 15
decision_type=9 9 9 10 9 8 9 9 9 10 9 8 8 8 1 9 9 9 9 9 9 9
left_child=1 2 14 12 13 9 7 10 -9 -6 11 -2 -4 -3 -1 16 19 -18 -19 -8 -20 -17
right_child=6 4 3 -5 5 -7 15 8 -10 -11 -12 -13 -14 -15 -16 21 17 18 20 -21 -22 -23
leaf_value=-0.84083857256817274 10.398225503004396 12.808073997736564 44.297213681159114 124.02790287947653 -22.941882157194851 2.113335841061271 -30.857468388747584 20.04967379231357 -5.3710882074508843 -72.996589772031143 68.02345227601414 -49.216274161193795 -15.964430320137325 -15.725302508555805 -92.841739375866013 -1.8602636449538112 -5.4482166347642123 4.312239055905156 23.051858663384134 2.7119014296809474 147.36861008815373 0.74694560914136665
leaf_weight=70 73 80 39 155 105 51 274 110 429 147 152 37 35 38 42 8109 296 310 112 337 206 11768
leaf_count=70 73 80 39 155 105 51 274 110 429 147 152 37 35 38 42 8109 296 310 112 337 206 11768
internal_value=-3.03564e-05 -0.0022093 0.000956091 0.00308091 -0.00472864 -0.00635714 4.55568e-05 0.00163284 0.000367514 -0.00797244 0.00410584 0.000737705 -0.00296053 -0.000346154 -0.00326613 -1.47031e-05 0.00091629 0.0025 0.00421875 -0.00148074 0.00681818 -8.71085e-05
internal_weight=22975 762 341 229 421 303 22213 801 539 252 262 110 74 118 112 21412 1535 924 628 611 318 19877
internal_count=22975 762 341 229 421 303 22213 801 539 252 262 110 74 118 112 21412 1535 924 628 611 318 19877
cat_boundaries=0 12 14 26 38 51 53 55 65 66 68 70 81 87 98 109 111
cat_threshold=147520 2156986368 2449473552 268435984 32832 36 0 268435456 65536 2147485812 8388608 268566536 138970704 28688 0 65536 0 0 64 4 0 0 65536 68 8388608 268435456 0 65536 2415919104 0 64 0 0 0 0 96 8388608 268435456 33816576 0 4224 32768 268763140 2304 64 33792 524288 17859072 8 64 1048704 147985442 17024 541696 1024 33554432 0 0 0 268435460 256 0 0 0 32768 4 2147516512 192 3255521346 250418 0 100794368 67108864 197 0 0 0 0 0 0 131072 0 1090781184 536870913 0 0 4096 0 18874368 1610612737 0 0 0 0 0 0 0 4096 0 0 0 0 0 1024 0 0 0 0 65536 865447458 273624
is_linear=0
shrinkage=0.045


Tree=269
num_leaves=23
num_cat=20
split_feature=0 3 0 0 5 4 5 2 1 3 0 0 3 0 3 4 0 3 0 0 0 0
split_gain=2.04903 1.80688 1.41209 1.26971 0.943354 1.46605 0.927082 0.851667 2.63761 2.32891 2.48679 2.34578 2.53997 1.9929 4.05791 1.95104 1.5778 1.57531 7.20951 5.12258 2.9282 2.25751
threshold=0 1 2 3 4.9870196042435371 4 4.8322978221268906 5 6 7 8 9 10 11 12 13 14 15 16 17 18 19
decision_type=9 9 9 9 10 1 8 9 9 9 9 9 9 9 9 1 9 9 9 9 9 9
left_child=1 -1 -3 6 5 -4 -2 8 15 10 -10 12 -11 14 -9 -5 -16 18 -15 -19 -21 -20
right_child=3 2 4 7 -6 -7 -8 13 9 11 -12 -13 -14 17 16 -17 -18 19 21 20 -22 -23
leaf_value=27.815806240505498 54.5875230500667 2.6506031019041982 -32.329536138337531 -31.489372159086432 -3.6346637172843108 -1.2933027323218993 -7.0343909874273596 62.978912842028947 3.1979040607650675 47.297574686306106 -16.87899589129087 12.282063364778223 -23.46626849549888 -20.866183191770197 -3.4079872411126777 -166.7199156800036 8.3951907560160173 17.895046275636503 10.46271274306855 -10.678222032203356 0.72038275403321672 -0.39347881654561206
leaf_weight=104 65 115 165 390 56 67 35 335 915 108 2019 1581 491 1788 693 67 379 2326 1313 1074 5122 3767
leaf_count=104 65 115 165 390 56 67 35 335 915 108 2019 1581 491 1788 693 67 379 2326 1313 1074 5122 3767
internal_value=-2.25225e-05 -0.00281792 -0.0041747 4.20374e-05 -0.00585 -0.00730769 0.00482143 1.80965e-05 -0.000463461 -0.000166797 -0.000992872 0.000944343 -0.00143617 0.00017803 0.00179175 -0.00369403 0.000415129 2.9217e-05 -0.000477471 0.000437661 -0.000239207 0.000388845
internal_weight=22975 507 403 22468 288 232 100 22368 5571 5114 2934 2180 599 16797 1407 457 1072 15390 6868 8522 6196 5080
internal_count=22975 507 403 22468 288 232 100 22368 5571 5114 2934 2180 599 16797 1407 457 1072 15390 6868 8522 6196 5080
cat_boundaries=0 12 14 25 37 38 39 41 43 56 69 70 83 85 86 99 101 114 128 141 155
cat_threshold=0 2156986368 3254779984 268439568 64 32 0 268435456 65536 116 8388608 8 4194832 48 0 65536 2147483648 0 0 0 0 268435456 0 64 8388608 33554432 0 0 0 0 0 0 0 0 0 0 64 4 3 1050646 16 1668775958 285277 2147483648 131072 0 0 131076 0 0 0 0 256 184 2415955972 21 2147483648 0 0 0 131072 33554432 0 0 0 0 4256 32772 1049 8921152 12898324 64 536875008 512 268501248 0 0 49152 524288 16834560 16777216 131712 9970816 139068418 281088 4 53264 0 0 512 268435456 0 0 0 0 49152 16777216 131072 8397952 899245610 44666 1 50333728 67108864 8192 32776 536870912 0 1207959552 536904704 8913153 69206016 2164785168 2115844 0 50354176 0 8192 1073774600 536875008 0 1207959552 536903680 8391937 335544320 2164295696 18692 16 1 67502080 0 1 17973760 16777284 640 9216 0 72482824 65536 1052677 4096 0 67510276 1 1 17973248 16778560 640 0 4096 1183752 1644167168 1056805 0 3
is_linear=0
shrinkage=0.045


Tree=270
num_leaves=23
num_cat=15
split_feature=0 3 0 0 3 0 5 5 5 1 3 0 5 3 0 3 5 5 5 0 3 0
split_gain=1.6423 2.01535 1.69526 1.55402 1.35193 1.20067 1.07239 1.2811 1.02391 0.815354 1.86673 2.94366 1.87985 1.54123 2.01311 0.937192 0.871679 0.870935 1.52641 9.56521 3.77278 3.09194
threshold=0 1 2 3 4 5 5.7975752026129497 3.4811217321331038 4.0517471391904856 6 7 8 6.176905692078182 9 10 11 5.772996334337213 1.7005986908310777 3.4498615536424366 12 13 14
decision_type=9 9 9 9 9 9 10 8 8 9 9 9 8 9 9 9 10 8 8 9 9 9
left_child=1 2 -1 6 8 -2 7 -3 -5 10 -7 12 15 -13 -15 -12 -17 -11 19 20 -19 -21
right_child=5 3 -4 4 -6 9 -8 -9 -10 17 11 13 -14 14 -16 16 -18 18 -20 21 -22 -23
leaf_value=71.963522243819853 37.32492259223023 43.374167104420152 -1.4260149995416578 -17.005532799994469 -46.729793548448249 51.421666119649451 193.54424544254135 -17.847589028234832 30.075397096454033 8.7844402847448873 3.6483495818863592 -33.915667076736426 153.16601671009525 0.50164081133007132 164.11490301059254 -13.421964128946492 -61.285849878967639 -3.5521345903068866 0.22988308004678401 -82.228561395938343 41.540777901155487 -17.641456297816692
leaf_weight=111 106 59 243 46 286 293 37 196 67 631 125 102 44 133 157 375 35 445 16717 373 697 1697
leaf_count=111 106 59 243 46 286 293 37 196 67 631 125 102 44 133 157 375 35 445 16717 373 697 1697
internal_value=-3.42734e-05 -0.00176679 0.000983607 -0.00316856 -0.00498175 4.92207e-05 -0.000592105 -0.00166342 -0.00054 2.47298e-05 0.00112853 0.000160224 -0.00186548 0.00311881 0.00476821 -0.00263966 -0.00362559 -4.37488e-05 -9.5956e-05 -0.000994088 0.00230069 -0.0028098
internal_weight=22975 1045 354 691 399 21930 292 255 113 21824 1264 971 579 392 290 535 410 20560 19929 3212 1142 2070
internal_count=22975 1045 354 691 399 21930 292 255 113 21824 1264 971 579 392 290 535 410 20560 19929 3212 1142 2070
cat_boundaries=0 13 15 26 39 41 54 56 58 62 64 68 70 83 85 98
cat_threshold=33554496 8454208 3523215440 268439568 32832 36 0 402669568 0 2164261236 8392704 8 131072 2206270016 19096 33554432 0 0 0 0 4 0 402653184 0 0 4096 0 65600 1073741824 0 32768 32 0 16384 0 16777584 0 0 131072 138445856 131104 536870912 0 0 0 65536 0 0 0 0 0 0 64 3145728 2147483744 128 34865202 75776 0 2250637312 4097 133 17302528 4104 0 1090519040 128 512 528384 4104 2147483648 11312 0 0 131328 0 0 65536 2052 14681090 958398608 2147486993 2048 1783730368 14932 32768 4096 0 0 1048576 1024 0 0 536870912 540672 67108864 2097284 4100
is_linear=0
shrinkage=0.045


Tree=271
num_leaves=23
num_cat=18
split_feature=0 3 0 5 5 0 1 3 3 5 0 3 0 0 0 0 2 3 3 3 3 5
split_gain=2.30352 1.72444 1.0672 0.854481 2.079 0.814605 0.680426 6.28129 2.00563 1.87823 1.56973 1.24166 9.86529 5.09592 3.76404 2.8956 2.58251 2.51187 2.45187 2.31531 2.28552 2.28566
threshold=0 1 2 3.6762205501217919 4.0517471391904856 3 4 5 6 5.2496487501035594 7 8 9 10 11 12 13 14 15 16 17 3.9415346756528771
decision_type=9 9 9 8 10 9 9 9 9 8 9 9 9 9 9 9 9 9 9 9 9 10
left_child=1 3 -2 -1 -5 -3 7 -4 9 -9 -10 12 18 20 19 -14 -17 -18 -8 -15 21 -13
right_child=2 5 6 4 -6 -7 11 8 10 -11 -12 13 15 14 -16 16 17 -19 -20 -21 -22 -23
leaf_value=-4.2131663415679208 40.832425640961738 6.0331844620804436 -56.835493579118044 -55.522104497509133 -5.1622849230519199 -7.6694661137028008 -3.2534186757389216 11.023966329888426 24.012752853628843 219.9095734108474 -26.086930981531896 -32.541406021918355 26.804836390594428 21.3063492149398 6.6698312573657859 -1.9725512687644366 -1.3566459448518799 61.236709183861457 -39.331509050688489 -6.2779592317336208 -19.28482183492655 110.9665045018541
leaf_weight=80 111 212 401 61 123 234 972 219 312 41 390 44 1088 598 7386 3663 318 477 1238 3567 1369 71
leaf_count=80 111 212 401 61 123 234 972 219 312 41 390 44 1088 598 7386 3663 318 477 1238 3567 1369 71
internal_value=-5.38582e-05 -0.0025554 2.72703e-05 -0.00538043 -0.00725806 -0.000786026 4.06027e-06 -0.000965455 0.00101643 0.00430147 -0.000252101 6.81392e-05 -0.000382338 0.000336284 0.000655755 0.000631522 0.000120805 0.00242565 -0.00291629 -0.000425545 -0.0021357 0.00372047
internal_weight=22975 710 22265 264 184 446 22154 1363 962 260 702 20791 7756 13035 11551 5546 4458 795 2210 4165 1484 115
internal_count=22975 710 22265 264 184 446 22154 1363 962 260 702 20791 7756 13035 11551 5546 4458 795 2210 4165 1484 115
cat_boundaries=0 12 14 27 38 40 42 44 55 57 71 85 99 113 114 116 118 120 122
cat_threshold=33554432 1074855936 4127199312 268439632 64 32 0 268435456 0 2164260980 8585216 8 2148025466 135176 0 0 0 4 65536 0 0 0 0 0 0 64 1048576 33554432 1073741824 1073745920 0 64 0 0 0 0 2147483696 196608 268707970 336 1076431376 65704 152076322 2624 0 0 0 2105344 524288 0 0 1073741824 4 0 536870912 1073127714 159042 10485760 27270256 0 0 32768 68 0 24576 1024 2306 218103808 2149583504 67108866 4 36864 393216 0 129 1073741824 16779520 0 0 34816 73007105 268435584 268566564 677120 1 1074020368 0 1 0 276824064 1024 0 32768 536870912 8392712 16 18382848 2157971981 18 299008 262144 0 129 0 1280 0 0 34816 5898240 268435584 268435460 2147505153 3 135 50765856 2368 168165666 2370 1074270336 32800 1073807424 262656
is_linear=0
shrinkage=0.045


Tree=272
num_leaves=23
num_cat=17
split_feature=0 3 5 5 0 5 3 0 0 3 5 0 0 3 0 3 5 3 2 1 3 0
split_gain=1.96257 2.36459 2.05914 1.59882 1.32106 0.900776 0.801691 8.33116 3.44344 3.14874 3.0323 2.73558 2.29666 2.36524 1.62547 1.52509 1.5092 1.48824 1.53906 1.43601 2.98211 1.75743
threshold=0 1 6.4960202730614363 4.2555875595453383 2 4.6959141240107813 3 4 5 6 7.0492544644954718 7 8 9 10 11 2.9700856263602158 12 13 14 15 16
decision_type=9 9 8 8 9 10 9 9 9 9 8 9 9 9 9 9 10 9 9 9 9 9
left_child=1 3 -3 -1 -2 -5 7 15 9 -8 -11 -9 13 -10 16 -6 -15 18 -16 -13 -21 -22
right_child=4 2 -4 5 6 -7 8 11 12 10 -12 19 -14 14 17 -17 -18 -19 -20 20 21 -23
leaf_value=-5.5526335825256501 72.100221605584991 -6.9806170972784454 -80.136528713187431 79.664133124345 -0.97281001591376481 46.712423374183309 -25.261994170405742 18.259577505344314 28.861090917071667 -2.7593893538119483 154.19720473528599 -6.4555263936922529 1.0969194153506396 -18.985210479131148 0.54952710192967058 -33.663446362426292 54.266142918550173 6.8565770554464143 -48.881990014737454 -7.7639780064565818 -2.8635317705622034 30.481229210842375
leaf_weight=102 105 585 59 54 266 63 1035 1664 411 1280 100 1486 11909 54 134 937 210 704 143 800 248 626
leaf_count=102 105 585 59 54 266 63 1035 1664 411 1280 100 1486 11909 54 134 937 210 704 143 800 248 626
internal_value=-4.40658e-05 -0.00213429 -0.00349848 0.00185065 3.86458e-05 0.00548319 1.3284e-05 -0.000428465 0.00018009 -0.00138133 3.23276e-05 0.000409429 0.000459048 0.00202338 0.00102029 -0.00375926 0.00407609 0.00015861 -0.0025692 -0.000368852 0.000533808 0.00233634
internal_weight=22975 863 644 219 22112 117 22007 6027 15980 2415 1380 4824 13565 1656 1245 1203 264 981 277 3160 1674 874
internal_count=22975 863 644 219 22112 117 22007 6027 15980 2415 1380 4824 13565 1656 1245 1203 264 981 277 3160 1674 874
cat_boundaries=0 13 15 27 29 43 57 59 73 87 89 102 104 106 107 109 111 123
cat_threshold=33554432 1074855936 3321888848 2415923280 64 32 0 268435456 0 1092 8585216 655368 1024 29786112 16560 0 0 0 8192 65536 0 256 0 0 0 0 64 866582796 50658 10489856 75637792 536870913 4 33024 256 0 1073741824 0 149504 352321536 269484048 9437205 5 2151710724 278528 4096 1 1343225856 536877568 0 64 536905732 4194560 1073745920 2129956 67110914 16 2216184448 333832 3225714688 33554432 0 1 135397376 570425344 0 0 536905732 1081638912 33554432 2149613572 2214598656 2 10551297 2214732896 0 516 16777472 16777280 0 1073758208 65536 133120 67108864 268435456 9961504 1 2148561568 393216 8388609 2147483648 0 516 0 16777280 0 1073741824 0 2048 67108864 0 9961472 537067528 33088 1077968896 4120 4 1879590931 2325 34013444 16480 0 0 0 2097280 0 0 0 0 0 8388608 128 16786944
is_linear=0
shrinkage=0.045


Tree=273
num_leaves=23
num_cat=19
split_feature=0 3 5 0 0 3 1 3 0 0 0 5 3 0 0 0 0 3 3 2 0 5
split_gain=2.18419 1.37304 1.59477 1.06378 0.953849 1.12804 0.818188 4.38441 1.77928 1.55721 1.15205 1.30948 0.956121 5.94461 4.71164 4.14184 3.15737 2.3909 2.3399 2.2641 3.99326 2.62864
threshold=0 1 4.4601277074540464 2 3 4 5 6 7 8 9 5.8126357624008849 10 11 12 13 14 15 16 17 18 3.1984648276080736
decision_type=9 9 10 9 9 9 9 9 9 9 9 10 9 9 9 9 9 9 9 9 9 10
left_child=1 2 -1 -2 -3 -6 7 9 -9 -5 -10 -12 13 -8 17 -15 18 -14 19 -16 21 -21
right_child=3 4 -4 6 5 -7 12 8 10 -11 11 -13 14 15 16 -17 -18 -19 -20 20 -22 -23
leaf_value=-10.045269059896782 12.82442749362257 1.4101305666507868 64.363873729926439 68.243408318657316 -1.5417867927247788 -28.345053785112086 -22.901500760176457 -0.90037317000436812 -18.249996008091074 4.2671787449597831 -167.89678948726484 21.226935065293016 -62.209401868305171 16.748426334122996 -47.88547274052209 -0.90688836338656975 0.94606976735907666 -6.7573311103195737 30.433377638269228 -28.725035059497277 -0.56701195238038049 126.56550554210058
leaf_weight=124 135 114 78 111 112 276 1237 334 154 325 232 44 247 1017 123 5537 9726 1064 1050 47 725 163
leaf_count=124 135 114 78 111 112 276 1237 334 154 325 232 44 247 1017 123 5537 9726 1064 1050 47 725 163
internal_value=-6.75676e-05 -0.00251397 0.000630841 1.11071e-05 -0.00376459 -0.0048375 -1.42225e-05 -0.00115099 -0.00318943 0.00241071 -0.0050905 -0.006875 5.15562e-05 -0.000343137 0.000285589 0.000198751 0.000569813 -0.0022619 0.00214387 0.000630841 0.0014018 0.00668919
internal_weight=22975 704 202 22271 502 388 22136 1200 764 436 430 276 20936 7791 13145 6554 11834 1311 2108 1058 935 210
internal_count=22975 704 202 22271 502 388 22136 1200 764 436 430 276 20936 7791 13145 6554 11834 1311 2108 1058 935 210
cat_boundaries=0 13 15 27 38 40 42 44 56 66 77 79 92 106 120 133 135 137 138 151
cat_threshold=33554432 3222339584 3321888848 2415923792 64 16777248 0 0 0 2116 8585216 8 1024 2294284818 560 212992 0 0 0 327680 0 64 0 0 0 0 64 0 65536 3221225472 0 0 0 0 0 0 64 8388608 541696 18560 268446722 336 160485600 14912 8 0 0 0 655360 0 0 1073741824 0 0 0 1 0 0 0 0 17842176 0 0 0 4 1073741824 0 0 0 0 0 0 0 0 0 1073741824 536875008 1072137506 44386 19136513 125829216 4096 0 260 64 512 134217728 1024 34050 203423744 2097808 2 4176 262144 536870912 0 268435456 536873216 0 268468288 38912 4341761 1073741968 16781348 16641 2 1073745920 262148 0 1 268435456 536871936 128 33792 34816 5259264 268435488 16781316 2155888641 3 19136512 16797792 128 0 268 5 0 134217728 66688 33792 203423744 268436112 162 1073758208 196632 1074270352 414233 33 262144 0 0 0 4 0 0 0 1024 0 67108864 640 2
is_linear=0
shrinkage=0.045


Tree=274
num_leaves=23
num_cat=19
split_feature=0 3 5 3 0 0 5 3 4 2 0 3 2 3 0 0 0 0 3 3 5 3
split_gain=1.69718 2.41768 1.41618 1.66718 1.85275 1.27579 0.782353 2.11291 1.10381 0.869358 0.864514 7.18578 1.47438 1.37646 6.89663 5.77584 3.74226 2.73063 2.21076 2.15989 2.14636 1.89494
threshold=0 1 5.4659459730803723 2 3 4 6.6234007758748676 5 6 7 8 9 10 11 12 13 14 15 16 17 6.0124911652234827 18
decision_type=9 9 8 9 9 9 10 9 1 9 9 9 9 9 9 9 9 9 9 9 10 9
left_child=1 -1 3 -3 -5 -2 10 -8 -9 -10 11 -7 -13 15 20 18 19 21 -12 -16 -15 -17
right_child=5 2 -4 4 -6 6 7 8 9 -11 13 12 -14 14 16 17 -18 -19 -20 -21 -22 -23
leaf_value=-23.451445843238069 52.136543061887679 42.716848381214945 -28.852911040639007 51.393502640061087 -9.8492226005842536 14.71158710240692 109.39908327250571 -45.650303515998601 22.82845457699608 -26.775012321707397 -63.744757601885027 -51.336955190181889 -3.0369095249909877 27.158771659944939 -25.712885925141197 -28.858234758078432 1.2627318719840332 2.0327108599214805 -7.0544136228557903 -4.0857463276048112 -47.854643242249111 -1.340853131398253
leaf_weight=205 109 152 101 109 296 1109 107 36 314 109 572 154 1207 1167 744 854 5790 6106 822 1224 36 1652
leaf_count=205 109 152 101 109 296 1109 107 36 314 109 572 154 1207 1167 744 854 5790 6106 822 1224 36 1652
internal_value=-3.62319e-05 -0.00198 -0.000604478 0.000281753 -0.00124101 4.06798e-05 1.53305e-05 0.00166373 0.000238854 0.0009 -2.83362e-05 0.000761483 -0.00142571 -0.000131593 0.00027332 -0.000494111 -0.000220077 -5.7398e-05 -0.00316856 -0.00190909 0.00342593 -0.00130461
internal_weight=22975 863 658 557 405 22112 22003 566 459 423 21437 2470 1361 18967 8961 10006 7758 8612 1394 1968 1203 2506
internal_count=22975 863 658 557 405 22112 22003 566 459 423 21437 2470 1361 18967 8961 10006 7758 8612 1394 1968 1203 2506
cat_boundaries=0 13 15 17 28 40 42 43 44 57 59 60 62 76 90 103 116 118 120 122
cat_threshold=50331712 2156986368 3590324240 2147488336 64 32 0 0 65536 2164260932 545456128 8 1049600 17875040 198784 4259856 20496 33554432 0 1073741824 0 0 0 0 0 0 0 537067520 4 0 0 268435456 65536 0 0 32768 0 0 0 64 138953728 65536 1 6 462848 4096 128 32768 17056000 1 192 1024 528388 768 1124073480 131748 160 572279342 343521 1 2728152842 130274 4194304 16779296 536875008 4 1342177792 2048 256 16384 0 1140856833 67112960 4112 2121987 21 32768 16777248 536875008 4 268435968 16777472 256 16384 1024 1140856833 67112976 4096 2236675 21 3221241880 1174405124 1 2105473 688136 4096 512 268435456 2048 1049616 0 19398656 67633672 6291457 2492432 0 0 143654912 536876036 0 134225920 536903680 13238272 2097152 1056785 2147502080 34882056 20480 1143083076 393492 2148011266 74848
is_linear=0
shrinkage=0.045


Tree=275
num_leaves=23
num_cat=19
split_feature=0 3 0 0 5 3 5 0 0 3 3 0 0 3 3 1 3 2 5 0 3 3
split_gain=2.06075 3.24453 1.617 1.19511 0.968207 0.891545 0.839783 5.99394 3.96898 4.48038 2.96433 4.7045 3.97522 2.52064 2.15642 1.9076 2.68518 2.10812 1.9039 1.8779 5.61239 3.05262
threshold=0 1 2 3 4.6959141240107813 4 4.9801701820644562 5 6 7 8 9 10 11 12 13 14 15 6.462248816637195 16 17 18
decision_type=9 9 9 9 10 9 10 9 9 9 9 9 9 9 9 9 9 9 10 9 9 9
left_child=1 -1 -3 4 -2 -4 8 13 9 -5 11 14 -12 -8 -9 -13 17 18 -17 20 -10 -21
right_child=3 2 5 6 -6 -7 7 10 19 -11 12 15 -14 -15 -16 16 -18 -19 -20 21 -22 -23
leaf_value=27.578387543620263 60.805393406719048 -1.1755917466016035 -3.7641092296524947 0.74666657012950965 -7.0417283427454453 -51.725499534344706 1.7492429740391888 25.275226864726026 -8.8908159509234963 -60.895936497803305 -22.16236682244951 141.43321904549867 6.051670866598033 -25.570136767230359 -13.704707103052533 -5.7851114327981481 61.501033661464845 106.22573089553192 107.27968445918006 -8.8200170359375978 14.448098880545512 0.61132534950060291
leaf_weight=215 100 204 104 628 39 237 355 235 987 748 567 256 2225 779 425 524 366 224 75 2128 1602 9952
leaf_count=215 100 204 104 628 39 237 355 235 987 748 567 256 2225 779 425 524 366 224 75 2128 1602 9952
internal_value=-4.60243e-05 -0.00233161 -0.00416068 3.34053e-05 0.00402318 -0.00605524 6.11192e-06 0.000458727 -0.000164049 -0.00246398 0.00114127 0.00241261 0.000176534 -0.00247382 -0.000736607 0.00384523 0.00301624 0.00153593 0.000110475 5.36408e-05 0.00115052 -0.000182352
internal_weight=22975 760 545 22215 139 341 22076 6031 16045 1376 4897 2105 2792 1134 660 1445 1189 823 599 14669 2589 12080
internal_count=22975 760 545 22215 139 341 22076 6031 16045 1376 4897 2105 2792 1134 660 1445 1189 823 599 14669 2589 12080
cat_boundaries=0 12 14 25 37 39 52 65 67 69 83 96 98 100 102 104 105 118 120 122
cat_threshold=50348032 2156986368 3321888784 2415923780 0 32 64 32768 65536 2147485764 8585216 8 146899536 8 33554432 65536 1140850688 576 0 0 0 0 0 64 8388608 4 0 0 0 65536 0 256 0 0 131072 0 64 17302528 8352 262144 18888708 1 1 1048576 0 0 0 32768 1073745930 369098752 558000 1026 6324249 33947648 536870912 16 33344 16783680 0 16384 0 1297 2097152 1048576 9982464 1243136118 147696 3665569218 270908 0 67372032 0 0 8421632 536870912 0 0 0 0 150999040 2147491844 0 6 4096 1056 0 0 134742016 33555456 0 73728 0 524288 4096 0 2147493893 164712992 160 33825792 20 1607717 4 2287731712 52 5 8785920 2101252 1 1 1360281600 0 0 268436544 524288 1073762306 301989896 268435984 2097312 3991213120 50051 1376791046 41072
is_linear=0
shrinkage=0.045


Tree=276
num_leaves=23
num_cat=15
split_feature=0 3 0 0 4 0 5 0 5 5 5 5 3 0 0 0 0 2 3 3 5 5
split_gain=1.59795 1.93448 2.16759 1.51478 1.79473 1.17591 1.33023 1.76495 1.09453 1.10159 1.01714 0.916032 0.800101 5.02406 4.83599 3.58106 2.94866 3.93521 2.58321 2.25856 2.82596 2.22487
threshold=0 1 2 3 4 5 4.7664292796317111 6 3.5972184255501678 4.4367340276668159 4.3502571242716384 5.0530509062989237 7 8 9 10 11 12 13 14 4.4829865921051741 1.0000000180025095e-35
decision_type=9 9 9 9 1 9 10 9 8 8 8 10 9 9 9 9 9 9 9 9 8 10
left_child=1 2 10 4 -3 6 7 -2 -5 -10 -1 -4 14 19 21 -16 17 -15 -19 20 -14 -7
right_child=5 3 11 8 -6 12 -8 -9 9 -11 -12 -13 13 16 15 -17 -18 18 -20 -21 -22 -23
leaf_value=79.546467194428061 48.517629175792585 -167.11099543562295 -23.222690909961457 103.38696365607113 1.3464578537422494 -84.939944058755501 76.455843930316632 -20.730065432495358 -15.402704252385774 29.380624694835351 -5.9346335054632249 -86.209570324062 -26.599395025725972 -40.614810412852663 -18.535305501602416 -1.3521408729944233 1.1308230200932303 52.813430654554395 2.7540005489585382 -25.835740907869276 28.922493787999844 25.858251149527678
leaf_weight=62 124 42 218 56 71 103 132 256 76 116 46 50 271 158 996 8763 7617 715 558 1046 234 1265
leaf_count=62 124 42 218 56 71 103 132 256 76 116 46 50 271 158 996 8763 7617 715 558 1046 234 1265
internal_value=-2.8398e-05 -0.00207276 -0.00429124 0.000301609 -0.00378 4.04494e-05 0.00214695 0.000824607 0.00225 0.000695876 0.001125 -0.00642857 -1.03505e-05 0.000269296 -0.00027673 -0.000628646 0.000675497 0.00254158 0.00337938 -0.00208733 0.000391683 0.00221739
internal_weight=22975 737 376 361 113 22238 512 380 248 192 108 268 21726 10599 11127 9759 9048 1431 1273 1551 505 1368
internal_count=22975 737 376 361 113 22238 512 380 248 192 108 268 21726 10599 11127 9759 9048 1431 1273 1551 505 1368
cat_boundaries=0 13 15 25 36 37 50 62 64 77 91 105 119 120 122 124
cat_threshold=33554496 9502720 3590324240 2147488320 0 16777252 256 0 128 2164260932 545325056 268566536 262144 25183280 141996 33554432 65536 2147483648 0 0 16777216 0 0 0 16777284 33554432 65536 2147483648 0 0 16777216 0 0 0 64 8388608 2 8605700 33554432 128 32768 328192 0 64 32768 524288 0 2097160 64 1048576 8540160 0 0 0 65536 0 0 0 0 0 0 64 663660302 306380 2147483648 68 0 2097157 402653192 33558592 640 0 33804 71319552 134353024 2097188 8405120 0 1073758212 0 2097153 402669576 64 640 9216 36868 69206048 1207963776 6180 8405120 2 17039368 133120 536875008 16 17858560 536870912 0 268451840 0 769 67108864 1605632 2102306 4 17072128 134144 536870912 16 2165342272 536872961 0 268451840 0 1073742081 83886080 1581696 2101280 4 129 1071280 135472 1214318656 147712
is_linear=0
shrinkage=0.045


Tree=277
num_leaves=23
num_cat=17
split_feature=0 3 0 5 0 3 0 2 5 5 0 3 0 0 0 3 0 3 0 0 5 5
split_gain=1.75322 2.07193 1.37147 1.24856 1.09472 2.0816 2.58857 1.7069 2.31529 1.26571 1.07041 1.01098 6.61161 2.33108 2.24759 3.32684 1.57054 4.01321 2.70161 2.22854 1.89839 1.52873
threshold=0 1 2 6.0626210638078133 3 4 5 6 3.1132683346437333 4.7833076179467886 7 8 9 10 11 12 13 14 15 16 2.3502401828962087 3.1984648276080736
decision_type=9 9 9 8 9 9 9 9 8 10 9 9 9 9 9 9 9 9 9 9 10 8
left_child=1 -1 -3 -4 5 6 9 10 -9 -2 -7 12 -6 -14 15 -13 17 18 -16 20 -19 -17
right_child=4 2 3 -5 11 7 -8 8 -10 -11 -12 14 13 -15 16 21 -18 19 -20 -21 -22 -23
leaf_value=8.7925566920302654 10.325522086022829 -2.1401964107235836 -26.549010676032701 27.319018557617383 23.241983484153771 -27.756639025041949 -27.084195354093627 -15.790617076247871 117.50226047653723 264.89210973083573 6.6294287401858671 -2.2355740382270959 -22.155327285523779 -3.6213580963880303 -4.444724177240114 -6.545878153621925 0.3071523151697147 -87.287976023814494 -63.566526983424943 23.699824240342458 -0.9579405856142329 20.09176884615448
leaf_weight=271 71 221 297 45 1064 116 266 46 125 39 113 1263 691 2075 478 205 12988 40 396 433 307 1425
leaf_count=271 71 221 297 45 1064 116 266 46 125 39 113 1263 691 2075 478 205 12988 40 396 433 307 1425
internal_value=-1.07716e-05 -0.00202128 -0.00356087 -0.00533898 6.60181e-05 0.0017132 -0.000695876 0.00393204 0.0072541 0.00479508 0.00121369 5.26267e-06 -0.000655908 -0.00181425 0.000150026 0.00129346 -7.67708e-05 -0.00137755 -0.00345372 0.000965909 -0.0016922 0.00263094
internal_weight=22975 834 563 342 22141 776 376 400 171 110 229 21365 3830 2766 17535 2893 14642 1654 874 780 347 1630
internal_count=22975 834 563 342 22141 776 376 400 171 110 229 21365 3830 2766 17535 2893 14642 1654 874 780 347 1630
cat_boundaries=0 12 14 26 40 42 55 56 70 72 85 98 111 113 127 129 143 157
cat_threshold=64 9437248 3590328336 2147487824 2147516480 16777252 64 0 128 2164260932 8454144 524296 2147816528 86064 0 64 3489660928 0 0 16777220 0 0 0 2147483648 65536 524288 131076 33619968 0 32768 328192 0 0 32768 524300 512 2097160 268566592 3149856 4 2148009490 18988 0 33554432 0 0 66048 0 0 32768 0 512 0 64 1048576 68 0 33554432 0 0 512 0 0 0 0 0 0 0 4096 4 595737608 393280 2181070848 67109904 1 2097281 134348804 1024 0 73728 536872960 8917000 4112 8196 2147524608 10551320 16781312 536870912 0 524544 0 0 0 1024 33792 100663424 2132096 1537 25231384 14336 536870912 512 256 64 0 64 65536 67167250 100663424 33408 525313 1215397936 118656 2185236480 67108880 128 2105344 1179648 33555456 0 268460032 2048 1048608 536875024 16777252 139264 18 3222110804 78084 0 67108880 0 2097152 131072 33555456 0 8192 2048 32 0 16777216 0 2 0 16 0 2097152 131072 33554432 0 24576 2048 0 4112 0 0 18
is_linear=0
shrinkage=0.045


Tree=278
num_leaves=23
num_cat=16
split_feature=0 3 5 5 0 3 0 0 5 3 3 3 3 0 0 0 0 3 3 5 5 5
split_gain=1.78009 2.14228 1.63176 1.5225 1.43314 2.7412 1.58469 1.44088 1.40442 1.46581 1.17574 0.881582 0.846266 6.05385 3.5291 2.69345 2.59019 2.55686 1.83537 1.69369 1.53876 1.50487
threshold=0 1 4.4942230200312032 3.8606743063089755 2 3 4 5 5.173316863805991 6 7 8 9 10 11 12 13 14 15 3.7256208424938388 3.4175922930736511 4.4248287033199567
decision_type=9 9 10 10 9 9 9 9 10 9 9 9 9 9 9 9 9 9 9 8 8 8
left_child=1 2 -1 -3 5 7 -7 -2 9 -9 -8 -5 13 -6 17 -15 18 21 -16 -20 -19 -14
right_child=4 3 -4 11 12 6 10 8 -10 -11 -12 -13 14 15 16 -17 -18 20 19 -21 -22 -23
leaf_value=-5.4948917210345822 -49.175746468100733 -9.2372972435383414 -131.39453209123548 -2.2892938340677027 -19.336240808133589 74.833220153316319 56.013928843930621 28.173878208498916 191.27559314197438 -54.852056769131792 1.4073551911524191 29.26823334845335 6.2575924294301144 22.794188938901279 3.0661982682442974 -0.35081106631247166 0.44278681153866273 -0.9449950518429977 -46.189154669129252 -7.6560813883293122 35.002125639875828 -4.1953015614692415
leaf_weight=129 124 184 84 106 1334 112 105 102 37 116 357 164 502 592 241 5102 11016 193 336 730 838 471
leaf_count=129 124 184 84 106 1334 112 105 102 37 116 357 164 502 592 241 5102 11016 193 336 730 838 471
internal_value=-1.66471e-05 -0.00228645 -0.0059 -0.000482833 5.24194e-05 0.0017487 0.00368601 -0.00120844 0.000758427 -0.000613636 0.00237342 0.00165441 -2.42196e-05 -0.000428267 0.000174175 0.000212934 -0.000111269 0.00191964 -0.00199583 -0.00279685 0.00347315 0.000251269
internal_weight=22975 667 213 454 22308 953 574 379 255 218 462 270 21355 7028 14327 5694 12323 2004 1307 1066 1031 973
internal_count=22975 667 213 454 22308 953 574 379 255 218 462 270 21355 7028 14327 5694 12323 2004 1307 1066 1031 973
cat_boundaries=0 12 14 28 30 43 56 58 59 61 63 76 89 102 116 118 120
cat_threshold=4096 1048576 3254779920 2147488336 2147745856 16777252 64 268435456 65536 2147483716 8454144 268959752 151015456 8332 131076 2181103616 4224 40960 81920 0 0 32768 524292 68190208 8 131136 3149856 4 2147517008 19368 0 2147549184 4096 0 0 0 0 0 0 0 8 64 3145728 0 65536 4096 0 0 0 0 0 4 1048576 0 0 1048608 2147516432 16392 143791104 1049104 4128 62797102 409666 8388616 27270212 536870912 0 557312 1024 0 0 0 2114835 102891648 10368 2050 8405000 18879492 268435456 4 768 0 0 1073741824 0 2100771 69206144 10368 526338 4489216 67371024 0 129 4 256 0 0 34816 0 0 17825796 8430720 2181070864 1141260304 0 129 1048580 256 256 0 34816 1073872896 1610612736 32 8529024 17 3628187728 816 138477568 74512
is_linear=0
shrinkage=0.045


Tree=279
num_leaves=23
num_cat=17
split_feature=0 3 0 3 4 0 5 3 0 0 0 0 3 1 3 3 0 3 5 5 5 5
split_gain=1.86239 1.40431 1.12123 1.81807 1.43922 1.24375 1.13414 0.777418 6.03599 4.21902 3.31356 2.46075 2.40316 2.28983 2.24235 2.20463 2.13521 2.05449 1.762 1.66229 1.65009 1.6007
threshold=0 1 2 3 4 5 3.5408542930527882 6 7 8 9 10 11 12 13 14 15 16 4.0689902272260703 6.5316059599741179 1.0000000180025095e-35 3.8393944990995772
decision_type=9 9 9 9 1 9 10 9 9 9 9 9 9 9 9 9 9 9 10 10 10 10
left_child=1 -1 3 4 -2 6 -5 8 12 15 -10 17 -4 14 21 18 -14 19 -9 -11 -19 -13
right_child=2 -3 7 5 -6 -7 -8 9 10 11 -12 13 16 -15 -16 -17 -18 20 -20 -21 -22 -23
leaf_value=15.897946364708913 9.7323281592421154 -9.1955909597185386 -1.2167447565300245 -47.541437939799991 -23.064468041007093 49.280886989310254 14.521413778832574 -99.935280325396761 -26.102895505677044 -10.791944823161156 -2.3821045519791548 -56.891887942843006 14.405683343346318 2.0802088797696707 60.870271319496823 -4.8687625784556072 70.986036679115642 83.909157018586711 -6.5476208989832045 68.530753141876403 1.5875120709570183 7.3441079654499477
leaf_weight=105 120 376 551 104 243 186 128 156 953 2434 4598 46 644 8459 478 1093 299 84 224 78 1533 83
leaf_count=105 120 376 551 104 243 186 128 156 953 2434 4598 46 644 8459 478 1093 299 84 224 78 1533 83
internal_value=-4.79828e-05 -0.00278398 1.19968e-05 0.00167402 -0.00066 0.00366279 0.00129098 -4.86766e-05 -0.0004368 0.000137943 -0.00112035 0.000393541 0.00209163 0.000807997 0.00345315 -0.00213636 0.00346335 -0.00051618 -0.00505102 -0.00131933 0.000732044 -0.00175532
internal_weight=22975 481 22494 781 363 418 232 21713 7045 14668 5551 13195 1494 9066 607 1473 943 4129 380 2512 1617 129
internal_count=22975 481 22494 781 363 418 232 21713 7045 14668 5551 13195 1494 9066 607 1473 943 4129 380 2512 1617 129
cat_boundaries=0 13 15 29 31 32 46 48 62 76 89 103 104 106 108 110 123 125
cat_threshold=20480 2148532224 3254779920 2147487824 2147745792 36 64 268435456 0 2164260868 8454144 8 2097152 4720128 65576 131076 33619968 0 32768 81920 0 128 0 524288 68190208 1073741832 131136 8392736 4 33360 137388 2 0 0 0 0 81920 0 128 0 0 67141632 0 0 8388640 4 331228680 2152 37748752 69468244 1 1 134349056 1024 0 40960 0 131098 33558528 1053701 67108864 2 33554448 10747968 268435457 1 16908292 1024 512 42048 5128 131088 570429440 1048613 0 2 8388608 16911392 603979776 2105344 268992512 536870976 0 134217728 4 1280 335675392 268435472 1059842 4456449 67117076 0 4 134218240 33554689 0 65536 98304 4210730 16 17306624 2214608904 1 50856968 134758496 130 2281717760 69632 536957222 147712 4194304 67108884 1 0 134217728 1024 0 8192 0 8 0 1049600 67108864 3896512596 24724
is_linear=0
shrinkage=0.045


Tree=280
num_leaves=23
num_cat=20
split_feature=0 3 0 3 5 0 4 0 0 3 3 3 0 0 3 0 3 3 0 0 5 0
split_gain=2.44851 2.42478 1.27961 0.862846 1.05435 0.961147 0.810381 4.09571 3.87489 3.68542 3.13953 2.708 4.76982 4.63808 3.42697 2.68986 3.31631 3.1745 3.86889 2.41856 2.57426 3.07315
threshold=0 1 2 3 5.2390944889447963 4 5 6 7 8 9 10 11 12 13 14 15 16 17 18 2.9700856263602158 19
decision_type=9 9 9 9 8 9 1 9 9 9 9 9 9 9 9 9 9 9 9 9 10 9
left_child=1 -1 -2 -3 5 -5 7 9 10 -4 -8 13 -13 14 -10 16 -9 19 -19 -17 21 -21
right_child=2 3 6 4 -6 -7 8 15 11 -11 -12 12 -14 -15 -16 17 -18 18 -20 20 -22 -23
leaf_value=-47.484324545002018 43.77313123832942 5.3519544456646688 -5.3016704420043244 21.003291617647189 -169.5099444563561 -8.5950811145523769 -119.36005586742809 20.752660885489167 -5.2297365447420452 67.316427462378243 -5.219389896240318 16.261132051187815 -0.089615319083313799 0.2667543450375342 -53.435175530681718 -20.804836504825907 -64.450125175507168 44.850515368633694 0.046493260071365512 47.141913553061165 6.5926734497417785 -108.2255005935959
leaf_weight=115 118 211 429 125 73 171 241 371 861 774 800 1767 5827 4538 871 761 506 1012 1509 105 1557 233
leaf_count=115 118 211 429 125 73 171 241 371 861 774 800 1767 5827 4538 871 761 506 1012 1509 105 1557 233
internal_value=-3.42734e-05 -0.00264144 4.84479e-05 -0.00136824 -0.00265748 -0.00151007 2.23234e-05 0.000412247 -0.000167539 0.0027963 -0.00279915 3.24301e-05 0.000603471 -0.000659026 -0.00263188 -6.67656e-05 -0.00235377 0.000325207 0.00146565 -0.000758996 0.000106188 -0.00344118
internal_weight=22975 695 22280 580 369 296 22162 7257 14905 1203 1041 13864 7594 6270 1732 6054 877 5177 2521 2656 1895 338
internal_count=22975 695 22280 580 369 296 22162 7257 14905 1203 1041 13864 7594 6270 1732 6054 877 5177 2521 2656 1895 338
cat_boundaries=0 13 15 27 29 42 43 57 70 72 74 76 89 103 105 118 120 122 135 149 162
cat_threshold=20480 3224371200 3858763792 2147487808 2147745792 16777764 64 0 0 68 8585216 8 2097152 16928 25088 0 0 0 32768 65536 0 0 0 0 1048576 0 64 138416208 67760 0 0 3758096384 0 0 0 0 0 0 64 8519680 0 2097152 2 40108032 67174432 0 0 268959744 1088 0 134217728 0 76204064 1610612736 4096 2147496834 4 6619200 65552 128 512 1073741824 7488 512 134217728 67584 526352 1610612736 1052672 4354 566231568 21384 537413632 2212 532587692 133334 8388624 25304068 0 4 32776 1 0 90112 0 2097411 419430400 35377 16400 8388608 92406820 0 2097156 557064 0 0 0 0 2098176 352321568 16779776 67158556 1 51152040 2176 2147483656 3072 0 0 163840 0 0 268509184 8 257 402653312 8880 1064960 2155906608 6180 2172736274 345644 32768 41947152 0 2097152 1048576 256 0 1073741824 536871936 6291456 50331648 1573120 75532308 32768 0 1 2097152 1048576 0 0 1073741824 536870912 6295552 33554432 1605888 67143684 1 0 4096 0 0 0 0 0 0 32768 8 0 2149580800 8
is_linear=0
shrinkage=0.045


Tree=281
num_leaves=23
num_cat=17
split_feature=0 3 5 0 3 0 0 5 1 4 5 3 0 2 1 5 5 0 3 3 0 1
split_gain=1.79822 2.93026 1.79997 1.44352 3.70236 1.93183 1.38025 1.50398 0.840533 2.86108 1.42489 0.896351 6.73633 2.32045 2.96032 2.21953 1.64849 1.8527 3.27791 1.61003 1.38723 1.34207
threshold=0 1 3.7256208424938388 2 3 4 5 4.5485858369352732 6 7 4.0517471391904856 8 9 10 11 1.7005986908310777 1.7005986908310777 12 13 14 15 16
decision_type=9 9 8 9 9 9 9 8 9 1 8 9 9 9 9 10 8 9 9 9 9 9
left_child=1 2 -1 4 6 -6 -2 -8 9 10 -5 12 15 14 -14 -10 19 18 -18 -13 -17 -21
right_child=3 -3 -4 8 5 -7 7 -9 11 -11 -12 16 13 -15 -16 20 17 -19 -20 21 -22 -23
leaf_value=13.12976741305938 0.94261044504070013 -0.57484745986026609 -29.437849119515302 -121.98357725792708 -57.322543084163406 2.1520994364485522 18.920638678503199 263.36332277013054 -25.351801503371423 -313.67082134721608 559.31341423568529 -11.360328618697494 64.434064583783652 -35.754979700249784 -3.1466044740364669 63.598176301022264 1.1285589969692045 -0.25958280598211786 -24.034583287818222 64.489677294788365 28.346700320095206 3.0211282701651361
leaf_weight=50 103 468 175 36 247 407 159 95 72 60 47 117 133 370 1229 118 682 16588 654 224 740 201
leaf_count=50 103 468 175 36 247 407 159 95 72 60 47 117 133 370 1229 118 682 16588 654 224 740 201
internal_value=-2.8398e-05 -0.00226596 -0.00636076 4.23881e-05 0.00169355 -0.000337838 0.00530488 0.00710526 -3.70014e-05 -0.00333871 0.00185294 -1.2772e-05 0.000757292 -0.000903096 -3.27511e-05 0.00382166 -0.000124202 -0.000198315 -0.00180267 0.00231618 0.0045 0.00355263
internal_weight=22975 693 225 22282 1011 654 357 254 21271 143 83 21128 2662 1732 1362 930 18466 17924 1336 542 858 425
internal_count=22975 693 225 22282 1011 654 357 254 21271 143 83 21128 2662 1732 1362 930 18466 17924 1336 542 858 425
cat_boundaries=0 13 15 29 31 44 58 60 61 63 77 78 80 93 95 97 109 111
cat_threshold=0 3224436752 3321888784 4096 2147483648 256 0 1073741824 0 133220 8585216 0 2097152 2164819554 24608 196620 33554432 0 32772 81920 6145 0 0 524292 68157440 40 131169 9441312 20 161108002 201536 4 0 0 0 65536 0 0 0 4 68157440 40 32 4128 8 33554432 0 0 0 0 0 0 0 0 0 1 1048576 4 268435456 16 4 3221227712 49201 2147778560 0 0 0 557056 0 0 8192 536870912 12583936 0 2151190416 67109396 1 52 134222144 4 2147749952 8388608 805306496 268443728 33344 544 0 402653184 0 528 536870912 17303680 131714 173594156 4736 4212224 65544 262144 0 0 0 0 0 0 0 0 1024 0 656 4100 68610
is_linear=0
shrinkage=0.045


Tree=282
num_leaves=23
num_cat=17
split_feature=0 3 0 3 0 1 1 5 5 3 5 0 5 5 0 3 0 0 0 3 3 3
split_gain=1.69171 2.055 1.49118 3.28106 1.74713 1.48215 1.18624 1.04034 0.972527 0.936846 1.155 0.743131 0.733678 0.685966 4.57869 3.20687 5.80716 5.08533 3.10989 4.28179 3.1085 2.62144
threshold=0 1 2 3 4 5 6 3.9796379800581989 4.2268071048866842 7 4.0517471391904856 8 3.2384861814448418 4.0517471391904856 9 10 11 12 13 14 15 16
decision_type=9 9 9 9 9 9 9 10 10 9 10 9 10 8 9 9 9 9 9 9 9 9
left_child=1 6 3 11 -5 7 8 -3 -1 -6 -11 -2 -7 14 20 16 21 -17 19 -15 -4 -16
right_child=2 5 13 4 9 12 -8 -9 -10 10 -12 -13 -14 18 15 17 -18 -19 -20 -21 -22 -23
leaf_value=27.288566145323347 7.1045280385185103 -145.23356492569258 -3.0948806860708462 -29.459011336946642 -24.924106187949398 -2.5688055264423566 -77.992322031229989 -1.0847619819951797 -12.657525358977363 14.217873593498425 -1.5770688714085916 48.597339986525164 40.756178301885917 67.904792936319623 15.718972734286616 14.970438660677992 -33.390509254508558 -11.013170679670292 -0.48154895728561314 0.32135970352142973 15.675262641372829 -20.18354308706601
leaf_weight=47 113 54 488 221 114 60 139 52 63 148 123 240 169 614 799 1530 1842 1915 11764 1130 870 480
leaf_count=47 113 54 488 221 114 60 139 52 63 148 123 240 169 614 799 1530 1842 1915 11764 1130 870 480
internal_value=-4.99412e-05 -0.00241611 1.30563e-05 0.0017379 -0.000291262 -6.48415e-05 -0.00543103 -0.00419492 -0.00147541 0.00153023 0.0029417 0.00511644 0.00196058 -6.50532e-05 -0.000397426 -0.000889328 -0.00193185 5.85768e-05 0.000129904 0.00189636 0.0019708 0.000400852
internal_weight=22975 584 22391 959 606 335 249 106 110 385 271 353 229 21432 7924 6566 3121 3445 13508 1744 1358 1279
internal_count=22975 584 22391 959 606 335 249 106 110 385 271 353 229 21432 7924 6566 3121 3445 13508 1744 1358 1279
cat_boundaries=0 13 15 29 31 44 46 48 50 63 77 79 93 106 119 121 123 125
cat_threshold=0 3222339584 3321888784 4096 2147746304 32 64 1073741824 0 2147625028 8585216 131080 2097152 151537200 24704 131084 33554432 0 40964 16859140 0 256 0 524296 68157440 40 65 9441312 20 140137506 348416 4 0 0 8192 16842756 0 256 0 0 1048576 8 0 8392704 32 2180 268451872 132 25165824 2216 8 33554432 0 0 0 0 0 0 0 67108864 32 1 32 1073823745 83895364 0 0 276955456 16777216 128 24640 102404 0 4096 2147483648 131201 2 720482106 274472 2189688832 133136 536870912 1 1048576 536871936 0 65536 2048 4122 100663424 16813316 35336 1 2151677952 20512 0 128 524288 0 0 0 536871936 2659584 404750480 271616912 2147491856 4489232 2048 128 2097296 8 3076 0 134250496 2048 1077937409 1090519040 17830016 67110150 1226014726 482064 1711444004 211664 14746160 12328
is_linear=0
shrinkage=0.045


Tree=283
num_leaves=23
num_cat=19
split_feature=0 3 3 0 0 3 5 0 1 3 0 0 0 0 3 2 3 3 0 5 3 5
split_gain=1.78541 4.98744 1.4645 1.44576 1.1624 1.67601 0.975353 0.936538 0.91854 0.824823 6.80392 4.16974 2.78583 2.47387 6.39498 2.9101 2.25379 2.03042 1.85554 1.73575 2.70247 2.14627
threshold=0 1 2 3 4 5 5.4094089116575796 6 7 8 9 10 11 12 13 14 15 16 17 5.1029059508623904 18 2.740319461670996
decision_type=9 9 9 9 9 9 10 9 9 9 9 9 9 9 9 9 9 9 9 8 9 10
left_child=1 -1 6 -4 5 -2 7 -3 -6 10 19 16 17 14 15 -13 18 -12 -11 20 21 -10
right_child=4 2 3 -5 8 -7 -8 -9 9 11 12 13 -14 -15 -16 -17 -18 -19 -20 -21 -22 -23
leaf_value=45.820521946079893 -14.433643087536492 -0.87052741926483579 -28.368452237405798 1.2859764219358476 -77.414515325822052 -0.18027090025312645 -48.137514450721788 28.315040828626731 61.994487740386027 -3.5402101330924416 -43.87840593761004 1.2161107317433197 -1.738550620066162 0.5174441468061195 2.6599811693878292 197.89445633903952 -1.1865612958958627 -9.5910847873493541 -66.782647723251131 43.166365686616253 30.115270833433495 -24.523240133783766
leaf_weight=315 330 109 297 313 116 469 40 226 41 367 623 149 4129 9667 1565 283 1008 892 442 462 751 381
leaf_count=315 330 109 297 313 116 469 40 226 41 367 623 149 4129 9667 1565 283 1008 892 442 462 751 381
internal_value=-3.42734e-05 0.00157774 -2.25677e-05 -0.0013746 -0.000131761 -0.00180333 0.00215116 0.00300445 -6.67848e-05 -4.33276e-05 -0.000428954 0.000165086 -0.00116955 0.000477903 0.00191513 0.00668919 -0.00183297 -0.00281434 -0.00359013 0.00211749 0.00120638 -0.00165899
internal_weight=22975 1300 985 610 21675 799 375 335 20876 20760 7279 13481 5644 11664 1997 432 1817 1515 809 1635 1173 422
internal_count=22975 1300 985 610 21675 799 375 335 20876 20760 7279 13481 5644 11664 1997 432 1817 1515 809 1635 1173 422
cat_boundaries=0 14 16 18 31 44 46 59 61 63 77 91 104 117 119 120 122 124 138 140
cat_threshold=537001996 33554432 4096 32896 81924 1 384 64 524296 1074954752 1090519080 96 8392736 16 178143266 66048 1552 421952 8 0 0 128 4 1 128 0 0 1179648 16777224 0 8392704 80 9502720 4060086288 0 2147745792 32 64 1073774592 0 2164262980 545456128 285343752 2097152 17317920 223892 0 33554432 0 0 0 0 0 0 0 1074921472 0 0 4128 268435456 16 1943512102 468288 1073795072 262144 1 8197 131080 536870912 0 65536 2048 2097160 268439568 524292 2147524997 5 53248 394256 129 2105365 16777216 576 0 268435456 2048 2097152 4112 524292 2147623300 3 40108032 85991488 0 0 33024 256 0 134225920 1024 1026 201326592 2148542608 2 12845056 8256 0 576 33280 4352 0 8192 65536 1073 67108864 2147494528 524290 2147486104 35 49 2348815104 36902 1631911938 139264 0 1040 0 2105344 0 64 0 0 0 0 0 4 2147483652 2 35028998 262400
is_linear=0
shrinkage=0.045


Tree=284
num_leaves=23
num_cat=16
split_feature=0 3 0 0 4 0 3 5 3 4 3 5 5 5 3 0 0 0 3 5 5 3
split_gain=1.62627 5.80685 2.57421 1.76964 1.68365 1.34874 3.4171 1.74048 1.23364 1.00915 0.953935 1.5322 0.946847 1.42105 0.862857 6.307 3.15723 2.35525 2.6482 2.10799 1.97091 1.93524
threshold=0 1 2 3 4 5 6 4.5379471377116305 7 8 9 4.863673427408628 4.6101453514146771 5.625819309938989 10 11 12 13 14 2.8617925509761908 1.8688348091416842 15
decision_type=9 9 9 9 1 9 9 10 9 1 9 10 8 8 9 9 9 9 9 10 8 9
left_child=1 2 -1 10 -4 6 7 -2 -8 -10 -3 -12 -11 -14 15 -7 20 18 19 -16 -17 -22
right_child=5 3 4 -5 -6 14 8 -9 9 12 11 -13 13 -15 17 16 -18 -19 -20 -21 21 -23
leaf_value=0.97844771955044052 -115.16207259163323 -6.4111200553225718 1.8623595478308561 91.52163753325145 -141.7313934241273 -27.031134189234944 28.788633860721273 -9.6969288939293428 -0.49393292230246516 -2.6009913254763704 26.912121289846873 -35.465138205584985 -183.13880038573836 -7.2905184750330951 18.79995704466408 231.39002926192512 -2.0570005982535347 -0.32575987521584465 28.919750181911748 -3.8841853786428691 1.7683040146669373 57.710257993521331
leaf_weight=312 82 112 59 254 141 986 130 46 360 72 179 58 36 55 88 40 3166 13977 1064 649 695 414
leaf_count=312 82 112 59 254 141 986 130 46 360 72 179 58 36 55 88 40 3166 13977 1064 649 695 414
internal_value=-4.99412e-05 0.00161713 -0.00188931 0.00457317 -0.00573113 -0.00013579 -0.00195776 -0.00835714 -0.000575188 -0.00155607 0.00230609 0.00388554 -0.0045 -0.0075 -6.72088e-05 -0.000563241 0.000181997 9.97467e-05 0.00162576 -0.000450601 0.00218992 0.00184293
internal_weight=22975 1115 512 603 200 21860 781 128 653 523 349 237 163 91 21079 5301 4315 15778 1801 737 1149 1109
internal_count=22975 1115 512 603 200 21860 781 128 653 523 349 237 163 91 21079 5301 4315 15778 1801 737 1149 1109
cat_boundaries=0 14 16 29 42 43 56 58 60 61 63 65 79 93 107 109 111
cat_threshold=33554436 33554496 0 32785 16793600 1 384 0 524296 1048576 1090519080 96 8523936 16 2168750292 137260 33554432 33554432 0 0 16384 1 128 0 0 0 1090519072 64 8388640 33554432 33554432 0 0 16384 1 128 0 8 0 1090519072 0 8519712 2 147536 1048576 4060086288 8192 2147778560 32 64 1073774592 0 2164262980 8585216 268566536 2097152 541216 528 2285928512 4 4 544 25216 328936704 336193 0 27266048 0 0 277348356 536871168 0 0 0 8422658 67108992 16787600 1065984 1 299008 67436560 0 2097152 131072 1088 0 8192 3076 4341768 268439568 1029 2147516420 6 12582912 16779264 0 68 268435972 536871424 0 1024 0 1073776417 67108992 10384 1590528 1 2221167244 131744 42601472 8256
is_linear=0
shrinkage=0.045


Tree=285
num_leaves=23
num_cat=19
split_feature=0 0 3 0 5 0 5 2 0 3 5 3 0 3 3 0 0 0 1 3 3 4
split_gain=1.70091 1.24891 2.16466 1.27605 0.887819 0.866733 1.14465 0.755402 5.04453 4.19973 3.94273 3.85016 2.67661 5.77044 2.12713 5.83939 4.83295 2.35549 2.21189 2.17958 2.10998 2.36948
threshold=0 1 2 3 4.0859410030639109 4 3.9981586158983733 5 6 7 4.0859410030639109 8 9 10 11 12 13 14 15 16 17 18
decision_type=9 9 9 9 8 9 10 9 9 9 10 9 9 9 9 9 9 9 9 9 9 1
left_child=-1 2 3 4 -2 6 -4 8 11 -10 -11 -3 13 -9 16 -16 20 -17 19 -18 21 -14
right_child=1 7 5 -5 -6 -7 -8 12 9 10 -12 -13 14 -15 15 17 18 -19 -20 -21 -22 -23
leaf_value=27.882253760885394 43.838157332999579 -43.879188698358625 -104.44379306073721 26.164114537452551 -43.118544009720424 -19.861087126224337 44.524587672611737 -48.745778330927678 45.994191750309106 -9.1021830920708453 19.582942663836146 1.5166979221142174 -109.89609179317289 0.39333140113325499 25.052370151015094 -10.906043585388433 -3.1818188091297999 1.5927853884805516 -1.3034258564355332 19.592301221477211 -13.764713065806282 18.125585918120048
leaf_weight=106 45 561 52 246 61 351 61 469 1157 921 1101 824 193 861 1454 1727 588 4843 4495 1069 1725 65
leaf_count=106 45 561 52 246 61 351 61 469 1157 921 1101 824 193 861 1454 1727 588 4843 4495 1069 1725 65
internal_value=-4.99412e-05 -7.76845e-05 -0.00179348 0.000865385 -0.00305085 -0.00378151 -0.00018 -1.32563e-05 0.00050153 0.00148778 0.000243363 -0.00175555 -0.000147849 -0.00207899 1.25224e-05 0.000531981 -0.000499877 -4.1021e-05 0.000124108 0.00152337 -0.00242481 -0.00616667
internal_weight=22975 22869 816 352 106 464 113 22053 4564 3179 2022 1385 17489 1330 16159 8024 8135 6570 6152 1657 1983 258
internal_count=22975 22869 816 352 106 464 113 22053 4564 3179 2022 1385 17489 1330 16159 8024 8135 6570 6152 1657 1983 258
cat_boundaries=0 12 25 27 38 51 52 66 68 70 83 85 87 100 113 126 128 130 132 133
cat_threshold=4 0 0 32768 0 0 128 0 8 0 0 64 20560 3145792 3523215376 16 2147778560 32 64 1073774592 0 2147483748 545456128 131080 2097152 2152207952 75812 16384 0 0 0 2147483648 0 0 0 0 64 545456128 0 0 1073741824 0 0 0 0 0 0 64 8585216 0 2097152 112 33849344 67121200 0 2147483648 26738688 64 0 65536 66560 2101248 469762048 16785664 0 5 407142512 21120 2203484704 20500 4194304 1074201604 1 512 320 4096 768 0 34820 1051666 0 3670020 12416 1225297924 12844 952527952 387315 52428801 8224 0 4 269484552 321 0 65536 5120 1153564672 436207624 268437504 16419 35651585 8388608 0 4 8 320 0 134283264 5120 1086980096 234885120 268441617 8405003 2147811328 50331648 536870912 2105408 131072 0 0 268443648 536870912 37120 1075839136 16811008 2148535556 1611138532 549 671088704 297186 264192 65585 4
is_linear=0
shrinkage=0.045


Tree=286
num_leaves=23
num_cat=17
split_feature=0 3 0 3 5 5 0 5 3 0 0 0 3 0 3 0 5 3 0 0 5 3
split_gain=1.65813 2.30261 1.47311 2.05072 0.981942 0.878382 1.61889 0.831443 0.770505 5.28738 3.40389 2.65853 5.09205 1.93766 4.06328 1.8318 2.83198 1.64251 6.08262 3.69422 2.9274 2.66017
threshold=0 1 2 3 3.6242520361853052 6.078787719222313 4 4.135134555718313 5 6 7 8 9 10 11 12 5.5816130673839615 13 14 15 6.0626210638078133 16
decision_type=9 9 9 9 10 10 9 10 9 9 9 9 9 9 9 9 8 9 9 9 8 9
left_child=1 -1 3 -2 -3 6 -5 -6 9 -4 -11 12 -10 14 -13 -14 -17 19 20 -15 21 -19
right_child=2 4 8 5 7 -7 -8 -9 11 10 -12 13 15 17 -16 16 -18 18 -20 -21 -22 -23
leaf_value=-44.111825187686698 -18.139366463528329 3.955287960106725 16.421724663684582 -50.315900105159599 127.95280476466745 115.09912857655505 1.2191718988452158 9.8731238847394707 36.855500455355887 -31.906456840656247 -1.5824116607158429 -31.063245764171313 21.953591698994696 -15.443567053695224 2.2788851510930725 -3.036706445735708 -43.720537543812021 2.6873490936020969 -1.5253926995873734 1.2978093354636804 99.463978208642473 51.74277071609955
leaf_weight=104 324 193 921 107 64 39 508 99 1308 619 4856 726 388 1969 505 772 168 723 3166 4837 106 473
leaf_count=104 324 193 921 107 64 39 508 99 1308 619 4856 726 388 1969 505 772 168 723 3166 4837 106 473
internal_value=-6.56091e-05 0.00257415 -0.000120855 -0.00181818 0.00427989 -0.000337838 -0.000765802 0.00695455 -4.28094e-05 -0.000456461 -0.000988245 0.000132152 0.00142749 -0.000142007 -0.00182824 -0.000537313 -0.00160714 4.38596e-05 0.00071317 -0.000396011 0.00328767 0.00266694
internal_weight=22975 460 22515 978 356 654 615 163 21537 6396 5475 15141 2636 12505 1231 1328 940 11274 4468 6806 1302 1196
internal_count=22975 460 22515 978 356 654 615 163 21537 6396 5475 15141 2636 12505 1231 1328 940 11274 4468 6806 1302 1196
cat_boundaries=0 14 16 29 31 42 44 58 71 85 87 101 103 116 118 132 146 148
cat_threshold=147456 0 0 2147524608 262208 0 0 0 524296 16777216 32 16777280 8519712 16 0 6824 33554496 3211328 3523215376 16 2148565512 32 64 1073741824 0 2147614820 8585216 268566536 2097152 676086826 221696 0 0 0 16 32768 0 0 0 0 2147483680 65536 328721152 273472 4259864 67502080 1 128 134217728 536870912 0 0 4 1075364866 301993984 1081348 2048 2 2149613568 16780288 67112960 0 0 0 0 0 0 2097408 67108864 6272 1048833 2174779392 50331648 4096 580 131072 4096 384 0 32768 2305 67108888 2147490176 1573121 4 1677724816 69799 65557 1141112832 0 128 16777216 16777472 512 268451840 4 1074807312 304091136 1048612 0 2 3758096412 86172 2129920 0 0 516 0 0 128 0 0 1 16 4224 1 71310354 201127 1074008064 8388608 0 1 524292 4 0 134217728 536871936 14713856 134217728 528 5782 1 1074008064 8519680 0 1 134742020 4 0 134217728 66560 81822720 671088640 8209 7826 1 2284322976 32776
is_linear=0
shrinkage=0.045


Tree=287
num_leaves=23
num_cat=17
split_feature=0 3 0 5 0 2 5 5 3 0 0 3 0 0 3 3 5 0 4 5 0 3
split_gain=1.62337 3.56904 1.44339 0.880452 0.90749 0.813616 0.860585 0.816525 0.733316 5.99881 2.68271 3.38999 2.64204 2.06776 2.36707 2.00181 1.89607 1.82165 1.63952 1.58462 1.54751 1.51945
threshold=0 1 2 5.0072908000208587 3 4 2.9174053685313028 2.3502401828962087 5 6 7 8 9 10 11 12 5.7853612818482238 13 14 2.740319461670996 15 16
decision_type=9 9 9 10 9 9 8 10 9 9 9 9 9 9 9 9 10 9 1 8 9 9
left_child=1 -1 5 4 -3 7 -7 -2 9 21 11 16 15 14 20 -11 17 -10 -13 -17 -12 -4
right_child=2 3 8 -5 -6 6 -8 -9 10 12 13 18 -14 -15 -16 19 -18 -19 -20 -21 -22 -23
leaf_value=6.1916118029812788 33.925054037045079 1.767029050420897 89.176491361308081 -58.113380256551096 -19.106652816518181 -2.1520393817238799 44.294668982892105 -27.345618065311935 -19.296476982702369 -2.8559781917168219 -29.843576317208935 -6.2080704658263857 -2.2896453472737628 0.39454841335931629 0.93800406846261464 13.641605256641851 149.19322404909857 2.6357853837747824 35.851935591104699 -43.79333729461279 -8.5520177830197088 12.767104289367561
leaf_weight=364 38 109 120 88 314 36 101 78 357 340 313 128 3985 12378 466 41 49 221 943 399 858 1249
leaf_count=364 38 109 120 88 314 36 101 78 357 340 313 128 3985 12378 466 41 49 221 943 399 858 1249
internal_value=-6.56091e-05 -0.00195321 1.01755e-05 -0.00434512 -0.00354706 0.00331132 0.00558725 0.000351562 -2.98504e-05 -0.000446632 0.000133068 0.00181579 -0.00120107 -7.21822e-05 -0.00156913 -0.00357955 -0.000809859 -0.00155172 0.00334488 -0.00557522 -0.0026437 0.00216691
internal_weight=22975 875 22100 511 423 253 137 116 21847 6134 15713 1698 4765 14015 1637 780 627 578 1071 440 1171 1369
internal_count=22975 875 22100 511 423 253 137 116 21847 6134 15713 1698 4765 14015 1637 780 627 578 1071 440 1171 1369
cat_boundaries=0 13 15 29 42 43 45 59 72 74 87 101 103 105 117 118 132 134
cat_threshold=16793616 3211264 3254779920 84 2148532232 4128 64 1073774592 0 2147483716 8585216 16908296 2097408 13669456 71840 131076 0 0 2147483648 262208 0 0 0 8 0 32 64 32 16 0 65536 1073741824 0 1048576 0 0 0 0 0 65536 0 2097152 5 932684804 297314 2147520513 0 1 8193 402784256 1024 0 0 34820 1079644160 268439552 1053700 2214617088 6 10813440 2048 0 640 98308 1 0 134217728 65664 16813328 83886088 2688 9965570 140513410 131597 10747904 16780352 0 0 557060 0 0 134217728 0 17408 201326592 270535168 1053184 37781568 262160 129 0 1090519040 1536 896 268436544 36864 131584 1073745936 4132 2147483648 6 2148028946 28820 318866436 33024 2359296 2048 0 0 32768 0 0 0 0 33792 83886080 640 1 0 262144 0 0 16777216 1024 128 268435456 0 0 4112 4128 0 4 16777216 2
is_linear=0
shrinkage=0.045


Tree=288
num_leaves=23
num_cat=20
split_feature=0 0 3 3 0 4 5 5 0 3 0 0 1 3 3 0 0 3 0 3 0 0
split_gain=1.45242 1.20501 2.72648 1.01298 1.26058 0.874037 0.822506 0.643737 3.94487 4.60838 3.26534 2.7892 2.77356 4.43831 2.98389 8.00306 4.93655 2.77899 2.13822 1.98897 1.98513 1.84071
threshold=0 1 2 3 4 5 3.795426061844291 4.1971736807086968 6 7 8 9 10 11 12 13 14 15 16 17 18 19
decision_type=9 9 9 9 9 1 8 10 9 9 9 9 9 9 9 9 9 9 9 9 9 9
left_child=-1 2 -2 5 -5 -4 -7 8 9 -3 -9 19 13 18 15 17 -16 -14 -10 -12 -17 -19
right_child=1 7 3 4 -6 6 -8 10 12 -11 11 -13 14 -15 16 20 -18 21 -20 -21 -22 -23
leaf_value=14.548943137341556 -46.825541653893957 5.5715450511839295 31.689424625343673 6.0351692109628488 -10.995374593062223 59.965649224401204 -4.3444119590848276 28.657047341642102 -42.288545630145599 -70.186042059109624 -22.021243524535258 1.3210090517109712 -15.564764341444096 26.277608391893846 16.310589508096598 -56.745539877876432 -3.1835740976419764 3.4457457744645033 7.9688792500906853 -0.696681585293627 -23.492687939552489 43.1724732599072
leaf_weight=148 228 339 61 215 249 63 101 349 278 494 626 9636 285 620 1766 426 3408 360 395 1057 1523 348
leaf_count=148 228 339 61 215 249 63 101 349 278 494 626 9636 285 620 1766 426 3408 360 395 1057 1523 348
internal_value=-5.38582e-05 -8.37383e-05 -0.00167115 -0.000224679 -0.00141807 0.00218354 0.000542169 -1.64219e-05 -0.000276747 -0.00322189 0.000212082 7.74424e-05 -1.19414e-05 0.00191379 -0.000321112 -0.00146242 0.000329734 0.00181343 -0.000624088 -0.00160619 -0.00313233 0.0033125
internal_weight=22975 22827 917 689 464 225 164 21910 10242 833 11668 11319 9409 1293 8116 2942 5174 993 673 1683 1949 708
internal_count=22975 22827 917 689 464 225 164 21910 10242 833 11668 11319 9409 1293 8116 2942 5174 993 673 1683 1949 708
cat_boundaries=0 13 26 28 30 43 44 57 59 72 85 87 89 91 105 119 121 130 132 145 158
cat_threshold=0 0 0 0 0 0 0 0 8 0 32 64 32 50331712 1114176 3523215376 128 2148827144 4128 0 32768 0 2147483716 8519680 285212680 2097408 541591040 76336 2173734976 136 50331648 65536 1073741824 128 32776 0 0 0 0 64 0 268435456 2097152 2 1075871764 41959424 1 16 0 0 512 134217728 0 67242241 1612709904 4 9990146 2311197190 16980 2147483664 0 128 2147483664 65540 2048 0 134217728 2048 35073 1075838976 0 9457664 86016 19136560 67112960 5 1090650880 1 128 0 536907776 1069056 67108864 38913 32896 1073762660 448 3407806482 203276 1324398152 58416 0 3076 0 8192 131076 0 0 8192 536903680 3149824 128 1084688 21 5 1 12336 0 0 0 0 128 1073741824 98308 2113544 385875968 2149613696 67275905 4 42999808 1056 262144 0 536870912 0 142606592 0 0 0 2048 3778729024 6912 0 16 0 0 0 1024 0 0 4 8913920 285212672 2150105088 67109888 0 4 0 0 0 0 0 0 32768 1048576 0 36112 16
is_linear=0
shrinkage=0.045


Tree=289
num_leaves=23
num_cat=18
split_feature=0 3 0 3 0 2 5 5 3 5 3 0 0 0 0 3 3 3 5 3 0 0
split_gain=1.79818 4.00959 1.30582 1.19625 1.36277 0.997137 1.24415 0.966902 0.812134 0.884265 0.78096 6.80419 6.08342 4.52201 3.63914 2.85944 2.38299 1.78218 2.18812 1.59456 5.14801 4.47857
threshold=0 1 2 3 4 5 4.5271940351011493 5.5432204948189954 6 4.0163424379838117 7 8 9 10 11 12 13 14 4.6959141240107813 15 16 17
decision_type=9 9 9 9 9 9 8 8 9 8 9 9 9 9 9 9 9 9 10 9 9 9
left_child=1 7 5 -3 -5 6 -2 -1 -6 -10 12 15 -4 16 17 -12 -13 18 -14 20 -15 -21
right_child=2 3 10 4 8 -7 -8 -9 9 -11 11 13 14 19 -16 -17 -18 -19 -20 21 -22 -23
leaf_value=-43.497198982509836 -33.406085901483891 19.791650469340894 -35.380386134156502 -29.789571342585223 -4.9012399651094531 29.571093032468379 15.114461504371011 -0.29966515680749578 -0.41807626489204264 97.157299635689782 1.3698110590939541 -37.159321080112129 15.851855427875051 -18.911381066671801 -1.0537859356565786 46.259997967712295 -2.9886442313362931 7.6964803848001608 156.5405842448267 20.401695465989825 3.6787135748221589 -1.3211683908036138
leaf_weight=182 76 109 831 117 104 140 44 35 118 110 416 921 182 1189 9764 635 1132 1246 54 1542 1786 2242
leaf_count=182 76 109 831 117 104 140 44 35 118 110 416 921 182 1189 9764 635 1132 1246 54 1542 1786 2242
internal_value=-3.03564e-05 -0.00214422 4.45705e-05 -7.89474e-05 -0.00112256 0.00314338 0 -0.00717249 0.000392442 0.001875 6.14978e-06 0.000303038 -0.000236372 -0.000107094 3.99716e-05 0.00370414 -0.00195036 0.00210843 0.005625 0.00045525 -0.000323904 0.00106691
internal_weight=22975 775 22200 558 449 260 120 217 332 228 21940 9863 12077 8812 11246 1051 2053 1482 236 6759 2975 3784
internal_count=22975 775 22200 558 449 260 120 217 332 228 21940 9863 12077 8812 11246 1051 2053 1482 236 6759 2975 3784
cat_boundaries=0 13 15 29 31 44 45 47 49 63 77 90 104 106 108 110 112 124 138
cat_threshold=16777280 3222339584 3489665040 196 262664 4129 0 1073741824 0 2147483716 10616832 285212680 2097408 151586336 16944 131072 0 0 2147483648 0 0 0 0 8 0 1073741856 64 1048608 16 36864 135176 0 0 2147483648 4 512 1 0 0 0 2147483648 8519680 0 256 5 8388672 2052 603387140 234700 327688 33685568 536870912 528 2164326464 16779520 384 268435456 65536 67108864 151060480 4736 18048 1 2359312 44433472 536870912 528 16875584 16777472 128 268435456 65536 16384 67174400 4096 17536 1 3263168512 16 0 2129920 135397376 1088 0 65600 536873988 1084754176 33558536 524292 2147516418 3233808384 16400 0 268443648 131072 1088 0 65536 35844 1077415168 33554432 524292 524288 4 67792 8754 67109466 2560 18878720 197696 3624468522 270593 32768 27269120 0 0 8388864 536870912 0 0 32768 1086482 0 2149590273 4096 27273220 0 0 8388868 536870912 512 0 32768 1085442 335544320 2150639633 16 2
is_linear=0
shrinkage=0.045


Tree=290
num_leaves=23
num_cat=17
split_feature=0 3 0 0 2 0 3 1 3 0 2 3 5 5 0 3 3 5 5 3 5 0
split_gain=1.9264 1.77512 1.40693 1.33996 0.912673 2.43964 3.91631 2.25924 1.96378 2.66471 3.55108 2.0674 1.96226 1.81873 1.51205 2.84728 1.76439 2.00659 1.49001 3.28693 1.58083 1.34485
threshold=0 1 2 3 4 5 6 7 8 9 10 11 2.9700856263602158 6.462248816637195 12 13 14 6.590987390102673 3.0201273556387074 15 3.6242520361853052 16
decision_type=9 9 9 9 9 9 9 9 9 9 9 9 10 8 9 9 9 8 8 9 10 9
left_child=1 -1 -2 -3 7 6 -6 18 9 10 11 12 -9 -8 15 -10 17 -16 -4 20 -20 -12
right_child=2 3 4 -5 5 -7 13 8 14 -11 21 -13 -14 -15 16 -17 -18 -19 19 -21 -22 -23
leaf_value=-10.746244064524507 22.42191408197257 18.7875938647813 9.6521898070942544 -2.3286203835970083 -2.4267693039005644 0.072714703763103891 15.057180098760973 -70.812986012326064 -17.54960526487357 -18.023278385043405 -61.759230002277015 -1.5454604256942548 85.665534012113085 199.35795905755134 -8.0076980422516133 15.29331883864972 32.974540417462592 91.240423799722208 -16.355281665427391 -73.319090017158814 45.298738624540782 -11.504438503062374
leaf_weight=353 106 227 90 315 690 15068 706 47 792 1376 109 374 389 57 350 471 648 48 42 333 67 317
leaf_count=353 106 227 90 315 690 15068 706 47 792 1376 109 374 389 57 350 471 648 48 42 333 67 317
internal_value=-2.64395e-05 -0.00205899 5.70342e-05 -0.000406137 3.07014e-05 0.000197333 0.00195051 -0.000473468 -0.000168761 -0.00101181 0.000504808 0.00224453 0.0043192 0.00415161 0.000785222 -0.000264706 0.00204159 -0.000329268 -0.0032261 -0.00435811 0.00241736 -0.00277397
internal_weight=22975 895 22080 542 21974 16521 1453 5453 4921 2612 1236 810 436 763 2309 1263 1046 398 532 442 109 426
internal_count=22975 895 22080 542 21974 16521 1453 5453 4921 2612 1236 810 436 763 2309 1263 1046 398 532 442 109 426
cat_boundaries=0 12 14 26 38 39 52 54 56 58 71 72 74 87 89 91 93 105
cat_threshold=16777280 2150629376 3489665040 2147483712 2147745796 4384 64 1073741824 0 2147483716 547553280 285736968 2164834912 25124 0 1073741824 0 0 0 0 0 0 0 0 1073741856 64 16777216 2097152 1073745920 0 0 4096 0 1073741824 0 64 2097152 524288 3 12881940 33685568 570425344 4 328 0 0 16384 524296 17850368 50331648 131584 9970688 679744244 2508 1050646 516 1650953244 285273 2147483648 131072 0 0 134348800 33554432 0 8192 0 1073741824 144 2147518084 2147483665 2 33688596 18961 2147483648 0 0 0 131072 33554432 0 8192 0 1073741824 144 2147518084 2147483673 160436736 204932 2349350946 1058 12583432 136 2147483648 0 0 0 0 0 0 0 0 0 0 640
is_linear=0
shrinkage=0.045


Tree=291
num_leaves=23
num_cat=16
split_feature=0 3 0 1 3 0 0 5 5 3 5 0 0 5 5 3 0 5 3 0 0 0
split_gain=1.84054 2.05814 1.35604 0.752457 3.05137 2.44683 1.71807 1.51863 1.98616 1.22503 1.33152 1.77191 1.32639 1.22416 1.11335 1.71232 1.46794 1.07607 0.855779 5.45001 4.70002 2.5359
threshold=0 1 2 3 4 5 6 2.524928003624769 3.0677824455408698 7 5.5816130673839615 8 9 4.3241107269113215 4.7833076179467886 10 11 5.2284276452838947 12 13 14 15
decision_type=9 9 9 9 9 9 9 10 10 9 10 9 9 8 8 9 9 10 9 9 9 9
left_child=1 -1 -2 4 6 -6 13 -7 -9 10 11 -10 -11 -4 15 -8 -17 -15 20 -20 -5 -21
right_child=2 -3 3 18 5 7 14 8 9 12 -12 -13 -14 17 -16 16 -18 -19 19 21 -22 -23
leaf_value=7.9440636279974202 20.568982730740608 -7.1538275989307474 -3.5521755777051838 11.384494152866782 -0.28945238642030746 159.37979118488369 -81.970629570226521 -176.53464442500697 -72.215997196735643 0.78524334025889397 107.85016426255075 21.127120961122092 100.74922711554174 -90.377073708077219 25.179033576195614 -33.967134795534584 6.9168014916525857 -5.9015040950147153 10.149703523624957 -9.6925175860729169 -3.9697637420883618 0.27886503485971842
leaf_weight=256 121 476 147 2348 625 72 117 36 104 103 83 216 274 130 192 102 167 64 1719 1870 7819 5934
leaf_count=256 121 476 147 2348 625 72 117 36 104 103 83 216 274 130 192 102 167 64 1719 1870 7819 5934
internal_value=-3.62319e-05 -0.0022379 3.74073e-05 1.01654e-05 0.00075491 0.0019918 -0.00128088 0.0035 0.00297066 0.00345269 0.00157229 0.000279503 0.0052635 -0.00376062 0.000228814 -0.00115979 0.000880783 -0.00619898 -8.22252e-05 0.000224174 -0.000369142 -0.000282114
internal_weight=22975 732 22243 22122 2432 1513 919 888 816 780 403 320 377 341 578 386 269 194 19690 9523 10167 7804
internal_count=22975 732 22243 22122 2432 1513 919 888 816 780 403 320 377 341 578 386 269 194 19690 9523 10167 7804
cat_boundaries=0 12 14 26 27 29 35 40 42 48 52 54 58 60 73 87 101
cat_threshold=16777280 2148532224 3523215376 2147483776 2147745792 4384 64 1073741824 128 2147491908 10682368 17432584 148160514 198824 0 0 0 0 0 0 0 64 8 0 1073741856 64 2147516772 2309378374 498432 12943360 1157758976 67108864 4 520 2048 35651584 61079552 536875008 512 256 38305808 8328 2097152 0 0 0 256 1024 0 8388608 536870913 16 134217732 69632 4489216 0 1 1 872328496 68072 1073741832 81920 0 8192 573440 64 0 134217728 0 71877650 1006633104 268468753 1572864 16384 2064 0 32768 1179648 0 640 33792 536876032 1074790409 4096 2147487780 2157981984 21 2147487744 84 0 0 1245184 33554433 640 40960 536873984 1073741857 4096 2147487780 2158100736 4
is_linear=0
shrinkage=0.045


Tree=292
num_leaves=23
num_cat=22
split_feature=0 3 0 0 2 0 0 3 3 1 0 3 0 4 3 0 0 3 3 1 4 0
split_gain=2.18405 3.12433 1.77333 1.40133 0.860495 2.49956 2.17156 4.00351 1.89259 2.02993 1.96542 1.7438 1.45609 1.52398 1.4206 6.53659 3.8847 2.74745 2.2168 2.17436 2.11738 2.31158
threshold=0 1 2 3 4 5 6 7 8 9 10 11 12 13 14 15 16 17 18 19 20 21
decision_type=9 9 9 9 9 9 9 9 9 9 9 9 9 1 9 9 9 9 9 9 1 9
left_child=1 -1 -3 -2 5 -5 7 12 9 -7 -10 -12 13 -6 15 18 17 -16 -8 -17 -18 -22
right_child=3 2 -4 4 6 8 14 -9 10 -11 11 -13 -14 -15 16 19 20 -19 -20 -21 21 -23
leaf_value=9.325918646839563 26.112389331261873 2.7481841819705002 -53.909421457481436 -44.257341322419265 196.89053554933437 -64.996043077908894 -48.10161711676519 19.785500980212053 20.07668774984835 -2.9138588604878715 56.494774778834469 -3.1418618712689201 -14.488725699131173 -9.0653148443604366 0.27813731062868102 16.806389468949892 -170.24370524769296 32.638782376084528 -12.796916215209421 -1.2561526466659052 -9.2591095578808744 1.2832676492782775
leaf_weight=263 108 110 339 350 47 318 364 1174 738 3026 121 995 567 57 862 1056 81 1181 932 3252 1809 5225
leaf_count=263 108 110 339 350 47 318 364 1174 738 3026 121 995 567 57 862 1056 81 1181 932 3252 1809 5225
internal_value=-5.38582e-05 -0.00248619 -0.00473427 2.52525e-05 -1.01502e-06 -0.000485612 0.000161111 0.00161147 -0.000233205 -0.000871573 0.000916399 -0.000279255 -0.001153 0.00349138 -2.13212e-05 -0.000584936 0.000323882 0.00204745 -0.00337156 0.000260417 -0.000173635 -8.95395e-05
internal_weight=22975 712 449 22263 22155 5548 16607 1845 5198 3344 1854 1116 671 104 14762 5604 9158 2043 1296 4308 7115 7034
internal_count=22975 712 449 22263 22155 5548 16607 1845 5198 3344 1854 1116 671 104 14762 5604 9158 2043 1296 4308 7115 7034
cat_boundaries=0 12 14 25 39 40 53 66 68 70 72 85 87 100 101 103 116 129 131 133 135 136 149
cat_threshold=16777216 2150629376 3254779920 2147488320 2147746368 4384 0 1073741824 128 8260 10682368 16908296 134775314 67752 0 0 1073741824 0 64 0 0 1073741824 0 64 8388608 0 1073741824 0 0 0 0 0 0 0 16777216 32 64 0 16 3 6389760 0 536870912 128 134217728 0 0 73728 0 2155888896 0 0 1049600 14716948 393216 536870912 32772 8388872 0 0 16384 524296 16384 285212672 768 12068096 714347136 68052 191333910 350405 2064 66128 3221225472 4096 0 0 256 0 0 0 0 1073741832 16781328 2147516544 40 1141907456 40960 6291456 0 0 0 256 0 0 0 0 0 0 0 1048576 2 1975017838 109834 8 25167936 4097 2105344 268468224 536870912 0 134225920 34816 8421376 67108864 2147485840 67125252 8 25173056 4097 8192 268435456 570425344 0 134225920 32768 1083393 0 2147489936 16388 2151845888 410272 70262784 106760 287780 65546 1 278529 0 0 1 151076864 16777221 896 268435456 0 73531400 671088640 2629669 2147483776
is_linear=0
shrinkage=0.045


Tree=293
num_leaves=23
num_cat=18
split_feature=0 3 0 3 5 1 3 0 0 5 4 3 5 5 0 3 3 3 3 3 0 0
split_gain=1.62351 2.68399 1.54862 1.46796 0.882112 0.748216 3.18973 2.30122 2.07939 4.10416 1.35838 1.64489 1.58562 1.43251 1.00348 1.42855 1.10564 0.817853 0.742823 0.717882 5.57569 3.91495
threshold=0 1 2 3 3.8176519431297078 4 5 6 7 6.3465127852423047 8 9 3.7256208424938388 4.7405652883788738 10 11 12 13 14 15 16 17
decision_type=9 9 9 9 8 9 9 9 9 8 1 9 10 10 9 9 9 9 9 9 9 9
left_child=1 -1 -2 4 -3 6 7 17 9 10 12 13 -8 -12 16 -16 -10 -4 -9 20 -7 -21
right_child=2 3 5 -5 -6 19 8 18 14 -11 11 -13 -14 -15 15 -17 -18 -19 -20 21 -22 -23
leaf_value=39.106064488612773 5.4266837326795212 -1.1238445980048346 30.314463053832586 -4.8165754860510059 -61.145945234974711 15.850135051861107 -173.24744128583538 18.711704324357488 -29.427089805911855 206.81943573851436 -47.168905726707521 -89.400581514863433 60.39330126731889 51.826425686403233 84.80439724315849 2.319934289620178 2.5977434516240829 -10.151119793623765 148.34882953253435 9.3959231476287357 -3.3121434788722581 -1.106436699066653
leaf_weight=208 114 40 108 457 73 1645 35 103 102 62 52 298 108 53 106 331 197 125 277 2258 7238 8985
leaf_count=208 114 40 108 457 73 1645 35 103 102 62 52 298 108 53 106 331 197 125 277 2258 7238 8985
internal_value=-4.60243e-05 -0.00205063 2.53276e-05 -0.00363402 -0.0081 -3.05499e-06 0.00083418 0.003492 -0.00039823 -0.00232258 -0.00361314 -0.00494444 0.000155172 0.000192308 0.00120321 0.00255568 -0.00079582 -9.18367e-05 0.005625 -8.49141e-05 -0.000387015 0.000153932
internal_weight=22975 778 22197 570 113 22083 1957 613 1344 608 546 403 143 105 736 437 299 233 380 20126 8883 11243
internal_count=22975 778 22197 570 113 22083 1957 613 1344 608 546 403 143 105 736 437 299 233 380 20126 8883 11243
cat_boundaries=0 13 15 27 29 31 33 44 48 49 51 62 64 66 68 69 71 85 99
cat_threshold=16781392 1076887552 1375731728 4160 72 4128 0 1073741824 0 2164269124 547487744 285343752 256 173020162 84096 65540 2147483648 0 0 512 0 0 0 0 0 0 64 16842784 131848 2147483748 128 1914184816 155664 33554432 83886080 536870913 0 0 0 0 0 0 0 65536 2392064 42074112 4224 148 2 4325378 4608 0 262144 603979777 513 0 0 0 0 134217728 0 65536 16793600 12 25182208 2180 1048624 8192 570425360 2013259300 98384 16384 66624 0 0 16777216 4 640 65536 4 1082261528 1107296272 1572896 2155917984 2 1073741825 12304 0 0 114688 553650177 0 16384 4096 67111714 83886080 2147489920 540674 21
is_linear=0
shrinkage=0.045


Tree=294
num_leaves=23
num_cat=14
split_feature=0 0 3 5 0 1 3 5 0 3 4 3 5 5 5 5 0 5 5 3 0 0
split_gain=1.5199 1.28623 1.3397 1.37184 0.960006 0.754617 2.29704 1.97637 2.90478 2.08425 2.01923 1.72145 1.34905 1.18762 1.10542 1.06475 0.973382 1.33659 0.852397 0.795184 7.03091 3.34273
threshold=0 1 2 3.3842466058243152 3 4 5 6.4052270920020655 6 7 8 9 4.9870196042435371 4.9522934739897151 4.6586997221347959 4.5053345884235583 10 5.0205801788306017 4.6491756246494491 11 12 13
decision_type=9 9 9 8 9 9 9 8 9 9 1 9 10 10 10 8 9 8 10 9 9 9
left_child=-1 2 3 -2 -4 6 16 8 9 12 14 15 -8 -12 -11 -10 18 -18 -3 20 -7 -22
right_child=1 5 4 -5 -6 19 7 -9 11 10 13 -13 -14 -15 -16 -17 17 -19 -20 -21 21 -23
leaf_value=4.0802418230301551 13.952899637681911 -4.9510913749782048 -4.2661011589077313 -42.97771209363227 5.4931157084413282 -46.549212826435792 -33.054425664459778 164.26037372394947 2.4808449963009842 -33.954780167387071 -75.744583307384161 21.46263187450575 37.750589861888258 -64.029255972289278 103.49228951130793 -62.364820501524662 75.619112115107413 21.502812216410238 87.23225248095838 0.16113600918717566 17.843686972600118 -3.4482943931997396
leaf_weight=111 44 109 212 168 370 790 248 110 61 89 193 363 164 82 54 47 197 105 104 16057 1177 2120
leaf_count=111 44 109 212 168 370 790 248 110 61 89 193 363 164 82 54 47 197 105 104 16057 1177 2120
internal_value=-4.99412e-05 -7.6718e-05 -0.00184243 -0.00482143 -0.000681818 -1.22272e-05 0.000835913 -0.000110682 -0.000604375 -0.00219121 -0.00439535 0.00218944 0.000106132 -0.00674188 -0.000155172 -0.002625 0.00337287 0.00501592 0.0009 -9.37686e-05 -0.000653208 0.000265186
internal_weight=22975 22864 794 212 582 22070 1926 1411 1301 830 418 471 412 275 143 108 515 302 213 20144 4087 3297
internal_count=22975 22864 794 212 582 22070 1926 1411 1301 830 418 471 412 275 143 108 515 302 213 20144 4087 3297
cat_boundaries=0 12 24 26 38 40 42 53 55 56 58 69 71 84 98
cat_threshold=65536 3221225472 0 0 512 0 0 0 0 0 0 64 4160 2359360 3523215440 4160 64 4128 0 1073741824 0 2164271172 547356672 17432584 2172666368 12808 0 262208 2449473536 0 0 0 0 1073741824 0 4 10485760 16777216 2147483748 128 1645289520 155672 2392064 109182976 129 145 0 0 0 0 0 0 65536 2160858626 69664 2 2164786178 67584 10485760 117440512 0 5 0 0 0 0 0 0 65536 913583140 65616 0 0 0 0 402685952 0 0 8192 0 50178 503316640 34960 67128338 2147483664 7168 0 2105344 655360 1024 0 65536 536873984 1081217024 16 9216 2147528737 4
is_linear=0
shrinkage=0.045


Tree=295
num_leaves=23
num_cat=18
split_feature=0 0 3 5 5 2 3 0 0 0 3 3 5 5 3 1 0 3 0 0 0 0
split_gain=1.8348 1.23918 1.04294 0.739838 0.946029 0.624096 3.70956 4.02202 3.30494 2.69791 4.95433 2.52818 2.42251 2.34463 1.99897 1.76546 1.71562 1.61195 7.81551 6.25236 3.35724 2.82861
threshold=0 1 2 3.7726948748059121 4.6491756246494491 3 4 5 6 7 8 9 2.524928003624769 3.3497501700808394 10 11 12 13 14 15 16 17
decision_type=9 9 9 8 10 9 9 9 9 9 9 9 8 8 9 9 9 9 9 9 9 9
left_child=-1 2 3 -2 -5 6 8 11 13 10 -7 -8 -10 -3 -15 16 -9 19 -19 -11 -20 -21
right_child=1 5 -4 4 -6 9 7 15 12 17 -12 -13 -14 14 -16 -17 -18 18 20 21 -22 -23
leaf_value=12.177552090131176 47.777321795504811 28.396774252995382 -4.9322386923433621 -32.232624007126795 59.708872663004094 6.4542635328798497 -23.632541185968911 16.354801195635371 -19.175965473541364 -22.36644258362994 -33.024216654443805 23.274270685378976 1.4047073728793111 -10.736724574005148 -47.683675683958278 2.2703306625735058 107.24263327111336 16.377154250768982 -15.796098893902561 13.737065185941447 1.4416691750028985 -1.3907268371670942
leaf_weight=105 45 79 548 51 38 493 989 576 81 1871 629 394 1222 256 222 414 571 1404 1734 1722 4935 4596
leaf_count=105 45 79 548 51 38 493 989 576 81 1871 629 394 1222 256 222 414 571 1404 1734 1722 4935 4596
internal_value=-4.40658e-05 -7.27646e-05 -0.00194524 0.0015411 -0.000741758 -1.41892e-05 0.000439161 0.00143099 -0.00112981 -0.000139687 -0.0022619 -0.00033871 0.000119772 -0.00399385 -0.00525 0.00298951 0.00390207 8.29544e-06 0.000459184 -0.000436227 -0.000185227 0.000241706
internal_weight=22975 22870 682 134 89 22188 4804 2944 1860 17384 1122 1383 1303 557 478 1561 1147 16262 8073 8189 6669 6318
internal_count=22975 22870 682 134 89 22188 4804 2944 1860 17384 1122 1383 1303 557 478 1561 1147 16262 8073 8189 6669 6318
cat_boundaries=0 12 24 26 27 29 42 55 68 70 72 74 76 89 91 105 119 132 146
cat_threshold=65536 2147483648 0 128 0 0 0 0 0 0 0 64 2147483712 1310784 2449473616 4160 64 4128 0 1073741824 0 2164271172 545456128 16908296 2286420032 144 240 3860187054 2416 262144 85996592 0 0 18415616 0 0 65536 536871936 4098 402653184 3678464 2147483668 32768 6148 0 0 32768 0 0 0 0 4104 402653184 2147483952 2048 4194304 52625412 1 512 8 2112 768 64 34820 1049634 0 3670016 2101376 51430418 84384 164106240 282764 536921604 2064 278900 3074 0 2052 1 0 134217728 64 0 0 0 8 0 32768 16392 334392344 247506 33554440 12288 536870912 4 268960512 16777472 128 49152 4096 67256320 503316480 6160 540929 1 35667976 12288 536870912 8196 1074266368 0 0 32768 4096 13254656 167772160 38928 1065221 1 16777232 8388608 1140854784 2097168 4 536870917 0 0 536870912 1073741848 1073741880 1284 8400418 16814100 8388608 4096 1 2148663300 4 0 0 536871936 1073774616 2097200 268435716 75508738 16
is_linear=0
shrinkage=0.045


Tree=296
num_leaves=23
num_cat=14
split_feature=0 0 5 3 5 5 5 5 5 4 5 1 0 5 0 3 3 0 3 3 0 0
split_gain=1.75738 1.54495 1.98298 1.55078 1.69352 1.67823 1.52996 1.29758 0.756279 0.833075 0.640806 1.48381 1.11931 0.877362 7.20951 4.21084 3.57493 2.31636 4.39232 2.05124 7.39782 5.74823
threshold=0 1 4.8481086751891054 2 4.3241107269113215 3.7726948748059121 3.6762205501217919 5.2176457913436556 3.1132683346437333 3 1.2424533248940004 4 5 3.1132683346437333 6 7 8 9 10 11 12 13
decision_type=9 9 10 9 8 10 10 10 10 1 8 9 9 8 9 9 9 9 9 9 9 9
left_child=-1 2 3 4 6 8 -2 -4 9 -5 11 -3 -13 14 16 -16 -12 18 -15 21 -21 -19
right_child=1 10 7 5 -6 -7 -8 -9 -10 -11 13 12 -14 17 15 -17 -18 19 -20 20 -22 -23
leaf_value=8.3943200001469442 -1.2541651664213349 -26.507373540506396 60.524608620548861 -4.108803274651291 -61.400411923495028 -32.912865284350538 182.28929959035753 -1.9599070782737908 4.3346338466582894 -51.257559661592417 -58.294461685852767 -22.826399655581735 46.167812962752507 6.7235074019513554 -71.380046252868624 -1.07332960746975 44.755822078061975 -14.303874163937252 -14.397532802621154 -6.1480940513499442 7.8166130951308146 1.3494391831396568
leaf_weight=111 47 106 67 79 38 192 45 111 105 56 105 101 323 582 575 907 363 1971 1474 2805 5868 6944
leaf_count=111 47 106 67 79 38 192 45 111 105 56 105 101 323 582 575 907 363 1971 1474 2805 5868 6944
internal_value=-5.97336e-05 -8.85207e-05 -0.00209441 -0.00343085 0.000950704 -0.00466216 0.00430851 0.002 -0.0022314 -0.00443431 -2.03289e-05 0.00152256 0.00268349 -5.83441e-05 -0.000968238 -0.0025 0.00384375 3.20676e-05 -0.00139265 0.000199432 0.00069171 -0.000279769
internal_weight=22975 22864 740 562 130 432 92 178 240 135 22124 530 424 21594 1950 1482 468 19644 2056 17588 8673 8915
internal_count=22975 22864 740 562 130 432 92 178 240 135 22124 530 424 21594 1950 1482 468 19644 2056 17588 8673 8915
cat_boundaries=0 13 26 28 29 31 44 58 60 62 75 77 79 93 107
cat_threshold=0 2147483648 0 128 0 0 0 64 0 0 0 64 2097152 64 1376256 301990096 4160 72 6176 0 1073774592 0 2164262980 8585216 268568584 1179648 2155872272 4 4 526352 520 0 0 0 0 0 0 0 0 0 0 0 2098432 28 2151677952 2084 536870912 0 8519680 0 0 73728 0 4096 939528320 1280 0 4 1242726992 98984 138428418 69632 2151940104 2230320 603979777 16 1073774592 321 128 8192 34944 2097664 536875008 16777233 384 1108553810 305176 2730439728 395476 52428801 1182797888 0 0 134283520 570425344 0 66560 536870916 524288 1073741824 2148540420 2155913220 1 1082195988 1028 0 2105348 1703936 0 0 402653184 0 8393745 452984976 384 16898 4
is_linear=0
shrinkage=0.045


Tree=297
num_leaves=23
num_cat=10
split_feature=0 3 5 0 5 3 5 5 5 5 5 5 5 5 3 0 0 4 0 3 5 5
split_gain=1.74176 2.42449 1.77489 1.60061 1.38125 1.12641 0.936691 0.738227 0.914416 0.861887 0.725872 0.784279 0.691327 1.0938 0.538961 5.22095 2.57949 3.25509 1.72156 4.60433 1.34892 1.36717
threshold=0 1 5.0782890901091458 2 4.0859410030639109 3 2.9174053685313028 5.0072908000208587 3.7726948748059121 3.1567740231385479 4.4716224665663962 3.4811217321331038 4.0163424379838117 4.7578820629520608 4 5 6 7 8 9 3.6762205501217919 3.5408542930527882
decision_type=9 9 10 9 10 9 10 8 10 10 10 10 10 10 9 9 9 1 9 9 10 8
left_child=1 10 4 5 -3 6 -2 8 9 -7 11 -1 -8 -14 15 -5 20 -18 19 -16 21 -17
right_child=3 2 -4 14 -6 7 12 -9 -10 -11 -12 -13 13 -15 18 16 17 -19 -20 -21 -22 -23
leaf_value=3.9784763579119677 -91.807213341129682 -0.82672256049649151 -65.154411720557249 9.5387839876552611 9.2108728272721603 -8.2557119647301249 64.42588674742683 -0.60463774086652844 -25.172602765859956 9.5525760605913455 0.48110622029777006 87.166981966621464 -13.020082756398041 78.675682811018703 26.704506227903892 -52.442684886154765 -78.17705104121201 -2.5919147382387018 -0.33130847860282298 -3.2672473970118516 -30.523501452309574 -140.27617097261125
leaf_weight=79 45 323 35 1153 136 80 62 135 157 74 67 71 58 59 838 96 78 1395 16744 1068 178 44
leaf_count=79 45 323 35 1153 136 80 62 135 157 74 67 71 58 59 838 96 78 1395 16744 1068 178 44
internal_value=-2.64395e-05 0.0021473 0.000355731 -9.69653e-05 0.00112256 -0.0022434 0.000381356 -0.00353712 -0.00481629 -0.00230769 0.00599345 0.00799342 0.00186464 -0.000189076 -2.91586e-05 -0.000593708 -0.00210899 -0.00128788 6.02829e-05 0.00133733 -0.00572727 -0.00919014
internal_weight=22975 711 494 22264 459 670 224 446 311 154 217 150 179 117 21594 2944 1791 1473 18650 1906 318 140
internal_count=22975 711 494 22264 459 670 224 446 311 154 217 150 179 117 21594 2944 1791 1473 18650 1906 318 140
cat_boundaries=0 13 15 28 30 32 46 59 60 73 75
cat_threshold=131080 3221225472 4096 32900 262656 0 64 268436544 557064 17825824 40 268435520 10485760 4245026 137216 65600 1376256 2449473744 4160 64 6176 0 1073741824 65536 2147485700 547422208 131080 1179650 147325440 28 845414436 163905 1107329024 16780320 1073741824 2097152 524288 0 0 65536 536870912 1086328840 33558528 2147516932 2147516965 1 0 67117056 0 0 1081344 0 0 8192 0 558082 402653184 1050752 67108864 1 25165828 33685568 0 16 3222388736 16777216 512 16384 4224 67166224 419430400 1050753 278528 3239627338 6928
is_linear=0
shrinkage=0.045


Tree=298
num_leaves=23
num_cat=12
split_feature=0 3 0 0 1 5 5 5 1 3 0 0 5 5 3 5 5 4 5 5 4 5
split_gain=1.75736 2.36965 1.85616 1.45633 1.15358 0.763172 0.700738 1.07189 0.699132 2.21831 2.10976 1.71326 1.34324 1.77208 1.03072 1.13761 0.921689 0.875505 1.40626 0.944393 0.837437 0.694959
threshold=0 1 2 3 4 3.8606743063089755 3.3140206880897671 4.5379471377116305 5 6 7 8 4.4127799275304271 4.2268071048866842 9 4.7317931335534196 3.6762205501217919 10 4.4601277074540464 3.9415346756528771 11 5.1619206365690227
decision_type=9 9 9 9 9 8 8 10 9 9 9 9 10 8 9 10 8 1 10 10 1 10
left_child=1 2 -1 6 -3 -4 -2 -8 9 10 14 12 13 -11 15 -5 -13 -12 19 -19 -16 -20
right_child=3 4 5 8 -6 -7 7 -9 -10 11 17 16 -14 -15 20 -17 -18 18 21 -21 -22 -23
leaf_value=77.406976362128617 -0.34492314641287519 -0.09137769999360898 23.133269741379991 9.2708532212141286 -30.188144846638096 -15.767221773725542 16.655964480162893 -4.2437604026244662 -0.20516935353545704 -1.2194005288556582 284.35502207386315 53.168497762568805 89.704880432082859 -177.04675017737767 -3.7882281739354218 -63.939043844069019 22.10620614880645 0.05410987310071505 -94.500057774543819 153.74160298112125 -31.622915632704569 0.79526812717434947
leaf_weight=107 58 106 87 63 272 181 132 55 20637 111 85 93 113 38 68 43 387 89 52 45 118 35
leaf_count=107 58 106 87 63 272 181 132 55 20637 111 85 93 113 38 68 43 387 89 52 45 118 35
internal_value=-2.64395e-05 -0.00214706 0.000406977 4.65503e-05 -0.00461538 -0.00160714 0.0034144 0.00488095 7.16267e-06 0.000998521 -0.00103279 0.00262599 -0.000328467 -0.00312914 -0.00370066 0 0.00420732 0.0015566 0.000100897 0.00297794 -0.00568182 -0.00429775
internal_weight=22975 753 375 22222 378 268 245 187 21977 1340 598 742 262 149 292 106 480 306 221 134 186 87
internal_count=22975 753 375 22222 378 268 245 187 21977 1340 598 742 262 149 292 106 480 306 221 134 186 87
cat_boundaries=0 13 15 28 41 43 45 47 56 67 69 70 71
cat_threshold=16842816 2424832 301994192 4160 2147483648 16781376 64 0 65536 2147493892 545325056 131080 1179650 147330096 8356 0 2097152 4096 0 0 16777280 0 0 0 2048 0 0 1048576 0 2147483648 0 128 512 0 0 64 0 1048608 32 64 2097152 21 896 2684354656 384 2296926272 172470 0 25165824 1073741825 4 0 0 0 0 32768 0 100663296 2751463424 17 0 0 0 0 0 0 131072 4194304 132 2 2
is_linear=0
shrinkage=0.045


Tree=299
num_leaves=23
num_cat=11
split_feature=0 3 5 0 5 4 5 5 5 1 3 0 5 0 0 5 5 5 5 5 0 3
split_gain=1.62047 2.20314 1.65188 1.46247 1.05337 0.91155 0.896544 1.1524 1.47918 0.751876 2.07183 1.60865 1.60673 1.03183 0.899389 0.678109 1.2995 0.802548 0.674977 1.26109 0.635956 4.41353
threshold=0 1 5.7446031891748186 2 4.7405652883788738 3 4.1510089048756029 3.9796379800581989 3.7256208424938388 4 5 6 5.8126357624008849 7 8 5.3205649864913136 4.816232960488728 3.2384861814448418 4.9308638091439496 4.166635176627655 9 10
decision_type=9 9 8 9 10 1 10 10 10 9 9 9 10 9 9 8 10 10 10 8 9 9
left_child=1 2 4 -2 -1 15 7 8 -7 10 12 -12 14 -13 -5 16 17 -3 19 -15 21 -11
right_child=3 5 -4 9 -6 6 -8 -9 -10 20 11 13 -14 18 -16 -17 -18 -19 -20 -21 -22 -23
leaf_value=5.3250046848671264 10.087810167234419 -65.413694615744859 -41.45849513921268 3.9812505309073094 94.971333560029933 -3.7608082753865526 -18.0439330662091 26.445778440796946 -121.26675294437526 78.285739027153681 -12.365801519370105 -7.6959976864319835 -23.447571561537188 155.70379773578898 93.893025519136714 84.209694156066917 -157.81028210785487 4.7224524482496051 426.21059702241655 -60.954896676271382 -0.38405379263786016 -1.4633906268569079
leaf_weight=113 111 38 35 130 72 162 202 38 39 210 268 140 37 82 271 40 36 111 36 47 19857 900
leaf_count=113 111 38 35 130 72 162 202 38 39 210 268 140 37 82 271 40 36 111 36 47 19857 900
internal_value=-3.03564e-05 -0.00190423 0.00193966 4.58124e-05 0.00372995 -0.00318584 -0.00441874 -0.00252075 -0.00387931 1.84175e-05 0.00120968 -0.000576923 0.0035 0.00163249 0.00441067 -0.00089207 -0.00204545 -0.000149007 0.00394068 0.00257634 -3.96825e-05 0.00100267
internal_weight=22975 886 220 22089 185 666 441 239 201 21978 1011 573 438 305 401 225 185 149 165 129 20967 1110
internal_count=22975 886 220 22089 185 666 441 239 201 21978 1011 573 438 305 401 225 185 149 165 129 20967 1110
cat_boundaries=0 13 15 27 28 30 32 36 47 51 65 67
cat_threshold=16842816 3224698880 1442844816 4672 0 4096 0 0 0 2147502084 612433920 8 1179650 138429456 73728 0 0 0 132 0 0 0 64 0 0 0 64 2 96 128 2207552048 2200 0 25165824 2147483649 16 0 67239936 0 0 0 0 0 0 0 0 131072 0 16908288 536870912 1 131085 0 0 32768 279040 288 64 268436480 528392 1158676480 1090519080 268566560 10489856 1 135823394 2560
is_linear=0
shrinkage=0.045


Tree=300
num_leaves=23
num_cat=13
split_feature=0 0 2 0 5 5 1 0 0 3 5 5 5 5 0 3 5 0 3 3 5 5
split_gain=1.54743 1.28155 1.0759 0.646028 0.762222 0.94662 0.584021 1.74751 2.52172 1.42538 0.625491 0.597323 1.21665 1.34777 0.579572 5.04286 1.02849 0.971863 1.73626 1.73136 1.05171 0.956237
threshold=0 1 2 3 4.5591125415341898 3.0677824455408698 4 5 6 7 5.173316863805991 4.9308638091439496 4.4005842009683471 4.0342014792848504 8 9 1.2424533248940004 10 11 12 2.602003343538398 3.9796379800581989
decision_type=9 9 9 9 10 8 9 9 9 9 8 8 10 10 9 9 8 9 9 9 10 8
left_child=2 -2 -1 4 5 -4 7 9 -9 -3 -10 12 13 -11 15 21 -17 19 -19 -18 -20 -8
right_child=1 6 3 -5 -6 -7 14 8 10 11 -12 -13 -14 -15 -16 16 17 18 20 -21 -22 -23
leaf_value=13.410652463281584 16.620451084712766 10.181172069475942 14.759557915336226 -11.616998051752889 7.7016105190210142 -28.356591430925036 3.5785080048355482 -0.056792167651619818 126.5789455168859 -0.46369522064705959 342.11591031598095 -15.559698754596283 43.668644226038666 -117.41546579098558 -0.39697234902683703 45.935319296583415 55.208725417741093 -60.201773375771737 -157.45801608127218 -4.8189235897651814 2.6240428303751102 65.248029891151859
leaf_weight=107 109 211 37 259 78 108 134 280 182 87 43 138 72 44 19842 37 104 129 37 463 239 235
leaf_count=107 109 211 37 259 78 108 134 280 182 87 43 138 72 44 19842 37 104 129 37 463 239 235
internal_value=-3.03564e-05 3.01366e-05 -0.00228369 -0.00318826 -0.00124468 -0.00321429 5.04733e-06 0.00103134 0.00291586 -0.000718085 0.00636076 -0.00248584 -0.000987805 -0.00355263 -4.66277e-05 0.000841727 -0.000815377 -0.00110883 -0.0027518 0.00011658 -0.000625 0.00525591
internal_weight=22975 22386 589 482 223 145 22277 1057 505 552 225 341 203 131 21220 1378 1009 972 405 567 276 369
internal_count=22975 22386 589 482 223 145 22277 1057 505 552 225 341 203 131 21220 1378 1009 972 405 567 276 369
cat_boundaries=0 13 26 27 40 42 53 57 59 73 75 88 90 92
cat_threshold=64 1076166656 3590324432 4688 0 4096 0 0 0 2147483652 545325056 8 1179648 0 0 0 4 0 0 0 268435456 0 0 0 64 2097152 48 64 2097152 1342177280 0 0 0 0 0 0 2147483648 536936448 0 1048576 96 128 0 75497472 536875009 0 0 0 0 0 0 0 131072 0 17956864 0 1 4199952 4232 196621 0 0 32768 278528 32 64 1024 528392 1160773648 1090519048 268599328 8400896 1 140317734 10832 65549 0 0 0 0 0 0 0 4104 84934672 16777216 32768 8192 2155889296 32 2155888640 32
is_linear=0
shrinkage=0.045


Tree=301
num_leaves=23
num_cat=15
split_feature=0 2 0 5 5 5 3 5 1 3 5 0 0 3 5 5 4 3 0 0 0 0
split_gain=2.17741 1.32229 0.90406 0.646783 0.628869 1.22437 0.81777 0.63011 0.579587 2.47647 2.15307 3.97636 1.84368 1.38765 1.11404 1.80257 1.04066 0.598936 5.18976 4.74724 3.514 3.34278
threshold=0 1 2 3.7256208424938388 4.8713658868283671 5.1619206365690227 3 4.0342014792848504 4 5 1.7005986908310777 6 7 8 5.4909995847486188 4.945201156493737 9 10 11 12 13 14
decision_type=9 9 9 10 8 8 9 10 9 9 10 9 9 9 8 10 1 9 9 9 9 9
left_child=1 -1 3 -2 6 -6 7 -3 9 12 -11 13 16 -12 15 -14 -4 19 -19 -10 -20 -21
right_child=2 4 8 -5 5 -7 -8 -9 17 10 11 -13 14 -15 -16 -17 -18 18 20 21 -22 -23
leaf_value=12.807173102433953 1.0213740901892197 14.095377809146157 -1.5632482514662478 82.77140441511375 57.890549229644094 -27.679498430448454 -9.9089082869084439 -33.673679570622113 12.846477589921051 -55.523386063418727 73.732260818629655 174.09454394090199 3.6467154741296324 -3.1953707603645305 109.25593535188963 -61.710605046927483 -52.078704282517393 28.911956162714194 -15.699558072945873 -17.290379412635176 0.29529540852345232 -1.1313029749684027
leaf_weight=121 68 65 50 67 44 118 246 40 1021 37 130 194 185 285 51 56 88 1228 844 1342 8355 8340
leaf_count=121 68 65 50 67 44 118 246 40 1021 37 130 194 185 285 51 56 88 1228 844 1342 8355 8340
internal_value=-7.14845e-05 -0.00264706 3.01973e-06 0.00352041 -0.00364286 -0.00137195 -0.00478045 -0.000961538 -2.02538e-05 0.000992647 0.00273556 0.00342471 -0.00162896 0.000790398 0.000444079 -0.000833333 -0.0057 -7.23678e-05 0.000170275 -0.000308679 -0.000197861 -0.000617392
internal_weight=22975 634 22341 135 513 162 351 105 22206 1076 646 609 430 415 292 241 138 21130 10427 10703 9199 9682
internal_count=22975 634 22341 135 513 162 351 105 22206 1076 646 609 430 415 292 241 138 21130 10427 10703 9199 9682
cat_boundaries=0 13 14 26 28 30 32 36 40 42 43 45 58 72 86 99
cat_threshold=131136 3223650304 2516586704 4816 0 4128 0 268435456 0 2164260868 8388608 8 1179648 48 65536 0 0 0 262144 0 64 0 0 1048576 0 64 2160590848 12 96 128 143152194 148116 0 92405760 1 1 0 0 1610612737 4 34603024 4096 2 3069570616 35024 1084264448 16384 0 0 49152 64 256 49152 4096 69354512 536870952 4129 69222789 17055773 1088 0 32768 269549836 536870912 640 0 2048 2080 2101248 532484 8396800 3 17039389 1088 0 0 269484812 33554433 640 64 2048 2817 2097152 532484 8192 1 1088458752 0 0 0 1073774592 64 0 32768 103432 67256336 536870944 4129 69222791
is_linear=0
shrinkage=0.045


Tree=302
num_leaves=23
num_cat=16
split_feature=0 3 0 5 3 0 5 0 3 3 0 5 5 5 0 1 3 0 5 3 0 3
split_gain=2.07007 2.06489 1.09027 0.948963 0.915345 0.799043 0.709817 0.616945 4.92064 1.40553 1.28346 1.63151 1.14809 0.917053 1.10897 0.780822 2.94402 2.31693 1.91821 1.87246 1.48576 0.876557
threshold=0 1 2 5.6507317092149298 3 4 4.3630783395783075 5 6 7 8 6.0461887465411452 3.3842466058243152 5.5816130673839615 9 10 11 12 5.5664324555418956 13 14 15
decision_type=9 9 9 8 9 9 8 9 9 9 9 8 10 8 9 9 9 9 8 9 9 9
left_child=1 -1 6 4 -3 -6 -2 8 10 -10 12 -12 -4 14 -11 16 20 18 19 -18 -9 -17
right_child=2 3 7 -5 5 -7 -8 15 9 13 11 -13 -14 -15 -16 21 17 -19 -20 -21 -22 -23
leaf_value=55.044879561469784 15.50579398670612 -0.068504378615180023 -84.859141169114636 1.9343946604004667 -2.5766581665943704 -21.076355337288877 -18.986634038455648 3.0956318312031725 26.900043716589824 -59.406800802221277 -37.722207917313355 13.019360194247856 39.423974217732031 29.311103629740828 0.46329114440572083 -1.2857849763412741 2.9732721454971034 104.01821803416293 8.1190609809757728 -46.889106585273801 113.35966401083782 0.83886785693293853
leaf_weight=104 97 122 42 83 114 254 36 112 132 106 259 41 101 178 524 10596 121 172 65 182 138 9396
leaf_count=104 97 122 42 83 114 254 36 112 132 106 259 41 101 178 524 10596 121 172 65 182 138 9396
internal_value=-8.51939e-05 -0.00251451 -1.00852e-05 -0.00357692 -0.00439024 -0.00544737 0.00387931 -3.55098e-05 -0.000951613 0.000898109 -0.0047967 -0.00649038 -0.00101613 0.000164634 -0.000640823 2.5969e-05 0.00140274 -0.00048913 -0.00248684 -0.00405738 0.00532443 -2.92442e-05
internal_weight=22975 677 22298 573 490 368 133 22165 1383 940 443 300 143 808 630 20782 790 540 368 303 250 19992
internal_count=22975 677 22298 573 490 368 133 22165 1383 940 443 300 143 808 630 20782 790 540 368 303 250 19992
cat_boundaries=0 13 15 27 29 39 52 54 56 69 82 83 85 89 91 95 97
cat_threshold=16384 2148859968 3825205456 4816 4 0 64 0 0 20 8454144 4104 131072 2152497152 139264 1 0 0 0 262144 0 0 64 0 1048576 0 64 82440 4096 0 64 3288334336 0 4 0 0 0 0 4 200768 69222400 33558528 2097152 16809992 33558561 0 17408 2048 2231369729 1610743808 524289 1048610 3910435392 328584 37754884 8192 65536 2097152 0 2097152 16777216 0 0 0 0 0 1073872896 1 2 0 0 0 0 32768 0 0 0 0 0 0 1 34 96 1125418608 528 0 25296896 1 4 2147483648 6308 0 1107296256 1 1 3019828796 10304
is_linear=0
shrinkage=0.045


Tree=303
num_leaves=23
num_cat=16
split_feature=0 3 0 0 5 5 1 3 5 3 0 5 3 0 0 3 0 3 5 3 5 0
split_gain=2.4093 1.82742 0.985122 0.903309 0.998599 0.882504 0.757222 2.77709 2.03761 1.49496 1.30303 1.24771 0.796829 5.88793 4.44232 2.87303 2.4644 2.74731 2.26772 2.17941 2.12381 2.12114
threshold=0 1 2 3 3.0677824455408698 5.173316863805991 4 5 4.5053345884235583 6 7 5.5816130673839615 8 9 10 11 12 13 2.9174053685313028 14 5.5154408213148463 15
decision_type=9 9 9 9 8 8 9 9 10 9 9 10 9 9 9 9 9 9 8 9 8 9
left_child=1 -1 5 4 -2 -3 7 10 9 -9 -5 -10 14 19 15 -8 17 18 -16 -14 -17 -15
right_child=3 2 -4 6 -6 -7 12 8 11 -11 -12 -13 13 21 16 20 -18 -19 -20 -21 -22 -23
leaf_value=-21.835964964053854 -4.8446594504214042 -0.39978129500690557 -3.086832162612227 -14.387741820077789 39.650746917090416 258.67318358983539 1.8597427405112921 -9.0010976968001337 -23.226482349069627 27.822592681155875 44.83392156879421 4.5665156996775842 6.5479755149569971 4.0352099812257798 -15.291315515284076 -49.388070066673244 -1.0505080592137528 0.80851684140739954 55.120319235377607 59.635348066933872 -0.18898238459658387 -2.9509544673741948
leaf_weight=266 44 168 236 115 102 42 330 109 247 185 436 62 665 2773 36 657 8044 869 419 409 196 6565
leaf_count=266 44 168 236 115 102 42 330 109 247 185 436 62 665 2773 36 657 8044 869 419 409 196 6565
internal_value=-5.58167e-05 -0.0026105 -0.000786026 2.72727e-05 0.00341772 0.00141892 3.0503e-06 0.00111921 -0.000987805 0.0016723 0.00339698 -0.00354502 -5.89988e-05 0.000220165 -0.000334422 -0.00291841 -4.79744e-06 0.00178518 0.00457709 0.00335635 -0.00429191 -0.000144385
internal_weight=22975 712 446 22263 146 210 22117 1154 603 294 551 309 20963 10412 10551 1183 9368 1324 455 1074 853 9338
internal_count=22975 712 446 22263 146 210 22117 1154 603 294 551 309 20963 10412 10551 1183 9368 1324 455 1074 853 9338
cat_boundaries=0 13 15 19 32 34 36 38 49 51 64 78 80 94 96 98 111
cat_threshold=0 3255828544 3858759888 4309 4 4128 64 0 0 4 8454144 8 131072 159465986 6148 0 2181038080 1610612736 149 131072 0 0 0 262144 0 0 1073741824 0 0 0 64 32 2147516512 128 169117232 2956 540672 69664 0 67239936 0 0 0 0 0 0 0 0 131072 3006721592 35288 1082179584 16384 0 268435456 0 64 0 32768 36864 1196033 805306392 36897 3166469 1082183680 65536 0 2097152 1073741824 64 256 32768 36864 67256337 536870928 36865 3162501 16 554083328 320 5 1024 0 32768 269681152 536871172 640 268435456 4 32768 16781312 1049220 8194 7 2164278312 2304 134807620 283140 2101264 69632 0 8192 8962112 16777216 0 65536 65536 78122072 33554560 0 8914576
is_linear=0
shrinkage=0.045


Tree=304
num_leaves=23
num_cat=15
split_feature=0 3 0 5 5 0 5 2 3 0 3 3 0 5 5 3 5 0 1 3 0 5
split_gain=1.98128 2.52738 1.42013 1.13806 2.27991 1.10566 1.27326 0.737647 1.84397 1.00607 4.01646 1.56503 1.29371 1.40577 1.28649 1.32269 1.126 1.11978 1.11722 2.13487 1.96881 1.66191
threshold=0 1 2 4.5798392285869785 3.7726948748059121 3 3.7726948748059121 4 5 6 7 8 9 6.0124911652234827 4.5379471377116305 10 5.4094089116575796 11 12 13 14 4.5053345884235583
decision_type=9 9 9 10 10 9 10 9 9 9 9 9 9 10 8 9 10 9 9 9 9 10
left_child=1 -1 -3 4 -4 6 -2 8 -7 10 14 12 -12 -14 -9 -16 -17 -13 19 21 -21 -11
right_child=5 2 3 -5 -6 7 -8 9 -10 18 11 17 13 -15 15 16 -18 -19 -20 20 -22 -23
leaf_value=-15.502351672567166 1.4298123523446156 35.754718961021645 1.8321868386208371 71.222608184237572 -36.417671677414035 212.12207802947253 148.94349059101779 -39.699090949388754 0.84462031976945584 29.539083196615536 -74.500229264041621 -0.71718143356287323 5.0715258658576206 -116.08661705091238 9.2596771935399378 -22.276947108587919 -66.1737080032254 28.303302485982858 -0.16753327614840599 1.4590208412110224 61.929953645182906 -20.697309029155804
leaf_weight=318 66 115 86 61 72 111 43 422 626 105 103 129 473 40 134 117 37 202 19160 219 217 119
leaf_count=318 66 115 86 61 72 111 43 422 626 105 103 129 473 40 134 117 37 202 19160 219 217 119
internal_value=-8.51939e-05 -0.00250753 0.000260116 -0.00185065 -0.0039375 -1.3096e-05 0.00427686 -3.64438e-05 0.0013518 -8.48108e-05 -0.0011459 0.000774244 -0.000573248 0.000385714 -0.00367729 -0.00139655 -0.00406627 0.00321429 4.53812e-06 0.00180804 0.00361607 -0.0017161
internal_weight=22975 652 334 219 158 22323 109 22214 737 21477 1657 947 616 513 710 288 154 331 19820 660 436 224
internal_count=22975 652 334 219 158 22323 109 22214 737 21477 1657 947 616 513 710 288 154 331 19820 660 436 224
cat_boundaries=0 13 15 26 40 41 43 56 58 60 72 74 87 89 91 94
cat_threshold=131072 3222536192 3858759888 4689 512 2080 64 1073774592 0 4 8454144 8 2228224 159400976 21124 0 262144 536870912 1 0 0 0 32768 0 0 65536 0 0 0 0 262144 0 0 0 524288 0 0 131136 1048576 16 96 16777232 32 65604 102842368 268439552 2097280 1073741824 33558529 128 268435456 6144 2231502851 536870912 2621456 2 2836971556 199592 12583504 4100 4 0 0 0 0 4096 128 0 4096 0 536870912 2097152 16826368 136 0 33554432 0 2097152 0 0 0 0 0 2 0 16 2 96 128 2148013058 90264 0 8519680 1
is_linear=0
shrinkage=0.045


Tree=305
num_leaves=23
num_cat=19
split_feature=0 3 4 0 2 1 3 0 0 0 3 3 1 5 1 1 5 5 3 0 3 3
split_gain=2.14028 3.35826 1.11148 1.06261 0.697846 0.686434 0.630039 5.6494 2.88958 2.35006 3.79096 2.14119 2.35396 2.00307 1.78989 1.66251 1.53966 1.47241 2.64149 1.6926 3.13764 1.44343
threshold=0 1 2 3 4 5 6 7 8 9 10 11 12 4.3882378946731615 13 14 4.4601277074540464 6.462248816637195 15 16 17 18
decision_type=9 9 1 9 9 9 9 9 9 9 9 9 9 8 9 9 8 10 9 9 9 9
left_child=1 2 -1 -2 -3 -5 7 -7 -9 10 16 12 -10 -14 -13 21 -8 19 -19 20 -17 -11
right_child=3 4 -4 5 -6 6 9 8 11 15 -12 14 13 -15 -16 17 -18 18 -20 -21 -22 -23
leaf_value=3.3353375603604216 32.573232705361931 -14.663385413940086 158.62162760771432 24.743405274507349 -4.2495170099727329 29.329305557555472 2.8593001572160572 -0.53576243737625184 -0.30145019324278111 -130.00999968134846 12.742220633179494 -25.729293632169828 -72.45414232859504 -138.40253247016071 0.26953850619240255 -21.01541295410123 -29.513949220790309 82.998209672998811 -3.4988315799162955 0.31484768713722588 1.2938293106587662 -3.8189696063728116
leaf_weight=168 124 304 43 108 165 676 564 1791 113 106 722 493 165 88 516 1021 377 219 406 13401 1146 259
leaf_count=168 124 304 43 108 165 676 564 1791 113 106 722 493 165 88 516 1021 377 219 406 13401 1146 259
internal_value=-7.14845e-05 -0.00253613 0.00211883 5.04326e-06 -0.00463098 -1.92715e-05 -3.77123e-05 -0.000560457 -0.00135935 7.28075e-05 0.0016791 -0.00290375 -0.00583333 -0.00823585 -0.00178501 -8.96198e-05 -0.000212487 -2.08269e-05 0.00211722 -0.000106936 -0.00127008 -0.00304377
internal_weight=22975 680 211 22295 469 22171 22063 3842 3166 18221 1663 1375 366 253 1009 16558 941 16193 625 15568 2167 365
internal_count=22975 680 211 22295 469 22171 22063 3842 3166 18221 1663 1375 366 253 1009 16558 941 16193 625 15568 2167 365
cat_boundaries=0 13 15 16 30 31 33 35 49 62 75 77 79 81 83 85 87 101 103 105
cat_threshold=196672 3222536192 4127195280 4693 512 2081 64 0 0 2147483652 65536 131080 131072 38633984 204840 4 0 0 0 0 0 0 0 1073741824 0 131072 0 64 0 16 69 64 128 858103848 139586 1073741824 131088 0 0 524288 536871936 0 0 34820 1078465536 33558544 8196 2147517441 5 44072960 36 1 2097152 142606336 0 0 65536 536870912 8421400 16777216 2150106880 67119660 8388628 9216 0 268443648 2147500352 0 640 0 589824 19950082 40 4225 1314944 3234467920 16548 539230208 131138 28 32 524568 1061 268705794 16 138953730 16388 1075871744 213008 4096 32768 1342210060 50337536 0 0 4096 67108896 2101264 8196 2148040704 4 2152202774 311984 4720128 16520
is_linear=0
shrinkage=0.045


Tree=306
num_leaves=23
num_cat=16
split_feature=0 3 0 3 0 5 5 5 5 2 0 0 3 5 0 5 3 1 0 3 3 4
split_gain=2.5407 2.46149 2.0496 1.20003 0.879752 1.08101 0.829268 0.842105 0.776894 0.671763 2.06797 1.99852 2.72066 1.92626 1.8934 1.81334 1.78547 3.05328 2.74436 1.82427 1.76113 1.5867
threshold=0 1 2 3 4 4.3757372435704527 3.5972184255501678 4.3757372435704527 3.795426061844291 5 6 7 8 3.5408542930527882 9 3.1132683346437333 10 11 12 13 14 15
decision_type=9 9 9 9 9 8 10 10 10 9 9 9 9 8 9 10 9 9 9 9 9 1
left_child=1 -1 -2 6 -5 8 -3 -8 -6 10 15 12 -11 -14 -15 -4 18 -18 20 -19 -12 -13
right_child=2 3 9 4 5 -7 7 -9 -10 11 16 21 13 14 -16 -17 17 19 -20 -21 -22 -23
leaf_value=-33.028969087548482 26.504135461780859 54.053344210157007 3.8389357713974093 3.9404857058244667 -5.6545635154964833 -1.094460562825152 -15.336271441089011 100.79467010221437 -13.711019563336013 63.690805142651698 12.72106482857267 -46.883376957760156 -31.988421674943456 -21.988614367282754 27.446649820231176 -53.736124459015919 -0.076045809021343294 1.9399574026318622 -18.758684503257662 61.266967480865823 -3.9802094328130622 0.18568135895480736
leaf_weight=222 105 49 110 123 61 104 36 36 41 327 524 230 162 174 313 275 2069 156 1608 243 513 15494
leaf_count=222 105 49 110 123 61 104 36 36 41 327 524 230 162 174 313 275 2069 156 1608 243 513 15494
internal_value=-6.16921e-05 -0.00276316 2.11741e-05 -0.000779221 -0.00217742 -0.00392202 0.00287594 0 -0.00735577 -1.01306e-05 -0.000441016 0.000131941 0.00209514 0.000374433 0.00179448 -0.00357053 -0.000197561 0.000671371 -0.00100772 0.00421533 0.000793613 8.57905e-06
internal_weight=22975 672 22303 450 329 206 121 72 102 22198 5498 16700 976 649 487 385 5113 2468 2645 399 1037 15724
internal_count=22975 672 22303 450 329 206 121 72 102 22198 5498 16700 976 649 487 385 5113 2468 2645 399 1037 15724
cat_boundaries=0 13 15 27 29 37 38 51 64 66 79 81 83 96 98 100 101
cat_threshold=131072 3222536192 3858759824 268440277 2147483648 2080 64 1073741824 0 4 65536 131080 393216 25165826 21012 0 0 0 32768 0 0 384 1024 0 0 0 64 4980736 196648 0 262144 536870912 5 0 2048 0 1073741824 3 14778368 0 0 0 134217728 0 0 73728 0 2155888656 16777216 0 1049600 8425492 64 0 0 16777216 0 0 16384 524296 24928 16777216 4608 9970688 140133394 264704 4096 0 0 0 0 0 0 16384 0 0 16777216 0 8396800 1130791954 479303 529432 3124 0 0 0 0 131076 0 0 0 0 1073742080 136 2415956868 32773 2684895240 160 17039378 151618 1
is_linear=0
shrinkage=0.045


Tree=307
num_leaves=23
num_cat=20
split_feature=0 3 0 1 5 0 5 2 0 3 3 0 0 3 0 3 0 3 3 0 0 0
split_gain=2.0615 1.93484 1.46173 1.23002 2.18621 1.00138 0.851328 0.578726 3.70173 4.22674 3.42591 3.04225 2.99689 2.78073 2.04898 3.85681 1.87901 1.79791 1.57402 7.03183 5.94722 2.58305
threshold=0 1 2 3 4.1971736807086968 4 3.4175922930736511 5 6 7 8 9 10 11 12 13 14 15 16 17 18 19
decision_type=9 9 9 9 8 9 10 9 9 9 9 9 9 9 9 9 9 9 9 9 9 9
left_child=1 5 -2 4 6 -1 -3 8 10 11 -4 -10 13 -11 15 -9 -15 -13 20 -20 -16 -22
right_child=2 3 7 -5 -6 -7 -8 14 9 12 -12 17 -14 16 18 -17 -18 -19 19 -21 21 -23
leaf_value=-0.75130197828673773 4.8110488010620243 43.465657568798413 -58.490103653109855 -1.5787932203176023 120.64039608219099 -32.717110909911462 -20.335206068258557 -70.057686031912837 -40.918923581633933 -53.929856309498568 105.82428662084443 1.5945596944600402 20.415988895070768 36.772878552731015 -22.231192932687261 -0.72850047459665801 -19.234488543654734 -27.587844968800855 21.677967881130353 -0.72033283055632635 14.95336018583388 -1.6558564703920819
leaf_weight=108 142 38 110 196 56 254 41 238 529 269 414 1210 1501 262 1433 495 139 380 1360 7073 1349 5378
leaf_count=108 142 38 110 196 56 254 41 238 529 269 414 1210 1501 262 1433 495 139 380 1360 7073 1349 5378
internal_value=-6.16921e-05 -0.00245745 1.41294e-05 6.55977e-05 0.00321429 -0.00469251 -0.00138889 -1.62514e-05 0.000419602 -2.09205e-05 0.0039459 -0.0014465 0.00137082 -0.0011217 -0.000137559 -0.00244631 0.00125303 -0.000449438 -3.38753e-05 0.00039698 -0.000479075 8.34694e-05
internal_weight=22975 693 22282 331 135 362 79 22140 4814 4290 524 2119 2171 670 17326 733 401 1590 16593 8433 8160 6727
internal_count=22975 693 22282 331 135 362 79 22140 4814 4290 524 2119 2171 670 17326 733 401 1590 16593 8433 8160 6727
cat_boundaries=0 13 15 27 29 39 40 53 55 57 69 82 84 98 100 113 115 117 130 143 157
cat_threshold=16448 3222274112 905969808 4308 4 2080 64 1073758208 0 2164260932 536936448 131080 131072 159400466 6284 8388608 0 0 268435456 0 0 256 0 0 16 0 64 64 1282 0 64 268435456 0 4 2048 0 16384 0 16777220 240 2097152 81920 1 512 134217984 536870912 0 8192 0 524288 1107296256 1049600 2155913732 3273492392 18740 553664528 2048 32768 9236 0 0 1114112 0 0 0 536870916 2103304 268435456 8448 262144 83890208 0 0 17334272 0 0 65536 66560 0 402653184 272 2064 12601348 4104 4194304 36110340 0 512 64 4096 0 0 2048 1051682 0 1572864 2101376 16 2168979488 12812 0 4128 0 0 0 0 0 0 0 0 0 272 2064 2165080608 18452 472804408 256722 33558528 4096 2147483648 8192 269484552 0 128 99328 4096 8520449 310513664 16812049 16641 33558528 4096 3221225473 0 269484296 0 0 106496 4096 9044225 42078240 268470289 16640 25 1024 4096 2097153 2147614720 0 128 0 33792 1075875840 16777216 18878852 75508736 3
is_linear=0
shrinkage=0.045


Tree=308
num_leaves=23
num_cat=15
split_feature=0 3 0 0 5 0 3 5 5 5 3 0 1 3 5 3 0 0 5 0 3 5
split_gain=1.96332 2.58635 1.41947 1.27288 0.702306 0.625479 3.94872 1.41925 2.10729 1.53478 3.75101 1.82877 1.60762 1.19988 1.2599 1.09654 4.79514 2.52513 2.44324 2.27544 2.22675 3.08912
threshold=0 1 2 3 3.9607678160667752 4 5 0.89587973461402759 2.524928003624769 4.4367340276668159 6 7 8 9 4.2268071048866842 10 11 12 4.4367340276668159 13 14 2.602003343538398
decision_type=9 9 9 9 10 9 9 8 8 10 9 9 9 9 10 9 9 9 8 9 9 10
left_child=1 -1 4 -2 -3 6 -5 -8 -9 11 -11 -10 -12 -13 -15 16 18 -17 20 -20 21 -7
right_child=3 2 -4 5 -6 15 7 8 9 10 12 13 -14 14 -16 17 -18 -19 19 -21 -22 -23
leaf_value=-22.189197289930526 35.897967527191391 55.806143548799078 -1.6755422011152403 20.698716118499451 1.6423172036163305 154.90550849501543 50.293143566367853 -115.63303682563121 -11.450873038487261 -91.085515298014073 44.636678904775927 -7.3972659768586704 -11.812878410401499 5.582814874746564 36.994803389016596 -3.9958427578926785 -8.0351154387120189 1.2577637674277502 7.3681524443527451 94.981397674067608 17.671387670156818 -48.684741441020847
leaf_weight=309 111 58 399 552 73 39 40 61 135 103 104 242 183 330 43 2171 3785 12852 370 248 398 369
leaf_count=309 111 58 399 552 73 39 40 61 135 103 104 242 183 330 43 2171 3785 12852 370 248 398 369
internal_value=-7.3443e-05 -0.00219448 -0.000249077 8.12714e-06 0.00361888 -1.73572e-05 0.000785319 -0.000628492 -0.000916459 -0.000472855 -0.0027551 0.000718085 7.52508e-05 0.00175837 0.00333117 -8.89152e-05 -0.000650737 0.000106252 0.00156685 0.00370161 -5.56931e-05 -0.00235714
internal_weight=22975 839 530 22136 131 22025 1793 1241 1201 1140 390 750 287 615 373 20232 5209 15023 1424 618 806 408
internal_count=22975 839 530 22136 131 22025 1793 1241 1201 1140 390 750 287 615 373 20232 5209 15023 1424 618 806 408
cat_boundaries=0 13 15 23 37 51 53 55 68 70 72 74 88 102 115 116
cat_threshold=33554432 3224436800 301994128 4100 12 2080 64 1073790976 0 2164260868 545325056 16908296 131072 2281718274 23200 0 2162688 4096 4 8 0 0 32768 0 0 0 268435456 0 0 256 0 0 16 0 64 0 16 12714048 8192 0 41600 285491200 1 640 0 524296 1073906176 1073741832 268468384 9437216 1 169100834 411712 2172649472 12416 4194304 0 0 0 0 0 128 0 0 32768 1073741824 0 9437216 524304 2064 2684391488 65700 185996332 429122 3221225472 67502096 1 1 131072 536871936 0 0 4 14159880 4096 1053716 2214606976 6 3221225477 67518464 67108865 1 131072 5376 0 268436480 4 528448 131072 1052676 2149581184 6 1073741824 67371024 1 0 0 0 0 0 0 8917000 0 1024 67117056 168039460
is_linear=0
shrinkage=0.045


Tree=309
num_leaves=23
num_cat=19
split_feature=0 3 0 3 0 5 4 5 5 2 0 0 3 3 0 0 3 0 0 0 3 0
split_gain=1.8755 2.51032 1.4716 1.17546 1.26209 1.24496 0.887204 0.823463 1.07474 0.674192 1.91971 1.88252 3.64136 1.84031 4.8819 3.04839 2.03042 1.93499 1.87697 1.64962 1.63989 1.85147
threshold=0 1 2 3 4 5.8245230014317348 5 3.3140206880897671 4.4367340276668159 6 7 8 9 10 11 12 13 14 15 16 17 18
decision_type=9 9 9 9 9 8 1 8 8 9 9 9 9 9 9 9 9 9 9 9 9 9
left_child=1 -1 6 7 -5 -6 -2 -3 -9 10 -4 12 19 14 -13 16 -15 -17 -16 -11 -12 -22
right_child=2 3 9 4 5 -7 -8 8 -10 11 20 13 -14 15 18 17 -18 -19 -20 -21 21 -23
leaf_value=-32.600878291433837 1.7945336786580992 85.355428966911944 -38.036039164333047 7.935881414409887 -10.084491812575907 102.47840635668213 203.84846069129279 -3.104939953804569 45.833538546409471 7.8093322460799754 -3.5583927956534445 4.9500785313539382 1.0811416541799552 -35.010764303973794 -25.013779348986354 -0.21248587098125427 -1.8706548069923155 5.9374189798596486 -4.0885842581577521 87.866189774949262 -1.4446839734758758 9.8411939135903417
leaf_weight=217 80 38 346 109 282 43 42 95 87 247 3202 1717 1817 392 755 4631 807 3809 2024 226 1159 850
leaf_count=217 80 38 346 109 282 43 42 95 87 247 3202 1717 1817 392 755 4631 807 3809 2024 226 1159 850
internal_value=-8.12769e-05 -0.00211495 0 -0.000675676 -0.00201794 -0.00340504 0.00470149 0.00193966 0.000733696 -2.86442e-05 -0.000456545 0.000116353 0.00130973 -7.79317e-05 -0.000828527 0.00027277 -0.00183939 0.000575012 -0.00199122 0.00477835 -0.000236933 0.000768184
internal_weight=22975 871 22104 654 434 325 122 220 182 21982 5557 16425 2290 14135 4496 9639 1199 8440 2779 473 5211 2009
internal_count=22975 871 22104 654 434 325 122 220 182 21982 5557 16425 2290 14135 4496 9639 1199 8440 2779 473 5211 2009
cat_boundaries=0 13 15 29 31 42 43 44 57 71 73 75 89 103 105 118 131 145 147 160
cat_threshold=33685568 1074856000 301990032 268439556 8 2080 64 1073790976 0 2147483652 545325056 17956872 131072 671154210 21120 0 0 0 640 0 0 256 0 0 0 0 64 0 16 30982208 32 33554432 64 0 0 0 0 0 1073774592 0 0 65536 4 3 14778368 0 536870912 0 134217728 0 0 65536 0 8404992 16777216 0 1049600 12619792 8192 536870912 32768 8388608 0 0 0 557056 16801856 318767104 33536 12084480 1 23077122 415744 2511368554 175139 262145 67239984 0 0 404226048 0 0 65536 4 5374216 0 2630660 2147483672 6 16777217 2214723600 0 1 1131008 16777473 0 268436544 4100 68288768 0 536612 2147483648 6 1073743360 278548 262144 2359328 0 2097152 403210304 1024 0 65536 536872960 4723720 1275068416 2098305 39064 0 60819456 0 2105344 0 0 128 0 1024 10485760 0 2147485712 4 4112 8192 0 0 8388608 0 0 0 0 0 50331648 0 8192 1 1114080306 481871 2147483648 4096 0 0 8519684 33554432 0 8192 0 1073742088 128 2147484420 17
is_linear=0
shrinkage=0.045


Tree=310
num_leaves=23
num_cat=14
split_feature=0 3 0 5 3 1 0 5 5 4 5 5 5 5 5 0 3 0 0 3 1 3
split_gain=1.63512 2.72508 1.21472 1.05386 0.907519 1.34526 1.09746 1.098 1.59299 0.912015 1.55066 0.877132 0.717017 0.661681 0.644968 4.20564 3.11726 3.9986 3.04606 3.18145 2.95139 2.82277
threshold=0 1 2 4.6867395546766826 3 4 5 3.795426061844291 2.9174053685313028 6 4.135134555718313 3.3140206880897671 4.1510089048756029 3.9219243190762363 3.8176519431297078 7 8 9 10 11 12 13
decision_type=9 9 9 8 9 9 9 8 10 1 10 8 8 8 10 9 9 9 9 9 9 9
left_child=1 3 11 -1 5 -3 9 8 -8 -6 -11 -2 -9 -13 15 21 20 -18 19 -16 -17 -4
right_child=2 4 14 -5 6 -7 7 12 -10 10 -12 13 -14 -15 18 16 17 -19 -20 -21 -22 -23
leaf_value=-30.693522686827745 -6.8208043015858495 -1.8539700019863083 -0.84109784826756362 -63.461683895517361 -3.2680506428996523 33.807998016155416 -11.369945815395239 -64.670243376355643 38.595826736255724 145.25896295544831 -17.509361813365501 145.03134456124434 -5.5820373169885711 8.4426481489807337 4.5150091834813795 12.706805112119946 -27.175790343413791 -2.5031177202411343 1.2869536717798109 -36.07479376305151 -54.214199098589923 21.186883176311493
leaf_weight=130 37 105 577 86 153 246 41 51 78 52 52 37 185 74 477 774 1041 3897 13214 674 297 697
leaf_count=130 37 105 577 86 153 246 41 51 78 52 52 37 185 74 477 774 1041 3897 13214 674 297 697
internal_value=-5.77752e-05 -0.00168136 3.09519e-05 -0.00611842 -0.000623077 0.00117769 -0.00165865 -0.00324932 0.00018595 0.000585502 0.00382075 0.0039375 -0.00510504 0.00617257 2.07756e-06 -0.000342828 -0.000840807 -0.00131818 0.000176968 -0.00203138 0.00135042 0.00199456
internal_weight=22975 1179 21796 216 963 351 612 355 119 257 104 148 236 111 21648 7283 6009 4938 14365 1151 1071 1274
internal_count=22975 1179 21796 216 963 351 612 355 119 257 104 148 236 111 21648 7283 6009 4938 14365 1151 1071 1274
cat_boundaries=0 13 15 27 29 31 42 43 57 59 73 87 89 91 93
cat_threshold=2147483712 2150694976 301990032 4100 0 2304 64 1073758208 1024 2147500292 536936464 1179656 2228226 2684420610 20736 8388608 0 0 128 512 0 0 1024 0 0 0 64 1133559824 65624 269500480 268 0 2097152 0 4 0 256 0 1073758208 1024 16640 536870912 4 4472832 16785456 2147483648 41024 49152 0 384 268500992 536903680 139776 276824064 2432696321 128 6 2485727906 256 35717124 100683776 536870912 0 524300 1024 0 134217728 65536 1149273088 1140850696 2138112 8934400 1 21250049 8388624 0 2105345 1090568192 4097 256 268500992 36864 0 268435456 285212673 160 2 2195260480 94344 18548 69160 3361281760 45208
is_linear=0
shrinkage=0.045


Tree=311
num_leaves=23
num_cat=18
split_feature=0 3 0 0 5 5 3 5 4 3 0 0 5 0 3 1 3 1 0 3 0 0
split_gain=1.80637 2.40814 1.06803 1.03584 1.44527 1.02695 0.846294 1.06861 0.858443 0.799945 4.92741 1.94958 1.94222 1.78676 4.74553 1.53403 1.44461 1.66424 1.44273 2.61147 1.96069 1.19742
threshold=0 1 2 3 5.0336952619030333 3.3842466058243152 4 5.344720891341141 5 6 7 8 6.5589065201527559 9 10 11 12 13 14 15 16 17
decision_type=9 9 9 9 10 8 9 10 1 9 9 9 8 9 9 9 9 9 9 9 9 9
left_child=1 5 -3 4 -2 -1 -4 8 -8 10 12 -12 21 14 -11 -13 17 -16 19 20 -15 -5
right_child=3 2 6 9 -6 -7 7 -9 -10 13 11 15 -14 18 16 -17 -18 -19 -20 -21 -22 -23
leaf_value=-0.58451760236615879 179.26265858703186 -7.4873715510341201 -3.0931662569780745 12.35993531014481 -26.241586761816325 -53.185421767137157 96.595915016470755 -21.064516327027594 6.207466976988071 -5.3334107043324366 -32.739632018433113 40.500454931771124 -72.112274558465685 100.15111579182292 -4.9249508803023128 -4.4610326392412025 21.843115286886878 28.176407375480629 0.62836627717922966 -13.827934006187933 -0.63899443466434602 69.829268223615941
leaf_weight=42 101 118 410 858 36 170 75 35 200 548 415 116 94 109 150 1633 274 279 15353 986 541 432
leaf_count=42 101 118 410 858 36 170 75 35 200 548 415 116 94 109 150 1633 274 279 15353 986 541 432
internal_value=-5.18997e-05 -0.00186441 -0.000741176 3.58983e-05 0.00377517 -0.00602679 -6.14754e-05 0.00167702 0.00268051 1.03211e-05 -0.000606742 -0.00194393 0.00148281 0.000130671 0.00176366 -0.00126491 0.00418531 0.00239796 9.26416e-06 -0.00125607 0.000951662 0.00195046
internal_weight=22975 1050 838 21925 137 212 720 310 275 21788 3548 2164 1384 18240 1251 1749 703 429 16989 1636 650 1290
internal_count=22975 1050 838 21925 137 212 720 310 275 21788 3548 2164 1384 18240 1251 1749 703 429 16989 1636 650 1290
cat_boundaries=0 13 15 28 40 42 43 45 58 72 86 88 90 92 94 107 109 122 135
cat_threshold=2147500032 2150694912 301990032 4292 0 2080 64 1073758208 1024 2147483652 545325056 1179657 2228226 2827289122 64 16384 65536 33554432 0 0 2048 0 0 0 0 65536 8 131072 0 0 0 0 16777216 0 0 0 0 1073741856 0 64 20988944 24740 2 51519496 175186 1078231040 67108864 0 1 134217728 1024 0 73728 2052 6852616 318771200 1796 2147485752 2097152 25166864 1610612736 0 655616 0 0 0 32768 8388608 201326592 36864 49152 1 16977936 17039440 1610612736 268435968 2415984896 1 0 134217728 524296 16779776 24 32768 1314944 1 2148012096 86412 262432 2 12960784 32 134217824 67584 68 147456 67108864 32785 1073758720 50332224 512 9280 4100 135248 135168 36 2147483680 13212352 262188 0 0 0 0 0 0 512 8192 0 131072 4096 0 32 1073774592 0 0 0 134217728 0 0 65536 2048 2129920 285212672 1792 56
is_linear=0
shrinkage=0.045


Tree=312
num_leaves=23
num_cat=19
split_feature=0 0 0 3 5 3 0 0 0 3 3 0 5 2 0 3 0 3 3 2 5 4
split_gain=1.69626 1.11213 0.768936 2.57374 1.7423 0.93004 6.05571 4.17037 2.67094 3.01483 2.38009 2.34541 2.06902 1.9645 2.49126 2.46112 2.16476 1.62186 1.59981 1.59143 1.56097 1.52043
threshold=0 1 2 3 5.9952067579627961 4 5 6 7 8 9 10 2.8617925509761908 11 12 13 14 15 16 17 3.8176519431297078 18
decision_type=9 9 9 9 10 9 9 9 9 9 9 9 10 9 9 9 9 9 9 9 8 1
left_child=-1 -2 3 4 -3 6 13 10 9 20 -7 12 19 14 18 -15 -17 -16 -4 -9 -8 -10
right_child=1 2 5 -5 -6 7 8 11 21 -11 -12 -13 -14 15 17 16 -18 -19 -20 -21 -22 -23
leaf_value=-6.1760211740218072 19.768226843671656 12.038150511903805 30.11731691332432 -5.3953035045537394 -71.480881880800425 1.3793824129520362 4.2281180542684345 80.252131541590515 4.8308890141767185 -2.061594736290135 30.356731394653615 0.64446850836808156 -17.166173197658352 14.816334334339089 -46.670856398877035 -7.3635964201478048 -55.976175817024412 -0.14120585040765946 -4.161357138775565 -2.7252065071440663 67.813288852937831 -2.4050265365030281
leaf_weight=331 109 545 237 953 40 1438 276 104 1405 665 1173 8351 1732 102 224 397 609 174 338 113 587 3072
leaf_count=331 109 545 237 953 40 1438 276 104 1405 665 1173 8351 1732 102 224 397 609 174 338 113 587 3072
internal_value=-7.3443e-05 -2.5821e-05 -4.88979e-05 -0.00101613 0.0013191 2.24904e-05 -0.000355643 0.000259421 0.000370201 0.00198701 0.00186142 -0.000148371 -0.00154895 -0.00244028 -0.000936548 -0.00373661 -0.00442043 -0.00362195 0.000958262 0.00256849 0.00372857 -0.000185453
internal_weight=22975 22644 22535 1538 585 20997 8086 12911 6005 1528 2611 10300 1949 2081 973 1108 1006 398 575 217 863 4477
internal_count=22975 22644 22535 1538 585 20997 8086 12911 6005 1528 2611 10300 1949 2081 973 1108 1006 398 575 217 863 4477
cat_boundaries=0 13 26 39 41 43 57 71 84 86 88 101 102 115 117 131 133 135 136 137
cat_threshold=16 1114112 33554448 4164 0 2048 0 16384 0 36 8454144 8 131072 0 0 0 0 262144 32 0 0 0 16 0 64 1048576 2147614720 2149844992 335544448 145 4 33558529 64 1024 1032 2164260864 536875008 1703937 1026 1111457872 156248 402564108 175194 39911432 16909412 0 0 557056 536870912 0 134217728 0 1282 201326624 2147518992 2129924 4 6357000 16777316 0 512 2147549184 536870912 256 134217728 65536 2304 218103816 2147518976 2134144 21 315396 33554432 4096 8192 134234112 320 128 65536 0 1076891657 1342177424 285212676 2155872288 97124356 164888 1208047680 282756 8671236 33554432 1073741824 40960 134234624 64 512 268533824 528384 1076891657 1073741952 16781344 32 210 0 131076 0 0 0 0 0 0 0 2 32 2147486208 32772 34603016 64 0 1056 0 0 524288 0 0 0 0 0 134217728 16 2129920 4 39322624 2072 51119108 2064 5 2
is_linear=0
shrinkage=0.045


Tree=313
num_leaves=23
num_cat=15
split_feature=0 0 5 0 3 0 0 3 5 5 5 5 3 3 5 3 0 0 0 5 3 0
split_gain=2.17025 1.39211 1.27881 0.817603 3.65629 2.44524 1.73908 1.60085 1.36685 1.21157 1.09379 1.50802 1.00914 0.96853 0.793489 0.752686 4.75748 4.71064 2.87205 2.91319 2.57634 2.47219
threshold=0 1 3.5114340430413216 2 3 4 5 6 5.4909995847486188 6.0461887465411452 4.0689902272260703 3.5114340430413216 7 8 4.1820210059610323 9 10 11 12 5.1269313471631675 13 14
decision_type=9 9 10 9 9 9 9 9 10 8 8 10 9 9 10 9 9 9 9 10 9 9
left_child=2 -2 -1 4 5 8 9 -8 13 12 11 -7 -6 -3 -12 17 -17 -5 19 20 -19 -18
right_child=1 3 -4 15 6 10 7 -9 -10 -11 14 -13 -14 -15 -16 16 21 18 -20 -21 -22 -23
leaf_value=12.197341509390681 14.6619748989668 -6.4555532194836998 -5.3245405707978533 -13.691548824718739 28.749000489985846 23.14001417348085 -70.577033194439977 -19.229002067017881 -70.783899749110532 54.88884103101438 145.98645040267874 -23.885409110556427 -24.027570966844504 15.000017832009616 70.886103528555282 10.552497115786954 -13.487572340078694 26.1211031980657 -0.5617483341065781 73.857035858829988 -10.073692874313309 0.73103589968392035
leaf_weight=116 130 107 252 1447 109 92 100 402 44 36 43 64 213 120 164 1692 1885 656 7262 241 372 7428
leaf_count=116 130 107 252 1447 109 92 100 402 44 36 43 64 213 120 164 1692 1885 656 7262 241 372 7428
internal_value=-6.16921e-05 -4.97369e-06 -0.00343421 -3.30161e-05 -0.00104582 0.00153251 -0.00294151 -0.00464008 -0.00166961 -0.000486486 0.0039 0.00113924 -0.00138889 -0.00029476 0.00613636 3.96523e-05 0.000296133 -0.000243243 0.000160658 0.00212529 0.00109223 -0.000103753
internal_weight=22975 22607 368 22477 1494 634 860 502 271 358 363 156 322 227 207 20983 11005 9978 8531 1269 1028 9313
internal_count=22975 22607 368 22477 1494 634 860 502 271 358 363 156 322 227 207 20983 11005 9978 8531 1269 1028 9313
cat_boundaries=0 13 26 39 41 54 67 69 71 73 75 89 103 116 118 131
cat_threshold=0 2148597760 33554448 4164 0 2049 64 16384 0 20 8454144 8 393216 16384 0 0 32768 0 0 0 0 0 0 32 64 1048576 2156003328 2113600 335544448 145 32768 4128 0 134217728 1032 2164277248 536875008 1703937 1026 3239809024 156380 0 2097216 268435456 1 0 0 0 0 0 16384 0 1572864 1024 0 2097216 0 17 0 0 0 0 8 16384 0 1572864 1024 546 65568 16464 2080 16777216 24588 3288204556 173782 262145 8791060 1610612736 0 2432778240 16777472 0 268436480 0 2 83886088 2105472 2113552 5 262144 25562132 1610612737 512 285409280 16777472 0 268435456 0 4641 67108864 2105472 2113536 5 4096 32 4096 2105344 134217792 1088 640 98304 2052 67143744 1073741840 268439584 8925856 6947844 132308 33558544 33554464 0 2149580800 134218304 1088 512 106496 2048 6293568 1073741840 4132 2155885184
is_linear=0
shrinkage=0.045


Tree=314
num_leaves=23
num_cat=14
split_feature=0 3 0 0 4 3 0 2 3 0 3 3 0 5 5 5 5 5 5 5 5 3
split_gain=2.19272 2.96632 1.09384 0.935994 0.786441 5.22976 2.11625 2.81161 2.05231 1.51883 4.36851 1.42484 1.71741 1.36155 1.35442 2.02895 1.41352 1.34761 2.05188 1.29719 2.05203 1.27637
threshold=0 1 2 3 4 5 6 7 8 9 10 11 12 5.3821962081647756 3.6242520361853052 4.5695295849856103 4.3107766033702406 5.9801499880778026 4.5695295849856103 5.8678824850335358 4.0342014792848504 13
decision_type=9 9 9 9 1 9 9 9 9 9 9 9 9 10 10 10 10 10 8 8 10 9
left_child=1 3 -2 -1 5 19 17 8 -8 10 14 -12 13 -13 -6 16 -16 18 -7 20 -4 -11
right_child=2 -3 4 -5 9 6 7 -9 -10 21 11 12 -14 -15 15 -17 -18 -19 -20 -21 -22 -23
leaf_value=-5.1720342670920578 18.218867765252945 1.7840742721799505 -76.850507112257219 -15.115806101307934 83.052547795092394 28.481331966879186 -13.339505496559759 -64.255316151677064 57.857471026395977 -1.5960120535857276 -17.912746107131934 -38.993016135737889 12.390490234185453 91.473644967641732 6.3821574618506203 78.759588878956677 -15.558194585084712 59.459724940909219 -7.05727991125279 -109.65602448980165 -0.4297341351456998 1.0898185443497277
leaf_weight=238 107 456 72 300 140 144 107 183 115 8195 326 382 452 60 117 144 50 35 145 75 91 11041
leaf_count=238 107 456 72 300 140 144 107 183 115 8195 326 382 452 60 117 144 50 35 145 75 91 11041
internal_value=-4.79828e-05 -0.00210239 4.60374e-05 -0.00433636 2.26172e-05 -0.00123065 0.000698381 -0.00145683 0.00192308 8.07069e-05 0.00137701 -3.6526e-05 0.00089404 -0.00109031 0.00510259 0.00352236 0.000133136 0.00334821 0.00239691 -0.00684 -0.00477273 -3.27307e-05
internal_weight=22975 994 21981 538 21874 967 729 405 222 20907 1671 1220 894 442 451 311 167 324 289 238 163 19236
internal_count=22975 994 21981 538 21874 967 729 405 222 20907 1671 1220 894 442 451 311 167 324 289 238 163 19236
cat_boundaries=0 13 15 28 40 41 43 56 57 59 73 75 77 91 93
cat_threshold=2147614720 2148859968 369098768 4228 0 2049 64 49152 1024 2147500116 545325056 655368 131072 688932378 19092 0 0 0 0 262144 32 0 0 0 0 32 64 1048576 2147483648 64 0 0 0 2048 0 0 0 16464 536936448 524288 1 20972064 16398 1073741824 0 0 0 131072 0 0 0 0 0 0 2415919872 1 38 2147483656 192 10747972 0 2684354560 32832 268451840 0 0 1024 524296 1157628416 1140850712 16810112 8927488 1 2823295010 155656 45482112 331776 10747908 0 0 32768 0 0 0 0 524288 67108864 0 32768 530688 1 1001313572 173161
is_linear=0
shrinkage=0.045


Tree=315
num_leaves=23
num_cat=19
split_feature=0 3 5 0 0 2 0 3 4 0 3 1 0 3 1 3 5 0 5 3 0 0
split_gain=1.84089 2.46542 1.7435 1.1487 0.778964 0.741095 2.8974 3.12154 2.27678 2.43848 2.29559 2.522 2.07878 4.98239 2.06985 2.01291 1.94757 1.63549 1.55931 1.52587 6.09254 4.926
threshold=0 1 3.795426061844291 2 3 4 5 6 7 8 9 10 11 12 13 14 3.4175922930736511 15 3.3140206880897671 16 17 18
decision_type=9 9 10 9 9 9 9 9 1 9 9 9 9 9 9 9 10 9 10 9 9 9
left_child=1 2 -1 -2 -3 6 -5 17 -9 15 11 -11 13 -7 -12 -10 -16 -8 -15 21 -21 -14
right_child=3 4 -4 5 -6 12 7 8 9 10 14 -13 19 18 16 -17 -18 -19 -20 20 -22 -23
leaf_value=-2.1834417796443448 17.898149857713143 8.5982548975068482 -39.243348834910464 102.58673415303997 -1.0369491980143357 -35.123852088945711 67.283614528190697 -180.98259462086804 0.39880658027937899 70.067888632639225 125.38851630911631 -8.4511622999255813 -16.051412358103917 -16.61986690826263 -10.083965075054911 -46.49533946223022 13.531416592644018 1.8670223578832883 3.710750821730544 16.922567517300667 -0.99522788892423697 0.5317056053351007
leaf_weight=143 103 207 193 310 314 556 401 81 511 108 125 732 1708 192 286 624 847 692 703 1631 6050 6458
leaf_count=143 103 207 193 310 314 556 401 81 511 108 125 732 1708 192 286 624 847 692 703 1631 6050 6458
internal_value=-6.56091e-05 -0.00209724 -0.0050431 1.42341e-05 -0.000126642 -9.19326e-06 0.000490061 0.000188391 -0.000500601 -0.000312983 0.000597156 -0.00121479 -0.000145581 -0.00176863 0.00180709 -0.00198126 0.00115939 0.00226018 0.000322492 4.25626e-06 0.000459184 -0.000423698
internal_weight=22975 857 336 22118 521 22015 4717 4407 3314 3233 2098 840 17298 1451 1258 1135 1133 1093 895 15847 7681 8166
internal_count=22975 857 336 22118 521 22015 4717 4407 3314 3233 2098 840 17298 1451 1258 1135 1133 1093 895 15847 7681 8166
cat_boundaries=0 13 15 27 39 40 53 55 56 69 71 73 87 89 91 93 106 108 121 134
cat_threshold=2156003328 2148597824 2516582416 4292 0 2080 64 49152 0 2164277268 8454144 655368 131072 688916026 17088 0 0 0 32768 262144 0 0 0 0 0 0 16777280 8388608 0 2214592512 132 0 0 0 0 0 0 8388608 655360 240 2097152 0 1 512 134217728 536870912 0 0 0 524288 33554432 1024 2155913728 469770320 434826 1 32768 67117072 0 2147483648 9502976 0 0 65536 536936448 2103296 402653184 2149589296 18432 2198998790 18464 36 1024 6291456 1109786628 4097 512 64 4096 256 64 2052 1051682 0 3178501 2102400 16 1636080452 143884 18468 2 29491750 88064 0 20 0 0 0 0 0 0 536870916 0 0 2149589264 2056 971926578 499906 33816576 16789504 0 8192 1589760 33555520 128 268435456 4096 71434240 941621248 2704 67125248 33816576 25178112 0 0 1075315208 64 0 134225920 4096 71958529 738197504 268438160 16384
is_linear=0
shrinkage=0.045


Tree=316
num_leaves=23
num_cat=11
split_feature=0 3 0 5 5 5 5 0 4 5 0 3 5 5 5 5 5 5 3 2 4 3
split_gain=1.67785 3.40188 1.14717 0.98818 0.880656 0.788829 0.796237 0.771539 0.913782 0.750539 0.635672 6.18281 1.14588 1.9826 1.99802 1.00133 1.50666 0.993594 1.06908 1.07915 1.00013 1.48566
threshold=0 1 2 4.4829865921051741 3.5114340430413216 3.8393944990995772 5.2284276452838947 3 4 5.625819309938989 5 6 5.4271478232179229 4.0163424379838117 3.1567740231385479 3.3842466058243152 3.7494348669884658 0.89587973461402759 7 8 9 10
decision_type=9 9 9 10 10 10 10 9 1 10 9 9 10 10 10 10 10 8 9 9 1 9
left_child=1 4 3 -2 -1 -3 7 -7 -9 -8 11 12 13 14 -4 -16 -17 -13 -19 20 21 -20
right_child=2 5 10 -5 -6 6 9 8 -10 -11 -12 17 -14 -15 15 16 -18 18 19 -21 -22 -23
leaf_value=-1.8567922926975007 30.787775829932016 -1.6797425230440421 19.841460170889587 -2.2716365901765676 -23.786531327265312 -1.1403659361710743 -92.630740035938473 27.208960676827008 0.063269863537825585 4.5608382250147406 -0.32972445617491758 86.495000209311101 -18.927729759954598 39.987265087009 -101.98271448498795 20.459638762903921 -22.059823498130299 -43.522892327381413 -89.966275505412341 -75.509284096110207 4.0603746967598635 -1.0405206316168187
leaf_weight=113 102 355 161 45 242 117 48 149 86 65 19770 36 59 280 45 97 68 105 117 136 307 472
leaf_count=113 102 355 161 45 242 117 48 149 86 65 19770 36 59 280 45 97 68 105 117 136 307 472
internal_value=-7.736e-05 -0.00172494 1.23785e-05 0.00382075 -0.00533379 -0.000108173 0.00110814 0.00216102 0.00355263 -0.00215217 -1.55781e-05 0.000771768 0.00405125 0.00465161 0.00247319 -0.000424528 0.00121257 -0.00123418 -0.00148156 -0.000991379 -0.000396476 -0.00148477
internal_weight=22975 1175 21800 147 355 820 465 352 235 113 21653 1883 710 651 371 210 165 1173 1137 1032 896 589
internal_count=22975 1175 21800 147 355 820 465 352 235 113 21653 1883 710 651 371 210 165 1173 1137 1032 896 589
cat_boundaries=0 13 15 28 39 40 54 56 58 59 60 62
cat_threshold=2189557760 2149646400 100663440 4164 64 32 192 0 1024 2147500116 612368384 524296 131074 688166506 74560 0 0 0 32768 268697600 0 0 64 0 0 0 64 2097152 0 64 0 4 0 0 0 0 1024 16384 545259520 4 4456517 8192 268435456 0 16384 0 512 17408 591880 84967424 1224736808 268566560 8392864 1 2853725798 295504 1074004096 131104 21 4 4096 8196
is_linear=0
shrinkage=0.045


Tree=317
num_leaves=23
num_cat=17
split_feature=0 3 5 0 3 5 5 0 5 0 3 5 0 3 0 3 3 1 0 1 0 3
split_gain=1.83534 2.12359 1.48293 1.26259 1.4554 1.07831 1.01168 0.726174 0.657973 5.75933 3.71448 3.28193 3.15063 2.93717 2.89958 5.34102 3.87596 2.95581 2.56249 2.20729 2.00863 3.67671
threshold=0 1 3.3842466058243152 2 3 3.6505739029280164 3.9607678160667752 4 4.9801701820644562 5 6 5.3729582179059152 7 8 9 10 11 12 13 14 15 16
decision_type=9 9 8 9 9 8 10 9 10 9 9 10 9 9 9 9 9 9 9 9 9 9
left_child=1 2 -1 4 5 -2 7 -3 12 10 11 -10 13 -5 16 17 -11 -16 -18 -17 21 -14
right_child=3 6 -4 8 -6 -7 -8 -9 9 14 -12 -13 20 -15 15 19 18 -19 -20 -21 -22 -23
leaf_value=10.818700676228035 -147.87202583328158 23.694043404477377 -35.097923704721104 2.1582670188020345 8.801135803026245 1.1811939570761751 5.651391242048776 -3.9846936753160116 52.302824568653008 10.066900200375676 -42.028180799826806 -25.457620855477217 -7.3914486731607028 -65.262981677702328 81.518864128202452 -3.5309941134473775 1.934407571105512 -12.981400536676446 -17.077918937176726 72.575717988024465 -0.79318388662886719 11.719055074399876
leaf_weight=69 35 107 272 246 210 65 363 250 99 1528 563 113 694 515 106 180 616 933 819 1002 12731 1459
leaf_count=69 35 107 272 246 210 65 363 250 99 1528 563 113 694 515 106 180 616 933 819 1002 12731 1459
internal_value=-9.10693e-05 -0.0019082 -0.00478045 -2.05236e-06 0.00279503 -0.00160714 -0.000491803 -0.00219359 -4.37176e-05 0.000358581 -0.00323062 0.00180804 -0.000197003 -0.00299806 0.000900693 0.00212606 -2.26891e-05 -0.00023549 -0.00169489 0.00418342 -5.13561e-05 0.00121594
internal_weight=22975 1061 341 21914 310 100 720 357 21604 5959 775 212 15645 761 5184 2221 2963 1039 1435 1182 14884 2153
internal_count=22975 1061 341 21914 310 100 720 357 21604 5959 775 212 15645 761 5184 2221 2963 1039 1435 1182 14884 2153
cat_boundaries=0 13 15 29 31 44 57 59 72 74 88 90 92 94 107 109 122 124
cat_threshold=2189557824 2162752 100663440 4164 262208 0 64 0 0 2231386196 612368384 524296 131074 688653898 4928 0 2147483648 268435456 0 0 32 0 0 589824 0 32 268566592 2097152 1 17920 164 2155872256 0 0 0 64 0 0 0 0 0 0 524288 2 262144 2084 4096 1 18350080 0 0 0 32768 1073877002 301989888 33712 1024 159400544 16416 2162688 33554432 0 16 33280 16783425 0 16384 0 2049 2097152 1048576 9978368 2303230480 16 1073745920 92288000 1 2147483648 411074816 33554432 0 0 536870916 524288 16912512 2147491844 67117077 4 2709768756 133142 2861338130 264980 278561 4 1073741824 16777216 0 0 8388608 0 0 0 536870912 0 16777344 4 67108869 1074021377 8 17043460 8196 3221229568 8705 1091715072 0 512 268435520 8 1073872898 1392508936 256 384 3812950240 393750
is_linear=0
shrinkage=0.045


Tree=318
num_leaves=23
num_cat=15
split_feature=0 3 0 0 0 4 5 5 3 5 0 3 2 0 3 3 5 5 5 5 3 0
split_gain=2.07429 3.09379 2.50776 1.63467 1.41744 1.06731 1.39136 0.967873 0.955134 0.779676 0.675712 4.65044 2.04924 1.57612 2.44779 2.30859 1.46178 1.26552 1.06769 1.28952 1.04237 6.45641
threshold=0 1 2 3 4 5 3.4498615536424366 5.0657496176235997 6 5.2284276452838947 7 8 9 10 11 12 3.2769667020129059 2.9700856263602158 4.6774800307930642 3.7012257604091228 13 14
decision_type=9 9 9 9 9 1 8 8 9 8 9 9 9 9 9 9 8 10 10 10 9 9
left_child=1 3 9 7 -2 -5 -7 -1 -4 -3 11 12 -6 14 -13 16 17 -15 19 -14 21 -12
right_child=4 2 8 5 10 6 -8 -9 -10 -11 20 13 18 15 -16 -17 -18 -19 -20 -21 -22 -23
leaf_value=14.452281529225255 14.119579271140374 41.441064592007059 -15.799269395862538 -83.691950636567938 -121.97833177990204 40.993401780751917 -18.964010926104528 -55.007574842494137 -0.70696106101706391 -0.5838105885594268 -18.330037622122401 -6.6728302426662953 -19.301690195435729 -2.8586150386172813 68.309455879843952 10.973185034198686 -22.631853327985226 55.793284891319452 -47.060158304158414 15.306135516568609 0.77719293246020238 0.81480049037341806
leaf_weight=82 117 161 111 126 131 45 166 43 295 46 2162 100 127 37 220 376 267 37 88 105 10828 7305
leaf_count=82 117 161 111 126 131 45 166 43 295 46 2162 100 127 37 220 376 267 37 88 105 10828 7305
internal_value=-8.91108e-05 -0.00200782 0.000108 -0.00474684 6.16101e-06 -0.00638252 -0.00454225 -0.000164234 -0.0019378 0.00400685 -2.16793e-05 0.0009 -0.00286717 0.00255243 0.0051506 0.00132716 -0.00133853 0.00414474 -0.000813253 0.000769231 -8.97474e-05 -0.000434381
internal_weight=22975 1075 613 462 21900 337 211 125 406 207 21783 1488 451 1037 320 717 341 74 320 232 20295 9467
internal_count=22975 1075 613 462 21900 337 211 125 406 207 21783 1488 451 1037 320 717 341 74 320 232 20295 9467
cat_boundaries=0 13 15 28 39 51 52 54 68 70 71 85 87 89 91 105
cat_threshold=2189426704 3211264 100663312 4164 17039424 0 0 32768 0 2231500868 612433920 524296 393344 688439824 984 0 65536 67108864 64 0 0 0 32768 0 131136 545259520 524288 128 41943040 2097152 0 0 0 0 0 0 0 0 67174400 0 0 0 0 0 0 0 0 65536 0 2097152 268435520 2 2155873314 4096 458821 2147491840 268435456 32768 16392 33 704 268451840 526344 1 134217768 131104 10489856 1 1644593280 143732 18 327684 0 0 0 0 1 640 268435456 0 0 32 32 4096 1 2282242064 65536 26739232 19080 586700142 388225 20971528 25167952 536870913 0 268435456 5376 0 8192 5120 20498 131072 2148539408 16386 4
is_linear=0
shrinkage=0.045


Tree=319
num_leaves=23
num_cat=17
split_feature=0 3 0 5 5 4 1 5 0 3 3 5 0 0 3 0 0 3 2 5 3 0
split_gain=1.96473 2.24015 1.41311 1.09792 0.933637 0.837407 4.61274 3.61349 3.30496 3.6661 3.24624 3.0705 2.96692 2.38302 2.2487 5.07234 4.65121 2.32968 2.22125 2.37452 3.04728 2.21833
threshold=0 1 2 4.0859410030639109 3.5408542930527882 3 4 5.8126357624008849 5 6 7 5.1387309967764621 8 9 10 11 12 13 14 3.5114340430413216 15 16
decision_type=9 9 9 10 8 1 9 10 9 9 9 10 9 9 9 9 9 9 9 8 9 9
left_child=1 3 -2 4 -1 6 7 -4 9 -7 11 13 -12 -8 16 -16 17 -10 19 -11 -21 -18
right_child=2 -3 5 -5 -6 8 10 -9 14 18 12 -13 -14 -15 15 -17 21 -19 -20 20 -22 -23
leaf_value=8.1846791225050577 36.349783144227693 -8.3643823267253534 33.366502914778032 11.980181496443656 -38.523606638258165 -71.245179191504107 17.794850654944401 746.11729662795358 30.245259415127038 -118.96201199514216 20.517149371067571 -162.22411435342636 -0.079975420340851991 -61.540537955638989 -5.7568957325600234 4.9015083723763384 -17.418647433416698 1.3194040935744851 57.399867176600274 82.942422449602674 -15.606164035434812 -1.7989928287884323
leaf_weight=112 117 550 684 236 132 593 116 52 447 106 519 82 5257 356 2215 4969 1700 702 157 128 282 3463
leaf_count=112 117 550 684 236 132 593 116 52 447 106 519 82 5257 356 2215 4969 1700 702 157 128 282 3463
internal_value=-7.736e-05 -0.00198656 1.33215e-05 0.00027439 -0.00182927 -1.44231e-05 0.00038837 0.00372995 -0.000207261 -0.00239437 -7.09555e-06 -0.00325972 0.000310988 -0.00189873 0 0.000544052 -0.00061907 0.00195736 -9.85401e-05 -0.00153409 0 -0.00119565
internal_weight=22975 1030 21945 480 244 21828 7066 736 14762 1266 6330 554 5776 472 13496 7184 6312 1149 673 516 410 5163
internal_count=22975 1030 21945 480 244 21828 7066 736 14762 1266 6330 554 5776 472 13496 7184 6312 1149 673 516 410 5163
cat_boundaries=0 13 15 27 28 30 43 45 47 60 73 75 89 103 105 106 108 121
cat_threshold=41943056 2150694912 67109008 4164 262208 32 0 268468224 0 2147483972 612433952 524296 393218 47399026 28848 0 64 0 0 0 0 128 0 0 0 2097152 64 2 1207992388 8 6619136 262160 2147483648 2149581312 1090519040 1088 512 134217728 4096 2639872 1073741824 2101249 4992 2292045842 2100 2101506 17168 0 48 0 0 268435456 64 512 1073741824 32768 2080 1073741824 4352 8401408 0 12288 0 0 8388608 0 0 0 536870912 8 0 0 16 1262388396 501964 3221241857 67108864 0 129 134218240 4096 0 0 536904704 1086324744 4096 3456 2147518501 7 1073758209 2048 268435457 129 131584 0 0 66560 1024 1073741826 184553472 16777344 9439236 5 1091305480 469000 38 20971520 25088 36864 25296928 1610612736 16 1605888 536870912 0 8192 2048 5242896 268566672 2417000448 67109904
is_linear=0
shrinkage=0.045


Tree=320
num_leaves=23
num_cat=17
split_feature=0 3 0 3 0 5 5 4 5 5 3 0 0 3 0 0 0 3 5 3 1 0
split_gain=2.08802 2.32647 1.24734 3.25208 1.48408 1.03214 2.10814 1.02801 0.86453 0.796211 0.789124 6.31863 5.64156 5.21273 3.96501 3.35935 3.34459 2.60567 2.26559 1.9918 2.89755 2.80443
threshold=0 1 2 3 4 4.0689902272260703 4.4942230200312032 5 4.0163424379838117 6.4960202730614363 6 7 8 9 10 11 12 13 5.5032948732385458 14 15 16
decision_type=9 9 9 9 9 8 10 1 8 8 9 9 9 9 9 9 9 9 8 9 9 9
left_child=1 9 3 -2 8 -3 -7 -6 -5 -1 12 13 17 16 -13 -14 -12 18 -4 21 -21 -16
right_child=2 5 10 4 7 6 -8 -9 -10 -11 11 14 15 -15 19 -17 -18 -19 -20 20 -22 -23
leaf_value=-8.4627457282558307 31.833411314738548 -3.3794223172131752 -5.0941271745224093 20.832985190476645 3.5858958481814986 56.043745370311662 -2.1530732726650421 -9.1264294662620156 0.70828533519908887 -83.372015502566668 -23.687226019861154 -19.701043583631215 -22.116931354656717 90.369608703847476 -10.449282094020617 -1.6872153276578683 24.603155471478711 34.066265910176114 71.556462403306213 0.13306922204101282 41.747191572975133 2.6805164714535383
leaf_weight=357 221 236 638 91 92 101 228 374 120 40 546 1396 970 1061 2074 8497 359 1041 91 1481 673 2288
leaf_count=357 221 236 638 91 92 101 228 374 120 40 546 1396 970 1061 2074 8497 359 1041 91 1481 673 2288
internal_value=-4.01488e-05 -0.00207906 5.00568e-05 0.00168132 9.79681e-05 -0.000194974 0.00142749 -0.00131799 0.0031278 -0.00467604 -2.02348e-05 0.000273003 -0.000278025 0.00254803 -0.000295305 -0.000714474 2.45365e-05 0.00204545 -3.03644e-05 0.000172335 0.00128809 -0.000380658
internal_weight=22975 962 22013 898 677 565 329 466 211 397 21115 9878 11237 1966 7912 9467 905 1770 729 6516 2154 4362
internal_count=22975 962 22013 898 677 565 329 466 211 397 21115 9878 11237 1966 7912 9467 905 1770 729 6516 2154 4362
cat_boundaries=0 13 15 28 30 43 44 46 60 73 75 88 102 114 116 118 120 134
cat_threshold=41943056 3473408 67108880 4160 262208 0 128 1342210048 0 2147483716 612433920 17301512 393216 2299036224 82524 217153 0 301989888 32784 16384 4129 64 134234112 559112 17825808 8 268566593 10485888 21497346 16896 1 0 0 32768 16384 4097 64 16384 0 17825792 0 64 2097152 2 64900654 453264 2149580808 10288 3758096384 0 3221258752 0 0 8192 69632 67633411 0 2147499008 524545 4 4456452 1082130432 128 2097792 17825792 16777284 512 0 4 2130952 1258291232 548 14848 2013368320 70664 4456452 8388608 0 2097792 17825792 16777284 768 0 4 1064 1073741824 3146276 14880 2166358024 16777232 2684354560 4 268534272 0 0 8192 69632 67764481 0 14336 1048834 4 0 8224 0 0 32768 0 0 0 0 2 0 2147484672 63180292 2048 2483036240 69735 1054128 11845 1073741824 131072 4096 8192 403177476 2304 0 65536 0 1088454656 186650768 16 33822 3
is_linear=0
shrinkage=0.045


Tree=321
num_leaves=23
num_cat=17
split_feature=0 0 3 2 1 3 5 0 3 5 0 5 0 5 3 0 0 0 4 5 1 0
split_gain=2.21986 1.67499 1.18992 0.791814 5.64915 3.49287 2.72016 2.27481 4.70642 2.01241 1.84067 1.36734 1.06383 0.97594 0.971453 5.23313 4.23204 2.39026 3.77909 2.64873 2.70941 2.35077
threshold=0 1 2 3 4 5 6.0626210638078133 6 7 2.6735537653587347 8 6.0461887465411452 9 1.4978661367769956 10 11 12 13 14 5.4402485097224949 15 16
decision_type=9 9 9 9 9 9 10 9 9 10 9 10 9 10 9 9 9 9 1 10 9 9
left_child=2 -2 -1 4 5 10 -6 8 -5 13 -3 -7 -11 -10 16 -16 -9 -18 -19 20 -20 -17
right_child=1 3 -4 7 6 11 -8 14 9 12 -12 -13 -14 -15 15 21 17 18 19 -21 -22 -23
leaf_value=0.51111791158378761 5.800761688895463 -7.1157847409836172 -4.2028807134132871 -4.0492430716355736 104.62173145721611 -0.30346148308057308 -29.759521882944135 -14.21526791910197 3.0954025357329735 1.678348708847152 -71.761253811150638 74.165412914701136 69.610170414016906 -189.36178323077968 13.180271218269645 3.04822382005892 -6.2804673172520049 -57.510516810005029 21.852352745024398 37.524989461148358 -0.52550926600917591 -4.50170612500935
leaf_weight=208 106 311 633 492 249 601 41 1372 88 103 434 39 529 36 1508 3133 3344 105 636 841 3606 4560
leaf_count=208 106 311 633 492 249 601 41 1372 88 103 434 39 529 36 1508 3133 3344 105 636 841 3606 4560
internal_value=-9.49863e-05 -8.12788e-06 -0.0023476 -3.67514e-05 -0.000973622 -0.0021743 0.00461921 4.0879e-05 0.00189286 0.00410156 -0.00425033 0.000276074 0.00518139 -0.00107143 -8.12104e-05 0.000251547 -0.000390278 -1.58006e-05 0.000588462 0.000765487 0.000307493 -0.000224854
internal_weight=22975 22134 841 22028 1675 1385 290 20353 1248 756 745 640 632 124 19105 9201 9904 8532 5188 5083 4242 7693
internal_count=22975 22134 841 22028 1675 1385 290 20353 1248 756 745 640 632 124 19105 9201 9904 8532 5188 5083 4242 7693
cat_boundaries=0 13 25 27 28 30 32 45 47 60 73 75 89 103 117 118 120 134
cat_threshold=8388624 1075118080 67108880 4672 2147483648 516 128 32768 0 2147483716 612368416 17301512 393216 0 2147483648 0 0 0 0 0 0 0 16 0 268435520 30934018 4096 1 89 3184 180852244 19072 0 0 2986344448 32769 268698116 32 0 134217728 559112 1090519040 4248 133760 9961473 548618336 334560 1073741824 0 0 0 0 0 0 0 0 0 16 33792 1 0 0 536870912 32769 0 0 0 0 2048 0 0 0 1048576 1056702506 193700 2197880836 8520816 1073741824 20 16392 256 512 8192 0 20483 16842752 8192 2121776 4 2185297924 27264096 0 16 147456 257 512 16384 0 20993 16842752 1056768 2121730 6 2359296 33687572 1073741825 4 150994952 536870912 0 8192 1024 688138 402653184 2149585940 16 1 1 278881 1024 294920 18884612 1 0 134217728 536871936 0 81920 1024 8421376 402653184 2150634516 67108866 3
is_linear=0
shrinkage=0.045


Tree=322
num_leaves=23
num_cat=19
split_feature=0 3 2 3 0 5 1 2 3 0 0 1 1 3 0 5 0 3 0 5 3 3
split_gain=2.49108 3.30247 2.69528 1.41114 1.37383 0.900833 0.833606 0.716189 2.15279 3.76947 3.39334 1.88458 1.87551 3.08615 2.55216 1.76068 1.63753 2.78283 1.85379 1.90323 1.60987 1.58578
threshold=0 1 2 3 4 4.5271940351011493 5 6 7 8 9 10 11 12 13 4.4484992763719129 14 15 16 2.9174053685313028 17 18
decision_type=9 9 9 9 9 8 9 9 9 9 9 9 9 9 9 8 9 9 9 10 9 9
left_child=1 2 3 5 -2 -1 -5 8 10 20 -6 -12 14 -14 21 -13 17 18 19 -9 -10 -11
right_child=4 -3 -4 6 7 -7 -8 16 9 12 11 15 13 -15 -16 -17 -18 -19 -20 -21 -22 -23
leaf_value=-7.8071995179940128 6.2625011821799124 -5.7291817003532008 -25.690765621824646 2.7929634394021559 -4.4079023217130811 37.955340277897136 85.430474548685012 -121.4358036229408 10.26910563622252 7.0877252381536522 5.8351555489615929 37.518144796503584 -27.810373306611954 8.6577995614368586 -97.930814015261021 146.94756339259987 -0.36243690487841373 14.462298835751989 4.9445841814482625 -10.704707257454993 -4.1144575324961439 -36.772854772531097
leaf_weight=73 147 400 138 103 566 46 142 67 1231 266 360 193 368 414 453 88 14357 1242 395 444 1152 330
leaf_count=73 147 400 138 103 566 46 142 67 1231 266 360 193 368 414 453 88 14357 1242 395 444 1152 330
internal_value=-0.000159616 -0.00246171 0 0.00203457 -6.41838e-05 -0.00188931 0.00393969 -9.43568e-05 -0.000542518 -0.00102224 0.00112592 0.00334227 -0.00255155 -0.000850126 -0.00379595 0.00606655 5.31271e-05 0.00120833 -0.000686275 -0.0024522 0.000159708 -0.00177632
internal_weight=22975 902 502 364 22073 119 245 21926 5421 4214 1207 641 1831 782 1049 281 16505 2148 906 511 2383 596
internal_count=22975 902 502 364 22073 119 245 21926 5421 4214 1207 641 1831 782 1049 281 16505 2148 906 511 2383 596
cat_boundaries=0 13 15 16 18 30 32 33 35 48 61 63 65 67 80 93 95 108 110 112
cat_threshold=16777232 1075118080 2214592528 2415923264 2415919172 512 128 32768 0 4 604110880 16779272 393216 3385476634 16388 70 1224753664 16384 0 0 0 0 0 0 0 0 2048 16 0 268435520 16416 512 3 1418752232 41120 33554432 4 1073741824 129 142606336 33554432 0 0 671088640 1073742080 4248 2147489412 32789 8388608 0 1073741824 128 8388608 33554432 0 0 0 1073741824 4224 2147516928 21 524316 1072 86 69136 17596950 4690 8388608 0 0 0 0 0 0 0 0 0 0 33024 2147483688 12877832 9216 536870912 32768 8388616 0 512 0 524288 16785408 1124073472 135968 12084480 1654329592 147780 0 9216 0 0 8388608 0 512 0 0 0 50331648 32 16384 151915030 7187 34080272 131148
is_linear=0
shrinkage=0.045


Tree=323
num_leaves=23
num_cat=11
split_feature=0 5 3 0 5 5 0 3 5 5 5 1 5 5 5 3 0 5 5 0 3 0
split_gain=2.4158 1.52591 2.01045 1.82237 1.27875 1.48872 1.16439 1.54193 1.69299 2.98493 1.29825 0.941546 1.35658 0.836842 0.712018 1.8482 0.933269 0.928701 1.43423 0.867932 4.069 1.30449
threshold=0 5.2600927804663344 1 2 3.9019216517693867 4.2696729980286863 3 4 3.5114340430413216 3.7726948748059121 4.4005842009683471 5 3.6762205501217919 4.4601277074540464 6.6234007758748676 6 7 7.7352145821536622 6.9092530334720372 8 9 10
decision_type=9 10 9 9 10 10 9 9 10 10 10 9 10 10 10 9 9 10 10 9 9 9
left_child=1 2 11 4 -4 -6 7 -2 -9 -10 -11 12 -1 -14 19 -16 17 18 -17 20 21 -8
right_child=6 -3 3 -5 5 -7 14 8 9 10 -12 -13 13 -15 15 16 -18 -19 -20 -21 -22 -23
leaf_value=-9.8795962693574246 -3.8525748225031564 -24.394909859025791 -10.915758732306784 -18.142683848591041 50.363162100246626 0.42306113529873979 34.429794468153119 66.3733049297945 -123.46104155828557 60.302293916322704 1.4409377388083884 74.041361859772579 85.541562549022274 -0.49760532851050809 138.78901404247662 33.21791760571768 -16.49380071387888 145.12775990418854 -13.698936843758711 -0.15873058035733265 -13.705389744284711 -1.4709610764541867
leaf_weight=38 265 133 85 351 36 88 544 123 37 87 104 118 36 38 106 50 275 40 92 19014 926 389
leaf_count=38 265 133 85 351 36 88 544 123 37 87 104 118 36 38 106 50 275 40 92 19014 926 389
internal_value=-0.00014199 -0.00238235 -0.00164773 -0.00306818 0.00030543 0.00321429 -4.6909e-05 0.00186306 0.00378099 0.00156522 0.00384715 0.0018595 -0.00108871 0.00236842 -0.000102807 0.00147345 0.000143923 0.00255155 0.0009375 -0.000145509 -0.00107028 0.00102381
internal_weight=22975 923 790 560 209 124 22052 616 351 228 191 230 112 74 21436 563 457 182 142 20873 1859 933
internal_count=22975 923 790 560 209 124 22052 616 351 228 191 230 112 74 21436 563 457 182 142 20873 1859 933
cat_boundaries=0 13 15 28 40 42 44 46 58 71 73 86
cat_threshold=16777232 1075118080 2214592528 2415923776 2416967684 512 0 268468224 0 68 612499488 8 2490368 9573474 16900 0 262144 0 512 269484032 0 0 0 0 0 67239936 0 2097152 537067584 0 268435456 32768 0 4096 0 64 526336 16777744 16777224 268566593 147357728 22564 2144 2560 138970112 65536 32768 0 0 0 142606336 0 0 0 0 0 0 2147483648 2158006272 2149580864 570425472 2097168 294912 16777253 64 1024 8 2214608897 0 534528 524294 3765124178 90420 2129920 64 0 2097168 32768 16777216 0 0 0 67108865 0 2048 4
is_linear=0
shrinkage=0.045


Tree=324
num_leaves=23
num_cat=15
split_feature=0 3 5 5 0 1 5 5 1 3 0 3 3 0 5 0 5 5 3 0 0 0
split_gain=1.88742 2.01696 1.43616 1.04881 1.00271 0.797815 0.887145 0.770208 0.705295 4.02213 1.72291 2.26854 2.21494 1.42752 1.24885 1.07328 0.936082 1.93504 0.831787 6.72757 2.43013 2.40003
threshold=0 1 4.1971736807086968 4.3107766033702406 2 3 4.1026092131977068 3.1132683346437333 4 5 6 7 8 9 5.0530509062989237 10 4.0342014792848504 4.5271940351011493 11 12 13 14
decision_type=9 9 8 10 9 9 10 10 9 9 9 9 9 9 10 9 8 10 9 9 9 9
left_child=1 2 7 -4 -2 6 -3 -1 9 13 12 -12 -11 -6 15 -13 -17 -18 19 -10 -21 -20
right_child=4 5 3 -5 8 -7 -8 -9 18 10 11 14 -14 -15 -16 16 17 -19 21 20 -22 -23
leaf_value=-6.6882231205849161 9.1054118790078249 -7.4231745785854217 -48.042478277580486 -0.46519754636470678 1.078130883204576 -5.2950730583066612 29.991244834314784 45.747046414258079 7.4685921279959802 -58.686010386885755 28.968767455772067 -43.190929822908728 -0.28673544643432253 69.840747265155571 9.3026982530960769 -50.123315462187144 352.47411294086345 -81.225476380662712 4.7374330928185007 -58.311240511019278 -7.8636286610030579 -0.75662165343892407
leaf_weight=38 101 63 40 158 135 389 45 136 1621 229 338 112 455 298 58 90 50 36 1835 237 1944 14567
leaf_count=38 101 63 40 158 135 389 45 136 1621 229 338 112 455 298 58 90 50 36 1835 237 1944 14567
internal_value=-0.00012828 -0.00217083 0.000351562 -0.00225 -4.67945e-05 -0.00402259 -0.000375 0.00332386 -6.84698e-05 0.000781853 -0.000423913 0.00116379 -0.00200431 0.0045 -0.00138268 -0.00263793 -0.000239362 0.00306818 -0.000144687 -0.000743314 -0.00237004 -5.48312e-06
internal_weight=22975 869 372 198 22106 497 108 174 22005 1801 1368 684 684 433 346 288 176 86 20204 3802 2181 16402
internal_count=22975 869 372 198 22106 497 108 174 22005 1801 1368 684 684 433 346 288 176 86 20204 3802 2181 16402
cat_boundaries=0 13 15 27 29 31 33 44 46 48 54 65 67 81 94 107
cat_threshold=8388624 1075118144 2248146960 2415923776 262148 36 64 32768 0 68 75628544 2056 2228224 2185889360 4100 196608 0 0 0 0 0 0 0 0 0 0 268435520 1048580 2178 2147516512 160 1951670298 280 0 2225209344 536871041 16 0 2048 0 0 0 0 65672 17482848 66180 2197815364 197252 0 117440512 0 0 0 1024 0 50331648 1073741824 4 0 0 0 0 0 0 16 913647656 295944 2147745792 15376 0 0 655616 0 0 73728 536871936 1080168456 0 41984 2147524653 5 2097152 32 0 0 32768 536870912 0 0 32768 50192 0 1048576 16384 50331656 32 0 0 1073791040 536870912 0 0 38912 50704 16777216 16781569 1853696
is_linear=0
shrinkage=0.045


Tree=325
num_leaves=23
num_cat=20
split_feature=0 3 0 4 0 0 4 0 3 0 3 5 0 3 0 2 3 3 0 3 5 0
split_gain=2.29326 1.63207 1.4014 1.21373 1.0745 0.977269 0.661603 4.42552 5.46973 3.40134 3.57154 2.84023 2.72654 2.92796 2.81419 2.57555 2.41847 2.4184 2.3256 4.19325 3.04594 2.2318
threshold=0 1 2 3 4 5 6 7 8 9 10 6.756350655615905 11 12 13 14 15 16 17 18 3.2769667020129059 19
decision_type=9 9 9 1 9 9 1 9 9 9 9 8 9 9 9 9 9 9 9 9 8 9
left_child=1 2 -1 -4 -3 -2 7 8 -7 10 11 15 16 14 -14 -8 -9 -10 19 20 -11 -15
right_child=5 4 3 -5 -6 6 9 12 17 18 -12 -13 13 21 -16 -17 -18 -19 -20 -21 -22 -23
leaf_value=-2.7801955324276788 6.7199070528851186 -16.234225181319598 -2.4278221184939319 -24.344182182582806 2.0388228842987517 247.08566897531404 -110.98197661150654 -2.0912115662254656 -84.136687764042549 23.987151939059984 -0.06371948992391481 122.76677285659315 5.9618088410927159 -1.6391198727591836 -23.44929149244097 0.033698898596740037 -62.778564503878442 13.506085870712139 -1.1938832080162318 15.953838797896424 -13.452677185213251 25.650042875774123
leaf_weight=101 116 108 67 119 341 217 387 438 133 139 568 55 725 1397 1427 114 329 1026 11705 1097 817 1549
leaf_count=101 116 108 67 119 341 217 387 438 133 139 568 55 725 1397 1427 114 329 1026 11705 1097 817 1549
internal_value=-0.000136114 -0.0025869 -0.00519231 -0.0075 -0.000829718 -5.35931e-05 -7.62367e-05 0.000276474 0.00256124 -0.000247917 -0.00261444 -0.00514965 -0.000264165 0.000114481 -0.00114372 -0.00630716 -0.0027439 0.00128736 -5.22876e-05 0.00134019 -0.000836777 0.00103448
internal_weight=22975 736 287 186 449 22239 22123 7241 1376 14882 1124 556 5865 5098 2152 501 767 1159 13758 2053 956 2946
internal_count=22975 736 287 186 449 22239 22123 7241 1376 14882 1124 556 5865 5098 2152 501 767 1159 13758 2053 956 2946
cat_boundaries=0 13 15 26 27 40 52 53 67 69 82 84 97 99 113 114 116 118 131 133 147
cat_threshold=16 1376256 2214592592 2415923780 4 2048 0 32768 0 84 75694080 8 2490368 16864258 19004 16 65536 67108864 64 4 0 0 0 0 0 8519680 2 0 65536 2147483648 0 4 0 0 0 0 0 8519680 0 131072 200704 0 0 0 0 0 0 0 524288 0 0 64 2 35913728 48 0 0 268435456 536872000 512 134217728 0 11044896 1610612736 1052928 67122066 2 1211110400 6176 6553664 80 536871040 0 1360003072 5185 512 134217728 69632 2754560 1610612736 528384 4482 135023696 80004 0 3072 0 0 229376 0 0 268443648 0 257 436207744 16818736 1064960 2193773392 29496 0 67117060 1 0 143654912 0 0 1073741824 536870920 131074 16777216 132 34820 4 6 2290663472 6148 541065730 16384 9 2147617792 4096 0 2147647488 16777220 0 73728 0 2147484419 452984960 16818209 1064960 2408374316 199303 0 67117060 1 0 143671296 256 0 1073741824 536870912 151554 16777216 2622468 8389640 4
is_linear=0
shrinkage=0.045


Tree=326
num_leaves=23
num_cat=19
split_feature=0 0 3 2 2 0 3 0 0 3 0 3 3 5 0 5 5 3 0 0 3 0
split_gain=1.77777 1.08315 0.812347 0.953638 0.749267 1.80901 1.74862 1.99899 1.70474 3.68646 1.98362 2.11226 2.01888 1.72514 1.56893 1.40936 1.46041 1.40219 6.38547 5.11452 4.70375 3.95862
threshold=0 1 2 3 4 5 6 7 8 9 10 11 12 4.1971736807086968 13 5.0657496176235997 4.4484992763719129 14 15 16 17 18
decision_type=9 9 9 9 9 9 9 9 9 9 9 9 9 10 9 10 8 9 9 9 9 9
left_child=2 -2 -1 -4 5 -3 7 -7 9 -6 11 -11 -12 -13 -8 16 -14 18 -10 20 -19 -22
right_child=1 4 3 -5 8 6 14 -9 17 10 12 13 15 -15 -16 -17 -18 19 -20 -21 21 -23
leaf_value=-6.2908701498556541 6.4246436503554101 -35.729287020442278 0.82577154765276639 -4.9682467042666758 -4.3360676233601954 -3.0993796758040841 1.3506671628815456 14.413295802277279 -12.286949174064357 -6.5264603947667092 -1.5349173461450845 2.5732297514719722 35.951502851199365 74.724234569687468 -9.3147610260912543 1.7687857823727609 153.83759304423236 -0.7087484696154206 1.5453307250799844 -2.2132896277807959 110.31524700467536 11.728687716609857
leaf_weight=231 126 293 223 206 1030 627 1451 1069 2041 344 108 280 205 225 2103 60 82 845 4803 5340 648 635
leaf_count=231 126 293 223 206 1030 627 1451 1069 2041 344 108 280 205 225 2103 60 82 845 4803 5340 648 635
internal_value=-0.000130239 -6.14727e-05 -0.00241071 -0.00117347 -8.61448e-05 -0.000538704 -0.000342075 0.000843091 6.48337e-05 0.00118926 0.00276976 0.00143728 0.00515525 0.00326402 -0.000908581 0.00683148 0.00833045 -0.00011938 -0.00058416 0.000306818 0.00216589 0.00387452
internal_weight=22975 22315 660 429 22189 5543 5250 1696 16646 2334 1304 849 455 505 3554 347 287 14312 6844 7468 2128 1283
internal_count=22975 22315 660 429 22189 5543 5250 1696 16646 2334 1304 849 455 505 3554 347 287 14312 6844 7468 2128 1283
cat_boundaries=0 13 25 27 28 29 42 44 57 70 72 85 87 88 101 103 117 131 133 145
cat_threshold=16 1376256 2214592592 2415923268 2147483716 2080 192 0 0 2116 8585216 8 2228224 131072 0 0 0 0 0 0 134217728 0 0 0 16777280 17825840 10268 4 3 14712832 0 536870912 128 0 0 0 65536 0 2155888640 0 0 1049600 3315086062 42144 2147483648 0 0 0 131072 0 0 8192 0 1073741848 144 2415952388 16 12877824 8396800 536870912 32768 8519680 1 0 0 624640 8446208 16777216 800 9987328 3768400024 239908 4227072 8192 0 0 8388608 0 0 0 65536 8405248 0 256 9445376 33719840 648 20987968 2181038080 0 0 1 134348800 33554432 0 8192 536870912 1073741840 152 2415957508 32784 501760366 320698 8 1092620384 1 0 16392 536870912 0 33792 4096 67764226 337641472 2148543488 67141632 7 2097160 1092620388 1 0 268435720 570425344 0 40960 4096 67239970 270532608 2148543488 67108864 1 1644368896 137984 8 2101344 0 0 256 0 0 0 0 131074 0 2147484672
is_linear=0
shrinkage=0.045


Tree=327
num_leaves=23
num_cat=15
split_feature=0 3 5 5 0 0 5 5 4 0 3 2 5 5 0 3 0 0 3 0 5 3
split_gain=1.95464 2.41148 1.49641 1.32189 1.16772 1.0585 1.04202 0.797287 0.725241 4.19199 3.02904 2.15709 1.7571 1.35642 1.2721 3.51474 1.54416 0.998258 2.88317 1.31333 1.26312 1.01112
threshold=0 1 3.5114340430413216 6.0124911652234827 2 3 3.8815106545092593 3.1984648276080736 4 5 6 7 2.9700856263602158 5.3821962081647756 8 9 10 11 12 13 5.8245230014317348 14
decision_type=9 9 10 8 9 9 8 8 1 9 9 9 8 8 9 9 9 9 9 9 10 9
left_child=1 2 7 5 6 -3 -2 -1 9 -6 11 13 -12 -11 15 -10 -17 18 19 -16 -20 -19
right_child=4 3 -4 -5 8 -7 -8 -9 14 10 12 -13 -14 -15 17 16 -18 21 20 -21 -22 -23
leaf_value=-6.8108104332746002 -2.0617474720500466 18.657873933935697 -14.122986175157985 -54.559072092267762 10.497885324321542 -3.0171102550585784 213.32178338379822 26.683370924118051 25.813085368426108 91.726392192863202 -0.22085812589892156 -49.962520536564625 -96.163756777350713 -25.929582617381637 -4.5134085596342262 26.543976119208491 -11.340619802077416 -1.399714596961785 2.9362599963318825 -32.417467372803841 -18.23267947643302 0.69563452504622547
leaf_weight=38 45 219 120 64 465 284 62 46 658 81 50 113 217 39 164 231 607 7661 731 187 54 10839
leaf_count=38 45 219 120 64 465 284 62 46 658 81 50 113 217 39 164 231 607 7661 731 187 54 10839
internal_value=-0.000175284 -0.00238506 -0.00645833 -0.000816062 -9.72272e-05 -4.45545e-05 0.00434874 -0.00209302 -0.000121105 -0.00132627 -0.00413086 -0.00027551 -0.00733871 0.00375 -6.60074e-05 0.00119363 -0.000741176 -0.000162612 -0.00145035 -0.00477273 8.46926e-05 -8.26491e-05
internal_weight=22975 771 204 567 22204 503 107 84 22097 965 500 233 267 120 21132 1496 838 19636 1136 351 785 18500
internal_count=22975 771 204 567 22204 503 107 84 22097 965 500 233 267 120 21132 1496 838 19636 1136 351 785 18500
cat_boundaries=0 13 15 27 38 39 52 54 55 69 71 84 98 100 114 116
cat_threshold=24 1376320 2214592592 2415923268 2147483716 2048 128 0 0 133124 8585248 8 2228224 16846848 207000 196608 0 0 0 0 0 0 134217728 0 0 0 64 24 262208 0 268435520 2147483648 0 0 0 0 131072 131104 1 1073741824 0 0 0 131072 0 0 0 0 0 16781440 2415919872 1 8519896 264192 6 41943044 0 1610612736 32768 16392 4096 0 0 591872 3221225472 1157627912 161 8927488 4 184767602 336776 0 0 536870912 0 0 0 0 0 0 1073741824 1073741824 129 8912896 1077940288 2149597200 301994112 128 0 36 64 33792 8 16777283 536870912 269090816 1048578 2 2710323714 11008 1073745920 0 0 0 0 4 0 0 0 2 536870912 524288 0 2 527946760 369889
is_linear=0
shrinkage=0.045


Tree=328
num_leaves=23
num_cat=15
split_feature=0 3 0 0 5 4 5 5 2 0 3 0 0 3 5 3 0 5 5 5 3 0
split_gain=2.04807 2.03538 1.1583 1.00382 1.32419 0.876005 0.736598 0.643062 0.616453 3.53498 2.07738 2.81209 2.37262 2.44001 2.62423 2.0859 2.00438 1.55147 1.43963 2.24145 2.12866 1.39569
threshold=0 1 2 3 5.0906732680195743 4 4.4716224665663962 4.2555875595453383 5 6 7 8 9 10 3.4498615536424366 11 12 4.0342014792848504 5.1269313471631675 5.0336952619030333 13 14
decision_type=9 9 9 9 8 1 10 8 9 9 9 9 9 9 8 9 9 8 8 10 9 9
left_child=1 6 5 4 -2 -3 7 -1 16 17 11 15 13 -12 -15 -11 -5 -10 19 -14 -20 -18
right_child=3 2 -4 8 -6 -7 -8 -9 9 10 12 -13 18 14 -16 -17 21 -19 20 -21 -22 -23
leaf_value=-19.100653174953003 16.968857649424606 -1.0589357261556143 -4.0345409616174583 107.41480691695529 -29.609878541858233 108.47909016177752 -51.993795965170975 0.83636724933732687 -17.652946839793877 -27.50265883222886 -0.58884499515341304 -16.789057747193546 -1.5144686942830594 -8.2866259028419513 89.77316927914417 22.517369037832758 -3.7239172553909157 -96.902710689677832 -5.2700471390067829 -111.83385482422435 29.140338592259749 0.35197475230248526
leaf_weight=108 140 168 259 100 41 63 56 42 184 234 227 1890 1316 107 244 573 1171 179 227 41 420 15185
leaf_count=108 140 168 259 100 41 63 56 42 184 234 227 1890 1316 107 244 573 1171 179 227 41 420 15185
internal_value=-0.000159616 -0.00254237 -0.000896414 -8.37782e-05 0.00314767 0.00138889 -0.00619266 -0.00473684 -0.00011194 -0.000517333 -0.000216878 -0.00108804 0.000693909 0.00320339 0.00551653 0.00112637 2.73257e-05 -0.00474 -4.46429e-05 -0.000877483 0.00169877 -1.37463e-05
internal_weight=22975 696 490 22279 181 231 206 150 22098 5642 5279 2697 2582 578 351 807 16456 363 2004 1357 647 16356
internal_count=22975 696 490 22279 181 231 206 150 22098 5642 5279 2697 2582 578 351 807 16456 363 2004 1357 647 16356
cat_boundaries=0 13 15 25 37 38 39 52 54 67 80 82 84 97 99 113
cat_threshold=65560 1376320 67108944 2415923268 2147483716 2048 128 0 0 133124 8519680 8 131072 16842752 157880 65560 262208 0 2147483652 2147483648 0 0 0 0 131072 33554432 0 1073741824 0 0 32 64 0 0 32 0 64 4 116 14843904 9220 536870912 0 0 0 0 65536 0 2155892736 0 1048576 1051648 711429140 350291 0 131072 0 0 134348800 0 0 0 0 1073741824 32 2415920260 5 0 4128 2147483648 1 256 0 0 0 536870912 0 150999056 35072 40 2148532322 131744 576782336 278544 12582912 0 536870912 0 131072 0 0 0 0 8192 0 512 524288 2165325888 131232 5 16432 128 17 16794112 517 0 1207993344 8 83886592 606142464 524288 262146 18
is_linear=0
shrinkage=0.045


Tree=329
num_leaves=23
num_cat=19
split_feature=0 3 0 5 3 0 0 0 0 3 5 3 3 3 0 2 0 5 3 0 0 2
split_gain=1.73635 2.13205 1.0522 0.999738 0.712909 8.26523 3.68935 3.43275 3.01924 2.72723 2.64845 2.90613 2.46808 1.94871 2.25145 2.04677 1.85354 1.82238 1.81384 5.65576 4.72126 1.87293
threshold=0 1 2 3.7726948748059121 3 4 5 6 7 8 6.1537953943602615 9 10 11 12 13 14 3.9607678160667752 15 16 17 18
decision_type=9 9 9 8 9 9 9 9 9 9 8 9 9 9 9 9 9 8 9 9 9 9
left_child=1 3 -2 -1 5 12 9 -6 10 -7 13 -12 -4 -9 -15 -16 -11 -18 19 -10 -20 -21
right_child=2 -3 4 -5 7 6 -8 8 18 16 11 -13 -14 14 15 -17 17 -19 20 21 -22 -23
leaf_value=108.26225091639112 47.682818237086408 -5.0390557467247339 -3.8050378706758057 0.33355004286750045 -6.6229390849671468 35.652956190582678 -1.0560014887432407 -15.024383878895023 -11.404657016560959 -12.610604154366191 -4.9218710494729931 77.843947113301212 -40.479219013383336 -17.227405095944341 -19.139790639170606 15.960107505573905 -4.1548699422771458 25.625552224729581 -2.0644453152721507 10.456083935450224 15.509753118602712 -5.9237999483353629
leaf_weight=36 108 563 502 67 1383 720 3345 2501 2259 339 408 296 714 593 273 1338 145 175 1614 2955 2298 343
leaf_count=36 108 563 502 67 1383 720 3345 2501 2259 339 408 296 714 593 273 1338 145 175 1614 2955 2298 343
internal_value=-0.000145907 -0.00238938 -7.76175e-05 0.00332609 -0.000100279 -0.000521673 0.000332559 5.39237e-05 0.000253862 0.00228073 -0.000593525 0.00197592 -0.00381107 -0.000979924 0 0.000873383 0.00016766 0.0025753 0.000738055 0.000214132 0.00147936 0.0014003
internal_weight=22975 666 22309 103 22201 5940 4724 16261 14878 1379 5409 704 1216 4705 2204 1611 659 320 9469 5557 3912 3298
internal_count=22975 666 22309 103 22201 5940 4724 16261 14878 1379 5409 704 1216 4705 2204 1611 659 320 9469 5557 3912 3298
cat_boundaries=0 13 15 27 29 43 57 71 84 86 88 90 92 105 106 116 118 131 145 146
cat_threshold=196608 65600 2248147024 2415923268 2147745856 2084 0 32768 0 2147625028 8454144 8 131072 13632064 16 8388608 0 0 0 0 0 0 0 0 16 0 64 116691016 304187 2097168 50462752 0 2097280 557060 536870913 0 134217728 4 49408 218234880 2626304 67142657 1 2147782656 67110912 536875008 1 256 1024 0 90112 536870912 11538440 838864896 1058820 2147483680 2 2147749956 67110912 805310592 1 1049096 512 0 24576 4104 2097153 1610616832 1181728 288 2 1073774593 2098192 1 32768 1082147072 0 512 268501056 536870912 1053736 304087056 8192 2147483678 15732736 26 2147484178 6212 6586440 8192 2550802182 16516 32768 0 0 0 256 0 512 65536 536870912 1048576 2097152 0 4 2 2147516416 0 536870912 0 256 1024 0 65536 536870912 4104 1627931824 203392 16 12320 1073741824 8192 134742016 33555712 0 134217728 32768 80232706 131200 37908 16385 8 58720260 0 0 131072 536872000 0 0 35840 1073741824 83886080 2166883712 48640 5 86
is_linear=0
shrinkage=0.045


Tree=330
num_leaves=23
num_cat=19
split_feature=0 3 0 1 5 0 3 0 3 3 0 0 0 3 3 0 5 0 2 5 3 0
split_gain=1.98202 2.2255 1.18351 1.17206 0.67009 0.664773 5.90802 1.78941 1.65718 1.28595 4.58143 3.29182 2.67325 1.71585 1.61676 2.10666 1.53819 1.50859 2.29371 1.65954 1.8846 1.9495
threshold=0 1 2 3 3.5408542930527882 4 5 6 7 8 9 10 11 12 13 14 4.6681339642869872 15 16 6.2334293711344477 17 18
decision_type=9 9 9 9 10 9 9 9 9 9 9 9 9 9 9 9 8 9 9 8 9 9
left_child=1 -1 -2 4 -3 6 7 -4 -8 10 14 13 -12 -11 16 -16 -7 18 -13 20 -20 -22
right_child=2 3 5 -5 -6 9 8 -9 -10 11 12 17 -14 -15 15 -17 -18 -19 19 -21 21 -23
leaf_value=-6.4390734682639597 24.472402374616721 26.667429100745849 -46.744720475410396 2.91086021563784 -47.003115880697003 -7.7871953004537495 40.151001428042768 -2.0358905785889512 3.6963802551162006 -16.7374168548311 -35.827232525307807 187.78297991428141 -5.0193569283728898 -1.7328185803324594 109.58757650742766 5.0087520369363485 19.928686112527739 0.209311953481847 26.797416589249639 -12.921440064030756 -12.479106187156431 11.289567366148548
leaf_weight=321 105 35 337 336 73 556 290 371 696 725 289 120 4066 759 203 591 264 10952 708 181 513 484
leaf_count=321 105 35 337 336 73 556 290 371 696 725 289 120 4066 759 203 591 264 10952 708 181 513 484
internal_value=-0.000169409 -0.00240347 -9.11259e-05 -0.000296053 -0.004125 -0.000114957 0.00073857 -0.002375 0.00297595 -0.000186187 -0.000741097 4.35866e-05 -0.00149931 -0.00195521 0.00130074 0.00273573 -0.000108173 0.000274094 0.00140486 0.000995785 0.00143673 0.000156095
internal_weight=22975 765 22210 444 108 22105 1694 708 986 20411 5969 14442 4355 1484 1614 794 820 12958 2006 1886 1705 997
internal_count=22975 765 22210 444 108 22105 1694 708 986 20411 5969 14442 4355 1484 1614 794 820 12958 2006 1886 1705 997
cat_boundaries=0 13 15 27 29 43 45 59 61 63 77 91 104 106 108 122 135 136 138 151
cat_threshold=16842752 1073741888 2214592592 2147487812 2147483716 50333696 128 0 0 67248148 8388608 16777224 2228224 2151743520 80044 0 0 0 0 0 0 0 268435456 0 1048576 0 64 32864 513 4198404 2147614736 1073741824 41088 16384 4128 0 0 591872 1073774592 18874408 268566565 4129 4 2693644304 51252 4 16 1073741824 32768 0 0 0 0 2048 0 2097152 268435489 4129 4 168960002 262848 259402798 263938 32784 262144 1 2097153 18481152 536871936 0 1073807360 32772 4214792 268435456 1578112 67118720 2 80 262144 4097 2097169 17825792 1280 256 1208008704 4 20971584 1610678272 1052672 9344 2 8388608 33554464 0 0 32776 0 0 0 0 1282 0 2048 2 8917648 217096 172369932 262144 32768 0 0 0 1048576 1024 0 0 4 4194304 0 1048576 9216 2 8667136 35651616 536870912 268435968 268469000 513 0 0 0 1827 100663296 2816 526594 160 1073758928 24769 262144 2097184 0 0 33024 0 0 0 0 1282 67108864 512 2
is_linear=0
shrinkage=0.045


Tree=331
num_leaves=23
num_cat=13
split_feature=0 3 5 5 0 5 5 5 5 0 5 4 2 3 0 3 5 1 0 5 0 3
split_gain=2.14387 1.75125 1.30946 1.69477 1.38135 1.23412 1.29457 1.17621 1.13798 1.12381 1.19638 0.744095 0.665894 3.66779 2.33706 2.06993 2.97672 1.97017 1.61699 1.46482 1.23797 1.16506
threshold=0 1 3.3842466058243152 4.9663289649179552 2 4.4484992763719129 3.0677824455408698 4.3502571242716384 5.2857353797162627 3 4.2696729980286863 4 5 6 7 8 4.0163424379838117 9 10 5.2390944889447963 11 12
decision_type=9 9 10 10 9 10 8 10 10 9 8 1 9 9 9 9 10 9 9 8 9 9
left_child=1 5 11 4 7 6 -1 -4 -5 10 -2 -3 13 17 15 16 21 20 -15 -20 -11 -14
right_child=9 2 3 8 -6 -7 -8 -9 -10 12 -12 -13 14 18 -16 -17 -18 -19 19 -21 -22 -23
leaf_value=-97.694123142233437 0.92130007130454028 78.438847150880676 -2.6168174718783845 43.15603404357185 -19.458849515086786 -57.638545610858309 -0.99419777087070538 32.136323193267273 -0.39112381299559273 -11.023023326789735 159.53450148306302 1.6013698919472517 0.42776854478248422 -9.8520372275008583 -0.41430207740339026 31.400441139898849 98.534806914258894 -0.72534827264721569 4.2959313882725834 65.199508113487042 -69.761221260453723 -29.145805775606313
leaf_weight=39 74 55 67 41 162 87 147 39 102 231 37 97 116 331 19186 658 174 302 339 162 338 191
leaf_count=39 74 55 67 41 162 87 147 39 102 231 37 97 116 331 19186 658 174 302 339 162 338 191
internal_value=-0.00016745 -0.00238797 -0.0009 -0.00223366 -0.00433333 -0.00528947 -0.00335106 0 0.0017069 -8.22762e-05 0.00420732 0.00262987 -0.000106171 -0.000957726 -3.42971e-05 0.00193527 -0.000319473 -0.00298131 0.00117299 0.00276316 -0.00453098 -0.00298544
internal_weight=22975 836 563 411 268 273 186 106 143 22139 111 152 22028 1703 20325 1139 481 871 832 501 569 307
internal_count=22975 836 563 411 268 273 186 106 143 22139 111 152 22028 1703 20325 1139 481 871 832 501 569 307
cat_boundaries=0 13 15 25 37 38 39 41 54 56 58 70 83 85
cat_threshold=65536 327680 2214592592 2415923268 2147484164 50331648 128 268435456 0 141396 8388608 16777224 2228480 2147553288 75948 0 0 0 4 2147483652 33554432 128 0 0 131088 4 0 0 128 0 0 0 0 0 0 2097152 64 2 1 2198311964 133769 41943040 2147483648 805306368 32769 0 0 0 0 526336 1073742080 4280 133760 1572897 559391328 89632 4 3120 3221258240 0 0 0 0 0 0 0 0 1073741824 135184 2432 0 0 0 0 0 0 0 0 0 1073741824 48 268435712 1 21012480 81920
is_linear=0
shrinkage=0.045


Tree=332
num_leaves=23
num_cat=17
split_feature=0 0 3 5 5 3 1 3 3 0 0 5 5 5 3 0 0 0 3 0 0 3
split_gain=1.73812 1.13145 0.764844 0.735645 0.690694 0.863233 0.678084 4.40063 2.22759 2.79016 2.01952 1.93202 1.52524 1.43561 1.35024 4.85595 4.32262 2.60708 2.33271 5.04319 2.82797 2.22623
threshold=0 1 2 5.9801499880778026 4.4942230200312032 3 4 5 6 7 8 6.5316059599741179 3.6762205501217919 6.0294818902459815 9 10 11 12 13 14 15 16
decision_type=9 9 9 8 10 9 9 9 9 9 9 8 8 10 9 9 9 9 9 9 9 9
left_child=2 -2 -1 4 5 -4 7 10 9 -9 12 -11 -3 -12 16 -16 -8 21 19 -19 -20 -17
right_child=1 6 3 -5 -6 -7 14 8 -10 11 13 -13 -14 -15 15 17 -18 18 20 -21 -22 -23
leaf_value=-17.783717337366362 4.4525242090601926 -29.676045332697576 -47.66173847870057 -7.1273097269656498 2.1159670013623324 -0.52915268527711301 7.3290617334644406 11.237558958314947 5.8468808742904725 -7.9340532440840246 -56.81630975983682 -52.438402305252076 13.115922471009725 8.3112959561496069 -7.4699395670393276 17.775162637918164 -3.6672876669692411 -12.335898045228969 2.9184768867636013 23.44799584371016 39.325086724272111 -4.253684145181178
leaf_weight=101 133 67 106 97 194 255 2224 681 1313 1030 368 76 163 36 1912 722 7068 789 1070 707 1569 2294
leaf_count=101 133 67 106 97 194 255 2224 681 1313 1030 368 76 163 36 1912 722 7068 789 1070 707 1569 2294
internal_value=-0.000155699 -8.2981e-05 -0.00226471 -0.00162651 -0.00100987 -0.00216942 -0.000108932 -0.000660705 4.33805e-05 -0.000988049 -0.00404025 -0.00237478 -0.000557851 -0.00594952 3.67507e-06 0.000394215 -0.000377257 0.000932919 0.00166566 0.000238727 0.00246982 -7.43065e-05
internal_weight=22975 22222 753 652 555 361 22089 3734 3100 1787 634 1106 230 404 18355 9063 9292 7151 4135 1496 2639 3016
internal_count=22975 22222 753 652 555 361 22089 3734 3100 1787 634 1106 230 404 18355 9063 9292 7151 4135 1496 2639 3016
cat_boundaries=0 13 26 28 30 32 34 36 47 60 62 76 90 103 105 117 131 133
cat_threshold=196608 2147549184 2248146960 2147487812 2147745796 33554468 192 268435456 0 141316 8388608 8 132096 0 0 0 268435456 0 0 0 0 0 0 0 268439616 2097152 0 75936 2155889168 8 1476668427 8469 604777224 295696 2161251378 133284 2164281365 0 0 0 229376 536870912 256 1073741888 536872960 768 536870912 0 0 0 0 655360 0 0 0 1024 4098 0 0 67108864 2616312900 357482 42205184 262160 1073745921 8192 520 1024 0 65536 0 1605696 301989904 16778272 53682 2 8650752 393232 1073745920 8192 8 1025 0 81920 0 10010696 301993984 1056 20880 6 32768 1107430400 0 33280 0 256 0 16384 32768 14696456 2101248 1051396 2157453837 1074401312 164481 0 85995524 0 2097152 8388864 0 0 0 0 0 67108992 2149621760 6291456 75513856 536870912 0 142606400 4160 512 8192 0 0 1224736800 524304 2048 5 1141383208 131345
is_linear=0
shrinkage=0.045


Tree=333
num_leaves=23
num_cat=15
split_feature=0 3 0 0 5 5 5 5 5 5 1 3 3 0 0 0 3 0 3 5 1 3
split_gain=1.73622 1.29725 1.28783 1.21235 0.981988 2.24145 1.21156 0.721105 0.674456 0.664375 0.654142 1.63051 0.749941 7.02326 3.41814 3.17155 2.19564 2.03045 3.6103 1.86854 1.34385 2.45582
threshold=0 1 2 3 4.3630783395783075 3.7726948748059121 3.1132683346437333 4.7492611597348082 4.2413008733233104 5.3821962081647756 4 5 6 7 8 9 10 11 12 5.9175479584402915 13 14
decision_type=9 9 9 9 10 8 10 10 10 10 9 9 9 9 9 9 9 9 9 10 9 9
left_child=1 3 -2 8 5 6 -3 -6 -1 -5 11 -4 13 -12 -15 16 19 18 -17 -14 -16 -22
right_child=2 4 10 9 7 -7 -8 -9 -10 -11 12 -13 15 14 20 17 -18 -19 -20 -21 21 -23
leaf_value=67.008896853234617 8.2206614489976335 -24.735223465172783 26.330989638181197 -4.396770628546073 54.092520221134436 -10.172385911953352 31.365498221985835 0.071512331689664282 -14.351953645340254 -68.268167348249264 -15.475349195968919 -48.859943825993831 -3.5204361774784045 24.159581850307404 -1.8281989284796145 -31.238623183062664 39.172561054925389 0.063180021640964701 0.86181178103663114 189.38645052885491 35.068749758328408 -1.1399062023332953
leaf_weight=71 113 66 115 241 50 121 80 89 49 44 1097 239 714 442 3182 486 961 12728 508 73 607 899
leaf_count=71 113 66 115 241 50 121 80 89 49 44 1097 239 714 442 3182 486 961 12728 508 73 607 899
internal_value=-0.000130239 -0.00215978 -5.4789e-05 -0.00393885 -0.000322967 -0.00192379 0.00182432 0.00271277 0 -0.0055303 -8.05647e-05 -0.00196721 -4.87125e-05 -0.000465219 0.000236289 0.000119171 0.00191761 -0.000111402 -0.00205765 0.000140801 -0.000124468 0.000978261
internal_weight=22975 811 22164 405 406 267 146 139 120 285 22051 354 21697 6227 5130 15470 1748 13722 994 787 4688 1506
internal_count=22975 811 22164 405 406 267 146 139 120 285 22051 354 21697 6227 5130 15470 1748 13722 994 787 4688 1506
cat_boundaries=0 13 15 27 40 42 44 46 59 72 85 87 101 103 105 106
cat_threshold=16973824 2147549184 2248146960 2147487813 2147745856 16777220 128 1342177280 0 141316 8454144 8 394240 2281739280 29348 0 0 1073741824 268435456 512 0 0 64 0 0 0 64 0 0 0 0 64 16777216 0 0 0 2052 8388608 0 1024 402661378 16 142656032 147456 938762598 295938 10485760 111155268 0 128 32772 33554432 0 40960 33792 2 83886080 6272 67127302 266240 393216 4096 8192 1048576 0 0 1024 0 9437184 268439552 285736996 12288 10502144 41943040 268435456 512 49152 4608 0 40960 5248 2098736 83886080 6272 67651842 2147484304 147812 4113 393216 4225 40960 1048576 256 256 0 2048 1048640 1610616832 524324 12288 16 3221754368 208924 1075365137 3596 902823936
is_linear=0
shrinkage=0.045


Tree=334
num_leaves=23
num_cat=14
split_feature=0 3 0 0 5 5 5 5 0 0 3 1 0 0 5 2 5 5 5 4 3 0
split_gain=2.11412 2.92311 1.44283 1.13797 0.807041 0.993653 1.23122 1.22635 0.766822 0.685355 3.44613 1.18449 2.05049 2.19319 0.928326 1.43883 1.97258 1.5695 1.32823 0.878197 0.836464 5.32756
threshold=0 1 2 3 5.2390944889447963 3.6762205501217919 4.0859410030639109 4.8789996228937618 4 5 6 7 8 9 4.1190041246092024 10 3.0201273556387074 3.5972184255501678 4.5900436644025815 11 12 13
decision_type=9 9 9 9 10 8 8 8 9 9 9 9 9 9 10 9 10 10 10 1 9 9
left_child=1 8 -2 -3 5 -5 -7 -8 -1 10 14 12 -11 -14 15 17 -17 -4 19 -16 -13 -22
right_child=2 3 9 4 -6 6 7 -9 -10 11 -12 20 13 -15 18 16 -18 -19 -20 -21 21 -23
leaf_value=-2.2443339527220085 10.600881139660778 9.2601208267863502 0.0025957088025825212 -13.239787396598695 -86.853629115262862 73.995398505136492 -22.640489654038554 9.0145274472014716 -9.7146285459155113 -1.0146523307410824 -9.8405249510344586 -1.5008895907049735 0.68152516701336929 198.73631914238075 98.195568020464961 -33.915478757480983 172.39212422665102 -43.89271273436519 4.6595570196617331 19.597373051653701 -5.0011911663569482 3.2423179993005395
leaf_weight=118 119 226 163 83 38 54 92 37 261 420 748 10133 144 159 81 48 54 97 367 37 2935 6561
leaf_count=118 119 226 163 83 38 54 92 37 261 420 748 10133 144 159 81 48 54 97 367 37 2935 6561
internal_value=-0.000159616 -0.00227199 -7.1338e-05 -8.30258e-05 -0.00185127 -0.00100746 0.000851351 -0.0015458 -0.00523657 -9.93898e-05 -0.000994088 -2.87272e-05 0.0017449 0.0045 0.00096915 -0.000741758 0.00355263 -0.00248162 0.00226386 0.006375 -9.50817e-05 0.000208246
internal_weight=22975 909 22066 530 304 266 183 129 379 21947 1595 20352 723 303 847 362 102 260 485 118 19629 9496
internal_count=22975 909 22066 530 304 266 183 129 379 21947 1595 20352 723 303 847 362 102 260 485 118 19629 9496
cat_boundaries=0 13 15 27 38 50 63 65 67 78 81 82 83 85 99
cat_threshold=212992 2156134400 100667408 2147488325 2147745792 16777728 128 32768 0 141332 8454144 2056 131072 2298564642 21160 0 0 0 268435456 64 0 0 268435520 8 0 0 64 16384 262144 4096 5 0 16777216 0 32768 0 131088 65536 0 8388608 67108864 512 0 0 0 0 0 2048 8388608 2048 33554436 2113536 268435585 144 32776 33554437 512 134217728 67584 2231370499 536870928 131072 9218 2186364690 25180 96 128 0 117440512 0 0 0 0 0 0 0 0 131072 0 131072 1610612736 21 4 3623135032 303132 17 66640 0 8192 276824836 1088 0 73728 536871936 4722688 1142951936 2148565008 8388608 1
is_linear=0
shrinkage=0.045


Tree=335
num_leaves=23
num_cat=17
split_feature=0 3 0 0 5 3 1 5 5 2 0 3 0 5 0 3 0 4 1 0 3 5
split_gain=2.17916 2.73659 1.16292 0.863941 1.88094 0.875105 0.812431 0.710212 0.705454 0.694932 2.89583 4.01479 3.55519 2.36104 2.23198 4.56913 2.13614 2.04726 2.31333 2.08339 2.47351 2.04402
threshold=0 1 2 3 4.8481086751891054 4 5 4.4601277074540464 4.8322978221268906 6 7 8 9 3.2769667020129059 10 11 12 13 14 15 16 4.2121001622835372
decision_type=9 9 9 9 8 9 9 10 8 9 9 9 9 8 9 9 9 1 9 9 9 10
left_child=1 6 -2 4 -3 8 -1 -7 -5 10 -4 16 13 -13 15 -11 -12 19 -19 -14 -21 -18
right_child=2 3 9 5 -6 7 -8 -9 -10 14 11 12 17 -15 -16 -17 21 18 -20 20 -22 -23
leaf_value=9.2696637010491383 10.250554347834658 31.561828776272904 77.404591969640464 0.65379380415157351 -70.170143325412553 -13.952348130856153 -3.5319850086980296 -14.820662583142694 -19.818420499678794 -67.391324914068747 -39.351457780056116 46.949394896457235 48.515122575406494 -35.106523087249549 -0.21683486259204074 -0.55877641419683644 -7.2706287532967684 162.3285935666905 8.2806099667718804 -161.15540190192033 1.2139406390248404 6.9869358973126143
leaf_weight=239 107 92 425 78 36 175 225 93 43 303 720 63 240 304 16005 867 685 316 700 102 374 783
leaf_count=239 107 92 425 78 36 175 225 93 43 303 720 63 240 304 16005 867 685 316 700 102 374 783
internal_value=-0.000181159 -0.0022432 -8.79306e-05 -0.00446597 -0.000964286 -0.00555486 0.000283613 -0.00707143 -0.0018609 -0.000111991 0.000371507 1.57013e-05 0.00141757 -0.00255277 -0.000244807 -0.00213198 -0.00132955 0.00227064 0.00358055 0.000438719 -0.00129098 -0.000334459
internal_weight=22975 981 21994 517 128 389 464 268 121 21887 4712 4287 2099 367 17175 1170 2188 1732 1016 716 476 1468
internal_count=22975 981 21994 517 128 389 464 268 121 21887 4712 4287 2099 367 17175 1170 2188 1732 1016 716 476 1468
cat_boundaries=0 13 15 27 40 42 44 45 59 61 74 88 90 103 104 106 119 121
cat_threshold=50348032 3230662656 2214592592 4677 2147483648 50331648 128 0 0 67248148 8388608 2048 132096 144573970 199188 64 0 0 0 0 32 64 64 0 0 0 268435520 0 0 2147483648 5 0 0 0 0 0 0 8388608 0 1024 16384 20512 524325 1026 112 2097152 65536 1 0 0 536870912 0 8192 0 524288 1124073472 1049600 2155921920 4 3334440840 6452 32768 83890192 0 0 134742016 0 0 0 33792 10 268435456 0 4 196608 36110340 268435457 128 64 0 768 0 6148 2147485698 536936448 3702784 10489984 16 704647232 4620 0 8224 0 0 1114112 0 0 65536 536936452 4096 268435456 2149589280 2048 2 1056 2053 0 8196 0 0 0 0 0 0 4 1024 0 2149589248 2048 4194370 81928
is_linear=0
shrinkage=0.045


Tree=336
num_leaves=23
num_cat=15
split_feature=0 3 0 2 0 5 4 5 5 0 3 3 0 1 0 0 5 0 5 3 5 5
split_gain=2.15855 3.219 1.1306 1.08482 1.42987 0.968777 0.955342 0.879727 0.982908 0.559274 3.05173 1.36839 1.45771 1.34373 2.00694 2.1807 1.275 1.27195 1.2569 1.09198 1.21329 0.828448
threshold=0 1 2 3 4 4.8940944640863338 5 4.2268071048866842 3.5694334999727624 6 7 8 9 10 11 12 5.173316863805991 13 6.078787719222313 14 4.2696729980286863 3.9019216517693867
decision_type=9 9 9 9 9 8 1 10 10 9 9 9 9 9 9 9 8 9 8 9 10 10
left_child=1 -1 -2 4 -3 7 -5 8 -6 10 11 -4 -13 14 -11 16 21 -12 19 -19 -21 -16
right_child=2 3 9 6 5 -7 -8 -9 -10 13 17 12 -14 -15 15 -17 -18 18 -20 20 -22 -23
leaf_value=30.562095240581712 18.179992146216318 0.49058128413913438 82.218786591022905 -0.65177157373938821 -10.22376384308016 -1.9015273682508631 -85.315078074715132 -47.704511222648286 -5.5470698291518783 -0.98820572327444089 -1.9975014461782847 19.424370047319535 -4.0297340672935391 -0.28101948354484191 21.074840169672605 177.56765355312581 311.86665025143787 -5.6758511846636974 54.445293239711027 -14.84295576340206 -83.214130510045194 -124.96302945123684
leaf_weight=214 111 240 110 43 76 131 115 97 86 343 298 313 515 19629 38 174 38 100 40 108 100 56
leaf_count=214 111 240 110 43 76 131 115 97 86 343 298 313 515 19629 38 174 38 100 40 108 100 56
internal_value=-0.000188993 -0.00221893 -9.51785e-05 -0.00354375 -0.00259346 -0.00425373 -0.00688235 -0.00594828 -0.00384146 -0.00011932 -0.000930451 0.000710526 5.35714e-05 -5.5446e-05 0.00194024 0.0045283 0 -0.00328267 -0.005125 -0.00624194 -0.00797727 -0.0028125
internal_weight=22975 1002 21973 788 630 390 158 259 162 21862 1584 938 828 20278 649 306 132 646 348 308 208 94
internal_count=22975 1002 21973 788 630 390 158 259 162 21862 1584 938 828 20278 649 306 132 646 348 308 208 94
cat_boundaries=0 13 15 27 28 41 42 55 57 59 72 74 85 87 99 101
cat_threshold=33554432 3230924800 2214592592 2147488325 2147745856 16777216 0 0 0 67250196 8454144 2056 132096 1868352 66096 0 0 0 0 0 0 0 64 4 0 0 64 70 33554432 0 2214592512 0 0 16777216 0 0 0 67110912 0 2048 1024 2 4100 2113600 838865025 16 1081344 33554437 0 134250496 2048 2164261122 536870912 1179648 8388610 1209194096 24732 1049664 16 0 2113600 805306368 0 32768 0 0 0 0 258 0 0 2 96 128 0 83886080 0 0 0 0 0 0 0 0 131072 0 33685504 4096 0 536870913 0 1048576 0 0 134217728 2048 0 536870912 1048576 13107200 65536
is_linear=0
shrinkage=0.045


Tree=337
num_leaves=23
num_cat=20
split_feature=0 3 0 5 3 4 0 3 0 3 0 3 0 0 3 0 0 3 1 5 3 1
split_gain=2.08645 2.11445 1.31185 0.615576 2.78911 0.911419 0.878009 4.2419 1.59488 1.39421 1.46839 1.24235 5.92558 5.09073 3.97736 3.08507 2.74909 2.57625 2.2793 1.94185 1.95312 3.0915
threshold=0 1 2 1.7005986908310777 3 4 5 6 7 8 9 10 11 12 13 14 15 16 17 2.3502401828962087 18 19
decision_type=9 9 9 8 9 1 9 9 9 9 9 9 9 9 9 9 9 9 9 10 9 9
left_child=1 -1 -2 4 5 -4 7 8 -5 -9 -11 13 14 -8 -13 -15 17 -14 -17 -18 21 -21
right_child=2 -3 3 6 -6 -7 11 9 -10 10 -12 12 16 15 -16 18 19 -19 -20 20 -22 -23
leaf_value=5.008377795118867 8.8800397376653191 -6.511363773286539 121.85648696225121 -3.019857078366349 -3.6723032504433557 4.6021201598373409 -10.951608443370896 -46.397923355792223 8.9960302055497046 -54.228894838240159 -5.0622308042167061 -4.2244886417598719 90.938511807919085 16.185573876702911 21.46153962267832 157.59533672745005 -33.245163470473273 -14.50725059960525 -0.82538306236490822 -2.9755561264078279 -0.035803218427718095 52.021982318099539
leaf_weight=273 102 551 131 250 418 122 2188 159 937 101 1172 518 112 809 1205 124 279 1925 6984 502 3335 778
leaf_count=273 102 551 131 250 418 122 2188 159 937 101 1172 518 112 809 1205 124 279 1925 6984 502 3335 778
internal_value=-0.000161575 -0.00236842 -7.81708e-05 -0.00010301 0.001237 0.00483962 -0.000145229 -0.000915051 0.00106964 -0.0025554 -0.00201362 -3.71584e-05 0.000358297 -0.000375853 0.00271037 0.000156073 -0.000230088 -0.0016142 -0.000145365 0.000348553 0.000570175 0.00205495
internal_weight=22975 824 22151 22049 671 253 21378 2619 1187 1432 1273 18759 8654 10105 1723 7917 6931 2037 7108 4894 4615 1280
internal_count=22975 824 22151 22049 671 253 21378 2619 1187 1432 1273 18759 8654 10105 1723 7917 6931 2037 7108 4894 4615 1280
cat_boundaries=0 13 15 27 29 30 44 46 59 61 74 76 89 102 104 118 132 134 135 137 139
cat_threshold=33554432 3230662656 3523215440 708 262144 16777220 0 0 0 2231511044 8388608 131080 132096 1868288 16916 131076 0 0 0 0 0 0 32832 0 0 0 64 134352946 16580 4 4096 69484544 603979777 8208 1081416 0 640 134217728 537430144 4096 536870912 1050624 418 1 2415107248 49240 4096 262144 536870912 0 32768 0 640 134217728 32768 0 536870912 2048 128 537133314 258 0 2097152 0 8208 0 0 0 0 2048 0 0 0 256 536523888 311512 1073758216 13396 0 2097152 2164260864 0 0 0 65536 16400 320995344 269001217 70778880 1084243976 16789556 0 2097152 2164260864 64 0 0 65536 2 318963760 268972545 68157440 3221225472 518 2152005632 33556544 4096 0 1073758208 33560577 256 268435456 8 3145728 1073745920 16777248 8400897 16 2152038400 33687552 4096 0 402653184 33554432 0 268435456 1024 11534601 1073745920 16777252 8401425 4 1073741828 256 96 1074006400 518 1313861 2564
is_linear=0
shrinkage=0.045


Tree=338
num_leaves=23
num_cat=16
split_feature=0 3 0 0 3 0 1 3 0 0 5 0 3 3 5 5 4 4 5 5 5 3
split_gain=2.13027 1.7569 1.4666 0.656018 2.12713 1.19076 1.03634 2.82091 2.71462 1.53559 1.54414 1.00388 1.0901 0.928254 1.21247 0.994191 0.861665 0.817175 0.771891 0.979691 0.760653 0.740518
threshold=0 1 2 3 4 5 6 7 8 9 4.2121001622835372 10 11 12 3.4498615536424366 3.4811217321331038 13 14 3.7012257604091228 3.1567740231385479 5.310736838221497 15
decision_type=9 9 9 9 9 9 9 9 9 9 8 9 9 9 10 10 1 1 10 8 10 9
left_child=1 -1 -2 4 5 18 7 8 16 10 -9 12 -6 14 -7 -15 -5 -11 19 -4 -20 -13
right_child=2 -3 3 6 11 13 -8 9 -10 17 -12 21 -14 15 -16 -17 -18 -19 20 -21 -22 -23
leaf_value=0.50574763357297337 22.620895123801056 -6.2183524034886428 39.549738797853493 -4.8956294593982967 -22.747603987153923 -123.32457722797352 -0.30437450669331156 -96.346446305441489 210.89719747636761 14.910190147415996 -9.1851527389043621 14.973148684237531 -0.32293267144785204 -14.745783781690479 -2.1563629491046594 -44.310016804781625 27.211438623741451 -44.522894363383365 7.9277227999649762 -66.250729354462266 -5.1778834541283683 0.6563341927432339
leaf_weight=326 117 467 45 164 103 58 19334 40 162 175 147 220 397 39 194 107 68 48 89 52 46 577
leaf_count=326 117 467 45 164 103 58 19334 40 162 175 147 220 397 39 194 107 68 48 89 52 46 577
internal_value=-0.000157658 -0.00243168 -7.50203e-05 -0.000102935 -0.000893502 -0.00301402 -2.6799e-05 0.00154412 0.00421182 -0.00106635 -0.00395729 0.000154698 -0.00140625 -0.0045 -0.00255682 -0.00740506 0.000922131 0.00143617 -0.000368852 -0.00340909 0.00180657 0.0011403
internal_weight=22975 793 22182 22065 1927 630 20138 804 394 410 187 1297 500 398 252 146 232 223 232 97 135 797
internal_count=22975 793 22182 22065 1927 630 20138 804 394 410 187 1297 500 398 252 146 232 223 232 97 135 797
cat_boundaries=0 13 15 27 40 42 55 57 59 70 78 91 93 95 96 97 99
cat_threshold=33570816 1074790400 3254779984 708 2164523008 16779264 0 0 0 67250180 8388608 16777224 132096 140280354 212996 0 0 0 8192 0 0 0 0 0 16777216 0 4160 0 2223259652 603984000 1 1081352 33558529 640 134217728 65536 2147483907 536870912 1189888 8388610 693436710 461472 0 262148 536875008 1 1048576 0 0 0 0 256 536870912 8192 8388608 2281701472 128 2165868080 18608 0 16908288 1 0 0 0 0 0 0 0 196608 0 35651584 1 16 0 0 0 268435456 0 262148 603983872 1 1048576 4096 0 0 65536 256 536870912 139264 8388608 2147517952 16384 139460610 2688 4 4 2147489280 20496
is_linear=0
shrinkage=0.045


Tree=339
num_leaves=23
num_cat=15
split_feature=0 3 0 0 5 5 5 5 0 3 3 1 0 5 1 5 5 3 0 0 3 3
split_gain=2.23586 1.74545 1.2302 1.01591 0.881488 1.25745 0.681543 0.830772 0.559662 4.06894 1.46651 1.17041 1.03916 1.33204 0.997846 1.14719 0.990943 0.792022 5.59389 3.88009 2.99223 2.48353
threshold=0 1 2 3 4.7578820629520608 3.9415346756528771 3.4811217321331038 3.8176519431297078 4 5 6 7 8 6.078787719222313 9 4.4829865921051741 5.4659459730803723 10 11 12 13 14
decision_type=9 9 9 9 8 10 10 10 9 9 9 9 9 8 9 8 8 9 9 9 9 9
left_child=1 6 -2 4 5 -3 -1 -8 9 14 -11 -10 16 -14 15 -4 -12 18 20 21 -13 -19
right_child=2 3 8 -5 -6 -7 7 -9 11 10 12 17 13 -15 -16 -17 -18 19 -20 -21 -22 -23
leaf_value=58.734726046931208 19.21251476727355 -7.0885828302426486 85.995691048871549 -15.070221059003597 -32.336951457974465 43.972761625284583 -6.6420259183987946 0.79754268268079609 -34.994739012108511 -50.165715542421509 -34.608122872769599 -38.527588687586068 4.1967424854859559 -64.004902557026909 3.2393302079146631 416.02156563298507 43.938411182696562 -1.301801536310959 0.73544448511358496 -1.421558588999378 -3.6804669478417416 26.51352576357025
leaf_weight=95 110 94 65 275 81 93 36 166 113 244 185 828 422 43 100 41 36 925 5913 9496 1499 2115
leaf_count=95 110 94 65 275 81 93 36 166 113 244 185 828 422 43 100 41 36 925 5913 9496 1499 2115
internal_value=-0.00016745 -0.00242958 -8.02592e-05 -0.00393243 -0.00176786 -0.000119048 0.000364078 -0.00110294 -0.000105164 0.000862369 -0.000429936 -0.000158246 0.000644699 0.00183962 0.00639908 0.0095339 -0.00183476 -0.000132047 -0.00047443 9.3242e-05 -0.00233754 0.00148919
internal_weight=22975 840 22135 543 268 187 297 202 22025 1136 930 20889 686 465 206 106 221 20776 8240 12536 2327 3040
internal_count=22975 840 22135 543 268 187 297 202 22025 1136 930 20889 686 465 206 106 221 20776 8240 12536 2327 3040
cat_boundaries=0 13 15 27 40 53 55 57 59 71 73 75 89 103 105 107
cat_threshold=33570816 1074790400 3254779984 4820 2147483648 16779264 0 0 0 67250436 8388608 16777216 132096 6177026 212996 4 0 0 8192 64 0 0 0 0 0 0 64 33570816 0 2147483648 516 2147483648 2048 0 0 0 256 8388608 0 1024 12779585 0 0 32768 16392 288 64 50176 591884 1074790928 67108872 268439588 4096 151130146 139840 3221749832 16676 268443648 16 12582912 0 0 0 0 0 0 32768 12 1073741824 0 4128 268435460 3088 536236326 404491 2097160 58726464 0 0 32772 33554496 0 134225920 1024 1024 150994944 2149583761 75513858 2 2097160 41963616 0 0 32772 65 512 8192 128 16778272 134217728 2147486481 68698625 16 82841632 401408 1610712064 49552
is_linear=0
shrinkage=0.045


Tree=340
num_leaves=23
num_cat=15
split_feature=0 3 0 5 0 5 4 3 0 5 2 0 3 5 3 5 1 1 5 0 5 0
split_gain=2.28499 1.69702 1.40901 0.818837 0.724963 0.686269 0.645644 4.07822 2.3521 1.34939 1.65785 1.1258 3.5822 1.69489 1.53975 1.494 1.42121 1.22908 1.09758 1.15008 1.09001 6.46297
threshold=0 1 2 3.5694334999727624 3 4.3241107269113215 4 5 6 5.8126357624008849 7 8 9 5.5664324555418956 10 4.5271940351011493 11 12 5.1029059508623904 13 1.8688348091416842 14
decision_type=9 9 9 8 9 10 1 9 9 8 9 9 9 8 9 8 9 9 10 9 10 9
left_child=1 3 -2 -1 5 -3 7 -4 -9 10 -10 12 15 14 17 -8 -13 -14 19 -16 21 -18
right_child=2 4 6 -5 -6 -7 11 8 9 -11 -12 16 13 -15 18 -17 20 -19 -20 -21 -22 -23
leaf_value=51.370855459726407 25.174796960224665 -6.2234085260691243 -66.486876174127346 -0.99862596250535718 -12.146879330978772 1.6477129765175778 16.819270514416928 24.095451262203749 22.805939350506087 -31.202931315206005 -18.447173285180504 -76.673735247789935 -20.589264585931012 -55.450983215468504 2.6322663767393895 143.42063417836454 119.08249706604525 43.377803783822671 8.3128158561869352 -43.166701659869361 -0.68319726115107182 -2.4688571281417535
leaf_weight=54 103 158 248 155 315 93 227 252 159 131 165 138 112 122 222 104 333 239 39 257 18279 1070
leaf_count=54 103 158 248 155 315 93 227 252 159 131 165 138 112 122 222 104 333 239 39 257 18279 1070
internal_value=-0.000161575 -0.00254447 -7.69854e-05 0.00091629 -0.00381488 -0.00179658 -0.000102786 -0.00124608 0.000531989 -0.00139722 0.000138037 -5.10783e-05 0.00121439 -0.000157029 0.00054248 0.00518222 -0.000136144 0.00278926 -0.00101887 -0.00163721 -0.000102823 0.00110498
internal_weight=22975 775 22200 209 566 251 22097 955 707 455 324 21142 1322 991 869 331 19820 351 518 479 19682 1403
internal_count=22975 775 22200 209 566 251 22097 955 707 455 324 21142 1322 991 869 331 19820 351 518 479 19682 1403
cat_boundaries=0 13 15 27 40 41 43 56 57 70 72 74 76 78 91 104
cat_threshold=33701888 1074790400 3254779984 4820 2147745856 16777216 0 268435456 128 67117060 8454144 8 1180672 5014562 213536 65536 0 0 0 0 0 0 32768 8 0 0 64 33554432 0 3221225472 16 0 16777216 0 0 0 67108868 8454144 0 1048576 1 4457120 278540 1073741824 0 0 0 0 0 0 0 0 0 0 2147483904 9 6 2155872321 0 536870912 32768 16793600 288 64 17408 591876 3222276608 1140850696 160 8919296 184752226 141320 5243920 283264 268435464 16 268451840 1048 0 0 536870912 0 0 256 0 0 65536 1074790400 1073741824 128 2048 294912 16 0 0 256 0 0 65536 536870912 20488 0 17829888 524
is_linear=0
shrinkage=0.045


Tree=341
num_leaves=23
num_cat=13
split_feature=0 3 0 2 5 0 5 5 0 3 5 3 0 5 5 3 5 5 5 2 3 0
split_gain=2.06178 1.43691 1.40165 0.987633 1.76049 0.949284 1.31414 1.08506 0.766765 3.66115 1.19937 1.24306 1.0076 1.55189 2.17094 1.18008 1.09847 0.845172 0.745681 0.736208 1.41709 0.912218
threshold=0 1 2 3 3.7012257604091228 4 3.9019216517693867 3.3842466058243152 5 6 6.3198682039985092 7 8 3.9981586158983733 4.9522934739897151 9 2.1383330595080281 4.3372693810700085 2.9700856263602158 10 11 12
decision_type=9 9 9 9 8 9 8 10 9 9 10 9 9 8 10 9 10 8 10 9 9 9
left_child=1 3 -2 -1 -5 -3 7 18 9 19 11 -11 15 16 17 -13 -14 -15 -7 -4 -21 -22
right_child=2 5 8 4 -6 6 -8 -9 -10 10 -12 12 13 14 -16 -17 -18 -19 -20 20 21 -23
leaf_value=24.316459498646907 10.790385410922973 1.0714709190306166 2.3482130509062697 80.612812392921299 -139.66996737708098 -101.12701655452118 -6.0850314449617144 -114.74214790875966 -0.1696492715162094 66.942470443473653 77.040459331781449 -12.598422959455311 5.0146780703502554 61.798495983722169 -51.85895685689789 7.2905438843069712 -65.213154338063717 4.6276892517878698 24.320356541790407 -37.868593682784464 -4.5078637422424066 -17.022891027034493
leaf_weight=111 147 113 111 35 69 55 275 83 20053 133 51 138 46 49 126 402 135 122 39 110 335 237
leaf_count=111 147 113 111 35 69 55 275 83 20053 133 51 138 46 49 126 402 135 122 39 110 335 237
internal_value=-0.000187035 -0.00244318 -0.000106385 0.000693833 -0.00232759 -0.00362652 -0.00455819 -0.0076676 -0.000136673 -0.000975336 0.000593081 0.000292715 -0.000262136 -0.0017449 0.000225753 0.00105978 -0.00504098 0.00351156 -0.00421875 -0.00332609 -0.00389049 -0.00285103
internal_weight=22975 780 22195 215 104 565 452 177 22048 1995 1202 1151 1018 478 297 540 181 171 94 793 682 572
internal_count=22975 780 22195 215 104 565 452 177 22048 1995 1202 1151 1018 478 297 540 181 171 94 793 682 572
cat_boundaries=0 13 15 27 28 38 51 53 55 68 70 71 73 86
cat_threshold=33570816 1074790400 3221225552 4820 2147483648 16777248 0 268451840 0 67119108 8388608 8 8520960 5014562 135696 536870912 0 0 0 0 0 64 32768 8 1048576 0 64 4 33554432 0 3221225472 0 0 0 0 0 0 4 2147614724 2183397376 369102976 1 1343488 4097 0 1024 0 2164397312 603979776 1179648 1048582 3972269830 396192 1054848 8208 0 33816576 4096 0 0 1 0 0 0 136448 67108864 1048576 2 655360 4 34 2684616960 768 0 2097152 4096 0 1048576 4096 0 0 0 4352 536870912 1048576 4
is_linear=0
shrinkage=0.045


Tree=342
num_leaves=23
num_cat=12
split_feature=0 3 5 5 0 0 3 0 5 5 5 3 0 5 1 3 5 5 0 2 5 5
split_gain=1.52619 1.52732 1.47716 1.30256 1.10923 0.657788 3.51021 1.32717 1.26543 1.42147 2.1858 1.22854 1.27542 1.4568 1.26461 1.0692 0.969331 1.94834 0.955612 0.866838 1.14701 0.834294
threshold=0 1 5.625819309938989 4.0163424379838117 2 3 4 5 1.0000000180025095e-35 2.1383330595080281 3.0201273556387074 6 7 4.6774800307930642 8 9 4.7492611597348082 4.3241107269113215 10 11 2.6735537653587347 5.344720891341141
decision_type=9 9 8 8 9 9 9 9 8 8 8 9 9 8 9 9 8 10 9 9 10 8
left_child=1 3 -3 -1 -2 6 7 16 -8 -10 -11 21 -13 18 -15 -9 17 -6 -14 20 -17 -12
right_child=4 2 -4 -5 5 -7 8 15 9 10 11 12 13 14 -16 19 -18 -19 -20 -21 -22 -23
leaf_value=66.888105719460583 4.8798989727885056 -27.206758502785377 2.1055731072492017 -5.6330524162287476 0.13567840894651453 -0.098630586048766414 -96.729292579306673 -53.805900125172009 105.44825283091311 -110.5014591722489 9.4238423388955006 -6.751593572598285 69.091672002672425 -50.165169127199043 6.2576389006625321 -61.436520527090792 15.14170870238584 -92.347776687173308 7.9484160220721964 4.4352615571085154 -13.687430451699875 152.19012590103796
leaf_weight=81 113 279 104 130 194 19712 39 101 36 75 224 223 121 113 292 35 153 67 285 100 447 51
leaf_count=81 113 279 104 130 194 19712 39 101 36 75 224 223 121 113 292 35 153 67 285 100 447 51
internal_value=-0.000147865 -0.00237624 -0.0040443 0.000706278 -8.74157e-05 -0.000111086 -0.000788551 -0.00269838 0.000657716 0.000886076 0.000649351 0.00108124 0.000344168 0.00117558 -0.000718673 -0.00391727 -0.000633803 -0.00230989 0.00308824 -0.0030303 -0.00382591 0.00368467
internal_weight=22975 594 383 211 22381 22268 2556 1097 1459 1420 1384 1309 1034 811 405 683 414 261 406 582 482 275
internal_count=22975 594 383 211 22381 22268 2556 1097 1459 1420 1384 1309 1034 811 405 683 414 261 406 582 482 275
cat_boundaries=0 13 15 27 41 43 56 58 72 74 76 87 88
cat_threshold=131072 1074790400 3489660992 4756 2147778560 16777248 0 268435456 0 2164262916 8388608 131080 131072 2152498176 139788 64 2147483648 33554432 0 0 0 64 32768 524288 0 0 64 33554433 18890756 67108992 1 0 33558529 512 17408 5120 67245059 67239968 1056768 8388614 2 3981272354 319618 0 4 0 0 0 4096 512 16384 1024 1025 67239936 0 8388612 2101320 198680 0 2097152 0 1 0 0 0 0 0 1 131072 0 8388612 2 1073741840 513 1078001920 262144 0 16777216 0 0 0 0 0 0 4096 131074 67108864 84
is_linear=0
shrinkage=0.045


Tree=343
num_leaves=23
num_cat=15
split_feature=0 3 2 0 0 0 5 5 5 5 5 5 5 0 2 3 0 3 0 3 3 0
split_gain=1.84407 5.34604 1.33588 1.29499 1.22949 0.733352 1.15978 1.29756 1.05081 0.671384 0.664364 0.838144 0.626251 0.594758 0.496857 2.28253 4.77324 2.49364 2.41001 2.43401 2.40231 1.98735
threshold=0 1 2 3 4 5 4.2121001622835372 3.4498615536424366 5.0906732680195743 5.0072908000208587 5.6507317092149298 5.1845846780664209 3.9415346756528771 6 7 8 9 10 11 12 13 14
decision_type=9 9 9 9 9 9 8 10 8 10 10 8 8 9 9 9 9 9 9 9 9 9
left_child=1 2 -1 -2 9 8 7 -7 -4 12 11 -8 -3 -6 15 16 20 -18 19 -17 -5 -19
right_child=3 4 5 14 13 6 10 -9 -10 -11 -12 -13 -14 -15 -16 18 17 21 -20 -21 -22 -23
leaf_value=87.424978634184839 15.853271800762377 -1.5054462636553034 -2.3671608402380659 9.9464312095749481 -6.0336626241547675 -58.907079812480823 -5.5121310753848958 55.256347268978125 127.09455605772126 -120.1823794766613 -1.2158708610229951 -140.9034639340162 48.188836230831946 -50.544098911837096 0.16438186794104695 -25.221470625825638 -63.520795740144763 1.389181714752358 9.4518769720724585 6.0533534672917444 -9.5423974327911854 -29.093576713286708
leaf_weight=149 111 36 156 1007 236 42 60 68 75 53 69 52 43 258 16113 486 448 582 1161 533 680 557
leaf_count=149 111 36 156 1007 236 42 60 68 75 53 69 52 43 258 16113 486 448 582 1161 533 680 557
internal_value=-0.000130239 -0.00177044 0.00102123 -3.11203e-05 -0.00472571 -8.42697e-05 -0.00155941 0.00200893 0.00175926 -0.000625 -0.00381148 -0.00592105 0.00194444 -0.00578063 -5.73474e-05 -0.000428101 -0.00117772 -0.0029409 0.000697993 -0.000894762 0.000489994 -0.00177889
internal_weight=22975 1297 671 21678 626 522 291 110 231 132 181 112 79 494 21567 5454 3274 1587 2180 1019 1687 1139
internal_count=22975 1297 671 21678 626 522 291 110 231 132 181 112 79 494 21567 5454 3274 1587 2180 1019 1687 1139
cat_boundaries=0 13 15 16 28 39 52 65 66 68 81 83 96 98 100 113
cat_threshold=33685504 1076887552 3523215552 4628 2147778560 16777216 0 268435456 0 2147614724 75497472 1179656 8519684 173970640 84020 48 64 0 0 0 0 32 64 32768 524288 16777216 0 64 33554432 0 0 512 32768 0 0 268435456 0 2147483648 8388608 0 2097152 1073741824 16 2147483648 0 0 0 0 0 67108864 0 8388612 0 1073741824 2147483648 4 0 0 0 0 0 131072 67108864 0 4 3 1125107220 479845 1073741824 0 0 129 131332 0 0 0 536870912 1073745936 24 2147518340 9 50627588 97 8486912 0 0 129 8519680 0 0 8192 0 1073741840 16 3972 1032 2288005122 8 34358292 135265 0 135168 0 0 142606336 0 0 0 0 8 128 6144 16
is_linear=0
shrinkage=0.045


Tree=344
num_leaves=23
num_cat=16
split_feature=0 0 3 0 5 3 5 5 5 5 3 5 3 0 0 0 0 3 1 3 3 0
split_gain=1.5587 1.41422 4.83481 1.98987 1.64112 1.15617 1.5419 1.21829 0.990652 0.894503 0.868865 1.23118 0.598593 6.38724 6.2118 3.79042 3.65663 1.69876 1.65466 1.65164 1.65125 1.90019
threshold=0 1 2 3 6.1537953943602615 4 5.625819309938989 5.9801499880778026 3.2384861814448418 3.7494348669884658 5 3.9019216517693867 6 7 8 9 10 11 12 13 14 15
decision_type=9 9 9 9 8 9 10 8 10 10 9 10 9 9 9 9 9 9 9 9 9 9
left_child=-1 2 3 -2 10 7 -7 8 -4 -10 -5 -12 13 20 17 -16 19 -14 -17 -15 -3 -22
right_child=1 12 5 4 -6 6 -8 -9 9 -11 11 -13 14 16 15 18 -18 -19 -20 -21 21 -23
leaf_value=3.8410150467182391 69.893892968590436 0.05526295241206753 -57.349792371213226 -123.68348914838803 100.15170256328703 -42.483306391426119 114.76074921983096 -9.1983878546163389 78.204764601164896 -3.6821503464289527 -74.510940853757361 18.589842276459532 6.0444599045402718 -13.418868602158909 -12.140842061175462 7.8858687795445075 -1.2109693072085792 35.219978734810155 0.37205996621880327 13.468719823228893 -7.281722891617064 -64.936156515043152
leaf_weight=221 234 238 54 100 65 321 42 52 44 214 72 130 459 127 1796 518 7715 428 7690 1529 406 520
leaf_count=221 234 238 54 100 65 321 42 52 44 214 72 130 459 127 1796 518 7715 428 7690 1529 406 520
internal_value=-8.91108e-05 -0.000126504 -0.00154478 0.00143148 -0.000653034 -0.0039885 -0.00582 -0.00203457 -0.00100318 0.000173077 -0.00207237 -0.00021028 -3.77834e-05 -0.000279463 0.000196047 -0.000125799 0.000112704 0.0037792 0.000284672 0.00202338 -0.00340561 -0.00426972
internal_weight=22975 22754 1328 601 367 727 363 364 312 258 302 202 21426 10535 10891 10004 9371 887 8208 1656 1164 926
internal_count=22975 22754 1328 601 367 727 363 364 312 258 302 202 21426 10535 10891 10004 9371 887 8208 1656 1164 926
cat_boundaries=0 13 26 28 41 43 45 47 61 75 89 102 104 106 108 110 123
cat_threshold=65604 0 33554432 0 0 0 64 64 0 16777216 0 64 32 33685504 1074790400 2415919296 4628 294912 33 0 268435456 524288 2147615748 75497472 1048584 8519686 2199572544 225300 0 0 2147483648 0 32768 0 0 0 0 132096 8388608 1048576 8388608 1220608656 262656 2164260864 4 2411256392 62489 20496 18874420 67112960 2097281 0 16777280 128 1073774592 0 1073743872 32 2633728 3156992 4 20496 2097184 67112960 129 2147483648 553652288 384 1073774592 0 1073744416 1073741824 2625536 3153920 20 1082392577 109183040 0 8192 1074790920 0 0 134225920 4096 75534352 35655680 16779392 524816 2 1082392577 33554496 0 8192 1065484 0 0 134242304 4096 9469968 35655680 16779936 528 541130772 66528 536871136 128 70256640 33792 33574976 8192 4096 20 0 2097152 0 0 128 32768 0 0 32 2101248 3072
is_linear=0
shrinkage=0.045


Tree=345
num_leaves=23
num_cat=12
split_feature=0 3 0 3 5 5 5 5 5 5 5 5 5 3 0 5 4 3 0 0 3 0
split_gain=1.88195 3.85767 1.68164 1.44357 1.1143 0.927962 2.71245 0.678133 0.736933 1.04223 0.64821 0.646532 0.755751 0.645531 0.850161 1.00877 0.823397 0.620778 5.31049 4.0015 2.66603 2.44832
threshold=0 1 2 3 5.9335696915338003 3.7726948748059121 4.2835627800822236 4.3882378946731615 4.9801701820644562 5.688667405331941 3.4498615536424366 3.6505739029280164 4.4716224665663962 4 5 4.7578820629520608 6 7 8 9 10 11
decision_type=9 9 9 9 8 8 8 10 10 10 10 8 10 9 9 10 1 9 9 9 9 9
left_child=1 13 11 4 -3 10 -7 -8 -9 -10 -5 -2 -13 -1 15 -15 -16 18 -4 20 -19 -20
right_child=2 3 17 5 -6 6 7 8 9 -11 -12 12 -14 14 16 -17 -18 19 21 -21 -22 -23
leaf_value=64.980055990070028 0.83023918557704746 -9.3692088162155418 -22.453337208397532 -15.865407202382265 68.455036293045012 -72.321295885207959 0.41133577686166972 -83.022429956461565 -0.65315461152604259 -32.467553498804698 17.569665809609578 62.946587623967147 0.24114224719021876 0.56009889674673097 0.6665047946969207 168.95609080757995 -127.24254743117635 61.839871886761209 9.7703163244695315 -0.44456804829533209 3.3307552718626536 -0.57333296898461406
leaf_weight=124 97 262 1857 84 71 58 46 54 77 43 40 82 47 92 148 58 65 303 1144 10595 1189 6439
leaf_count=124 97 262 1857 84 71 58 46 54 77 43 40 82 47 92 148 58 65 303 1144 10595 1189 6439
internal_value=-7.736e-05 -0.00178687 1.96416e-05 -0.0038253 -0.0015 -0.00565217 -0.00723214 -0.00486486 -0.00613636 -0.00405738 -0.0025 0.00378151 0.00601145 0.00130762 0.0003 0.00277778 -0.0015 -2.1937e-05 -0.000295176 0.000191545 0.0023637 0.000234036
internal_weight=22975 1222 21753 735 333 402 278 220 174 120 124 226 129 487 363 150 213 21527 9440 12087 1492 7583
internal_count=22975 1222 21753 735 333 402 278 220 174 120 124 226 129 487 363 150 213 21527 9440 12087 1492 7583
cat_boundaries=0 13 15 28 30 32 45 46 48 61 74 76 90
cat_threshold=135168 3258187776 2214592704 4112 33280 32 0 268435456 0 2147483652 8454144 17825800 8519686 6263888 90128 65540 0 0 0 0 0 128 64 0 0 0 64 2097184 2298495010 2084 1572928 16 0 35651584 0 0 0 0 0 0 0 0 0 16777216 4 4 2411656280 17 41959440 16781316 536870912 2097793 0 64 0 134283264 0 1075840282 33685504 2097153 67158272 41959440 4100 536870912 33409 524288 64 0 134218752 132 1075839776 100794368 2099201 1065216 128 80960 16777217 8454240 1073745921 0 268451844 570425600 0 8192 6144 1081344 1075843072 12288 2147492352 2
is_linear=0
shrinkage=0.045


Tree=346
num_leaves=23
num_cat=16
split_feature=0 0 3 0 5 0 3 5 5 3 4 5 5 3 5 0 3 0 0 3 0 0
split_gain=1.3957 1.34099 3.72193 1.60057 0.954879 0.90369 0.884293 0.933118 2.03407 0.714083 0.690658 0.64191 0.635962 0.623274 0.795509 0.520258 4.1015 2.09887 1.32557 0.945027 5.63835 2.86205
threshold=0 1 2 3 6.1537953943602615 4 5 3.7726948748059121 4.1510089048756029 6 7 5.0205801788306017 3.3140206880897671 8 4.816232960488728 9 10 11 12 13 14 15
decision_type=9 9 9 9 10 9 9 10 10 9 1 8 10 9 8 9 9 9 9 9 9 9
left_child=12 2 3 -2 5 13 10 -8 -9 11 -4 -7 -1 -5 -15 16 17 -3 -18 20 -17 -21
right_child=1 15 6 4 -6 9 7 8 -10 -11 -12 -13 -14 14 -16 19 18 -19 -20 21 -22 -23
leaf_value=0.10527127137378556 -49.434542623790186 -46.620685869537084 98.037415418651136 -82.322330701882052 133.53200116580953 22.861163673472326 -4.5710237579577004 -105.72126642727956 -13.966007151227386 67.790505488964627 -7.3987822665601559 -54.057305382868087 16.091254289896952 -52.983460178365036 116.84326996942181 10.95065010323604 22.76129321372915 1.381811601084173 2.3758800734187022 6.7825681867666026 -5.2652305783042719 -0.32420909724864033
leaf_weight=37 105 344 37 101 47 81 155 38 178 142 93 38 66 52 55 1365 202 266 295 1686 4680 12912
leaf_count=37 105 344 37 101 47 81 155 38 178 142 93 38 66 52 55 1365 202 266 295 1686 4680 12912
internal_value=-5.38582e-05 -7.86576e-05 -0.0015873 0.000746445 0.00178977 0.00119427 -0.00442982 -0.00558094 -0.00763761 0.00288462 -0.000950704 0.000171756 0.0048913 -0.00102273 0.00132353 0 0.00094504 -0.00151929 0.00393418 -5.11983e-05 -0.000523774 0.000144764
internal_weight=22975 22872 1122 621 516 469 501 371 216 261 130 119 103 208 107 21750 1107 610 497 20643 6045 14598
internal_count=22975 22872 1122 621 516 469 501 371 216 261 130 119 103 208 107 21750 1107 610 497 20643 6045 14598
cat_boundaries=0 13 26 28 41 54 56 58 59 61 75 77 91 105 107 121 135
cat_threshold=0 0 33554432 0 262144 0 64 1073741824 0 0 0 64 2097152 131076 3224371200 2214592640 4112 33280 4128 0 268435520 0 2147614724 8388608 1048584 9568262 2304495634 83988 4 0 0 0 512 0 0 268435456 0 4 8388608 0 2 0 0 0 0 32768 4096 0 0 0 0 0 0 1048580 1120 4096 155205632 16388 2 17989648 4 65600 64 268435456 32896 16793612 257 0 17408 589836 1157628416 1073741832 139297 4128 4 2160623762 22716 0 64 0 32896 16777216 0 0 16384 4 1073741824 0 8225 4128 4 0 64 0 128 16777216 0 0 0 4 0 0 33 32 4 523718696 68946 2181038088 131076 1073745921 1 1703936 536870912 0 0 0 557064 16908288 17303172 2214604032 2 8409088 1024 536870912 270533188 256 50331712 640 32768 0 2065 872484992 4096 541185 1
is_linear=0
shrinkage=0.045


Tree=347
num_leaves=23
num_cat=18
split_feature=0 3 1 0 0 3 0 5 5 5 1 4 3 0 0 3 0 0 0 3 5 3
split_gain=1.66146 2.70316 1.92796 1.54545 1.41729 2.20264 1.40625 1.18942 1.1079 0.931028 0.780717 1.4199 0.723757 6.03132 2.98816 4.53165 2.66554 1.96956 1.93718 2.14432 1.89931 1.47215
threshold=0 1 2 3 4 5 6 4.4484992763719129 5.6365721362514982 2.249904835165133 7 8 9 10 11 12 13 14 15 16 3.5694334999727624 17
decision_type=9 9 9 9 9 9 9 10 10 10 9 1 9 9 9 9 9 9 9 9 8 9
left_child=1 2 7 -3 5 -2 -7 -1 9 -5 11 -6 13 -12 15 17 -15 -14 19 -16 -19 -20
right_child=4 3 -4 8 10 6 -8 -9 -10 -11 12 -13 14 16 18 -17 -18 20 21 -21 -22 -23
leaf_value=5.3332924113061742 12.698030540438484 0.97902233759383306 -10.890594062351592 -34.982925981015704 -0.33308296693012379 9.2697488637775312 -8.209767097003569 84.682493598920402 0.10293242980798822 -41.230552870156899 19.294442040577742 -201.9318872905061 8.8147117499956398 -22.86558201470616 -24.353150345332523 22.258695174505775 -1.1951489559255788 13.580160772968592 -1.8710103770270687 -0.45033267059572607 -14.412914395375354 1.6209558691097754
leaf_weight=81 229 112 225 46 116 105 344 73 37 199 1337 67 354 1255 962 1535 2681 169 4620 1266 802 6360
leaf_count=81 229 112 225 46 116 105 344 73 37 199 1337 67 354 1255 962 1535 2681 169 4620 1266 802 6360
internal_value=-5.77752e-05 -0.00209236 0.000632992 -0.00465517 1.41802e-05 0.00202174 0.000146421 0.00433735 -0.00642857 -0.00774291 -5.01486e-05 -0.00288462 -2.42355e-05 -0.000481079 0.000125933 0.0014415 -0.00136778 -0.000488033 -0.000159985 -0.00136607 -0.00153357 8.59716e-05
internal_weight=22975 773 379 394 22202 678 449 154 282 245 21524 183 21341 5273 16068 2860 3936 1325 13208 2228 971 10980
internal_count=22975 773 379 394 22202 678 449 154 282 245 21524 183 21341 5273 16068 2860 3936 1325 13208 2228 971 10980
cat_boundaries=0 14 16 18 32 46 48 60 62 63 65 79 93 95 108 122 135 137 139
cat_threshold=131072 3224371200 2248151168 4112 32768 16777216 128 268435456 0 2147616772 8388608 8 8519682 2 156255312 18564 524320 2052 0 0 0 0 0 0 0 268435456 0 131072 8388608 0 2 2 65604 0 268435456 268468352 262656 288 64 1073742912 524300 16777728 8 131136 2101248 4 164647458 131112 64 0 0 128 0 0 0 1073742848 524288 16777216 0 64 268443650 16 4 489772064 35857 2147745793 8527936 1 0 270008320 1024 0 0 0 5799944 134217744 17831296 2214603776 1 4096 33558528 1073741824 513 1073741836 1 0 32768 99328 67108881 287375488 2147485696 541217 16 1623334976 418444 4112 50335792 0 1 4 0 0 0 35840 1026 352321664 2147485696 16933 0 0 0 1 4 0 0 32768 33792 0 2162816 2048 524800 16 2168717313 8388672 0 0 270155840 1024 256 16384 0 528448 131088 17830048 2147492992 2185636354 274436 34375706 70242
is_linear=0
shrinkage=0.045


Tree=348
num_leaves=23
num_cat=16
split_feature=0 0 3 5 0 5 0 3 5 0 3 5 0 5 1 5 4 4 0 0 3 3
split_gain=1.79133 1.70255 1.08275 1.41349 1.22358 2.3367 0.81656 2.24821 1.40003 1.06098 1.07611 1.55092 0.701002 0.720643 0.678584 1.29941 1.26828 0.704159 3.73853 3.73087 4.87599 3.38653
threshold=0 1 2 4.7833076179467886 3 4.9308638091439496 4 5 4.5485858369352732 6 7 4.0689902272260703 8 3.5114340430413216 9 6.078787719222313 10 11 12 13 14 15
decision_type=9 9 9 8 9 8 9 9 8 9 9 8 9 10 9 10 1 1 9 9 9 9
left_child=2 -2 3 -1 5 -4 7 8 -3 -9 11 -11 -12 -14 15 16 -8 18 -16 20 -19 -21
right_child=1 6 4 -5 -6 -7 14 9 -10 10 12 -13 13 -15 17 -17 -18 19 -20 21 -22 -23
leaf_value=-51.078430613979307 5.7174469206292997 3.4843744858075296 29.121700887526167 8.194027410391973 -6.3265633487451121 -53.696210201694008 -258.378325235087 -7.0069163493193258 201.91690741610344 27.552133869446788 -2.0413717950897805 -36.063944487996125 -0.49140076091285662 3.6974705884892134 -24.51026694524775 242.06199827803414 -3.0207920152605219 -42.900448494004337 3.8070156283398138 -4.1398872205927546 0.36840129603417154 1.4754612605888178
leaf_weight=86 120 170 164 39 220 62 87 375 69 46 102 92 60 180 634 35 140 639 6134 3923 763 8835
leaf_count=86 120 170 164 39 220 62 87 375 69 46 102 92 60 180 634 35 140 639 6134 3923 763 8835
internal_value=-4.60243e-05 1.80675e-05 -0.00250858 -0.00607664 -0.00137555 0.000945378 -1.21098e-05 0.00117993 0.00493028 7.78547e-05 0.00146341 -0.0018 0.00279661 0.00410714 -7.42854e-05 -0.00229927 -0.00363537 -4.51289e-05 0.000332349 -0.000225604 -0.00241867 1.76194e-05
internal_weight=22975 22404 571 125 446 226 22284 1094 239 855 480 138 342 240 21190 262 227 20928 6768 14160 1402 12758
internal_count=22975 22404 571 125 446 226 22284 1094 239 855 480 138 342 240 21190 262 227 20928 6768 14160 1402 12758
cat_boundaries=0 13 25 27 38 52 54 68 70 80 82 83 84 97 111 113 115
cat_threshold=64 3224371200 3254779904 4112 0 4 0 268468224 0 2164393988 8454144 8 8519680 16777220 0 0 0 512 0 0 64 8 0 0 64 540672 4736 64 2097152 1073741824 0 0 0 0 268468224 0 2164391936 65536 200712 0 268435456 32896 268714052 289 64 1073742848 524292 1141899776 8 133120 2101376 4 153490466 197120 0 0 0 128 0 1 0 0 524292 1074790400 8 0 2101376 4 9437208 24704 65536 0 0 32768 16388 0 0 0 0 512 268436480 16 2 2 33554432 2048 0 0 256 16777216 0 8192 0 321 436207744 41520 1064960 6553600 327744 128 2147484164 1073741824 5184 512 134217728 6144 2654208 1610612736 528384 2147483910 2 143472662 47132 1295881384 68675
is_linear=0
shrinkage=0.045


Tree=349
num_leaves=23
num_cat=15
split_feature=0 3 0 3 5 0 0 5 5 5 4 5 0 3 0 0 0 0 3 3 5 5
split_gain=1.86672 2.97271 1.49647 2.16334 1.30877 1.20162 0.973278 0.986207 0.803271 0.786033 0.73529 0.731951 1.02555 0.710465 5.1962 4.04535 2.75237 2.3473 2.10799 1.88082 1.43957 1.36702
threshold=0 1 2 3 5.6507317092149298 4 5 4.4005842009683471 2.8617925509761908 3.8606743063089755 6 5.344720891341141 7 8 9 10 11 12 13 14 2.602003343538398 4.6101453514146771
decision_type=9 9 9 9 10 9 9 8 10 10 1 8 9 9 9 9 9 9 9 9 10 10
left_child=1 5 3 -2 11 10 7 -3 -7 -10 -1 12 -5 15 19 -4 18 -17 -16 20 -15 -18
right_child=2 6 13 4 -6 8 -8 -9 9 -11 -12 -13 -14 14 16 17 21 -19 -20 -21 -22 -23
leaf_value=0.077713722326152493 10.611066073937435 -0.67561107258949049 -30.592598031948363 -1.3349957213483867 62.384785810800985 0.35541618536000896 0.42116920839573141 -135.084496979108 141.53921014300067 47.463662025653534 28.040185901589446 -116.68941956793027 -15.921332307047342 102.57388667333474 1.4954756831253326 -4.2545624985484025 -0.72027058941352151 1.3687737186086997 -16.880548099025109 7.1143567992719001 45.293723874953976 4.3881563044154239
leaf_weight=157 254 52 852 127 56 37 369 56 49 172 58 80 191 38 681 3205 3597 8364 1107 1042 392 2039
leaf_count=157 254 52 852 127 56 37 369 56 49 172 58 80 191 38 681 3205 3597 8364 1107 1042 392 2039
internal_value=-2.25225e-05 0.00191788 -0.000107206 -0.002125 -0.00395923 0.00440722 -0.00059816 -0.004125 0.0065 0.00776906 0.00168502 -0.00495 -0.0039375 -3.90314e-05 0.000267737 -0.000258787 -0.000217859 -3.69139e-05 -0.00175 0.00269879 0.00519231 0.000270892
internal_weight=22975 950 22025 708 454 473 477 108 258 221 215 398 318 21317 8896 12421 7424 11569 1788 1472 430 5636
internal_count=22975 950 22025 708 454 473 477 108 258 221 215 398 318 21317 8896 12421 7424 11569 1788 1472 430 5636
cat_boundaries=0 13 15 28 30 43 51 52 65 67 81 95 108 122 124 126
cat_threshold=16977948 64 268435456 2147483780 268698176 288 0 1073741888 524288 1090552320 0 133184 2097280 2320221748 20 64 2150629376 3254784128 4112 32768 0 64 32768 8 2147616772 8454144 8 8519682 21233744 24620 65548 0 0 132 0 0 0 0 0 33280 0 2048 2097280 16781312 64 0 0 268436032 0 0 1073741824 4 0 2097152 1073745920 0 0 0 0 0 0 0 8454144 0 2 3681547800 1102 311296 135184 0 2097152 2148532224 64 256 268436480 4 7340352 285212704 533024 22528 19 311296 131072 67108864 33280 2148532224 4160 0 268435456 4096 3147088 32 32 284928 16 2097152 109314080 0 0 134414344 4 640 134225920 33792 540672 606076928 2164261013 1057792 2147483649 1073745940 536870912 2097216 1073741824 16779264 0 16384 2048 4194312 285343744 3683072 2147483668 3 2438 278689 1050662 66304
is_linear=0
shrinkage=0.045


end of trees

feature_importances:
field=3054
state=2257
log_completions=1209
credential=567
broad_field=340
control=273

parameters:
[boosting: gbdt]
[objective: quantile]
[metric: quantile]
[tree_learner: serial]
[device_type: cpu]
[data_sample_strategy: bagging]
[data: ]
[valid: ]
[num_iterations: 350]
[learning_rate: 0.045]
[num_leaves: 23]
[num_threads: 4]
[seed: 42]
[deterministic: 0]
[force_col_wise: 0]
[force_row_wise: 0]
[histogram_pool_size: -1]
[max_depth: -1]
[min_data_in_leaf: 35]
[min_sum_hessian_in_leaf: 0.001]
[bagging_fraction: 1]
[pos_bagging_fraction: 1]
[neg_bagging_fraction: 1]
[bagging_freq: 0]
[bagging_seed: 400]
[bagging_by_query: 0]
[feature_fraction: 1]
[feature_fraction_bynode: 1]
[feature_fraction_seed: 30056]
[extra_trees: 0]
[extra_seed: 12879]
[early_stopping_round: 0]
[early_stopping_min_delta: 0]
[first_metric_only: 0]
[max_delta_step: 0]
[lambda_l1: 0]
[lambda_l2: 2]
[linear_lambda: 0]
[min_gain_to_split: 0]
[drop_rate: 0.1]
[max_drop: 50]
[skip_drop: 0.5]
[xgboost_dart_mode: 0]
[uniform_drop: 0]
[drop_seed: 17869]
[top_rate: 0.2]
[other_rate: 0.1]
[min_data_per_group: 100]
[max_cat_threshold: 32]
[cat_l2: 10]
[cat_smooth: 10]
[max_cat_to_onehot: 4]
[top_k: 20]
[monotone_constraints: ]
[monotone_constraints_method: basic]
[monotone_penalty: 0]
[feature_contri: ]
[forcedsplits_filename: ]
[refit_decay_rate: 0.9]
[cegb_tradeoff: 1]
[cegb_penalty_split: 0]
[cegb_penalty_feature_lazy: ]
[cegb_penalty_feature_coupled: ]
[path_smooth: 0]
[interaction_constraints: ]
[verbosity: -1]
[saved_feature_importance_type: 0]
[use_quantized_grad: 0]
[num_grad_quant_bins: 4]
[quant_train_renew_leaf: 0]
[stochastic_rounding: 1]
[linear_tree: 0]
[max_bin: 255]
[max_bin_by_feature: ]
[min_data_in_bin: 3]
[bin_construct_sample_cnt: 200000]
[data_random_seed: 175]
[is_enable_sparse: 1]
[enable_bundle: 1]
[use_missing: 1]
[zero_as_missing: 0]
[feature_pre_filter: 1]
[pre_partition: 0]
[two_round: 0]
[header: 0]
[label_column: ]
[weight_column: ]
[group_column: ]
[ignore_column: ]
[categorical_feature: 0,1,2,3,4]
[forcedbins_filename: ]
[precise_float_parser: 0]
[parser_config_file: ]
[objective_seed: 16083]
[num_class: 1]
[is_unbalance: 0]
[scale_pos_weight: 1]
[sigmoid: 1]
[boost_from_average: 1]
[reg_sqrt: 0]
[alpha: 0.5]
[fair_c: 1]
[poisson_max_delta_step: 0.7]
[tweedie_variance_power: 1.5]
[lambdarank_truncation_level: 30]
[lambdarank_norm: 1]
[label_gain: ]
[lambdarank_position_bias_regularization: 0]
[eval_at: ]
[multi_error_top_k: 1]
[auc_mu_weights: ]
[num_machines: 1]
[local_listen_port: 12400]
[time_out: 120]
[machine_list_filename: ]
[machines: ]
[gpu_platform_id: -1]
[gpu_device_id: -1]
[gpu_device_id_list: ]
[gpu_use_dp: 0]
[num_gpu: 1]

end of parameters

pandas_categorical:[["100", "1001", "1002", "1003", "101", "102", "103", "104", "105", "106", "107", "108", "109", "1099", "110", "1101", "1102", "1103", "1104", "1105", "1106", "1107", "1108", "1109", "111", "1110", "112", "113", "1199", "1203", "1204", "1205", "1206", "1299", "1301", "1302", "1303", "1304", "1305", "1306", "1307", "1309", "1310", "1311", "1312", "1313", "1314", "1315", "1399", "1401", "1402", "1403", "1404", "1405", "1406", "1407", "1408", "1409", "1410", "1411", "1412", "1413", "1414", "1418", "1419", "1420", "1421", "1422", "1423", "1424", "1425", "1427", "1428", "1432", "1433", "1434", "1435", "1436", "1437", "1438", "1439", "1440", "1441", "1442", "1443", "1444", "1445", "1447", "1448", "1499", "1500", "1501", "1502", "1503", "1504", "1505", "1506", "1507", "1508", "1509", "1510", "1511", "1512", "1513", "1514", "1515", "1516", "1517", "1599", "1601", "1602", "1603", "1604", "1605", "1606", "1607", "1608", "1609", "1610", "1611", "1612", "1613", "1614", "1615", "1616", "1617", "1699", "180", "181", "182", "183", "1901", "1902", "1904", "1905", "1906", "1907", "1909", "1910", "199", "1999", "2101", "2200", "2201", "2202", "2203", "2299", "2301", "2313", "2314", "2399", "2401", "2501", "2503", "2599", "2601", "2602", "2603", "2604", "2605", "2607", "2608", "2609", "2610", "2611", "2612", "2613", "2614", "2615", "2699", "2701", "2703", "2705", "2706", "2799", "2801", "2803", "2805", "2806", "2902", "2903", "2904", "2906", "2999", "3000", "3001", "3005", "3006", "3008", "301", "3010", "3011", "3012", "3013", "3014", "3015", "3016", "3017", "3018", "3019", "302", "3020", "3021", "3022", "3023", "3025", "3026", "3027", "3028", "3029", "303", "3030", "3031", "3032", "3033", "3034", "3035", "3036", "3038", "3039", "3040", "3041", "3042", "3043", "3044", "3045", "3046", "3047", "3048", "3049", "305", "3051", "3052", "3053", "306", "3070", "3071", "3099", "3101", "3103", "3105", "3106", "3199", "3201", "3301", "3401", "3501", "3601", "3602", "3701", "3800", "3801", "3802", "3899", "3902", "3903", "3904", "3905", "3906", "3907", "3908", "399", "3999", "4001", "4002", "4004", "4005", "4006", "4008", "4010", "4011", "402", "403", "404", "405", "406", "408", "409", "4099", "410", "4100", "4101", "4102", "4103", "4199", "4201", "4202", "4204", "4227", "4228", "4299", "4301", "4302", "4303", "4304", "4399", "4400", "4402", "4404", "4405", "4407", "4499", "4501", "4502", "4503", "4504", "4505", "4506", "4507", "4509", "4510", "4511", "4512", "4513", "4599", "4600", "4601", "4602", "4603", "4604", "4605", "4699", "4700", "4701", "4702", "4703", "4704", "4706", "4707", "4799", "4800", "4803", "4805", "4807", "4808", "4899", "4901", "4902", "4903", "499", "4999", "5001", "5002", "5003", "5004", "5005", "5006", "5007", "5009", "501", "5010", "5011", "502", "5099", "5100", "5101", "5102", "5104", "5105", "5106", "5107", "5108", "5109", "5110", "5111", "5112", "5114", "5115", "5116", "5117", "5118", "5120", "5122", "5123", "5126", "5127", "5131", "5132", "5133", "5134", "5135", "5136", "5137", "5138", "5139", "5199", "5201", "5202", "5203", "5204", "5205", "5206", "5207", "5208", "5209", "5210", "5211", "5212", "5213", "5214", "5215", "5216", "5217", "5218", "5219", "5220", "5221", "5299", "5301", "5302", "5401", "599", "6001", "6003", "6126", "901", "904", "907", "909", "910", "999"], ["1", "10", "11", "12", "13", "14", "15", "16", "19", "21", "22", "23", "24", "25", "26", "27", "28", "29", "3", "30", "31", "32", "33", "34", "35", "36", "37", "38", "39", "4", "40", "41", "42", "43", "44", "45", "46", "47", "48", "49", "5", "50", "51", "52", "53", "54", "60", "61", "9"], ["1", "2", "3", "4", "5", "6", "7", "8", "99"], ["AK", "AL", "AR", "AZ", "CA", "CO", "CT", "DC", "DE", "FL", "GA", "HI", "IA", "ID", "IL", "IN", "KS", "KY", "LA", "MA", "MD", "ME", "MI", "MN", "MO", "MS", "MT", "NC", "ND", "NE", "NH", "NJ", "NM", "NV", "NY", "OH", "OK", "OR", "Other", "PA", "RI", "SC", "SD", "TN", "TX", "UT", "VA", "VT", "WA", "WI", "WV"], ["Private, for-profit", "Private, nonprofit", "Public"]]
