tree
version=v4
num_class=1
num_tree_per_iteration=1
label_index=0
max_feature_idx=5
objective=quantile
feature_names=field broad_field credential state control log_completions
feature_infos=-1:387:383:151:291:388:285:44:362:155:360:240:415:300:45:361:147:310:37:347:15:399:410:311:386:393:384:373:356:42:30:359:344:327:289:64:307:372:348:367:34:43:21:56:136:170:58:395:345:237:189:332:117:266:298:143:416:418:354:394:363:371:145:346:148:36:271:303:397:31:25:55:309:18:389:57:417:258:365:318:302:296:324:398:53:185:308:156:96:267:305:49:376:130:23:396:93:109:352:407:50:168:251:385:4:94:364:76:166:98:12:349:22:292:3:16:38:103:380:391:325:341:268:337:350:162:239:404:131:288:48:294:336:152:199:201:238:272:357:252:254:299:0:46:14:105:343:142:314:134:184:392:405:2:100:172:24:95:137:144:420:90:160:62:159:171:200:111:234:323:158:230:293:358:403:259:297:102:63:71:290:401:124:127:6:92:275:312:319:369:169:263:301:402:17:89:146:165:198:355:29:52:68:70:108:283:400:51:61:97:99:186:256:317:353:377:390:5:28:107:164:214:265:295:378:19:149:277:375:8:27:150:161:179:191:197:205:320:326:329:338:370:374:9:11:35:47:66:132:133:135:174:194:208:212 -1:42:43:4:35:5:41:32:14:12:2:33:48:34:20:11:6:19:37:3:0:45:10:8:30:7:15:18:29:28:38:36:40:27:39:1:13:31:17 -1:2:4:1:0:5:6:7 -1:34:4:44:39:14:9:19:22:27:46:35:23:10:15:43:31:24:5:37:1:48:41:20:17:6:45:12:25:49:2:16:18:36:29:38:3:30:50:40:13:47:7:21:11:33:8:26:32:42:28 -1:2:1:0 [0:9.5238363793209437]
tree_sizes=2374 2498 2524 2514 2536 2409 2403 2429 2548 2481 2433 2386 2553 2328 2459 2528 2472 2477 2465 2367 2396 2465 2483 2603 2438 2446 2636 2528 2468 2575 2674 2560 2549 2623 2640 2656 2666 2675 2657 2437 2625 2583 2596 2508 2576 2772 2537 2671 2607 2789 2826 2610 2735 2896 2623 2601 2658 2692 2600 2660 2739 2752 2864 2700 2565 2810 2702 2869 2748 2638 2702 2757 2788 2840 2718 2556 2725 2726 2784 2798 2813 2799 2840 2662 2952 2836 2823 2682 2757 2677 2871 2693 2737 2694 2602 2647 2688 2605 2624 2747 2824 2798 2597 2874 2661 2742 2871 2690 2781 2742 2615 2810 2591 2785 2832 2799 2674 2623 2908 2562 2817 2911 2706 2804 2498 2853 2718 2913 2833 2807 2749 2675 2762 2778 2636 2829 2642 2635 2791 2698 2807 2814 2729 2689 2655 2919 2674 2595 2778 2832 2701 2784 2719 2797 2944 2747 2722 2665 2766 2848 2759 2692 2754 2940 2726 2942 2793 2883 2765 2860 2728 2623 2750 2622 2687 2723 2670 2542 2807 2686 2733 2592 2688 2684 2743 2802 2740 2579 2795 2750 2668 2783 2909 2615 2874 2850 2745 2824 2767 2811 2934 2786 2691 2717 2810 2781 2857 2856 2728 2969 2924 2746 2920 2758 2971 2801 2699 2690 2893 2968 2784 2758 2677 2846 2799 2720 2766 2882 2716 2801 2782 2699 2717 2807 2794 2911 2607 2984 2631 2843 2652 2750 2770 2625 2550 2534 2778 2654 2776 2820 2808 2694 2818 2763 2867 2855 2771 2793 2702 2688 2600 2794 2760 2724 2930 3007 2591 2783 2827 2936 2743 2659 2797 2857 2877 2824 2650 2792 2668 2777 2725 2774 2808 2713 2712 2847 2883 2811 2891 2463 2785 2675 2655 2738 2535 2728 2695 2858 2584 2569 2788 2868 2703 2804 2540 2770 2801 2960 2608 2924 2891 2811 2813 2924 2852 2466 2731 2506 2535 2801 2839 2486 2836 2749 2536 2487 2597 2865 2914 2774 2557 2681 2618 2689 2708 2737 2754 2771 2807 2517 2835 2757 2920 2765 2670 2644 2694 2640 2921 2771

Tree=0
num_leaves=23
num_cat=19
split_feature=0 2 2 0 0 3 0 3 3 5 4 0 5 0 0 2 0 3 1 3 5 4
split_gain=405.044 95.6974 90.8964 72.3045 30.2896 22.1334 20.0302 17.9886 14.1343 8.92632 8.87016 8.75325 8.00388 6.9916 6.80447 6.35846 13.9004 5.8782 5.04127 4.80781 4.47574 3.84489
threshold=0 1 2 3 4 5 6 7 8 3.5114340430413216 9 10 4.9801701820644562 11 12 13 14 15 16 17 4.1510089048756029 18
decision_type=9 9 9 9 9 9 9 9 9 10 1 9 8 9 9 9 9 9 9 9 10 1
left_child=1 10 3 5 15 -2 -5 19 14 -10 -1 17 -7 -11 -6 16 -3 20 -9 -8 -4 -20
right_child=2 4 11 6 8 12 7 18 9 13 -12 -13 -14 -15 -16 -17 -18 -19 21 -21 -22 -23
leaf_value=37003.745260815624 37419.761255888938 37825.157255361082 37758.83625761226 38139.995257098752 37914.491255175468 37501.391255307572 37448.50275999654 37951.346260076534 37421.183254462405 37739.207254286855 37054.820253906248 38296.541255825236 37760.294254293964 37507.542754993548 37619.772755075355 37214.151764879636 37299.597754189555 38019.980256257877 37504.721257930098 37611.470258458627 37921.227754170781 37742.645254037008
leaf_weight=321 337 114 338 1588 339 259 106 663 287 259 295 14310 414 236 318 172 170 1170 53 311 264 651
leaf_count=321 337 114 338 1588 339 259 106 663 287 259 295 14310 414 236 318 172 170 1170 53 311 264 651
internal_value=37873.2 37873.2 37873.2 37873.2 37873.2 37873.2 37873.2 37873.2 37873.2 37873.2 37873.2 37873.2 37873.2 37873.2 37873.2 37873.2 37873.2 37873.2 37873.2 37873.2 37873.2 37873.2
internal_weight=22975 2511 20464 4382 1895 1010 3372 1784 1439 782 616 16082 673 495 657 456 284 1772 1367 417 602 704
internal_count=22975 2511 20464 4382 1895 1010 3372 1784 1439 782 616 16082 673 495 657 456 284 1772 1367 417 602 704
cat_boundaries=0 13 14 15 28 41 43 56 58 60 61 75 88 101 102 113 115 117 119 120
cat_threshold=3221225484 0 0 268435456 260 0 0 1073741824 0 0 513802240 268436352 1056 1 3 4194304 4100 0 0 142606336 0 0 65536 536870912 2147504384 16908288 38912 1048576 2147483648 0 0 0 256 0 0 0 0 0 44040192 0 32 167937028 148105 44105728 131072 1073741824 133 0 33554432 0 0 134217856 1073741840 32 2147484672 5 33948676 6224 3768177754 12928 1 16777216 81920 0 32768 9961480 16777281 256 402703360 8 75531008 1090519040 0 1573120 18 0 0 0 0 4 0 0 0 0 0 0 896 1024 8 0 0 0 0 0 0 0 0 0 0 896 1024 20 0 0 0 0 256 0 0 0 0 0 2097152 153497126 404088 68 98 33816580 64 1
is_linear=0
shrinkage=1


Tree=1
num_leaves=23
num_cat=18
split_feature=0 0 2 0 2 3 0 3 3 5 0 0 4 0 0 3 3 4 5 5 4 5
split_gain=384.24 94.0205 83.3384 64.8038 38.8118 20.1927 17.3701 16.2253 14.4603 10.5348 8.79861 8.5656 8.27231 7.77201 6.56566 5.92216 4.96177 4.66084 4.36119 3.649 2.7203 4.89416
threshold=0 1 2 3 4 5 6 7 8 3.5114340430413216 9 10 11 12 13 14 15 16 4.6001450180613412 5.9952067579627961 17 3.3140206880897671
decision_type=9 9 9 9 9 9 9 9 9 10 9 9 1 9 9 9 9 1 8 10 1 10
left_child=1 17 3 5 12 19 -5 -8 9 -6 -7 15 -3 -10 -11 18 -9 -1 -4 -2 21 -18
right_child=2 4 11 6 8 10 7 16 13 14 -12 -13 -14 -15 -16 -17 20 -19 -20 -21 -22 -23
leaf_value=-900.0245349575938 -465.55025575379125 -475.38203571699421 -106.59630407796243 337.43271692983308 -492.78073930439757 -98.518237613033889 -328.7693872560007 -197.56558059599661 2.6169820313777654 -134.82032102806494 -437.8635981786565 407.45515203881376 -430.67791137401451 -274.39977209011585 -371.04942256856157 122.895889815535 -362.50745658673782 -781.55190587092625 106.48675194449341 -195.93725621553355 38.801418572555264 88.019043338974413
leaf_weight=199 259 138 332 1492 246 477 256 451 399 207 244 14170 194 513 234 1436 61 381 144 59 1030 53
leaf_count=199 259 138 332 1492 246 477 256 451 399 207 244 14170 194 513 234 1436 61 381 144 59 1030 53
internal_value=5.58169e-05 -0.0165143 0.00209748 -0.00339804 -0.0115777 -0.0131489 -0.000331296 -0.0032343 -0.00852235 -0.0134742 -0.00865007 0.00359631 -0.0254826 -0.00466558 -0.00943679 0.000753119 -0.00149813 -0.0323818 -0.00354098 -0.0226636 9.34258e-05 -0.00643965
internal_weight=22975 2511 20464 4382 1931 1039 3343 1851 1599 687 721 16082 332 912 441 1912 1595 580 476 318 1144 114
internal_count=22975 2511 20464 4382 1931 1039 3343 1851 1599 687 721 16082 332 912 441 1912 1595 580 476 318 1144 114
cat_boundaries=0 13 26 27 40 41 43 56 58 60 72 86 87 99 112 114 116 117 118
cat_threshold=3221225484 0 0 268435456 260 0 0 1073741824 0 0 513802240 268436352 1056 3221225472 0 0 0 0 0 0 0 0 0 41943040 268435456 32 3 4194304 4100 0 0 142606336 0 0 65536 536870912 2147504384 16908288 38916 1048576 1 167904260 147593 44105728 131072 1073741824 133 0 33554432 0 0 134217728 1073741840 32 2147484672 1 33948676 2112 189136928 412269 0 0 0 0 142606336 0 0 0 0 0 131072 6148 16777216 81920 0 32768 9961480 16777281 256 402703360 8 67158784 1090519040 0 2149056768 18 1 8 0 0 0 0 0 0 1073741824 0 0 0 896 0 0 0 0 4 0 0 0 0 0 0 896 1024 153497094 393800 134218242 4116 1 1
is_linear=0
shrinkage=0.045


Tree=2
num_leaves=23
num_cat=19
split_feature=0 2 2 0 0 3 0 3 3 4 0 0 0 2 5 3 1 3 0 5 0 5
split_gain=357.027 92.8066 77.7294 60.6332 27.1604 20.7608 15.9208 15.1387 14.1248 10.7713 9.01713 7.91179 7.60992 12.7037 7.24961 6.54722 5.61451 5.18273 3.90252 3.62375 2.96977 2.74488
threshold=0 1 2 3 4 5 6 7 8 9 10 11 12 13 3.5114340430413216 14 15 16 17 3.5408542930527882 18 5.9952067579627961
decision_type=9 9 9 9 9 9 9 9 9 1 9 9 9 9 10 9 9 9 9 8 9 10
left_child=1 9 3 5 -3 -2 -5 14 15 -1 21 17 -9 18 -6 -8 -16 19 -14 -4 -11 -7
right_child=2 4 11 6 7 10 8 12 -10 20 -12 -13 13 -15 16 -17 -18 -19 -20 -21 -22 -23
leaf_value=-789.82742575424095 -453.49249435054969 -482.94655419839296 -170.61894405383146 322.24824466799055 -452.44811131529281 -188.29691590093978 -379.11299550902521 1.8401298290271311 4.0658571433352702 -885.57157525261971 -370.34731549371975 392.40016639832163 194.95091422510734 -703.56397562217296 -176.27790894087201 -202.03714809524001 -352.32719858315119 116.73557438759795 -222.42964404115096 -16.052912584775441 -427.80340486517059 -15.757919957646809
leaf_weight=321 209 284 143 1492 241 288 109 411 1144 108 322 14175 101 102 200 598 229 1434 327 330 187 220
leaf_count=321 209 284 143 1492 241 288 109 411 1144 108 322 14175 101 102 200 598 229 1434 327 330 187 220
internal_value=0.000136115 -0.0158365 0.00210407 -0.00320346 -0.0107486 -0.0126351 -0.000237407 -0.00834288 -0.00301691 -0.0309841 -0.00913895 0.00355157 -0.00452833 -0.00805351 -0.0135264 -0.00796732 -0.0101381 0.000813705 -0.00431591 -0.00321959 -0.0249242 -0.00512308
internal_weight=22975 2511 20464 4382 1895 1039 3343 1611 1851 616 830 16082 941 530 670 707 429 1907 428 473 295 508
internal_count=22975 2511 20464 4382 1895 1039 3343 1611 1851 616 830 16082 941 530 670 707 429 1907 428 473 295 508
cat_boundaries=0 13 14 15 28 41 43 56 58 60 61 73 87 99 100 102 104 106 119 132
cat_threshold=3221225484 0 0 268435456 260 0 0 1073741824 0 0 513802240 268436352 1056 1 3 4194304 4100 0 0 142606336 0 0 65536 536870912 2147504384 16908288 38916 1048576 2147483648 0 0 0 0 0 0 0 0 0 41943040 0 32 167904260 9 44105728 131072 1073741824 133 0 33554432 0 0 134217728 1073741840 32 2147484672 1 189136928 418413 168166918 6228 1 0 4 0 0 142606336 0 0 0 0 0 131072 4100 16777216 81920 0 32768 9961480 16777281 256 402711552 8 75547392 1090519040 0 524544 18 8 0 0 0 0 0 0 1073741824 0 0 0 896 20 33816580 64 1 3072 690367526 264776 0 0 0 0 256 0 0 0 0 0 0 0 1024 3221225472 0 0 0 256 0 0 0 0 0 0 0 32
is_linear=0
shrinkage=0.045


Tree=3
num_leaves=23
num_cat=20
split_feature=0 2 2 0 0 3 0 2 0 1 3 4 0 5 0 5 1 3 3 0 0 3
split_gain=334.887 90.1349 70.6669 53.7604 26.5702 19.611 15.8869 13.5712 26.6558 19.9683 12.4623 9.45281 9.34811 7.06614 6.63671 6.19757 5.27557 4.24468 3.70407 4.96034 3.61606 3.2737
threshold=0 1 2 3 4 5 6 7 8 9 10 11 12 5.9952067579627961 13 3.5408542930527882 14 15 16 17 18 19
decision_type=9 9 9 9 9 9 9 9 9 9 9 1 9 10 9 10 9 9 9 9 9 9
left_child=1 11 3 5 -3 13 -5 8 15 -9 -8 -1 17 -2 -7 -6 -12 -4 19 -14 -13 -18
right_child=2 4 12 6 7 14 10 9 -10 -11 16 20 18 -15 -16 -17 21 -19 -20 -21 -22 -23
leaf_value=-754.28519159530003 -423.00533127329032 -461.21395925946513 103.73347389809692 248.54958156474777 -319.10194300376884 -82.14746737628063 -296.80503768806022 267.53584965940661 -612.64490230771958 -273.59846996699105 35.657392355570337 -845.72085436625161 -89.338345680807024 -163.66191717733759 -368.98680856196154 13.134062893314738 33.634533314708875 -72.319604981326265 398.50824533374669 231.46666245366234 -408.94825165213894 -190.11508337763331
leaf_weight=321 253 284 895 1576 133 422 319 374 269 569 842 108 344 65 266 204 214 575 13417 904 185 436
leaf_count=321 253 284 895 1576 133 422 319 374 269 569 842 108 344 65 266 204 214 575 13417 904 185 436
internal_value=0.00020662 -0.0154874 0.00208525 -0.00296969 -0.0103341 -0.0120413 -0.000242277 -0.00787284 -0.0131359 -0.00436806 -0.00310779 -0.0303786 0.00346272 -0.0213 -0.00747 -0.0042937 -0.00134043 3.03645e-05 0.00380647 0.00142143 -0.0246661 -0.00435045
internal_weight=22975 2447 20528 4393 1833 1006 3387 1549 606 943 1811 614 16135 318 688 337 1492 1470 14665 1248 293 650
internal_count=22975 2447 20528 4393 1833 1006 3387 1549 606 943 1811 614 16135 318 688 337 1492 1470 14665 1248 293 650
cat_boundaries=0 13 14 15 28 41 43 56 57 69 71 73 74 88 100 102 104 106 120 133 135
cat_threshold=3221225476 0 0 268435456 260 0 0 0 0 0 513802240 268436352 1056 1 3 4194304 4100 0 0 142606336 0 0 65536 536870912 2147504384 16777216 38916 1048576 2147483648 0 0 0 0 0 0 0 0 0 41943040 0 32 184681476 17049 44105728 131072 1073741824 133 0 33554432 0 0 134217728 1073741840 32 2147484672 5 2 0 0 0 0 4 0 0 0 0 0 0 640 256 3072 33947652 6208 1 8 81920 0 32768 9961480 1 256 1476445184 8 67158784 1090519040 0 524288 2 0 4 0 0 142606336 0 0 0 0 0 0 4100 1074267205 98 3234451536 86420 50724864 262720 0 12288 0 0 134217728 0 0 0 536870912 8388618 0 0 2214592512 4 3221225472 0 0 0 256 0 0 0 0 0 0 0 32 4718640 131232
is_linear=0
shrinkage=0.045


Tree=4
num_leaves=23
num_cat=20
split_feature=0 2 2 0 3 0 1 3 0 4 3 0 5 0 0 3 3 5 0 0 3 0
split_gain=305.984 89.2638 62.8688 46.9873 25.992 24.744 16.2092 11.5499 10.387 9.48757 7.42161 7.27732 6.36139 4.5312 4.11512 4.76902 3.69885 3.5453 3.34421 2.85291 2.83806 3.7956
threshold=0 1 2 3 4 5 6 7 8 9 10 11 3.5114340430413216 12 13 14 15 4.7405652883788738 16 17 18 19
decision_type=9 9 9 9 9 9 9 9 9 1 9 9 10 9 9 9 9 10 9 9 9 9
left_child=1 9 3 14 -5 -3 -6 12 10 -1 17 -9 -7 -14 15 -2 -8 -4 -12 -11 21 -10
right_child=2 5 8 4 6 7 16 11 20 19 18 -13 13 -15 -16 -17 -18 -19 -20 -21 -22 -23
leaf_value=-717.4443579303279 -210.08711926256458 -440.45933109278906 -91.526134344636716 -408.52670968258519 -323.60604636612118 -423.97895118771254 3.1901042852458148 11.732251693431763 -72.528087883862327 -807.66341591977039 -140.10052292881048 -284.59033950193566 -6.2198961136913358 -345.57634899562908 417.46834981920159 65.538441268619508 -136.18288714177501 66.08852389235831 129.97824443128144 -390.54558032779266 435.64028964452581 288.22556215531307
leaf_weight=323 224 284 525 357 382 215 563 426 365 108 149 536 109 260 1234 752 878 215 1566 185 12167 1152
leaf_count=323 224 284 525 357 382 215 563 426 365 108 149 536 109 260 1234 752 878 215 1566 185 12167 1152
internal_value=0.00029671 -0.0147083 0.00209194 -0.00267833 -0.00734945 -0.00957655 -0.00509346 -0.00720347 0.00339053 -0.0294793 0.000684029 -0.00405647 -0.0122013 -0.00874528 0.00194419 -0.000245951 -0.00284618 -0.00305186 0.00230602 -0.0237508 0.00387507 0.00199248
internal_weight=22975 2446 20529 4390 2180 1830 1823 1546 16139 616 2455 962 584 369 2210 976 1441 740 1715 293 13684 1517
internal_count=22975 2446 20529 4390 2180 1830 1823 1546 16139 616 2455 962 584 369 2210 976 1441 740 1715 293 13684 1517
cat_boundaries=0 13 14 15 28 30 43 45 47 61 62 64 76 89 102 104 106 117 130 132 146
cat_threshold=3221225476 0 0 0 260 0 0 0 0 2147483648 513802240 268436352 1056 1 3 44269568 131072 3758096384 133 0 33554432 0 0 134217856 1073741848 4152 2147484672 5 168166404 65 2147483648 0 0 0 0 0 0 0 0 0 41943040 0 32 1048592 1541 189136928 279133 8 81920 0 40960 10223624 1 256 1476453376 536870920 75547392 1090519040 0 524288 2 1 723791398 403976 0 0 0 0 4 0 0 0 0 0 0 896 0 0 0 0 4 0 0 0 0 0 0 640 1024 163840 0 2684354560 0 0 0 0 0 128 24 4120 0 5 33965572 2112 2693395008 197792 0 0 0 0 1048576 1 0 1342177280 8 0 1073741824 3221225472 0 0 0 256 0 0 0 0 0 0 0 32 50724868 270912 0 13312 0 0 134217728 0 0 0 0 10 0 0 2214592512 5
is_linear=0
shrinkage=0.045


Tree=5
num_leaves=23
num_cat=20
split_feature=0 0 2 0 2 3 0 3 1 4 0 0 2 3 5 5 4 0 3 1 3 4
split_gain=287.493 89.3132 58.0932 41.1823 30.0612 22.3036 14.4792 13.8159 11.4083 10.3931 9.89658 7.78134 17.2911 7.4899 4.84475 4.13201 3.9835 3.87596 5.49808 3.09124 3.07847 2.97856
threshold=0 1 2 3 4 5 6 7 8 9 10 11 12 13 3.1132683346437333 4.6586997221347959 14 15 16 17 18 19
decision_type=9 9 9 9 9 9 9 9 9 1 9 9 9 9 10 10 1 9 9 9 9 1
left_child=1 9 3 17 7 -5 -6 21 -7 -1 13 12 14 15 -9 -4 19 -2 -19 -10 -21 -3
right_child=2 4 10 5 6 8 -8 11 16 -11 -12 -13 -14 -15 -16 -17 -18 18 -20 20 -22 -23
leaf_value=-757.75336699690797 445.88276707335211 -186.7505784171687 -94.902863224207223 -385.58638866316403 -258.33091552738063 -307.62248137671105 174.6440081182237 -376.257306399009 16.777709802186017 -651.65905760960527 377.08447281077059 -516.21489885903236 -374.70628063200627 116.88842831207712 -65.394092078345722 60.066300197343587 -255.85803920862142 -193.05552466847874 111.47450796586014 -131.33289412483458 -50.748121573449176 -97.66795106924603
leaf_weight=199 1190 50 546 383 544 380 424 49 666 381 13555 296 141 1770 196 239 173 362 586 329 330 186
leaf_count=199 1190 50 546 383 544 380 424 49 666 381 13555 296 141 1770 196 239 173 362 586 329 330 186
internal_value=0.00036134 -0.0141174 0.00210933 -0.00246985 -0.00923235 -0.00668962 -0.00359082 -0.0150581 -0.0046 -0.0294932 0.00336063 -0.018402 -0.0130477 0.000780094 -0.00516537 -0.00285132 -0.00277748 0.00200512 -0.00015 -0.00194989 -0.00409762 -0.00497177
internal_weight=22975 2466 20509 4399 1886 2261 968 918 1878 580 16110 682 386 2555 245 785 1498 2138 948 1325 659 236
internal_count=22975 2466 20509 4399 1886 2261 968 918 1878 580 16110 682 386 2555 245 785 1498 2138 948 1325 659 236
cat_boundaries=0 13 26 27 40 41 43 54 56 58 59 73 85 86 88 89 101 103 105 107 108
cat_threshold=3221225476 0 0 0 260 0 0 0 0 0 1587544064 268436352 1056 3221225472 0 0 0 0 0 0 0 0 0 41943040 268435456 32 3 44269568 131072 3758096384 133 0 33554432 0 0 134217856 1073741840 4280 2147484672 5 3 184943620 64 0 0 0 0 0 0 0 0 0 0 471859200 2156412970 196641 1048592 1541 1 8 81920 0 40960 10223624 1 256 1476453376 536870920 67158784 16777216 1 2148007936 2 0 0 0 0 4 0 0 0 0 0 0 640 2 723922470 395848 4 44105728 131072 1073741824 133 0 0 0 0 134217728 1073741824 32 2147484672 33965604 6720 524353 2066 4194322 20525 1
is_linear=0
shrinkage=0.045


Tree=6
num_leaves=23
num_cat=20
split_feature=0 0 2 0 2 3 1 1 3 4 0 0 2 3 5 3 5 3 0 1 3 3
split_gain=263.824 85.4106 53.7067 36.0207 30.3219 24.2033 14.2142 13.4164 13.3517 10.3499 9.18238 6.96388 17.1424 6.13936 4.12389 4.01646 3.86609 3.77617 4.69613 3.5607 3.59344 3.32941
threshold=0 1 2 3 4 5 6 7 8 9 10 11 12 13 3.1132683346437333 14 4.5900436644025815 15 16 17 18 19
decision_type=9 9 9 9 9 9 9 9 9 1 9 9 9 9 10 9 10 9 9 9 9 9
left_child=1 9 3 -2 8 19 -7 -6 -3 -1 13 12 14 16 -10 -8 -4 18 -12 -5 -21 -9
right_child=2 4 10 5 7 6 15 21 11 -11 17 -13 -14 -15 -16 -17 -18 -19 -20 20 -22 -23
leaf_value=-723.65446548204727 151.49149136879535 -99.434504243184819 -91.71721014634393 -407.6211274483544 262.36537911069416 -307.4434894874982 41.340695774791342 3.2904453362374344 -357.17922757906837 -622.33440001717304 -46.44529724629033 -485.73624792231453 -357.55217285061786 108.23701195824302 -66.24614422763608 -98.975284881821821 115.5571584801865 380.69417295404622 269.25683380627271 -125.85793066542523 -372.24777631903538 -253.75410802339098
leaf_weight=199 1965 227 446 154 374 362 350 108 50 381 405 305 142 1542 201 1316 156 12368 1164 129 116 515
leaf_count=199 1965 227 446 154 374 362 350 108 50 381 405 305 142 1542 201 1316 156 12368 1164 129 116 515
internal_value=0.000390717 -0.0133675 0.00207877 -0.00232766 -0.00867425 -0.00598339 -0.00393088 -0.00313528 -0.0145277 -0.0284291 0.00328307 -0.0176958 -0.0126333 0.000530149 -0.00494487 -0.00212932 -0.00328339 0.00370575 0.00159108 -0.0159963 -0.0111187 -0.00713622
internal_weight=22975 2502 20473 4392 1922 2427 2028 997 925 580 16081 698 393 2144 251 1666 602 13937 1569 399 245 623
internal_count=22975 2502 20473 4392 1922 2427 2028 997 925 580 16081 698 393 2144 251 1666 602 13937 1569 399 245 623
cat_boundaries=0 13 26 27 40 41 43 45 47 49 50 64 76 77 79 81 83 97 99 101 103
cat_threshold=3221225484 0 0 0 260 0 0 0 0 0 1587544064 268436352 1056 3221225472 0 0 0 0 0 0 0 0 0 41943040 268435456 32 3 44269568 131072 3758096384 133 0 33554432 0 0 134217856 1073741840 4152 2147484676 5 3 168166404 65 1048592 1541 256 3072 2156412968 196641 1 0 81920 0 40960 1835528 16777281 0 1476444160 8 75530753 16777216 1 2215117056 2 0 0 0 0 4 0 0 0 0 0 0 640 2 184946214 395848 545886272 140320 50724868 270912 0 13312 0 0 8388608 0 0 0 536870912 4106 0 1048576 0 5 4112 1024 134218752 1 2155905040 16384
is_linear=0
shrinkage=0.045


Tree=7
num_leaves=23
num_cat=18
split_feature=0 0 2 0 2 3 0 2 0 1 3 3 0 0 5 3 4 5 5 4 3 5
split_gain=247.834 83.4896 54.4633 40.0153 19.9561 17.6983 12.2879 15.2724 11.4615 9.80464 9.43746 6.73701 5.13814 4.99598 4.87238 4.72565 4.2659 4.45568 3.37812 3.19495 3.08452 3.10338
threshold=0 1 2 3 4 5 6 7 8 9 10 11 12 13 4.6001450180613412 14 15 3.9415346756528771 3.4811217321331038 16 17 5.5548938233105778
decision_type=9 9 9 9 9 9 9 9 9 9 9 9 9 9 10 9 1 10 10 1 9 10
left_child=1 18 3 15 19 -5 11 -8 10 -7 14 -6 -9 -11 -4 -2 17 -13 -1 -3 -15 -22
right_child=2 4 8 5 6 9 7 12 -10 13 -12 16 -14 20 -16 -17 -18 -19 -20 -21 21 -23
leaf_value=-647.5094790367358 -101.075204794201 -336.32107856443849 -109.62407751630984 -372.32904504797841 -278.5763201578805 -347.34426778775935 -591.51609787933 -390.06146317463157 356.10193192108142 -352.99045671946078 97.858347340962609 -231.90646950239935 -200.70951581985045 -14.041921822764728 24.805705448877852 158.80791606445476 11.250229602548714 -57.075031440227001 -709.73408429593712 -351.99664778920942 -160.4316758953685 -13.82049044466911
leaf_weight=101 384 178 518 305 136 241 146 135 13368 113 2081 38 567 576 260 2016 558 43 253 168 561 229
leaf_count=101 384 178 518 305 136 241 146 135 13368 113 2081 38 567 576 260 2016 558 43 253 168 561 229
internal_value=0.00041226 -0.0134846 0.00198214 -0.00243915 -0.00972463 -0.00708026 -0.0075055 -0.0112605 0.00318871 -0.00522229 0.000594044 -0.0032878 -0.00818067 -0.00377565 -0.0036 0.00149254 -0.00125115 -0.0107892 -0.0333934 -0.0195335 -0.0029521 -0.00476933
internal_weight=22975 2323 20652 4425 1969 2025 1623 848 16227 1720 2859 775 702 1479 778 2400 639 81 354 346 1366 790
internal_count=22975 2323 20652 4425 1969 2025 1623 848 16227 1720 2859 775 702 1479 778 2400 639 81 354 346 1366 790
cat_boundaries=0 13 26 27 40 41 43 56 57 71 73 75 77 88 101 103 104 105 107
cat_threshold=3221225476 0 0 0 260 0 0 1073741824 0 0 1520435200 268436352 524320 1073741824 0 0 0 0 0 0 0 0 0 8388608 268435456 32 3 44269568 131072 3758096384 133 0 33554432 0 0 134217728 1073741848 4280 2147484672 5 1 168166404 64 0 0 0 0 4 0 0 1073741824 0 0 1073741824 896 524288 2 8 81920 0 32768 10224136 16777281 0 402702336 536870920 75531009 83886080 1 2147483904 3 1048592 517 723922470 264768 167903232 72 0 0 0 0 0 0 0 0 0 0 33554432 4194304 0 0 0 0 0 0 0 0 16384 0 32768 1024 33817604 264768 1 4 545903152 132224
is_linear=0
shrinkage=0.045


Tree=8
num_leaves=23
num_cat=19
split_feature=0 2 0 0 3 0 0 4 0 3 3 5 1 0 3 3 5 3 3 0 3 5
split_gain=230.233 69.1083 51.9225 49.5659 24.7357 19.8016 14.3669 8.88343 8.40254 8.75865 7.75268 5.44314 5.13821 4.34743 5.2449 4.01519 3.96833 3.13156 2.99302 2.9755 2.1364 2.05329
threshold=0 1 2 3 4 5 6 7 8 9 10 4.0517471391904856 11 12 13 14 4.0342014792848504 15 16 17 18 3.8606743063089755
decision_type=9 9 9 9 9 9 9 1 9 9 9 10 9 9 9 9 10 9 9 9 9 10
left_child=3 2 13 10 -4 15 18 -8 9 11 -1 -7 -9 -2 -15 -3 -5 19 -6 -10 -14 -17
right_child=1 5 4 16 6 8 7 12 17 -11 -12 -13 20 14 -16 21 -18 -19 -20 -21 -22 -23
leaf_value=-400.50436966512024 412.99733361279533 18.914773478745879 -327.67614168056775 -646.82397325889258 -161.46097058300163 -107.56272153207537 -283.07455865865711 -248.04429047397022 -58.016816837937156 135.23513197232191 -230.78248901670031 15.555653840384389 41.657983739814313 -193.41769782724464 40.544113235112995 -251.14417032623891 -684.17482225171693 397.96984568100117 -356.07238576766775 256.17905902025154 -74.685717073253429 -97.976802704397045
leaf_weight=444 1190 228 323 154 124 394 128 234 228 2133 433 456 216 219 1011 245 200 11877 328 955 1162 293
leaf_count=444 1190 228 323 154 124 394 128 234 228 2133 433 456 216 219 1011 245 200 11877 328 955 1162 293
internal_value=0.000449471 0.00152523 -0.00315191 -0.0183874 -0.0076662 0.00289968 -0.00587613 -0.00395548 0.00323815 0.00107129 -0.0122649 -0.00276682 -0.00306134 0.00155428 -0.000326087 -0.00412982 -0.0326557 0.00373164 -0.0129763 0.00147992 -0.00194892 -0.00623455
internal_weight=22975 21744 4935 1231 2515 16809 2192 1740 16043 2983 877 850 1612 2420 1230 766 354 13060 452 1183 1378 538
internal_count=22975 21744 4935 1231 2515 16809 2192 1740 16043 2983 877 850 1612 2420 1230 766 354 13060 452 1183 1378 538
cat_boundaries=0 13 14 27 39 41 52 65 66 80 82 84 86 98 100 101 103 105 115 117
cat_threshold=3221225472 0 0 0 256 0 0 0 0 0 310378496 268435968 32 3 44269568 131072 1610612736 133 0 33554432 0 0 134217856 1073741848 4280 2147484676 5 2147483648 0 0 0 256 0 0 0 0 0 301989888 512 168165380 262208 12 0 0 0 1048584 1 0 1342193664 8 32768 1277165568 0 4096 0 0 4 0 0 65536 0 0 150994944 33024 1024 1 0 81920 0 40960 9175552 16777280 256 134259712 536870912 75514625 16777216 1 2216165632 3 187043366 395784 172361232 17100 2066 66061 44105728 131072 1073741824 133 0 0 0 0 134217728 1073741824 32 2147484672 33948196 2112 2160640016 117442564 8768 8912920 65696 0 12288 0 0 134217728 0 0 0 0 4104 8917024 132098
is_linear=0
shrinkage=0.045


Tree=9
num_leaves=23
num_cat=19
split_feature=0 2 2 1 0 1 3 0 2 0 2 3 0 3 5 0 0 5 3 4 3 5
split_gain=214.294 82.1129 43.2235 29.6348 16.125 14.8049 13.6166 13.4607 15.4793 9.2376 9.12367 6.44932 5.52226 6.84548 5.41306 4.7993 4.11553 4.58725 3.79875 3.76012 3.33815 3.33687
threshold=0 1 2 3 4 5 6 7 8 9 10 11 12 13 3.1567740231385479 14 15 5.705446369702539 16 17 18 1.8688348091416842
decision_type=9 9 9 9 9 9 9 9 9 9 9 9 9 9 10 9 9 10 9 1 9 10
left_child=1 5 3 -2 -5 -1 -6 10 -9 11 14 -4 13 -11 -3 -10 17 -8 21 -7 -16 -18
right_child=2 7 9 4 6 19 16 8 15 12 -12 -13 -14 -15 20 -17 18 -19 -20 -21 -22 -23
leaf_value=-672.85798117903903 -361.58356748498556 -260.67584011271094 100.68559401904291 228.21868808225605 -234.77079772907126 -313.94999279475968 -202.66660147482494 -563.36416873231178 19.137970960810243 -39.260140257635854 217.36209276899737 -59.636915857306633 455.93120251270341 146.8668349520911 71.124553043603967 -257.11148480100877 -294.4332154826098 -8.6693342218716136 97.20689630754174 -329.39259845129322 -144.04648268222272 -46.217395847582011
leaf_weight=228 327 153 1411 1493 396 198 335 204 117 679 334 754 11037 2275 113 641 101 271 692 190 246 780
leaf_count=228 327 153 1411 1493 396 198 335 204 117 679 334 754 11037 2275 113 641 101 271 692 190 246 780
internal_value=0.000472973 -0.0121478 0.00196759 -0.00198604 -0.000917647 -0.0262548 -0.00307016 -0.0072 -0.010848 0.00304379 -0.00295804 0.000299725 0.00346779 0.0017205 -0.0066813 -0.00760909 -0.00164514 -0.00476214 -0.00041735 -0.01926 -0.00375208 -0.00236338
internal_weight=22975 2424 20551 4395 4068 616 2575 1808 962 16156 846 2165 13991 2954 512 758 2179 606 1573 388 359 881
internal_count=22975 2424 20551 4395 4068 616 2575 1808 962 16156 846 2165 13991 2954 512 758 2179 606 1573 388 359 881
cat_boundaries=0 13 14 15 17 30 31 33 46 47 61 62 64 78 80 91 104 106 107 109
cat_threshold=3221225536 0 0 268435456 260 0 0 1073741824 0 0 1520435200 268436352 525344 1 3 1064978 517 44138496 131072 1073741824 133 0 33554432 0 0 134217856 1073741840 48 2147484672 4 8 168165380 2113 0 0 0 268435456 4 0 0 1073741824 0 0 0 896 525312 2 12 81920 0 40960 10224136 16777281 0 402702336 8 75531009 83886080 1 68157440 2 2 3772371408 86420 16777216 4096 0 2097152 16384 536870912 256 9216 536870916 151560 0 0 2155872512 17 654705158 264712 0 0 0 0 256 0 0 0 0 0 1073741824 4194304 0 0 0 8388608 0 0 0 0 2155888640 0 34816 2147483648 2148582954 86558 4 8930320 69640
is_linear=0
shrinkage=0.045


Tree=10
num_leaves=23
num_cat=18
split_feature=0 2 2 1 1 0 3 3 0 0 5 3 2 3 0 3 5 2 5 0 4 5
split_gain=199.206 81.1096 38.8837 26.1118 16.5954 15.8756 12.6835 11.5036 8.70195 8.56139 7.77015 6.72414 6.1071 4.34142 5.57779 4.29013 4.13764 3.8248 4.31283 3.33308 2.89802 2.59987
threshold=0 1 2 3 4 5 6 7 8 9 3.4811217321331038 10 11 12 13 14 4.1510089048756029 15 4.5798392285869785 16 17 3.0677824455408698
decision_type=9 9 9 9 9 9 9 9 9 9 10 9 9 9 9 9 10 9 10 9 1 10
left_child=1 4 3 -2 -1 -5 -7 10 -9 11 -3 -4 -10 14 17 -8 -13 18 -11 -12 -6 -17
right_child=2 7 9 5 20 6 15 8 12 13 19 16 -14 -15 -16 21 -18 -19 -20 -21 -22 -23
leaf_value=-642.57937202598225 -379.52972771316587 -352.56052943576657 130.63374302958854 213.84484669060808 -300.03499465924773 -239.9671324632348 44.219784720335433 22.79926200187532 -538.78418885691838 -148.52923356586638 -7.1708239747365141 -81.564186284060256 -176.14221634127566 380.67629974449153 393.64499762106294 -274.5908095673621 19.846411618677159 290.6781363180682 72.791872493008015 -260.51125042078957 -314.56993152098499 -54.868614692013736
leaf_weight=228 231 316 1655 1542 197 323 577 539 104 440 115 570 486 10533 1657 328 533 304 303 431 190 1373
leaf_count=228 231 316 1655 1542 197 323 577 539 104 440 115 570 486 10533 1657 328 533 304 303 431 190 1373
internal_value=0.000506267 -0.0111795 0.0020068 -0.00175034 -0.0253708 -0.000906498 -0.0030465 -0.00667024 -0.0035929 0.00303477 -0.0105961 0.000744043 -0.00732558 0.00351094 0.00187887 -0.00183144 -0.00196547 -0.000692634 -0.00242583 -0.00742336 -0.0181917 -0.00296585
internal_weight=22975 2606 20369 4374 615 4143 2601 1991 1129 15995 862 2758 590 13237 2704 2278 1103 1047 743 546 387 1701
internal_count=22975 2606 20369 4374 615 4143 2601 1991 1129 15995 862 2758 590 13237 2704 2278 1103 1047 743 546 387 1701
cat_boundaries=0 13 14 15 17 18 31 33 35 48 62 64 65 67 81 83 84 97 98
cat_threshold=3221225548 0 0 0 260 0 0 1342177280 8 0 1587544064 268436352 525344 1 3 1048592 516 8 44269568 131072 3758096384 133 0 33554432 0 0 134217728 1073741840 48 2147484672 4 168165380 64 172428326 287309 4 0 0 0 4 0 0 1342177280 8 0 67108864 896 1024 0 81920 0 40960 10224136 16777281 256 134267904 536870916 75530753 16777216 1 68157696 3 3235500496 20868 2 788924932 270912 0 13316 0 0 134217728 536870912 0 65536 0 151562 0 16809984 2147483656 4 550088768 140320 4 0 0 0 0 0 0 0 0 0 0 0 640 1024 4
is_linear=0
shrinkage=0.045


Tree=11
num_leaves=23
num_cat=21
split_feature=0 0 2 2 3 2 0 0 0 3 1 3 4 0 3 4 5 3 3 2 1 3
split_gain=187.249 70.1518 35.6894 33.003 17.5068 16.6726 14.1734 11.9678 11.6713 9.3803 7.93139 9.28949 6.53558 6.96341 4.98721 4.06671 4.06414 3.58066 3.54811 3.10316 3.0699 2.80788
threshold=0 1 2 3 4 5 6 7 8 9 10 11 12 13 14 15 4.9801701820644562 16 17 18 19 20
decision_type=9 9 9 9 9 9 9 9 9 9 9 9 1 9 9 1 10 9 9 9 9 9
left_child=2 3 -1 4 12 8 -4 18 -3 -10 -7 16 -2 21 -6 -16 19 -9 -5 -12 -11 -14
right_child=1 5 6 7 14 10 -8 17 9 20 11 -13 13 -15 15 -17 -18 -19 -20 -21 -22 -23
leaf_value=-229.33790782417321 -302.01567927449679 206.66059631615346 -340.65939475725122 3.6574303135143054 -30.183887096999598 502.23586587243358 -605.87136934713681 -71.303926922928525 -221.11356523036767 -184.09659732679381 261.7713715771639 180.46522698578744 -82.474765422352888 -423.89371925006679 -126.49239338646329 -228.31964735318158 112.8604558685909 122.48986568144795 -228.48409721287237 -66.733723774067556 -11.344119794978731 -207.7093470188224
leaf_weight=230 102 1532 155 209 369 9103 323 235 467 111 184 4077 230 221 418 154 363 1241 603 1003 1480 165
leaf_count=230 102 1532 155 209 369 9103 323 235 467 111 184 4077 230 221 418 154 363 1241 603 1003 1480 165
internal_value=0.000574814 0.00130421 -0.0220125 -0.00412945 -0.00894345 0.00247682 -0.0291306 -0.000610435 -0.000274847 -0.00248261 0.00314713 0.0018091 -0.0142521 -0.0126262 -0.00476443 -0.00738185 -0.00115237 0.00180242 -0.00495874 -0.00243356 -0.000811291 -0.0082371
internal_weight=22975 22267 708 3947 1659 18320 478 2288 3590 2058 14730 5627 718 616 941 572 1550 1476 812 1187 1591 395
internal_count=22975 22267 708 3947 1659 18320 478 2288 3590 2058 14730 5627 718 616 941 572 1550 1476 812 1187 1591 395
cat_boundaries=0 13 26 27 28 30 31 44 55 68 70 72 74 75 87 89 90 92 94 95 97 99
cat_threshold=3221225472 0 0 0 256 0 0 0 0 0 33554432 268435456 32 4194380 4096 0 268435456 9437196 1 0 1342193664 136 2147491840 1570766848 33664 1573888 20 3 189170692 19021 3 2147483648 0 0 0 0 0 0 0 0 0 0 0 32 0 0 0 0 1048584 0 0 1342193664 8 0 1553989632 44138496 131072 3758096384 133 0 33554432 0 0 134217728 1073741840 48 2147484672 4 33948164 6224 1610671220 3200 772148750 396888 1 0 0 0 0 8388612 0 0 0 0 0 0 33408 2693353480 65584 4 50462756 270856 2156957712 12288 16 1048592 12 4489216 18445
is_linear=0
shrinkage=0.045


Tree=12
num_leaves=23
num_cat=20
split_feature=0 0 0 2 2 1 3 0 0 4 0 0 3 3 3 0 2 5 3 3 5 3
split_gain=168.013 70.6851 28.7309 24.8209 18.4526 18.0789 15.9772 11.2478 10.0282 9.53261 8.59138 6.85846 8.19046 6.66663 3.88672 5.26014 3.55882 3.16659 3.04201 2.67491 2.6708 2.65094
threshold=0 1 2 3 4 5 6 7 8 9 10 11 12 13 14 15 16 4.7317931335534196 17 18 5.0782890901091458 19
decision_type=9 9 9 9 9 9 9 9 9 1 9 9 9 9 9 9 9 10 9 9 10 9
left_child=2 3 -1 6 5 -3 -2 -5 9 -8 13 -7 -13 17 15 16 20 -6 -14 -11 -12 -9
right_child=1 4 -4 7 10 11 8 21 -10 19 14 12 18 -15 -16 -17 -18 -19 -20 -21 -22 -23
leaf_value=-332.17893483932136 -88.177586293723749 -273.55800022292289 -590.44931112027484 135.59212776804233 -71.020209158705214 328.91306609242383 -287.40610731314592 -3.8952318603165481 -369.00993877417022 -183.57868525426829 -65.924417951339223 -206.5132534039144 95.209248876772946 115.82379606572165 416.73365608269643 382.54581133769381 261.92512973683404 81.690610655286534 -67.467328240171952 -78.292948378236403 99.273973965287922 -190.42481841233666
leaf_weight=304 596 334 250 928 683 1263 126 230 393 111 622 260 704 1993 8657 2618 320 251 1041 489 188 614
leaf_count=304 596 334 250 928 683 1263 126 230 393 111 622 260 704 1993 8657 2618 320 251 1041 489 188 614
internal_value=0.000633569 0.0012439 -0.0235813 -0.00463375 0.00232862 -0.000570282 -0.00848147 -0.000877803 -0.0116618 -0.00819512 0.00300958 0.00046372 -0.00117129 0.000806907 0.00352803 0.00229548 -0.000275832 -0.00231184 -3.84176e-05 -0.00590532 -0.00186131 -0.00460514
internal_weight=22975 22421 554 3487 18934 3602 1715 1772 1119 726 15332 3268 2005 2927 12405 3748 1130 934 1745 600 810 844
internal_count=22975 22421 554 3487 18934 3602 1715 1772 1119 726 15332 3268 2005 2927 12405 3748 1130 934 1745 600 810 844
cat_boundaries=0 13 26 39 40 41 43 45 58 70 71 85 97 99 101 103 117 118 120 121 123
cat_threshold=3221225472 0 0 0 0 0 0 0 0 0 33554432 268435456 32 4194380 0 0 268435456 8519948 1 0 1342193664 136 2147491840 1570766848 33664 1573888 2147483648 0 0 0 0 0 0 0 0 0 33554432 0 32 3 3 1067024 65549 2694411816 204848 4194304 0 0 0 8519936 0 0 0 0 8192 16777216 33664 1024 0 0 0 0 8519684 0 0 0 0 0 0 640 1 0 81920 0 2138112 1835520 16777280 0 134258688 536870916 75662081 0 1 2214592768 19 44105728 131072 1073741824 133 0 33554432 0 0 134217728 1073741840 32 2147484672 33948164 64 707145254 429624 791031308 272969 4096 13316 0 0 134217728 536870912 0 66560 0 2117642 0 16777220 0 4 4 566866000 132258 167903236 2161147920 12288
is_linear=0
shrinkage=0.045


Tree=13
num_leaves=23
num_cat=20
split_feature=0 0 2 3 2 2 1 0 0 4 1 3 3 1 3 2 5 3 3 2 3 5
split_gain=156.975 74.4354 35.0258 17.8508 15.0863 15.0808 12.2373 10.6256 10.2495 10.1115 8.4847 8.36814 7.0141 4.44451 3.81302 4.48273 3.74498 3.54229 3.35479 3.20165 2.97251 2.75633
threshold=0 1 2 3 4 5 6 7 8 9 10 11 12 13 14 15 4.7050052835523761 16 17 18 19 4.3241107269113215
decision_type=9 9 9 9 9 9 9 9 9 1 9 9 9 9 9 9 10 9 9 9 9 8
left_child=5 2 3 20 8 -1 21 -4 -3 -8 -6 16 -10 -14 15 -11 19 -15 -9 -12 -2 -5
right_child=1 4 7 6 10 -7 9 18 12 14 11 -13 13 17 -16 -17 -18 -19 -20 -21 -22 -23
leaf_value=-307.44632389856849 29.704648442336683 190.73189022504502 -174.36344401760613 -502.31346432868395 459.32967922015672 -571.05535984047833 -265.8737298964424 -36.305437917596215 -272.04151166553817 -41.166795097263908 -67.365111439008942 176.50010146065236 -236.52076011715806 71.808138905634252 -208.35623736180182 -189.96653451014498 85.145968196093008 -88.703312098397376 111.99770166291887 244.34601932559937 -103.38493441080135 -332.81870488306441
leaf_weight=135 235 1493 698 151 9146 255 175 328 116 328 1068 3832 134 717 355 114 546 1171 1276 219 398 85
leaf_count=135 235 1493 698 151 9146 255 175 328 116 328 1068 3832 134 717 355 114 546 1171 1276 219 398 85
internal_value=0.000672738 0.00116796 -0.00427473 -0.00888586 0.00239265 -0.0272015 -0.0121057 -0.000560069 -0.000208756 -0.00959451 0.00303005 0.00165272 -0.00220186 -0.00154425 -0.00750751 -0.00434141 -0.000846341 -0.000952105 0.00145916 -0.00217494 -0.00263023 -0.0214839
internal_weight=22975 22585 4143 1841 18442 390 1208 2302 3631 972 14811 5665 2138 2022 797 442 1833 1888 1604 1287 633 236
internal_count=22975 22585 4143 1841 18442 390 1208 2302 3631 972 14811 5665 2138 2022 797 442 1833 1888 1604 1287 633 236
cat_boundaries=0 12 25 26 28 29 30 32 43 56 57 59 61 62 64 66 67 69 71 72 74
cat_threshold=1073741824 0 0 0 0 0 0 0 0 0 33554432 268435456 2147483724 4096 0 268435456 9437452 1 0 1342177280 8 2147483648 1570766848 33664 525344 3 2694410280 204854 3 20 272 2560 0 0 0 0 8 0 0 1342177280 8 0 1553989632 44138496 131072 1073741824 133 0 33554432 0 0 134217856 1073741840 48 2147484672 4 1 1610671220 3200 788934190 396888 33816580 1048592 65537 34322 20616 2 566866000 140448 52568100 369224 4 545804288 32
is_linear=0
shrinkage=0.045


Tree=14
num_leaves=23
num_cat=20
split_feature=0 0 2 3 2 2 0 0 0 3 3 0 3 4 1 3 0 3 5 4 5 2
split_gain=148.295 69.3896 32.073 18.4754 15.0587 13.7996 9.97274 9.45722 8.00016 6.96238 6.48659 6.63039 5.5419 4.11811 3.9857 3.88865 3.7106 3.52859 2.94492 2.59822 2.57353 2.5503
threshold=0 1 2 3 4 5 6 7 8 9 10 11 12 13 14 15 16 17 4.7317931335534196 18 3.3140206880897671 19
decision_type=9 9 9 9 9 9 9 9 9 9 9 9 9 1 9 9 9 9 10 1 10 9
left_child=4 2 3 16 -1 7 -4 21 12 -9 -5 13 18 -12 19 -10 -2 -8 -7 20 -11 -3
right_child=1 5 6 10 -6 8 17 9 15 14 11 -13 -14 -15 -16 -17 -18 -19 -20 -21 -22 -23
leaf_value=-293.61123932313285 -144.10521779653772 463.75907772176078 -161.97309733347345 20.600945778148535 -545.3578686476568 -80.938042762713337 -30.543713728318593 -192.65238101398344 -15.422032755177929 -302.47593330798617 -41.670187083405047 -243.76646397253211 84.815585165034889 -211.70049150576679 -155.9266454094689 341.67945784134747 -367.02682077586036 119.48063238386744 67.416611420649076 43.204289110345108 77.920312852428637 -8.3331646645985522
leaf_weight=135 183 1001 794 257 255 523 338 487 482 57 505 390 1893 177 386 11644 346 1222 217 1177 54 452
leaf_count=135 183 1001 794 257 255 523 338 487 482 57 505 390 1893 177 386 11644 346 1222 217 1177 54 452
internal_value=0.000674697 0.00115602 -0.00404616 -0.00845134 -0.0264179 0.00235048 -0.000543956 -0.00014396 0.0029609 -0.00202738 -0.00550671 -0.00704889 0.000702647 -0.00420173 -0.000629893 0.00345007 -0.0155628 0.0015458 -0.00257314 0.000581539 -0.00593363 0.00265085
internal_weight=22975 22585 4212 1858 390 18373 2354 3614 14759 2161 1329 1072 2633 682 1674 12126 529 1560 740 1288 111 1453
internal_count=22975 22585 4212 1858 390 18373 2354 3614 14759 2161 1329 1072 2633 682 1674 12126 529 1560 740 1288 111 1453
cat_boundaries=0 12 26 27 29 30 31 42 55 69 71 73 86 88 89 91 93 105 107 108 109
cat_threshold=1073741824 0 0 0 0 0 0 0 0 0 33554432 268435456 2151678028 20480 0 268435456 9437452 1 0 1342177280 0 2147483648 1570766848 33664 525344 16 3 189137926 2624 20 3 0 16384 0 0 1048584 0 0 1342177280 0 0 1553989632 35717120 131072 3221225472 133 0 0 0 0 134217856 1073741840 32 2147484672 2049 1 65536 0 2138112 786496 16777280 0 134275072 536870924 67273473 0 1 2215641344 3 33948164 6224 545869824 32 4194304 0 0 0 8388612 0 0 0 0 0 134217728 768 32 187051558 395312 4 541765 2146 33816576 577 0 0 0 0 8388608 0 0 0 0 0 0 128 52592676 303688 1 2
is_linear=0
shrinkage=0.045


Tree=15
num_leaves=23
num_cat=20
split_feature=0 0 2 3 2 0 3 0 4 0 2 5 2 0 1 3 5 0 3 0 2 0
split_gain=137.841 64.8718 27.373 17.8929 14.4708 12.2416 13.2209 9.39473 9.12905 9.04724 8.11206 6.68816 5.71872 5.51259 4.75168 4.54799 4.10855 4.33784 3.206 2.93164 2.76309 2.6998
threshold=0 1 2 3 4 5 6 7 8 9 10 4.6001450180613412 11 12 13 14 4.1820210059610323 15 16 17 18 19
decision_type=9 9 9 9 9 9 9 9 1 9 9 10 9 9 9 9 8 9 9 9 9 9
left_child=4 2 3 18 -1 -3 10 8 -5 -4 11 13 14 -7 -8 -11 17 -14 -2 -20 -15 -13
right_child=1 5 9 7 -6 6 12 -9 -10 15 -12 21 16 20 -16 -17 -18 -19 19 -21 -22 -23
leaf_value=-280.3987335535918 21.024108950167051 812.97082962925958 -165.10151294365463 -246.24702443514556 -520.8167645585122 -159.14555458914811 -228.47983127161126 -364.52918101937837 -114.60722024537968 -34.486074840873229 361.95472686093927 -56.095432153791158 -30.124059343095521 -24.138305437367148 39.984055948369203 122.72043714537423 320.20144903842936 197.74147213239101 -64.486107696267553 -190.62313986858905 -302.63861362676721 110.54873567672098
leaf_weight=135 290 4366 693 85 255 637 113 434 529 348 697 226 991 1092 1907 1201 4724 2666 390 215 154 827
leaf_count=135 290 4366 693 85 255 637 113 434 529 348 697 226 991 1092 1907 1201 4724 2666 390 215 154 827
internal_value=0.000709949 0.00117394 -0.00387598 -0.00777315 -0.0254104 0.0023243 0.00167364 -0.0117679 -0.00780671 -0.000475155 -0.000662963 -0.00170047 0.00248963 -0.00331114 0.000332185 0.0014385 0.0030084 0.00187797 -0.00300165 -0.00485008 -0.00151669 0.00116446
internal_weight=22975 22585 4185 1943 390 18400 14034 1048 614 2242 3633 2936 10401 1883 2020 1549 8381 3657 895 605 1246 1053
internal_count=22975 22585 4185 1943 390 18400 14034 1048 614 2242 3633 2936 10401 1883 2020 1549 8381 3657 895 605 1246 1053
cat_boundaries=0 12 25 26 28 29 42 44 57 58 69 70 71 85 87 89 103 105 117 118 131
cat_threshold=1073741824 0 0 0 0 0 0 0 0 0 33554432 268435456 2147483724 4096 0 268435456 8519948 0 0 1342177280 128 2147483904 1570766848 33664 525344 3 2694412344 204980 20 2359312 128321584 4097 4 268468224 1280 0 0 37888 525312 0 2148016128 12928 237374990 264785 0 0 0 0 8519684 0 0 0 0 0 0 640 1024 1 12 0 0 0 8 0 0 1342177280 0 0 480247808 7 3 0 4 0 0 134742016 0 0 0 0 8425480 128 1050624 2147516424 1 1048592 65537 52604964 270920 1 16384 0 2138112 1572864 0 512 134275072 536870912 69238784 0 2097152 2215641344 18 545804296 32 2147483648 0 0 0 8519680 0 0 0 0 256 0 768 6 0 0 0 0 0 0 0 8192 536870912 4096 128 20 5
is_linear=0
shrinkage=0.045


Tree=16
num_leaves=23
num_cat=19
split_feature=0 0 2 3 2 0 3 0 2 2 1 2 5 0 1 3 5 5 0 3 3 3
split_gain=123.553 57.9578 24.0774 15.3674 13.7381 12.51 13.0354 8.37242 8.26946 8.07735 8.72968 5.85459 5.56131 5.7917 5.4505 4.11256 4.06679 3.8118 3.68801 3.54133 2.92164 2.58118
threshold=0 1 2 3 4 5 6 7 8 9 10 11 4.9801701820644562 12 13 14 4.2835627800822236 4.1510089048756029 15 16 17 18
decision_type=9 9 9 9 9 9 9 9 9 9 9 9 10 9 9 9 8 8 9 9 9 9
left_child=4 2 3 9 -1 -3 8 15 12 10 16 14 13 -7 -8 -4 -2 18 -13 -5 -15 -12
right_child=1 5 7 19 -6 6 11 -9 -10 -11 21 17 -14 20 -16 -17 -18 -19 -20 -21 -22 -23
leaf_value=-267.7807905436801 -513.81160889773355 737.259010003154 -72.205521653913465 15.503445991568856 -497.38001015337915 18.19799778220613 -162.51301584013038 -127.31417199057412 339.48476111006971 -341.25019637543028 -62.793865538344541 -18.273716756063191 78.29296927299275 -214.62380168646689 49.17846010859158 100.47789193694206 -212.66253147994314 315.96835791543486 207.2059680842016 -111.52614242051078 -82.49499983062708 -168.55642621445412
leaf_weight=135 69 4554 237 269 255 860 220 824 751 219 264 1082 747 262 1706 1286 35 4588 2266 735 1342 269
leaf_count=135 69 4554 237 269 255 860 220 824 751 219 264 1082 747 262 1706 1286 35 4588 2266 735 1342 269
internal_value=0.000774579 0.00121377 -0.00354432 -0.00735577 -0.0239552 0.00230457 0.00162749 -0.000501695 -0.000552592 -0.0117892 -0.00882666 0.00250294 -0.0015484 -0.00258394 0.00026935 0.00147459 -0.0204052 0.00304378 0.00189134 -0.0034813 -0.00416584 -0.00616789
internal_weight=22975 22585 4207 1860 390 18378 13824 2347 3962 856 637 9862 3211 2464 1926 1523 104 7936 3348 1004 1604 533
internal_count=22975 22585 4207 1860 390 18378 13824 2347 3962 856 637 9862 3211 2464 1926 1523 104 7936 3348 1004 1604 533
cat_boundaries=0 12 25 26 28 29 42 44 57 58 59 61 62 76 78 80 94 96 97 99
cat_threshold=1073741824 0 0 0 0 0 0 0 0 0 33554432 268435456 2147483724 4096 0 268435456 8388876 1 0 1342177280 8 2147516672 1570766848 33664 525344 3 189171204 23112 20 2129936 128321584 4097 0 268468224 1284 0 0 37888 525312 0 2148016128 12928 237374990 264793 8 4096 0 0 8388872 0 0 0 0 256 16777216 33664 525312 7 2 272 512 3 42008576 8192 1677721600 2097153 1179648 0 0 1024 2048 1078984720 4144 1028 67108881 6 1051664 65549 50462756 270856 1 16384 0 2138112 1572864 536870912 512 134324224 536870912 69210120 0 2097152 68157440 18 545869824 34 33556992 296448 20488
is_linear=0
shrinkage=0.045


Tree=17
num_leaves=23
num_cat=20
split_feature=0 0 2 3 2 0 3 0 0 4 2 5 2 0 3 3 5 0 1 3 1 3
split_gain=120.431 54.6238 20.1391 14.4228 13.8511 12.5117 11.8921 8.2607 7.56318 7.56997 7.35092 6.0504 5.235 4.63402 4.5954 3.56554 3.238 3.63617 3.14737 3.01417 2.71364 2.32976
threshold=0 1 2 3 4 5 6 7 8 9 10 4.6681339642869872 11 12 13 14 4.166635176627655 15 16 17 18 19
decision_type=9 9 9 9 9 9 9 9 9 1 9 10 9 9 9 9 8 9 9 9 9 9
left_child=4 2 3 8 -1 -3 10 21 9 -2 11 13 18 -7 -9 -15 17 -14 -8 -5 -17 -4
right_child=1 5 7 19 -6 6 12 14 -10 -11 -12 -13 16 15 -16 20 -18 -19 -20 -21 -22 -23
leaf_value=-255.73065496921458 -226.21425815449305 675.80337031853287 -15.997194612269499 24.324359651801043 -474.99790969647717 25.931510963770492 -169.3910301333982 -87.499394914602561 -346.64855930209978 -95.988719605787196 303.42757854291523 53.069029166927947 -3.4801287219119299 -286.68676926838924 91.276948276342395 -6.8236315664758571 299.719562886353 216.58858267335086 33.010913475169382 -98.571415670392341 -102.98873323937408 -184.65338355715707
leaf_weight=135 68 4890 222 263 255 614 109 232 406 447 814 1101 1182 129 1359 452 4303 1975 1662 754 1062 541
leaf_count=135 68 4890 222 263 255 614 109 232 406 447 814 1101 1182 129 1359 452 4303 1975 1662 754 1062 541
internal_value=0.000796122 0.0012297 -0.00333318 -0.00672 -0.0236194 0.00230175 0.00158766 -0.000524936 -0.010799 -0.00678842 -0.000406549 -0.00133798 0.00248832 -0.0026753 0.00132221 -0.00390725 0.00301124 0.0019188 0.000280146 -0.00294315 -0.00323198 -0.00433742
internal_weight=22975 22585 4292 1938 390 18293 13403 2354 921 515 4172 3358 9231 2257 1591 1643 7460 3157 1771 1017 1514 763
internal_count=22975 22585 4292 1938 390 18293 13403 2354 921 515 4172 3358 9231 2257 1591 1643 7460 3157 1771 1017 1514 763
cat_boundaries=0 12 25 26 28 29 42 44 55 67 68 69 70 84 86 87 101 103 105 107 109
cat_threshold=1073741824 0 0 0 0 0 0 0 0 0 33554432 268435456 2147483724 4096 0 268435456 9830668 0 0 1342177280 8 2147483904 1570766848 33664 525344 3 189171204 23113 20 2359312 128321568 4097 0 268468224 1284 0 0 37888 525312 0 2148016128 12944 254152206 264793 0 0 0 0 1310728 0 0 1342177280 8 0 480247808 0 0 0 0 8519684 0 0 0 0 0 0 640 1 7 3 42041344 0 3758096384 2097153 0 0 0 0 0 7340048 4144 1044 7 2 52564000 270408 33816576 0 16384 0 2138112 524288 536870912 512 134324224 536870912 69242888 0 2097156 2214592768 18 1048592 9 545869824 32 1208222176 8498 2173731856 12288
is_linear=0
shrinkage=0.045


Tree=18
num_leaves=23
num_cat=20
split_feature=0 0 2 2 3 2 0 1 0 3 1 4 3 5 3 2 3 0 3 3 0 5
split_gain=115.161 48.5099 16.9999 15.2713 12.8003 12.6123 9.44252 8.72909 8.13839 6.26418 6.02515 7.76455 5.60745 3.99291 3.9622 3.34512 3.16492 3.06941 5.59076 3.00339 2.84161 2.71798
threshold=0 1 2 3 4 5 6 7 8 9 10 11 12 4.4248287033199567 13 14 15 16 17 18 19 3.9981586158983733
decision_type=9 9 9 9 9 9 9 9 9 9 9 1 9 10 9 9 9 9 9 9 9 10
left_child=3 2 4 -1 10 6 -3 17 14 -9 13 -12 -8 -2 -4 19 -10 18 -7 -13 -14 -11
right_child=1 5 8 -5 -6 7 12 9 16 21 11 15 20 -15 -16 -17 -18 -19 -20 -21 -22 -23
leaf_value=-244.2227754955999 -475.61756753550304 302.40821018215036 -32.154478304426902 -453.62300376013565 -76.413596896320215 -64.764660728981767 -204.41708658059744 -18.410677604821228 26.417432936807643 30.847367662083506 -216.7161812317724 -16.442844795205257 23.219197239680923 -276.09529915647317 124.69204604511931 -307.2777242187795 -148.34790416668221 514.03869972292455 173.57484323476152 -142.11034704185289 -96.177232863546834 216.37426554121436
leaf_weight=135 87 1241 322 255 960 360 382 1694 280 1213 116 254 1038 35 1053 141 669 7936 1894 248 970 1692
leaf_count=135 87 1241 322 255 960 360 382 1694 280 1213 116 254 1038 35 1053 141 669 7936 1894 248 970 1692
internal_value=0.000815707 0.00123966 -0.00314041 -0.0230597 -0.00636023 0.00223145 -0.000146994 0.00281505 -0.000570205 0.0011799 -0.0102749 -0.00846887 -0.0017985 -0.0197463 0.00163843 -0.00660698 -0.00375078 0.00355077 0.0020534 -0.00453502 -0.000828713 0.00244515
internal_weight=22975 22585 4165 390 1841 18420 3631 14789 2324 4599 881 759 2390 122 1375 643 949 10190 2254 502 2008 2905
internal_count=22975 22585 4165 390 1841 18420 3631 14789 2324 4599 881 759 2390 122 1375 643 949 10190 2254 502 2008 2905
cat_boundaries=0 12 25 26 27 29 30 42 44 57 59 61 62 64 66 67 69 82 84 86 99
cat_threshold=1073741824 0 0 0 0 0 0 0 0 0 33554432 268435456 2151678028 4096 0 268435456 9699588 1 0 1342177280 136 2147516416 1570766848 33664 524320 3 20 189171268 23113 3 44105728 131072 3221225472 129 134217728 0 0 0 134217728 1073741840 32 2147484672 1610671220 3208 4194304 4096 0 0 8388864 0 0 0 0 0 16777216 33664 524288 788966958 429656 272 512 1 33947652 4160 52596772 272904 2 2156957714 13056 262144 1139716 33554496 0 134365184 608 0 0 2048 77742080 0 16777228 9700608 50604036 174600 34304 22536 32768 0 536870912 4 131072 33554432 0 0 0 8 135312 4096 5
is_linear=0
shrinkage=0.045


Tree=19
num_leaves=23
num_cat=19
split_feature=0 0 2 2 2 3 1 0 3 0 3 0 4 3 5 3 2 5 3 1 4 5
split_gain=102.686 41.1841 20.2485 14.4447 14.1076 10.3853 9.13571 9.05981 6.85393 6.72326 6.4096 4.2898 6.74885 3.21756 3.18739 2.96701 2.89915 2.86344 2.57373 2.4297 2.26602 2.77036
threshold=0 1 2 3 4 5 6 7 8 9 10 11 12 13 3.6242520361853052 14 15 4.7833076179467886 16 17 18 3.4811217321331038
decision_type=9 9 9 9 9 9 9 9 9 9 9 9 1 9 10 9 9 10 9 9 1 10
left_child=4 2 5 7 -1 11 15 -3 -9 13 16 12 -2 -4 -12 -5 17 -8 -7 -10 -21 -22
right_child=1 3 9 6 -6 18 10 8 19 -11 14 -13 -14 -15 -16 -17 -18 -19 -20 20 21 -23
leaf_value=-235.64414767245538 -201.7550944080979 286.26806501991609 -63.469241692595737 87.175481280447997 -433.20996859092958 61.895901265515313 -73.328610051971751 -194.82838734514425 -142.29911167486117 -95.027569813592663 2.0079771192505977 -385.17368639222451 -98.366368952272452 112.85709487647259 150.29729537414585 368.10582480567905 243.12124619368828 38.856082145289349 -99.25753912211799 4.1407582164978898 -227.86898187389798 0.44127621123242489
leaf_weight=161 106 1234 208 1089 255 129 864 284 224 915 969 304 341 955 2435 9034 277 341 495 2052 138 165
leaf_count=161 106 1234 208 1089 255 129 864 284 224 915 969 304 341 955 2435 9034 277 341 495 2052 138 165
internal_value=0.000872503 0.00128574 -0.00322987 0.00210336 -0.020965 -0.00744593 0.00274985 -0.000266123 -0.00165443 -0.000413397 0.00114475 -0.0110229 -0.00767647 0.00184979 0.00221838 0.0035223 -0.00131928 -0.00227403 -0.00301415 -0.000904863 -0.000465779 -0.00408688
internal_weight=22975 22559 3453 19106 416 1375 15009 4097 2863 2078 4886 751 447 1163 3404 10123 1482 1205 624 2579 2355 303
internal_count=22975 22559 3453 19106 416 1375 15009 4097 2863 2078 4886 751 447 1163 3404 10123 1482 1205 624 2579 2355 303
cat_boundaries=0 12 26 27 28 29 31 33 45 47 60 62 74 75 77 79 80 82 84 85
cat_threshold=1073741824 0 0 0 0 0 0 0 0 0 41943040 268435456 2151678028 86016 0 268443648 131332 1 0 1342177280 8 2147516416 488636416 33664 524320 16 3 3 20 189171266 23116 1610671220 3208 35717120 131072 1073741824 133 0 33554432 0 0 134217856 1073741840 32 2147484672 33949700 262208 4194304 4096 0 0 131328 0 0 0 0 0 16777216 33664 524288 788965934 396864 0 0 0 0 131076 0 0 0 0 0 0 896 1 50495520 10312 52701188 8769 4 545275904 32 1050640 65549 4
is_linear=0
shrinkage=0.045


Tree=20
num_leaves=23
num_cat=21
split_feature=0 0 2 2 0 0 0 3 3 2 5 3 1 2 3 4 1 2 3 0 4 3
split_gain=92.8403 46.378 15.0871 14.4716 9.45634 8.69062 8.67424 10.6218 8.34231 7.14053 6.32868 5.53023 4.03392 5.62582 3.63377 3.15605 3.13393 2.83109 2.58575 2.49671 2.533 2.47886
threshold=0 1 2 3 4 5 6 7 8 9 4.6681339642869872 10 11 12 13 14 15 16 17 18 19 20
decision_type=9 9 9 9 9 9 9 9 9 9 10 9 9 9 9 1 9 9 9 9 1 9
left_child=-1 3 4 8 -3 17 -4 -8 -2 10 14 -6 -10 15 -9 -14 -16 -5 -7 -13 -21 -19
right_child=1 2 6 5 11 18 7 9 12 -11 -12 19 13 -15 16 -17 -18 21 -20 20 -22 -23
leaf_value=-414.33393083801997 -65.226637681966423 293.53350300933113 748.01883333908665 43.802339131748575 -163.00041389240448 -39.425870326822363 207.02025747502265 -106.52544458725548 -413.75070268168207 258.73998492588527 79.823893009774167 29.778037859491587 -207.77157791137819 -216.79003362146341 -65.841120890684351 -92.309348956020045 36.067360786426072 -92.781832875484454 80.646081905142239 -245.84912003648938 -45.612228314794486 -208.9068671806539
leaf_weight=214 497 1200 4369 159 683 345 6778 939 154 1068 982 1015 60 219 492 365 597 229 885 48 1272 405
leaf_count=214 497 1200 4369 159 683 345 6778 939 154 1068 982 1015 60 219 492 365 597 229 885 48 1272 405
internal_value=0.000905797 0.00118976 0.00202922 -0.00371892 -0.000353191 -0.00132015 0.00268901 0.00200239 -0.00741966 0.000184841 -0.00093812 -0.00169604 -0.0102889 -0.00834146 -0.00237635 -0.00499428 -0.000576294 -0.00495838 0.00105072 -0.000642309 -0.00192568 -0.00631115
internal_weight=22975 22761 19443 3318 4218 2023 15225 10856 1295 4078 3010 3018 798 644 2028 425 1089 793 1230 2335 1320 634
internal_count=22975 22761 19443 3318 4218 2023 15225 10856 1295 4078 3010 3018 798 644 2028 425 1089 793 1230 2335 1320 634
cat_boundaries=0 1 14 15 16 28 39 52 54 56 57 59 61 62 64 65 67 68 70 83 84 86
cat_threshold=1073741824 2151678028 4096 0 268435456 1310980 1 0 1342177280 136 2147483648 1604321280 268436352 524320 3 3 35717120 131072 3221225472 129 134217728 0 0 0 134217728 1073741840 32 2147484672 0 0 0 0 1310720 0 0 268435456 8 0 1520435200 35684352 128319584 4097 0 268468224 256 0 0 33792 525312 0 2148011008 12950 3503903184 86454 2693353528 204962 4 50726916 268865 272 512 2 170273286 262720 1 1837073 13 48 185045028 10328 32768 0 536870912 4 131072 0 0 0 0 8 135320 0 2069 1 2172699138 28680
is_linear=0
shrinkage=0.045


Tree=21
num_leaves=23
num_cat=19
split_feature=0 2 0 0 2 3 0 3 3 4 1 1 2 2 3 3 5 5 3 0 5 0
split_gain=84.2923 34.186 23.2673 16.3075 12.6641 12.2536 9.19245 6.40065 5.98087 5.05037 4.97854 4.60334 4.26981 4.22243 3.42691 3.05144 2.86732 2.86446 2.79922 2.59192 2.35744 2.25639
threshold=0 1 2 3 4 5 6 7 8 9 10 11 12 13 14 15 3.9796379800581989 4.0342014792848504 16 17 4.1510089048756029 18
decision_type=9 9 9 9 9 9 9 9 9 1 9 9 9 9 9 9 10 8 9 9 8 9
left_child=4 2 13 8 -1 11 7 17 -3 16 -11 -4 15 19 -8 -13 -7 -5 -15 -2 -9 -10
right_child=1 3 5 6 -6 9 14 20 21 10 -12 12 -14 18 -16 -17 -18 -19 -20 -21 -22 -23
leaf_value=-215.63935200406559 16.515315834962049 -149.51545566494954 -361.27923684860968 -62.353339691888273 -395.07049311662684 -222.21096923735402 47.773583312524771 24.086400616055855 -55.778147393370247 -230.72811551164563 -22.51857918437948 -185.3454098986129 -272.57004800102038 -115.87064924268699 334.66174494500501 -88.027407736532894 -42.972179696213139 12.178780965746148 20.166276585927843 403.08420922977234 160.99630028120737 12.304406977840854
leaf_weight=161 735 249 110 738 255 124 967 1090 548 278 1501 107 206 236 10024 462 108 1011 598 1007 1510 950
leaf_count=161 735 249 110 738 255 124 967 1090 548 278 1501 107 206 236 10024 462 108 1011 598 1007 1510 950
internal_value=0.000923424 0.00129771 -0.0017954 0.00228882 -0.0188621 -0.00455571 0.00275827 0.000999885 -0.00182405 -0.0025781 -0.0017712 -0.00895485 -0.00746188 0.00131453 0.00345219 -0.00519707 -0.00880769 -0.00110136 -0.00130851 0.0025707 0.00241194 -0.000721192
internal_weight=22975 22559 5472 17087 416 2896 15340 4349 1747 2011 1779 885 775 2576 10991 569 232 1749 834 1742 2600 1498
internal_count=22975 22559 5472 17087 416 2896 15340 4349 1747 2011 1779 885 775 2576 10991 569 232 1749 834 1742 2600 1498
cat_boundaries=0 12 13 26 40 41 43 57 59 61 62 64 66 67 68 70 72 74 87 101
cat_threshold=1073741824 0 0 0 0 0 0 0 0 0 41943040 268435456 3 44269568 131072 1610612736 133 0 0 0 0 134217728 1073741848 135352 2147488772 2147485717 12 81920 0 40960 1835008 65 0 1476444160 12 67141889 2082471936 1 256 16 20 189137924 268864 16781312 4100 0 2097152 8389192 553648640 256 74752 536870912 10617352 16777216 4 2224030720 3 1862706726 437848 17172512 196720 1 1048858 520 272 512 2 2 33955852 8769 33554436 262208 2147894788 2112 98304 0 0 128 0 0 0 0 0 8 4240 4100 2147483668 0 0 0 0 262144 0 0 1342177280 8 67141632 402653184 0 0 16
is_linear=0
shrinkage=0.045


Tree=22
num_leaves=23
num_cat=20
split_feature=0 2 0 1 2 3 0 0 4 3 3 2 5 0 3 3 2 5 0 3 0 4
split_gain=80.7952 31.9998 20.597 14.9672 11.6099 11.0917 8.81361 7.26617 7.26343 7.0491 5.25177 4.27905 4.23111 4.0625 5.51801 3.79614 3.33266 3.51104 3.27975 2.57111 2.52 2.24744
threshold=0 1 2 3 4 5 6 7 8 9 10 11 4.7317931335534196 12 13 14 15 3.3497501700808394 16 17 18 19
decision_type=9 9 9 9 9 9 9 9 1 9 9 9 10 9 9 9 9 8 9 9 9 1
left_child=4 2 15 10 -1 7 9 -4 -9 11 -3 12 -5 -8 16 18 17 -15 -2 -10 -12 -7
right_child=1 3 5 6 -6 21 13 8 19 -11 20 -13 -14 14 -16 -17 -18 -19 -20 -21 -22 -23
leaf_value=-205.93558116388263 249.7854826459193 -166.02628040050442 -344.08003752961145 -77.418713819696066 -377.29232092637869 -18.530742543675156 763.17015169804415 -187.44610768271451 -84.829869122443213 79.210708917011871 31.280187017253915 310.00198325464993 22.165175406664801 -120.60699197972399 251.91231044115378 125.48208874130351 222.91692641569014 29.361542437628735 -91.04349918831916 -170.97044020027914 -81.982138041715629 -130.38519699372858
leaf_weight=161 254 237 112 725 255 1088 4263 151 758 1984 793 205 351 281 5250 1691 837 1518 654 501 643 263
leaf_count=161 254 237 112 725 255 1088 4263 151 758 1984 793 205 351 281 5250 1691 837 1518 654 501 643 263
internal_value=0.000929299 0.00129571 -0.00169694 0.00225461 -0.0184416 -0.00431594 0.0026937 -0.00694654 -0.00594937 0.000611077 -0.00178131 -0.00198028 -0.00311857 0.00325224 0.00263573 0.00120471 0.000944864 -0.000151574 -0.00113478 -0.00485686 -0.00072721 -0.00131731
internal_weight=22975 22559 5472 17087 416 2873 15414 1522 1410 3265 1673 1281 1076 12149 7886 2599 2636 1799 908 1259 1436 1351
internal_count=22975 22559 5472 17087 416 2873 15414 1522 1410 3265 1673 1281 1076 12149 7886 2599 2636 1799 908 1259 1436 1351
cat_boundaries=0 12 13 26 28 29 31 45 57 58 60 62 63 76 78 80 81 94 96 108 109
cat_threshold=1073741824 0 0 0 0 0 0 0 0 0 41943040 268435456 3 44269568 131072 3758096384 133 0 0 0 0 134217728 1073745944 135352 2147488772 2147483669 402655362 768 20 191268358 335437 16777216 86016 0 0 8650816 16777793 0 57344 536872960 75666177 0 4 2156922112 18 0 4096 0 0 256 0 0 0 0 0 0 32768 1 790937254 306712 537264160 65656 4 35684352 128319520 4097 0 268468224 256 128 0 37888 525312 0 2148018432 12944 1864771078 436809 2181318212 268865 4 65536 131072 1073741824 1 0 0 0 0 0 16 32 2147483652 4 4359682 65549 4 0 0 2105344 1572864 0 0 134217728 4 0 1090519040 1 4
is_linear=0
shrinkage=0.045


Tree=23
num_leaves=23
num_cat=19
split_feature=0 0 0 3 2 3 2 2 5 0 5 0 4 1 0 0 2 4 3 4 3 5
split_gain=74.0234 31.5727 13.424 11.8071 11.7935 11.2522 10.3442 7.81748 7.42631 6.16114 5.51138 5.04051 4.89656 4.27688 3.92223 3.63238 3.44754 3.36394 2.33772 2.32844 2.18166 2.15985
threshold=0 1 2 3 4 5 6 7 3.9415346756528771 8 5.0782890901091458 9 10 11 12 13 14 15 16 17 18 3.5408542930527882
decision_type=9 9 9 9 9 9 9 9 10 9 10 9 1 9 9 9 9 1 9 1 9 8
left_child=6 3 -3 7 5 10 -1 13 9 12 11 -4 -7 17 -5 -10 21 -2 -13 -16 -17 -9
right_child=1 2 4 14 -6 8 -8 16 15 -11 -12 18 -14 -15 19 20 -18 -19 -20 -21 -22 -23
leaf_value=-196.66848001150797 -165.72478347984264 659.71633190612692 -111.20784668862218 -108.91817212051532 363.30869874918994 -311.42856060068419 -360.31416648469161 -177.93598067746606 245.68757152119039 67.511148848988768 82.209783921547981 -111.93160315258292 -54.055953445734225 -329.69333417327579 -75.930841245788272 -4.0171253645432285 252.68961977387508 -113.97797074955794 8.6841364810835753 26.779034231040736 125.72953166184105 -41.65514708915503
leaf_weight=161 111 4506 1155 546 3031 48 255 138 2374 1966 691 355 1171 148 149 960 164 485 1032 1713 1374 442
leaf_count=161 111 4506 1155 546 3031 48 255 138 2374 1966 691 355 1171 148 149 960 164 485 1032 1713 1374 442
internal_value=0.00094105 0.00129172 0.00206096 -0.00238818 0.00137741 0.000697343 -0.0176005 -0.005526 0.00161271 -6.35392e-05 -0.00153513 -0.00250825 -0.00256255 -0.00878571 -0.000431405 0.00274968 -0.00217857 -0.0067648 -0.000652966 0.000557097 0.00146547 -0.00380068
internal_weight=22975 22559 18663 3896 14157 11126 416 1488 7893 3185 3233 2542 1219 744 2408 4708 744 596 1387 1862 2334 580
internal_count=22975 22559 18663 3896 14157 11126 416 1488 7893 3185 3233 2542 1219 744 2408 4708 744 596 1387 1862 2334 580
cat_boundaries=0 12 26 39 41 42 44 45 46 60 74 75 77 91 105 106 107 109 110 112
cat_threshold=1073741824 0 0 0 0 0 0 0 0 0 41943040 268435456 2151678028 86016 0 268435456 8651012 65 0 1342177280 128 2147516672 471859200 896 525344 16 2113536 128319536 4097 512 268468224 256 128 0 36864 525312 65536 2148016160 2106000 189148708 306761 7 237373966 268880 20 3 33554432 8196 0 2097152 1572864 536870912 0 73728 0 69210634 553648128 3180548 76546058 2 1 1028 536870912 0 134742016 536870912 0 8192 536870912 1082265608 16777360 1085440 2147516424 5 1 4097 3072 64 0 0 268435456 262400 0 0 268435456 128 2147483648 402653184 0 524320 16 33849360 0 0 2097156 134217728 7172 0 16384 1024 7344136 536870912 1049604 2214643720 5 4 1 33949708 64 1 553698464 24715
is_linear=0
shrinkage=0.045


Tree=24
num_leaves=23
num_cat=17
split_feature=0 0 2 0 1 3 3 3 2 5 4 5 2 3 0 0 5 3 1 5 0 5
split_gain=66.9929 31.7794 21.4731 13.2945 10.284 8.16511 6.0807 6.07829 5.33436 5.36219 4.99755 3.84442 3.89299 3.57774 3.21344 2.96317 2.6786 2.35006 2.31183 2.32786 2.17089 1.97775
threshold=0 1 2 3 4 5 6 7 8 4.7050052835523761 9 3.7726948748059121 10 11 12 13 2.524928003624769 14 15 3.6242520361853052 16 3.4811217321331038
decision_type=9 9 9 9 9 9 9 9 9 10 1 10 9 9 9 9 10 9 9 10 9 10
left_child=1 -1 3 13 17 8 -5 21 9 15 -8 12 18 14 -2 -6 -9 -4 19 -7 -12 -3
right_child=2 7 4 6 5 11 10 16 -10 -11 20 -13 -14 -15 -16 -17 -18 -19 -20 -21 -22 -23
leaf_value=-344.71843982656276 -106.19708398037942 -329.54058654745421 123.56455714472618 -154.62894914263612 1.5355520521607937 -154.04388208261923 -141.68735201868827 -186.69421087342096 167.58172823205794 41.652563779432946 -167.69088731166016 168.24924725427687 327.33646120499395 157.3941536812946 64.907842336136852 -76.89363044266905 -46.980597318220148 469.67896694964782 8.386759992058062 34.074377360043997 -16.535147396747124 -201.27402057251285
leaf_weight=214 326 207 696 437 512 229 181 117 813 731 244 3815 548 1495 514 1218 887 6756 973 50 1616 396
leaf_count=214 326 207 696 437 512 229 181 117 813 731 244 3815 548 1495 514 1218 887 6756 973 50 1616 396
internal_value=0.00094105 -0.00731342 0.00165492 -0.000985803 0.00243286 0.00139484 -0.0032747 -0.00503922 -0.000391661 -0.00143571 -0.00221164 0.00243513 0.000724195 0.00144759 -0.000897887 -0.002806 -0.00281693 0.0036668 -0.000669304 -0.00419072 -0.00152256 -0.00861219
internal_weight=22975 1821 21154 4813 16341 8889 2478 1607 3274 2461 2041 5615 1800 2335 840 1730 1004 7452 1252 279 1860 603
internal_count=22975 1821 21154 4813 16341 8889 2478 1607 3274 2461 2041 5615 1800 2335 840 1730 1004 7452 1252 279 1860 603
cat_boundaries=0 13 14 15 28 30 32 34 36 37 38 39 41 54 68 70 72 84
cat_threshold=3221225540 0 0 268435456 260 16777216 0 268435456 0 2147483648 513802240 268435968 524320 1073741824 3 44236800 131072 3758096384 133 0 0 0 0 134217728 1073741848 4280 2147488772 5 1610646628 3200 1864805922 428633 184845316 262720 172361250 67652 68 1 4 2181318244 268864 8388608 0 536870912 128 0 0 0 0 0 1073741824 4240 4096 1 0 8192 0 2105344 1048576 536870912 0 1208025088 0 5898248 0 0 0 3 35981316 270913 269490176 514 4194304 4096 0 0 0 0 0 65536 536870912 8404992 16777216 32768
is_linear=0
shrinkage=0.045


Tree=25
num_leaves=23
num_cat=19
split_feature=0 2 0 0 3 2 0 3 3 1 4 0 2 3 5 5 2 0 2 4 1 5
split_gain=60.4655 29.399 18.7389 14.5953 9.03589 8.45836 7.41655 7.72591 4.78619 4.46506 4.8147 4.35068 4.05471 3.98675 3.92155 3.87311 3.15437 3.03816 2.65319 2.49314 2.64609 2.50362
threshold=0 1 2 3 4 5 6 7 8 9 10 11 12 13 3.9415346756528771 3.3140206880897671 14 15 16 17 18 3.9219243190762363
decision_type=9 9 9 9 9 9 9 9 9 9 1 9 9 9 8 8 9 9 9 1 9 10
left_child=5 2 11 8 9 -1 -5 12 -3 -4 -11 -2 15 -13 16 -8 17 -9 -12 21 -21 -6
right_child=1 3 4 6 19 -7 7 14 -10 10 18 13 -14 -15 -16 -17 -18 -19 -20 20 -22 -23
leaf_value=-185.19675474746231 308.85987589700142 -76.701139734937854 -339.79383397011441 733.68995430542373 -165.17748644341484 -328.58769920068511 -150.26084035536616 -90.971132530602276 16.435639996899432 -149.69280607112717 -94.982202652906651 -102.97700183777987 180.43346157401484 10.057119901420146 214.99435210929212 -1.4909122668574069 341.05217855763118 35.698724525051404 -226.44420929464678 -155.62309318301371 -2.1540257114813888 -15.723805979883673
leaf_weight=161 1143 961 213 4124 101 255 320 244 1337 127 664 273 861 1616 5031 1857 734 1618 191 113 936 95
leaf_count=161 1143 961 213 4124 101 255 320 244 1337 127 664 273 861 1616 5031 1857 734 1618 191 113 936 95
internal_value=0.000944967 0.00126182 -0.00160667 0.00218092 -0.00453303 -0.0158131 0.00269951 0.00206729 -0.00115325 -0.00732601 -0.00587626 0.000756899 0.00014459 -0.000570489 0.00283172 -0.000890132 0.0014134 0.00041302 -0.00469953 -0.00180788 -0.000946241 -0.00645455
internal_weight=22975 22559 5472 17087 2440 416 14789 10665 2298 1195 982 3032 3038 1889 7627 2177 2596 1862 855 1245 1049 196
internal_count=22975 22559 5472 17087 2440 416 14789 10665 2298 1195 982 3032 3038 1889 7627 2177 2596 1862 855 1245 1049 196
cat_boundaries=0 12 13 26 40 42 43 56 58 60 62 63 75 76 78 79 91 92 93 95
cat_threshold=1073741824 0 0 0 0 0 0 0 0 0 41943040 268435456 3 44269568 131072 3758096384 133 8519680 0 0 0 134217728 1073741848 135352 2147488772 5 12 81920 0 40960 1835008 65 0 1476444160 536870924 67141632 1545601024 5 1048832 16 189173252 350790 20 35684352 128319520 4097 0 268468224 0 128 0 36864 525376 0 2148016416 25232 656812582 305737 694537762 198776 280 512 1 65536 131072 3221225472 133 0 0 0 0 134217728 1073741840 32 2147484672 4 33833060 262209 4 0 4100 0 0 0 0 0 65536 0 2097154 553648128 3145728 2 1 272 8
is_linear=0
shrinkage=0.045


Tree=26
num_leaves=23
num_cat=20
split_feature=0 0 2 0 0 2 3 3 5 3 4 5 0 2 0 3 1 2 0 3 0 0
split_gain=53.8635 23.3487 19.8787 10.7304 10.1138 9.10322 8.69182 5.85073 5.44636 5.10664 4.60763 4.43061 4.0839 3.43188 2.91819 2.88992 2.77992 2.22616 2.19264 2.17106 2.40646 2.09812
threshold=0 1 2 3 4 5 6 7 5.0906732680195743 8 9 3.7726948748059121 10 11 12 13 14 15 16 17 18 19
decision_type=9 9 9 9 9 9 9 9 10 9 1 10 9 9 9 9 9 9 9 9 9 9
left_child=1 -1 3 13 -4 6 11 -5 12 -3 21 14 -8 18 -6 -15 -14 -11 -2 -18 -21 -9
right_child=2 9 4 7 5 -7 8 10 -10 17 -12 -13 16 15 -16 -17 19 -19 -20 20 -22 -23
leaf_value=-314.41966357033652 445.00324500854259 -41.737044135338905 700.67390636167954 -140.99806707091096 -48.089936962298594 316.98993461879616 48.971565360177934 -103.27393637371145 94.464685668939012 -244.06160481148223 -153.9360971243824 171.3402437415846 34.959428100622965 -111.76124705839355 58.518228175844023 69.630147060710343 -103.44857807130937 -163.81182235206987 18.754044734188298 1.5459073244415373 -64.084188253150245 -4.5023567229348354
leaf_weight=214 897 718 4124 450 468 3369 817 372 882 137 308 3132 312 377 992 393 698 781 672 700 826 1336
leaf_count=214 897 718 4124 450 468 3369 817 372 882 137 308 3132 312 377 992 393 698 781 672 700 826 1336
internal_value=0.000958676 -0.00638024 0.00160418 -0.000938862 0.00235305 0.00169782 0.00093523 -0.00300363 -0.000535083 -0.00446177 -0.00193935 0.0022891 -0.00136408 0.00124224 0.000246238 -0.00120844 -0.00225 -0.0066871 0.00244497 -0.00280948 -0.00182575 -0.00103158
internal_weight=22975 1850 21125 4805 16320 12196 8827 2466 4235 1636 2016 4592 3353 2339 1460 770 2536 918 1569 2224 1526 1708
internal_count=22975 1850 21125 4805 16320 12196 8827 2466 4235 1636 2016 4592 3353 2339 1460 770 2536 918 1569 2224 1526 1708
cat_boundaries=0 13 14 15 28 41 42 44 46 48 49 63 64 78 80 82 83 95 97 111 124
cat_threshold=3221225548 0 0 268435456 260 0 0 268435456 8 2147483648 513802240 268435968 524320 1073741824 3 44236800 131072 1610612736 133 0 0 0 0 134217856 1073741848 4280 2147488772 2053 35684352 128319520 4097 0 268468224 0 128 0 36864 525376 0 2148016416 25232 4 2430095696 83366 186942468 262720 3768176856 155944 4 16777233 0 0 2105365 1179720 1024 0 1207959552 3072 5242880 16777216 3217 2104324 2 2 0 12288 0 2097152 144179200 536870912 0 73728 0 69206024 553648128 1048576 0 19 2181449316 23104 536872292 130 1 0 131072 1610612736 5 0 0 0 0 0 1073741840 40 2147484672 167913986 264256 0 0 0 0 142606336 536870913 0 73728 0 163840 0 0 2214625288 1 4194304 4096 0 0 134217728 0 0 0 536870912 8388608 16908288 33024 2147483648
is_linear=0
shrinkage=0.045


Tree=27
num_leaves=23
num_cat=18
split_feature=0 0 2 0 0 3 2 5 3 3 4 1 3 0 0 3 3 5 5 0 5 1
split_gain=50.1592 22.252 18.6546 9.56406 9.48191 9.21687 5.24754 5.13434 4.8002 4.6017 4.02883 3.74336 3.55592 3.37079 3.05713 2.61382 2.47724 2.41016 2.35247 2.31021 2.2501 1.70487
threshold=0 1 2 3 4 5 6 4.9801701820644562 7 8 9 10 11 12 13 14 15 3.2384861814448418 4.166635176627655 16 4.3372693810700085 17
decision_type=9 9 9 9 9 9 9 10 9 9 1 9 9 9 9 9 9 8 8 9 10 9
left_child=1 -1 3 12 -4 6 7 13 11 -3 -10 -5 19 16 18 -12 -6 -15 -7 -2 -11 -18
right_child=2 9 4 8 5 14 -8 -9 10 20 15 -13 -14 17 -16 -17 21 -19 -20 -21 -22 -23
leaf_value=-300.27077870967139 474.73503791431318 -227.4999295128849 669.73771975159752 -165.73786492055683 -121.98799943968692 -24.534215266648211 178.62256949581376 85.705922601587332 -3.7031471432757805 -109.88574215022204 -174.48340592470043 -107.19639683527592 174.17170288786812 -141.80230493393057 189.09569806604222 -31.082639305553236 -70.594332899611274 4.5518591335452854 114.1254920713577 -102.49899231956473 8.6005821960363864 5.8268272792294544
leaf_weight=214 101 648 4150 281 437 732 1202 814 1615 735 119 700 1539 308 5809 190 223 1295 877 258 353 375
leaf_count=214 101 648 4150 281 437 732 1202 814 1615 735 119 700 1539 308 5809 190 223 1295 877 258 353 375
internal_value=0.00101156 -0.00587156 0.00165245 -0.00081028 0.00238167 0.00173982 0.00016781 -0.000724884 -0.00242972 -0.00410355 -0.0011064 -0.00498036 0.00166806 -0.00169091 0.00272423 -0.00580225 -0.00367478 -0.000381734 0.000968847 -0.00231671 -0.00225818 -0.00171148
internal_weight=22975 1950 21025 4803 16222 12072 4654 3452 2905 1736 1924 981 1898 2638 7418 309 1035 1603 1609 359 1088 598
internal_count=22975 1950 21025 4803 16222 12072 4654 3452 2905 1736 1924 981 1898 2638 7418 309 1035 1603 1609 359 1088 598
cat_boundaries=0 13 14 15 28 41 43 44 46 48 49 51 53 66 80 82 84 96 98
cat_threshold=3221225540 0 0 0 1310980 0 0 268435456 0 2147483648 1587544064 268435968 1572896 1073741824 3 44236800 131072 3758096384 133 134217728 0 0 0 134217856 1073741840 131232 2147484676 2053 35684352 128319520 4097 512 268468224 0 128 0 36864 525376 0 2148016416 25232 723955238 436825 4 186942980 335424 38143586 67653 4 16 1540 2181039172 2641 17039360 5124 0 0 134742016 536870976 0 16384 536870912 8524032 0 16777217 2147483656 9 16384 0 2105344 8929856 33554433 0 1208000512 536870920 69255680 553648128 5 1280 19 0 16524 168045090 272384 33554432 0 0 0 0 0 0 0 0 0 32 2147483648 264208 8
is_linear=0
shrinkage=0.045


Tree=28
num_leaves=23
num_cat=20
split_feature=0 2 2 1 0 2 5 3 3 3 4 3 3 0 1 0 3 5 3 0 0 1
split_gain=46.8882 19.5688 16.4442 11.0159 9.80587 7.75304 8.56024 6.32292 4.6917 4.04373 3.82821 3.62113 3.2493 2.9412 2.89235 2.866 2.78648 2.71239 2.65388 2.39699 2.22973 2.20178
threshold=0 1 2 3 4 5 4.1510089048756029 6 7 8 9 10 11 12 13 14 15 3.9219243190762363 16 17 18 19
decision_type=9 9 9 9 9 9 10 9 9 9 1 9 9 9 9 9 9 10 9 9 9 9
left_child=2 4 -1 12 11 6 9 15 21 20 17 13 -3 -2 -12 -6 -4 -9 -7 -11 -5 -8
right_child=1 3 16 5 7 18 8 10 -10 19 14 -13 -14 -15 -16 -17 -18 -19 -20 -21 -22 -23
leaf_value=-273.49382222447463 353.63212630399244 42.567153144154432 -265.03345736386609 -18.773587458929345 -57.371238666502165 -23.429450702902809 51.235472297278726 -119.07276675181262 100.58942115362589 42.558910512351801 -175.90281009064591 160.39615731299048 373.28320523848765 -81.955717611608193 -0.14561004546740169 -190.88704538287092 -48.097059522495968 -30.733271601131577 278.95762245367905 -41.881180573803611 -141.02297138897873 -35.353915428432877
leaf_weight=316 300 782 332 251 342 272 283 119 2385 644 220 1357 7515 779 1537 404 424 108 2054 1598 476 477
leaf_count=316 300 782 332 251 342 272 283 119 2385 644 220 1357 7515 779 1537 404 424 108 2054 1598 476 477
internal_value=0.0010096 0.00146058 -0.00812823 0.00220768 -0.000959444 0.00105951 0.000215965 -0.00280635 0.00185176 -0.00151616 -0.00145641 0.00111397 0.00337243 -0.000829056 -0.000749573 -0.00631662 -0.00435937 -0.00693668 0.00326433 -0.000555013 -0.00440257 -0.00122409
internal_weight=22975 21903 1072 16737 5166 8440 6114 2730 3145 2969 1984 2436 8297 1079 1757 746 756 227 2326 2242 727 760
internal_count=22975 21903 1072 16737 5166 8440 6114 2730 3145 2969 1984 2436 8297 1079 1757 746 756 227 2326 2242 727 760
cat_boundaries=0 13 14 15 17 30 31 33 35 37 38 40 42 54 56 69 71 73 87 97 99
cat_threshold=3221225536 0 0 0 260 0 0 268435456 0 2147483648 312475648 268435456 524320 3 1 1610663268 3200 44269568 131072 3758096384 133 131072 33554432 0 0 134217728 1073741848 4280 2147488772 1 4 184847364 265796 117877262 460810 1866602528 270448 1 2181482086 268880 35989508 8769 33554432 131072 1073741824 1 0 33554432 0 0 0 16 32 2147483648 1064980 529 0 0 0 0 8388608 0 0 8192 0 0 16908288 128 28 34210866 68292 50594816 2056 0 9216 0 2138112 0 553648128 0 134217728 0 5902592 0 1 0 5 0 1024 0 2097152 524288 536870912 0 73728 536870912 4755456 4224 65546
is_linear=0
shrinkage=0.045


Tree=29
num_leaves=23
num_cat=18
split_feature=0 2 0 0 3 0 3 2 5 0 4 5 2 3 2 5 3 0 0 5 0 2
split_gain=40.3412 17.4912 17.3174 9.476 8.76857 8.502 5.92458 5.38243 4.84487 4.37235 3.80131 3.65154 3.31257 3.26361 3.17472 3.94964 2.91168 2.6782 2.56565 3.37287 2.5127 2.33003
threshold=0 1 2 3 4 5 6 7 5.1269313471631675 8 9 4.3757372435704527 10 11 12 3.3497501700808394 13 14 15 2.8029010331479989 16 17
decision_type=9 9 9 9 9 9 9 9 10 9 1 10 9 9 9 10 9 9 9 8 9 9
left_child=2 5 -1 -3 14 21 -7 8 18 -8 -11 12 13 -4 15 17 -12 -5 -6 -20 -17 -2
right_child=1 3 11 4 7 6 9 -9 -10 10 16 -13 -14 -15 -16 20 -18 -19 19 -21 -22 -23
leaf_value=-274.45137166763487 355.24447623019375 649.0333159859357 -257.16936538473874 -102.24860455693054 -53.432572874996801 -156.60466359366427 -202.56588295291985 170.0598142023934 90.566244121551648 -84.18208740088761 -48.005595300123659 -9.8267714460423008 59.252936565869149 -132.14553400263364 427.38437398784856 27.448434751449252 30.337610462497853 33.231257162166756 -234.16732625645386 4.461137172655679 193.67826094982169 -112.8450431176351
leaf_weight=214 897 3995 334 224 1338 368 228 1289 699 356 1512 499 165 520 2145 1432 1593 776 142 1360 2739 150
leaf_count=214 897 3995 334 224 1338 368 228 1289 699 356 1512 499 165 520 2145 1432 1593 776 142 1360 2739 150
internal_value=0.00103897 0.00157791 -0.00554243 0.00230391 0.00167473 -0.000717748 -0.00165114 0.000184091 -0.000723599 -0.00109551 -0.00068543 -0.00377059 -0.00533741 -0.00642263 0.00265652 0.00204119 -0.000181043 -0.000494012 -0.00155172 -0.000261559 0.00265385 0.00287677
internal_weight=22975 21243 1732 16139 12144 5104 4057 4828 3539 3689 3461 1518 1019 854 7316 5171 3105 1000 2840 1502 4171 1047
internal_count=22975 21243 1732 16139 12144 5104 4057 4828 3539 3689 3461 1518 1019 854 7316 5171 3105 1000 2840 1502 4171 1047
cat_boundaries=0 13 14 15 28 30 42 44 45 58 59 60 62 63 65 79 93 107 108
cat_threshold=3221225536 16384 0 0 1310980 64 0 1342177280 136 2147483648 1587544064 268435456 1572896 3 1073741824 35684352 128319520 4097 512 268468224 0 0 0 36864 524352 0 2148016160 25236 3505934808 86438 8388608 131072 1073741824 132 134217728 0 0 0 134217728 16 32 2147484672 33816580 264256 4 4194304 4096 0 0 0 0 0 65536 0 0 16777216 2048 1024 1 7 189137474 88640 4 219286072 71189 0 12288 0 0 142606336 0 0 65536 0 4104 0 1048576 67108872 17 17039360 5124 0 0 134742536 536871936 0 49152 536870912 10637568 0 16777472 2147516424 1 4097 12292 0 2105344 8912896 33554433 512 134316032 536870912 2277378 16777216 2129925 1024 2 2
is_linear=0
shrinkage=0.045


Tree=30
num_leaves=23
num_cat=18
split_feature=0 2 2 0 3 0 2 3 5 0 4 0 0 3 5 3 5 0 0 5 0 2
split_gain=35.013 16.1957 13.654 9.53672 8.59282 8.18405 6.06476 4.77374 4.37769 4.02825 3.5149 3.23094 3.1295 3.01547 2.76998 2.52484 2.42283 1.96401 1.78901 1.7619 1.90471 1.65249
threshold=0 1 2 3 4 5 6 7 5.1387309967764621 8 9 10 11 12 3.9219243190762363 13 3.2384861814448418 14 15 3.4175922930736511 16 17
decision_type=9 9 9 9 9 9 9 9 10 9 1 9 9 9 10 9 8 9 9 10 9 9
left_child=2 5 -1 -3 12 21 8 -7 11 -9 14 -6 -5 -4 -11 -12 -13 -8 -15 20 -14 -2
right_child=1 3 13 4 6 7 17 9 -10 10 15 16 19 18 -16 -17 -18 -19 -20 -21 -22 -23
leaf_value=-241.74935646196329 328.54666762571543 628.71582823496817 -233.38827917890768 16.770942134327111 -57.225799272128526 -154.75610394327504 -7.9945931272000479 -159.31319410901759 85.195805719734736 -144.01061028094819 -31.306495990738505 -108.8966742081351 -35.547693983050245 35.72886569791163 -19.249898886720612 37.348925787631323 21.540420573351312 280.37781906265985 -98.938627123546198 213.60728630401459 159.29703866366293 -78.589433119502189
leaf_weight=333 939 3969 390 1233 1621 374 357 252 797 168 1723 287 361 383 179 1285 1343 1124 629 4264 785 179
leaf_count=333 939 3969 390 1233 1621 374 357 252 797 168 1723 287 361 383 179 1285 1343 1124 629 4264 785 179
internal_value=0.00106443 0.00156691 -0.00506153 0.00226518 0.0016369 -0.000643612 0.000324039 -0.00159917 -0.000578571 -0.00108552 -0.000661568 -0.00131279 0.00272705 -0.0030488 -0.0049384 -0.000167442 0.000109623 0.00277595 -0.00170508 0.00319532 0.00163066 0.00273982
internal_weight=22975 21240 1735 16141 12172 5099 5529 3981 4048 3607 3355 3251 6643 1402 347 3008 1630 1481 1012 5410 1146 1118
internal_count=22975 21240 1735 16141 12172 5099 5529 3981 4048 3607 3355 3251 6643 1402 347 3008 1630 1481 1012 5410 1146 1118
cat_boundaries=0 13 14 15 28 30 43 44 46 59 60 74 88 90 92 104 117 131 132
cat_threshold=3221225544 16384 0 0 1310980 64 0 1342177280 136 2147483648 513802240 268435456 1572896 3 1 35684352 128319520 4097 512 268468224 0 0 0 36864 524288 0 2148016160 25236 3503837656 82342 33619968 131072 3221225472 132 0 0 0 0 134217728 16 32 2147488768 2048 4 33818628 264256 4194304 4096 0 0 134217728 0 0 65536 0 0 16777216 32768 1024 1 266240 13316 0 0 134742528 536870913 0 49152 536870912 10622208 0 19923204 2147516424 5 0 0 0 2105344 8929856 33554432 512 134324224 2048 69255680 1627389952 4097 8389888 18 38144002 67668 225609264 71189 0 2064 0 0 16777216 0 0 65536 536870916 10 0 32768 2147483656 0 0 0 1048836 0 0 268435456 0 0 67108864 0 32 0 12288 0 0 134217728 536870912 0 0 4 8392712 0 1048576 2214592520 1 2
is_linear=0
shrinkage=0.045


Tree=31
num_leaves=23
num_cat=18
split_feature=0 0 0 2 3 5 0 0 3 3 3 3 0 4 3 5 3 0 1 5 1 5
split_gain=32.468 14.9608 14.9412 13.1081 10.0767 7.56784 7.50727 6.09505 3.96051 3.78434 3.7375 2.90154 2.37552 2.29816 2.29298 2.24213 1.86429 2.00295 1.84712 1.75426 1.74019 1.73558
threshold=0 1 2 3 4 3.3497501700808394 5 6 7 8 9 10 11 12 13 5.0782890901091458 14 15 16 4.166635176627655 17 4.2696729980286863
decision_type=9 9 9 9 9 10 9 9 9 9 9 9 9 1 9 10 9 9 9 10 9 10
left_child=1 -1 -2 4 20 7 8 11 -7 -3 12 -6 -8 -12 -9 18 17 -5 -14 -10 -4 -11
right_child=2 9 3 16 5 6 10 14 19 21 13 -13 15 -15 -16 -17 -18 -19 -20 -21 -22 -23
leaf_value=-251.22233890180308 669.45724732526696 -231.07596388260635 7.4946713071910196 -120.76986697961202 -185.83821954646095 -42.997111377832347 127.18613689555778 -101.11118556517279 -48.558423812857768 -99.124318338414895 -41.182242441233363 -51.287891853011395 -63.669369862065523 157.94833717044943 25.655890042484209 85.855416739470513 318.75253339778453 192.69781766050306 5.1863934644219807 36.171828436243523 -136.27388283485169 -8.5583022780455451
leaf_weight=214 3913 253 105 111 384 1083 909 527 490 997 114 464 649 3932 1315 711 3154 268 1112 1190 488 592
leaf_count=214 3913 253 105 111 384 1083 909 527 490 997 114 464 649 3932 1315 711 3154 268 1112 1190 488 592
internal_value=0.00110752 -0.00427369 0.00163803 0.00105929 0.000418131 0.000684145 0.00124509 -0.00143759 -0.000757297 -0.00290777 0.00198837 -0.00456279 0.000876658 0.00291203 2.91264e-05 0.000148551 0.00349464 0.000448849 -0.000712138 0.000611702 -0.00525868 -0.00205465
internal_weight=22975 2056 20919 17006 13473 12880 10190 2690 2763 1842 7427 848 3381 4046 1842 2472 3533 379 1761 1680 593 1589
internal_count=22975 2056 20919 17006 13473 12880 10190 2690 2763 1842 7427 848 3381 4046 1842 2472 3533 379 1761 1680 593 1589
cat_boundaries=0 14 15 28 29 31 45 59 61 63 65 67 81 82 84 86 96 98 100
cat_threshold=3225419848 81920 0 268435456 262916 1 0 268435456 0 2147483648 513802240 268435968 9961504 16 1073741824 2113536 128319520 4097 528 268533760 4096 0 0 37888 525312 65536 2148016160 2105984 7 33818624 262208 4 4096 0 40960 9961480 50331712 0 1073775616 536870912 131393 1090523136 18907397 0 2 33554432 12292 0 0 134348800 1024 0 65536 2048 77647882 16777224 1083520 8 1 23306790 162849 33948672 329792 738437038 80409 155194880 31244 33652736 8192 1677721600 2097281 2147614720 1280 0 0 2048 7389200 32 16 20500 4 1 762316298 1560 1124343808 2640 0 10260 0 0 0 0 0 65536 0 4098 135790608 2076 1065024 72
is_linear=0
shrinkage=0.045


Tree=32
num_leaves=23
num_cat=19
split_feature=0 2 0 0 2 0 5 3 3 3 0 3 0 3 2 5 0 5 3 3 0 4
split_gain=30.256 14.5989 12.5798 9.00219 7.40344 7.28081 6.8986 4.47523 4.45036 3.90133 3.57572 3.48314 2.7907 3.07488 2.55343 2.42651 2.30389 2.62368 2.02677 1.94903 2.42687 1.7709
threshold=0 1 2 3 4 5 4.1510089048756029 6 7 8 9 10 11 12 13 4.1190041246092024 14 4.9801701820644562 15 16 17 18
decision_type=9 9 9 9 9 9 10 9 9 9 9 9 9 9 9 10 9 10 9 9 9 1
left_child=2 5 -1 -3 6 12 10 16 14 -4 -5 -12 -2 -14 18 -11 17 -8 -7 20 -6 -10
right_child=1 3 9 4 19 8 7 -9 21 15 11 -13 13 -15 -16 -17 -18 -19 -20 -21 -22 -23
leaf_value=-239.91733365122192 636.29680181567971 587.11851098270665 -19.914954909974131 55.855997999949679 -113.57166080407158 -107.62681359266615 -82.588753681012832 127.33133460180478 -71.578046466337767 -214.17521459720413 -104.13022595029429 -7.3938378030215466 -85.515073277866094 53.902557605594616 -197.47428905055563 -82.182148024716156 59.009063271687118 15.34182620648008 -40.132181367311851 305.41486308366098 172.35711568905626 -14.880378443623732
leaf_weight=214 585 3992 777 1037 106 101 303 3080 235 489 852 2151 366 1271 195 338 950 330 427 3008 287 1881
leaf_count=214 585 3992 777 1037 106 101 303 3080 235 489 852 2151 366 1271 195 338 950 330 427 3008 287 1881
internal_value=0.00109773 0.00157667 -0.00445574 0.00223938 0.00162455 -0.000531342 0.000925818 0.00210579 -0.00203771 -0.00302413 -0.000434191 -0.0012194 0.00139391 0.000428442 -0.00506327 -0.00516508 0.00014953 -0.00193256 -0.00326667 0.00340302 0.000366667 -0.000981203
internal_weight=22975 21157 1818 16096 12104 5061 8703 4663 2839 1604 4040 3003 2222 1637 723 827 1583 633 528 3401 393 2116
internal_count=22975 21157 1818 16096 12104 5061 8703 4663 2839 1604 4040 3003 2222 1637 723 827 1583 633 528 3401 393 2116
cat_boundaries=0 14 15 16 29 30 43 45 47 49 63 65 77 79 80 94 96 98 108 109
cat_threshold=3225419848 81920 0 268435456 262404 1 0 1342177280 132 0 513933312 268435456 8912928 16 3 1073741824 35700736 128319520 4097 517 268468224 0 0 0 36864 524288 65536 2148016160 2105876 4 44236804 131072 3758096384 133 0 0 0 0 134217728 3221225496 184 2147488772 5 120039970 473096 52855812 269888 3919171824 135552 1 1073742848 536870912 0 147520 553649152 128 8192 525312 5373952 0 16780433 40066 4 723982898 576 0 131072 1073741824 0 0 0 0 0 134217728 0 32 2147483648 2181317124 2625 2 0 13312 0 0 524288 536870912 0 65536 536870912 135168 0 1048580 8 6 33554432 262208 1124343812 2640 0 10260 0 0 0 0 0 65536 0 2 1
is_linear=0
shrinkage=0.045


Tree=33
num_leaves=23
num_cat=18
split_feature=0 0 2 0 3 0 5 0 5 0 3 1 3 2 0 5 3 0 3 1 3 5
split_gain=28.9336 14.3148 13.5472 12.1309 10.2503 6.07411 5.78174 4.59067 4.01201 3.61948 2.97896 2.64526 2.51977 2.1995 1.99883 2.30945 2.05857 1.76127 1.7188 1.6576 1.56903 1.48897
threshold=0 1 2 3 4 5 3.2769667020129059 6 3.6242520361853052 7 8 9 10 11 12 5.0782890901091458 13 14 15 16 17 4.1510089048756029
decision_type=9 9 9 9 9 9 10 9 10 9 9 9 9 9 9 10 9 9 9 9 9 10
left_child=3 -2 4 21 6 -6 9 12 11 -3 -5 -7 -8 -12 -9 16 -16 -10 -4 -18 -19 -1
right_child=1 2 18 10 5 8 7 14 17 -11 13 -13 -14 -15 15 -17 19 20 -20 -21 -22 -23
leaf_value=-286.7799838086259 657.83672337736164 -182.60779691328142 28.277273303467986 -9.0658470810321798 172.54117547092355 -99.874314037662387 -96.056449767644821 117.31820028638283 88.723036615529125 -104.70127641844455 45.055945039246261 -12.178123839437434 -22.735789239057116 -179.32848873767182 25.440773057447291 170.75632019547155 151.55479042299703 -15.066726735853798 295.41269419809839 -76.558910686712778 47.922172712127292 -219.92428452744539
leaf_weight=52 3507 251 364 678 2724 250 406 726 1322 912 159 1281 1360 838 769 653 105 1277 3482 800 897 162
leaf_count=52 3507 251 364 678 2724 250 406 726 1322 912 159 1281 1360 838 769 653 105 1277 3482 800 897 162
internal_value=0.0011036 0.00158176 0.00105625 -0.00421594 0.000393852 0.00147295 -0.0010045 -0.000318295 0.000542072 -0.00385107 -0.00286752 -0.00137671 -0.00213611 -0.00442864 0.000738499 9.04234e-05 -0.000794749 0.00138422 0.00341291 -0.00223282 0.00058463 -0.0140575
internal_weight=22975 21086 17579 1889 13733 7751 5982 4819 5027 1163 1675 1531 1766 997 3053 2327 1674 3496 3846 905 2174 214
internal_count=22975 21086 17579 1889 13733 7751 5982 4819 5027 1163 1675 1531 1766 997 3053 2327 1674 3496 3846 905 2174 214
cat_boundaries=0 14 27 28 29 31 45 57 70 72 74 76 77 91 93 106 108 109 111
cat_threshold=3221229644 81920 0 268435456 1310980 1 0 268435456 140 0 1587544064 268435464 524320 16 2113536 1202061312 67112961 528 2416017408 6144 0 0 36864 4718592 0 2148016160 2109440 7 1073741824 187117094 286281 360448 2147483648 536870912 132 1207960064 16778500 128 0 1024 25297216 128 1024 2147519128 4 17039360 13312 0 0 8912896 64 0 1073750016 536870912 2232584 4240 1084160 0 4100 0 0 134217728 0 0 0 0 8388608 0 33408 24 3919155450 147712 1050640 512 52690980 263232 48 33587216 0 1610612736 2105345 0 1024 0 0 3072 1064976 131104 144 16 1 19070980 21512 41943040 8192 0 0 655360 536870912 0 24576 2048 4105 536936448 1051412 67125508 1124343808 536 787552 1145094552 204960
is_linear=0
shrinkage=0.045


Tree=34
num_leaves=23
num_cat=18
split_feature=0 0 2 2 3 0 3 3 2 0 0 4 5 3 0 5 5 0 5 3 3 3
split_gain=25.6496 13.7924 13.1047 10.1708 7.03654 4.94315 4.89081 4.39611 4.14013 4.01647 3.78946 3.5839 3.01348 2.86399 2.35762 2.14472 1.99302 1.99165 2.16647 2.79464 1.91468 1.91049
threshold=0 1 2 3 4 5 6 7 8 9 10 11 3.3140206880897671 12 13 3.4498615536424366 3.6242520361853052 14 4.9801701820644562 15 16 17
decision_type=9 9 9 9 9 9 9 9 9 9 9 1 8 9 9 10 10 9 10 9 9 9
left_child=3 -2 7 6 9 20 -1 -3 12 16 13 15 -7 -9 -13 -12 -4 18 19 -14 -6 -16
right_child=1 2 4 -5 5 8 -8 10 -10 -11 11 14 17 -15 21 -17 -18 -19 -20 -21 -22 -23
leaf_value=-266.70942718993763 746.89390257546756 -121.4477575814318 -45.227917462671392 -68.866846497025477 -62.403099363790233 -79.837008187734327 -152.50306129643539 -240.82016777685141 238.6956533997263 176.27654491709214 -195.2526625663335 99.966429238752227 -109.19561769206899 -44.583844009584745 -40.060493622871846 -19.292511590152682 43.310632457414954 106.42951072453742 65.557516341399278 0.41685194503974993 -14.554286712958 36.835855902907177
leaf_weight=235 3106 566 382 1022 389 536 323 123 1414 6347 166 1011 261 357 1229 236 773 1498 528 821 710 942
leaf_count=235 3106 566 382 1022 389 536 323 123 1414 6347 166 1011 261 357 1229 236 773 1498 528 821 710 942
internal_value=0.0011036 0.00151247 0.00103986 -0.00440955 0.00174095 0.000610553 -0.00925263 -0.00102757 0.00120533 0.00266622 -0.000503435 5.00573e-06 0.000398797 -0.00420732 0.000511621 -0.00398762 0.000212082 0.000937621 -0.000166461 -0.00132011 -0.00211026 -0.00032776
internal_weight=22975 21395 18289 1580 13659 6157 558 4630 5058 7502 4064 3584 3644 480 3182 402 1155 3108 1610 1082 1099 2171
internal_count=22975 21395 18289 1580 13659 6157 558 4630 5058 7502 4064 3584 3644 480 3182 402 1155 3108 1610 1082 1099 2171
cat_boundaries=0 13 26 27 28 30 44 46 48 49 63 76 77 79 92 106 108 110 112
cat_threshold=3221225548 81920 0 268435456 262400 1 0 268435456 0 0 1587544064 268435464 524320 2113536 128319488 67112961 528 98304 4096 0 0 36864 524288 0 2148016160 2109440 3 3 3503837648 116134 16777216 2052 0 0 17301504 553648192 0 16384 536870916 8569090 0 16809988 8388608 1 33948176 6212 33818628 264769 4 4096 0 0 2105344 9962048 33554752 0 134324224 2056 67158529 536870912 4096 1049856 18 4194304 4100 0 0 134217728 33554432 0 73728 536870912 8404992 16777216 34816 2147486720 1 134219264 131108 42008576 0 3221225472 128 4 0 0 0 134217728 1073741824 131240 5248 1 262145 5120 0 8192 142606336 4 512 1208034304 0 2101256 0 1050880 2214592520 4 33817122 270400 119580672 2584 225681938 70676
is_linear=0
shrinkage=0.045


Tree=35
num_leaves=23
num_cat=19
split_feature=0 0 2 5 0 3 0 0 3 0 3 0 3 4 0 5 3 0 5 3 3 4
split_gain=23.2054 14.3941 12.4708 9.95096 8.22949 5.77481 6.04333 5.36171 4.25792 3.73429 2.76886 2.76547 2.57886 2.52747 2.78717 2.32883 2.28433 2.04533 1.97848 1.94591 1.5968 1.5264
threshold=0 1 2 4.1510089048756029 3 4 5 6 7 8 9 10 11 12 13 4.1510089048756029 14 15 4.9663289649179552 16 17 18
decision_type=9 9 9 10 9 9 9 9 9 9 9 9 9 1 9 10 9 9 10 9 9 1
left_child=4 -2 3 5 15 9 -7 10 11 -3 -5 18 -6 -8 -15 -1 17 -4 20 -16 -9 -11
right_child=1 2 16 7 12 6 13 8 -10 21 -12 -13 -14 14 19 -17 -18 -19 -20 -21 -22 -23
leaf_value=-261.87296031369061 714.6686753796788 -149.5351469521963 -114.95377985739515 -92.004490956268867 -175.61834581486104 106.75638118724704 -152.21081898790646 -115.56405990588048 173.42664776724715 -149.55820720139224 2.4983743496948554 109.93308203122947 -26.184815636816495 9.7326176372040951 52.005853864199395 -198.53969737964346 298.12905527216179 129.55806137934024 21.723882673548335 -57.473187193159134 -32.346057712275112 -44.735097502000606
leaf_weight=52 3194 371 105 259 557 1364 206 105 3267 78 1825 1060 1063 1653 306 162 3361 451 479 1756 343 958
leaf_count=52 3194 371 105 259 557 1364 206 105 3267 78 1825 1060 1063 1653 306 162 3361 451 479 1756 343 958
internal_value=0.00107227 0.00149362 0.00099652 0.000368537 -0.00376869 -0.000886017 -0.000199641 0.00151308 0.00227649 -0.00343446 -0.000420801 0.000623562 -0.00261949 -0.00109725 -0.000829298 -0.0118673 0.00323785 0.000522887 -0.00116454 -0.00192671 -0.00332 -0.00199237
internal_weight=22975 21141 17947 14030 1834 6692 5285 7338 5254 1407 2084 1987 1620 3921 3715 214 3917 556 927 2062 448 1036
internal_count=22975 21141 17947 14030 1834 6692 5285 7338 5254 1407 2084 1987 1620 3921 3715 214 3917 556 927 2062 448 1036
cat_boundaries=0 13 26 27 28 30 44 57 59 72 74 88 90 91 104 106 115 117 119 120
cat_threshold=3221229644 81920 0 268435456 393476 65 0 1342177280 0 0 1587544064 268435464 524320 2097152 1202061312 67112961 528 3221323776 6144 0 0 36864 524320 0 2148016224 2109440 7 1073741824 168037892 280128 360448 0 2415919104 133 402653248 16778240 0 0 1024 4325632 4272 16781329 35345 20 25165825 13316 0 8192 9437184 50331648 0 40960 0 180290 135312 2130817 1049601 235374090 465481 0 4096 0 0 134217728 0 0 0 0 4198656 128 35072 67142672 50339876 278528 0 0 1073741824 0 134742016 536870912 0 65536 536870912 4104 0 1048580 2147483656 6 38145024 84580 1 41943057 0 1610612736 2129920 8404992 536870912 128 40960 2048 1074844184 0 3968 2155873408 1124343812 133720 0 10256 0 0 0 0 0 65536 4 2424832128 8448 262658 2048 1
is_linear=0
shrinkage=0.045


Tree=36
num_leaves=23
num_cat=20
split_feature=0 0 2 5 2 0 3 0 3 0 3 3 0 1 5 3 0 4 0 3 0 3
split_gain=22.1273 14.773 12.5515 10.7104 6.82205 6.59158 5.86355 5.34747 4.20445 3.6588 3.65547 3.45709 2.78627 2.67283 2.09812 2.00979 2.20979 2.00536 1.92587 1.91545 1.67074 1.621
threshold=0 1 2 4.1510089048756029 3 4 5 6 7 8 9 10 11 12 3.3140206880897671 13 14 15 16 17 18 19
decision_type=9 9 9 10 9 9 9 9 9 9 9 9 9 9 10 9 9 1 9 9 9 9
left_child=4 -2 3 5 10 8 13 -5 -3 -8 -1 20 -13 -7 21 16 -4 -15 -6 -16 -9 -11
right_child=1 2 15 7 18 6 9 11 -10 14 -12 12 -14 17 19 -17 -18 -19 -20 -21 -22 -23
leaf_value=-257.45411199870711 696.45359900946301 -26.607641193740804 -100.71427331140448 193.19390847947699 70.756985532620973 -8.0138480483967207 98.228013157524131 -35.31508974429191 -132.60254899992853 -80.44069479591252 -163.01876850019983 -3.8194015337044136 119.60060122221473 -300.0483360975316 -25.394504943745861 284.34774692553458 118.97402585984358 -86.757410676055628 -125.12430158864119 51.47389433816226 4.3298406592972301 2.5224127892193384
leaf_weight=108 3132 982 102 1975 124 445 1412 842 862 656 335 882 2057 74 626 3480 464 657 433 874 1899 554
leaf_count=108 3132 982 102 1975 124 445 1412 842 862 656 335 882 2057 74 626 3480 464 657 433 874 1899 554
internal_value=0.00108402 0.00138252 0.000905251 0.00029688 -0.0054249 -0.000956187 -0.000145763 0.00146631 -0.00326347 0.000655298 -0.00956374 0.00075896 0.00182836 -0.00293182 -0.000314107 0.00312272 0.000591696 -0.0045969 -0.00200088 0.000808922 -0.000390665 -0.00170792
internal_weight=22975 21975 18843 14797 1000 7142 5298 7655 1844 4122 443 5680 2939 1176 2710 4046 566 731 557 1500 2741 1210
internal_count=22975 21975 18843 14797 1000 7142 5298 7655 1844 4122 443 5680 2939 1176 2710 4046 566 731 557 1500 2741 1210
cat_boundaries=0 13 26 27 28 42 44 57 59 73 74 76 89 91 93 103 104 117 119 132 134
cat_threshold=3221225536 0 0 0 262400 0 0 268435456 136 0 1386217472 268435456 524288 2359296 1202061312 67112961 528 2147581952 6144 0 0 36864 524288 0 2148016160 2101248 7 3 8 4100 0 268435456 1572868 0 0 16384 536870912 1084228355 218234888 2131972 9454600 2 637929988 264776 33652752 0 0 2097156 1207959552 1024 0 17408 1024 15728656 604045344 6144 67168914 3767521428 33196 8486912 0 2415919104 132 268435520 16778240 0 0 2048 4374528 144 16782353 43697 1 33948176 170372654 358489 4096 12292 0 8192 8388608 33554756 0 8192 0 49153 134217728 2130049 1025 1075070181 98 1124343812 133720 0 2064 0 0 0 0 0 65536 4 2 1 0 0 0 0 256 0 0 0 0 0 2097152 0 524288 1208062066 12448 0 5120 0 0 524288 570425408 0 65536 536870912 0 135312 1082116 1024 2303737912 53284
is_linear=0
shrinkage=0.045


Tree=37
num_leaves=23
num_cat=20
split_feature=0 0 2 2 5 3 0 3 0 3 0 3 0 3 0 0 3 5 3 0 1 3
split_gain=19.901 13.5755 11.0436 8.43375 8.17402 6.06919 5.94894 5.14264 5.1169 4.15467 3.65089 2.63692 2.19482 2.18854 2.32257 1.90618 1.83901 1.7328 1.62723 1.60934 1.59033 1.52153
threshold=0 1 2 3 3.3497501700808394 4 5 6 7 8 9 10 11 12 13 14 15 5.7573219937320976 16 17 18 19
decision_type=9 9 9 9 10 9 9 9 9 9 9 9 9 9 9 9 9 10 9 9 9 9
left_child=3 -2 4 7 8 10 18 -1 21 19 17 -5 -9 14 -4 -8 -12 -6 -7 -10 -11 -3
right_child=1 2 13 11 5 6 15 12 9 20 16 -13 -14 -15 -16 -17 -18 -19 -20 -21 -22 -23
leaf_value=-35.667924063871304 645.85148331875325 -110.98165980381707 -30.671775244358621 27.262128036197961 -51.764271129625769 -28.849077970349139 227.51779032271276 -123.09001268365736 -2.3412381129611406 43.802413191725428 -43.554473990538753 -63.183226212482772 -224.27346648287772 305.19073086919752 169.10882755270518 62.251756959173065 32.330476734253025 41.888980689567916 22.006164143550503 -201.36571212761228 -52.258586902600968 53.182766646277955
leaf_weight=237 3294 104 222 709 1513 905 2163 102 101 220 369 829 341 2809 788 2306 2375 250 792 537 1199 810
leaf_count=237 3294 104 222 709 1513 905 2163 102 101 220 369 829 341 2809 788 2306 2375 250 792 537 1199 810
internal_value=0.00109185 0.0015247 0.00102309 -0.00295022 0.000423111 0.00100454 0.00192004 -0.00708815 -0.00166347 -0.00289923 -0.000251936 -0.00108 -0.00995934 0.00315857 0.00132094 0.00278074 0.000773948 -0.0018431 -0.000350205 -0.00589846 -0.00151258 0.00113715
internal_weight=22975 20757 17463 2218 13644 10673 6166 680 2971 2057 4507 1538 443 3819 1010 4469 2744 1763 1697 638 1419 914
internal_count=22975 20757 17463 2218 13644 10673 6166 680 2971 2057 4507 1538 443 3819 1010 4469 2744 1763 1697 638 1419 914
cat_boundaries=0 13 26 27 28 30 44 46 60 62 76 78 84 86 96 110 112 114 127 129 131
cat_threshold=3221225548 81920 0 268435456 787204 33554497 0 1342178304 4 0 513802240 285212680 524320 2097152 1202061312 67112961 528 3221323776 6144 0 0 36864 524320 0 2148016224 2097664 7 67 235384366 466497 16781313 13316 0 2105344 9453568 256 512 98304 0 16385 16781312 2130309 9437185 2 163598378 147616 360448 0 3221225472 2097284 1064968 0 0 0 536870912 1179648 4272 5377 47237 20 187958856 55872 262144 4096 0 8192 135266304 0 0 8192 536870912 1073746176 16912528 1084164 67109896 2 3225965270 37760 2147483648 0 0 0 4 33554432 1124349444 150104 0 11268 0 0 0 0 0 65536 0 10 42319872 0 1610612736 4 402653184 1028 0 8192 3072 4198720 196608 1040 45210 4 100927492 262209 23085328 57504 0 9216 0 0 8388608 0 0 8192 0 4096 0 0 2147483648 524517 48 33554944 520
is_linear=0
shrinkage=0.045


Tree=38
num_leaves=23
num_cat=18
split_feature=0 0 2 5 0 3 0 0 3 3 0 3 3 0 0 3 3 5 0 5 1 5
split_gain=19.1529 13.0613 10.6043 7.72557 6.47924 5.4975 5.27643 4.30771 3.63049 3.25518 2.69118 2.30512 2.22456 2.37933 2.20265 1.82848 1.74443 1.69733 1.65251 1.62491 1.47212 1.46841
threshold=0 1 2 4.1510089048756029 3 4 5 6 7 8 9 10 11 12 13 14 15 4.516324041782946 16 3.2769667020129059 17 4.9522934739897151
decision_type=9 9 9 10 9 9 9 9 9 9 9 9 9 9 9 9 9 10 9 8 9 10
left_child=4 -2 3 5 17 10 11 -7 -6 14 15 18 13 -4 21 -3 -9 -1 -5 -17 -18 -8
right_child=1 2 12 6 8 7 9 16 -10 -11 -12 -13 -14 -15 -16 19 20 -19 -20 -21 -22 -23
leaf_value=-267.36961577429332 651.59472020228998 -52.186666254528355 -34.425741987571683 -10.160925210323262 -187.7814434667375 110.93239438611607 -34.787217528322643 21.491147386378323 -21.575647677569943 172.82171970982958 -52.085388627399972 9.2020679833696537 298.87477297795084 159.84108386124848 125.86017592356056 -234.40267852956848 6.6764646367611542 -148.07461913912451 -73.758352806147073 -124.09439719092407 -36.109973595763954 28.869058388567133
leaf_weight=81 3049 252 217 516 422 1345 462 722 1664 2879 1380 1335 2870 806 1161 76 666 133 362 173 1922 482
leaf_count=81 3049 252 217 516 422 1345 462 722 1664 2879 1380 1335 2870 806 1161 76 666 133 362 173 1922 482
internal_value=0.00108402 0.00151726 0.00104502 0.000456057 -0.00280277 -0.000663505 0.00147333 0.000168738 -0.00200334 0.00228243 -0.00270761 -0.000357977 0.00311485 0.00127391 0.000924658 -0.00551754 -0.000704395 -0.0100752 -0.00213371 -0.0082931 -0.00124962 -0.000687238
internal_weight=22975 20675 17626 13733 2300 6536 7197 4655 2086 4984 1881 2213 3893 1023 2105 501 3310 214 878 249 2588 944
internal_count=22975 20675 17626 13733 2300 6536 7197 4655 2086 4984 1881 2213 3893 1023 2105 501 3310 214 878 249 2588 944
cat_boundaries=0 13 26 27 28 30 43 57 59 61 74 76 78 88 102 104 106 119 121
cat_threshold=3221225548 81920 0 268435456 1310980 33554497 0 1342211072 132 0 513802240 268435968 1572896 2113552 1202061312 67112961 592 3221323776 6144 0 0 4096 524320 0 2148016224 2097152 7 1073741824 772017678 22080 25169921 13316 0 8192 8388608 16777216 0 73728 0 180290 1073877136 3178885 1025 8683520 0 2684354560 133 402653192 16778240 0 0 1024 4325376 176 16782353 47121 4 35915776 329796 235374126 465499 0 4096 536870912 0 134217728 0 0 0 536870912 4352 128 34816 33816 52587316 288785 1124480516 19016 0 11268 0 0 0 0 0 65536 0 10 0 0 1073741824 0 134742016 536870912 0 0 536870912 4104 0 0 2214592520 6 738197510 4160 3500679616 259 4096 8192 0 0 8388608 0 0 73728 0 32768 4096 1048580 1024 1611421028 450
is_linear=0
shrinkage=0.045


Tree=39
num_leaves=23
num_cat=19
split_feature=2 1 5 0 0 2 3 5 0 2 3 0 3 3 3 3 0 3 3 2 0 5
split_gain=18.1198 15.0744 7.60311 7.37554 5.61658 5.31213 4.55116 4.32923 5.46074 4.56089 3.26218 2.58901 2.55714 2.52221 2.5003 2.18872 1.9775 1.90286 1.90192 1.8017 1.7745 1.74609
threshold=0 1 3.9607678160667752 2 3 4 5 4.6867395546766826 6 7 8 9 10 11 12 13 14 15 16 17 18 4.3107766033702406
decision_type=9 9 10 9 9 9 9 10 9 9 9 9 9 9 9 9 9 9 9 9 9 10
left_child=3 2 4 21 6 7 -2 8 17 12 -5 -4 -10 20 -7 -13 -12 -3 -9 -8 -6 -1
right_child=1 5 11 10 13 14 19 18 9 -11 16 15 -14 -15 -16 -17 -18 -19 -20 -21 -22 -23
leaf_value=-219.21701532042948 28.514842203689842 -41.508132308167518 506.86373023534912 10.097833688794923 -67.569375813815242 -4.2101858694100098 118.06793383256453 44.237927187761123 -81.563206900177605 -210.74584055296293 -27.483498787239252 7.8701950868069845 -5.5726367193772539 175.5068697120733 175.3210277782396 170.21127065152828 -143.87535375853835 32.874828049848325 -7.8203005352951784 -128.39460412589398 126.8086786060982 -142.90946193394765
leaf_weight=136 903 759 3593 601 344 566 132 1361 1034 343 291 814 1157 2135 1512 3462 547 938 980 675 504 188
leaf_count=136 903 759 3593 601 344 566 132 1361 1034 343 291 814 1157 2135 1512 3462 547 938 980 675 504 188
internal_value=0.00108206 0.00144643 0.00244147 -0.00328817 0.00100927 1.67406e-10 -0.0010453 -0.00062743 -0.00148724 -0.00280322 -0.00186389 0.00329825 -0.0020202 0.00218314 0.00197656 0.00252495 -0.00366353 0.000492393 0.000923816 -0.00347802 9.41862e-05 -0.00932143
internal_weight=22975 21212 12562 1763 4693 8650 1710 6572 4231 2534 1439 7869 2191 2983 2078 4276 838 1697 2341 807 848 324
internal_count=22975 21212 12562 1763 4693 8650 1710 6572 4231 2534 1439 7869 2191 2983 2078 4276 838 1697 2341 807 848 324
cat_boundaries=0 1 3 16 29 30 32 46 47 49 62 64 66 68 70 83 85 87 88 101
cat_threshold=1 3758146660 3516 3221225472 0 0 0 260 0 0 0 0 0 0 2048 48 37814272 0 0 0 134348800 0 0 0 2048 82377472 0 2130436 9979148 70 3785154580 139492 2164281365 9216 0 270565376 68 587202560 896 134283328 4 88 1073745920 0 2147483648 4 4 159985770 196776 35684352 128188416 4097 0 32768 1024 0 0 5120 6816768 65536 2148017312 18576 1870717488 198896 34023940 374344 50726436 149832 103032864 366161 0 0 0 0 8388608 0 0 0 0 24 131104 268468224 9 721818128 357104 3768108370 330420 48 0 0 0 0 0 1024 0 0 0 1024 0 1424 34864
is_linear=0
shrinkage=0.045


Tree=40
num_leaves=23
num_cat=19
split_feature=0 0 2 5 0 3 2 0 3 3 3 3 3 0 0 3 0 2 4 5 0 5
split_gain=16.7392 12.7727 9.94581 7.33398 5.45857 4.4195 5.08612 4.36998 3.52661 3.39067 3.36277 3.0478 2.26082 2.49206 1.86471 1.84602 1.81033 1.83867 1.69489 1.64635 1.58873 1.50146
threshold=0 1 2 4.0342014792848504 3 4 5 6 7 8 9 10 11 12 13 14 15 16 17 3.3140206880897671 18 5.9952067579627961
decision_type=9 9 9 10 9 9 9 9 9 9 9 9 9 9 9 9 9 9 1 10 9 10
left_child=5 -2 3 7 10 -1 -7 11 16 18 21 -3 13 15 -10 -4 -9 -18 -6 -16 -20 -5
right_child=1 2 12 4 9 6 -8 8 14 -11 -12 -13 -14 -15 19 -17 17 -19 20 -21 -22 -23
leaf_value=1.1182402295576692 632.75499112435875 -112.72861046069958 48.141107337927075 -45.002649445366345 -110.09282943416059 -205.53514192264515 -107.25183592334338 19.267179928026 171.17831345555675 137.00504199147963 18.66249854182583 -20.242420559184264 283.42072606646082 184.45995267174243 -19.741634709296818 -109.44112330101287 -48.250667023803054 -247.47503087449024 -12.260478317259871 37.865487619325776 95.569965677994674 35.295505446506894
leaf_weight=679 2839 757 250 871 58 238 1033 488 608 3708 1523 918 2845 675 984 135 1211 162 787 1049 926 231
leaf_count=679 2839 757 250 871 58 238 1033 488 608 3708 1523 918 2845 675 984 135 1211 162 787 1049 926 231
internal_value=0.00108794 0.00145779 0.0010178 0.000466277 0.00135677 -0.00288991 -0.0044509 -0.000701327 3.19009e-05 0.00216272 -0.000332764 -0.00265412 0.00302719 0.00121735 0.00108726 -0.00164358 -0.00146316 -0.00229711 0.00053253 0.000424695 0.000795044 -0.00221364
internal_weight=22975 21025 18186 14281 8104 1950 1271 6177 4502 5479 2625 1675 3905 1060 2641 385 1861 1373 1771 2033 1713 1102
internal_count=22975 21025 18186 14281 8104 1950 1271 6177 4502 5479 2625 1675 3905 1060 2641 385 1861 1373 1771 2033 1713 1102
cat_boundaries=0 13 26 27 41 43 44 57 59 61 63 65 67 79 93 95 109 110 111 125
cat_threshold=3221229644 81920 0 268435456 393988 1 0 1342178304 140 0 513802240 285212672 524320 2097152 3349413888 67112961 592 3221323776 6144 0 0 36864 32 0 2148016224 2097152 7 1 5124 0 8192 9453568 50331712 0 8192 536870912 152578 4240 3178885 1049601 2 3772305642 131456 1 37748736 4100 0 0 135790600 0 0 114688 536870912 2097922 553779208 3178496 76563720 772148886 278088 67609122 334427 56814124 161792 1259390578 217600 1124476420 182872 0 11380 0 0 0 0 0 65536 0 10 0 32768 8683520 0 2684354560 128 16384 1024 0 0 1024 1078067200 144 1 43521 4 1540 150016 32768 140288 0 1 8388608 536870912 0 8192 2048 1048592 48 4100 2181 6 6 1 0 0 0 0 403177472 536870912 0 65536 0 8388616 0 528 67109384 5
is_linear=0
shrinkage=0.045


Tree=41
num_leaves=23
num_cat=18
split_feature=0 2 1 1 3 3 3 4 5 3 5 0 0 0 0 3 0 5 5 0 3 3
split_gain=16.6331 14.7271 10.3175 7.60738 5.85178 4.06163 3.4059 3.03806 3.32908 2.66788 2.4348 3.50091 2.4205 2.40685 2.18957 1.90477 1.64582 1.63288 1.44513 1.43954 1.375 1.31926
threshold=0 1 2 3 4 5 6 7 6.703185102203908 8 4.6200466650627661 9 10 11 12 13 14 3.9796379800581989 3.1132683346437333 15 16 17
decision_type=9 9 9 9 9 9 9 1 8 9 8 9 9 9 9 9 9 8 10 9 9 9
left_child=-1 2 9 5 10 18 -4 14 15 -2 11 21 -6 -7 -8 -9 -15 19 -3 -14 -16 -5
right_child=1 3 6 4 12 13 7 8 -10 -11 -12 -13 17 16 20 -17 -18 -19 -20 -21 -22 -23
leaf_value=528.42566974476335 -195.4469477374175 -126.16783318680413 -113.22923544034497 -133.9714131987981 22.727444359258698 62.069357488686563 74.524889693723082 -66.358198693390136 -228.35701447018118 -113.32985109389085 83.712251258964827 19.567841413646679 6.8861346073999687 22.868982317498837 -38.428480903826724 9.1373773569649632 -103.3488051528567 229.44051352185608 -26.513400815284552 175.4196184045621 17.627446516797178 -56.445465173694714
leaf_weight=3137 371 262 521 249 1500 1161 1139 238 133 351 1340 1240 788 673 1072 343 413 3821 1472 1213 1048 490
leaf_count=3137 371 262 521 249 1500 1161 1139 238 133 351 1340 1240 788 673 1072 343 413 3821 1472 1213 1048 490
internal_value=0.00105856 0.000575365 -0.00147532 0.0013075 0.00193509 -0.000370774 -0.000665113 -0.000211167 -0.00286592 -0.00642507 0.000363405 -0.000638314 0.00264576 0.000890438 0.000371205 -0.00138165 -0.000631147 0.00306376 -0.002 0.00202421 -0.000485459 -0.00306192
internal_weight=22975 19838 5216 14622 10641 3981 4494 3973 714 722 3319 1979 7322 2247 3259 581 1086 5822 1734 2001 2120 739
internal_count=22975 19838 5216 14622 10641 3981 4494 3973 714 722 3319 1979 7322 2247 3259 581 1086 5822 1734 2001 2120 739
cat_boundaries=0 13 14 16 18 20 22 24 25 27 41 55 66 79 81 94 108 110 112
cat_threshold=2097152 3349413888 67113089 528 3221323776 6144 0 0 36864 4194336 0 2148016224 2228224 3 1050906 66049 404491395 8705 117910054 308809 790947372 198904 33818628 264768 4 168166928 4164 262144 10260 0 0 134217728 1024 0 0 1024 8536072 0 18874368 2147487752 5 0 88080 0 0 25166400 321 0 0 2048 70304320 536870912 36869 9438464 18 16400 0 0 2129920 1048576 553648128 640 134324224 536870916 3 16777216 42008576 131072 3758096384 132 4 0 0 0 134217728 1073746192 160 5248 2085 2151677984 4236 16777225 0 0 0 540672 0 0 16384 0 0 404750336 0 67108864 0 8196 0 0 134217728 0 0 0 0 8918024 0 3146752 2147483648 1 223520258 70679 100804614 512
is_linear=0
shrinkage=0.045


Tree=42
num_leaves=23
num_cat=19
split_feature=0 2 1 0 2 5 3 0 3 3 5 3 4 0 0 2 0 0 5 3 3 1
split_gain=16.175 13.7941 9.48445 7.08478 6.31244 5.10908 4.15243 3.33534 3.1276 3.11352 2.62829 2.53491 2.45136 2.40006 2.39104 2.39011 2.12735 2.09223 2.01952 2.01248 1.91226 1.53851
threshold=0 1 2 3 4 3.6505739029280164 5 6 7 8 3.0677824455408698 9 10 11 12 13 14 15 5.1503930356556173 16 17 18
decision_type=9 9 9 9 9 10 9 9 9 9 10 9 1 9 9 9 9 9 10 9 9 9
left_child=-1 2 9 11 5 7 14 -5 13 -2 12 -3 -10 -4 18 -15 -12 -8 -7 21 -6 -9
right_child=1 3 8 4 20 6 17 19 10 -11 16 -13 -14 15 -16 -17 -18 -19 -20 -21 -22 -23
leaf_value=589.08416318041168 -189.81400036538827 22.104727345555343 -10.041537535667748 46.89824922042677 70.298634589794261 -57.211248381613814 20.131447016343579 -65.261364072227408 -24.582170776561785 -107.0503703947175 169.17004949522197 -50.024759259301668 -169.95756229109148 -73.297848806706327 50.848457513834816 -216.65106639789263 3.3066061545091219 179.64012568873068 49.887196651060734 -66.980208007177595 281.76079583291249 25.307804055675184
leaf_weight=2971 341 666 508 690 688 917 1291 152 462 385 436 1175 209 546 1361 145 2182 2794 425 1084 2921 626
leaf_count=2971 341 666 508 690 688 917 1291 152 462 385 436 1175 209 546 1361 145 2182 2794 425 1084 2921 626
internal_value=0.00105856 0.000596673 -0.0013915 0.00129814 0.00166966 0.00104897 0.00169529 -0.000666014 -0.000612 -0.00612195 0.000107695 -0.00130896 -0.00240045 -0.00256771 0.00031989 -0.00428236 0.00075229 0.00259763 -0.00102363 -0.00165208 0.00326719 0.000102532
internal_weight=22975 20004 5214 14790 12949 9340 6788 2552 4488 726 3289 1841 671 1199 2703 691 2618 4085 1342 1862 3609 778
internal_count=22975 20004 5214 14790 12949 9340 6788 2552 4488 726 3289 1841 671 1199 2703 691 2618 4085 1342 1862 3609 778
cat_boundaries=0 13 14 16 29 30 32 46 48 50 52 53 66 80 81 93 107 109 111 113
cat_threshold=2097152 3349413888 67113089 528 3221323776 7168 0 0 0 32 0 2148016224 2236416 3 1050906 521 4 83984 0 40960 1442304 50331649 0 268485632 12 512 1520435200 16777228 67108864 4 252160686 278113 294912 132096 536870912 1 16712 536870912 0 1207967744 32768 8519680 0 2321 40576 6 38012934 330325 33949200 4164 2161807558 20744 4 8388608 0 0 1 8519680 0 0 0 0 1073741832 4272 132 1 16777216 13312 0 0 134742016 536870912 0 73728 536870912 135168 16777216 1048592 2147487752 7 2 33619968 0 1610612736 128 4 0 0 0 0 272 131104 268436480 4112 12292 0 0 8912896 536871232 512 134283264 536907776 49155 67108864 3178497 1024 2 3230138502 518532 1124336132 49752 1069072 512
is_linear=0
shrinkage=0.045


Tree=43
num_leaves=23
num_cat=19
split_feature=0 2 1 0 2 5 0 3 3 3 0 3 1 5 3 0 3 5 3 3 2 0
split_gain=15.5983 12.3315 8.26802 6.95274 5.99094 5.73002 3.68459 2.96312 2.92498 2.89906 3.37149 2.69422 2.48023 2.18835 2.1634 2.03944 1.99926 2.19834 1.9241 1.85763 1.74563 1.64524
threshold=0 1 2 3 4 4.1510089048756029 5 6 7 8 9 10 11 3.1567740231385479 12 13 14 4.0342014792848504 15 16 17 18
decision_type=9 9 9 9 9 10 9 9 9 9 9 9 9 10 9 9 9 10 9 9 9 9
left_child=-1 2 16 11 5 9 7 -7 -4 12 -11 -3 -5 15 21 -10 -2 -18 -8 -6 -17 -15
right_child=1 3 8 4 19 6 18 -9 13 10 -12 -13 -14 14 -16 20 17 -19 -20 -21 -22 -23
leaf_value=597.33255802812334 20.359259506927874 17.00397336567163 39.745912058400201 -104.11437306613196 71.835179126916159 -52.839293213418493 61.102060921420268 29.785399453720082 23.504401039829872 81.498552119675523 -9.793215611273558 -52.056854078229527 9.7864969254606766 74.916258466487903 0.55292832437872319 -78.64332553773248 -195.88678787944627 -123.3793156228013 217.37536635564453 270.23976018334668 -257.81147223842032 -102.83800364684198
leaf_weight=2816 106 749 850 590 697 387 1061 1280 214 1217 2100 1084 444 117 2369 425 272 344 2411 2930 172 340
leaf_count=2816 106 749 850 590 697 387 1061 1280 214 1217 2100 1084 444 117 2369 425 272 344 2411 2930 172 340
internal_value=0.00106443 0.000624436 -0.00125924 0.00128125 0.00164418 0.00104662 0.00206487 0.00031358 -0.000533118 -0.000154032 0.000496095 -0.00130976 -0.00221989 -0.00108893 -0.000499646 -0.00314945 -0.00568937 -0.00669267 0.00289581 0.00319909 -0.00445566 -0.00329104
internal_weight=22975 20159 5209 14950 13117 9490 5139 1667 4487 4351 3317 1833 1034 3637 2826 811 722 616 3472 3627 597 457
internal_count=22975 20159 5209 14950 13117 9490 5139 1667 4487 4351 3317 1833 1034 3637 2826 811 722 616 3472 3627 597 457
cat_boundaries=0 13 14 16 29 30 44 46 48 50 64 66 68 70 83 85 87 89 90 103
cat_threshold=2097152 3349413888 67113089 592 3221323776 6144 0 0 0 0 0 2148016224 2236416 3 1050906 66049 4100 18448 0 8192 1441792 50331713 0 268469248 12 768 1518338048 16777228 67108864 4 16777225 13316 0 0 8913408 536870912 512 73728 536870912 168003 2097152 3178497 1024 2 50498084 272392 1686745088 163874 774318628 10816 32768 131072 536870912 5 402653504 1024 0 1073741824 1024 13271040 0 2449 36500 5 2358940102 29448 270057473 3597 33556518 3648 8421376 0 0 0 8388608 0 0 0 0 0 4224 4352 5 2155892776 8 33894190 414210 1124336132 49752 2 0 0 0 0 0 0 0 0 0 1073741832 4112 640 32
is_linear=0
shrinkage=0.045


Tree=44
num_leaves=23
num_cat=19
split_feature=0 2 1 5 0 0 3 3 0 3 3 0 3 0 4 0 1 5 3 5 3 2
split_gain=16.0342 11.1671 7.74116 6.57396 4.8269 4.79686 3.9887 3.85201 3.111 3.35825 2.95652 2.32389 2.29169 2.13549 1.99067 2.54398 1.91677 1.691 1.5805 1.55928 1.52605 1.47848
threshold=0 1 2 4.1510089048756029 3 4 5 6 7 8 9 10 11 12 13 14 15 6.9092530334720372 16 4.0689902272260703 17 18
decision_type=9 9 9 8 9 9 9 9 9 9 9 9 9 9 1 9 9 8 9 10 9 9
left_child=-1 2 12 5 -5 6 11 16 -6 -10 13 -3 19 -4 17 -16 18 -12 -7 -2 -18 -15
right_child=1 3 10 4 8 7 -8 -9 9 -11 14 -13 -14 21 15 -17 20 -19 -20 -21 -22 -23
leaf_value=533.91846671966016 -244.52559951850586 -46.00662410579325 -11.47444582785476 243.19328731597739 -27.588895590789356 -40.405034243549302 -6.1404202226370961 67.814279762759796 -5.900134846754157 84.866209437555071 -14.899862794912265 -160.557344600123 -104.61018228319503 -119.29690595858244 107.37761886306728 -4.621777942743865 -117.30875150580781 -193.12419617533578 103.32150040692525 -123.72009864207949 -18.195378216572404 -234.27703136752066
leaf_weight=3106 92 259 417 2816 486 329 1372 2739 1262 3724 333 282 408 437 712 2446 348 91 475 148 578 115
leaf_count=3106 92 259 417 2816 486 329 1372 2739 1262 3724 333 282 408 437 712 2446 348 91 475 148 578 115
internal_value=0.00107814 0.000606383 -0.00118394 0.00124132 0.00207793 0.000156485 -0.00172286 0.000963066 0.00128993 0.00162605 -0.000521696 -0.0049557 -0.00574091 -0.00271101 7.76295e-05 0.000467089 -0.000697474 -0.00280986 0.000904412 -0.00928571 -0.00208209 -0.00453191
internal_weight=22975 19869 5199 14670 8288 6382 1913 4469 5472 4986 4551 541 648 969 3582 3158 1730 424 804 240 926 552
internal_count=22975 19869 5199 14670 8288 6382 1913 4469 5472 4986 4551 541 648 969 3582 3158 1730 424 804 240 926 552
cat_boundaries=0 13 14 16 29 43 45 47 60 62 64 77 79 92 93 106 108 110 112 113
cat_threshold=2097152 3349413888 67113089 532 3221323776 6144 128 0 0 0 0 2148016224 2236928 3 2328 513 33849360 131076 0 2097152 256 1024 0 0 33792 15207424 67174400 3328 51356 262144 18432 0 2129920 135790592 0 0 134340608 536870916 2113792 1604321280 2097156 68157440 18 168044082 197216 1864832132 65112 0 65536 0 8192 1049152 16777217 0 268435456 4 320 1375731712 16777229 8388608 50735656 215624 33818628 330325 0 0 0 0 1572864 0 0 73728 536870912 16384 67108864 2097152 67108864 33949200 4096 0 0 0 0 8519680 0 0 8192 0 1073741832 4144 640 1 1 33619968 0 3758096384 128 4 0 0 0 134217728 1073742080 131112 5252 2080 1610634596 3329 33620996 27216 654446720 5120 2
is_linear=0
shrinkage=0.045


Tree=45
num_leaves=23
num_cat=21
split_feature=0 2 0 5 0 3 0 0 0 3 3 2 3 0 1 3 3 3 0 0 3 0
split_gain=15.5704 11.2689 10.3583 6.68874 4.99814 3.60305 4.77963 4.06258 3.46394 3.36476 3.04711 2.848 2.24223 1.89178 1.80027 1.69944 1.66276 1.64193 1.71111 1.60651 1.52177 1.49743
threshold=0 1 2 4.1510089048756029 3 4 5 6 7 8 9 10 11 12 13 14 15 16 17 18 19 20
decision_type=9 9 9 10 9 9 9 9 9 9 9 9 9 9 9 9 9 9 9 9 9 9
left_child=-1 2 9 5 12 7 15 -4 20 -2 21 -9 -5 -11 -8 -7 -15 18 -10 -13 -3 -6
right_child=1 8 3 4 10 6 14 11 17 13 -12 19 -14 16 -16 -17 -18 -19 -20 -21 -22 -23
leaf_value=550.31436138399181 -1.4616151770063432 -103.05474532861821 23.107085618680614 47.34960203206824 -10.796226892369104 -88.164238845659924 71.32992274806972 -190.97829354564769 -26.691314392179482 -174.5198983866662 152.6713508223549 -97.224307379099898 -12.839883260338796 -21.209619477664102 -9.8113800832157398 -2.3122015670414666 -100.0174940017542 272.39516626028654 169.23570291749752 -29.619977436273242 32.586950740678787 79.461329905829999
leaf_weight=2799 388 133 806 633 896 626 1939 261 232 354 2984 662 2126 247 694 475 235 2716 441 1657 599 1072
leaf_count=2799 388 133 806 633 896 626 1939 261 232 354 2984 662 2126 247 694 475 235 2716 441 1657 599 1072
internal_value=0.00105464 0.000616555 7.70214e-05 0.000406555 0.00132497 -0.000587616 0.000377203 -0.00164744 0.00271219 -0.00388107 0.00217748 -0.00251736 -0.000212739 -0.00548703 0.0014172 -0.00209838 -0.00344332 0.00331976 0.00126788 -0.00199035 -0.000108871 0.000790909
internal_weight=22975 20176 16055 14831 7711 7120 3734 3386 4121 1224 4952 2580 2759 836 2633 1101 482 3389 673 2319 732 1968
internal_count=22975 20176 16055 14831 7711 7120 3734 3386 4121 1224 4952 2580 2759 836 2633 1101 482 3389 673 2319 732 1968
cat_boundaries=0 13 14 27 40 42 56 70 84 86 88 89 91 104 106 108 110 112 125 139 141 155
cat_threshold=2097152 3349413888 603984001 532 3221323776 6144 0 0 0 0 0 2148016224 2228224 71 1073741888 65540 0 0 320 64 0 268451840 140 1346 312475648 270565376 8912896 8392704 13312 0 8192 9568256 587202561 0 73728 536870912 184320 4240 1049221 1049601 779488798 310856 33554440 12288 0 0 1572868 0 0 134291456 536870912 68161536 754978816 1048581 1066248 19 41975808 140288 0 1 9437188 0 0 1073815552 2048 1085456 4144 4116 6273 6 0 18448 0 0 16777216 536870912 0 73728 536870916 4194312 1593835520 16777216 0 4 2706919530 4128 184880810 465507 1 4037611840 518 1073741824 0 0 0 0 0 0 268435456 0 0 41943040 268468224 524288 1611186276 68664 16863296 213124 33808 82052 1661080068 49240 0 9252 0 0 0 0 0 0 0 1026 0 32784 2048 262144 0 0 0 134217736 1024 0 0 0 6291456 150994944 256 2214601736 1 16794624 2080 0 0 0 0 403177472 0 0 0 32768 8 16908288 1296 2147487752 6
is_linear=0
shrinkage=0.045


Tree=46
num_leaves=23
num_cat=18
split_feature=0 2 1 1 3 0 3 3 0 5 3 3 5 3 0 5 3 0 0 5 0 4
split_gain=14.7883 10.2303 7.00503 6.76859 6.04491 3.89734 3.18124 2.91333 2.19685 2.05769 2.36076 2.05076 1.89268 1.87439 1.84841 1.83548 1.80626 1.77193 1.76059 1.64584 1.40647 1.31097
threshold=0 1 2 3 4 5 6 7 8 3.3140206880897671 9 10 4.1510089048756029 11 12 3.9415346756528771 13 14 15 3.8815106545092593 16 17
decision_type=9 9 9 9 9 9 9 9 9 10 9 9 10 9 9 8 9 9 9 8 9 1
left_child=-1 3 6 11 5 16 14 20 -6 10 -9 -2 -8 -11 -3 17 -4 -7 -15 -10 -5 -12
right_child=1 2 4 7 8 15 12 9 19 13 21 -13 -14 18 -16 -17 -18 -19 -20 -21 -22 -23
leaf_value=526.25827486654828 -157.64058495567377 -3.4011628921244568 -51.39734163970661 -9.6876396323790228 264.00269855255283 -109.98434390239977 -11.197876221645544 2.9287729130234919 13.006094424479983 -58.086847558549387 -85.16546455859168 -90.094062024655983 62.411498252928169 62.011067949739648 -78.800925678798322 84.269213910011644 -16.709553918861349 29.872860075078691 -17.885695057284433 109.82816871103236 60.407855548869748 -233.14041556336974
leaf_weight=2775 337 963 109 372 2755 345 1089 352 1155 442 372 329 1196 700 953 2217 1200 684 1394 2329 723 184
leaf_count=2775 337 963 109 372 2755 345 1089 352 1155 442 372 329 1196 700 953 2217 1200 684 1394 2329 723 184
internal_value=0.00106835 0.00064343 0.00123992 -0.00107389 0.00184647 0.000596125 -0.000319368 -0.000445946 0.00275644 -0.00108854 -0.00292747 -0.00526991 0.000813017 -0.000432624 -0.00166649 0.00143094 -0.00146821 -0.000135305 0.000136752 0.00198741 0.00156504 -0.00470599
internal_weight=22975 20200 14995 5205 10794 4555 4201 4539 6239 3444 908 666 2285 2536 1916 3246 1309 1029 2094 3484 1095 556
internal_count=22975 20200 14995 5205 10794 4555 4201 4539 6239 3444 908 666 2285 2536 1916 3246 1309 1029 2094 3484 1095 556
cat_boundaries=0 13 14 16 18 20 34 36 38 52 54 56 58 69 70 84 97 110 111
cat_threshold=2097152 3349413888 67113089 2147483668 3221323776 6144 0 0 0 0 0 2148016224 2228352 3 404495491 8705 2330 513 117943846 327241 262144 68692 0 0 16777736 1028 0 0 0 12734728 0 16809988 2147483648 4 797188652 461052 1753853960 163874 33849344 197732 0 0 16777480 1028 0 0 1024 4197376 0 2448 43548 4 39863334 65728 168166928 20500 35651622 67648 16777240 0 0 2105344 8929280 0 384 134283264 536870912 2 1075838976 101056512 0 0 0 0 134217728 0 0 0 1024 33792 0 2097168 8220 1 33619968 131072 1073741824 0 131076 0 0 0 0 24 131104 33792 24 0 0 0 0 8388608 0 0 0 0 0 0 268438272 24 4
is_linear=0
shrinkage=0.045


Tree=47
num_leaves=23
num_cat=19
split_feature=0 2 0 5 0 3 0 3 3 0 3 0 3 3 3 2 5 0 1 0 3 5
split_gain=14.7032 10.4806 9.60426 5.68756 4.72084 3.77807 3.67832 3.69883 3.54561 3.18878 2.69983 2.64097 2.52219 1.83479 1.82524 1.73292 1.68748 1.93725 1.64387 1.52378 1.46439 1.37073
threshold=0 1 2 4.1510089048756029 3 4 5 6 7 8 9 10 11 12 13 14 3.3497501700808394 15 16 17 18 6.0124911652234827
decision_type=9 9 9 10 9 9 9 9 9 9 9 9 9 9 9 9 10 9 9 9 9 10
left_child=-1 2 5 6 13 -2 12 11 21 -3 -11 -8 -4 -5 -13 -14 17 -16 -9 -10 -20 -6
right_child=1 9 3 4 8 -7 7 18 19 10 -12 14 15 -15 16 -17 -18 -19 20 -21 -22 -23
leaf_value=504.55333253537395 2.3988166439503891 306.3772251062943 -10.84839845895206 53.462027791256183 -15.31025272057669 -163.50921013262197 21.401661311230619 55.211758981298409 100.28886953537111 -8.6950689143935538 142.083367544514 -158.67394126018132 -54.792154109706814 251.7184490305448 -150.85472503339113 -161.03755474952109 -8.5044593061001663 -65.063281926548953 -53.507864042401764 22.308496505673055 29.280984713806276 55.563166986986687
leaf_weight=2736 319 1886 943 647 2289 742 584 2199 1061 808 1437 138 508 1452 105 271 871 667 522 1939 440 411
leaf_count=2736 319 1886 943 647 2289 742 584 2199 1061 808 1437 138 508 1452 105 271 871 667 522 1939 440 411
internal_value=0.00103114 0.000610859 9.15634e-05 0.000384587 0.00122811 -0.0040219 -0.000522621 4.5504e-05 0.000551471 0.00262962 0.00146544 -0.0012968 -0.00233045 0.00304619 -0.00215588 -0.00421555 -0.00170483 -0.00324419 0.0010509 0.00161355 -0.000498973 -0.000630531
internal_weight=22975 20239 16108 15047 7799 1061 7248 5526 5700 4131 2245 2365 1722 2099 1781 779 1643 772 3161 3000 962 2700
internal_count=22975 20239 16108 15047 7799 1061 7248 5526 5700 4131 2245 2365 1722 2099 1781 779 1643 772 3161 3000 962 2700
cat_boundaries=0 13 14 27 41 43 57 59 61 74 76 90 92 94 95 96 108 110 124 126
cat_threshold=2097152 3349413888 67113089 2147483664 3221323776 6144 0 0 0 0 0 2148016224 2228352 71 1077936128 65540 0 0 1048576 64 0 268436480 140 1026 312475648 270565376 8912896 33914896 0 536870912 2097152 134217732 1024 128 0 1024 7864336 604045344 7168 59922 1 2711097442 143392 2147483672 4096 0 0 524556 0 128 49152 536870912 67109633 218234888 1050628 1065736 2 776374804 309832 184954540 357097 33849344 69636 0 512 142606592 64 0 0 99328 2104320 0 1049872 59932 50841088 215416 41975808 139264 0 1 8388608 0 0 1073815552 1024 1216528 4144 4096 1024 4 3769159894 303308 38110250 137744 33818624 4 0 0 0 0 134348800 1024 0 0 0 0 0 640 1610662116 68664 2147483656 1024 0 0 268435712 0 0 0 4096 4105 16781440 272 2147483660 4 25169992 213156
is_linear=0
shrinkage=0.045


Tree=48
num_leaves=23
num_cat=19
split_feature=0 2 1 0 3 3 2 5 3 0 3 5 0 0 3 0 2 0 5 0 4 3
split_gain=13.9829 9.66323 6.62999 5.08181 4.5577 4.21045 3.40249 3.15809 3.05855 2.74488 2.5911 2.06918 2.01889 1.80193 1.68491 1.56397 1.76003 1.5474 1.45937 1.82688 1.44756 1.39755
threshold=0 1 2 3 4 5 6 5.0336952619030333 7 8 9 4.1190041246092024 10 11 12 13 14 15 3.8393944990995772 16 17 18
decision_type=9 9 9 9 9 9 9 10 9 9 9 10 9 9 9 9 9 9 8 9 1 9
left_child=-1 3 4 8 18 13 7 17 -2 -7 15 -11 21 -4 -15 -5 -17 20 19 -3 -6 -12
right_child=1 2 5 10 6 9 -8 -9 -10 11 12 -13 -14 14 -16 16 -18 -19 -20 -21 -22 -23
leaf_value=481.84843260457035 33.783670435160538 -2.564498618155735 0.41427143364632452 3.3014540851899152 -10.854761942861009 66.391345468139718 251.76249648115521 164.09178613128333 -129.19011539973778 -22.808868826853434 1.0436416230029151 47.339176825081566 -7.6398308904200602 -153.13210626272772 -18.49138282082523 -45.500723256593922 -185.66668239803843 3.3880993101844759 225.18616306725744 155.2323251911991 -75.549732785183721 152.19858333359005
leaf_weight=2746 109 596 1402 301 291 1574 777 543 696 1313 480 1433 2449 228 1316 430 204 847 3425 782 494 539
leaf_count=2746 109 596 1402 301 291 1574 777 543 696 1313 480 1433 2449 228 1316 430 204 847 3425 782 494 539
internal_value=0.00101743 0.000606714 0.00118569 -0.00106207 0.00210023 0.00020775 0.000701417 -0.000216049 -0.00432375 0.00110111 -0.000455606 0.000238216 0.000113793 -0.00110142 -0.00215745 -0.00254224 -0.00380341 -0.00120624 0.00295607 0.00172174 -0.00262547 0.00178516
internal_weight=22975 20229 15021 5208 7755 7266 2952 2175 805 4320 4403 2746 3468 2946 1544 935 634 1632 4803 1378 785 1019
internal_count=22975 20229 15021 5208 7755 7266 2952 2175 805 4320 4403 2746 3468 2946 1544 935 634 1632 4803 1378 785 1019
cat_boundaries=0 13 14 16 29 31 33 34 36 50 52 65 79 81 94 95 108 121 122 124
cat_threshold=2097152 3349413888 67113089 2147483728 3221323776 6144 0 0 0 0 65536 2148016224 2228224 3 1610662244 3084 1077968896 4096 0 0 134217984 0 0 0 536870912 8404992 218103808 268470272 1049600 4187509080 213438 797323816 347384 4 2686189608 32 16777240 13412 0 0 16777216 587202560 128 134234112 0 67 553648128 1 0 5 2182350852 264773 8454144 0 3221225472 128 4 0 0 0 134217728 1073742096 131240 5120 33 16781329 36 0 2105344 25165824 0 256 402759680 536870912 10 1073741824 1 2147483648 23 587333632 64 0 131072 0 0 8388608 0 0 8192 0 8 4144 128 16 2 262144 0 0 0 134217736 1088 0 0 0 13243392 0 1048852 32776 0 0 0 0 134217728 0 0 0 3072 16274688 0 3146756 4104 2 4343418 16392
is_linear=0
shrinkage=0.045


Tree=49
num_leaves=23
num_cat=20
split_feature=0 0 2 5 0 0 3 3 3 2 3 3 0 3 4 0 0 0 5 0 0 2
split_gain=14.2132 9.0958 8.39953 5.2493 4.73754 4.03891 3.47889 2.97138 2.85109 3.07166 2.58977 2.45601 2.44921 2.63115 1.98641 1.86051 1.84179 1.70591 1.58153 1.41551 1.35725 1.20014
threshold=0 1 2 4.0342014792848504 3 4 5 6 7 8 9 10 11 12 13 14 15 16 5.7284737652803868 17 18 19
decision_type=9 9 9 10 9 9 9 9 9 9 9 9 9 9 1 9 9 9 10 9 9 9
left_child=-1 8 3 5 10 7 19 -3 -2 -10 -5 15 -4 -14 -8 -7 18 -13 -16 -6 -11 -17
right_child=1 2 12 4 6 11 14 -9 9 20 -12 17 13 -15 16 21 -18 -19 -20 -21 -22 -23
leaf_value=462.90387943550155 -0.26512199280419929 -9.1379518213339139 317.00858897716006 -27.739101551043998 67.372124206822065 19.052811156373281 -86.356108198931963 -111.21606208103734 -159.37717615381425 13.926595227500719 21.505724911424291 -38.527746422879751 -15.522936644911155 156.64540881443583 -10.996931903721608 -30.632195690505284 86.369866112488779 42.358438843000499 116.41861663012541 200.33770609285497 -90.427348426825418 -146.04132670753347
leaf_weight=2816 630 666 1636 1368 1026 655 72 827 323 246 1257 317 505 1600 1281 1641 1154 2076 258 1905 498 218
leaf_count=2816 630 666 1636 1368 1026 655 72 827 323 246 1257 317 505 1600 1281 1641 1154 2076 258 1905 498 218
internal_value=0.000999804 0.000579818 0.000870088 0.000385156 0.00113054 -0.000583411 0.00185739 -0.00262226 -0.00256202 -0.00397451 -0.000452218 4.29967e-05 0.00277098 0.0017324 0.000704898 -0.000937054 0.000906679 0.00107214 -0.000118955 0.00293731 -0.00229762 -0.00166195
internal_weight=22975 20159 18462 14721 8321 6400 5696 1493 1697 1067 2625 4907 3741 2105 2765 2514 2693 2393 1539 2931 744 1859
internal_count=22975 20159 18462 14721 8321 6400 5696 1493 1697 1067 2625 4907 3741 2105 2765 2514 2693 2393 1539 2931 744 1859
cat_boundaries=0 13 26 27 41 55 57 59 61 62 64 66 79 81 82 96 110 124 137 150 151
cat_threshold=2359296 3349413888 67113089 2147483664 3221323776 6144 0 0 0 0 0 2148016224 2228352 1077936196 83968 0 268435456 394048 1 0 1342194688 12 768 312475648 285212680 9961472 7 4097 13316 0 8192 8404992 587202560 0 8192 536870912 152641 1073745936 3178885 1 2 2181038088 4100 0 0 1572868 0 128 0 536870912 69206018 218234888 3178496 17674 1 4053287004 58764 2689241286 41164 3771781226 135328 3 256041516 422568 709234326 310984 33587200 4096 0 512 142606336 64 0 0 99328 2103296 0 1180944 59932 587597324 279128 1 0 139264 536870912 1 8388608 536870912 0 73728 34816 1183760 48 4 37381 20 16 0 0 0 403177472 68 0 65536 32768 8388616 16777344 3600 2214597128 5 0 8192 0 1 0 0 0 73728 2048 1052688 536875008 4 0 2 0 0 0 2097156 268959744 256 0 134283264 4096 1082163208 150994944 2048 2214593540 4194304 2048 0 0 131328 0 0 17408 0 0 2097152 0 1048576 6
is_linear=0
shrinkage=0.045


Tree=50
num_leaves=23
num_cat=19
split_feature=0 0 2 4 3 0 3 0 5 0 0 5 0 3 3 0 3 0 3 5 3 0
split_gain=13.5074 8.65858 7.96757 5.15615 5.09085 4.76608 3.37008 3.09693 2.76832 2.4774 2.4116 2.18048 3.04849 2.17445 2.16008 2.0947 2.66327 1.99608 1.56494 1.52738 1.47778 1.35534
threshold=0 1 2 3 4 5 6 7 4.5798392285869785 8 9 3.4498615536424366 10 11 12 13 14 15 16 6.0124911652234827 17 18
decision_type=9 9 9 1 9 9 9 9 10 9 9 8 9 9 9 9 9 9 9 10 9 9
left_child=-1 6 3 14 7 -6 -2 -5 17 19 -4 21 -13 -12 -3 18 -17 -9 -8 -10 -14 -7
right_child=1 2 10 4 5 11 15 8 9 -11 13 12 20 -15 -16 16 -18 -19 -20 -21 -22 -23
leaf_value=437.78775147896533 -148.64744431803433 -144.38480233077053 308.42694958205084 41.458004336491591 203.96856105308046 -62.521489276151414 -32.14816710223576 -4.102772652139425 -36.425636128110341 56.75844599453891 -13.987582837074717 93.24974264788591 -11.847329633153164 167.50500301083375 -34.093903371756674 -159.89813110401846 -14.650110989555429 -72.535472328892752 31.303310749663108 36.644436038492749 39.056968856056933 -3.8558246467508348
leaf_weight=2718 213 108 1661 1260 1852 267 208 1307 476 1300 509 2008 1572 1495 527 290 445 1860 722 218 1061 898
leaf_count=2718 213 108 1661 1260 1852 267 208 1307 476 1300 509 2008 1572 1495 527 290 445 1860 722 218 1061 898
internal_value=0.000964552 0.000563249 0.000861046 0.000392367 0.000571728 0.00135411 -0.0023381 -0.00036305 -0.000851633 0.00045992 0.00273525 0.000716226 0.00115432 0.00166071 -0.0035675 -0.00162343 -0.00340361 -0.00167987 -0.000191083 -0.00169547 0.00014121 -0.00102185
internal_weight=22975 20257 18379 14714 14079 7658 1878 6421 5161 1994 3665 5806 4641 2004 635 1665 735 3167 930 694 2633 1165
internal_count=22975 20257 18379 14714 14079 7658 1878 6421 5161 1994 3665 5806 4641 2004 635 1665 735 3167 930 694 2633 1165
cat_boundaries=0 13 26 27 28 30 44 46 59 72 85 99 101 103 116 118 132 134 136 150
cat_threshold=2097152 3349413888 67113089 2147483664 3221323776 6144 0 0 0 32 0 2148016224 2228224 1077936196 83968 0 268435456 393536 1 0 1342194688 12 512 379584512 285245448 9961472 7 1 257363630 334433 2156167168 0 1610612736 132 268451844 16778244 512 0 1024 1078460416 144 5120 43696 4 33619972 338448 42057729 131072 1073741824 2097153 16392 0 0 106560 134224896 1064976 32 128 23173 0 8192 0 0 276824064 536870912 0 0 536870912 4096 135296 788 67108864 33849344 4096 0 512 142606336 64 0 0 99328 2103296 0 1180944 59932 33554440 139264 0 1 134217728 536871168 0 134225920 2048 3182856 65536 2448 2147505422 1 587662860 279128 512 278540 0 67584 0 268435456 131392 0 0 1073758208 4 0 69206016 16809992 9437184 134349328 196 16 9216 536870912 0 8388608 536870912 0 0 0 8425480 536875152 1813 67108896 2 29786144 16384 8450064 140442 0 8192 0 0 0 0 0 8192 2048 4104 16777216 1049088 8 17
is_linear=0
shrinkage=0.045


Tree=51
num_leaves=23
num_cat=20
split_feature=0 2 1 3 1 3 0 3 0 0 0 3 0 5 3 0 0 2 5 0 4 3
split_gain=13.1493 7.96931 6.47609 5.08943 4.40446 2.95792 2.70875 2.26608 2.35375 2.00504 1.96 1.87253 1.8361 1.44007 1.42275 1.65116 1.39511 1.26175 1.30081 1.22691 1.30345 1.6083
threshold=0 1 2 3 4 5 6 7 8 9 10 11 12 4.1510089048756029 13 14 15 16 2.9700856263602158 17 18 19
decision_type=9 9 9 9 9 9 9 9 9 9 9 9 9 10 9 9 9 9 8 9 1 9
left_child=-1 4 5 9 11 17 -5 8 -6 -4 -8 -2 -9 -12 15 -11 -7 -3 -19 20 21 -16
right_child=1 2 3 6 7 16 10 12 -10 14 13 -13 -14 -15 19 -17 -18 18 -20 -21 -22 -23
leaf_value=431.32074245288811 -129.98631925138235 252.76215660009495 16.79084425373258 -83.147678616488733 -2.7396978517586068 52.760975875953633 77.900090299083232 68.32194225981479 -85.225538262236995 14.503311864598485 -2.8804080356566049 -71.50885667182591 -5.2428455922357502 53.46900836640998 -121.46574346187266 -127.85250070569822 216.00507492305329 -204.18611182813189 -22.543782670122475 -29.386926047055173 17.593288276858068 9.9940193303482285
leaf_weight=2718 288 246 1362 218 1503 757 2150 713 1074 100 1649 378 1264 1676 123 262 3802 59 555 1272 562 244
leaf_count=2718 288 246 1362 218 1503 757 2150 713 1074 100 1649 378 1264 1676 123 262 3802 59 555 1272 562 244
internal_value=0.000954759 0.000558809 0.00108456 0.000382243 -0.000954702 0.00232747 0.00124075 -0.000449408 -0.00132619 -0.000862967 0.00143931 -0.00434071 0.00069457 0.000748427 -0.00160252 -0.00418717 0.00278506 -0.000103211 -0.00119329 -0.00115703 9.08609e-05 -0.0019878
internal_weight=22975 20257 15037 9618 5220 5419 5693 4554 2577 3925 5475 666 1977 3325 2563 362 4559 860 614 2201 929 367
internal_count=22975 20257 15037 9618 5220 5419 5693 4554 2577 3925 5475 666 1977 3325 2563 362 4559 860 614 2201 929 367
cat_boundaries=0 13 14 16 18 20 22 33 35 48 62 76 78 91 93 104 117 118 131 132 134
cat_threshold=2097152 3349413888 67113089 2147483664 2147581952 6144 0 0 0 0 0 2148016224 2228352 3 1610645860 3200 788935208 511736 2330 513 36121092 270912 4096 0 0 8192 0 0 0 268469248 0 2048 1115684864 2182483574 351829 65536 131072 3758096384 129 8388608 33554432 0 8192 0 4376 48 5636 13 16401 48 0 8192 143130624 68 256 402686016 0 7867464 1677721600 1 0 23 16777216 5220 0 0 402653184 587202853 0 134234112 0 23614467 0 0 0 21 33949200 4100 41975808 0 1610612736 128 0 0 0 0 0 1073741824 4272 1152 2081 50462728 1088 0 0 0 0 0 0 0 65536 536870912 8388608 150994944 4194304 0 0 0 576 0 0 0 2048 0 65536 19959820 9437440 48 4096 13376 0 0 0 553648384 0 8192 0 4354 2097152 0 2214592512 2 4608 16904
is_linear=0
shrinkage=0.045


Tree=52
num_leaves=23
num_cat=19
split_feature=0 2 0 5 3 1 0 0 3 0 3 4 2 3 0 5 0 0 3 0 3 5
split_gain=12.9795 8.22704 7.84765 4.09869 3.92645 4.30505 3.53443 3.5291 3.30489 2.92233 2.58898 2.56453 1.92919 1.92677 1.89854 1.76315 1.90373 1.75178 1.84551 1.67358 1.34882 1.27729
threshold=0 1 2 5.1503930356556173 3 4 5 6 7 8 9 10 11 12 13 3.4498615536424366 14 15 16 17 18 3.4498615536424366
decision_type=9 9 9 10 9 9 9 9 9 9 9 1 9 9 9 8 9 9 9 9 9 10
left_child=-1 2 8 4 7 11 -3 -4 21 -5 -8 20 -12 -11 -9 16 -13 -7 19 -19 -6 -2
right_child=1 6 3 9 5 17 10 14 -10 13 12 15 -14 -15 -16 -17 -18 18 -20 -21 -22 -23
leaf_value=412.1768111025616 -214.96943036386386 244.34387587852609 -73.496378115997743 195.79978411706159 -47.692747490855616 7.3595789051609692 159.28268154529195 70.086779578768997 -16.530625224868025 -13.86361920319278 -20.128273144005711 -41.655268760151678 657.69438852887799 46.535910726341818 -11.730209640427212 89.520590334248382 46.817895757995764 -4.526738296963793 -6.7729748403736831 -113.92316472331804 1.5933045207754661 -87.539778960726096
leaf_weight=2782 157 1862 1208 1306 117 959 1277 316 939 606 795 461 175 1297 2719 3182 634 292 922 424 182 363
leaf_count=2782 157 1862 1208 1306 117 959 1277 316 939 606 795 461 175 1297 2719 3182 634 292 922 424 182 363
internal_value=0.000929299 0.000530735 7.10116e-05 0.000385837 -1.33997e-05 0.000628184 0.0023248 -0.00109671 -0.0030622 0.00180645 0.00110956 0.0014575 -0.000641548 0.000665013 -0.000273219 0.00174258 0.000184595 -0.000833078 -0.00172364 -0.00342445 -0.00255648 -0.00592105
internal_weight=22975 20193 16084 14625 11416 7173 4109 4243 1459 3209 2247 4576 970 1903 3035 4277 1095 2597 1638 716 299 520
internal_count=22975 20193 16084 14625 11416 7173 4109 4243 1459 3209 2247 4576 970 1903 3035 4277 1095 2597 1638 716 299 520
cat_boundaries=0 13 14 27 29 31 44 58 60 74 76 77 78 80 92 105 119 121 134 136
cat_threshold=2097152 3349413888 67113089 528 2147581952 6144 0 0 0 0 0 2148016224 2236416 71 1077936192 65540 0 268435456 1049352 1 256 268435456 12 67109634 1386217472 270565376 8914176 236326434 376400 1744879980 3198 33849344 70656 0 0 142606592 64 0 0 99328 2102272 0 1049872 51740 2147745808 0 0 0 411041792 0 0 16384 536870912 1074266112 134217728 1049092 2147516458 7 33768964 84548 33849344 8192 0 2147483648 403177472 1028 0 8192 0 6815744 67108864 1049600 2214642188 5 2832863704 78212 1 16 189046828 215081 16384 139264 0 2097153 0 0 0 1073742848 0 3145744 160 4096 2147483648 0 0 0 134217728 1024 0 0 2048 1576968 0 1050880 540 16793621 0 0 32768 147460 587202560 128 16384 536870912 0 671154176 0 67108864 5 564138008 16552 8 0 0 0 8388608 0 0 65536 0 0 16777216 1 2147483648 2147483648 16520
is_linear=0
shrinkage=0.045


Tree=53
num_leaves=23
num_cat=21
split_feature=0 0 2 5 0 3 2 0 0 3 3 3 0 0 3 0 3 0 0 0 3 3
split_gain=13.1057 7.38345 6.59109 4.14427 4.58326 3.06291 3.20131 2.86033 2.75839 2.58636 2.52218 2.40978 2.39376 2.12235 2.07209 1.79162 1.7746 1.28007 1.18074 1.1629 1.33118 1.1479
threshold=0 1 2 4.166635176627655 3 4 5 6 7 8 9 10 11 12 13 14 15 16 17 18 19 20
decision_type=9 9 9 10 9 9 9 9 9 9 9 9 9 9 9 9 9 9 9 9 9 9
left_child=-1 5 3 8 -5 -2 -7 -4 16 13 -9 15 21 -10 -14 -6 -3 -13 -16 -8 -21 -11
right_child=1 2 7 4 11 6 19 10 9 12 -12 17 14 -15 18 -17 -18 -19 -20 20 -22 -23
leaf_value=394.23761004464444 -0.90017391142656933 -18.577419823205815 392.81672974059336 174.59589585573497 -22.152358164626285 -170.87830740012507 -113.05915756064825 -24.397055841288289 -33.370971106276983 36.577141124426724 128.15943901340597 2.2629041588601901 -117.59104119669379 19.747627230088327 1.5013934380702532 8.2498941384250504 69.60304558692026 72.339931603228678 -84.35386939624911 50.107916349728136 -28.621206701827454 -24.321022062890236
leaf_weight=2770 833 399 1447 1647 1121 305 216 271 501 359 1947 1243 664 1900 521 1460 872 2116 752 219 319 1093
leaf_count=2770 833 399 1447 1647 1121 305 216 271 501 359 1947 1243 664 1900 521 1460 872 2116 752 219 319 1093
internal_value=0.000921465 0.000521962 0.000798827 0.000370805 0.00110113 -0.00214601 -0.0037437 0.00250272 -0.000413493 -0.000829886 0.00146906 0.000514113 -0.00162879 0.000300249 -0.00266213 -0.000518897 0.00147662 0.00130688 -0.00156537 -0.00209138 -0.000916363 -0.000239754
internal_weight=22975 20205 18313 14648 7587 1892 1059 3665 7061 5790 2218 5940 3389 2401 1937 2581 1271 3359 1273 754 538 1452
internal_count=22975 20205 18313 14648 7587 1892 1059 3665 7061 5790 2218 5940 3389 2401 1937 2581 1271 3359 1273 754 538 1452
cat_boundaries=0 13 26 27 41 43 44 58 72 74 76 78 92 106 108 122 124 137 151 162 164 166
cat_threshold=2097152 3349413888 335548545 2147483664 2147581952 6144 0 0 524288 16777216 0 2148147296 2228352 1077936196 83968 0 268435456 262408 16777217 0 1342177280 12 256 379584512 285245448 1574144 7 33914896 0 536870912 2097152 516 1024 128 1024 1024 7864336 536936480 6144 59924 1 3898101994 143528 3 33849344 0 0 512 142606336 64 0 0 99328 2101248 0 1049872 59932 1 8437761 131072 3758096384 133 268451904 536870912 0 32768 33792 1196032 176 4241 6145 4 3515466176 164204 50724864 278616 184986542 479337 65536 9216 0 2138112 1572864 0 0 73728 2048 36888 536875008 1050372 2147483684 16 8 8196 0 2097152 1572864 0 0 8192 2048 67108864 553648128 1048836 4 3 103951916 1552 0 13312 0 0 9043968 536870912 0 0 536903680 135176 135168 768 2147483648 4 2183250002 307776 4096 5124 0 8192 9437184 324 0 90112 0 1082277888 134221968 3146372 1 0 4096 0 0 0 1024 0 0 536870912 8388608 16777216 2048 75538448 1 0 65536 0 0 0 16777216 0 268435456 4 0 109051904 1044 65540 70263336 16913
is_linear=0
shrinkage=0.045


Tree=54
num_leaves=23
num_cat=19
split_feature=0 2 0 4 0 0 5 3 3 3 3 2 0 3 3 3 1 3 5 5 0 0
split_gain=12.8929 7.21096 6.64457 3.89697 4.35311 3.61622 2.97202 2.73659 2.59594 2.47494 2.45298 2.34568 2.31854 2.22149 2.11317 1.73952 1.65843 1.58469 1.58357 1.48474 1.41591 1.15625
threshold=0 1 2 3 4 5 5.1619206365690227 6 7 8 9 10 11 12 13 14 15 16 5.0336952619030333 6.0124911652234827 17 18
decision_type=9 9 9 1 9 9 10 9 9 9 9 9 9 9 9 9 9 9 10 10 9 9
left_child=-1 2 7 13 10 -3 8 -2 16 -7 18 -8 14 -4 -10 -9 -6 -13 -5 -19 -11 -17
right_child=1 5 3 4 6 9 11 15 12 20 -12 17 -14 -15 -16 21 -18 19 -20 -21 -22 -23
leaf_value=377.47816782295956 -126.26625389064012 263.30567838830024 -202.60661039826329 -23.973547822592327 88.731619462792281 169.40970063553931 84.984693177056386 4.5783330210038509 -42.247175878292538 -40.453977504371991 221.60778899703172 39.668563215718599 -20.576622267291818 -22.820071314727624 58.425308839342094 -146.91000476131171 -0.76822921262559707 -60.426104079061631 371.85409430442934 5.6706762895420271 32.24902677137603 -27.907738497160341
leaf_weight=2748 117 1682 109 430 968 1313 1642 442 655 245 1614 480 5471 540 1178 354 976 247 146 190 905 523
leaf_count=2748 117 1682 109 430 968 1313 1642 442 655 245 1614 480 5471 540 1178 354 976 247 146 190 905 523
internal_value=0.000894046 0.000499605 6.76651e-05 0.000354892 0.000513358 0.00217044 0.000170192 -0.00284047 -0.000205297 0.00106 0.00235014 0.00152694 -0.000594177 -0.00304839 0.000787805 -0.00220098 0.00125153 -0.000305167 -0.000183673 -0.00223497 -0.000464716 -0.00335602
internal_weight=22975 20227 16082 14646 13997 4145 11807 1436 9248 2463 2190 2559 7304 649 1833 1319 1944 917 576 437 1150 877
internal_count=22975 20227 16082 14646 13997 4145 11807 1436 9248 2463 2190 2559 7304 649 1833 1319 1944 917 576 437 1150 877
cat_boundaries=0 13 14 27 28 42 56 58 60 62 64 65 78 80 82 84 86 88 100 113
cat_threshold=2097152 3349413888 335548545 2147483664 2147516416 6144 0 0 524288 16777216 0 2148147296 2228352 71 1077936196 65540 0 268435456 776 65 256 268435456 140 770 1386217472 270565376 8914176 1 579108880 131072 3758096448 69 268451840 1028 64 0 134222848 3221749760 32 128 303616 4 33849344 69632 0 512 142672128 64 0 0 99328 2101248 0 1049872 59932 1 33686532 64 4037550528 147778 2295861712 12420 2564742 302864 4 16859137 0 0 0 131140 50331648 128 134300736 2048 7340048 537002128 5136 6162 262656 16396 39063082 10785 3242496098 143656 537151712 10286 2156992024 26764 0 2052 0 0 16777216 0 0 0 536870916 0 0 16809984 1077936128 4 0 0 0 0 0 268435456 0 0 310378496 268435456 524288
is_linear=0
shrinkage=0.045


Tree=55
num_leaves=23
num_cat=19
split_feature=0 2 1 3 0 3 0 3 0 0 3 0 5 2 5 3 1 1 3 5 0 0
split_gain=12.6294 6.84252 5.77824 4.54648 4.00091 5.00591 3.2208 2.87006 2.5732 2.15442 2.06977 1.80099 1.44684 1.63067 1.51867 1.35068 2.71756 1.59646 1.33877 1.29116 1.28683 1.16835
threshold=0 1 2 3 4 5 6 7 8 9 10 11 5.0336952619030333 12 2.9700856263602158 13 14 15 16 4.9663289649179552 17 18
decision_type=9 9 9 9 9 9 9 9 9 9 9 9 10 9 8 9 9 9 9 10 9 9
left_child=-1 4 7 8 10 6 -6 12 -4 -5 -2 18 13 14 -3 16 -11 -17 -10 -13 -9 -19
right_child=1 2 3 9 5 -7 -8 20 11 15 -12 19 -14 -15 -16 17 -18 21 -20 -21 -22 -23
leaf_value=365.34348866438273 -16.528990419540019 -257.4399481026021 -86.306199710232249 17.538534543053217 -30.443202694282654 -5.2348514987795101 -141.34667961275642 46.45203309093538 13.432306717768913 -125.83207293163821 32.75628706675743 4.5836199709760095 227.94368826591676 160.03736056428406 -45.858298774700579 -107.36037330778487 8.9951081282868248 19.572900126986802 158.00725776176048 81.132779264130463 235.65322645049497 -15.84127946130816
leaf_weight=2792 1329 59 212 1274 384 1596 574 697 466 211 1323 2756 283 254 496 165 167 540 1295 891 3385 1826
leaf_count=2792 1329 59 212 1274 384 1596 574 697 466 211 1323 2756 283 254 496 165 167 540 1295 891 3385 1826
internal_value=0.000880337 0.000486432 0.000974815 0.000331483 -0.000917593 -0.00218511 -0.00474124 0.00219013 0.00116655 -0.000790584 0.000307433 0.00135996 0.000130435 -0.000837854 -0.00218254 -0.00146508 -0.00394615 -0.00107766 0.00254061 0.000783411 0.00273913 -0.000764508
internal_weight=22975 20183 14977 9803 5206 2554 958 5174 5620 4183 2652 5408 1092 809 555 2909 378 2531 1761 3647 4082 2366
internal_count=22975 20183 14977 9803 5206 2554 958 5174 5620 4183 2652 5408 1092 809 555 2909 378 2531 1761 3647 4082 2366
cat_boundaries=0 13 14 16 18 31 33 46 48 59 73 75 89 90 92 94 95 97 110 124
cat_threshold=2359296 3349413888 335548545 2147483664 2147516416 6144 0 0 524288 16777216 0 2148147296 2228224 3 1610645604 3200 3506030036 274695 42139652 131072 3758096384 129 8388612 0 0 0 134217856 3221229584 4280 5252 2089 35065366 329732 0 0 0 0 131072 33554432 0 8192 536870912 264 131072 2560 2147483652 103230980 272960 0 0 0 8192 64 0 512 268436480 0 2048 1115684864 16793617 65568 0 0 8979200 64 640 268435456 0 7867400 1644167168 0 67108864 7 2204132414 284753 8 1120 0 0 402718976 553648417 0 134217728 0 6837251 16777216 0 0 4 4 117579776 1024 16 517 268967938 4293760 4096 4194304 0 0 0 0 0 0 0 2048 0 0 19959812 1049858 4096 13392 0 0 0 0 0 0 0 256 69206016 0 0 16
is_linear=0
shrinkage=0.045


Tree=56
num_leaves=23
num_cat=17
split_feature=0 2 0 5 0 0 3 3 4 0 3 0 3 0 2 3 1 3 5 5 5 5
split_gain=12.2516 6.43972 5.1211 3.63099 4.37615 3.51841 2.97942 2.77293 3.24362 2.74834 2.3375 3.45998 2.21543 2.214 1.79381 1.73966 1.46816 1.36506 1.35422 1.34797 1.77531 1.25074
threshold=0 1 2 4.1510089048756029 3 4 5 6 7 8 9 10 11 12 13 14 15 16 5.0657496176235997 3.4498615536424366 3.2384861814448418 6.0124911652234827
decision_type=9 9 9 10 9 9 9 9 1 9 9 9 9 9 9 9 9 9 10 10 8 10
left_child=-1 2 12 9 15 -3 -7 8 -6 17 11 -11 -2 -12 -14 21 -8 -4 -10 20 -16 -5
right_child=1 5 3 4 7 6 16 -9 18 10 13 -13 14 -15 19 -17 -18 -19 -20 -21 -22 -23
leaf_value=356.23678649498999 -1.5267046316458674 590.93787580332605 -16.357900583226765 -24.987213515475318 -191.2559649850875 -24.261083853665212 -34.245866443423417 113.20799575746294 -2.1699189149752116 -0.93743791313955571 36.718874440249678 -88.331638777445889 -49.613983987670103 -18.237517663995312 -147.50623107650145 11.118626409863957 115.77053349098423 67.433709592867615 105.43943575755146 -91.193043142302486 -300.47669472778136 29.695795913947133
leaf_weight=2798 584 1213 363 1307 49 474 296 2864 1065 1028 1257 1044 590 2382 54 1229 2125 894 727 234 43 355
leaf_count=2798 584 1213 363 1307 49 474 296 2864 1065 1028 1257 1044 590 2382 54 1229 2125 894 727 234 43 355
internal_value=0.000896005 0.000507529 0.00010046 0.000359358 0.00104001 0.0020949 0.00123065 0.00188414 0.000512412 -0.000382209 -0.00080124 -0.00200384 -0.00238794 -0.000112161 -0.00375723 -0.000339476 0.00186991 0.00151418 0.000832776 -0.00641545 -0.0110455 -0.00128495
internal_weight=22975 20177 16069 14564 7596 4108 2895 4705 1841 6968 5711 2072 1505 3639 921 2891 2421 1257 1792 331 97 1662
internal_count=22975 20177 16069 14564 7596 4108 2895 4705 1841 6968 5711 2072 1505 3639 921 2891 2421 1257 1792 331 97 1662
cat_boundaries=0 13 14 27 40 54 56 58 59 73 75 89 91 104 105 107 109 111
cat_threshold=2359296 3349413888 335548545 2147484176 32768 6144 0 0 524288 16777216 0 2148147296 2228224 71 1077936196 65540 0 268435456 328 65 0 268435456 140 258 312475648 271613952 9962752 25169920 13312 0 8192 1083834368 587202560 0 73728 536870912 8540224 4240 645 1 33587200 65536 0 0 142672128 64 0 0 99328 2621440 0 1049856 59932 1 50725892 395352 2185563686 463475 1 8437761 131072 3758096384 133 268451840 536870912 256 0 33792 1196048 176 16781441 6145 4 242626080 81409 0 13312 0 2097152 9961472 0 0 73728 2048 1082134536 4096 1792 2214592512 2 3772026986 135592 2147549184 0 0 8192 134348800 1024 0 134217728 0 1086881792 0 3088 67150518 68 184992316 423992 270008320 512 2183241810 307776
is_linear=0
shrinkage=0.045


Tree=57
num_leaves=23
num_cat=19
split_feature=0 2 0 2 0 5 0 3 3 0 3 3 3 1 3 0 3 0 3 5 0 5
split_gain=11.7517 5.9245 4.88659 3.58014 4.02751 3.30645 3.23225 3.08399 2.84891 2.7586 2.52025 2.19821 2.00154 1.71522 1.67085 1.50882 1.4985 1.44793 1.42022 1.35887 1.34316 1.32328
threshold=0 1 2 3 4 3.4811217321331038 5 6 7 8 9 10 11 12 13 14 15 16 17 2.602003343538398 18 3.9019216517693867
decision_type=9 9 9 9 9 8 9 9 9 9 9 9 9 9 9 9 9 9 9 10 9 8
left_child=-1 6 11 7 12 14 -2 15 17 -10 -8 -3 -5 16 -6 -4 -11 -7 -15 -17 -18 -12
right_child=1 2 3 4 5 8 10 -9 9 13 21 -13 -14 18 -16 19 20 -19 -20 -21 -22 -23
leaf_value=338.79300073981705 337.41032158489776 -128.5138047850001 37.800795000461619 15.499550236729451 -65.940654550836811 83.106637275470419 -12.734182629654279 -3.4130322042170493 54.742654881070585 -67.630290608971478 31.384583264313502 -34.9613778034715 175.09351009359034 45.973542483429618 -4.6610870171552445 -340.36284141265304 5.5952766637911573 6.6925277907360821 -16.360464015022011 -92.296286739346286 -33.09266111921562 181.86553707325706
leaf_weight=2772 1404 410 114 869 701 1806 933 925 1008 432 669 1086 1795 910 1529 47 748 1644 1077 344 672 1080
leaf_count=2772 1404 410 114 869 701 1806 933 925 1008 432 669 1086 1795 910 1529 47 748 1644 1077 344 672 1080
internal_value=0.000866628 0.000488177 9.96034e-05 0.000350885 0.000583163 0.000186593 0.00201611 -0.00177878 0.000600253 -0.000104651 0.00108909 -0.00233952 0.00214238 -0.000655544 -0.00135081 -0.00456963 -0.0016368 0.00158579 0.000263382 -0.00590695 -0.000911313 0.00209285
internal_weight=22975 20203 16117 14621 13191 10527 4086 1430 8297 4847 2682 1496 2664 3839 2230 505 1852 3450 1987 391 1420 1749
internal_count=22975 20203 16117 14621 13191 10527 4086 1430 8297 4847 2682 1496 2664 3839 2230 505 1852 3450 1987 391 1420 1749
cat_boundaries=0 13 14 27 28 42 56 58 60 74 76 78 80 82 84 97 99 113 115 127
cat_threshold=2359296 3349413888 335548545 2147483664 32768 6144 0 0 524288 16777216 0 2148147296 2228224 176 1077936196 65572 0 268435456 131840 1 256 268435456 12 514 1453326336 270565376 8914176 1 2155921424 131072 3758096448 5 268451840 0 512 0 4096 1078460432 168 3200 43520 4 33587200 69632 0 512 143720704 64 0 0 66560 2621504 0 1049856 59932 1 2182399508 10241 4042806720 50453 4096 8192 0 128 2147483648 1284 0 16384 3072 3146752 16842752 4628 20532 1 50791982 510072 33768452 82452 107423878 343633 402659474 1613 252844032 49180 0 0 0 0 8388608 0 0 0 0 0 135200 256 8 50405416 8736 33554440 1024 0 2105344 134217732 1024 0 8192 536871936 8556552 16777216 16777488 67108892 1 16883768 139400 0 5120 0 2097152 8912896 0 0 134217728 0 0 134217728 1048576
is_linear=0
shrinkage=0.045


Tree=58
num_leaves=23
num_cat=20
split_feature=0 2 0 3 0 3 0 0 0 3 0 1 3 3 3 5 3 5 3 4 4 3
split_gain=10.3889 5.54257 4.94943 4.21126 3.23973 4.14268 3.11717 2.6152 2.41604 2.05002 2.04805 1.87808 1.83165 1.77635 1.63594 1.46554 1.39582 1.37763 1.36866 1.29056 1.26516 1.24105
threshold=0 1 2 3 4 5 6 7 8 9 10 11 12 13 14 4.6681339642869872 15 4.4367340276668159 16 17 18 19
decision_type=9 9 9 9 9 9 9 9 9 9 9 9 9 9 9 8 9 10 9 1 1 9
left_child=13 4 21 7 14 8 12 16 -6 11 18 -8 19 15 -2 -1 -4 -14 -11 -5 -9 -3
right_child=1 2 3 6 5 -7 9 20 -10 10 -12 -13 17 -15 -16 -17 -18 -19 -20 -21 -22 -23
leaf_value=-152.51522405160279 -13.310008009697983 319.47315502554557 -52.135819827581216 -95.385854649744843 -18.704882932820311 -4.8977435611640718 -54.468411344923844 -142.6736741172964 -136.44482559728209 -3.213351945795095 4.3944004851208422 -2.0502953786664504 20.42040042963308 376.17062597260764 26.648562706533681 146.97157329268111 60.563430802126433 150.6669400080533 -76.030364846055349 84.083744861869107 93.511067764413639 79.881839308916383
leaf_weight=109 1356 1373 460 155 286 1406 688 38 623 491 3685 609 1057 2533 1500 152 312 876 317 81 3967 901
leaf_count=109 1356 1373 460 155 286 1406 688 38 623 491 3685 609 1057 2533 1500 152 312 876 317 81 3967 901
internal_value=0.000872503 0.000515005 0.000952603 0.000605742 -0.000754486 -0.0020015 -2.87917e-05 0.00166037 -0.00435342 -0.00057394 -0.00011687 -0.00214171 0.0014216 0.00343835 0.00026046 -0.000148351 -0.000734694 0.00188098 -0.00215122 -0.00225 0.00212285 0.00288189
internal_weight=22975 20181 15010 12736 5171 2315 7959 4777 909 5790 4493 1297 2169 2794 2856 261 772 1933 808 236 4005 2274
internal_count=22975 20181 15010 12736 5171 2315 7959 4777 909 5790 4493 1297 2169 2794 2856 261 772 1933 808 236 4005 2274
cat_boundaries=0 13 14 27 29 42 44 58 72 85 87 100 102 104 105 107 109 111 112 113 115
cat_threshold=2359296 3349413888 335548545 2147483664 32768 6144 0 0 0 16777216 32 2148147296 2228224 3 41975808 1179648 570425408 5 264 544 0 0 69632 532484 0 2944 845844 3495433680 262 42139652 131072 3758096384 129 8519680 0 0 8192 134217856 3221229840 152 5764 41 33885718 331780 4210704 65568 0 512 8519744 0 640 268435520 3072 3146752 65536 1053696 67114506 6 0 0 0 2105344 25165888 4 512 268500992 2052 0 243269632 4 67109890 2 0 0 0 0 4 33554432 0 0 0 8 16908288 256 2147483652 119930888 3680 4097 2052 0 0 17825792 1 0 1073799168 536870924 133120 1610612736 16777216 8388864 268730512 69124 33884160 303104 84086786 2339774574 268888 1049616 260 142639104 290968 4 1 3784888658 475556
is_linear=0
shrinkage=0.045


Tree=59
num_leaves=23
num_cat=20
split_feature=0 2 0 4 5 0 0 0 3 3 3 3 3 1 0 0 3 3 2 5 3 3
split_gain=10.5254 5.78387 4.54303 4.16505 3.43067 4.38439 3.2685 2.73975 2.85859 2.27631 2.23114 2.18815 2.17973 2.19369 1.89581 1.73953 1.66752 1.39309 1.37104 1.3149 1.23009 1.18599
threshold=0 1 2 3 4.1510089048756029 4 5 6 7 8 9 10 11 12 13 14 15 16 17 5.7573219937320976 18 19
decision_type=9 9 9 1 8 9 9 9 9 9 9 9 9 9 9 9 9 9 9 10 9 9
left_child=17 2 10 9 7 -6 -3 20 14 -4 -2 -8 -7 -14 -9 21 -15 18 -1 -18 -5 -10
right_child=1 6 3 4 5 12 11 8 15 -11 -12 -13 13 16 -16 -17 19 -19 -20 -21 -22 -23
leaf_value=-41.408980860335539 -134.45418088234959 392.71396666291741 -88.004874687613224 -10.305998455882468 181.51026414048056 69.137491403062327 133.77728010901393 -5.795073738149461 -61.723455913007626 -11.278479062436645 -30.461457157519192 -6.159154975016321 -12.057515913919699 79.030183665652217 -67.801208100107914 17.456299445128167 -16.158584387262842 473.06409319854424 238.19669770130497 201.10567062677686 85.742804886411804 -1.4426395729389094
leaf_weight=167 281 1303 265 308 1622 1451 1651 999 375 380 1140 1169 2705 1114 1090 2047 802 2078 514 157 752 605
leaf_count=167 281 1303 265 308 1622 1451 1651 999 375 380 1140 1169 2705 1114 1090 2047 802 2078 514 157 752 605
internal_value=0.000872503 0.000515227 0.00012937 0.000365296 0.000528299 0.00115236 0.00201657 -0.000265134 -0.000696763 -0.00316461 -0.00228925 0.00114407 0.000604951 0.00013904 -0.00197263 0.000188055 0.00123669 0.00347366 0.00162987 -0.000143666 0.00180504 -0.00136089
internal_weight=22975 20216 16093 14672 14027 7851 4123 6176 5116 645 1421 2820 6229 4778 2089 3027 2073 2759 681 959 1060 980
internal_count=22975 20216 16093 14672 14027 7851 4123 6176 5116 645 1421 2820 6229 4778 2089 3027 2073 2759 681 959 1060 980
cat_boundaries=0 13 14 27 28 42 56 70 72 74 76 78 80 82 96 110 112 114 115 117 119
cat_threshold=2359296 3349413888 335548545 2147483664 32768 6144 0 0 0 16777216 0 2148147296 2228224 71 1077940292 65540 0 0 1048584 65 768 268436480 12 2 312475648 271613956 9961728 1 33587216 0 0 0 2147500548 1024 0 0 1024 1081606160 604045344 6272 58000 1 33587200 65536 0 512 142606592 64 0 0 66560 2625600 0 1049856 59932 1 8503297 131072 1610612736 5 268451904 536870912 0 1073774592 1024 1196032 176 16777361 2051 4 777395748 310800 4456992 16588 572588032 82452 2295863762 13220 4104655168 34068 805313560 75243 2147483648 13312 0 2105472 8912900 0 0 73728 2048 36888 16781312 1792 2147483648 2 8 13312 0 2097152 256 0 0 134291456 536903680 2097168 218107904 0 524 19 22396984 24736 251891974 395272 2 50569234 8708 18898970 213024
is_linear=0
shrinkage=0.045


Tree=60
num_leaves=23
num_cat=18
split_feature=0 2 5 0 0 0 3 0 3 3 1 3 5 3 5 0 0 3 3 2 5 0
split_gain=8.70725 6.15017 5.22991 4.9241 4.24514 3.89244 2.53552 2.4566 2.34501 2.17566 2.14117 1.68482 1.44563 1.43345 1.42226 2.22585 1.69999 1.41466 1.25205 1.33903 1.24458 1.21844
threshold=0 1 4.7999057951650004 2 3 4 5 6 7 8 9 10 4.0689902272260703 11 3.1132683346437333 12 13 14 15 16 3.4498615536424366 17
decision_type=9 9 10 9 9 9 9 9 9 9 9 9 8 9 8 9 9 9 9 9 10 9
left_child=-1 5 4 13 8 -2 10 -8 20 -7 -6 -5 18 -4 15 -9 -16 -17 -11 -20 -3 -13
right_child=1 2 3 11 6 9 7 14 -10 12 -12 21 -14 -15 16 17 -18 -19 19 -21 -22 -23
leaf_value=660.24373543511388 355.00110339572615 -141.05057042834235 19.369572307142278 44.770189625057903 67.952095333317118 -33.790955527409011 20.514800023467512 -117.37757158850869 -13.169174666422851 286.80446509728074 -12.262207190473847 -34.490972785887905 126.10083439385809 186.21943649139604 -32.417557124526823 -87.686173733325305 3.7633556947680096 29.335083497122653 438.82334364303091 -32.182225177381092 -116.92988648090035 1.2033418941648288
leaf_weight=1617 1624 176 365 642 2419 489 881 355 827 261 1329 348 1229 1962 2004 212 2621 390 125 599 441 2059
leaf_count=1617 1624 176 365 642 2419 489 881 355 827 261 1329 348 1229 1962 2004 212 2621 390 125 599 441 2059
internal_value=0.000852918 0.000610248 0.000224697 0.00138565 -0.000310757 0.00212295 1.36459e-05 -0.0005261 -0.00258379 0.00106575 0.000943085 0.000189644 0.00166577 0.00293779 -0.000875223 -0.00245412 -0.000549492 -0.000718241 0.000387538 -0.000586956 -0.0046717 -0.000359032
internal_weight=22975 21358 17031 5376 11655 4327 10211 6463 1444 2703 3748 3049 2214 2327 5582 957 4625 602 985 724 617 2407
internal_count=22975 21358 17031 5376 11655 4327 10211 6463 1444 2703 3748 3049 2214 2327 5582 957 4625 602 985 724 617 2407
cat_boundaries=0 13 14 28 41 55 57 70 72 74 76 78 80 93 107 109 110 111 124
cat_threshold=2359296 3349413888 335548545 2147483728 32768 6144 0 0 0 16777216 0 663648 2228224 176 33587216 0 0 2097152 134217728 1284 0 0 1024 6815744 83951616 2150632448 67166748 5 1077936200 36 0 0 768 65 0 268436480 8 67 346030080 271613952 9961736 33587200 69632 0 512 143655168 64 0 0 66560 2621504 0 2148533504 59932 1 4037558744 196869 42024960 131072 3758096384 8197 268435456 536870912 128 134324224 6144 1048592 536871072 5 4098 187105796 350740 50725894 67672 1074577516 3134 3893891392 67714 337952 169984 2147483648 4096 0 0 134348800 0 0 0 0 4194312 150994944 2147484288 2214625296 2164260865 5120 0 32768 144179208 0 0 1073741824 536903680 1084362752 134217744 2164267264 2147483780 3 21430788 600 2153250896 160 1073745920 4096 0 0 0 536870912 0 0 0 20480 33685504 32768 1024
is_linear=0
shrinkage=0.045


Tree=61
num_leaves=23
num_cat=21
split_feature=0 2 5 0 0 0 3 0 0 3 3 2 2 4 1 3 0 0 3 0 3 3
split_gain=8.78277 5.81658 5.09182 4.29331 4.05393 3.52957 2.78084 3.64868 2.77136 2.51766 2.49645 1.77011 1.59829 1.56627 1.55952 1.55832 1.52092 1.51437 1.83061 1.3755 1.20151 1.14286
threshold=0 1 5.1619206365690227 2 3 4 5 6 7 8 9 10 11 12 13 14 15 16 17 18 19 20
decision_type=9 9 10 9 9 9 9 9 9 9 9 9 9 1 9 9 9 9 9 9 9 9
left_child=-1 3 5 -2 -4 10 8 -8 -7 -5 -3 19 -11 14 -9 16 -6 18 -15 -10 -13 -14
right_child=1 2 4 9 15 6 7 13 11 12 -12 20 21 17 -16 -17 -18 -19 -20 -21 -22 -23
leaf_value=605.31022092234753 535.52662902079635 -105.46309436967094 167.23221317512622 136.66620666952178 -84.426970147915981 -51.036535933783881 91.132917454167384 -24.546404394921371 60.479518636490162 815.53813089310381 -9.4002786053779079 -128.84915861743832 -103.21461985925932 9.1690816190859739 80.820553898907662 32.879391640709315 -3.4563717477783529 1.1106981781917102 -44.320561799044043 1.1616990685142692 -29.428986984554989 -6.2618997744228402
leaf_weight=1715 1549 737 1684 1419 107 1895 2046 470 432 146 968 109 143 241 1346 1117 811 1812 543 2291 340 1054
leaf_count=1715 1549 737 1684 1419 107 1895 2046 470 432 146 968 109 143 241 1346 1117 811 1812 543 2291 340 1054
internal_value=0.000860752 0.000609252 0.000233212 0.00208293 0.00170398 -0.000180245 0.000103363 0.000721948 -0.000684879 0.00100901 -0.00208358 0.000130025 -0.000388561 -8.13726e-06 0.00100495 0.000340743 -0.00102581 -0.00071709 -0.00235176 0.000564351 -0.00245011 -0.000941687
internal_weight=22975 21260 16949 4311 3719 13230 11525 6458 5067 2762 1705 3172 1343 4412 1816 2035 918 2596 784 2723 449 1197
internal_count=22975 21260 16949 4311 3719 13230 11525 6458 5067 2762 1705 3172 1343 4412 1816 2035 918 2596 784 2723 449 1197
cat_boundaries=0 13 14 28 42 56 58 72 86 88 90 91 92 93 95 97 110 123 124 137 138 140
cat_threshold=2359296 3349544960 335548545 2147483664 32768 6656 0 0 0 16777216 32 663648 2490368 176 33587200 65536 0 512 143720704 64 0 0 66560 2622528 0 2148533504 59932 1 33587200 8192 0 0 403177472 1028 0 8192 0 6815744 16777216 2148533248 2214650380 7 1077940288 36 0 0 8389376 65 0 268436480 32768 259 379584512 271613956 1574144 2 257367554 294480 2181070864 0 3758096384 133 268435456 1024 0 0 1024 1074266112 65680 2147489152 58032 4 2197815304 8192 0 0 402653192 536871936 0 1073741824 1024 1074271240 134217752 2164260864 2147525160 5 3092781520 78212 195628288 377492 6 32 2 1573904 514 155492412 223497 1073741824 4096 0 0 0 0 0 0 0 0 0 256 16 8 0 0 2105344 135790592 0 0 16384 536872960 12636176 0 1 2214596608 1619550276 8404992 0 1073741824 2105348 4 0 0 134250496 4096 1081344 536871040 2576 2 33818112 50331648 2048
is_linear=0
shrinkage=0.045


Tree=62
num_leaves=23
num_cat=20
split_feature=0 2 5 0 0 0 0 3 3 0 3 3 0 3 0 3 3 0 2 5 0 0
split_gain=9.72206 5.00516 4.18457 4.73987 3.66629 3.39493 2.50269 3.25708 2.31991 2.24066 2.22445 2.18638 2.05554 1.84852 1.69788 1.61928 1.50625 1.48904 1.39574 1.31996 1.26106 1.24376
threshold=0 1 3.4498615536424366 2 3 4 5 6 7 8 9 10 11 12 13 14 15 16 17 5.0336952619030333 18 19
decision_type=9 9 10 9 9 9 9 9 9 9 9 9 9 9 9 9 9 9 9 10 9 9
left_child=13 4 5 15 -2 16 7 -5 9 -7 14 -6 -12 20 -8 19 -3 -10 -13 -4 -1 -20
right_child=1 2 3 6 11 8 10 -9 17 -11 12 18 -14 -15 -16 -17 -18 -19 21 -21 -22 -23
leaf_value=-21.134565479265188 449.26329569733548 -14.19915370629186 -20.660632335950016 -85.012771633425814 151.92925586307541 -14.378709726078856 39.613478425472969 -2.3950916287093285 4.5296834625972453 -114.20811077680759 87.917917520777294 766.9087208590588 7.8759329850655773 394.07404309942422 -8.5969260241756338 232.38679386902456 78.645162904232137 -43.11237183224403 -47.06708644733046 327.2771592987641 493.93564435793979 3.7063988909726082
leaf_weight=331 1304 247 486 339 1229 340 482 945 873 739 1715 161 2688 2156 3929 1407 572 1204 379 215 225 1009
leaf_count=331 1304 247 486 339 1229 340 482 945 873 739 1715 161 2688 2156 3929 1407 572 1204 379 215 225 1009
internal_value=0.000849001 0.000508927 0.000153122 0.000566186 0.00191475 -0.00111453 0.000159347 -0.0016875 -0.00178125 -0.00346884 0.00043032 0.000980645 0.00114462 0.00337335 -0.000283857 0.00250047 0.00145668 -0.00088966 -0.000147021 0.000700561 0.00099824 -0.000617143
internal_weight=22975 20263 16181 12206 4082 3975 10098 1284 3156 1079 8814 2778 4403 2712 4411 2108 819 2077 1549 701 556 1388
internal_count=22975 20263 16181 12206 4082 3975 10098 1284 3156 1079 8814 2778 4403 2712 4411 2108 819 2077 1549 701 556 1388
cat_boundaries=0 13 14 28 42 56 68 70 72 85 87 89 102 104 117 119 121 135 136 148 160
cat_threshold=262144 3349544960 335548545 2147483664 32768 6656 0 0 4096 16777216 0 2148147296 2490368 176 44154880 0 1610612736 705 131072 1284 128 0 3072 68681744 65568 0 53776 5 35684352 65536 0 512 143655168 64 0 0 66560 2622528 0 1049856 59932 1 0 0 3758096384 2097156 16384 0 0 1073741824 536903680 1083310096 538972304 16783633 10368 4 1073741824 5120 0 40960 1049152 0 0 1342178304 32896 131328 1386221568 16777217 1099120656 24624 187968064 285189 32768 13312 0 0 8912896 0 0 8192 2048 544768 16777216 1536 67108868 172238382 491233 3092781520 8324 2147483649 0 0 0 402653188 1 0 134217728 536870912 6291458 16777232 2130960 2147485708 117903366 395272 4112 8196 0 2097152 524288 0 0 0 0 8404992 67108864 268435456 11298 38219276 104976 2202026560 12808 41943040 0 0 129 524556 536870912 0 73728 4 4227328 268435456 1081984 2214625341 18 32 262144 0 0 0 32768 0 0 0 0 0 0 2147483648 0 2068 0 0 16777216 0 0 65536 536870916 0 0 18874368
is_linear=0
shrinkage=0.045


Tree=63
num_leaves=23
num_cat=19
split_feature=0 2 5 0 0 3 3 0 0 3 3 3 3 2 0 0 0 3 4 5 5 3
split_gain=8.23575 5.75564 5.94028 5.45922 3.80712 3.4704 2.98819 3.53499 2.77432 2.61073 2.26889 2.05547 2.00689 1.8616 1.73547 1.51583 1.43195 1.27881 1.16568 1.23828 1.13499 1.08814
threshold=0 1 4.4601277074540464 2 3 4 5 6 7 8 9 10 11 12 13 14 15 16 17 6.0124911652234827 2.602003343538398 18
decision_type=9 9 10 9 9 9 9 9 9 9 9 9 9 9 9 9 9 9 1 10 10 9
left_child=-1 5 4 11 9 14 7 12 -8 -3 -5 18 -6 17 -2 -10 -15 -9 19 -4 -16 -11
right_child=1 2 3 10 6 -7 8 13 15 21 -12 -13 -14 16 20 -17 -18 -19 -20 -21 -22 -23
leaf_value=587.25409052996054 -9.6632910594679604 151.37520127653926 -34.1398981649522 177.00351690045633 -34.39301242341633 1.4064330207752727 -41.004728360890198 -153.82019366038179 54.543106634775974 -153.62448524296741 58.721482169805249 10.141590238389684 63.895582777908629 -2.5699246521824173 -312.18263791975386 7.1839648481051315 -51.65913854521343 -28.934338030240284 -91.568567621629569 73.42905000177781 -79.688255936265335 41.005205340903387
leaf_weight=1464 238 853 422 3160 500 907 452 259 1330 113 2618 1769 974 1465 66 2586 1852 284 134 148 528 853
leaf_count=1464 238 853 422 3160 500 907 452 259 1330 113 2618 1769 974 1465 66 2586 1852 284 134 148 528 853
internal_value=0.000845084 0.000621173 0.00083977 0.00176172 0.000180031 -0.00185294 -0.000175108 -0.000888889 0.000696575 0.00206199 0.00251658 -1.26759e-05 0.000981158 -0.00160382 -0.00393483 0.00108376 -0.0011936 -0.00402973 -0.00204888 -0.00118007 -0.00524257 0.000441718
internal_weight=22975 21511 19772 8251 11521 1739 9702 5334 4368 1819 5778 2473 1474 3860 832 3916 3317 543 704 570 594 966
internal_count=22975 21511 19772 8251 11521 1739 9702 5334 4368 1819 5778 2473 1474 3860 832 3916 3317 543 704 570 594 966
cat_boundaries=0 13 14 27 41 43 45 58 71 73 75 77 79 80 93 107 121 123 124 126
cat_threshold=262144 3349544960 335548545 2147484176 0 6656 0 0 0 0 32 663648 2490368 1 4096 4096 0 8192 25887488 570425349 0 134283264 536903680 151880 35651584 5 2147483650 2155888640 0 2684354560 5 285311044 0 256 0 102400 1074790480 4096 2147486592 8390658 20 2199307860 149509 789978658 351940 4259841 20512 0 2097280 147456 0 640 1073741824 0 69861376 553648272 16782353 67129904 4194304 4 0 2097152 131072 0 0 8192 4 69206016 1426063360 4 20736 1679690874 135348 4170773968 221834 184689196 24632 50727968 1152 2 33554432 0 0 0 8388608 0 0 0 0 8 135184 268468480 8 33587208 78912 1073741824 0 8388616 536870912 0 0 1024 4244490 536871040 0 42128 2 2129920 74752 0 8192 8913152 536871936 0 134225920 536873984 258 1073741824 3178496 2148574212 1 1048578 331908 4 69636 303104
is_linear=0
shrinkage=0.045


Tree=64
num_leaves=23
num_cat=20
split_feature=0 2 5 0 0 0 4 3 0 0 2 3 1 3 1 3 3 3 5 2 1 3
split_gain=8.97408 5.31163 4.19986 3.80735 3.34179 3.02148 2.87835 3.09509 3.22695 2.49295 2.26674 2.18747 1.96258 1.86407 1.86198 1.85093 1.70455 1.62096 1.45825 1.44522 1.39355 1.36496
threshold=0 1 5.1619206365690227 2 3 4 5 6 7 8 9 10 11 12 13 14 15 16 3.5408542930527882 17 18 19
decision_type=9 9 10 9 9 9 1 9 9 9 9 9 9 9 9 9 9 9 8 9 9 9
left_child=15 2 5 -3 -4 13 17 9 -9 -8 14 -5 21 -2 -11 19 -6 -7 -16 -1 -13 -10
right_child=1 3 4 11 16 6 7 8 12 10 -12 20 -14 -15 18 -17 -18 -19 -20 -21 -22 -23
leaf_value=-126.48024369341491 -117.76679445422684 526.23073312735539 162.54631182692464 -30.323443858420351 -13.162536013449945 9.4681558396508443 30.583590870940011 126.69439594928423 -37.180834231827085 10.981548915857068 -166.63907646986209 -52.867378129462722 13.942140455305742 -30.514320118899594 -81.138937324060919 322.99769644480602 23.320034509797782 -79.497645723496532 -20.480112636771516 239.65330995837866 90.043986300253096 -3.6024568543945676
leaf_weight=107 399 1334 1391 527 654 105 577 1134 540 785 236 290 4546 909 449 2188 1373 422 1252 225 2180 1352
leaf_count=107 399 1334 1391 527 654 105 577 1134 540 785 236 290 4546 909 449 2188 1373 422 1252 225 2180 1352
internal_value=0.000813749 0.000500196 0.000123823 0.00189719 0.00152368 -0.000252833 -1.65642e-05 0.00014113 0.00064201 -0.0010071 -0.00157681 0.000997508 0.000249768 -0.00229091 -0.00116013 0.00334123 0.000346494 -0.00325803 -0.00199387 0.000156977 0.00155923 -0.000964286
internal_weight=22975 20455 16124 4331 3418 12706 11398 10871 7572 3299 2722 2997 6438 1308 2486 2520 2027 527 1701 332 2470 1892
internal_count=22975 20455 16124 4331 3418 12706 11398 10871 7572 3299 2722 2997 6438 1308 2486 2520 2027 527 1701 332 2470 1892
cat_boundaries=0 13 14 28 42 56 57 59 73 86 87 89 91 93 95 97 99 100 101 103 105
cat_threshold=0 3349544960 335548545 2147483664 0 6144 0 0 4096 32 0 2148147296 2490368 7 35946496 65536 0 512 142639360 64 0 0 66560 2621504 0 1049856 59932 1 35946496 8192 0 0 403177472 1028 0 8192 0 6815744 16777216 1049600 2214650380 7 1077940288 4 0 8192 1048832 1 512 9216 8 67108866 379584512 271581184 1574144 2 1 102112898 302609 44302352 0 3758096384 128 268566532 1024 0 0 1024 1073742336 1073938480 16 63650 5 65537 9216 1073741824 2097153 0 0 0 1073741824 0 5406736 16777344 6272 67108865 6 50724868 19032 939531409 74560 197148674 327684 672664824 1328 251858948 262144 155492396 92203 21102760 2 270008320 512 27262992 16426
is_linear=0
shrinkage=0.045


Tree=65
num_leaves=23
num_cat=21
split_feature=0 2 0 5 0 0 3 3 0 0 0 3 3 3 4 0 3 0 0 3 0 2
split_gain=7.85972 5.16709 5.81477 4.19229 3.56383 3.41802 4.24775 3.23994 2.63455 2.59776 2.37953 2.31644 2.12775 1.78876 1.48407 1.16726 1.15559 1.15104 1.13983 1.07677 1.06936 1.06631
threshold=0 1 2 4.7050052835523761 3 4 5 6 7 8 9 10 11 12 13 14 15 16 17 18 19 20
decision_type=9 9 9 8 9 9 9 9 9 9 9 9 9 9 1 9 9 9 9 9 9 9
left_child=-1 5 21 7 19 12 8 9 -7 -4 13 -6 -2 -9 -13 -12 -17 -8 -14 -5 -11 -3
right_child=1 2 3 4 11 6 17 10 -10 20 15 14 18 -15 -16 16 -18 -19 -20 -21 -22 -23
leaf_value=577.52885846425488 -13.025721996336191 130.46516537346085 -57.580069741735549 50.642991603515796 64.64155429484201 -15.081783208276155 -46.453236024028321 21.939194106748921 -123.64664627292434 55.360279773413808 56.073488794369588 -93.364133665435077 -8.2859925148484876 -42.495262593483233 -5.1168363250138977 1.2770965235921385 44.266541590142793 0.90827040136593151 50.210080766643692 260.22771662536513 -9.3995176908543687 718.50546535283524
leaf_weight=1324 1433 2008 966 437 1405 299 207 347 601 289 1047 43 454 1024 1361 2307 1134 1213 1466 1558 1302 750
leaf_count=1324 1433 2008 966 437 1405 299 207 347 601 289 1047 43 454 1024 1361 2307 1134 1213 1466 1558 1302 750
internal_value=0.000805915 0.000598463 0.00101257 0.000618954 0.00167978 -0.000567546 -0.00189108 1.3899e-05 -0.00429276 -0.001319 0.000597088 0.000636477 0.000351709 -0.00103796 -0.000654661 0.001098 0.000692007 -0.00034567 0.00132764 0.0031278 -0.000193699 0.00288845
internal_weight=22975 21651 15978 13220 4804 5673 2320 8416 900 2557 5859 2809 3353 1371 1404 4488 3441 1420 1920 1995 1591 2758
internal_count=22975 21651 15978 13220 4804 5673 2320 8416 900 2557 5859 2809 3353 1371 1404 4488 3441 1420 1920 1995 1591 2758
cat_boundaries=0 13 14 27 41 54 56 58 71 84 98 100 102 104 105 118 120 133 146 148 161 162
cat_threshold=0 3349544960 335548545 2147483664 0 6144 0 0 0 2147483648 0 663648 2490368 3 48267264 1048576 570425408 5 33032 32 128 0 69632 8196 0 2147486592 550932 262160 32 0 2097664 134234624 1344 0 0 33792 6818816 16842752 3150848 37512 5 42139652 0 3758096384 129 8388612 0 0 0 134217728 1073746192 184 2147522180 2089 1412626 331780 721858598 280176 0 0 0 0 131072 33554432 0 0 0 8 131072 2304 2147483652 17039360 3092 0 0 134217728 1024 0 16384 32772 2757634 452984832 18907136 2147516936 1 18432 0 2105344 1048576 256 0 268533760 536903684 75548672 1822425088 4 4480 19 4040750416 299058 2338480198 314097 3226009664 264 1 278536 69696 0 32768 0 16778241 0 134217728 0 18350146 0 16777232 34306 15795984 37260 4194304 0 0 0 256 0 0 0 536870912 0 16908288 268435456 32772 8388612 0 536870912 0 0 0 0 0 0 0 16 33408 2080 574958080 307216 0 32 0 8192 0 0 0 65536 1024 32768 0 1028 1024 68
is_linear=0
shrinkage=0.045


Tree=66
num_leaves=23
num_cat=20
split_feature=0 2 5 0 0 0 3 0 0 3 2 3 0 3 3 2 4 3 0 5 3 3
split_gain=8.28858 5.6636 4.73895 4.57701 3.08894 2.8555 2.93484 3.21968 2.37409 2.18761 2.11748 2.00307 1.93711 1.93009 1.6365 1.52598 1.46436 1.29627 1.24877 1.23542 1.75601 1.18486
threshold=0 1 5.3589392201907193 2 3 4 5 6 7 8 9 10 11 12 13 14 15 16 17 3.2769667020129059 18 19
decision_type=9 9 10 9 9 9 9 9 9 9 9 9 9 9 9 9 1 9 9 8 9 9
left_child=-1 2 5 -3 -4 13 7 -7 14 18 12 -12 21 -2 -8 -11 -9 -6 -5 20 -14 -10
right_child=1 3 4 9 17 6 8 16 10 15 11 -13 19 -15 -16 -17 -18 -19 -20 -21 -22 -23
leaf_value=545.03837807000207 9.0733793301456274 544.2622528131983 214.14946008776195 160.03019323548762 -11.813349507998057 98.979902115557849 136.28876893661678 -101.82476294004097 -71.004331199744612 792.00282486432684 -132.52753266232776 -27.169576077073241 26.912288922904462 -102.69407417487801 -3.923598779620165 -15.811371979992892 1.9220783344801484 31.652487442057136 39.199726500822543 7.7608514093534415 -70.12595420509966 -15.950773939439909
leaf_weight=1417 249 1581 1315 772 432 1510 545 134 470 134 209 468 337 697 419 1129 2899 1268 959 3151 393 2487
leaf_count=1417 249 1581 1315 772 432 1510 545 134 470 134 209 468 337 697 419 1129 2899 1268 959 3151 393 2487
internal_value=0.000764787 0.000544089 0.00016496 0.00194735 0.0017824 -0.000184252 -9.66686e-06 0.000911855 -0.000504004 0.000904192 -0.000774213 -0.00315457 -0.00053343 -0.00255532 0.00158607 -0.000518823 6.3547e-05 0.000499416 0.0019389 0.000128307 -0.00153689 -0.00139896
internal_weight=22975 21558 16983 4575 3015 13968 13022 4543 8479 2994 7515 677 6838 946 964 1263 3033 1700 1731 3881 730 2957
internal_count=22975 21558 16983 4575 3015 13968 13022 4543 8479 2994 7515 677 6838 946 964 1263 3033 1700 1731 3881 730 2957
cat_boundaries=0 13 14 28 42 55 57 71 84 86 87 89 102 104 106 107 108 110 123 125 127
cat_threshold=536870912 3349544960 369102977 2147483664 0 6176 64 0 4096 0 65536 663648 2490368 7 35946496 65536 0 512 142639360 64 0 0 66560 2621504 0 2148533504 59932 1 35946496 0 0 0 134742016 1284 0 0 0 6832128 0 2147484672 2147533324 5 1077940288 65540 0 0 0 1 0 0 140 67108866 312475648 270532612 1574144 4037558728 131374 2156134400 0 1610612736 132 402653188 1024 0 32768 1024 4849664 144 2164264080 75538960 4 2179072 0 2684354560 5 2416967680 536870976 640 402686976 526336 3145744 536870944 4097 14465 2824362448 340356 6 263696 2048 17039368 5120 0 40960 142738176 260 0 1073741824 536870912 185352 134217728 17858560 2155905548 1086492770 204928 151172658 270480 32 1 21266478 75816 0 4192 0 0 65536 0 0 0 32768 7178 16777216 2097168 2147483648 46130 96320 234889248 1536
is_linear=0
shrinkage=0.045


Tree=67
num_leaves=23
num_cat=20
split_feature=0 2 5 0 0 3 0 5 0 0 3 0 3 3 2 2 0 3 0 0 4 0
split_gain=7.8901 5.37104 4.27988 4.25439 3.19046 3.07962 2.73345 2.38043 2.41287 2.34658 2.33743 2.27862 2.1627 1.88509 1.62827 1.55859 1.49432 1.44779 2.35134 1.78757 1.63784 1.43168
threshold=0 1 5.3589392201907193 2 3 4 5 3.1132683346437333 6 7 8 9 10 11 12 13 14 15 16 17 18 19
decision_type=9 9 10 9 9 9 9 8 9 9 9 9 9 9 9 9 9 9 9 9 1 9
left_child=-1 3 5 -2 -4 11 13 9 -9 -8 -11 -3 21 -7 -15 -14 -17 19 -19 -10 -20 -5
right_child=1 2 4 12 -6 6 7 8 17 10 -12 -13 15 14 -16 16 -18 18 20 -21 -22 -23
leaf_value=538.39377785758734 552.34435377831176 -6.7332203274525027 193.37892473135216 149.11730783804481 5.2956933678312001 -2.018648976797659 32.581965324530707 47.059676600670343 3.0677425666875098 -141.10765462130564 -19.409021884300547 65.947405663172262 697.90509799020469 -46.816344459470358 -135.65292473454116 -40.694354700763611 1.3847202680004362 28.827238575927407 -152.75131909923508 -36.35953114365698 -7.1576498384334295 73.672677409511721
leaf_weight=1379 1426 894 1464 779 1637 520 393 1504 1342 371 644 1678 146 583 276 338 891 1747 61 1680 2434 788
leaf_count=1379 1426 894 1464 779 1637 520 393 1504 1342 371 644 1678 146 583 276 338 891 1747 61 1680 2434 788
internal_value=0.000754994 0.000542716 0.000184803 0.00195 0.0016982 -0.000147462 -0.00046101 -0.000204947 7.08097e-05 -0.00192128 -0.00304528 0.00125735 0.000962763 -0.00233249 -0.0036217 -0.000340663 -0.000873892 -0.000269653 0.000266573 -0.00102043 -0.000619266 0.00210038
internal_weight=22975 21596 17228 4368 3101 14127 11555 10176 8768 1408 1015 2572 2942 1379 859 1375 1229 7264 4242 3022 2495 1567
internal_count=22975 21596 17228 4368 3101 14127 11555 10176 8768 1408 1015 2572 2942 1379 859 1375 1229 7264 4242 3022 2495 1567
cat_boundaries=0 13 14 28 42 44 58 71 85 87 100 102 104 105 106 118 120 133 147 148 161
cat_threshold=0 3349544960 268439681 2147483665 0 6144 0 0 4096 0 0 663648 2490368 176 35946496 65536 0 512 142639360 64 0 0 65536 524352 0 2148533504 59932 1 35946496 0 0 0 134774784 1284 0 8192 0 6832128 16777216 2147484676 2147533324 5 4037542344 139520 3225419776 0 0 8192 32768 536871173 0 268476416 32772 16450 446693376 270532608 1573124 2 2113536 0 2751463424 132 2147500100 16778304 512 16384 3072 7864336 536936480 32896 28688 8388608 1024 536870912 2097152 9961728 0 0 0 536870912 8912896 4224 3328 2048 4 50517508 301584 0 13316 0 132 131328 0 0 73728 536870912 528656 218107904 3181188 2147484680 2555910608 78244 55758884 282624 4 32 0 2052 0 0 16777216 0 0 0 536870912 2 0 2129936 51811362 286211 33882112 13316 0 0 268567296 0 0 0 0 1082130688 16781440 2148538132 35488 8425489 8192 1073741824 2097152 143654912 0 0 134283264 0 33032 83886080 6656 2214595593 5 1 0 6240 0 0 1638400 0 0 0 536903680 7170 0 2097168 2155872256
is_linear=0
shrinkage=0.045


Tree=68
num_leaves=23
num_cat=18
split_feature=0 2 0 5 0 0 3 3 3 3 0 0 3 5 3 0 2 3 5 5 0 0
split_gain=7.64061 5.25651 4.1152 4.02787 4.16511 2.43531 2.2692 2.1802 2.17251 2.15914 2.13987 2.10689 2.07365 1.57979 1.55271 1.64066 1.46079 1.43816 2.21409 2.00208 1.37252 1.36807
threshold=0 1 2 4.7999057951650004 3 4 5 6 7 8 9 10 11 5.7573219937320976 12 13 14 15 3.1132683346437333 3.0201273556387074 16 17
decision_type=9 9 9 10 9 9 9 9 9 9 9 9 9 10 9 9 9 9 8 10 9 9
left_child=-1 2 -2 5 9 7 11 -3 -6 13 17 -7 -4 -5 15 -12 -14 18 19 -8 -20 -19
right_child=1 3 12 4 8 6 10 -9 -10 -11 14 -13 16 -15 -16 -17 -18 21 20 -21 -22 -23
leaf_value=551.18601944711247 527.48885785828759 -108.01722628705498 142.00534373042422 -14.522545412000678 53.211264502186062 74.765893569576136 -125.18040703116689 -5.4769188557389423 -5.6006147217279461 169.10191210802807 49.010609088509227 1.6273819240395171 -8.6218324099671637 164.4330389120029 11.142821867717435 -36.66689145051285 385.39790628607221 13.676637866755591 -7.8628396657978206 -202.75712870082535 -66.645116601037884 -29.18671046863183
leaf_weight=1290 1426 568 1282 538 525 1149 165 1091 2338 1842 320 2606 1434 317 2304 1086 228 345 618 35 560 908
leaf_count=1290 1426 568 1282 538 525 1149 165 1091 2338 1842 320 2606 1434 317 2304 1086 228 345 618 35 560 908
internal_value=0.000729534 0.000527838 0.00192036 0.000175305 0.00117314 -0.000296632 -3.2944e-05 -0.00188779 -2.66085e-05 0.00243688 -0.000551786 0.000842182 0.000949932 0.000544983 0.000145083 -0.00102821 -0.00010215 -0.00153065 -0.00253165 -0.00690594 -0.0018 -0.000416205
internal_weight=22975 21685 4370 17315 5560 11755 10096 1659 2863 2697 6341 3755 2944 855 3710 1406 1662 2631 1378 200 1178 1253
internal_count=22975 21685 4370 17315 5560 11755 10096 1659 2863 2697 6341 3755 2944 855 3710 1406 1662 2631 1378 200 1178 1253
cat_boundaries=0 13 14 28 42 56 58 60 62 64 78 92 94 96 110 111 113 126 139
cat_threshold=0 3349413888 301994113 2147483664 0 6176 0 0 4096 0 0 663648 2490368 176 35946496 65536 0 512 142639360 64 0 0 65536 524352 0 2148533504 59932 1 35946512 0 0 0 402685952 1284 0 0 536871936 6815744 285278208 2149583872 2147541516 5 3225681992 36 0 8192 256 68 512 268485632 2048 66 1419771904 2097152 1573132 2 4037542360 229645 724896260 330244 1746407744 264832 138783238 432144 2129937 4096 1073741824 32768 2290614272 0 128 0 536903680 4330504 184549384 2164295680 8405520 1 10485760 0 1610612736 0 0 536871937 0 0 33792 1079644160 144 2164296976 8399361 1 2421692880 8612 34996224 293472 8388608 131072 0 2097281 4 536870912 0 1207967744 1024 1064976 32 16 67111936 4 16 50462242 658 32768 0 0 0 143130624 0 0 0 0 4194312 167772160 0 16912 16 4096 0 0 0 0 0 0 536870912 4096 0 0 16
is_linear=0
shrinkage=0.045


Tree=69
num_leaves=23
num_cat=18
split_feature=0 2 0 0 3 3 0 2 0 3 4 5 0 3 3 5 0 5 2 3 5 3
split_gain=7.6855 5.18007 3.90979 3.72457 3.10469 3.02156 2.46229 2.45061 2.98326 2.52767 2.072 2.0262 2.21992 2.28937 2.01934 1.80122 1.69679 1.63999 1.47483 1.18863 1.35362 1.17684
threshold=0 1 2 3 4 5 6 7 8 9 10 3.4811217321331038 11 12 13 4.9663289649179552 14 5.8245230014317348 15 16 5.9801499880778026 17
decision_type=9 9 9 9 9 9 9 9 9 9 1 8 9 9 9 8 9 10 9 9 8 9
left_child=-1 2 -2 5 6 15 -5 9 -9 17 -10 12 -12 -14 -4 -3 19 -6 -16 -13 -21 -18
right_child=1 3 14 4 7 -7 -8 8 10 -11 11 16 13 -15 18 -17 21 -19 -20 20 -22 -23
leaf_value=526.3826485719926 474.19100374976614 -91.314168187484526 129.63438106625046 95.670224087065804 -73.724305536813645 141.93574898765496 0.16084224635466149 50.97775787836428 -100.0699053307146 -6.2217927522868219 1.2176163202421879 49.604336378791835 -3.8361984798652577 -111.71923712270707 -8.5886572415220215 74.736345054975644 -30.157167714691823 22.240860802069083 368.05500050319887 -5.8702816165127887 182.68110388801679 -2.2252329626964293
leaf_weight=1290 1442 370 1299 1314 457 1798 1498 1808 178 805 748 1253 427 602 1401 231 896 89 228 1485 190 3166
leaf_count=1290 1442 370 1299 1314 457 1798 1498 1808 178 805 748 1253 427 602 1401 231 896 89 228 1485 190 3166
internal_value=0.000719742 0.000517468 0.00189982 0.000167513 -9.76686e-05 0.00180859 0.0012461 -0.000410779 -0.000182675 -0.00220873 -0.000519984 -0.00042234 -0.00177825 -0.00311671 0.000945919 -0.000946982 -7.7231e-05 -0.00454839 -0.000112431 0.000746939 -4.00117e-05 -0.000671576
internal_weight=22975 21685 4370 17315 14916 2399 2812 12104 10753 1351 8945 8767 1777 1029 2928 601 6990 546 1629 2928 1675 4062
internal_count=22975 21685 4370 17315 14916 2399 2812 12104 10753 1351 8945 8767 1777 1029 2928 601 6990 546 1629 2928 1675 4062
cat_boundaries=0 13 14 27 40 42 44 58 59 73 75 76 90 92 94 108 109 111 113
cat_threshold=0 3349413888 301994113 2147483664 0 6176 0 0 4096 0 0 663648 2490368 176 35946496 65536 0 512 143687936 64 0 0 65536 524352 0 2148533504 59932 539050000 0 3825205312 5 268485120 1024 576 0 134217728 1572944 32 2147487744 26752 4036497864 34050 106139654 18448 3221520384 0 0 0 134217728 536871168 0 8192 536871936 6455306 301990032 1082496 67141660 5 1 2155876353 131072 0 128 76 0 128 16448 3072 1073742336 4240 3712 1085954 20 312852 133121 1 0 13316 0 2097152 655360 0 0 65536 536870912 10506240 16777216 16777472 67108904 2 319540 286888 2421692880 8628 33849352 8192 0 0 1208615168 260 0 98304 0 14681096 620822528 2097428 1076 1 16 18956800 286860 119545856 336608
is_linear=0
shrinkage=0.045


Tree=70
num_leaves=23
num_cat=18
split_feature=0 2 0 5 0 0 3 0 0 3 3 3 0 3 2 3 1 5 3 5 5 3
split_gain=7.96092 4.65572 3.71047 3.6416 3.60003 2.35539 2.11878 2.60073 2.45238 2.0876 1.79324 1.51901 1.50242 1.29873 1.26424 1.25711 1.24183 1.18097 1.42519 1.2018 1.15025 1.11558
threshold=0 1 2 4.7999057951650004 3 4 5 6 7 8 9 10 11 12 13 14 15 3.1132683346437333 16 2.4414009612931857 5.6365721362514982 17
decision_type=9 9 9 10 9 9 9 9 9 9 9 9 9 9 9 9 9 10 9 10 8 9
left_child=-1 2 -2 5 13 11 8 15 -7 16 -6 -3 -9 20 -11 -8 -4 18 -10 -20 -5 -14
right_child=1 3 9 4 10 6 7 12 17 14 -12 -13 21 -15 -16 -17 -18 -19 19 -21 -22 -23
leaf_value=474.28850752603699 452.26368585671787 -5.3773660965216532 -78.196388762834076 -14.119299185341381 57.50115412618959 -72.281246882092304 0.69816667874942973 -111.24670580351994 -129.27598504314733 614.19650958763134 -2.8765611310915911 85.336067490872693 -13.685891074919642 160.98667304945147 -11.67143831236206 93.607052210681161 123.84615017379812 -3.6807834608195433 45.007118599097304 -69.291918038494373 173.61459400263846 6.8831689138348739
leaf_weight=1436 1290 621 164 416 381 947 949 466 219 141 2567 873 2210 1748 1315 1075 1611 2405 222 200 302 1417
leaf_count=1436 1290 621 164 416 381 947 949 466 219 141 2567 873 2210 1748 1315 1075 1611 2405 222 200 302 1417
internal_value=0.000704074 0.000486312 0.00176803 0.000144803 0.00110838 -0.000304756 -0.000551274 -2.42289e-05 -0.00135618 0.000944959 4.25677e-05 0.00135657 -0.00067637 0.00237167 -0.000318801 0.00129077 0.00197678 -0.000726946 -0.00244246 -0.000808756 0.000727397 -0.000362325
internal_weight=22975 21539 4521 17018 5414 11604 10110 6117 3993 3231 2948 1494 4093 2466 1456 2024 1775 3046 641 422 718 3627
internal_count=22975 21539 4521 17018 5414 11604 10110 6117 3993 3231 2948 1494 4093 2466 1456 2024 1775 3046 641 422 718 3627
cat_boundaries=0 13 14 27 41 54 56 69 82 84 86 88 102 104 105 107 109 111 113
cat_threshold=262144 3349413888 268439681 2147483664 0 6144 0 0 4096 0 0 663648 2498560 240 35684352 65536 0 512 143655168 64 0 0 0 524352 0 2148532480 18972 35684368 0 0 0 403177728 1284 0 0 1024 6815744 335609856 2148535296 2214644236 5 25182208 131072 2751463424 268435461 2415935552 50332672 256 0 1024 1074806800 160 16781568 2210 168173094 379554 2147581953 0 1073741824 128 134217740 536870913 128 134291456 0 4849666 4112 2415955472 1041 3223388160 4 1073741824 128 142606592 0 0 24576 0 4325378 838864896 2418049040 8388612 3092806104 270756 1611141184 264832 2184651284 31304 1077936128 0 0 8192 131072 64 0 1073741824 2048 1024 1084358656 3145732 540928 3 134318630 432144 32 13754560 139337 268959744 512 33948160 297474 555794704 5468
is_linear=0
shrinkage=0.045


Tree=71
num_leaves=23
num_cat=19
split_feature=0 2 0 0 3 3 5 0 0 0 3 3 3 0 5 0 5 3 2 3 0 1
split_gain=7.67165 4.65471 3.54989 3.18455 2.67902 2.66372 2.16271 3.53715 2.21438 2.11743 2.10616 1.74435 1.72271 1.48099 2.44732 1.41971 1.40004 1.38919 1.31318 1.20736 1.21628 1.17252
threshold=0 1 2 3 4 5 3.1132683346437333 6 7 8 9 10 11 12 4.9663289649179552 13 4.2696729980286863 14 15 16 17 18
decision_type=9 9 9 9 9 9 10 9 9 9 9 9 9 9 10 9 8 9 9 9 9 9
left_child=-1 3 -3 4 13 9 7 -7 11 -5 21 -8 -9 14 -2 17 -6 -10 -12 -17 -21 -4
right_child=1 2 10 5 16 6 8 12 15 -11 18 -13 -14 -15 -16 19 -18 -19 -20 20 -22 -23
leaf_value=490.05497102953115 -98.726130296194953 434.15103913698186 -80.209229775709844 -5.9428865186148681 40.712526685689156 38.164874569946051 4.6733617091960973 -176.84161581325174 -3.0844203151302114 51.953507673913897 593.78011942592229 -67.185561283666701 -49.021177278474845 110.61508067624835 64.266800802064466 -11.398896168605521 186.05715053822158 52.773033391186679 -10.77022977119101 22.202882935122638 -6.5012250787532784 121.15693176901232
leaf_weight=1394 255 1343 168 788 791 483 421 137 818 2008 144 732 1257 240 153 2394 1282 1081 1308 2006 2151 1621
leaf_count=1394 255 1343 168 788 791 483 421 137 818 2008 144 732 1257 240 153 2394 1282 1081 1308 2006 2151 1621
internal_value=0.00069624 0.000485783 0.00175653 0.000142072 0.0015494 -0.000127239 -0.000430734 -0.0018273 -0.000157886 0.00111538 0.000942054 -0.001997 -0.00296373 -0.000968182 -0.00259286 9.57222e-05 0.00233741 0.00117504 -0.000331967 -0.000218726 0.000245023 0.0019714
internal_weight=22975 21581 4584 16997 2721 14276 11480 1877 9603 2796 3241 1153 1394 648 408 8450 2073 1899 1452 6551 4157 1789
internal_count=22975 21581 4584 16997 2721 14276 11480 1877 9603 2796 3241 1153 1394 648 408 8450 2073 1899 1452 6551 4157 1789
cat_boundaries=0 13 14 27 41 43 45 58 71 84 86 88 90 103 116 118 119 121 135 137
cat_threshold=2097152 3349413888 268439681 2147483664 0 6144 0 0 0 0 0 663648 2490368 7 33849344 65536 0 512 142606592 64 0 0 0 525376 0 2148532480 25116 536920064 131072 2751463488 5 1342193664 1024 64 0 134222848 1572880 32 2147489792 25216 4 122097670 280576 4038595008 164098 262144 9216 0 2097152 524552 0 0 8192 536903680 8392704 4224 256 1050630 1078198284 1024 0 40960 1048832 1 0 268443648 32768 135235 312475648 19922944 256 4096 12292 0 2097152 524544 0 0 65536 0 8392960 486543360 901 4096 2555922936 270756 4457508 285272 263680 2560 32768 0 0 1 0 1024 0 0 0 0 0 2147487744 512 41947152 4 1073741824 192 131072 16777220 0 115776 2048 73401344 65536 268469892 1085442 38077442 32401 32 235186212 332393 16842753 0 0 0 134742016 536870912 512 134217728 0 1073741832 553783296 273 2214592536 3 268959744 512
is_linear=0
shrinkage=0.045


Tree=72
num_leaves=23
num_cat=20
split_feature=0 0 2 3 3 3 1 0 4 0 3 5 0 0 3 0 3 0 2 0 5 0
split_gain=7.86867 4.26444 3.68283 2.62975 2.34468 2.28121 2.26858 2.18587 2.19587 2.02127 1.785 1.74063 1.81423 1.66173 1.56334 1.53655 1.47892 1.30554 1.62625 1.26743 1.21427 1.31368
threshold=0 1 2 3 4 5 6 7 8 9 10 5.9175479584402915 11 12 13 14 15 16 17 18 5.0205801788306017 19
decision_type=9 9 9 9 9 9 9 9 1 9 9 10 9 9 9 9 9 9 9 9 8 9
left_child=-1 4 3 9 -2 6 -4 10 13 -3 -7 12 16 -9 15 -14 -10 -5 -19 -16 21 -6
right_child=1 2 5 17 20 7 -8 8 11 -11 -12 -13 14 -15 19 -17 -18 18 -20 -21 -22 -23
leaf_value=465.23192614899216 209.57255423499944 252.27689600974492 -2.153424381301424 118.83073097301356 -71.233331266244264 -5.437992031437072 96.9837094400486 -0.30153243422312886 -13.038421881541565 60.58023654916208 -104.80901439804941 54.37314090515121 1.3001819777136867 -92.297110940844391 10.382695349030461 -41.513819775926585 41.98372057374911 670.71480657686152 -16.449593616355159 -10.03162568198865 120.70887904571545 143.8026665986132
leaf_weight=1288 1955 1004 1279 262 417 398 1372 243 707 1367 437 968 895 296 1998 2082 1696 123 1175 2361 369 283
leaf_count=1288 1955 1004 1279 262 417 398 1372 243 707 1367 437 968 895 296 1998 2082 1696 123 1175 2361 369 283
internal_value=0.000676655 0.000472211 0.000217591 0.00143913 0.00203656 -0.000109265 0.00108318 -0.000371744 -0.000205454 0.00238124 -0.00257674 -6.42915e-05 -0.000245303 -0.00300277 -0.000596489 -0.00138959 0.000825466 1.66358e-10 -0.00059084 -5.2505e-05 0.000328862 -0.000769231
internal_weight=22975 21687 18663 3931 3024 14732 2651 12081 11246 2371 835 10707 9739 539 7336 2977 2403 1560 1298 4359 1069 700
internal_count=22975 21687 18663 3931 3024 14732 2651 12081 11246 2371 835 10707 9739 539 7336 2977 2403 1560 1298 4359 1069 700
cat_boundaries=0 13 27 28 30 32 34 36 49 50 63 65 79 92 94 108 110 123 124 138 151
cat_threshold=536870912 3350462464 301994113 2147483664 0 6176 64 0 0 0 0 663648 2490368 2375696 131072 2751463504 517 268484608 1024 256 0 134218752 1572880 32 2147483648 90752 16 176 2558093784 78246 4036511600 78575 4036497800 132352 1343757585 10068 1077936132 65536 0 8192 1048576 16777217 0 268435456 132 2 312475648 2129920 1572864 1 32768 69696 0 0 135856384 0 0 0 98304 7168 0 1049872 2155874332 138691618 61576 8421377 8192 1073741824 192 1073742156 0 0 16448 6144 1075839488 536870912 6036 67145730 4 2147483648 0 0 0 0 0 0 0 0 0 4112 268436224 17 184962560 12835 33554432 1028 0 0 655360 570425344 0 1073848320 0 8572928 83886080 16777216 2064 2 121962534 363009 32768 8192 0 0 134217728 0 0 65536 0 0 0 1048832 20 32 2147553288 4096 0 2097152 0 68 640 0 536903680 71303496 1073746064 2049 8389689 1 262144 0 0 0 0 1024 0 0 0 524288 0 2147483648 512
is_linear=0
shrinkage=0.045


Tree=73
num_leaves=23
num_cat=20
split_feature=0 5 0 0 3 0 3 0 0 3 2 2 0 0 3 1 3 0 3 5 2 0
split_gain=7.30033 4.54419 4.21485 3.0823 2.96857 2.95583 2.87034 2.89528 2.83119 2.52299 2.04041 1.83349 1.68906 1.58924 1.58729 1.31291 1.06151 1.44527 1.05605 1.29319 1.02232 0.992926
threshold=0 4.1820210059610323 1 2 3 4 5 6 7 8 9 10 11 12 13 14 15 16 17 3.5972184255501678 18 19
decision_type=9 10 9 9 9 9 9 9 9 9 9 9 9 9 9 9 9 9 9 10 9 9
left_child=-1 3 10 9 5 -5 12 -8 18 -2 14 13 -4 -7 -3 -9 21 -18 -6 -20 -17 -15
right_child=1 2 6 4 8 11 7 15 -10 -11 -12 -13 -14 16 -16 20 17 -19 19 -21 -22 -23
leaf_value=454.05366128020614 -79.364987463369559 -74.946386172404601 25.16082101958883 52.307743510274058 -68.531929910211275 -121.89457759082495 114.83767584746256 -1.6509470382046474 36.613990968742186 -11.019360870369015 240.67650238124671 283.28416401057899 -6.6284692577042721 20.667977751464562 70.799456948190581 -18.033667095395884 3.2469857870425667 -63.753623500175223 -52.400851383844049 37.092180118996112 63.996712668315752 -15.191218848352053
leaf_weight=1183 371 105 1218 1012 338 440 1588 1961 2965 819 1880 199 2914 489 411 180 418 943 321 280 1143 1797
leaf_count=1183 371 105 1218 1012 338 440 1588 1961 2965 819 1880 199 2914 489 411 180 418 943 321 280 1143 1797
internal_value=0.000653153 0.000464777 0.00108534 -0.000215605 6.44673e-05 -0.000628813 0.00063587 0.00137469 0.00100434 -0.00235857 0.00275831 -0.00114542 -0.000236728 -0.00135362 0.000221591 0.000606189 -0.00103676 -0.00202877 -0.00114038 7.34111e-06 0.00169551 -0.000438642
internal_weight=22975 21792 11400 10392 9202 5298 9004 4872 3904 1190 2396 4286 4132 4087 516 3284 3647 1361 939 601 1323 2286
internal_count=22975 21792 11400 10392 9202 5298 9004 4872 3904 1190 2396 4286 4132 4087 516 3284 3647 1361 939 601 1323 2286
cat_boundaries=0 13 26 39 41 55 57 71 85 87 88 89 102 116 118 120 122 136 138 139 152
cat_threshold=0 3347316736 301994113 2147483664 0 6144 0 0 0 0 0 663648 2490368 2474000 2097152 603979776 512 0 1280 128 16384 2048 3673104 536936480 2415919104 27280 4456468 16388 0 268435456 134479872 33554688 512 16384 4 67143936 528678920 268435456 524544 595047940 286348 0 196608 1610612736 2105345 8405056 0 0 134225920 33792 3801104 4112 17826197 20482 4 256257574 479353 2181038080 9248 0 0 17858560 536870912 0 8192 1024 4194307 4224 1284 2147520520 5 1073741824 133120 0 2097152 9043976 0 0 134324224 3072 2621456 536875008 1172 1102336 1 142606898 330592 3 23 2181042176 133136 0 2097153 403177728 68 0 65536 1024 1073790976 520093696 3181824 32772 2149580800 48 0 0 256 1024 0 0 0 1026 0 2129920 1024 2 151126018 147456 403706269 9784 5472768 280716 1073774592 3072 0 0 1572864 0 0 0 2048 1077936128 0 1536 2214592549 1 75497490 204800 2 8388608 4096 0 0 524288 0 0 0 536870912 4096 160 2048 8430081
is_linear=0
shrinkage=0.045


Tree=74
num_leaves=23
num_cat=21
split_feature=0 2 0 3 0 3 0 0 0 3 3 5 0 3 3 2 1 3 3 0 3 2
split_gain=7.01474 4.33852 6.0276 3.56802 2.62026 2.78107 2.9561 2.4965 2.26102 2.43799 1.94779 1.91819 2.14511 3.59887 1.91635 1.78922 1.49992 1.48966 1.43676 1.41774 1.34183 1.34167
threshold=0 1 2 3 4 5 6 7 8 9 10 3.8606743063089755 11 12 13 14 15 16 17 18 19 20
decision_type=9 9 9 9 9 9 9 9 9 9 9 8 9 9 9 9 9 9 9 9 9 9
left_child=-1 4 17 7 10 6 -6 -4 9 -5 -2 12 20 -14 19 -16 -8 -3 -18 -13 -10 -19
right_child=1 2 3 8 5 -7 16 -9 11 -11 -12 14 13 -15 15 -17 18 21 -20 -21 -22 -23
leaf_value=430.15059297452245 -10.911921906091072 282.19987007079624 156.84913761442536 4.0206413936426673 -10.338774349077964 -1.8562377855409697 -151.20972687952673 21.679770468734318 -24.939203959887788 -46.140337350991949 36.096828949614292 -45.782729498621869 -64.319472619737468 -9.5580195243455908 17.842304714461164 124.04414584422562 56.468074566862299 31.178385602929239 -90.715120294954502 2.7521913260319915 27.903519693084696 534.30957026530052
leaf_weight=1225 1369 1740 1148 763 698 1528 303 1631 243 856 1399 436 424 1267 3157 1085 114 1041 287 1073 889 299
leaf_count=1225 1369 1740 1148 763 698 1528 303 1631 243 856 1399 436 424 1267 3157 1085 114 1041 287 1073 889 299
internal_value=0.000613984 0.000425972 0.000804532 0.000378466 -0.00063993 -0.00157546 -0.00301697 0.00180419 -1.19058e-05 -0.00154782 0.000352878 0.000279874 -0.000680177 -0.00168849 0.000751695 0.00123977 -0.00506564 0.00259056 -0.00303995 -0.00062426 0.000833916 0.00143121
internal_weight=22975 21750 16052 12972 5698 2930 1402 2779 10193 1619 2768 8574 2823 1691 5751 4242 704 3080 401 1509 1132 1340
internal_count=22975 21750 16052 12972 5698 2930 1402 2779 10193 1619 2768 8574 2823 1691 5751 4242 704 3080 401 1509 1132 1340
cat_boundaries=0 13 14 27 29 42 44 57 71 85 87 89 103 105 107 108 110 112 114 128 130 131
cat_threshold=536870912 3348365312 301994113 2147483664 0 6176 64 0 0 0 0 663648 2490368 3 44351488 2228224 536870976 517 268484864 0 0 0 0 1056772 65536 2147486592 581652 3493331408 131074 8585220 0 3758096384 128 4 0 0 8192 134217856 3221229584 184 2147522180 41 89501206 332805 33554432 0 0 1 8519936 33554432 0 0 0 264 0 268435712 2147483652 0 11312 0 0 1048576 536872256 0 134225920 536875008 4199435 536870912 16778256 8389128 1 4100 18452 0 32768 1048576 570425409 768 1476419584 4 20736 44040192 16809985 8388608 1 12584484 30856 2332448326 478416 4194304 69728 0 2097152 8519752 0 128 32768 536872960 67239946 67108864 1048596 2215642112 6 705040384 61792 122030636 262217 68 20 3592 4175053112 508292 21005312 66560 0 13344 0 0 0 0 0 0 536870912 131074 0 16 2214592512 4 58754080 262656 68
is_linear=0
shrinkage=0.045


Tree=75
num_leaves=23
num_cat=18
split_feature=0 0 2 3 5 3 1 3 0 2 0 3 4 5 3 0 3 0 2 3 5 5
split_gain=7.07376 4.21228 3.46726 2.79568 2.47869 2.38186 1.93381 1.87652 1.86437 1.86163 2.41034 2.10959 1.81117 2.12913 1.71213 1.5237 2.23215 1.44645 1.54312 1.44204 1.93815 1.37496
threshold=0 1 2 3 5.0336952619030333 4 5 6 7 8 9 10 11 5.9175479584402915 12 13 14 15 16 17 3.2384861814448418 4.8789996228937618
decision_type=9 9 9 9 8 9 9 9 9 9 9 9 1 10 9 9 9 9 9 9 8 10
left_child=-1 4 5 8 7 6 -3 -2 -4 11 14 -7 21 15 -11 16 -14 -5 -19 20 -17 -12
right_child=1 2 3 17 -6 9 -8 -9 -10 10 12 -13 13 -15 -16 19 -18 18 -20 -21 -22 -23
leaf_value=406.52852748896697 -28.749622692067778 -14.004579329650731 242.90120325383069 114.77455532877117 207.32946604583728 -58.398424144601158 46.233695309383634 117.26510469806527 66.419629590931777 -5.0687601178367716 -66.394026898372459 -4.2407956756335343 -93.026756624823079 56.984489386330559 67.328346735776591 -107.58197515200712 -3.781320494723853 643.88353716977815 -14.699343369494635 2.5434802825704343 -7.4646477273207443 -137.11427580471289
leaf_weight=1293 482 451 1021 231 1318 535 1806 1656 1216 603 113 901 640 832 1059 352 827 134 1326 4033 2104 42
leaf_count=1293 482 451 1021 231 1318 535 1806 1656 1216 603 113 901 640 832 1059 352 827 134 1326 4033 2104 42
internal_value=0.000619859 0.000425648 0.000151991 0.00133401 0.00186332 -0.000173585 0.00116417 0.000921028 0.00237506 -0.000425247 -0.000218282 -0.00193923 -0.000511055 -0.000425938 0.00134946 -0.000652551 -0.00195639 -5.02054e-05 -0.000580842 -0.000353715 -0.0012107 -0.00530255
internal_weight=22975 21682 18226 3928 3456 14298 2257 2138 2237 12041 10605 1436 8943 8788 1662 7956 1467 1691 1460 6489 2456 155
internal_count=22975 21682 18226 3928 3456 14298 2257 2138 2237 12041 10605 1436 8943 8788 1662 7956 1467 1691 1460 6489 2456 155
cat_boundaries=0 13 27 28 30 32 34 36 49 50 63 65 66 68 82 84 97 98 100
cat_threshold=536870912 3348365312 301994193 2147483664 0 6176 64 0 0 32 65536 663648 2490368 2408448 2228224 3825205248 517 2415968256 1024 0 0 134222848 1572880 32 2147483648 90752 4 71 3631769944 209286 4035576256 258 269484305 848 239538182 2064 0 69728 0 0 135790592 0 0 0 98304 1026 0 1049856 2155874332 1 2155876369 0 0 128 1073741900 4 128 49216 0 1073741824 603984024 3968 1054722 312852 133120 1 39913510 369801 4194312 0 0 8192 8388608 33554433 256 1342185472 32772 16387 446693376 19955712 524544 2 185663522 467684 0 8192 0 0 134217728 0 0 0 0 0 134217728 1048832 20 32 256122368 266800
is_linear=0
shrinkage=0.045


Tree=76
num_leaves=23
num_cat=20
split_feature=0 5 0 3 2 0 0 0 2 3 3 0 0 3 0 1 1 5 2 4 3 3
split_gain=6.46157 4.60655 4.08945 3.77235 2.86761 3.02047 2.52876 2.38518 2.19852 2.15067 1.93341 2.24631 1.88855 1.81988 1.66188 1.60518 1.55076 1.50522 2.05307 1.37989 1.34175 1.28955
threshold=0 4.1820210059610323 1 2 3 4 5 6 7 8 9 10 11 12 13 14 15 3.1132683346437333 16 17 18 19
decision_type=9 10 9 9 9 9 9 9 9 9 9 9 9 9 9 9 9 8 9 1 9 9
left_child=-1 4 9 6 -2 13 -4 -5 20 14 12 -12 17 -6 -3 -14 -13 -7 21 -9 -8 -19
right_child=1 2 3 7 5 10 8 19 -10 -11 11 16 15 -15 -16 -17 -18 18 -20 -21 -22 -23
leaf_value=503.47776662359041 380.44427336044919 -12.647604350250312 -9.4849159415952062 23.395715244959632 -114.24403748888101 -167.14522667194328 86.738570178149288 -17.255115507257983 101.82876157713615 7.9658297042986801 58.604870843867843 -37.542677232109277 -32.333167509281239 -27.826504342431182 -44.313966989925184 21.425773834197749 3.08842319307184 27.173536582214727 -101.73188096114337 168.38019890508843 -23.45478177898875 -45.352231392239531
leaf_weight=1053 430 670 1978 1165 238 166 279 120 1467 1461 780 734 422 766 290 861 5304 247 216 3572 493 263
leaf_count=1053 430 670 1978 1165 238 166 279 120 1467 1461 780 734 422 766 290 861 5304 247 216 3572 493 263
internal_value=0.000561105 0.000394319 0.0010157 0.00145311 -0.000290392 -0.000446448 0.000465004 0.00230776 0.00149733 -0.000627004 -0.000183398 0.000189751 -0.00134774 -0.00277264 -0.00226852 -0.000232818 -0.00010562 -0.00292699 -0.00206456 0.0028696 -0.000447704 -0.000431034
internal_weight=22975 21922 11495 9074 10427 9997 4217 4857 2239 2421 8993 6818 2175 1004 960 1283 6038 892 726 3692 772 510
internal_count=22975 21922 11495 9074 10427 9997 4217 4857 2239 2421 8993 6818 2175 1004 960 1283 6038 892 726 3692 772 510
cat_boundaries=0 13 26 28 29 42 56 70 71 73 75 88 101 103 115 117 119 120 121 123 125
cat_threshold=0 3330539520 301994113 2147483728 0 6144 0 0 524288 0 0 663648 2490368 1090523136 0 0 2105344 25362432 1 0 268443648 536903684 8536128 304091280 16777745 75497472 256089614 416858 224 2151940100 16388 0 268435456 262144 33554688 512 49152 4 67112192 511901696 270532608 524544 33554432 16792608 0 0 135823360 536870980 0 65536 0 4199434 16777216 1048708 2147516424 7 0 6164 0 0 1342177536 33554436 0 134283264 4096 1073774600 1291845632 34816 1029 2 3 151282736 368810 1109399108 302592 33554432 65552 2684354560 8196 147456 0 0 0 32776 147970 2097200 17831936 9445537 1073774592 4144 536870912 0 134349060 0 0 65536 32768 1086377994 128 1083904 2147518473 672399922 65600 1073745920 0 0 0 8388608 0 0 0 536870912 0 301994000 528 268697604 10785 404228099 576 6 1 16777728 4122 1107301892 1024
is_linear=0
shrinkage=0.045


Tree=77
num_leaves=23
num_cat=20
split_feature=0 2 0 5 0 0 3 3 3 1 0 0 3 3 2 0 3 5 3 0 3 3
split_gain=6.93056 3.99379 4.15837 3.06109 2.9764 2.92612 2.60843 2.24361 2.11049 1.96174 1.66991 1.63439 2.03293 1.56421 1.53111 1.55026 1.494 1.36869 1.30855 1.30348 1.23948 1.18265
threshold=0 1 2 3.4175922930736511 3 4 5 6 7 8 9 10 11 12 13 14 15 5.705446369702539 16 17 18 19
decision_type=9 9 9 10 9 9 9 9 9 9 9 9 9 9 9 9 9 10 9 9 9 9
left_child=-1 2 -2 5 -5 13 9 -7 -4 -6 20 12 -8 -3 15 21 -16 -17 -12 -10 -9 -13
right_child=1 3 8 4 6 7 11 10 19 -11 18 14 -14 -15 16 17 -18 -19 -20 -21 -22 -23
leaf_value=469.10773892269754 370.35169777207426 -69.556237279509119 69.36343483773102 122.85359247581496 -65.031429058782848 -114.77108948064389 11.573554941633585 -31.786487458709857 -34.527115932734276 66.320074097726973 -4.6575406982517347 -26.374944336888067 -43.265130533860152 47.73874373686828 -61.247101793684074 -1.9863632011001302 -1.7437272135301978 42.793484185476153 -58.551130306546739 3.5030773365928973 21.8463906265793 125.2914797364182
leaf_weight=1370 1809 211 1389 1397 115 481 363 603 401 1644 472 108 755 713 264 6101 565 1287 844 979 517 587
leaf_count=1370 1809 211 1389 1397 115 481 363 603 401 1644 472 108 755 713 264 6101 565 1287 844 979 517 587
internal_value=0.000557188 0.000359093 0.00153726 4.14639e-05 0.000367152 -0.00107611 0.000133082 -0.00177142 0.000435275 0.0017253 -0.00120221 -0.000147879 -0.00176018 0.001125 5.64771e-05 0.000246263 -0.00177111 5.35137e-05 -0.00228389 -0.000808189 7.95055e-05 0.00225955
internal_weight=22975 21605 4578 17027 13186 3841 11789 2917 2769 1759 2436 10030 1118 924 8912 8083 829 7388 1316 1380 1120 695
internal_count=22975 21605 4578 17027 13186 3841 11789 2917 2769 1759 2436 10030 1118 924 8912 8083 829 7388 1316 1380 1120 695
cat_boundaries=0 13 14 27 40 54 56 58 60 62 76 88 90 92 93 106 107 109 119 121 123
cat_threshold=538968064 2257846272 838865105 2147483664 0 6176 0 0 134217728 0 0 663648 2564096 240 33849344 18939968 0 512 142704640 64 0 0 98304 524352 134217728 2150630656 2147500572 41992208 0 1140850688 577 268435456 1028 128 32768 5120 70778896 536936480 268435456 21026 65536 131072 2147483648 2097284 1589504 0 0 1073741824 536903680 1082277904 2101392 16784385 34976 4 4036493504 33024 1127220808 264192 2153548248 418212 1048897 80 2181300224 13312 0 0 8388616 536871936 0 65536 0 5243138 167772160 2148532736 2214593567 2 1077936140 1024 0 2138112 1048584 16777281 0 1073742848 32896 135235 1117786112 19927041 134485032 142040 2332884996 8776 6 2164260864 1073741824 0 132 4 0 0 16384 0 1073741824 0 3712 2304 38131204 2697822342 204834 0 2052 0 0 17825792 0 0 8192 4 5122 80250902 16580 33554466 8321
is_linear=0
shrinkage=0.045


Tree=78
num_leaves=23
num_cat=21
split_feature=0 0 3 0 3 0 2 4 3 5 0 2 0 3 0 0 3 0 0 3 2 3
split_gain=6.94731 3.56727 4.4974 3.8945 2.0927 2.02221 2.12457 1.98189 1.91779 1.8398 1.61508 1.4541 1.44465 1.32675 1.3212 1.23578 1.86309 1.22095 1.17278 1.59505 1.43255 1.64579
threshold=0 1 2 3 4 5 6 7 8 5.0906732680195743 9 10 11 12 13 14 15 16 17 18 19 20
decision_type=9 9 9 9 9 9 9 1 9 8 9 9 9 9 9 9 9 9 9 9 9 9
left_child=-1 4 3 -3 14 8 10 -5 17 18 -7 -11 -9 -14 -2 16 -6 -4 19 -8 -20 -22
right_child=1 2 5 7 15 6 9 12 -10 11 -12 -13 13 -15 -16 -17 -18 -19 20 -21 21 -23
leaf_value=432.04150117468163 -16.763114984653317 163.6669493993567 -15.338579812413649 -47.188496871913415 54.926512570301135 629.41774138655035 -56.336759043378009 77.149184150915758 -1.3653413575133868 -1.509382790382426 45.888787999433596 56.212956133327388 49.210709710276937 -1.789555654836265 20.13119470888407 -77.670964137222498 -47.781566799074668 -86.568838081104232 7.1012110945681819 -4.7076151716137895 -136.84067811885006 -17.432374511198262
leaf_weight=1354 278 2288 516 244 258 382 974 2086 1555 952 1012 1323 756 2587 540 644 220 454 2694 1420 120 318
leaf_count=1354 278 2288 516 244 258 382 974 2086 1555 952 1012 1323 756 2587 540 644 220 454 2694 1420 120 318
internal_value=0.000557188 0.000360075 0.000541792 0.00136642 -0.00147541 -1.91781e-05 0.000290812 0.000730607 -0.00114407 5.76131e-07 0.00190114 0.00107708 0.000910606 0.000325932 0.000260241 -0.00273016 -0.000936735 -0.00270367 -0.000442836 -0.00118953 0.00013168 -0.00222
internal_weight=22975 21621 19681 7961 1940 11720 9195 5673 2525 7801 1394 2275 5429 3343 818 1122 478 970 5526 2394 3132 438
internal_count=22975 21621 19681 7961 1940 11720 9195 5673 2525 7801 1394 2275 5429 3343 818 1122 478 970 5526 2394 3132 438
cat_boundaries=0 13 26 28 41 43 57 58 59 61 74 75 89 90 103 116 118 131 145 147 148 150
cat_threshold=538968064 3331588096 301994193 2147483664 0 4128 0 0 0 8256 0 663648 2564096 1077936196 83972 0 0 18219016 1 0 1342202880 132 16640 1384251392 16777224 1572864 4038615536 131335 2181333008 18875488 536870912 0 268468224 553651200 0 0 66560 3145730 16 2147484672 8421544 2193921196 162192 2164264968 5200 0 40960 2147549952 553648128 0 0 536936448 4199426 2097176 270565376 2155872288 1 176 1 121929728 23568 262144 16777216 0 512 142606336 0 0 0 0 0 0 2147483904 532 3 8 16 1073741824 1 16640 320 0 0 4096 1077942281 4224 2132864 2147502612 5 3492282688 0 65540 0 0 131072 0 0 1073758208 4 0 1107296256 0 1048576 0 67588 0 0 16908296 0 0 16384 0 0 1107296256 16777216 1048576 524816 108 2147487744 0 0 0 0 536870912 0 0 536870912 4199424 0 2097152 2147483680 294912 18882560 0 0 142606336 0 0 32768 32768 2752520 553648128 2147488005 33292 6 185014786 298496 6 263682 128
is_linear=0
shrinkage=0.045


Tree=79
num_leaves=23
num_cat=19
split_feature=0 5 0 4 2 0 3 3 3 0 3 0 0 2 4 0 3 3 0 0 5 5
split_gain=6.64392 3.62082 3.81311 3.09354 2.90871 3.31317 2.76268 2.31731 2.08608 2.94218 1.97843 1.75115 1.26078 1.3976 1.2351 2.07681 2.28908 1.55443 1.2008 1.19399 1.12341 1.11184
threshold=0 4.5379471377116305 1 2 3 4 5 6 7 8 9 10 11 12 13 14 15 16 17 18 5.9801499880778026 4.516324041782946
decision_type=9 10 9 1 9 9 9 9 9 9 9 9 9 9 1 9 9 9 9 9 10 8
left_child=-1 4 10 -4 -2 7 18 21 9 -7 -3 -10 -11 -14 -13 16 -16 -17 -5 20 -8 -6
right_child=1 2 3 6 5 8 19 -9 11 12 -12 14 13 -15 15 17 -18 -19 -20 -21 -22 -23
leaf_value=415.17021907012537 631.05019590947734 15.631470976909867 -67.232451854984419 199.75805348573178 2.7063775473214546 38.255406039913055 -28.275940573295276 -93.954447696681868 41.652868897204797 -53.786261682082106 -10.183351636390134 29.023191545316251 -5.7508776357116016 -105.47975438536091 -105.94978020722775 -36.391897407833859 -7.3243641777882535 12.172320752003328 55.705362977028841 34.348855874908267 157.40177540925509 -148.62921244121887
leaf_weight=1419 334 713 183 2040 555 1003 553 880 1480 950 1655 1916 2789 266 219 379 472 1787 1730 1511 93 48
leaf_count=1419 334 713 183 2040 555 1003 553 880 1480 950 1655 1916 2789 266 219 379 472 1787 1730 1511 93 48
internal_value=0.000549354 0.000351771 0.00107618 0.00166857 -0.00011766 -0.000227893 0.00184964 -0.00221839 3.63259e-05 -0.000647211 -0.000457563 0.000583959 -0.00119305 -0.000740952 0.000162696 -0.000429696 -0.00255405 0.000260331 0.00258197 0.000553942 -0.00105319 -5.12193e-05
internal_weight=22975 21556 8478 6110 13078 12744 5927 1483 11261 5008 2368 6253 4005 3055 4773 2857 691 2166 3770 2157 646 603
internal_count=22975 21556 8478 6110 13078 12744 5927 1483 11261 5008 2368 6253 4005 3055 4773 2857 691 2166 3770 2157 646 603
cat_boundaries=0 13 26 27 28 42 44 46 48 61 63 76 89 90 91 105 107 109 123 136
cat_threshold=538968064 2259943424 301994193 2147483664 0 4128 0 0 0 0 0 663648 2580480 1073745928 4096 0 0 26345472 570425413 0 0 536870912 147778 1509953680 4864 67108865 1 32 1074004036 18452 0 0 2147745792 33554688 0 268452864 4 524288 394395648 270532608 1574144 3 4170740728 90758 3758936260 162312 721688066 360072 8405009 16908288 1073741824 2097284 276824064 536870912 0 1207959552 65536 3276816 0 16781697 67148291 3759473986 428182 2147483648 1090589728 2684354560 1 268435532 0 0 0 1032 1073758218 2097168 2147490304 2208 21004288 96 0 0 134217992 0 0 32768 0 4248586 538968072 1081344 8388608 22 2 24 0 0 2097280 135397376 0 0 134217728 65536 14680336 0 5 2155909642 4 2148532296 52 1075839108 68 33849344 16910368 0 0 32768 1024 0 8192 4 1080558593 65536 2148533248 35356 5 33554448 16786464 0 0 134774784 1024 0 73728 0 528384 0 1081364 2147518464
is_linear=0
shrinkage=0.045


Tree=80
num_leaves=23
num_cat=19
split_feature=0 2 0 5 0 0 3 3 2 0 3 0 0 3 3 4 5 0 3 1 5 0
split_gain=6.54973 3.81123 3.77816 2.66771 2.89001 2.4022 2.24095 2.01865 1.87651 1.74338 1.69231 1.85098 1.83432 1.63134 1.62357 1.38311 1.32219 1.34449 1.38306 1.21181 1.21054 1.51169
threshold=0 1 2 3.4498615536424366 3 4 5 6 7 8 9 10 11 12 13 14 5.9039975907279691 15 16 17 4.3241107269113215 18
decision_type=9 9 9 10 9 9 9 9 9 9 9 9 9 9 9 1 10 9 9 9 10 9
left_child=-1 3 -3 5 -5 -2 15 -4 -9 14 11 -7 -12 -11 -8 -6 17 -15 -19 -14 21 -10
right_child=1 2 7 4 6 10 9 8 20 13 12 -13 19 16 -16 -17 -18 18 -20 -21 -22 -23
leaf_value=418.01074909728374 17.606686198237039 397.16469332441312 143.70670214095276 117.04238987380639 -72.579278800946653 -3.3034687237308664 -41.803010256227608 558.44100132835479 -66.584428007947594 -18.60543725667949 6.9932474484852234 -76.311282013285634 -56.961095755787028 20.891052246521223 -1.9038367723555933 72.296457741512725 55.464249503890279 16.881986598998694 -15.509287875401389 -4.0656793682798407 29.114113156019673 -6.2116490888093896
leaf_weight=1379 873 1481 793 1192 72 360 684 226 405 1103 963 698 618 2703 1141 1274 933 973 2949 459 851 845
leaf_count=1379 873 1481 793 1192 72 360 684 226 405 1103 963 698 618 2703 1141 1274 933 973 2949 459 851 845
internal_value=0.000529769 0.000336542 0.00148374 2.51369e-05 0.000336481 -0.000995595 0.000122341 0.000589081 -8.27275e-05 -0.000100305 -0.00158006 -0.00303645 -0.000811403 0.000166552 -0.00135955 0.00184242 0.000403038 0.000179946 -0.000352313 -0.00207851 -0.000508992 -0.00140176
internal_weight=22975 21596 4601 16995 13024 3971 11832 3120 2327 10486 3098 1058 2040 8661 1825 1346 7558 6625 3922 1077 2101 1250
internal_count=22975 21596 4601 16995 13024 3971 11832 3120 2327 10486 3098 1058 2040 8661 1825 1346 7558 6625 3922 1077 2101 1250
cat_boundaries=0 13 14 27 40 54 56 58 59 71 73 86 100 102 104 105 119 121 123 135
cat_threshold=538968064 2259943424 838865105 2147483664 0 4128 0 0 0 0 0 663648 2572288 7 33849344 16777216 0 512 8421376 64 0 0 98304 524352 0 2148533504 2147492380 8441872 1073741824 1140850688 577 268435456 1284 128 32768 5120 70778896 537067552 268435456 4352 65536 131072 2147483648 4 16648 0 0 1073741824 536903680 1082261520 136319120 16784385 43168 4 3491234240 33024 2421688656 270336 32 1073741824 5120 0 40960 1048576 553648193 512 1207968768 536903808 131139 1352667136 19927041 187712076 313606 8388608 5120 0 2097152 8519680 0 0 0 0 4739080 16777216 33024 2214592516 2185232384 8196 0 2097280 9961472 536871936 0 73728 2048 0 32 2147484544 67114521 18 33820684 134209 597803026 73768 1 2164326400 16908292 0 132 2148139012 0 0 64 2048 32768 16777216 2147485588 35475 1 96706560 24 1879065682 1546 0 2116 0 0 524288 0 0 65536 4 1026 134217728 2129920
is_linear=0
shrinkage=0.045


Tree=81
num_leaves=23
num_cat=18
split_feature=0 0 2 0 5 0 3 5 3 3 3 0 0 2 0 3 0 3 0 3 5 5
split_gain=6.63273 3.30794 4.15356 2.52036 2.36987 2.73386 2.30684 1.89509 1.74651 1.74368 1.73561 3.26239 2.88492 1.60351 1.5544 1.47184 1.34011 1.57113 1.51157 1.31706 1.19123 1.13654
threshold=0 1 2 3 5.0336952619030333 4 5 3.9219243190762363 6 7 8 9 10 11 12 13 14 15 16 17 4.9522934739897151 4.2835627800822236
decision_type=9 9 9 9 10 9 9 8 9 9 9 9 9 9 9 9 9 9 9 9 8 10
left_child=-1 8 4 -4 10 -6 -5 13 20 -9 11 19 -12 -8 -13 -7 17 18 -14 -3 -2 -18
right_child=1 2 3 6 5 15 7 9 -10 -11 12 14 16 -15 -16 -17 21 -19 -20 -21 -22 -23
leaf_value=395.33453352877348 -42.344551371695289 1.6508697560764258 542.60527488453829 204.25046718683211 -2.8116757219716106 12.641664595217325 -39.708418306319409 -28.330203360034844 -3.0794618944661498 100.203356794722 102.79097049640386 16.576302223191036 19.074559053678339 315.43416820598731 -10.655756578577419 126.20443860981466 0.079970292710390661 2.0457914923729352 -71.146862855871603 -89.716212535077915 -127.74837722771514 46.499648798840809
leaf_weight=1353 453 235 795 874 1430 1115 651 437 934 1118 903 999 219 126 4042 1591 2199 1052 600 832 131 886
leaf_count=1353 453 235 795 874 1430 1115 651 437 934 1118 903 999 219 126 4042 1591 2199 1052 600 832 131 886
internal_value=0.000527811 0.000335306 0.000488566 0.00178408 0.000165591 0.00109401 0.001211 0.000464591 -0.00168235 0.00137283 -0.000155276 -0.000685294 0.000397803 -0.00134596 -0.000203938 0.00193046 -3.07969e-05 -0.000977429 -0.00244224 -0.00293188 -0.00359396 0.000544882
internal_weight=22975 21622 20104 4001 16103 4136 3206 2332 1518 1555 11967 6108 5859 777 5041 2706 4956 1871 819 1067 584 3085
internal_count=22975 21622 20104 4001 16103 4136 3206 2332 1518 1555 11967 6108 5859 777 5041 2706 4956 1871 819 1067 584 3085
cat_boundaries=0 13 26 27 40 53 55 57 59 61 75 88 89 102 104 118 120 134 136
cat_threshold=538968064 2259943424 301994193 2147483664 0 4640 0 0 134217728 0 0 663648 2572288 4198468 83972 0 0 18088000 16777217 0 1342178304 132 67125504 312475648 285212680 524288 7 33849344 16777216 0 512 8388608 64 0 0 0 0 0 2148532480 8724 1107296256 4096 0 0 8388608 570425344 0 73728 536870912 1073745920 201461776 384 1040 2551718224 205056 688456256 265036 50463246 264712 242687506 368184 3221487616 16777216 0 2105344 134217728 0 0 0 33792 2622466 8 3182596 2147524614 5 3229614080 16908288 3758096384 2105348 268566528 33555456 0 0 1024 1075838976 536871088 0 47266 16 50348033 140288 0 133 2147483652 1088 128 24576 536877056 1074921488 131072 2176 4097 721531436 153658 33554440 13312 0 0 8388608 256 128 73728 536877056 1708050 16777216 2150629380 9438473 18 16826536 147840 0 0 0 0 8388608 0 0 0 2048 0 0 1048580 1032 2 1118208 67592
is_linear=0
shrinkage=0.045


Tree=82
num_leaves=23
num_cat=21
split_feature=0 2 0 5 0 0 0 3 0 3 0 3 0 0 3 0 0 3 3 3 3 1
split_gain=6.29537 3.19177 3.43657 2.46554 2.8843 2.24101 2.05149 2.30274 2.84986 2.04525 1.95946 1.49711 1.43705 1.37716 1.35331 1.79784 1.59104 1.33056 1.30605 1.1588 1.14729 1.13122
threshold=0 1 2 3.4498615536424366 3 4 5 6 7 8 9 10 11 12 13 14 15 16 17 18 19 20
decision_type=9 9 9 10 9 9 9 9 9 9 9 9 9 9 9 9 9 9 9 9 9 9
left_child=-1 3 19 5 18 -2 11 10 -9 13 14 -6 -11 -4 16 -16 -8 -7 -5 -3 -10 -19
right_child=1 2 9 4 6 17 7 8 20 12 -12 -13 -14 -15 15 -17 -18 21 -20 -21 -22 -23
leaf_value=384.88735394987293 15.329247214764237 182.21061585062182 91.536161252449034 183.9959527459969 29.847611929914589 -3.4012976956196934 -128.36468059350864 47.751900391224311 38.796247560683291 -39.409315844118183 1.7287734470328446 -59.49025909311996 -0.13631784299123895 37.639152204971623 14.735932023833072 -71.734602335102736 12.194895507293744 0.66833381117839907 50.41573136494042 449.89275602689827 -4.9269713912968172 -57.44780302027641
leaf_weight=1331 932 349 664 664 119 1218 115 2249 878 258 3824 386 1157 953 225 790 645 331 866 1220 2286 1515
leaf_count=1331 932 349 664 664 119 1218 115 2249 878 258 3824 386 1157 953 225 790 645 331 866 1220 2286 1515
internal_value=0.000531728 0.00034577 0.00139595 6.14777e-05 0.000361062 -0.000916208 0.000115925 0.000245737 0.000906636 0.000505585 -0.00039378 -0.00265474 -0.000741065 0.00159392 -0.00162423 -0.00269474 -0.00017487 -0.00150098 0.00218872 0.00309962 3.40052e-05 -0.00226211
internal_weight=22975 21644 4601 17043 13047 3996 11517 11012 5413 3032 5599 505 1415 1617 1775 1015 760 3064 1530 1569 3164 1846
internal_count=22975 21644 4601 17043 13047 3996 11517 11012 5413 3032 5599 505 1415 1617 1775 1015 760 3064 1530 1569 3164 1846
cat_boundaries=0 13 14 27 41 55 67 69 83 85 99 101 111 124 126 140 154 156 158 160 162 164
cat_threshold=538968064 2259943424 301994193 2147483664 0 4128 0 0 0 0 0 663648 2572288 7 33849344 16777216 0 512 8388608 64 0 0 98304 524352 0 2150630656 2147492380 2155921424 1073741824 1677721600 513 2416050176 1284 128 0 5120 3145744 65568 268435456 37408 1 65544 131072 2147483648 2097156 16640 0 0 1073741824 536903680 1082261520 136319120 7169 43169 4 4198400 4 0 40960 64 65 0 1342178304 32896 256 1352663040 2097153 117937206 490601 33882112 16921600 0 0 524544 0 0 0 0 4358152 4240 2164264592 2196 6 2153548248 422276 1124401152 16921600 0 2097152 525056 33554432 0 8192 2048 147456 135312 2148534544 128 2 1072 18440 0 2052 0 0 17825792 0 0 0 4 4096 0 71680 0 0 152141824 536870912 0 0 536870912 2104330 0 16 2048 67372038 463968 17039360 16908288 0 0 0 33554432 0 8192 2048 16384 4112 2048 0 2 0 16777216 0 0 0 0 0 8192 0 0 4112 0 0 2 2756416642 238714 2735263794 139534 33854082 279080 1351090240 32896 1745097160 21
is_linear=0
shrinkage=0.045


Tree=83
num_leaves=23
num_cat=19
split_feature=0 2 0 3 3 0 4 0 3 5 0 0 3 2 3 0 3 5 1 5 3 0
split_gain=6.18501 3.13587 4.02878 2.87956 2.5831 2.40251 2.23925 2.36231 2.17033 1.67582 1.71903 1.61816 1.50468 1.22592 1.19608 1.15692 1.08945 1.09173 1.08532 1.06341 1.04138 1.65082
threshold=0 1 2 3 4 5 6 7 8 5.9175479584402915 9 10 11 12 13 14 15 5.8391860522696701 16 3.9981586158983733 17 18
decision_type=9 9 9 9 9 9 1 9 9 8 9 9 9 9 9 9 9 10 9 10 9 9
left_child=-1 8 4 5 -3 -4 -5 12 11 10 -9 16 -8 14 -6 19 -2 -18 -7 -14 21 -12
right_child=1 2 3 6 13 18 7 9 -10 -11 20 -13 15 -15 -16 -17 17 -19 -20 -21 -22 -23
leaf_value=282.91871397273655 8.6559779574888793 -21.023894007930981 104.2758747657162 -52.100370064561446 169.04012258775907 35.311157296183694 -1.8916151656875879 39.339896274610538 3.0938632811711955 65.935022118150201 6.3817446488368752 -82.949518674299554 -89.338130318640452 800.32448087620969 39.559597819884225 -81.534412053871833 -80.825806556867519 52.499945131464294 -6.8622350018581377 14.936955948704796 0.31313146193647978 -26.748587028589363
leaf_weight=1392 250 612 1462 302 1021 1052 694 1232 799 1200 599 463 166 652 1823 380 193 50 1217 144 5735 1537
leaf_count=1392 250 612 1462 302 1021 1052 694 1232 799 1200 599 463 166 652 1823 380 193 50 1217 144 5735 1537
internal_value=0.00054152 0.00035279 0.000514415 0.000185927 0.00176723 0.00127558 -0.000154112 -5.50516e-05 -0.00146435 0.000180175 -2.81712e-05 -0.00290083 -0.00179226 0.00223974 0.00181828 -0.00326923 -0.00104257 -0.00312353 0.000353135 -0.00111801 -0.000273436 -0.00111871
internal_weight=22975 21583 19828 15720 4108 3731 11989 11687 1755 10303 9103 956 1384 3496 2844 690 493 243 2269 310 7871 2136
internal_count=22975 21583 19828 15720 4108 3731 11989 11687 1755 10303 9103 956 1384 3496 2844 690 493 243 2269 310 7871 2136
cat_boundaries=0 13 14 28 30 32 46 47 60 62 76 89 91 92 94 105 107 109 111 125
cat_threshold=538968064 2274623488 301994193 2147483664 0 4128 128 0 0 0 0 663648 2555904 1 2189721616 1075970048 3825205248 516 268451840 2304 0 0 1024 1073741840 8 2147486976 17040 16 3491299792 139522 34027526 3072 8 9264 0 0 557056 536872000 0 134225920 536907776 4228163 603979776 2130432 8423436 1 1 4198412 84052 0 32896 2164260864 536870913 0 1476419584 4 514 815857664 32768 524288 2181351000 161857 81920 0 0 268435520 65868 1024 256 64 67592 70387712 4272 640 1054976 4 1073741824 0 0 0 8388608 0 0 0 0 24 131104 268436224 41 583160356 20608 6 3760719320 33318 4096 2116 0 128 0 0 0 1073758208 0 2 805306368 296448 6208 16501 76166 119673378 328224 0 32 0 2097153 1703936 0 0 32768 0 8422408 117440512 1048596 8224 2
is_linear=0
shrinkage=0.045


Tree=84
num_leaves=23
num_cat=20
split_feature=0 5 2 0 0 3 0 3 3 0 0 3 3 0 0 3 0 5 0 1 3 0
split_gain=6.15625 3.32318 3.01982 2.93828 2.54824 3.02859 2.24245 2.12349 1.64385 3.51893 1.97748 1.55017 1.50984 1.5997 1.42827 2.14237 1.35644 1.24408 1.58897 1.23829 1.26146 1.20312
threshold=0 4.7317931335534196 1 2 3 4 5 6 7 8 9 10 11 12 13 14 15 3.8815106545092593 16 17 18 19
decision_type=9 10 9 9 9 9 9 9 9 9 9 9 9 9 9 9 9 10 9 9 9 9
left_child=-1 2 -2 7 5 16 -7 -3 9 11 -10 -6 13 -5 15 -14 -4 18 -12 -20 -21 -19
right_child=1 3 4 12 8 6 -8 -9 10 -11 17 -13 14 -15 -16 -17 -18 21 19 20 -22 -23
leaf_value=355.23208088450377 584.38332522085227 204.90181391880972 -109.09215941305261 -1.5880817258714774 -4.4318769272523673 19.723148437941884 -53.316670899367431 30.693083671634124 59.289152651274435 0.85748183651468834 10.939406111008214 -76.511308625131278 55.723970781181436 61.825145519005936 0.044325704726674658 -56.308841816482079 -18.456191361023663 55.698475662625135 -61.953868122198109 44.59752337369693 -19.848223980625463 2.7543944781885603
leaf_weight=1319 352 1654 381 921 553 707 562 1227 1314 4323 1299 853 111 1260 1768 219 342 857 577 283 648 1445
leaf_count=1319 352 1654 381 921 553 707 562 1227 1314 4323 1299 853 111 1260 1768 219 342 857 577 283 648 1445
internal_value=0.000508226 0.000325226 -6.64228e-05 0.0011184 -0.000170387 -0.00165719 -0.000319672 0.00222589 7.47289e-05 -0.000478923 0.000568532 -0.00242454 0.000365999 0.0011922 -0.000494787 -0.00315789 -0.00396122 0.000166081 -0.000469384 -0.00145658 -0.000424708 0.000941406
internal_weight=22975 21656 14496 7160 14144 1992 1269 2881 12152 5729 6423 1406 4279 2181 2098 330 723 5109 2807 1508 931 2302
internal_count=22975 21656 14496 7160 14144 1992 1269 2881 12152 5729 6423 1406 4279 2181 2098 330 723 5109 2807 1508 931 2302
cat_boundaries=0 13 14 28 42 44 55 57 59 73 87 89 91 104 117 118 130 144 146 148 161
cat_threshold=538968064 2257846272 301994193 2147484176 16384 4128 0 0 0 0 0 663648 2572288 32 294928 18876448 0 0 268435456 1280 0 0 1024 6818816 16842752 2147484800 2147516956 5 4194372 2181156 0 8192 2147746304 256 0 268444672 536870916 67637248 312541184 270532608 524288 2 1126520482 197344 0 2099232 0 0 512 0 0 8192 536870912 67112960 268435456 3235792336 82854 253105678 351866 3238363136 16777296 536870912 128 402653440 0 0 134217728 32768 1084260610 536870920 1048576 2147517450 1 2181038080 16777296 1610612736 129 285212672 16779265 0 134217728 32776 1074823168 0 2147484416 43171 1 218108932 66632 3759674192 494262 1073745920 8212 0 0 9437184 33554436 0 65536 0 1082277960 436207616 788 1024 33558528 5120 0 0 16777216 570425344 0 0 0 2 135168 1048576 2048 134300672 0 2099200 0 0 0 0 0 8192 536870912 4096 268435456 2097152 32768 0 0 2097156 143130880 536870912 0 0 1024 12730370 134217856 17831953 2222981644 4 1612220419 1608 639136 131072 1074036736 9216 0 0 1572868 1024 0 65536 0 10487050 0 1152 1040
is_linear=0
shrinkage=0.045


Tree=85
num_leaves=23
num_cat=20
split_feature=0 5 0 0 4 3 2 3 0 0 3 0 0 3 3 0 0 2 2 3 5 0
split_gain=5.73065 3.08444 3.01581 2.62172 2.47955 2.60295 2.22947 2.11871 1.88811 1.87431 1.78054 1.70191 1.52405 2.1749 1.72763 2.7705 2.14782 1.60915 1.52056 1.50645 1.41154 1.10484
threshold=0 4.1820210059610323 1 2 3 4 5 6 7 8 9 10 11 12 13 14 15 16 17 18 5.8245230014317348 19
decision_type=9 10 9 9 1 9 9 9 9 9 9 9 9 9 9 9 9 9 9 9 10 9
left_child=-1 3 10 7 11 9 -5 -2 18 -6 21 -4 13 -8 16 -16 -14 -18 -7 -10 -20 -3
right_child=1 2 4 6 5 8 12 -9 19 -11 -12 -13 14 -15 15 -17 17 -19 20 -21 -22 -23
leaf_value=340.03346662870257 -103.90992215687312 -5.1369877119306553 28.742148710719796 514.06869904254677 189.66502328976421 92.082306575557425 -48.95836700377793 -22.798936422697825 -7.5626865958896383 45.741481144558698 8.4639595853254992 -88.025139851882258 3.6743801364553303 75.486264427491093 31.155138431256741 -9.6840195914893759 -174.21412252360614 -24.765554179584036 -18.694862069202603 77.649812323534675 27.755936295242421 -32.274480678824091
leaf_weight=1296 234 873 114 270 1642 599 305 898 447 1795 1421 219 1655 849 1578 1821 135 2609 1804 1605 384 422
leaf_count=1296 234 873 114 270 1642 599 305 898 447 1795 1421 219 1655 849 1578 1821 135 2609 1804 1605 384 422
internal_value=0.000533686 0.000358697 0.000872032 -0.000202491 0.00128355 0.00143839 4.97078e-05 -0.00223427 0.00075974 0.00238373 -0.000435484 -0.00251194 -7.4297e-05 0.0014434 -0.000300768 0.000460422 -0.000888574 -0.00165893 -4.82298e-06 0.00179215 -0.000556363 -0.00163542
internal_weight=22975 21679 11325 10354 8609 8276 9222 1132 4839 3437 2716 333 8952 1154 7798 3399 4399 2744 2787 2052 2188 1295
internal_count=22975 21679 11325 10354 8609 8276 9222 1132 4839 3437 2716 333 8952 1154 7798 3399 4399 2744 2787 2052 2188 1295
cat_boundaries=0 13 26 39 40 42 43 45 59 73 75 88 101 103 105 119 133 134 135 137 149
cat_threshold=538968064 2257846272 301994193 2147484176 16384 32 0 0 0 0 0 663648 2572288 1090523136 4100 0 2105344 26411008 1 0 268435456 536903680 8540226 1075838992 16779285 75497472 327700 18500 0 0 1310720 33554688 128 16384 65540 69208832 511901704 268435456 525312 1 4038599152 901 32 8389154 68192 33554441 2108464 0 0 134775296 570425408 0 66560 1028 4194312 4096 2148566528 2147483657 2 33849344 16911392 0 0 32768 536874048 0 0 4 1075840257 0 2147484032 2147519128 5 251916338 204987 0 0 0 0 0 0 0 0 0 0 0 2415920640 1 16793601 131072 3758096384 8196 268435520 16777216 768 0 33800 131072 16 17825809 75509795 1108673044 299088 593802948 327308 2181070856 13360 0 0 131328 536871936 0 0 2048 8442888 128 2147519104 2148534288 2 1073741824 65536 0 2097153 143130628 0 0 1207967744 536870912 1576976 1090523136 1924 2147516420 5 1 48 33885196 98338 4096 4100 0 0 8388608 0 0 0 536870912 4098 16 4
is_linear=0
shrinkage=0.045


Tree=86
num_leaves=23
num_cat=19
split_feature=0 2 0 5 0 3 2 0 3 0 3 5 0 4 3 0 3 0 0 5 3 0
split_gain=5.66834 3.43697 3.47103 2.32747 2.24464 2.35782 2.04746 1.97771 1.78425 1.55672 1.48246 1.44909 1.28891 1.25416 3.72107 2.22225 3.2445 1.97849 1.82357 1.72985 1.71565 1.68214
threshold=0 1 2 5.344720891341141 3 4 5 6 7 8 9 3.3140206880897671 10 11 12 13 14 15 16 3.3497501700808394 17 18
decision_type=9 9 9 10 9 9 9 9 9 9 9 10 9 1 9 9 9 9 9 8 9 9
left_child=-1 3 -3 7 -5 -6 -4 -2 12 10 11 -9 -8 14 17 16 -15 -11 -16 -19 21 -17
right_child=1 2 6 4 5 -7 8 9 -10 13 -12 -13 -14 15 18 20 -18 19 -20 -21 -22 -23
leaf_value=307.55946399684109 -31.105241112861933 325.18585993241749 512.62405004036361 199.37296188698065 -15.882265104252513 40.916701839281075 91.250458237592113 -79.314459308111338 -12.428710006293365 13.119758155082629 92.037164385853586 74.915447157537045 4.6847078496157595 -50.752625166850166 106.47156935112372 -27.353238632684391 -0.085387408409440868 -175.22380033662921 4.798011950643355 -30.844730177400731 11.306631526572119 0.25492784554818454
leaf_weight=1265 1185 1373 322 520 626 1890 628 97 1342 336 873 296 959 1334 1249 887 1392 158 1617 426 2421 1779
leaf_count=1265 1185 1373 322 520 626 1890 628 97 1342 336 873 296 959 1334 1249 887 1392 158 1617 426 2421 1779
internal_value=0.000486682 0.000314888 0.00140164 2.00025e-05 0.00114944 0.000580301 0.000594392 -0.000224167 0.000212683 -6.11554e-05 0.00142958 -0.000855555 0.00122983 -0.000225174 0.000446674 -0.000551055 -0.00158437 -0.0020279 0.00124461 -0.00359396 6.17785e-06 -0.000779686
internal_weight=22975 21710 4624 17086 3036 2516 3251 14050 2929 12865 1266 393 1587 11599 3786 7813 2726 920 2866 584 5087 2666
internal_count=22975 21710 4624 17086 3036 2516 3251 14050 2929 12865 1266 393 1587 11599 3786 7813 2726 920 2866 584 5087 2666
cat_boundaries=0 13 14 28 42 44 45 58 60 73 75 87 88 90 104 106 119 133 135 148
cat_threshold=538968080 2257846272 301990097 2147484160 16384 288 0 0 0 2147483648 0 663648 2555904 7 33849344 18874432 0 0 9502720 64 0 0 32768 64 0 2148532480 2147508764 1 294912 16777216 0 0 524288 536870916 0 8192 0 2637824 0 1028 49668 5 587505678 26665 32 4194368 66560 0 0 0 16777280 640 1024 32904 67158082 1386217472 271585284 9962496 3092781528 475556 16846848 1073872896 3825209344 84 268435524 1028 0 134217792 5120 1074790416 32 16 10368 2148893700 334360 0 7184 0 0 32768 0 0 0 536936448 2104328 0 1040 2 193139202 279296 1074003980 16777216 0 2138112 2283274240 33554432 0 8192 536870912 15205376 24 256 2147533336 7 2352277788 171062 32768 0 0 0 0 0 0 0 536870912 8912904 150994944 1280 67141644 8 16785408 0 2097152 134742272 536870912 0 1073741824 0 15208704 0 1408 2147516944 5 1196248178 492748 32768 12288 0 0 0 536870912 0 0 2048 4096 536875136 3072 67112996
is_linear=0
shrinkage=0.045


Tree=87
num_leaves=23
num_cat=19
split_feature=0 2 0 3 0 0 2 0 3 5 3 3 3 3 5 0 4 0 3 2 0 5
split_gain=5.8352 2.97987 4.95546 2.9694 2.69576 1.99478 1.9873 2.38258 1.76125 1.70922 1.56785 1.55972 1.51176 1.48753 1.45383 1.53278 1.46643 1.35723 1.35221 1.20667 1.17366 1.15548
threshold=0 1 2 3 4 5 6 7 8 2.3502401828962087 9 10 11 12 3.2384861814448418 13 14 15 16 17 18 4.6959141240107813
decision_type=9 9 9 9 9 9 9 9 9 10 9 9 9 9 8 9 1 9 9 9 9 10
left_child=-1 5 10 4 -4 8 -5 13 -2 12 -3 -11 -7 20 15 -9 -16 18 -18 -12 -8 -6
right_child=1 2 3 6 21 9 7 14 -10 11 19 -13 -14 -15 16 -17 17 -19 -20 -21 -22 -23
leaf_value=291.40190841833885 4.1917087269596083 231.25890862686967 125.88074351654126 425.95149020664837 -3.4909830423788732 85.721100712305329 -139.11387667498536 3.8022226855353671 -82.352120708385627 -14.26894383719821 7.4902046898694845 15.03419104367908 -83.194584537592931 -3.997097349604414 -87.152466221339623 -46.583286771583843 -22.094231913934021 17.835379689000757 0.51211571338601192 403.91429747573483 -16.522508628025694 62.982013233411081
leaf_weight=1260 218 1707 1325 245 1128 100 332 448 411 2342 984 2105 508 935 97 638 421 4767 1812 266 338 588
leaf_count=1260 218 1707 1325 245 1128 100 332 448 411 2342 984 2105 508 935 97 638 421 4767 1812 266 338 588
internal_value=0.000469056 0.00029514 0.000608957 0.000231775 0.00146069 -0.000589361 -0.000142011 -0.000244286 -0.00295554 -0.000288632 0.00226895 1.7195e-05 -0.00252295 -0.00182282 6.75413e-05 -0.00146415 0.000302367 0.000379178 -0.000535189 0.00103407 -0.00343108 0.000276042
internal_weight=22975 21715 16031 13074 3041 5684 10033 9788 629 5055 2957 4447 608 1605 8183 1086 7097 7000 2233 1250 670 1716
internal_count=22975 21715 16031 13074 3041 5684 10033 9788 629 5055 2957 4447 608 1605 8183 1086 7097 7000 2233 1250 670 1716
cat_boundaries=0 13 14 27 29 42 55 56 69 71 73 75 76 78 92 93 106 108 109 121
cat_threshold=538968064 2257846272 301990097 2147484176 268451840 32 64 0 0 0 0 663648 2555904 3 46432256 131072 536875008 5 256 4096 0 0 0 8196 0 2147486592 1630870 3558351312 274 0 18885680 0 0 32768 536872256 0 134225920 536907776 6329353 603979776 3145728 8391688 4227072 131076 0 0 134217728 0 0 0 536871040 8404992 218103808 2048 1084436 32 4100 67620 0 32768 1048576 553648192 512 1476420608 0 2 815792128 19955716 8388608 2182742056 20584 3915006258 508070 2322854934 330836 172134432 560010754 99048 0 5136 0 2097152 8912904 0 0 65536 536905728 8912896 134217728 0 2147485696 4 1 16793600 2122768 0 2105344 17367552 33554689 0 32768 536870912 135233 1275133952 17 2147483648 50692130 96 4 0 32 0 0 1048576 16777280 0 8192 0 2 268435456 18907136
is_linear=0
shrinkage=0.045


Tree=88
num_leaves=23
num_cat=19
split_feature=0 2 0 2 3 5 3 0 1 3 0 3 0 3 0 5 5 0 3 3 0 0
split_gain=5.82437 2.9244 3.51944 2.11359 2.05022 2.02561 2.21566 1.79749 1.55227 1.40054 1.4003 1.55332 1.71263 1.36049 1.30071 1.19626 1.16659 0.934654 1.25186 0.878293 1.89125 1.39874
threshold=0 1 2 3 4 5.3589392201907193 5 6 7 8 9 10 11 12 13 3.8393944990995772 7.0492544644954718 14 15 16 17 18
decision_type=9 9 9 9 9 10 9 9 9 9 9 9 9 9 9 8 10 9 9 9 9 9
left_child=-1 5 -3 -4 15 7 8 9 -7 -2 13 12 -12 -9 -8 -5 -10 18 -13 21 -21 -19
right_child=1 2 3 4 -6 6 14 10 16 -11 11 17 -14 -15 -16 -17 -18 19 -20 20 -22 -23
leaf_value=311.64049790889948 20.094937259786949 469.30666053109616 467.50610703072755 -12.838354835136167 -10.645645649502871 81.24935073063422 177.00233045173468 -36.96612566662224 -19.053828078057503 -78.870597441455374 -26.375601552841477 -4.8607159700357636 31.040946537806363 66.49044924462271 38.914871501611763 107.0030805350281 100.68300206100571 -54.55404125567398 21.532225884436869 7.8939897149212559 -18.535489879335238 -6.8608309115504209
leaf_weight=1285 244 1123 328 444 1642 392 484 223 692 667 358 1406 1358 1113 1351 1081 83 733 1244 2369 2897 1458
leaf_count=1285 244 1123 328 444 1642 392 484 223 692 667 358 1406 1358 1113 1351 1081 83 733 1244 2369 2897 1458
internal_value=0.000453388 0.000277855 0.00128099 0.000571001 0.000208084 5.79506e-06 0.00106658 -0.000220651 -0.000469465 -0.0021403 -8.57564e-05 -0.000242205 0.00100521 0.00128858 0.00203438 0.0013907 -0.00162961 -0.000454936 0.000270473 -0.000712746 -0.000395604 -0.00146868
internal_weight=22975 21690 4618 3495 3167 17072 3002 14070 1167 911 13159 11823 1716 1336 1835 1525 775 10107 2650 7457 5266 2191
internal_count=22975 21690 4618 3495 3167 17072 3002 14070 1167 911 13159 11823 1716 1336 1835 1525 775 10107 2650 7457 5266 2191
cat_boundaries=0 13 14 27 28 30 32 45 47 49 62 64 77 79 93 106 108 110 124 137
cat_threshold=538968064 2257846272 838865105 2147484176 16384 32 0 0 0 4 0 663648 2490368 7 33849344 18874368 0 0 8388608 64 0 0 0 64 0 2147483904 25116 32 2891459032 106884 591835662 92201 4198464 66560 0 0 0 0 0 0 8 67158594 1352794112 3145732 9962496 12 67594 147996770 131184 8388609 1073872896 3288334336 268435460 2147483716 16778240 0 268468288 5120 1074790672 32 2048 6273 4029153484 8449 0 16777216 0 0 8388864 0 0 65536 0 528384 0 1280 8 2147567116 8192 33849344 16781312 0 0 524544 256 0 65536 0 524289 0 2147484676 32772 4 33636360 0 0 129 1073742600 4096 896 1024 526340 14680064 128 16783233 8464 38210610 281830 252121890 328192 2164523024 2105348 0 32768 412090368 33554437 0 1073823744 0 659456 4096 2147483664 2147516424 4 2147745808 4 0 0 142606336 0 0 0 536870912 659456 0 2147516432 2147484160
is_linear=0
shrinkage=0.045


Tree=89
num_leaves=23
num_cat=19
split_feature=0 2 0 2 3 5 3 3 0 0 1 2 0 3 3 0 5 3 0 1 5 0
split_gain=5.52424 2.76543 3.59249 2.18347 1.96838 1.94341 1.6872 1.54221 2.72333 2.05109 1.24213 1.22953 1.88081 1.81366 1.33482 1.05119 1.34921 0.991615 2.88114 1.4163 0.964 0.920869
threshold=0 1 2 3 4 5.7446031891748186 5 6 7 8 9 10 11 12 13 14 6.9777449340088582 15 16 17 4.1820210059610323 18
decision_type=9 9 9 9 9 10 9 9 9 9 9 9 9 9 9 9 10 9 9 9 10 9
left_child=-1 5 -3 -4 10 7 15 8 -2 -9 -5 12 14 -13 21 16 -7 18 -14 -19 -10 -11
right_child=1 2 3 4 -6 6 -8 9 20 11 -12 13 17 -15 -16 -17 -18 19 -20 -21 -22 -23
leaf_value=302.4849911428409 77.275490170176255 451.01867396190693 446.91768103717271 -129.02346626933829 -10.022046317983776 -46.258162912787633 72.754830237189779 32.041138357439038 -14.291771207646974 35.489325337632202 95.60682888275467 2.7614070208153851 -0.31878949651748578 -58.959349554692096 23.146851341200961 11.831134855282334 102.37577464103637 12.414301399140355 -56.463873847715504 -13.45985700397762 6.3634140257152643 -25.21280210387744
leaf_weight=1339 1087 1113 329 128 1799 137 1412 1042 1040 110 1242 447 2001 682 1808 277 41 1899 1888 1920 826 408
leaf_count=1339 1087 1113 329 128 1799 137 1412 1042 1040 110 1242 447 2001 682 1808 277 41 1899 1888 1920 826 408
internal_value=0.000435762 0.000261087 0.00123718 0.000523077 0.000154197 -3.9618e-06 0.00136517 -0.000172757 0.000748229 -0.000395964 0.00143271 -0.000574631 -0.000414792 -0.0019759 0.000704448 -0.00101178 -0.0036 -0.000753109 -0.00125852 -0.0002361 -0.000297124 -0.00129057
internal_weight=22975 21636 4611 3498 3169 17025 1867 15158 2953 12205 1370 11163 10034 1129 2326 455 178 7708 3889 3819 1866 518
internal_count=22975 21636 4611 3498 3169 17025 1867 15158 2953 12205 1370 11163 10034 1129 2326 455 178 7708 3889 3819 1866 518
cat_boundaries=0 13 14 27 28 30 32 34 48 61 63 64 78 80 82 94 96 109 111 125
cat_threshold=538968064 2257977344 301994193 2147484180 16384 4128 0 0 0 0 0 663648 2490368 7 33849344 18874368 0 0 8388608 64 0 0 0 0 0 2147483904 25116 32 2354588120 368900 558014478 75816 4037583048 1283 3221258240 2097152 0 0 268566528 536872192 0 0 1024 14680072 134217872 2147519616 67151889 3 41959425 1073741824 2751463424 32833 64 16778240 640 17472 2048 1074790416 537002016 16779280 2176 269221888 512 6 2147483664 4096 1073741824 0 1073742084 0 0 32768 5120 2752768 16846992 34688 9442050 5 155258918 66216 37947424 32912 0 4096 0 0 8388608 0 0 0 0 0 0 2147483648 252709638 268844 4096 9216 0 2097152 1704448 64 0 65536 536903680 79746056 100663296 2147487744 67125300 1208504677 67873 2147483648 0 0 0 0 0 0 0 0 0 0 640 512 4
is_linear=0
shrinkage=0.045


Tree=90
num_leaves=23
num_cat=19
split_feature=0 2 5 0 3 0 3 0 3 0 0 3 3 0 0 3 2 5 1 5 0 0
split_gain=5.48407 2.66514 3.09917 3.2666 2.93051 2.78666 2.62599 2.04688 1.6177 1.56346 1.55165 1.72136 1.43525 2.13085 2.03349 1.11727 1.11679 1.05466 1.03117 1.0069 1.31658 0.953247
threshold=0 1 4.1820210059610323 2 3 4 5 6 7 8 9 10 11 12 13 14 15 3.5408542930527882 16 2.9174053685313028 17 18
decision_type=9 9 10 9 9 9 9 9 9 9 9 9 9 9 9 9 9 8 9 10 9 9
left_child=-1 -2 5 8 9 6 -3 -6 -4 -5 11 -7 13 15 17 -12 -9 -14 -18 21 -21 -15
right_child=1 2 3 4 7 10 -8 16 -10 -11 12 -13 14 19 -16 -17 18 -19 -20 20 -22 -23
leaf_value=288.78554224591176 472.02388779778545 -133.00559019071281 -20.439739986065842 14.326656785041907 72.583538149708502 -64.006112603826466 -21.902156990144441 97.116530342978592 0.51950619977003865 147.99723242224684 35.501084997446625 68.502764690432244 1.8866525788247954 -159.10960800220869 -4.5945332204516571 -14.890346253983312 -63.104412722489087 53.079101693003523 -3.0084892726765511 -76.336998668371308 -2.6724817941842742 -35.924576772286592
leaf_weight=1246 372 225 719 1022 1066 237 531 619 2123 2519 787 837 709 104 2928 728 110 781 3079 612 1130 491
leaf_count=1246 372 225 719 1022 1066 237 531 619 2123 2519 787 837 709 104 2928 728 110 781 3079 612 1130 491
internal_value=0.000459264 0.000291638 0.000224695 0.00073821 0.00118281 -0.000347456 -0.00295312 0.000464184 -0.000580238 0.00216704 -0.000132749 0.00146685 -0.000342308 -0.000975931 0.000211287 0.0003389 -2.59161e-05 0.00155792 -0.000366916 -0.00182567 -0.00128498 -0.00342965
internal_weight=22975 21729 21357 11257 8415 10100 756 4874 2842 3541 9344 1074 8270 3852 4418 1515 3808 1490 3189 2337 1742 595
internal_count=22975 21729 21357 11257 8415 10100 756 4874 2842 3541 9344 1074 8270 3852 4418 1515 3808 1490 3189 2337 1742 595
cat_boundaries=0 13 14 27 29 42 44 57 59 73 87 89 91 105 119 121 122 123 137 150
cat_threshold=538968064 2259943424 301990097 2147484160 16384 544 0 0 128 0 0 663648 2490368 32 1073745920 12340 0 2105344 26411008 1 0 268435456 536903680 151618 304087056 16777221 75497472 4055376336 33668 4522004 16448 0 64 262144 33554688 512 16384 65540 67110912 377618440 270532608 1590272 546603570 67680 360464 131072 0 1 260 5376 0 0 0 1084787712 201523232 2176 25108 65089794 185 0 0 0 0 268960000 256 0 134283264 5120 1082163465 201330688 3181184 2147484676 2 16793601 131072 3758100480 8196 268435520 16777216 256 0 33800 131088 144 16781313 75497507 16 34931216 4176 1980118724 327212 1073741824 5120 0 2097153 143130636 0 0 1208000576 536870912 5783552 1090523136 2147484820 20 4 2189459464 16785424 0 128 8 536870912 0 0 2048 1082184712 0 1051392 2147530884 3 604110912 301068 16 268697618 0 16785428 0 0 1048832 0 0 0 0 2130176 134217728 1050624 2147494408 3 33554432 0 0 0 131072 0 0 65536 0 2 0 33280 2147516416
is_linear=0
shrinkage=0.045


Tree=91
num_leaves=23
num_cat=20
split_feature=0 2 5 0 0 3 3 3 0 4 0 3 3 1 0 2 3 3 0 0 3 5
split_gain=5.20291 2.77593 2.69569 3.39274 2.3491 2.54524 2.01909 1.73518 1.84188 1.66583 1.48902 1.57387 1.5585 1.44037 1.21046 1.13469 1.59975 1.02633 0.928121 0.877074 1.32867 1.17847
threshold=0 1 4.7317931335534196 2 3 4 5 6 7 8 9 10 11 12 13 14 15 16 17 18 19 2.6735537653587347
decision_type=9 9 10 9 9 9 9 9 9 1 9 9 9 9 9 9 9 9 9 9 9 8
left_child=-1 -2 4 6 5 -3 -4 8 -5 17 12 14 -11 -9 -12 16 -8 -6 -19 20 21 -13
right_child=1 2 3 7 9 -7 15 13 -10 10 11 19 -14 -15 -16 -17 -18 18 -20 -21 -22 -23
leaf_value=275.84860905490353 458.53690961278056 6.1635368226775276 192.06784398801091 -27.110596914926877 23.565722358141851 -69.730360801253298 97.388946443945215 44.524945504649857 36.688786193772117 -4.0855203158371198 80.011167227245323 -158.01343729001371 95.608972325286032 -18.461704941993425 2.1428154384920437 71.615052060109235 -51.376078104655349 0.14701982873214578 -63.454407474263363 -4.8588327022657944 20.542215981082567 -2.0664229716713063
leaf_weight=1338 377 892 1558 384 102 1358 113 402 2145 666 555 69 947 1335 866 1052 165 131 311 6511 1068 630
leaf_count=1338 377 892 1558 384 102 1358 113 402 2145 666 555 69 947 1335 866 1052 165 131 311 6511 1068 630
internal_value=0.000416177 0.000246732 0.000177699 0.000889184 -0.000183087 -0.00151194 0.00207621 7.99441e-05 0.000830579 7.05259e-05 0.000187732 -2.36328e-05 0.00144831 -0.00101115 0.00135345 0.000771237 -0.00173793 -0.00235714 -0.0032511 -0.00026164 0.000624789 -0.000892405
internal_weight=22975 21637 21260 7154 14106 2250 2888 4266 2529 11856 11312 9699 1613 1737 1421 1330 278 544 442 8278 1767 699
internal_count=22975 21637 21260 7154 14106 2250 2888 4266 2529 11856 11312 9699 1613 1737 1421 1330 278 544 442 8278 1767 699
cat_boundaries=0 13 14 28 42 44 46 48 61 62 75 77 79 81 95 96 98 99 111 124 126
cat_threshold=2097152 2257977344 2181042385 2147484180 16384 4128 0 0 0 0 0 663648 2490368 32 294928 18876464 0 0 33024 1280 0 0 33796 6949888 65536 2147484672 49692 5 4194372 2181172 0 0 262656 320 0 268444672 4 67108866 312475648 271581184 1589256 2 3435958432 241928 3231344082 82342 4038612944 174500 1073741824 0 0 0 1048576 0 0 65536 0 1073758208 503316608 32896 9216 1 33624064 1090519040 1677721600 1 2432761920 16777221 256 64 0 1073744144 131072 896 10371 2956462272 295233 2319061504 521224 1074790473 2616 294912 13312 0 0 524288 536870912 0 0 536871936 4198400 134217728 2147485696 67141632 1 3 33816584 4104 29753352 3221225472 0 0 0 0 0 0 0 0 0 0 2147484160 25182208 0 268435456 268435456 8519692 2048 0 81920 591880 1179744 184 16781317 37136 235152900 136244
is_linear=0
shrinkage=0.045


Tree=92
num_leaves=23
num_cat=20
split_feature=0 2 0 5 3 0 3 0 2 3 0 3 3 1 3 4 5 3 0 0 3 0
split_gain=5.06154 2.9968 3.32207 2.06217 1.79736 2.0174 1.69867 1.6901 2.13443 2.52782 2.27599 2.23572 2.13318 2.05637 1.74023 1.23869 1.22297 1.37603 1.69388 1.35853 2.08584 1.26246
threshold=0 1 2 5.7446031891748186 3 4 5 6 7 8 9 10 11 12 13 14 3.4498615536424366 15 16 17 18 19
decision_type=9 9 9 10 9 9 9 9 9 9 9 9 9 9 9 1 8 9 9 9 9 9
left_child=-1 2 -2 7 -5 -6 -4 14 9 -9 11 -10 13 -12 15 -3 17 -14 -19 20 -18 -22
right_child=1 3 6 4 5 -7 -8 8 10 -11 12 -13 16 -15 -16 -17 19 18 -20 -21 21 -23
leaf_value=263.19168760059762 321.01202837387524 -116.30888679327195 -6.3555848289857408 88.943467919869619 -24.445182328711127 87.956410018620446 50.677188837318965 -53.067312153123936 -4.2454202004283017 -1.3091377232969861 -38.137873332826821 94.599820697757622 -94.646340606157423 37.202771365575209 0.25058053590689638 -54.722932816911502 -40.234412418249264 15.340877831358913 -31.422329098255659 3.783496825676691 15.258554988028486 -12.118084285637181
leaf_weight=1351 1235 54 1276 963 501 456 1883 539 764 890 141 1143 370 1739 867 937 732 585 802 4390 798 559
leaf_count=1351 1235 54 1276 963 501 456 1883 539 764 890 141 1143 370 1739 867 937 732 585 802 4390 798 559
internal_value=0.000380925 0.000212979 0.00126033 -5.48079e-05 0.00133455 -6.03714e-05 0.000481079 -0.000229232 -5.28073e-05 -0.00168945 0.000143207 0.0015641 -0.000126185 0.00123679 -0.00149679 -0.00277717 -0.000438652 -0.00149147 -0.000813795 -0.000153448 -0.00109448 -4.27318e-05
internal_weight=22975 21624 4394 17230 1920 957 3159 15310 13452 1429 12023 1907 10116 1880 1858 991 8236 1757 1387 6479 2089 1357
internal_count=22975 21624 4394 17230 1920 957 3159 15310 13452 1429 12023 1907 10116 1880 1858 991 8236 1757 1387 6479 2089 1357
cat_boundaries=0 13 14 27 29 42 44 57 58 60 73 75 77 78 80 81 83 97 111 113 126
cat_threshold=2097152 2257977344 301994193 2147484164 268435456 4128 0 0 0 16 0 663648 393216 176 33849344 18939904 0 0 9011200 64 0 0 32768 0 134217728 2147483904 25116 2191087456 5012 1073774592 4096 0 0 8388608 0 0 65536 536870912 8 0 2147485184 2147483664 396793382 366696 4198464 65568 0 0 163912 64 384 268443648 128 67109634 1352663040 271581188 9961482 1 2147927636 20481 2189492240 1073741824 3825205248 1 2147483652 16778240 512 0 4100 1073741824 4152 3968 6272 2185445414 388305 2953315528 286977 268440833 2862876238 285454 1 1258357254 33280 0 12288 0 2097280 142606592 0 0 0 536871936 12599296 134217856 2164260864 2214626304 6 262144 4096 0 2138240 9961472 33554689 0 1207993344 536903680 8536129 671088768 32769 69206016 6 28348464 162 0 4096 0 2097152 8912896 1 0 0 0 8536064 128 32768 67108864
is_linear=0
shrinkage=0.045


Tree=93
num_leaves=23
num_cat=19
split_feature=0 3 0 0 2 0 3 3 0 3 5 5 2 0 0 3 4 3 5 1 3 0
split_gain=4.79478 2.46505 2.62624 2.15835 2.38859 2.91195 1.89573 1.67838 1.36367 1.91599 1.35423 1.29051 1.2213 2.11432 1.20366 1.44123 1.72177 1.26019 1.18667 1.07898 1.05501 1.02793
threshold=0 1 2 3 4 5 6 7 8 9 5.5032948732385458 3.795426061844291 10 11 12 13 14 15 5.0336952619030333 16 17 18
decision_type=9 9 9 9 9 9 9 9 9 9 10 8 9 9 9 9 1 9 10 9 9 9
left_child=-1 2 -2 6 5 -5 -3 11 9 -6 19 20 14 -14 15 16 -10 21 -11 -4 -7 -16
right_child=1 3 10 4 8 7 -8 -9 12 18 -12 -13 13 -15 17 -17 -18 -19 -20 -21 -22 -23
leaf_value=271.61230859507333 137.49366459122948 1.3952984695318487 -31.443598843416115 555.06668578824235 75.353549815222834 217.33312048921795 -57.695637616578246 -7.1624317095582164 -52.159049596692945 -26.615117363545497 143.39051817583939 117.33260745392344 -84.432188685206128 -5.8247868385280732 2.2676401799342369 63.531141945188878 2.673272265790644 0.1181150403347323 190.57017348586203 5.1233620842733663 -84.138909365112085 -23.106756349166304
leaf_weight=1346 1033 815 225 558 930 121 873 1036 70 525 289 1008 233 1193 649 935 1187 6404 145 1791 252 1357
leaf_count=1346 1033 815 225 558 930 121 873 1036 70 525 289 1008 233 1193 649 935 1187 6404 145 1791 252 1357
internal_value=0.000408343 0.00024516 0.00136746 3.95838e-05 0.000195817 0.00134834 -0.00148765 0.000661383 -5.67447e-05 0.00117246 0.000514674 0.00168306 -0.000221262 -0.00145202 -5.42678e-05 0.000882033 -0.000117021 -0.000299216 -0.000659824 0.000102577 -0.000564 -0.00127998
internal_weight=22975 21629 3338 18291 16603 2975 1688 2417 13628 1600 2305 1381 12028 1426 10602 2192 1257 8410 670 2016 373 2006
internal_count=22975 21629 3338 18291 16603 2975 1688 2417 13628 1600 2305 1381 12028 1426 10602 2192 1257 8410 670 2016 373 2006
cat_boundaries=0 14 16 30 44 45 58 60 62 76 78 79 92 106 108 109 111 113 115 128
cat_threshold=2097152 2257977344 100667601 2147484164 0 4128 0 0 0 8208 0 663648 458752 16 3499622848 258 2147778560 18874384 0 0 32768 536872192 0 8192 33796 6423560 128 2149613696 75530260 5 4194308 84048 0 0 17825792 553648129 512 1342185472 4 67125760 312475648 17858568 524288 2 112 33849344 16777216 0 0 0 64 0 0 0 2048 0 2147483904 25108 239506486 29184 675309584 92340 1 1073741856 536870912 65 16392 1024 128 17472 2048 1074266112 536870952 268441604 1102722 4 151044626 90852 6 2147516416 4096 2147483648 0 260 0 0 0 0 0 0 1152 16 2189459472 8192 3489660928 0 1073742084 2052 0 65536 5120 0 67178640 1664 8390656 1 239288354 354973 1 52605484 96 1075320065 64 138412048 65536 0 1028 0 0 134348800 0 0 0 536870912 12615688 134217728 0 2147484708
is_linear=0
shrinkage=0.045


Tree=94
num_leaves=23
num_cat=18
split_feature=0 2 0 4 5 3 0 0 0 3 2 3 3 0 5 3 0 1 5 2 5 0
split_gain=4.56434 2.47668 4.22961 2.14281 2.41815 2.04422 2.61281 2.46144 1.85372 1.91015 1.81389 1.74682 1.438 1.42492 1.51906 1.26881 1.34271 1.25135 1.30012 1.20181 1.19747 1.30875
threshold=0 1 2 3 5.9335696915338003 4 5 6 7 8 9 10 11 12 3.6505739029280164 13 14 15 4.1820210059610323 16 4.5695295849856103 17
decision_type=9 9 9 1 10 9 9 9 9 9 9 9 9 9 8 9 9 9 8 9 8 9
left_child=20 8 10 -4 5 6 15 -7 9 19 11 -3 17 14 -9 16 -5 -10 -19 -2 21 -1
right_child=1 2 3 4 -6 7 -8 13 12 -11 -12 -13 -14 -15 -16 -17 -18 18 -20 -21 -22 -23
leaf_value=-45.324423002259536 7.2427974846124847 -9.3983786582643365 -95.470765647064582 -50.124148077264422 135.60179519848759 68.336466396624971 -24.713131893576136 -40.963999889612062 -16.461203661044205 19.802699640766914 470.82309331523521 112.87572724811439 -8.1948882780979631 4.2802580717879675 -1.2447998415485584 20.002353880142365 12.239554722834177 -35.150262456385938 -138.55727490116084 -40.27526735703637 362.4867919755996 275.45391899668164
leaf_weight=229 724 577 188 218 820 1776 2469 289 535 1287 737 1679 1971 5354 775 702 333 192 215 700 855 350
leaf_count=229 724 577 188 218 820 1776 2469 289 535 1287 737 1679 1971 5354 775 702 333 192 215 700 855 350
internal_value=0.000427928 0.000263281 0.000550035 0.000196197 0.000267075 0.000104212 -0.00076888 0.000501219 -0.000547729 0.000299119 0.00207105 0.00142064 -0.00133385 8.95803e-05 -0.0014052 0.0009 -0.000711367 -0.00277358 -0.00465036 -0.000833565 0.00287552 0.00130895
internal_weight=22975 21541 15917 12924 12736 11916 3722 8194 5624 2711 2993 2256 2913 6418 1064 1253 551 942 407 1424 1434 579
internal_count=22975 21541 15917 12924 12736 11916 3722 8194 5624 2711 2993 2256 2913 6418 1064 1253 551 942 407 1424 1434 579
cat_boundaries=0 13 14 27 28 30 44 58 71 73 74 76 78 91 93 107 109 110 123
cat_threshold=2359296 2257977344 100667601 2147484228 0 4128 0 0 0 16 0 663648 393344 3 46170128 1092616192 536870912 17 256 2048 0 0 4096 8196 0 2147486592 1622550 1 790964770 4649 16781313 13312 0 0 1703944 1088 0 98304 34816 9469952 234946560 33792 67113984 3 16392 112 0 0 285261824 536870913 0 16384 527360 2230304 18874368 16777216 10497032 5 3221422084 4096 3758096384 0 4 0 0 8192 134217728 3221229568 135352 38532 41 1108756086 464977 4 6663172 10776 21016592 279622 4096 0 0 0 1049152 1088 0 268500992 65540 68190720 1182793728 33792 4352 117702688 4104 0 13312 0 0 524288 0 0 0 2048 32768 0 1024 0 2 529409 66565 2 2359296 262144 4097 4 0 0 0 0 0 0 0 0 128
is_linear=0
shrinkage=0.045


Tree=95
num_leaves=23
num_cat=19
split_feature=0 4 3 0 0 3 3 2 0 0 0 2 5 3 0 0 3 5 2 0 5 3
split_gain=4.41738 2.89063 2.61213 3.96035 2.3921 2.38073 2.25463 1.72721 2.06992 1.73128 1.56886 1.44491 1.16451 1.1442 1.10552 1.04082 1.03794 1.00146 1.0835 0.987041 0.975949 0.967861
threshold=0 1 2 3 4 5 6 7 8 9 10 11 4.5695295849856103 12 13 14 15 4.7664292796317111 16 17 3.4811217321331038 18
decision_type=9 1 9 9 9 9 9 9 9 9 9 9 8 9 9 9 9 8 9 9 10 9
left_child=12 5 3 -3 6 -2 -4 8 11 -9 17 -6 14 20 -1 -8 19 -5 -19 -10 -13 -7
right_child=1 2 4 10 7 21 15 9 16 -11 -12 13 -14 -15 -16 -17 -18 18 -20 -21 -22 -23
leaf_value=-43.284823967157855 -87.299013915359723 160.89235737972095 3.6590199645284773 10.666242731392385 503.39814478315412 -35.054559923698683 -22.828809769237587 36.997914520557813 -50.14623744988652 -2.3508312030276142 -2.0966828741513384 -142.73424883952154 345.16586882495909 0.74949592270379028 272.9807563244903 -76.200409424067956 182.82793368756521 -22.839093591734461 132.38675542240352 220.41868777878781 -33.038221472476458 6.406296171842599
leaf_weight=229 263 1274 711 1178 158 356 378 1389 138 9994 1977 48 851 650 345 388 985 108 743 241 197 374
leaf_count=229 263 1274 711 1178 158 356 378 1389 138 9994 1977 48 851 650 345 388 985 108 743 241 197 374
internal_value=0.000418136 0.000256702 0.000371443 0.00123299 7.26995e-05 -0.00211206 -0.00164103 0.000257385 0.00134685 2.48795e-05 0.000533101 -0.000156338 0.00283403 -0.000868247 0.00128125 -0.00332005 0.00249855 0.00140887 0.00259027 0.000448849 -0.0034144 -0.000727763
internal_weight=22975 21550 20557 5280 15277 993 1477 13800 2417 11383 4006 1053 1425 895 574 766 1364 2029 851 379 245 730
internal_count=22975 21550 20557 5280 15277 993 1477 13800 2417 11383 4006 1053 1425 895 574 766 1364 2029 851 379 245 730
cat_boundaries=0 13 14 16 30 43 45 47 48 61 75 89 90 92 105 118 120 121 134 136
cat_threshold=2359296 2257977344 67113169 2147484164 0 4128 0 0 0 48 0 663648 393344 1 4038590960 258 2181070848 18876464 0 0 268599296 536873216 0 402653184 4096 1075838977 0 2164293632 8423956 1 4194308 83988 0 32768 2432696320 536871169 256 1476403200 4 513 27262976 17860608 8913920 2147483872 16396 4690438 30848 48 0 9312 0 0 143130880 0 0 65536 536870912 5130 134217728 2097168 2147483648 49168 0 3758096384 8257 16392 4 128 1024 2048 1141424128 160 4240 34 4 0 9216 0 0 134217984 1088 0 8192 536904708 4199434 150999040 3149057 67133449 2 32 54854656 4104 2359296 262144 4097 4 0 0 0 0 0 0 0 0 128 0 2052 0 0 0 0 0 1073741824 0 0 18874368 17858560 8388608 50502148 25088 2 0 4096 0 0 0 0 0 0 32768 0 268435456 0 8 16912 6338
is_linear=0
shrinkage=0.045


Tree=96
num_leaves=23
num_cat=18
split_feature=0 2 0 2 5 0 0 3 3 0 0 3 1 5 3 0 0 2 3 5 0 5
split_gain=4.44444 2.49113 3.20931 1.79198 1.78875 2.54893 2.0184 1.85899 1.5747 1.6399 1.38991 1.47857 1.34186 1.21008 1.10134 1.71959 1.46186 1.08339 1.03809 0.9911 0.959103 0.894369
threshold=0 1 2 3 4.6001450180613412 4 5 6 7 8 9 10 11 4.5695295849856103 12 13 14 15 16 2.6735537653587347 17 3.8176519431297078
decision_type=9 9 9 9 10 9 9 9 9 9 9 9 9 8 9 9 9 9 9 10 9 8
left_child=13 2 -2 -4 6 18 -3 12 -5 21 11 17 -7 20 16 -16 -12 -8 -6 -19 -1 -10
right_child=1 4 3 8 5 7 10 -9 9 -11 14 -13 -14 -15 15 -17 -18 19 -20 -21 -22 -23
leaf_value=-36.016643646905059 290.92447823930269 -35.05205944244571 446.07655516152948 -14.781624314728154 17.367000857781658 -24.133749290092812 2.5491323938193142 -1.9293889883730573 -177.55053337255811 36.798241631951257 -68.561262976819364 25.376627807585745 95.431565512365083 326.35149740076514 11.673661327734978 -8.7085131437630707 -7.4546518216745064 -154.58899879092877 107.66695363796602 -22.518257640582213 232.82254920627457 -14.837784621200681
leaf_weight=225 1179 1361 312 870 356 101 786 4405 69 1783 225 903 846 858 2028 3428 1639 45 888 135 376 157
leaf_count=225 1179 1361 312 870 356 101 786 4405 69 1783 225 903 846 858 2028 3428 1639 45 888 135 376 157
internal_value=0.000418136 0.000254181 0.00121178 0.000465033 9.44183e-06 0.000590634 -0.000353961 0.000161074 0.000107402 0.000799357 -0.000112977 0.000978469 0.00195673 0.00281135 -0.000392799 -6.91293e-05 -0.00133369 -0.000248466 0.00241481 -0.00328125 0.00127612 -0.00272269
internal_weight=22975 21516 4370 3191 17146 6596 10550 5352 2879 2009 9189 1869 947 1459 7320 5456 1864 966 1244 180 601 226
internal_count=22975 21516 4370 3191 17146 6596 10550 5352 2879 2009 9189 1869 947 1459 7320 5456 1864 966 1244 180 601 226
cat_boundaries=0 13 14 27 28 42 56 58 60 73 86 88 90 92 105 118 119 121 134
cat_threshold=2359296 3331719168 67113169 2147484164 0 2080 0 0 0 16 32 663648 393344 176 33587200 18874432 0 0 622592 64 0 0 32768 0 0 2147483904 25116 32 32784 18874368 1073741824 0 0 1280 0 8192 1024 15237120 335675392 2097280 49668 5 4194384 18874400 0 64 0 0 0 1024 32768 33282 360710144 3145728 9977864 7 3501719616 360576 327652388 268312 0 16384 0 0 134217728 0 0 0 4 0 301989888 18874368 34816 2147487753 12288 2684354560 1 268435460 587202560 512 134217792 5120 1073758272 65560 2560 69208067 1125144084 486105 17 8212 238303298 338768 33619972 1028 1073741824 268468352 144179264 1024 128 81920 4 4096 134221952 285245568 2147525152 0 4 0 0 134217728 0 0 0 0 8388608 0 32896 33280 6 176160786 6176 2359296 262144 4097 0 0 0 0 0 0 0 32 0 128
is_linear=0
shrinkage=0.045


Tree=97
num_leaves=23
num_cat=19
split_feature=0 2 0 4 5 2 2 3 3 0 0 0 3 0 5 0 3 3 1 1 5 0
split_gain=4.41328 2.24069 3.73511 2.52458 2.63924 1.92082 1.91612 1.80132 1.78266 3.35696 2.66145 1.66918 1.61741 1.446 1.5494 1.33944 1.80055 1.45804 1.16744 1.1316 1.12487 1.12955
threshold=0 1 2 3 5.8678824850335358 4 5 6 7 8 9 10 11 12 4.9663289649179552 13 14 15 16 17 4.5053345884235583 18
decision_type=9 9 9 1 10 9 9 9 9 9 9 9 9 9 8 9 9 9 9 9 8 9
left_child=20 11 5 -4 6 7 -5 -3 9 12 -10 -2 -8 14 -9 16 19 -17 -6 -11 21 -1
right_child=1 2 3 4 18 -7 8 13 10 15 -12 -13 -14 -15 -16 17 -18 -19 -20 -21 -22 -23
leaf_value=-65.535548804882694 -54.682488080930682 147.40395454678605 -91.722192436481308 367.47991338904791 -22.614189888843079 335.31282895444986 -22.617200074849819 -61.517798543092987 71.686618190347019 -107.94338716566163 -0.29976994739219776 -2.6428682847864593 -105.14543122094499 62.792972366255761 21.3431110992532 49.357504425504949 26.313139712494653 -18.190675043215162 185.1116151959157 2.1476533980873573 306.82677910248117 225.34624005410834
leaf_weight=225 407 1091 190 313 114 768 546 285 1792 118 4986 5203 308 513 220 329 988 2389 823 123 904 340
leaf_count=225 407 1091 190 313 114 768 546 285 1792 118 4986 5203 308 513 220 329 988 2389 823 123 904 340
internal_value=0.000416177 0.000252208 0.000525019 0.000199946 0.000276713 0.0019891 9.53424e-05 0.00127086 -3.88065e-07 -0.000662892 0.00046922 -0.000520277 -0.00320092 -9.61163e-05 -0.00178433 -0.000105708 0.00112047 -0.000662637 0.00257348 -0.00229447 0.00279237 0.00123016
internal_weight=22975 21506 15896 13019 12829 2877 11892 2109 11579 4801 6778 5610 854 1018 505 3947 1229 2718 937 241 1469 565
internal_count=22975 21506 15896 13019 12829 2877 11892 2109 11579 4801 6778 5610 854 1018 505 3947 1229 2718 937 241 1469 565
cat_boundaries=0 13 14 27 28 29 30 32 34 46 60 73 75 88 102 103 104 106 108 121
cat_threshold=2359296 3333816320 2214592721 2147484164 0 2080 0 0 0 16 0 663648 393344 3 46170128 16777216 536870912 17 1073742080 0 0 32768 36864 8229 0 2147486592 1597972 1 4 32 3927442034 476084 1797629478 40489 16384 52 4096 0 285245440 1 256 25600 4 4098 270532608 18907156 16392 65584 4096 32768 285261824 536870917 0 134234112 1024 134152 18874368 16777236 10520584 4 4227072 0 0 0 134217728 0 0 0 536871040 8404992 201326592 0 1084432 671097380 38952 0 16777216 0 0 256 0 0 0 32768 0 0 2147483904 8704 16777217 12288 0 0 9568328 1088 640 1207959552 2048 33024 234881024 1024 67113986 3 1124139044 1092681728 4112 512 4112 8192 2359296 2359296 67108865 4 0 0 0 0 0 0 0 0 128
is_linear=0
shrinkage=0.045


Tree=98
num_leaves=23
num_cat=18
split_feature=0 2 0 0 3 5 3 0 5 3 0 0 5 0 2 0 1 3 2 1 3 5
split_gain=4.4416 2.35327 3.22295 1.72141 1.67642 1.53647 1.93097 1.71161 1.34214 1.17798 2.27045 1.42337 1.08167 1.07438 0.975371 1.29486 0.956474 0.849814 0.848453 0.80032 1.37811 1.40218
threshold=0 1 2 3 4 5.7446031891748186 5 6 3.795426061844291 7 8 9 4.9163179057820896 10 11 12 13 14 15 16 17 4.1971736807086968
decision_type=9 9 9 9 9 10 9 9 8 9 9 9 8 9 9 9 9 9 9 9 9 10
left_child=12 2 -2 -3 8 9 -7 -8 16 10 -5 17 14 -10 15 -1 -4 -11 -6 -20 -21 -22
right_child=1 3 4 5 18 6 7 -9 13 11 -12 -13 -14 -15 -16 -17 -18 -19 19 20 21 -23
leaf_value=-58.711332863848348 352.21260286117143 -10.263415617300918 -159.27889065526219 52.929293452460293 263.04400541211169 81.425286582301155 -24.598427882054796 73.284445385514601 33.765018236211915 -7.2722411224520744 -2.3198565688533463 -4.6685682986717802 302.21689965711818 193.3869474005343 561.66110450161113 172.01784250112678 43.134269358826579 29.64206612998348 -52.35910008866994 -68.326906209542912 -15.095258565808813 34.227057286279646
leaf_weight=216 672 1160 168 1343 144 905 458 484 595 313 1861 9726 716 875 202 385 433 882 146 285 505 501
leaf_count=216 672 1160 168 1343 144 905 458 484 595 313 1861 9726 716 875 202 385 433 882 146 285 505 501
internal_value=0.000418136 0.000250699 0.00118727 1.36493e-05 0.000653384 0.000135698 0.0013556 -8.49055e-05 0.0014928 -2.38903e-05 0.000733209 -0.000246547 0.00275996 0.00223166 0.00163789 0.000668026 -0.000291045 0.00121168 -0.000449152 -0.000785714 -0.000410974 0.000380157
internal_weight=22975 21456 4324 17132 3652 15972 1847 942 2071 14125 3204 10921 1519 1470 803 601 601 1195 1581 1437 1291 1006
internal_count=22975 21456 4324 17132 3652 15972 1847 942 2071 14125 3204 10921 1519 1470 803 601 601 1195 1581 1437 1291 1006
cat_boundaries=0 13 14 27 41 43 45 58 60 74 87 99 100 103 105 107 108 110 112
cat_threshold=2359296 2274754560 67109073 2147484164 0 32 0 0 0 2064 0 663648 2490368 176 33587200 2097152 0 0 32768 64 0 0 32768 0 0 2147483904 25108 4194372 65568 2147483648 64 131072 16777281 0 268451840 32768 1048642 1352794112 3145732 9961474 2 2834850264 41878 2316916544 5012 0 4096 0 0 142606336 0 0 0 536870912 8 0 2147484160 16 4037583304 131362 3254812672 2097152 1610612736 0 276824064 536872192 0 0 1024 12615688 144 2147487360 67151921 1 8470529 1073741824 536870912 32785 16456 5120 896 1088 2048 1075839232 16777224 285214849 2176 0 14356 0 0 150994944 0 0 0 1028 2 268435456 2130960 7 2359296 16777216 1 1572864 1540 131072 292936 32 268435456 65545 318898208 262152
is_linear=0
shrinkage=0.045


Tree=99
num_leaves=23
num_cat=18
split_feature=0 2 0 0 3 2 0 3 0 3 5 5 3 0 0 5 3 0 0 0 5 3
split_gain=4.32195 2.49364 3.24755 1.65333 1.57651 1.52324 2.14829 2.07688 1.76992 1.94454 1.59308 1.51033 1.42193 2.15754 1.70001 1.14014 1.13233 1.26699 1.12812 1.10811 0.988156 1.18706
threshold=0 1 2 3 4 5 6 7 8 9 4.9522934739897151 4.8940944640863338 10 11 12 4.5695295849856103 13 14 15 16 5.344720891341141 17
decision_type=9 9 9 9 9 9 9 9 9 9 10 8 9 9 9 8 9 9 9 9 10 9
left_child=15 2 -2 -3 19 8 7 10 -5 -10 11 18 14 -14 -8 16 -1 -18 -7 -4 21 -15
right_child=1 3 4 5 -6 6 12 -9 9 -11 -12 -13 13 20 -16 -17 17 -19 -20 -21 -22 -23
leaf_value=198.99737325624452 486.88898996814623 -13.617334406074445 133.78033484234712 -65.371878090064641 -2.8087564350040726 -33.150753183851457 9.796400760637205 105.40456772089898 25.480607800948537 -31.811034654475304 309.03405813927685 -94.804958152247366 47.268023180262148 -12.02588202059399 -10.63197282258678 239.18507230220831 -165.01430716913077 34.912111940683886 45.556520954179469 15.337120171916277 38.802731308517117 1.7640076425671871
leaf_weight=249 656 1195 883 265 1805 392 1717 1638 592 823 197 36 1721 1460 3966 932 102 344 321 986 856 1839
leaf_count=249 656 1195 883 265 1805 392 1717 1638 592 823 197 36 1721 1460 3966 932 102 344 321 986 856 1839
internal_value=0.000400509 0.000229214 0.00119185 -1.63827e-05 0.000664135 0.000106 0.00025846 0.00142835 -0.00117021 -0.000520322 -0.000253653 -0.00120439 -4.27777e-06 0.000486074 -0.000511238 0.00262752 0.00125897 -0.000137554 -0.000736363 0.00157656 -7.01942e-05 -0.000423962
internal_weight=22975 21348 4330 17018 3674 15823 14143 2584 1680 1415 946 749 11559 5876 5683 1627 695 446 713 1869 4155 3299
internal_count=22975 21348 4330 17018 3674 15823 14143 2584 1680 1415 946 749 11559 5876 5683 1627 695 446 713 1869 4155 3299
cat_boundaries=0 13 14 27 41 43 44 57 59 72 74 76 90 104 106 119 132 145 147
cat_threshold=2359312 3348496384 67109073 2147484164 0 32 0 0 0 2147483664 0 663648 397440 176 33587200 2097152 0 0 32768 64 0 0 0 0 0 2147483904 2147508756 4194372 65568 2147483648 64 131136 16777280 0 268451840 32768 258 1419771904 3145732 9961474 2 2287495640 172422 1 2189459457 0 1610612736 1 1073741828 3076 0 32832 5124 1076363264 69784 3200 35328 105330854 359697 2181070848 0 0 0 260 0 0 0 0 0 0 3200 16 146879014 74472 721812014 11886 65544 2105344 4096 2097168 268468224 536870913 512 134225920 2048 1183809 0 2164261633 2098192 4 16781312 5124 0 8192 134234880 33554688 128 65536 0 12632064 0 36864 2214617348 1 156271216 25120 2097152 0 1 0 0 0 0 0 0 0 0 0 4224 2181070848 0 0 1 4 1024 0 0 1024 524288 4096 1024 512 0 4192 0 0 1638400 0 0 0 536903680 2104330 0 1049616 8388616 1179984 360849
is_linear=0
shrinkage=0.045


Tree=100
num_leaves=23
num_cat=20
split_feature=0 4 1 0 3 0 5 0 0 2 3 0 3 3 0 0 0 3 0 4 3 5
split_gain=4.35758 2.41495 3.14609 2.64124 3.36799 3.4469 2.0165 3.01073 2.75588 1.91289 1.81246 1.62294 1.68838 1.61886 2.0716 1.86658 1.47085 2.18464 1.4643 1.5836 1.48503 1.43481
threshold=0 1 2 3 4 5 3.7494348669884658 6 7 8 9 10 11 12 13 14 15 16 17 18 19 4.8789996228937618
decision_type=9 1 9 9 9 9 8 9 9 9 9 9 9 9 9 9 9 9 9 1 9 10
left_child=-1 2 -2 10 5 -5 7 -6 -8 11 18 -10 -13 15 -15 -9 17 -11 20 -20 -3 -4
right_child=1 3 21 4 6 -7 8 13 9 16 -12 12 -14 14 -16 -17 -18 -19 19 -21 -22 -23
leaf_value=204.82901736705281 -0.028132426722029966 144.67748788382144 -33.712963237307591 184.17120653298744 19.325551790167914 24.474482455363002 62.331739979389518 0.82211857482611561 233.38300830536951 15.728406400038077 1.5074492460897151 -36.804250267438533 34.800436904003831 -56.951137548676051 4.8192078783677017 -72.051985840827101 2.5085020778922242 -32.404285720090343 -40.117714076841423 -123.1242127314528 -55.997303728974657 -124.52155361546035
leaf_weight=1419 637 219 268 1177 1274 2603 2182 351 635 816 1303 231 899 522 1256 798 3844 1514 568 240 129 90
leaf_count=1419 637 219 268 1177 1274 2603 2182 351 635 816 1303 231 899 522 1256 798 3844 1514 568 240 129 90
internal_value=0.000359381 0.000199462 -0.00196339 0.000304406 0.000492382 0.00168513 0.000176434 -0.000652034 0.000520547 0.000129607 -0.00107628 0.00143078 0.000394046 -0.00144386 -0.00058324 -0.00275581 -0.000244423 -0.00113365 -0.00236558 -0.00341341 0.0001 -0.00525405
internal_weight=22975 21556 995 20561 18102 3780 14322 4201 10121 7939 2459 1765 1130 2927 1778 1149 6174 2330 1156 808 348 358
internal_count=22975 21556 995 20561 18102 3780 14322 4201 10121 7939 2459 1765 1130 2927 1778 1149 6174 2330 1156 808 348 358
cat_boundaries=0 13 14 16 30 32 46 60 73 74 76 89 91 93 106 119 132 134 145 146 148
cat_threshold=2359296 2257977344 67109073 2147484164 0 32 0 0 128 16777232 0 663648 397440 1 24 1605 1077936192 84036 0 0 25428032 50331649 0 1342193664 0 16450 1386217472 16777224 1572866 2 2417500656 322 33587200 18882608 0 0 1081344 536873280 0 134225920 4096 5121 603979776 2149583488 8423952 1 2155872256 16777264 1610612736 2097152 1048584 0 128 32768 536870912 1075843328 134217872 2148534661 75497505 4 33652744 1073741824 1073741824 8337 4 1024 128 0 3072 1087898632 160 4224 27408 112 186131260 270948 0 16778240 0 0 0 0 0 0 98304 0 134217728 2147484928 12 151158786 65544 704907266 106021 32768 0 0 128 0 1024 0 8192 0 4195328 83886080 2097680 3608 0 4096 0 0 131328 1024 0 0 0 4718592 16777216 2097680 1556 16793600 18883584 0 0 2415919624 536870976 512 134251520 536903680 4097 134217744 2150629637 75497473 142609416 98965 0 18436 0 0 16777280 33554432 0 1073741824 0 2 1075838976 4 524304 36
is_linear=0
shrinkage=0.045


Tree=101
num_leaves=23
num_cat=20
split_feature=0 5 0 2 0 3 3 0 4 3 0 0 0 2 4 0 0 3 3 3 5 3
split_gain=3.94631 2.37811 3.39111 2.37226 2.10899 1.97982 1.62497 1.35719 1.29308 1.54142 2.55841 2.12551 1.21378 1.12125 1.11514 2.57775 1.67388 1.79821 1.40042 1.33519 1.55454 1.10998
threshold=0 5.0336952619030333 1 2 3 4 5 6 7 8 9 10 11 12 13 14 15 16 17 18 4.6774800307930642 19
decision_type=9 10 9 9 9 9 9 9 1 9 9 9 9 9 1 9 9 9 9 9 8 9
left_child=-1 3 -3 -2 6 7 -5 -4 12 10 -10 13 -6 -11 15 19 17 -16 -18 20 -13 -17
right_child=1 2 5 4 8 -7 -8 -9 9 11 -12 14 -14 -15 16 21 18 -19 -20 -21 -22 -23
leaf_value=196.50191513891323 385.212592730712 -3.4237288653188465 151.69858455873276 0.19873597901022946 1.2161275026396532 114.81833574280165 -38.456984870501309 -0.75394082302155052 10.10302905957319 275.19582681572052 -26.956727955040723 -100.1229113979728 -43.680994154709964 24.066363245803338 24.480505844210263 -2.3970030680577912 -11.700155618080219 -28.409780398266548 65.166075596955125 -12.672054478075479 32.639259674080805 30.793868432814453
leaf_weight=1301 357 1811 254 739 293 2119 1008 1213 1025 365 1894 275 383 1832 228 2262 527 674 1977 1112 107 1219
leaf_count=1301 357 1811 254 739 293 2119 1008 1213 1025 365 1894 275 383 1832 228 2262 527 674 1977 1112 107 1219
internal_value=0.000349589 0.000204187 0.00102269 -6.71723e-05 -0.000149699 0.00182101 -0.00161939 0.00053854 3.26755e-05 0.00012901 -0.000784544 0.000381587 -0.00188496 0.00162359 5.41524e-05 -0.000375226 0.000681338 -0.000974836 0.00127703 -0.00193028 -0.00420305 0.000297595
internal_weight=22975 21674 5397 16277 15920 3586 1747 1467 14173 13497 2919 10578 676 2197 8381 4975 3406 902 2504 1494 382 3481
internal_count=22975 21674 5397 16277 15920 3586 1747 1467 14173 13497 2919 10578 676 2197 8381 4975 3406 902 2504 1494 382 3481
cat_boundaries=0 13 27 28 42 44 46 60 61 63 76 90 102 103 104 117 130 132 134 136 138
cat_threshold=327680 3331719168 67109073 2147484164 2147483648 2080 256 0 0 16 0 663648 393344 1073745920 13312 4096 0 26214400 33558528 0 65536 536870912 1073758210 520093840 33156 67109889 2 32 2097236 81956 0 64 0 320 512 268460032 4 557059 547356672 3145732 1589248 6 558076462 415754 3911110868 24576 2129920 16777216 0 0 256 0 0 8192 0 8912896 0 0 16900 5 1 119938568 263712 33587200 11264 536870912 0 143786244 1024 0 98368 536872960 1087374336 234885136 16778368 2048 2172665864 2097216 3758096384 0 16777216 16777220 0 0 8 1073742592 160 2147486081 8399922 1 3221225472 0 0 0 4 0 0 0 0 0 16 2415919872 16 4 1077936128 2064 4096 2138112 143262016 33555456 128 0 536936448 82837504 69632 0 2149614080 33554432 11264 0 0 8388608 536870912 0 1208025088 32768 132168 1577058304 16781312 4096 2161705024 2048 679510086 16640 2147508496 2066 1759002656 202893
is_linear=0
shrinkage=0.045


Tree=102
num_leaves=23
num_cat=19
split_feature=0 2 0 4 5 0 2 3 3 0 0 0 5 2 3 1 0 4 3 5 4 0
split_gain=3.80793 2.53147 3.97024 2.29165 2.36411 2.21678 2.12905 2.2083 1.80555 3.10184 1.87714 1.63385 1.60733 1.21105 1.14848 1.5516 1.4901 1.17896 1.13734 1.12537 1.05097 1.9514
threshold=0 1 2 3 5.9335696915338003 4 5 6 7 8 9 10 4.5485858369352732 11 12 13 14 15 16 4.816232960488728 17 18
decision_type=9 9 9 1 10 9 9 9 9 9 9 9 10 9 9 9 9 1 9 8 1 9
left_child=-1 5 6 -4 8 -2 7 -3 9 -5 18 12 -9 -12 15 17 -16 -7 -10 20 21 -15
right_child=1 2 3 4 -6 14 -8 11 10 -11 13 -13 -14 19 16 -17 -18 -19 -20 -21 -22 -23
leaf_value=229.93363159376938 -75.990227600646847 116.73439484090576 -82.938129160133144 -35.423837308660879 131.07661062407692 -56.324744066252798 380.41827548023849 -75.481394627868525 -21.14412355850396 0.11126821449203489 299.81977952864963 52.997815801914449 16.942438027080762 -56.577566690491381 46.160187382330008 -7.7014759035567906 -2.9063184156308077 -119.12575688887597 1.2419863339935246 49.915181468043698 22.447368710836486 1.8763158946060454
leaf_weight=1371 249 1193 195 1055 840 186 810 359 708 3069 316 499 378 441 526 2692 1907 37 1105 1565 2091 1383
leaf_count=1371 249 1193 195 1055 840 186 810 359 708 3069 316 499 378 441 526 2692 1907 37 1105 1565 2091 1383
internal_value=0.000349589 0.000202767 0.000490761 0.000133099 0.000208628 -0.000620164 0.00189496 0.00121487 4.33321e-05 -0.000713733 0.000454074 -0.000122596 -0.00145995 0.000849174 -0.000421455 -0.00102238 0.0003 -0.0045383 -0.000806301 0.000688274 0.000281466 -0.000507667
internal_weight=22975 21604 16007 12768 12573 5597 3239 2429 11733 4124 7609 1236 737 5796 5348 2915 2433 223 1813 5480 3915 1824
internal_count=22975 21604 16007 12768 12573 5597 3239 2429 11733 4124 7609 1236 737 5796 5348 2915 2433 223 1813 5480 3915 1824
cat_boundaries=0 13 14 27 28 41 42 44 46 59 73 86 87 89 91 104 105 107 108 122
cat_threshold=0 3333816320 603979984 2147484180 0 2080 0 0 4096 16 8 663648 393856 3 48529424 16777216 1 1 1073742088 1024 0 0 3072 8229 0 2147486592 548886 1 39878656 0 0 0 134217728 0 0 0 0 8404992 201326592 0 1049600 4 3935854704 476080 1797262114 105257 4096 84 4096 8192 419463168 536870917 0 134243328 4 577794 270532608 17825793 2147483648 0 19456 0 0 10093056 4416 640 1342242816 65536 67108864 1719664640 37892 67108864 19 262144 16777216 1 0 0 0 0 0 3072 1 0 2147483904 8208 224 2152911898 510165 82 641 0 4096 3221225472 1 4 0 0 8192 0 1073745920 131072 268469376 16 4 8483904 24784 4 0 4148 0 2097152 0 0 0 32768 536870912 6815744 0 2097152 32768 4
is_linear=0
shrinkage=0.045


Tree=103
num_leaves=23
num_cat=19
split_feature=0 2 0 5 0 3 3 3 0 5 0 3 3 3 0 0 0 0 0 3 2 5
split_gain=3.61265 2.66048 3.19931 2.09635 1.92588 2.94248 1.75098 1.33982 1.42203 1.15895 2.25982 2.28971 1.7892 1.78586 2.67042 2.31878 1.39919 1.29957 1.21807 0.942251 0.93336 0.919103
threshold=0 1 2 5.7446031891748186 3 4 5 6 7 3.4498615536424366 8 9 10 11 12 13 14 15 16 17 18 2.8617925509761908
decision_type=9 9 9 10 9 9 9 9 9 10 9 9 9 9 9 9 9 9 9 9 9 8
left_child=-1 2 -2 4 5 -3 -5 8 -4 10 12 16 -6 14 -11 19 -12 -17 -13 -15 -9 -18
right_child=1 3 7 6 9 -7 -8 20 -10 13 11 18 -14 15 -16 17 21 -19 -20 -21 -22 -23
leaf_value=203.45280391424043 265.35731255804762 -74.503772530066698 -9.2797006208873274 72.40970494740543 -21.598291963990849 1.3599755195799006 -1.4928563801796011 233.40774398949608 114.46330666086776 -31.540048116629769 -5.0085456690721939 11.680314729267726 36.851617159391701 4.2316182363509594 4.6098635472417069 89.823191884584048 -100.94357917325283 13.482063716627655 -19.525919172666026 -18.681114241884533 -7.6186147596975458 -63.362488063065072
leaf_weight=1217 1345 873 550 1163 485 964 847 147 968 1610 228 673 707 493 2440 616 154 3590 914 1263 1390 338
leaf_count=1217 1345 873 550 1163 485 964 847 147 968 1610 228 673 707 493 2440 616 154 3590 914 1263 1390 338
internal_value=0.00036134 0.000226964 0.00121374 -2.3834e-05 -0.000202866 -0.0015649 0.00134195 0.000403489 0.00134706 -1.63054e-05 -0.00072108 -0.00153881 0.00086711 0.000230078 -0.000498523 0.00072464 -0.00362705 0.0012973 -0.000571294 -0.000646493 -0.000531633 -0.00498214
internal_weight=22975 21758 4400 17358 15348 1837 2010 3055 1518 13511 3499 2307 1192 10012 4050 5962 720 4206 1587 1756 1537 492
internal_count=22975 21758 4400 17358 15348 1837 2010 3055 1518 13511 3499 2307 1192 10012 4050 5962 720 4206 1587 1756 1537 492
cat_boundaries=0 13 14 27 40 42 44 46 58 71 73 75 77 91 105 118 132 146 148 149
cat_threshold=0 3333423104 2684358864 2147484164 0 2080 0 1024 4096 16 8 663648 395392 176 35946496 16842752 1 0 590080 64 0 0 1024 524288 134217728 2148532480 25116 4456512 65568 1 0 163848 4160 384 268460032 128 515 1084227584 3145732 8913930 2863662670 283398 2199475568 5012 2153294552 131988 0 26628 0 0 0 0 0 0 65540 2097218 301989888 2129920 3221291016 143360 0 2097152 1065216 0 0 1073807360 536903680 1084358656 402657424 7441 8224 169912934 297236 3812966912 41704 105092400 48689 1073811456 135168 0 2105344 2282225664 33554432 0 134217728 32768 10665984 201330832 2147486736 67149828 2 4104 9220 0 0 277872896 570425344 0 98304 536903680 1052928 855642112 257 2150646017 4 8388608 1024 0 0 524288 0 0 0 2048 4722696 16777216 2147483648 67108864 33619984 0 0 2105345 0 1028 0 0 1024 2097152 131216 16779280 32768 1 33554432 4 1073741824 128 142606336 536870912 0 0 2048 1081344 0 16777856 2215677973 18 816056518 262152 32
is_linear=0
shrinkage=0.045


Tree=104
num_leaves=23
num_cat=19
split_feature=0 2 0 0 4 5 2 3 3 0 0 3 3 1 5 1 0 5 3 0 0 3
split_gain=3.88944 2.61636 4.43022 2.51416 1.98469 2.16677 1.9322 1.97821 1.68927 2.98753 2.79107 1.33516 1.25257 1.41217 1.14323 1.12375 1.09249 1.12234 1.03427 1.51783 0.992357 1.18353
threshold=0 1 2 3 4 5.9493387708841867 5 6 7 8 9 10 11 12 3.3497501700808394 13 14 4.4248287033199567 15 16 17 18
decision_type=9 9 9 9 1 10 9 9 9 9 9 9 9 9 8 9 9 8 9 9 9 9
left_child=-1 3 6 11 -4 8 7 14 10 -10 12 -2 13 -6 -3 -12 17 -16 19 -5 21 -11
right_child=1 2 4 18 5 -7 -8 -9 9 20 15 -13 -14 -15 16 -17 -18 -19 -20 -21 -22 -23
leaf_value=244.898764165871 -120.66633286645337 -169.49807639961432 -79.732342292017989 4.0124189963887407 17.091423432386481 119.28700973417538 399.87938344611297 108.06318402667222 75.056284851278321 2.2505515001605376 41.430243373144982 -5.0649612416533696 -36.994896153139116 -63.67761350200216 -169.14942388354012 -1.4048801712196233 51.974490132350127 -20.844993612176115 2.9978430408960124 -25.479146582202418 0.57483687317188203 -57.189057567617787
leaf_weight=1077 239 83 191 732 361 838 805 1824 2002 245 508 364 966 284 57 4242 340 174 2639 1678 3111 215
leaf_count=1077 239 83 191 732 361 838 805 1824 2002 245 508 364 966 284 57 4242 340 174 2639 1678 3111 215
internal_value=0.000337838 0.000207029 0.000497109 -0.000626059 0.000122428 0.000190935 0.00197071 0.00133374 3.54392e-05 0.000606715 -0.000465322 -0.0033439 -0.00207671 -0.000513698 -0.000783784 8.50485e-05 -7.06805e-05 -0.00238889 -0.000294309 -0.000966143 -0.000174574 -0.00209746
internal_weight=22975 21898 16246 5652 12963 12772 3283 2478 11934 5573 6361 603 1611 645 654 4750 571 231 5049 2410 3571 460
internal_count=22975 21898 16246 5652 12963 12772 3283 2478 11934 5573 6361 603 1611 645 654 4750 571 231 5049 2410 3571 460
cat_boundaries=0 13 14 27 40 41 42 44 46 59 72 74 76 78 80 93 95 108 121 123
cat_threshold=262144 3333423104 301989968 2147484164 0 16779808 0 0 134217728 16 0 663648 397440 3 48267280 16908288 536870913 17 1073742080 0 0 0 7168 8228 0 2147486592 1597972 39878656 131072 0 0 134217984 0 0 0 536871040 8404992 201326592 2048 1084432 1 4 2589700 47112 793022246 88761 8 262240 4096 0 419463168 1280 0 134234112 4 6472714 18874368 2129920 2149615624 0 83008 4096 32768 2566914560 570425344 256 58368 4 4211723 270532608 32768 2147516416 8946706 4100 17072932 136 268713984 67590 135008736 258 0 16777216 1 0 0 0 0 0 0 0 0 2147483648 512 2186432538 290005 2155872256 4096 0 0 131072 0 0 8192 0 1073742080 16781456 37376 40 4096 18432 0 0 9437256 0 640 268435456 0 1048576 1082130432 16778240 256 2147487824 262148
is_linear=0
shrinkage=0.045


Tree=105
num_leaves=23
num_cat=20
split_feature=0 5 0 3 2 0 2 3 0 1 3 5 0 3 0 3 3 3 0 0 4 1
split_gain=3.38169 2.1807 3.33491 2.56528 2.20547 1.95175 1.57018 1.48043 1.47835 1.2519 1.02879 1.02664 2.8681 1.91163 1.89417 1.81234 1.55924 1.40228 1.46876 1.44097 1.00014 0.99993
threshold=0 4.7317931335534196 1 2 3 4 5 6 7 8 9 3.4175922930736511 10 11 12 13 14 15 16 17 18 19
decision_type=9 10 9 9 9 9 9 9 9 9 9 8 9 9 9 9 9 9 9 9 1 9
left_child=-1 4 3 -3 -2 6 -6 8 -4 -9 -8 12 13 -7 16 -14 -13 19 -19 -16 -5 -12
right_child=1 2 7 20 5 11 10 9 -10 -11 21 14 15 -15 17 -17 -18 18 -20 -21 -22 -23
leaf_value=160.7010173274665 339.15755412343719 -9.5591804681951213 -51.707547836328295 -46.088084626842694 -129.36067813600428 -2.4802155055591535 1.8863458953304084 38.334288027124963 -1.9133421989994865 -1.4177164075856068 -17.527981358111479 -0.66946528106649028 -9.267939365754275 -79.762160223728344 40.485653868533916 19.526820980664173 58.922019990870496 2.9863513289822601 -19.102274509389972 -0.63066185332242075 147.19115520141165 -61.576475647803605
leaf_weight=1344 347 674 273 81 109 372 576 1289 1159 1663 425 766 1229 588 897 1194 1089 2083 3176 1163 2137 341
leaf_count=1344 347 674 273 81 109 372 576 1289 1159 1663 425 766 1229 588 897 1194 1089 2083 3176 1163 2137 341
internal_value=0.00032217 0.000185256 0.000819868 0.00200207 -0.000136344 -0.000225321 -0.00178093 3.48045e-05 -0.00114681 0.000610324 -0.00132275 -4.40367e-05 -0.000713885 -0.00277778 0.00020303 0.000116427 0.00148232 -0.00012338 -0.00051309 0.000868726 0.00274036 -0.0023946
internal_weight=22975 21631 7276 2892 14355 14008 1451 4384 1432 2952 1342 12557 3383 960 9174 2423 1855 7319 5259 2060 2218 766
internal_count=22975 21631 7276 2892 14355 14008 1451 4384 1432 2952 1342 12557 3383 960 9174 2423 1855 7319 5259 2060 2218 766
cat_boundaries=0 13 27 29 30 44 45 47 61 63 65 79 81 94 96 98 100 114 127 128 130
cat_threshold=0 3333423104 536870993 2147484164 1073742336 2080 0 64 4096 48 0 663648 401792 2392080 17041440 0 0 33024 1024 0 0 1028 6949888 65536 2150630528 49676 5 574687750 174088 32 6291540 84004 335544320 8192 2147745800 16777472 0 268485632 4 524289 35651584 3145728 1572864 2 3 323397670 118857 0 5120 0 0 134742016 536870912 0 0 0 2 16781312 256 0 2 536890469 68039 2748895236 421888 294912 16777216 0 1 134217732 1024 0 73728 3072 4232200 16777216 268468352 5164 17 701104244 196680 0 132160 4096 145 65540 1029 768 0 3072 68158528 32 268468608 39985 1809057420 410428 679124480 188500 4100532352 131349 311304 16789504 2147483648 0 131072 536870912 0 8192 65536 1088426248 226496512 4613 2214593024 1 2147516416 4096 0 2097152 411566336 0 0 65536 32768 32778 268435584 2147486224 67108868 1 16468 68096
is_linear=0
shrinkage=0.045


Tree=106
num_leaves=23
num_cat=19
split_feature=0 2 5 0 3 0 3 3 0 3 0 0 5 4 0 3 0 3 0 3 0 5
split_gain=3.53331 2.09303 2.129 3.86925 2.68904 2.38972 1.80472 1.72358 1.64605 1.36383 2.95831 2.85077 1.48021 1.28506 1.58417 2.16716 1.36949 1.25255 1.21618 1.29798 1.11528 1.35206
threshold=0 1 4.6001450180613412 2 3 4 5 6 7 8 9 10 3.1132683346437333 11 12 13 14 15 16 17 18 6.703185102203908
decision_type=9 9 10 9 9 9 9 9 9 9 9 9 8 1 9 9 9 9 9 9 9 10
left_child=-1 -2 5 4 -4 7 8 -3 -5 11 -11 12 -7 16 15 -15 -12 -16 -14 -20 21 -8
right_child=1 2 3 6 -6 9 20 -9 -10 10 13 -13 18 14 17 -17 -18 -19 19 -21 -22 -23
leaf_value=180.72700717040848 340.17954372406638 0.17929624194215368 142.50378147637835 -113.23563848096015 2.5511010732206332 -127.84681601886111 -6.0328147934240395 -54.901664064234438 -4.4699611526349381 45.25150893116966 88.618251690391133 1.0692854743490245 -9.9226033318882365 -91.884188118845231 -22.968963191095959 -0.82504454584960252 -1.1912762017100527 2.0724290304591255 -3.0847399389152081 -87.050466031740086 22.835124477700603 61.440300040358615
leaf_weight=1488 377 536 1796 103 1278 270 1872 817 860 1435 647 3649 997 225 673 341 1274 1663 209 254 2013 198
leaf_count=1488 377 536 1796 103 1278 270 1872 817 860 1435 647 3649 997 225 673 341 1274 1663 209 254 2013 198
internal_value=0.000312378 0.000164729 0.000104394 0.000675942 0.00193065 -0.000252848 -9.25265e-05 -0.00203407 -0.00183231 -4.36516e-05 0.000407656 -0.000568447 -0.00206659 -0.000127508 -0.000725206 -0.00283391 0.000774571 -0.000199318 -0.00150821 -0.00338211 0.000321978 -0.000410663
internal_weight=22975 21487 21110 8120 3074 12990 5046 1353 963 11637 6258 5379 1730 4823 2902 566 1921 2336 1460 463 4083 2070
internal_count=22975 21487 21110 8120 3074 12990 5046 1353 963 11637 6258 5379 1730 4823 2902 566 1921 2336 1460 463 4083 2070
cat_boundaries=0 14 15 29 31 45 47 49 61 63 76 89 90 104 106 120 122 135 137 151
cat_threshold=2097152 2257584128 603979856 2147484164 1073741824 2080 0 64 4096 49 0 663648 402048 16 32 33849360 19138560 1073741825 2097152 0 1088 0 0 4 6851584 0 2148533376 53272 5 3235669488 86946 4194372 2181140 1 0 2147745800 33554688 128 268436480 4 524288 570556416 3145728 1594368 6 123873568 49249 1615696064 223912 0 12320 0 0 0 0 0 0 0 2 128 256 184915594 356024 2147549185 1120 3221225472 32769 285212676 1024 0 1073741824 1024 151554 268435584 2147518976 2081 17137680 96 3221225472 0 134217732 0 0 1073782784 0 4247562 285212808 2147518464 2057 2 33816584 0 0 2097152 135397632 0 0 134217728 536936448 7340288 67108864 4 2155905024 1 2152218688 4 0 16781312 0 2097152 135266560 0 0 0 0 14680064 83886080 272 8421392 1 1574916 131142 0 64 1073741824 0 134217732 0 0 0 0 4210696 16777216 2147516416 2057 16814592 344584 4096 136192 0 0 295174656 570425348 0 73728 536870912 1073893378 469766160 516 67110913 2
is_linear=0
shrinkage=0.045


Tree=107
num_leaves=23
num_cat=19
split_feature=0 2 0 0 5 3 0 0 3 0 4 0 1 3 0 1 4 3 5 2 5 0
split_gain=3.37844 2.5285 3.81134 2.31862 2.08492 1.68099 3.02648 2.17643 1.64459 1.35447 1.34948 1.34176 1.43742 1.31974 1.44338 1.30482 1.15849 1.13628 1.01964 1.01609 1.04947 1.0426
threshold=0 1 2 3 5.9952067579627961 4 5 6 7 8 9 10 11 12 13 14 15 16 4.0163424379838117 17 4.1510089048756029 18
decision_type=9 9 9 9 10 9 9 9 9 9 1 9 9 9 9 9 1 9 10 9 8 9
left_child=-1 3 8 -2 5 6 17 -7 16 18 -9 -12 -13 14 -5 -16 -3 -4 -8 20 -10 -22
right_child=1 2 4 13 -6 7 9 10 19 -11 11 12 -14 -15 15 -17 -18 -19 -20 -21 21 -23
leaf_value=257.99431501275433 -49.565110997252411 -63.964243789894468 -3.7117706734053728 2.4502974174106704 95.656573251005099 63.188327235240322 -34.792314816400605 -107.81251954142554 -41.495968855648016 -8.949689757857044 14.578671680933597 -155.15453346191191 -2.4061255789151663 2.3790308233686708 -89.586272057493957 -16.536913892648521 171.07990932911648 32.871868949138502 -101.63692555737045 194.09907888859559 -25.448101972370875 126.48228466733273
leaf_weight=960 629 37 457 832 872 1508 126 84 384 3924 2659 125 2404 2421 121 1624 1860 938 129 311 298 272
leaf_count=960 629 37 457 832 872 1508 126 84 384 3924 2659 125 2404 2421 121 1624 1860 938 129 311 298 272
internal_value=0.000320212 0.000205316 0.000487866 -0.000616865 0.000151609 1.45695e-06 -0.000576799 0.000477032 0.00188847 -0.00118218 4.42848e-05 0.000136994 -0.000603896 -0.000289221 -0.000995944 -0.0017288 0.00272734 0.00123134 -0.00429775 0.00061668 -0.000121118 0.0011014
internal_weight=22975 22015 16388 5627 13226 12354 5574 6780 3162 4179 5272 5188 2529 4998 2577 1745 1897 1395 255 1265 954 570
internal_count=22975 22015 16388 5627 13226 12354 5574 6780 3162 4179 5272 5188 2529 4998 2577 1745 1897 1395 255 1265 954 570
cat_boundaries=0 13 14 27 40 42 56 70 72 83 84 97 98 100 113 115 116 118 119 132
cat_threshold=0 2257584128 536870992 2147484164 1073741824 2080 0 64 4096 8240 8 663648 393344 3 48529424 16908352 0 17 264 1024 0 0 1024 4 0 2147486592 551956 6324224 131072 0 0 134217984 0 0 0 536870912 8404992 201326592 2048 1084436 788946726 105001 16777217 12288 0 0 8585728 64 640 1342194688 65536 11698176 33619968 2135040 75501570 2 8 2359316 4097 0 285245440 33554433 0 134217728 34816 20991240 1612709888 20 33280 5 3898098040 479654 0 4 0 0 285245440 0 256 134225920 0 16640 1075838976 1 20480 2080 0 2129920 135806976 536870980 0 106496 536870924 659522 0 2097153 2157969674 403967232 2337419806 289876 65536 4096 1073741824 0 131072 0 0 8192 0 256 16781456 37376 41 68 67584 1 50335780 33320 4 16 16777216 0 0 256 0 0 0 1024 0 0 2147483904 9216
is_linear=0
shrinkage=0.045


Tree=108
num_leaves=23
num_cat=19
split_feature=0 5 0 2 0 3 1 3 3 1 5 5 4 3 0 3 0 0 3 0 3 0
split_gain=3.47959 2.31714 3.78103 1.91766 2.24922 2.05441 1.41552 1.77022 1.2855 1.56422 1.21358 1.11748 1.08426 3.56407 2.36896 2.1063 3.30392 2.93883 2.25092 1.95486 1.37833 1.34977
threshold=0 4.9938224302714262 1 2 3 4 5 6 7 8 5.7975752026129497 2.602003343538398 9 10 11 12 13 14 15 16 17 18
decision_type=9 10 9 9 9 9 9 9 9 9 10 8 1 9 9 9 9 9 9 9 9 9
left_child=-1 3 -3 -2 5 11 7 -4 9 -8 -11 -5 13 -6 -15 16 -14 18 -17 -18 -16 -19
right_child=1 2 6 4 12 -7 8 -9 -10 10 -12 -13 15 14 20 17 19 21 -20 -21 -22 -23
leaf_value=153.42007461495658 201.00380460848874 103.27639495442116 118.13457054737998 83.21509789462786 -73.121680015877757 -0.45674677660877527 -0.20236792089893507 -2.6865422278528435 3.8939772220210038 -24.674176219201811 -72.996738914455094 -115.83776266548993 -59.502430017580664 -5.2591281619898558 102.04137722456899 2.4554417730277107 26.697122065660409 24.325080561939725 -54.499903888032151 -13.873523946049584 17.445068659574673 1.2359234683360343
leaf_weight=1079 485 1809 807 46 677 556 526 940 1268 329 107 487 479 1353 1435 460 671 1424 766 2477 1601 3193
leaf_count=1079 485 1809 807 46 677 556 526 940 1268 329 107 487 479 1353 1435 460 671 1424 766 2477 1601 3193
internal_value=0.000320212 0.000196367 0.000968729 -8.09954e-05 -0.000168351 -0.00212943 0.000188393 0.00114355 -0.000561998 -0.00179261 -0.0037567 -0.00410367 -1.97964e-05 0.000511445 0.000980573 -0.000304054 -0.00115375 0.000225192 -0.00172294 -0.00061519 0.00167717 0.000745626
internal_weight=22975 21896 5786 16110 15625 1089 3977 1747 2230 962 436 533 14536 5066 4389 9470 3627 5843 1226 3148 3036 4617
internal_count=22975 21896 5786 16110 15625 1089 3977 1747 2230 962 436 533 14536 5066 4389 9470 3627 5843 1226 3148 3036 4617
cat_boundaries=0 13 27 28 41 43 45 47 49 51 52 54 68 70 84 98 100 114 116 130
cat_threshold=33554432 2257584128 2952790096 2147484164 65536 2080 0 0 4096 272 0 663648 393344 2392064 19136548 1 1 524288 536872192 0 8192 1028 6818816 0 2150630912 18944 5 160 6291524 2179120 1 0 8 256 512 268435456 4 66 2097152 3145728 524288 21071366 37564 536872045 67814 31084608 222124 2308055588 84029 20736 8201 2 33690114 279328 32768 11264 0 0 8912896 553648128 0 1208033280 0 67240968 2130706432 16810004 1028 22 121523328 199772 262152 16779268 0 0 524288 536870912 0 0 536872960 524288 134217728 32768 43520 1 2155872257 0 0 2138112 2291269636 1088 128 0 33792 6848512 335544336 16777220 2214593024 6 1082232874 320257 2155872257 132160 67108864 8193 1180164 0 0 8192 33792 1078984704 385876112 16781312 2147483652 2 2151416836 211036 17055760 16788548 1073741824 0 268435456 536870912 0 134300672 2048 0 671088648 35088 28720 1
is_linear=0
shrinkage=0.045


Tree=109
num_leaves=23
num_cat=19
split_feature=0 2 0 0 3 5 2 0 0 3 3 3 0 0 3 3 0 3 0 0 5 5
split_gain=3.33295 2.48577 3.07974 1.92196 1.83853 1.37368 1.31356 2.28087 1.78496 1.55097 1.51873 1.25202 1.94226 1.5165 1.25504 1.2423 1.22914 1.16703 1.03936 1.02623 1.00872 0.99434
threshold=0 1 2 3 4 3.8606743063089755 5 6 7 8 9 10 11 12 13 14 15 16 17 18 5.4909995847486188 2.4414009612931857
decision_type=9 9 9 9 9 10 9 9 9 9 9 9 9 9 9 9 9 9 9 9 10 10
left_child=-1 2 -2 17 -4 18 8 10 -5 -10 20 13 15 14 -9 16 -13 -3 -6 -7 -8 -11
right_child=1 3 4 6 5 19 7 11 9 21 -12 12 -14 -15 -16 -17 -18 -19 -20 -21 -22 -23
leaf_value=182.46453979227073 362.34887720919642 7.6749612275612433 -8.3668024774122873 -60.71534143199365 -64.680183983762902 -24.982268242399122 -1.1008270049278248 16.36607432331116 16.134568985034477 -143.92943132137705 91.718745575207521 -39.974464396992119 -1.8829411022453388 -11.10986141995545 -6.250498215955683 63.045917005996571 53.682188086384031 -32.529228793089125 7.6328362693748462 105.7949027671536 261.24320424876629 -18.575653460952832
leaf_weight=1229 932 102 1056 239 110 155 1237 1170 611 97 1201 335 4160 4067 623 1647 254 469 894 1473 147 767
leaf_count=1229 932 102 1056 239 110 155 1237 1170 611 97 1201 335 4160 4067 623 1647 254 469 894 1473 147 767
internal_value=0.000302585 0.000172902 0.0010978 -7.71967e-05 0.000508379 0.00114372 1.22233e-05 0.000148758 -0.0011628 -0.000559852 0.00136022 -0.000107841 0.000327247 -0.000582425 0.000506094 0.00139324 -0.000381863 -0.00261664 -0.000161034 0.0019546 0.000335244 -0.0017774
internal_weight=22975 21746 4620 17126 3688 2632 16555 14841 1714 1475 2585 12256 6396 5860 1793 2236 589 571 1004 1628 1384 864
internal_count=22975 21746 4620 17126 3688 2632 16555 14841 1714 1475 2585 12256 6396 5860 1793 2236 589 571 1004 1628 1384 864
cat_boundaries=0 13 14 28 41 43 44 57 70 72 74 76 90 104 106 108 121 123 136 147
cat_threshold=2097168 2259681280 536870992 2147484164 0 2336 384 0 4096 16 0 663648 393344 240 33849344 16777216 1 0 0 64 0 0 0 0 0 2149581056 25108 1 4194372 65536 2415919104 0 8 16777280 0 268436480 0 771 1084227584 3145728 524288 318969122 284680 1 2155905025 0 1073741824 65 1073741824 1028 0 32832 3076 1078476864 69784 3200 9472000 2181070848 0 0 0 0 0 0 0 0 0 0 3200 16 147402858 74472 1245907006 342677 788986660 121960 33619976 17047552 4097 2138256 403177472 33554433 512 16384 536903680 67272704 0 2147484417 8704 1 16777216 135168 0 0 8389380 536870912 0 1073807360 0 10519552 33554432 36884 69226546 4 738382340 23552 281083906 393728 0 8192 0 0 524288 0 0 0 536870912 0 0 2147484160 512 2281701392 2592 0 18432 0 0 0 0 0 0 65536 1024 0 0 2048 0 8192 0 0 134217728 0 0 65536 4 2097152 268435456
is_linear=0
shrinkage=0.045


Tree=110
num_leaves=23
num_cat=17
split_feature=0 2 0 0 3 5 5 0 4 3 0 0 5 3 0 3 3 5 3 1 5 4
split_gain=3.07121 2.29741 3.59613 2.2689 1.99748 1.79924 1.53777 1.40755 1.38672 1.46769 2.94871 2.40369 1.30932 1.26476 1.1751 1.68932 1.19167 1.41836 1.12344 1.13089 1.11007 1.03032
threshold=0 1 2 3 4 5.9952067579627961 4.9801701820644562 5 6 7 8 9 3.8176519431297078 10 11 12 13 2.8029010331479989 14 15 1.8688348091416842 16
decision_type=9 9 9 9 9 10 8 9 1 9 9 9 10 9 9 9 9 10 9 9 10 1
left_child=-1 3 4 -2 -3 8 7 -6 12 10 18 -11 -4 -5 15 -12 17 20 19 -10 -16 -7
right_child=1 2 5 13 6 21 -8 -9 9 11 14 -13 -14 -15 16 -17 -18 -19 -20 -21 -22 -23
leaf_value=137.7236864016692 -50.97312719838267 212.67302690170374 7.1961510330968288 -11.348687445340252 -25.364638321440296 136.01523931467207 105.36495283468143 22.966275300801765 -80.40911061302107 54.813552615197416 -1.8787179605437521 -1.7787288403438979 -124.64485553664882 3.8264133170186394 -121.23542912319616 -49.341785263882713 1.0923634434850968 -18.460178219376296 21.866224944783603 11.691995398249578 -157.25627874708408 -24.435095105960791
leaf_weight=1217 528 1209 77 2988 247 569 767 1162 101 2309 615 3497 75 2029 41 737 1817 1105 1494 122 41 228
leaf_count=1217 528 1209 77 2988 247 569 767 1162 101 2309 615 3497 75 2029 41 737 1817 1105 1494 122 41 228
internal_value=0.000253623 0.000129812 0.000400216 -0.000659978 0.00170224 5.5374e-05 0.000876143 -3.18906e-06 -8.18996e-05 -2.68915e-05 -0.000515448 0.000484187 -0.00432468 -0.000360608 -0.00113736 -0.0022368 -0.00063561 -0.0017377 0.00105928 -0.00185745 -0.00739286 0.00212328
internal_weight=22975 21758 16213 5545 3385 12828 2176 1409 12031 11879 6073 5806 152 5017 4356 1352 3004 1187 1717 223 82 797
internal_count=22975 21758 16213 5545 3385 12828 2176 1409 12031 11879 6073 5806 152 5017 4356 1352 3004 1187 1717 223 82 797
cat_boundaries=0 13 14 27 40 42 55 56 58 72 86 88 102 104 106 108 110 111
cat_threshold=0 2257584128 80 2147484164 3489660928 2080 0 64 4104 1073741872 65536 665697 393344 3 44335128 17170496 536870913 17 256 0 0 134217728 1024 24580 0 2147484544 543252 39878656 131072 0 0 134217728 0 0 0 536870912 8404992 201326592 0 1083412 3357016184 344226 262144 17039360 1 0 0 0 0 0 0 0 0 0 512 1 791070498 129577 16777217 12288 0 0 9633864 1344 0 1342177280 65536 8914944 570425344 2102272 69243906 6 16384 2162736 4096 32768 151027712 0 0 8192 536905732 21108744 1092616192 20 2155913224 1 55726622 482388 16384 2164756 4096 0 151028224 1 256 58368 32772 4354 1092616192 16 8192 1 537264672 94216 570688000 70184 50331680 40960 4112 520 4
is_linear=0
shrinkage=0.045


Tree=111
num_leaves=23
num_cat=19
split_feature=0 2 0 3 0 5 5 0 0 3 3 0 0 0 3 1 3 4 0 3 3 5
split_gain=3.17436 2.08999 3.29439 2.01417 1.67719 1.39697 1.37997 2.64645 1.94068 1.79343 1.65012 1.55949 1.50069 1.33661 1.18 1.13294 1.0385 1.0374 1.03209 1.20889 1.02997 0.967236
threshold=0 1 2 3 4 3.8606743063089755 4.6001450180613412 5 6 7 8 9 10 11 12 13 14 15 16 17 18 4.4484992763719129
decision_type=9 9 9 9 9 10 10 9 9 9 9 9 9 9 9 9 9 1 9 9 9 10
left_child=-1 2 -2 -4 16 -5 8 20 9 12 13 -12 -6 -10 15 -9 -3 -13 -16 -20 -8 -14
right_child=1 4 3 5 6 -7 7 14 10 -11 11 17 21 -15 18 -17 -18 -19 19 -21 -22 -23
leaf_value=187.01142507452909 266.52035512489107 0.53610407565762475 -3.9512183421268507 -5.9631104036274101 -133.19459151766856 93.116250907078367 23.001054558251198 103.54010732741041 47.339329267708507 -11.044388732783311 3.569091267622905 -34.767908388060306 -32.428195961340336 1.9823521641001767 -7.4802767276480155 -2.3817263256014258 -17.522055238641794 -6.068828988222859 28.513450636703972 -6.229286112824389 101.70132360190718 -82.360816730329674
leaf_weight=1067 1012 238 1383 846 175 1403 452 614 538 1513 2023 190 376 1724 2353 365 441 3460 1104 880 778 40
leaf_count=1067 1012 238 1383 846 175 1403 452 614 538 1513 2023 190 376 1724 2353 365 441 3460 1104 880 778 40
internal_value=0.00023208 0.000114553 0.000960696 0.000323546 -0.000113568 0.00115237 -2.30462e-05 0.000485186 -0.000354496 -0.00156522 -3.11437e-05 -0.000440897 -0.00364925 0.000993404 4.72975e-05 0.00144854 -0.00228582 -0.000995358 -0.000272131 0.000482465 0.00235507 -0.00203972
internal_weight=22975 21908 4644 3632 17264 2249 16585 6546 10039 2104 7935 5673 591 2262 5316 979 679 3650 4337 1984 1230 416
internal_count=22975 21908 4644 3632 17264 2249 16585 6546 10039 2104 7935 5673 591 2262 5316 979 679 3650 4337 1984 1230 416
cat_boundaries=0 13 14 27 29 42 56 70 72 74 87 101 115 117 119 121 122 136 138 140
cat_threshold=16384 2257584128 67108944 2147484165 1073741824 2081 0 1088 528384 48 65536 663648 393344 240 35946496 18874368 1 0 65536 64 0 0 32768 0 16777216 2149581056 16916 855840546 293400 4194372 65536 2415919104 0 2147483656 16777280 384 268435456 8 67109635 10485760 3145728 9961472 2392080 18874368 1073741825 0 0 1024 0 0 1024 6848512 268566656 0 49664 5 1109655568 18874368 1 16 0 256 0 0 34816 2622464 1979842560 2147487748 17932 5 5755012 311568 2968192392 50449 2147483657 1073885188 536870912 128 16448 536871936 512 1073741824 536871936 8404992 32 268438800 67146017 0 0 1 0 0 0 0 0 0 0 0 2147483648 16896 1 0 0 0 2105344 142737408 0 0 65536 0 1074823168 134221968 144 67110912 2 1354367040 360834 18472 3091 2299002896 8360 1 33554432 143364 0 0 411566080 536870912 0 65536 536870912 1073762304 67112976 33552 67111964 2 2151977012 4668 180356112 6148
is_linear=0
shrinkage=0.045


Tree=112
num_leaves=23
num_cat=18
split_feature=0 0 2 0 3 3 5 3 5 3 0 3 2 3 0 3 0 0 5 2 4 5
split_gain=3.11232 1.78351 1.89879 2.63823 2.01252 1.58698 1.51963 1.37123 1.20163 1.71098 1.22476 3.56328 1.50375 1.95811 1.52826 1.87406 1.14424 1.12442 1.40273 1.05171 1.11484 1.32925
threshold=0 1 2 3 4 5 4.9522934739897151 6 5.7446031891748186 7 8 9 10 11 12 13 14 15 3.8176519431297078 16 17 3.9415346756528771
decision_type=9 9 9 9 9 9 8 9 10 9 9 9 9 9 9 9 9 9 8 9 1 8
left_child=6 5 3 -3 -5 -2 7 -1 10 -10 11 -4 14 16 15 -12 -14 -7 -19 -6 -21 -22
right_child=1 2 8 4 19 17 -8 -9 9 -11 12 -13 13 -15 -16 -17 -18 18 -20 20 21 -23
leaf_value=212.73727491213742 2.5223280853968433 419.92963780138126 -51.567051950221938 118.50782866701151 256.34559172191098 -2.1517002646067231 340.79393471060155 -13.343140208259625 -10.409424282585785 53.191262247510089 -12.226095755002994 8.2300588222803253 3.7460269820003784 0.26203655268684478 -0.57147530396688373 69.563931392209682 -65.098881025392046 -8.9389106252868658 -56.862347067024139 -141.69590943110791 -54.385202733010587 1.801698891305235
leaf_weight=369 508 689 1057 1390 181 342 592 522 460 1351 501 1487 120 647 8629 1269 487 147 231 38 663 1295
leaf_count=369 508 689 1057 1390 181 342 592 522 460 1351 501 1487 120 647 8629 1269 487 147 231 38 663 1295
internal_value=0.000190952 5.27345e-05 0.000154025 0.000997423 0.000499162 -0.00160403 0.00217625 0.00101288 -7.07863e-05 0.00102013 -0.00021012 -0.00110211 -1.42733e-05 -0.00147867 0.000163817 0.00136364 -0.00329321 -0.00295082 -0.00463846 -0.000355642 -0.000658864 -0.000509694
internal_weight=22975 21492 20264 4256 3567 1228 1483 891 16008 1811 14197 2544 11653 1254 10399 1770 607 720 378 2177 1996 1958
internal_count=22975 21492 20264 4256 3567 1228 1483 891 16008 1811 14197 2544 11653 1254 10399 1770 607 720 378 2177 1996 1958
cat_boundaries=0 13 26 27 40 42 44 46 48 61 63 64 66 79 81 94 107 108 109
cat_threshold=2097152 2257584128 80 2147484165 1073741824 2080 0 16448 5120 528 0 663648 393856 4194372 81936 2415919104 0 2147500040 16777281 0 402686976 4 67141893 344064000 8 1572864 240 33849344 18874368 1 0 0 0 0 0 0 0 0 2147483904 16404 3227003356 196868 2165331042 161928 18351712 287292 4366350 26664 1107558400 1024 1 8192 268435456 33558784 384 0 32776 1048610 539033600 3145733 2155889678 2182228060 381492 6 2147796568 153664 2155905041 262144 1610612736 64 4 1024 0 1073741824 0 1073872896 4248 3712 2048 1178681378 338049 0 0 0 0 8388608 0 0 0 0 8 32 268435712 32 0 81936 0 0 16384 64 0 134250496 0 32773 67108864 0 1048576 32 1
is_linear=0
shrinkage=0.045


Tree=113
num_leaves=23
num_cat=20
split_feature=0 4 3 0 0 3 3 0 0 5 0 3 0 3 0 3 3 5 3 2 3 2
split_gain=3.12167 2.12705 2.11322 3.66092 2.41853 2.06187 1.7651 1.6891 1.44766 1.20222 2.17002 2.09228 1.68324 2.0797 1.93104 1.87296 1.49532 1.61476 1.23914 1.19884 1.19851 1.21138
threshold=0 1 2 3 4 5 6 7 8 3.7494348669884658 9 10 11 12 13 14 15 6.078787719222313 16 17 18 19
decision_type=9 1 9 9 9 9 9 9 9 8 9 9 9 9 9 9 9 10 9 9 9 9
left_child=20 5 3 -3 6 -2 -4 -6 -5 10 11 -9 16 -14 15 19 -11 -18 -12 -15 -1 -22
right_child=1 2 4 8 7 -7 -8 9 -10 12 18 -13 13 14 -16 -17 17 -19 -20 -21 21 -23
leaf_value=231.18097750154857 -88.800539369390663 132.94303524763947 -49.57297003913542 53.763689844815701 35.412771967956509 -4.6577529275612326 -4.2271324911237889 -119.30032911846016 -3.1491428818552794 8.3061918258089538 22.379319649986751 -4.3072305854428032 36.628279772826438 -61.386640286045143 14.230101155316914 12.029314404627202 -23.401845900808816 49.232370774986173 -7.3300425288149933 11.017904455865962 -18.868747492424756 566.83648579364467
leaf_weight=813 254 1215 461 1541 1756 728 991 558 1977 1012 898 783 3242 631 1768 605 1571 254 1180 202 370 165
leaf_count=813 254 1215 461 1541 1756 728 991 558 1977 1012 898 783 3242 631 1768 605 1571 254 1180 202 370 165
internal_value=0.000218371 8.67186e-05 0.000184167 0.0010176 -6.44309e-05 -0.00195732 -0.00180738 0.00011194 0.000277904 -6.93613e-05 -0.000790558 -0.0021918 0.000196242 0.000597678 -0.000215351 -0.00143379 -0.000715514 -0.00148204 0.000124881 -0.00280651 0.00230956 0.000617002
internal_weight=22975 21627 20645 4733 15912 982 1452 14460 3518 12704 3419 1341 9285 6448 3206 1438 2837 1825 2078 833 1348 535
internal_count=22975 21627 20645 4733 15912 982 1452 14460 3518 12704 3419 1341 9285 6448 3206 1438 2837 1825 2078 833 1348 535
cat_boundaries=0 13 14 16 30 44 46 48 62 76 90 92 106 108 121 123 125 127 128 130 131
cat_threshold=0 2257846272 2147483728 2147492356 1073741824 6176 0 64 8 560 0 665696 393856 1 4036493520 258 2149879808 2100240 1 0 268599296 536871168 0 134217728 4096 1073745921 0 2166390784 8423444 1 4194308 67664 1 32768 2147483648 553648449 0 402686976 4100 4353 10551304 32769 524288 1 2147483808 280588 19112192 34868 35684352 131072 1610612736 2097217 16456 0 128 0 3200 1083721792 0 4224 16674 4 33554432 16777248 0 0 134217728 1088 0 73728 536904708 6423552 687865984 1049985 12297 2 327680 16777220 0 128 134217984 1024 0 73728 32768 4228104 1258291232 2097152 2147499032 16 167808006 53920 1098928145 2098180 0 0 427917824 0 512 1073807360 536870912 2 402784272 17825792 8388613 2 136324384 243365 2147483648 12288 0 0 1703936 33555456 0 0 0 2097152 67108864 2149582096 2214592512 21204994 18440 6790146 263252 69392942 6232 7 156795506 287380 5
is_linear=0
shrinkage=0.045


Tree=114
num_leaves=23
num_cat=20
split_feature=0 2 0 5 0 4 0 3 3 3 0 3 3 0 0 0 3 3 0 0 1 5
split_gain=3.13049 2.10273 3.56871 2.15469 2.91319 3.16996 2.28769 2.0629 2.05322 1.8831 1.73765 1.58621 1.55923 1.41689 1.33108 1.29455 1.22476 1.21956 1.37789 1.11488 1.09462 1.22501
threshold=0 1 2 4.5900436644025815 3 4 5 6 7 8 9 10 11 12 13 14 15 16 17 18 19 5.8245230014317348
decision_type=9 9 9 8 9 1 9 9 9 9 9 9 9 9 9 9 9 9 9 9 9 10
left_child=-1 10 7 6 5 -5 8 -3 -4 -7 16 14 15 -13 -8 -6 -2 18 -12 -19 21 -17
right_child=1 2 3 4 12 9 11 -9 -10 -11 17 13 -14 -15 -16 20 -18 19 -20 -21 -22 -23
leaf_value=170.83841275876563 -154.89073285819808 220.37915488730695 -1.2193471953342319 -87.705864940047874 5.0984339421295219 9.1893503514859649 3.0414059841715502 10.15387673946346 -63.78101603138979 119.61676023143997 -0.22033281758352227 -3.0374226201617036 10.161443689270895 18.806319590462376 -18.306561095709874 -80.058845367898996 -7.0284350564732199 25.42341143478982 -28.064213126655169 -2.7692052871101955 -8.3965316505016627 20.151304358626319
leaf_weight=1054 209 1236 855 59 487 806 1459 1132 791 1533 1615 1385 2137 2086 1651 173 320 636 1336 1446 526 43
leaf_count=1054 209 1236 855 59 487 806 1459 1132 791 1533 1615 1385 2137 2086 1651 173 320 636 1336 1446 526 43
internal_value=0.000210537 9.45837e-05 0.000351567 7.74479e-05 0.000744537 0.00193817 -0.000389901 0.00196261 -0.00188359 0.00220867 -0.000660387 -1.29681e-05 -0.0001119 0.000647287 -0.000749519 -0.00138155 -0.00308595 -0.000398711 -0.000985656 0.000434098 -0.00255438 -0.00521053
internal_weight=22975 21921 16359 13991 5764 2398 8227 2368 1646 2339 5562 6581 3366 3471 3110 1229 529 5033 2951 2082 742 216
internal_count=22975 21921 16359 13991 5764 2398 8227 2368 1646 2339 5562 6581 3366 3471 3110 1229 529 5033 2951 2082 742 216
cat_boundaries=0 13 14 27 41 42 56 58 60 62 75 77 79 92 105 119 121 123 136 149 151
cat_threshold=65536 2257846272 80 2147484165 1073741824 2080 0 64 8 48 8 269099104 393344 3 48529432 131072 536875008 16 131072 0 0 0 1024 10496 0 2147486592 9978372 0 18874384 1 0 256 1088 0 0 32768 15238152 33554432 3183616 38936 5 1 0 2179088 1 0 2147500040 64 0 58368 34816 2654272 1084227584 3183617 10 17 3896116856 82084 2835952848 458956 170331140 317452 6324224 131072 0 0 134217728 0 0 0 536870912 8404992 201326592 2048 1049620 1862575264 123134 57027118 37546 16777217 16779268 0 2105344 8912896 1024 128 1073807360 536870912 4194312 603979776 20 2214606080 0 16781316 0 2105344 9961536 536871936 640 65536 536936448 67125250 67108864 20 2214605840 0 2048 0 0 143130624 0 0 65536 536870912 0 352321536 20 9216 2 8422928 65668 2285556250 425045 0 4096 3221225472 128 8519684 33554432 0 65536 0 0 4256 2147517952 33 2189426688 4096 536870912 0 0 0 0 0 0 1073741824 16908304 388 9 269238273 1025
is_linear=0
shrinkage=0.045


Tree=115
num_leaves=23
num_cat=18
split_feature=2 0 2 0 4 5 3 0 3 3 0 0 3 0 0 0 5 5 3 0 5 0
split_gain=2.82253 2.8321 2.26355 3.74816 2.49282 2.65793 2.85986 2.38653 2.26456 2.09388 1.97874 1.81887 1.54363 2.08928 1.7993 1.13889 0.981006 1.15183 0.948355 1.29272 0.941737 1.65342
threshold=0 1 2 3 4 4.816232960488728 5 6 7 8 9 10 11 12 13 14 3.8815106545092593 4.2555875595453383 15 16 3.3842466058243152 17
decision_type=9 9 9 9 1 10 9 9 9 9 9 9 9 9 9 9 10 10 9 9 10 9
left_child=-1 9 3 8 -5 12 7 -7 15 -2 -8 16 13 -6 -14 -3 -4 -18 -13 -20 21 -16
right_child=1 2 11 4 5 6 10 -9 -10 -11 -12 18 14 -15 20 -17 17 -19 19 -21 -22 -23
leaf_value=337.80520131150007 -47.78306355105552 -39.281448872498537 -9.5830785702885066 -80.21022282649335 11.862298454906391 -30.353913397775582 159.32718558505846 40.099431328029375 211.31602116952863 3.7983851203615746 27.24946558800362 -7.8241293502503702 24.252825212724908 -18.15461245213638 7.6633834475645148 80.121514000422124 -283.24448265966839 -89.458564119177908 34.162714389424053 -4.5385578091611203 2.2321077610484381 -60.818607418974693
leaf_weight=766 851 291 200 179 1139 628 1048 949 1520 594 1354 2931 1318 2115 482 282 35 185 838 1414 3078 778
leaf_count=766 851 291 200 179 1139 628 1048 949 1520 594 1354 2931 1318 2115 482 282 35 185 838 1414 3078 778
internal_value=0.000204661 0.000111179 0.00024562 0.000531174 0.000247019 0.000320805 0.00128749 -0.000206734 0.00229382 -0.00180679 0.00225932 -0.000526536 -0.000111086 -0.000890079 0.000338215 -0.000130769 -0.00333333 -0.00547297 -0.000291915 0.000401502 -0.000105517 -0.00114105
internal_weight=22975 22209 20764 15161 13068 12889 3979 1577 2093 1445 2402 5603 8910 3254 5656 573 420 220 5183 2252 4338 1260
internal_count=22975 22209 20764 15161 13068 12889 3979 1577 2093 1445 2402 5603 8910 3254 5656 573 420 220 5183 2252 4338 1260
cat_boundaries=0 1 14 15 28 29 31 44 46 48 61 74 76 90 104 116 118 131 145
cat_threshold=96 68 81952 0 32768 2164260864 64 0 268436480 12 67125509 377487360 271056896 1573122 148 48529424 2257715200 536870976 533 131072 2080 0 0 0 8192 0 2147485888 409732 1 457648902 317464 4096 16790544 0 0 0 536870912 0 73728 536870912 4198400 16777216 1048596 2147516928 1610862854 174090 677217808 82316 0 19138576 1 0 1048576 536871936 0 0 0 6820872 0 1049600 35352 6324224 131072 0 4 134217728 0 0 0 536870912 0 134217728 0 20 1327660064 13867 0 0 0 8192 9961736 536871936 0 106496 68608 6455296 536870912 33024 67149328 6 16392 2101328 4096 2097152 72 536870912 0 1207959552 536870912 17831936 1092616192 16777492 8192 1 2097168 75497472 0 0 0 0 0 0 0 0 0 2147483648 2322756122 416849 3229614080 0 2684354560 1 0 0 0 8192 0 1073741824 16908304 2147484932 1 0 9220 0 0 1048832 0 0 65536 32768 8912896 134217728 32768 2155905544 4
is_linear=0
shrinkage=0.045


Tree=116
num_leaves=23
num_cat=19
split_feature=0 2 0 3 0 5 0 3 3 0 0 3 0 0 3 3 2 5 1 5 1 3
split_gain=2.94661 1.68765 2.67859 3.58778 1.90315 1.42199 1.42112 1.71657 1.41044 2.72347 2.06798 1.56106 1.26288 1.21483 1.09264 1.07044 1.00644 1.24991 1.00308 1.1019 0.917797 1.00995
threshold=0 1 2 3 4 6.0124911652234827 5 6 7 8 9 10 11 12 13 14 15 3.3140206880897671 16 6.703185102203908 17 18
decision_type=9 9 9 9 9 10 9 9 9 9 9 9 9 9 9 9 9 10 9 10 9 9
left_child=16 6 3 4 15 8 -2 -8 10 -10 11 -4 14 -11 -12 -3 17 -1 19 -7 -14 -22
right_child=1 2 5 -5 -6 18 7 -9 9 13 12 -13 20 -15 -16 -17 -18 -19 -20 -21 21 -23
leaf_value=-27.099220612018115 -43.909749777078495 -0.78658681186739765 -4.1904066596931653 77.814363228066213 51.107121798045029 -12.95712065685932 -39.051816752824507 6.8039347980169111 35.596237868944371 -16.337406506366285 37.156255632737754 -58.184149743338196 -152.91854088043524 0.50739629208298087 -1.0893526709355517 -58.35281341847125 1122.1409116968957 102.23629732340139 122.19511082201818 38.73682300130335 -23.089839205026802 -1.4360435042248649
leaf_weight=161 269 400 700 3136 624 239 644 801 1489 492 811 845 110 3624 837 526 391 903 653 214 916 4190
leaf_count=161 269 400 700 3136 624 239 644 801 1489 492 811 845 110 3624 837 526 391 903 653 214 916 4190
internal_value=0.000241872 0.000108676 0.000226158 0.00116475 -0.000604993 -6.54241e-05 -0.00124102 -0.000664036 -0.000188142 0.000364519 -0.000556288 -0.00203757 -0.000219895 -0.000233285 0.000862048 -0.00189019 0.00219325 0.00143866 0.00148646 -0.000164516 -0.00056293 -0.000469519
internal_weight=22975 21520 19806 4686 1550 15120 1714 1445 14014 5605 8409 1545 6864 4116 1648 926 1455 1064 1106 453 5216 5106
internal_count=22975 21520 19806 4686 1550 15120 1714 1445 14014 5605 8409 1545 6864 4116 1648 926 1455 1064 1106 453 5216 5106
cat_boundaries=0 13 14 27 29 42 55 57 59 73 87 89 102 115 117 119 120 122 124 126
cat_threshold=35651584 2257977344 80 2147484225 1073741824 2081 0 64 3072 16 0 663648 397314 1 2156167185 18874368 3758100608 4 4 0 0 0 0 1074268160 4248 2148539776 2576 317143206 404552 0 16777216 0 0 0 0 0 0 0 524288 0 2148537728 512 2147516416 0 0 0 4 0 0 0 0 0 128 3072 16 2181423124 153612 252727076 122558 8 8272 1 0 268435456 536871168 0 134250496 536907780 12746753 134283264 32769 10527748 1 4198412 65600 67108865 0 293634048 536871168 0 402653184 36876 1 1210122240 32769 2130948 2 50348832 18570 16384 4096 268435456 8336 1261896 16778304 0 1024 65536 3277888 33554432 18874896 1048736 0 0 0 0 1228808 33554496 0 0 65536 3162432 0 16777232 68157472 135270144 102406 8661028 131144 7 4112 1537 268435456 1024 167772928 34
is_linear=0
shrinkage=0.045


Tree=117
num_leaves=23
num_cat=18
split_feature=0 2 0 3 0 3 5 5 0 2 3 5 0 0 3 0 5 2 3 0 3 3
split_gain=2.86522 1.84254 2.66284 1.62568 1.62233 2.56083 1.39751 1.3194 1.12406 1.06894 1.15465 0.979346 2.99208 1.71915 1.36682 1.6115 1.37558 1.33211 1.40677 1.53878 1.15764 1.15485
threshold=0 1 2 3 4 5 4.8713658868283671 3.7726948748059121 6 7 8 3.2384861814448418 9 10 11 12 3.1567740231385479 13 14 15 16 17
decision_type=9 9 9 9 9 9 10 8 9 9 9 8 9 9 9 9 10 9 9 9 9 9
left_child=9 2 -2 8 5 -3 7 -7 -4 10 -1 12 20 -13 -14 16 -16 18 -15 -20 -6 -19
right_child=1 4 3 -5 11 6 -8 -9 -10 -11 -12 13 14 17 15 -17 -18 21 19 -21 -22 -23
leaf_value=-24.201808023140629 277.9426851860303 36.919795194313409 105.4463027904869 -3.3653667617387972 -17.665196940741296 -5.996651228575085 0.19196795477796746 -107.68182373833142 5.0771684028343964 1112.6296691937757 131.46168451000372 18.249789182169064 -129.28563700384754 0.83898855975970121 -58.217447801248746 -8.1952422538064109 -178.50167210199052 -3.423097578900324 -21.576820031375654 -117.26464453246314 39.321612747795619 5.5604986804890579
leaf_weight=250 741 210 999 1557 120 163 154 229 1297 381 713 2242 117 469 271 1204 39 5213 269 277 486 5574
leaf_count=250 741 210 999 1557 120 163 154 229 1297 381 713 2242 117 469 271 1204 39 5213 269 277 486 5574
internal_value=0.000230122 0.000104168 0.000902736 0.000422639 -0.000111649 -0.00213281 -0.00374194 -0.00523096 0.00118154 0.00223673 0.00139846 -1.62952e-05 -0.000890353 0.000123025 -0.0018871 -0.00149214 -0.0043323 -9.4464e-05 -0.00164314 -0.00317742 0.00179126 5.29217e-05
internal_weight=22975 21631 4594 3853 17037 756 546 392 2296 1344 963 16281 2237 14044 1631 1514 310 11802 1015 546 606 10787
internal_count=22975 21631 4594 3853 17037 756 546 392 2296 1344 963 16281 2237 14044 1631 1514 310 11802 1015 546 606 10787
cat_boundaries=0 13 14 27 29 42 44 57 58 60 73 87 89 103 104 106 119 121 123
cat_threshold=2359296 2257977344 80 2147484225 1342177280 2080 0 64 0 16 65536 663649 397312 240 32768 18874368 1 0 65536 0 0 0 32768 0 0 2147483904 16916 3436732892 246212 4194372 65536 1 0 2148532232 1 384 268436480 8 610 1084227584 2097152 9977856 25169968 76344 0 84 0 0 1081344 0 0 0 536870912 2102280 0 3179536 8388616 7 2181054976 67596 33554432 0 536870912 2097152 8913152 0 0 0 536903680 8913152 671092864 285215744 34848 32768 0 1409290240 128 131072 553649156 0 0 5120 74465280 131104 268468864 8449 5 16777736 544 32768 0 0 0 134348800 1024 0 0 0 3182592 100663296 1081472 67117056 17 1 58998846 148192 1073741824 0 0 0 0 0 0 0 0 8 4224 0 40 2290614274 520 587642934 228953
is_linear=0
shrinkage=0.045


Tree=118
num_leaves=23
num_cat=19
split_feature=0 5 0 3 0 3 3 3 0 0 0 0 3 0 5 3 0 3 0 3 5 3
split_gain=3.20117 1.72629 3.21172 2.28483 2.06243 1.79007 1.65238 1.45245 2.54094 2.08888 1.42982 1.0699 1.07062 0.987673 1.17625 0.972503 1.11511 0.914496 0.90085 1.22352 1.18312 0.897003
threshold=0 4.6001450180613412 1 2 3 4 5 6 7 8 9 10 11 12 2.9700856263602158 13 14 15 16 17 4.7229433450037179 18
decision_type=9 10 9 9 9 9 9 9 9 9 9 9 9 9 10 9 9 9 9 9 10 9
left_child=-1 4 5 -4 6 -3 -2 8 -6 15 -5 12 -11 14 -10 16 -9 -16 21 -20 -21 -7
right_child=1 2 3 10 7 18 -8 9 13 11 -12 -13 -14 -15 17 -17 -18 -19 19 20 -22 -23
leaf_value=140.06134444930515 0.35517694993443266 14.424205524689263 113.61220996156219 45.393594029121438 9.5187149983885622 16.874944130511526 -43.683251318992262 -8.5549244676042306 4.3137202256762786 -66.332792717255046 2.2171726793901487 1.9475097697010191 2.093849928522955 -7.9165403671640764 2.4377120198861997 81.405880808254025 80.781434011856845 -93.425574023918259 -56.267115042550657 -70.081116903050599 -1.1704969376411583 -34.655255208492513
leaf_weight=972 441 1141 1368 1160 1438 359 729 508 183 320 3241 4025 295 4059 101 888 289 339 247 36 315 521
leaf_count=972 441 1141 1368 1160 1438 359 729 508 183 320 3241 4025 295 4059 101 888 289 339 247 36 315 521
internal_value=0.000241872 0.000129389 0.000637187 0.00122911 -0.00018341 -0.000668757 -0.0019797 -1.26433e-05 -0.00050636 0.000465126 0.000725017 -2.90196e-05 -0.00175837 -0.00101427 -0.00267165 0.00181644 0.000650804 -0.00397059 -0.00169732 -0.00303934 -0.00122727 -0.000756726
internal_weight=22975 22003 8388 5769 13615 2619 1170 12445 6120 6325 4401 4640 615 4682 623 1685 797 440 1478 598 351 880
internal_count=22975 22003 8388 5769 13615 2619 1170 12445 6120 6325 4401 4640 615 4682 623 1685 797 440 1478 598 351 880
cat_boundaries=0 13 26 28 41 43 45 47 60 73 87 100 102 115 117 130 132 144 146 148
cat_threshold=16777216 2257584128 268435536 2147484160 1073741824 2081 128 64 134742016 1073741872 8 663648 393216 4096 136192 0 2097152 429064192 570425348 0 65536 536876032 20483 268439568 256 2214592513 3233300928 65664 1113587796 2179072 67108865 16 32776 320 0 268435456 32780 2623492 42074112 1048576 1589248 4036332624 428822 3783577664 76424 322304582 81560 8 16920640 2147483648 2097153 8404992 536870912 0 134217728 0 1066240 83890208 16779525 2147522816 262144 3088 536870912 128 269484100 1024 0 1073774592 536871936 8409090 1075838992 2149613584 8242 2129936 18876416 1 0 0 5376 0 0 32768 2657280 50331776 2133120 16516 5 0 16785408 0 0 0 0 512 8192 65536 1280 83886112 4101 37888 2697461760 163844 262145 2064 536870912 0 4 0 0 1073790976 0 32768 1610612752 2129920 8389254 3435267200 147458 0 2048 0 128 0 1024 0 0 536870912 8392706 0 2147483664 16 17891392 520 0 131072 0 0 411041792 33554436 0 65536 536871936 16384 268435456 256 50987040 20608 16912390 20616
is_linear=0
shrinkage=0.045


Tree=119
num_leaves=23
num_cat=14
split_feature=0 4 1 0 3 5 2 5 3 0 0 0 5 5 0 3 3 5 5 3 5 5
split_gain=2.64964 1.69144 2.44727 2.07566 3.28022 2.06355 1.66428 1.2635 1.24767 2.63627 2.37669 1.67147 1.22923 1.09806 1.25329 1.19459 1.05459 1.26982 1.05947 1.0121 1.04568 1.47571
threshold=0 1 2 3 4 4.2413008733233104 5 6.703185102203908 6 7 8 9 3.5408542930527882 2.9174053685313028 10 11 12 4.5485858369352732 4.0342014792848504 13 3.3497501700808394 3.6505739029280164
decision_type=9 1 9 9 9 8 9 10 9 9 9 9 8 10 9 9 9 10 8 9 8 8
left_child=-1 2 -2 4 12 -4 13 8 10 -10 16 19 -3 -6 15 -15 18 -18 -5 -11 -21 -22
right_child=1 3 5 7 6 -7 -8 -9 9 11 -12 -13 -14 14 -16 -17 17 -19 -20 20 21 -23
leaf_value=130.79008531026693 -0.28276612995924499 2.4409194191066552 -5.9705011654212994 -17.02221697006166 -70.134013452671468 -85.1639233937249 340.64880251118984 69.840557527819854 54.61437862964938 -0.10724756793110068 -1.8470279698737686 0.76834029051515396 130.65427479022628 3.6288791409630865 10.308906081528409 -53.89043200711172 -33.129622686455299 12.160244140424613 -40.514929250687572 40.133449461462838 -175.18370116035067 -38.175149544113772
leaf_weight=1174 646 518 141 58 170 206 305 370 1876 365 5695 6067 2050 274 1009 456 606 342 85 109 35 418
leaf_count=1174 646 518 141 58 170 206 305 370 1876 365 5695 6067 2050 274 1009 456 606 342 85 109 35 418
internal_value=0.000220329 0.000107482 -0.00170502 0.000194186 0.00101564 -0.00467549 -0.000254717 -5.16272e-05 -0.000113233 0.000238122 -0.000571933 -0.00016443 0.00210698 -0.000751952 -0.00041614 -0.00181941 -0.00248459 -0.00188437 -0.00600968 -0.00193131 -0.00312021 -0.00412418
internal_weight=22975 21801 993 20808 4782 347 2214 16026 15656 8870 6786 6994 2568 1909 1739 730 1091 948 143 927 562 453
internal_count=22975 21801 993 20808 4782 347 2214 16026 15656 8870 6786 6994 2568 1909 1739 730 1091 948 143 927 562 453
cat_boundaries=0 13 14 16 30 32 33 35 49 63 77 90 92 94 96
cat_threshold=0 2257977344 80 2147484161 1073741824 2080 512 49216 0 16 65536 665696 397312 1 25 1605 44335105 2097152 3758100608 268435524 4 1024 0 0 1024 3225946112 131072 2147484032 35344 4 3868739056 65966 7 119981612 367147 16859136 16777296 1 0 268435456 4 128 134217728 34816 17826049 538968208 16 8396973 1 20987904 16779280 67108865 8192 285245440 65 384 134218752 34816 256 1629487248 32785 8192 1 1077936212 81920 0 0 9437256 0 0 1342177280 8 16964 100663296 16781312 1572864 16 33816576 0 0 0 4 0 0 0 0 0 0 2147483648 35328 136356356 4096 69338112 32768 2290094146 147600
is_linear=0
shrinkage=0.045


Tree=120
num_leaves=23
num_cat=20
split_feature=0 2 0 0 3 5 0 3 3 0 3 4 2 3 0 0 1 0 3 0 0 5
split_gain=2.85581 1.78595 3.45307 2.13244 2.10764 1.47714 1.92782 1.86024 1.46687 1.39545 1.71863 1.23691 1.19939 1.13297 1.60922 1.21505 1.05393 1.03119 0.90817 1.59935 1.46042 0.885031
threshold=0 1 2 3 4 4.7317931335534196 5 6 7 8 9 10 11 12 13 14 15 16 17 18 19 4.6681339642869872
decision_type=9 9 9 9 9 10 9 9 9 9 9 1 9 9 9 9 9 9 9 9 9 10
left_child=-1 3 4 -2 -3 9 7 -7 16 10 11 -4 -11 14 -5 -15 -8 -10 19 -14 -20 -22
right_child=1 2 5 13 -6 6 8 -9 17 12 -12 -13 18 15 -16 -17 -18 -19 20 -21 21 -23
leaf_value=142.81354090540844 -91.44402229387768 167.81165031179893 -93.127085574718933 2.8774133401687281 1.3633027336601276 124.30550468052009 9.5789513190473468 29.911270419585289 -9.822536880966048 272.41209250825028 -3.2884561277808495 -28.428581481655254 -41.221749572214549 10.309589537121067 -28.536850946128567 -6.4700761750882245 -14.513569697768361 32.449592482832095 27.532590380903009 -0.83554893311869027 -1.0249013845448112 -51.885719671095124
leaf_weight=875 234 1561 285 785 978 721 327 1393 326 286 1196 264 760 1525 1149 1909 659 1062 1466 2613 2514 87
leaf_count=875 234 1561 285 785 978 721 327 1393 326 286 1196 264 760 1525 1149 1909 659 1062 1466 2613 2514 87
internal_value=0.000210537 0.000109895 0.000345609 -0.000583541 0.00186809 6.73182e-05 0.000739644 0.00172295 -0.000143336 -0.000251293 -0.00139584 -0.00345722 9.3049e-06 -0.000394795 -0.00126259 9.66339e-05 -0.00146092 0.000797143 -0.000102657 -0.000647415 0.000349718 -0.000291045
internal_weight=22975 22100 16498 5602 2539 13959 4488 2114 2374 9471 1745 549 7726 5368 1934 3434 986 1388 7440 3373 4067 2601
internal_count=22975 22100 16498 5602 2539 13959 4488 2114 2374 9471 1745 549 7726 5368 1934 3434 986 1388 7440 3373 4067 2601
cat_boundaries=0 13 14 27 40 42 56 58 60 74 76 77 78 80 93 106 108 122 124 137 150
cat_threshold=0 2257584128 80 2147484224 1073741824 2080 0 1088 0 3221225488 0 663648 393216 3 48529432 393280 536870912 21 0 33554432 0 0 0 8192 16777216 2147486592 557572 6324224 131072 0 4 134217728 0 0 0 0 0 201326592 2048 1048576 3908698704 479716 0 18876448 4097 0 9994496 1344 0 0 33792 15338504 65536 3146752 16408 1 1620754634 946 701401606 280872 5 18892800 1 0 1081856 0 640 268484608 8 70779680 1084293120 1049600 8 1 1108231810 267040 4 32 271725082 330836 0 4096 0 0 8519936 0 0 0 536870912 256 16781488 2415919108 33 3229614080 4096 3221225472 0 0 33554432 0 8192 0 4104 131128 268474240 33808 16545 74248 4096 9216 0 0 268435456 0 0 8192 0 0 369098752 20 67109888 6 724952164 107242 16384 52 0 2097152 268435456 0 0 134225920 536905732 131072 268435456 2097169 18432 16384 1073741840 4096 2129920 402653248 553649152 0 1208033280 536909824 147464 268435456 16 8408082
is_linear=0
shrinkage=0.045


Tree=121
num_leaves=23
num_cat=21
split_feature=0 5 3 0 3 4 3 0 0 3 3 0 0 3 0 3 0 0 0 0 3 0
split_gain=2.76562 1.85945 1.87243 1.64716 1.98909 1.71612 3.73331 3.56267 3.23496 2.86827 2.29325 2.55947 2.27112 1.54234 1.45471 1.41222 1.27262 1.24156 1.15864 1.11882 1.58744 1.11551
threshold=0 5.7446031891748186 1 2 3 4 5 6 7 8 9 10 11 12 13 14 15 16 17 18 19 20
decision_type=9 10 9 9 9 1 9 9 9 9 9 9 9 9 9 9 9 9 9 9 9 9
left_child=-1 3 -3 4 -2 6 16 15 9 18 11 -10 -12 -9 -15 -8 -5 -4 -7 20 -13 -11
right_child=1 2 17 5 -6 8 7 13 10 21 12 19 -14 14 -16 -17 -18 -19 -20 -21 -22 -23
leaf_value=149.30495509885415 6.5000278600625405 94.092395411732596 -56.317853038166547 14.522144942233375 -26.296103987208749 -2.5145167152014967 -59.076469452467997 135.51242295371156 28.176234987073254 -27.573807490796188 51.677123284027381 35.867940701223219 2.1312974522445671 142.17965854735775 6.2849674376362854 6.0704085357202784 -117.96548260356258 12.459854214930848 -68.253388431171331 -6.5841061559170715 -45.014793066273185 8.2631767362862441
leaf_weight=928 336 1023 115 124 588 254 630 1562 1195 493 876 127 3818 593 2293 702 427 1268 871 3099 635 1018
leaf_count=928 336 1023 115 124 588 254 630 1562 1195 493 876 127 3818 593 2293 702 427 1268 871 3099 635 1018
internal_value=0.000185077 8.30275e-05 0.00126329 -6.16248e-05 -0.00190385 3.05143e-05 0.000633112 0.000971167 -0.000277526 -0.00167221 0.000101414 -0.000562944 0.000816617 0.00158206 0.000956522 -0.00106473 -0.00286945 0.000170968 -0.0033839 -0.00112587 -0.00266279 -0.000381155
internal_weight=22975 22047 2406 19641 924 18717 6331 5780 12386 2636 9750 5056 4694 4448 2886 1332 551 1383 1125 3861 762 1511
internal_count=22975 22047 2406 19641 924 18717 6331 5780 12386 2636 9750 5056 4694 4448 2886 1332 551 1383 1125 3861 762 1511
cat_boundaries=0 13 15 28 30 31 33 47 61 63 65 78 92 94 108 110 123 136 150 164 166 180
cat_threshold=16384 2257584128 80 2147484164 0 2080 0 64 0 80 0 665696 393216 2283296064 5012 4198468 81920 268435457 32768 1090551808 69 512 268452864 4 2147500293 1075838976 0 524288 2174255200 27280 2 33691650 279296 33554432 2106368 0 0 8388608 256 0 1208033280 32768 67240970 486539264 16814080 1049604 2 2097152 2084 0 2097152 404242432 33558784 384 134217728 536870912 2621440 8519680 1048580 2147533322 5 2853201760 165047 393152692 80989 2155872257 262144 603979776 17 2147484236 0 0 65536 36864 1073872898 301989888 2434793472 7169 1074003976 19014720 1610612736 8192 256 536870912 0 0 2048 33794 536870920 32784 2097280 2 2688287904 8212 2097152 0 0 2097152 0 1024 0 0 1024 13107200 0 1050372 33280 1 50720 73900 0 8224 0 0 0 0 0 0 536870912 8 0 1024 20 0 4096 0 0 0 0 0 0 0 8 0 256 17 0 32 0 0 268959744 33554432 0 0 0 0 0 1048576 0 1 1074003968 16789520 4096 8192 0 536871936 0 0 2048 33792 65536 4096 128 2 33554464 73792 2097152 32 0 0 524288 33554432 0 0 0 524288 0 1048576 33280 4
is_linear=0
shrinkage=0.045


Tree=122
num_leaves=23
num_cat=18
split_feature=0 2 0 0 3 3 0 5 5 2 0 0 3 3 5 3 0 0 3 3 5 0
split_gain=2.87402 1.82137 2.78632 1.5041 2.44841 1.4752 1.62768 1.22075 1.10089 1.10028 2.1067 1.81521 1.77793 1.31781 1.09247 0.914941 1.55001 1.49756 1.42847 1.28804 1.00142 1.17694
threshold=0 1 2 3 4 5 6 3.9019216517693867 6.4052270920020655 7 8 9 10 11 4.9089648320872419 12 13 14 15 16 4.6200466650627661 17
decision_type=9 9 9 9 9 9 9 10 10 9 9 9 9 9 10 9 9 9 9 9 8 9
left_child=-1 2 -2 4 -3 -4 -7 -8 9 10 12 -11 -5 -13 -6 16 19 18 -17 -12 21 -21
right_child=1 3 5 8 14 6 7 -9 -10 11 15 13 -14 -15 -16 17 -18 -19 -20 20 -22 -23
leaf_value=177.8739109236754 385.15397705486919 55.14686327581704 -5.0322443461867703 0.13792591617181807 -52.415584026521074 167.14289002825214 -12.611712345293142 47.603376046403739 58.72972707182408 -98.609596451027599 -46.857894071418848 -32.110930209958092 68.723877780876975 4.0243278116686652 -2.9286271111693076 18.909166802283607 -1.1389643059698129 11.188673107787945 -15.56935584190969 7.523332754309628 14.534289918828469 -116.82758195352228
leaf_weight=870 592 224 1522 1189 434 582 780 995 685 141 711 798 1217 850 172 547 5088 3253 1243 215 506 361
leaf_count=870 592 224 1522 1189 434 582 780 995 685 141 711 798 1217 850 172 547 5088 3253 1243 215 506 361
internal_value=0.000185077 8.44375e-05 0.000894379 -0.000121387 -0.00197743 0.000449885 0.00115302 0.000465865 -2.83657e-05 -0.00010356 2.82389e-05 -0.00115186 0.00123945 -0.000710241 -0.00345146 -0.000217158 -0.000554258 0.000243027 -0.000799112 -0.00168781 -0.000691042 -0.00197751
internal_weight=22975 22105 4471 17634 830 3879 2357 1775 16804 16119 14330 1789 2406 1648 606 11924 6881 5043 1790 1793 1082 576
internal_count=22975 22105 4471 17634 830 3879 2357 1775 16804 16119 14330 1789 2406 1648 606 11924 6881 5043 1790 1793 1082 576
cat_boundaries=0 13 14 28 41 43 45 58 59 72 85 87 89 91 105 118 120 122 136
cat_threshold=0 2257584128 2181038160 2147484161 0 2080 256 64 0 16 0 663648 393472 176 2392064 18874368 1 0 0 64 0 0 0 0 0 2147483904 16900 1 4456516 65568 268435457 32768 8 16777281 0 268452864 8 2147484259 1075838976 2097152 8929280 10223696 8232 864526118 280618 0 64 0 0 1114112 0 0 0 32768 2103304 0 1048576 8388632 6 2147516433 0 1610612736 68 4 1028 0 1207992320 3076 1145192448 4248 3712 2050 32768 0 0 0 0 0 0 0 0 0 0 3072 16 172180018 372185 2148001364 153601 793147932 40492 8 2359296 67112960 2105344 2156920832 570425344 512 0 32768 3671296 285278208 1048576 2110600 4 20480 13316 0 0 268583680 0 128 73728 536875008 4096 780140544 2164293652 1052708 2149056640 262483 234891788 32804 0 0 0 0 9437184 536870912 0 0 0 524544 16777216 0 5120 4
is_linear=0
shrinkage=0.045


Tree=123
num_leaves=23
num_cat=20
split_feature=0 5 0 2 0 3 3 4 0 0 3 3 3 0 0 3 3 0 3 3 0 5
split_gain=2.5453 1.57214 2.14061 1.49705 1.61555 2.44448 1.38412 1.25858 3.37118 3.12684 3.41154 2.63218 2.0239 2.98313 2.19328 1.75319 1.53844 1.34183 1.21983 1.13822 1.10908 1.0805
threshold=0 5.705446369702539 1 2 3 4 5 6 7 8 9 10 11 12 13 14 15 16 17 18 19 3.1132683346437333
decision_type=9 10 9 9 9 9 9 1 9 9 9 9 9 9 9 9 9 9 9 9 9 8
left_child=19 3 -3 -2 5 -5 -4 8 16 10 -9 20 14 15 -11 -14 -6 -13 -19 -1 -10 -22
right_child=1 2 6 4 7 -7 -8 9 11 12 -12 17 13 -15 -16 -17 -18 18 -20 -21 21 -23
leaf_value=-5.7985363483970724 270.2168577594818 129.00027250163768 -13.243517276243612 -111.6232844146521 -7.1440725238128691 -2.2185691276182986 28.975272104847903 11.848374073932149 7.4031029398438148 13.146138313380604 -49.560179494850658 -9.8725454864429718 18.54922314118474 29.826946008219448 -12.978809732933398 -8.0527179216924054 147.80873096646576 70.260777611088315 -1.1337135409012671 168.80453133795353 -174.18346688889667 -86.19392156540107
leaf_weight=260 372 1134 631 321 367 963 737 705 101 1668 1702 953 300 2505 3131 1701 1348 1239 1397 982 47 411
leaf_count=260 372 1134 631 321 367 963 737 705 101 1668 1702 953 300 2505 3131 1701 1348 1239 1397 982 47 411
internal_value=0.000188994 7.51209e-05 0.00113578 -6.29385e-05 -0.000119469 -0.00165278 -7.1739e-05 -6.3966e-06 0.000531714 -0.000275824 -0.00171703 -0.000164423 9.90127e-05 0.000782869 -0.000543442 -0.000511922 0.0022018 0.000286171 0.000808913 0.00216029 -0.00300263 -0.00394468
internal_weight=22975 21733 2502 19231 18859 1284 1368 17575 5863 11712 2407 4148 9305 4506 4799 2001 1715 3589 2636 1242 559 458
internal_count=22975 21733 2502 19231 18859 1284 1368 17575 5863 11712 2407 4148 9305 4506 4799 2001 1715 3589 2636 1242 559 458
cat_boundaries=0 13 27 28 41 43 45 46 60 74 76 78 80 93 106 108 110 123 125 127 140
cat_threshold=0 2257977344 1073741904 2147484225 0 2048 128 64 0 3147793 0 667744 393344 35946496 1024 1 0 557056 0 0 8192 0 4739072 0 2148532224 2147516940 4 32 4164 81952 268435456 32768 1074053128 4 0 268477440 4 2147500038 2097152 2097152 8913154 541164546 328584 29524502 81960 2 2392072 16779284 0 2097152 403832832 1088 0 0 1024 13140000 536870912 1049860 43520 5 14942216 4 0 2105344 419954688 33559872 256 0 536870912 4718592 8388616 1048580 49672 5 1902973186 90954 33690112 25376 133106852 80988 1073840129 2048 0 0 9437188 0 512 65536 558080 1082134536 318898192 2147483905 2214594565 3221258241 2112 2751463424 20 1049156 0 0 65536 32768 1073872904 318898176 2164260864 2215647233 32832 164352 54530946 115456 33554432 2106368 1 0 8388608 536871168 512 65536 32768 1088 1577058304 16810624 1024 2150384784 98388 2181054496 198712 0 8192 0 0 8912896 0 0 0 0 8 0 0 16
is_linear=0
shrinkage=0.045


Tree=124
num_leaves=23
num_cat=16
split_feature=0 4 1 5 0 2 0 3 0 3 3 3 2 5 5 3 3 5 5 0 5 3
split_gain=2.61874 1.67746 2.80728 1.71238 1.68557 1.83226 2.34431 1.65998 1.55962 2.08581 1.4464 1.36611 1.23063 1.20524 1.12633 1.11653 1.10301 1.09785 1.04134 0.985468 1.04306 0.876104
threshold=0 1 2 3.795426061844291 3 4 5 6 7 8 9 10 11 3.8393944990995772 2.1383330595080281 12 13 4.9522934739897151 5.2176457913436556 14 4.3502571242716384 15
decision_type=9 1 9 8 9 9 9 9 9 9 9 9 9 8 10 9 9 10 8 9 8 9
left_child=12 2 15 14 10 8 11 -8 9 -6 -3 13 16 -7 -4 -2 17 -1 -11 -12 -21 -10
right_child=1 4 3 -5 5 6 7 -9 21 18 19 -13 -14 -15 -16 -17 -18 -19 -20 20 -22 -23
leaf_value=-63.098107677192843 41.451701621352001 9.5932912221915121 -59.931030670889733 -89.843867664821872 84.752505685972821 -138.91135261974338 86.668408152940188 -4.4743333369191625 -4.8934964456888448 -13.16053540923968 -6.7028064107001137 265.14022405364824 1128.7936326805902 142.96343086609997 73.410673897957167 -13.058348409463644 84.65816990117581 263.00605089446782 127.77562586117065 -8.9656258360616139 -73.809535755416789 0.28910930109125121
leaf_weight=200 115 510 40 204 1085 118 721 1591 3345 916 513 1066 376 388 64 560 735 52 326 218 133 9699
leaf_count=200 115 510 40 204 1085 118 721 1591 3345 916 513 1066 376 388 64 560 735 52 326 218 133 9699
internal_value=0.00016745 4.61988e-05 -0.00176802 -0.00523125 0.000132834 0.000241735 0.00111345 0.000197504 2.07698e-05 0.00109085 -0.00138312 0.00244886 0.00207164 0.000486487 -0.000679245 -9.82531e-05 0.0012027 -0.00132955 -0.000172249 -0.00249658 -0.00432645 -0.000170956
internal_weight=22975 21612 983 308 20629 19255 3884 2312 15371 2327 1374 1572 1363 506 104 675 987 252 1242 864 351 13044
internal_count=22975 21612 983 308 20629 19255 3884 2312 15371 2327 1374 1572 1363 506 104 675 987 252 1242 864 351 13044
cat_boundaries=0 13 14 16 29 30 44 46 59 61 63 65 66 67 69 82 84
cat_threshold=262144 2257977344 1107296336 2147484161 1073741824 256 0 134217792 0 2147483664 8 663648 393728 1 25 1633 1073741888 1073823760 268435456 32768 360456 16777281 0 268435456 4 68158245 44040192 32776 8913920 135 2129920 18874372 1 0 256 0 0 0 0 2056 16777216 2150630656 28 4 2149092560 848 10522629 32 2684358656 268435524 4 1028 512 1073774592 1024 1078476802 131072 16781440 1089536 597447012 213548 3268412004 77992 39032390 264728 7 17039880 2147897344 198676 0 16384 0 0 32776 16777280 0 0 4 513 33554432 32768 8389632 54902792 204809
is_linear=0
shrinkage=0.045


Tree=125
num_leaves=23
num_cat=21
split_feature=0 5 0 0 3 3 0 0 0 3 2 3 4 0 3 3 2 2 3 3 0 0
split_gain=2.69556 1.85895 2.52117 2.04236 3.12715 1.88073 1.96456 1.79999 1.45659 1.85869 1.40815 1.32247 1.28922 1.16208 1.50225 1.15391 1.10704 1.07501 1.06178 1.02635 2.63575 2.05277
threshold=0 4.1820210059610323 1 2 3 4 5 6 7 8 9 10 11 12 13 14 15 16 17 18 19 20
decision_type=9 10 9 9 9 9 9 9 9 9 9 9 1 9 9 9 9 9 9 9 9 9
left_child=10 2 -2 4 13 6 -5 12 9 -4 -1 -9 -7 -3 -15 -12 -13 -14 -19 20 -10 -21
right_child=1 3 8 5 -6 7 -8 11 19 -11 15 16 17 14 -16 -17 -18 18 -20 21 -22 -23
leaf_value=-14.311959388615126 -31.785238418334671 -5.8632488239912028 53.319299371725926 -3.7840617475326592 7.7029633500065096 -73.120709849293348 77.68255671302515 -7.8739929225673313 4.4536148879213586 -5.0907158207839496 -18.597628596298264 -20.157839002431349 74.986310074180992 -3.1761743551842145 -79.713017196259727 152.85190734113147 45.654929114995888 13.862461876617822 -25.821043373055719 19.374502535689121 -37.244379566749544 -5.6621149313565464
leaf_weight=241 430 827 766 967 1496 72 2932 345 1588 611 158 262 414 248 260 1193 1536 537 1391 1391 2402 2908
leaf_count=241 430 827 766 967 1496 72 2932 345 1588 611 158 262 414 248 260 1193 1536 537 1391 1391 2402 2908
internal_value=0.000134156 6.31156e-07 -0.000442959 0.000397422 -0.000647379 0.000747166 0.00147162 0.000125082 -0.000290142 0.0010594 0.00191334 0.00107123 -0.000715993 -0.0022216 -0.00391154 0.00247946 0.00156133 -0.000533703 -0.000978866 -0.00051554 -0.00103448 -3.23589e-05
internal_weight=22975 21383 10096 11287 2831 8456 3899 4557 9666 1377 1592 2143 2414 1335 508 1351 1798 2342 1928 8289 3990 4299
internal_count=22975 21383 10096 11287 2831 8456 3899 4557 9666 1377 1592 2143 2414 1335 508 1351 1798 2342 1928 8289 3990 4299
cat_boundaries=0 13 26 40 42 44 57 71 84 86 87 89 90 104 106 108 109 110 112 114 128 142
cat_threshold=32768 2257977344 1073741904 2147484161 1073741824 1 0 1073741888 0 2320 8 663648 393728 2097172 1073758208 268435457 32848 294912 256 0 49152 0 64 75694080 0 541696 16777216 5136 0 8192 2441150464 0 0 268435456 536870916 151561 538968208 17860625 8388610 2 53896248 485545 1757159664 9892 1073741824 8224 0 0 524544 33558532 512 134283264 4096 8421440 453050368 640 67110020 33558528 2052 4097 0 135823360 570425408 0 65536 33792 1073742850 16908288 2147483908 2214625289 5 29376513 2098176 536875008 8196 268435528 0 256 0 5120 8540162 536870928 17825809 2097186 2169127028 248228 3 83953666 164162 1 0 4096 0 0 276824064 0 0 0 536870916 20480 0 2048 0 2 1064984 147488 8601604 2048 1 48 2466319364 98562 1651805252 57012 3221487616 73728 0 2097152 143130628 0 0 134225920 536903680 1141374976 16781312 2147487620 2147487745 5 33619976 4176 0 128 1048832 536870912 0 268500992 536870912 33800 160 268472320 2224070800 2
is_linear=0
shrinkage=0.045


Tree=126
num_leaves=23
num_cat=19
split_feature=0 4 5 3 0 3 2 5 0 5 0 3 1 0 3 0 4 0 0 3 3 3
split_gain=2.55466 1.98132 1.65642 1.82502 1.45988 1.91997 1.58032 1.32015 1.24073 1.22285 2.71086 2.68519 1.78395 1.69821 1.80271 1.68358 1.49637 3.11629 2.8403 3.62655 2.41485 2.12266
threshold=0 1 5.7446031891748186 2 3 4 5 3.3497501700808394 6 3.4175922930736511 7 8 9 10 11 12 13 14 15 16 17 18
decision_type=9 1 10 9 9 9 9 8 9 8 9 9 9 9 9 9 1 9 9 9 9 9
left_child=1 -1 4 -4 5 -2 -6 -7 -5 10 -8 12 -12 14 -11 -13 17 -15 19 -18 -20 -19
right_child=2 -3 3 8 6 7 9 -9 -10 13 11 15 -14 16 -16 -17 18 21 20 -21 -22 -23
leaf_value=-140.32167784392141 14.737255369125236 145.75178974518778 84.052070712086916 -31.868264323933744 212.24148792172619 1.6110759217342669 11.462775125221674 -53.657312023025703 21.228918204159328 62.232971245775822 -3.2485950327969566 37.411555625653023 -79.541868737022014 115.71594790800951 1.6226566460784266 -17.472727760378177 -66.003883854071276 28.750855209859981 -6.5756481086057272 0.49980108182807065 12.084992451913077 -30.362095631413322
leaf_weight=45 390 1459 997 283 547 156 974 458 1069 746 347 483 853 1365 1334 743 890 1275 3120 804 3229 1408
leaf_count=45 390 1459 997 283 547 156 974 458 1069 746 347 483 853 1365 1334 743 890 1275 3120 804 3229 1408
internal_value=0.000126322 0.00191161 2.09635e-07 0.00112739 -0.00013836 -0.00179823 -4.51736e-05 -0.00334984 3.95896e-05 -0.000120031 -0.000886243 -0.00168704 -0.00319307 6.38187e-05 0.00124761 -0.000196284 -0.000140915 0.000564445 -0.000496146 -0.00212603 -5.73021e-05 -0.000328942
internal_weight=22975 1504 21471 2349 19122 1004 18118 614 1352 17571 3400 2426 1200 14171 2080 1226 12091 4048 8043 1694 6349 2683
internal_count=22975 1504 21471 2349 19122 1004 18118 614 1352 17571 3400 2426 1200 14171 2080 1226 12091 4048 8043 1694 6349 2683
cat_boundaries=0 14 15 17 30 32 33 46 60 62 64 78 80 93 94 108 122 124 126 128
cat_threshold=25198592 2257977344 1073741904 2147484225 0 0 0 0 2056 1073743888 8 663648 393218 16 1 2283296064 4758 68 83968 0 32768 1073790984 2117 0 268460032 4 2147483905 1084227584 0 1589248 5640436 28808 224 0 4096 0 0 8388608 0 0 0 0 0 0 256 16 33554432 8212 536870912 2097152 9961472 536870912 0 1073741824 536870912 8404992 805310480 2164268049 8430080 4 3285552840 268712 537444809 65548 2149580800 16778304 335548416 144 2147483652 16778240 256 32768 5120 33792 65568 1081728 13600 1 3784139114 262955 0 5152 0 0 131072 0 0 0 0 4194306 16777344 1049472 67111984 2 262144 0 0 2097152 403177472 0 0 0 0 15208456 0 1028 67144336 6 8 52 0 2097152 419430400 33558784 0 64 536870912 16252928 16 2097157 2158002816 6 2287496768 39092 1873233020 140373 3939304912 1108
is_linear=0
shrinkage=0.045


Tree=127
num_leaves=23
num_cat=20
split_feature=0 5 0 3 0 0 3 0 0 3 5 3 0 0 3 0 2 1 1 3 0 3
split_gain=2.81307 1.44991 2.29512 2.38098 2.0877 1.6727 1.50772 3.31332 2.24034 1.49129 1.36631 1.33888 2.27037 1.31665 1.27376 1.26672 1.31341 1.21725 1.13442 1.07093 1.043 1.01204
threshold=0 4.1510089048756029 1 2 3 4 5 6 7 8 4.8940944640863338 9 10 11 12 13 14 15 16 17 18 19
decision_type=9 10 9 9 9 9 9 9 9 9 8 9 9 9 9 9 9 9 9 9 9 9
left_child=10 2 3 -2 9 -4 7 14 -8 -3 19 12 -6 -9 -7 -13 21 -14 -15 -1 -10 -17
right_child=1 4 5 -5 11 6 8 13 20 -11 -12 15 17 18 -16 16 -18 -19 -20 -21 -22 -23
leaf_value=-26.234909100532025 -13.292599061159184 89.742070135385561 -39.817019391958389 31.105831584087554 81.217797938862333 25.166701788334016 -12.471657341631758 -22.964129249295901 69.404773971261946 4.3739237872846264 263.65585832286115 -7.9118751033897254 56.797653612587439 -2.6360307713686724 -5.5549254157068946 156.10430192054713 -1.0696674239665875 -6.7462569934023451 -87.202962598732285 76.279761850639929 4.247610340040235 3.4105276634473864
leaf_weight=297 519 1006 207 1240 1136 669 1478 1212 340 945 684 1992 493 230 730 400 4272 812 970 599 2336 408
leaf_count=297 519 1006 207 1240 1136 669 1478 1212 340 945 684 1992 493 230 730 400 4272 812 970 599 2336 408
internal_value=0.000153741 1.78682e-05 -0.000380096 0.00109006 0.000362638 -0.000697214 -0.000589507 -0.00123476 4.32086e-06 0.00169868 0.00197864 8.64569e-05 0.000992458 -0.00224257 0.000507087 -0.000227414 0.000150236 -0.000290433 -0.00330446 0.000831849 0.000780134 0.0018
internal_weight=22975 21395 9931 1759 11464 8172 7965 3811 4154 1951 1580 9513 2441 2412 1399 7072 5080 1305 1200 896 2676 808
internal_count=22975 21395 9931 1759 11464 8172 7965 3811 4154 1951 1580 9513 2441 2412 1399 7072 5080 1305 1200 896 2676 808
cat_boundaries=0 13 26 28 41 54 56 69 83 85 87 101 115 117 131 132 134 136 138 152 154
cat_threshold=2129928 2257977344 301989968 2147484225 1073741824 256 0 16448 0 1073741840 0 663648 397312 2164277249 9216 1610616832 8192 268435528 50331648 256 0 0 8568834 536870928 2432696465 10485792 1101041700 76376 33882128 16777216 1 2097168 1179652 536876032 0 134217728 3072 2624576 65568 3072 26256 16 1073758208 1 16 294912 0 0 0 0 2112 8585216 0 540672 1045786176 7989 1082130432 16781408 0 2097280 144179200 1024 0 134225920 66560 67637248 50335744 3147268 67108865 1074003968 16783396 0 2097280 9043968 1024 0 134217728 67584 7864576 251662336 1540 1 4 2836939344 25506 3770161344 34052 1073741824 3104 0 0 134250496 0 0 0 536870916 4198410 16777344 2148532496 2214627332 3 262144 2068 0 0 131072 0 0 0 536905728 7340040 469762176 35072 2147483664 6 603980352 6676 16777216 5152 4096 0 2432794624 33554433 0 0 536907780 184331 16777232 16777232 67108868 3 48 1612202080 67648 1074284016 16 2147663874 67724 4194304 0 0 4 4 536870912 0 0 0 1024 2097184 4096 44160 1 138413080 94368
is_linear=0
shrinkage=0.045


Tree=128
num_leaves=23
num_cat=20
split_feature=0 4 1 3 5 0 0 3 3 0 0 3 3 0 0 3 3 0 0 5 0 3
split_gain=2.86376 1.8616 2.4058 2.26438 1.55445 3.45833 2.71204 2.17166 1.90883 1.72211 1.32637 2.73905 1.7976 1.4977 1.28022 1.14114 0.99244 2.17919 2.08241 0.987289 0.988693 1.25758
threshold=0 1 2 3 4.6298509007569537 4 5 6 7 8 9 10 11 12 13 14 15 16 17 1.7005986908310777 18 19
decision_type=9 1 9 9 8 9 9 9 9 9 9 9 9 9 9 9 9 9 9 10 9 9
left_child=-1 2 -2 -4 6 8 7 -3 -6 15 11 -7 13 -12 -14 -8 17 -11 -18 -9 -21 -22
right_child=1 4 3 -5 5 10 9 19 -10 16 12 -13 14 -15 -16 -17 18 -19 -20 20 21 -23
leaf_value=111.71329944360583 -1.1990492640784483 2.5918631956004372 1.1218128904482692 -113.56234794380846 10.772366537309686 -85.243579911216898 -17.874883979699828 91.213994728236926 134.42947219963247 7.4254554157561525 29.874712195089632 0.68529183479806333 42.362464989144435 -19.016852761090082 0.85922066313049739 42.024366905339832 -11.191563310979976 -13.45674284839493 10.023005104468965 -48.774703012945437 -38.462713974508468 -138.06445159025006
leaf_weight=917 663 770 128 200 968 245 253 82 1495 1716 220 512 1549 898 2847 1383 990 2904 3179 567 222 267
leaf_count=917 663 770 128 200 968 245 253 82 1495 1716 220 512 1549 898 2847 1383 990 2904 3179 567 222 267
internal_value=0.000153741 5.05665e-05 -0.00185347 -0.00492353 0.000140325 0.000599588 -0.000184961 -0.00173906 0.00202364 0.000101322 3.65273e-05 -0.00171456 0.00028013 -0.00132212 0.000690109 0.00143629 -0.00014879 -0.000602331 0.000354102 -0.00298174 -0.00337713 -0.00485928
internal_weight=22975 22058 991 328 21067 8734 12333 1908 2463 10425 6271 757 5514 1118 4396 1636 8789 4620 4169 1138 1056 489
internal_count=22975 22058 991 328 21067 8734 12333 1908 2463 10425 6271 757 5514 1118 4396 1636 8789 4620 4169 1138 1056 489
cat_boundaries=0 13 14 16 18 32 46 48 50 63 76 78 80 94 107 109 111 124 138 151 153
cat_threshold=65536 2249195520 80 2147484176 1342177280 0 0 32768 134742016 8724 40 663648 393472 1 25 1632 8519824 192 35946496 27525120 1 2097152 768 1024 0 8192 32768 1076399104 0 3149952 37516 1 1080033344 10567700 1 0 256 2113 0 16384 32776 70778880 555745280 2101248 12 17 4041544768 270796 169979396 309278 2155892737 132160 3758096384 1 16777280 33554432 0 1207959616 5120 1090535427 16 384 2083 2147483648 70656 0 0 16842752 16777216 0 0 4096 16387 335548432 16779784 2 25821744 20480 593578250 131169 0 0 0 0 524288 0 0 65536 536870912 8 134217856 256 16 4 16 141344 0 1 134217728 536870976 0 0 1024 4198464 196608 2147517696 10240 2461698 352256 1602548742 459150 33554448 16777216 4096 8196 143261700 0 0 0 4 8519680 1484783744 16811013 2156966032 33587216 16777216 0 2105348 131076 0 128 0 2048 8519680 310378496 33797 2147496064 2 2097152 0 0 0 256 64 0 16384 0 524288 553648128 4096 8 168329762 18432
is_linear=0
shrinkage=0.045


Tree=129
num_leaves=23
num_cat=18
split_feature=0 5 0 3 0 3 2 3 0 0 0 0 3 5 0 3 0 3 1 4 5 5
split_gain=2.3381 1.59224 1.62651 1.54206 1.45436 1.94099 1.35201 0.975324 2.83913 2.4053 1.71706 1.51315 1.3232 0.951553 1.25909 1.07978 0.983164 0.918462 0.991936 0.778016 1.08582 0.84268
threshold=0 5.7446031891748186 1 2 3 4 5 6 7 8 9 10 11 3.4811217321331038 12 13 14 15 16 17 4.5271940351011493 2.602003343538398
decision_type=9 10 9 9 9 9 9 9 9 9 9 9 9 8 9 9 9 9 9 1 10 10
left_child=-1 4 -3 -4 5 -2 -6 8 -8 12 19 -11 -9 14 -12 -16 -15 18 -18 20 -10 -21
right_child=1 2 3 -5 6 -7 7 9 10 11 13 -13 -14 16 15 -17 17 -19 -20 21 -22 -23
leaf_value=201.56401699339534 -29.800918132684441 146.62711565058592 49.756033274455099 -3.3674117170335514 271.86900691877997 7.0127059752662246 27.104518737745913 -41.664974135509084 -15.623745523331477 65.036904460388897 3.6128345981933538 3.2503902858403166 -1.4204524564331877 -6.8454806284003542 -83.936569718654965 -24.867395556082847 12.232567276209043 9.2580368986167709 -35.522510989597933 20.167527551605321 88.710750899469389 -39.706386649495386
leaf_weight=806 472 459 792 1155 350 444 1315 663 360 638 611 5514 1376 2227 226 784 230 3106 491 100 132 724
leaf_count=806 472 459 792 1155 350 444 1315 663 360 638 611 5514 1376 2227 226 784 230 3106 491 100 132 724
internal_value=0.000145907 5.86314e-05 0.00115116 0.000567381 -7.44496e-05 -0.00181358 1.1215e-05 -4.20605e-05 -0.000333204 0.000324211 -0.000619293 0.000768008 -0.00101146 -0.000360023 -0.0013281 -0.00228963 -0.000101057 0.000336416 -0.00109891 -0.00211446 -0.000710526 -0.00297458
internal_weight=22975 22169 2406 1947 19763 916 18847 18497 10306 8191 8991 6152 2039 7675 1621 1010 6054 3827 721 1316 492 824
internal_count=22975 22169 2406 1947 19763 916 18847 18497 10306 8191 8991 6152 2039 7675 1621 1010 6054 3827 721 1316 492 824
cat_boundaries=0 13 26 28 42 44 45 47 60 73 87 101 103 116 118 131 133 135 136
cat_threshold=0 2249195520 3221225552 2147492417 0 2048 0 0 0 16 0 663648 393216 2392064 1024 1 0 557056 0 0 8192 0 540672 0 0 2147516932 2291733568 4790 2097220 81920 0 0 1073790976 68 0 268476416 8 2147483717 1612709888 0 540674 4 135021586 72324 32 521240068 400828 2181038080 131136 0 144 72 16778240 128 16384 65536 1144651776 67239936 268436624 1054752 2181300224 36 0 0 134873352 33555456 128 16384 67588 2621442 100667392 270538000 2148534272 16777216 2099248 67108865 0 285212672 536871168 768 1073741888 4096 2 65552 3145729 2139140 3 4194312 10749968 0 0 4 1 0 0 0 0 65592 1048577 2139136 3 4227554 65600 8388608 4096 536870912 0 144310272 0 0 0 536872960 8404992 402657280 2164261120 2147483649 50335744 296 1082134553 17047552 536870912 0 9437188 0 0 134217728 536870916 16640 427823104 2164262916 2155872897 436208640 263184 2356 8200 2
is_linear=0
shrinkage=0.045


Tree=130
num_leaves=23
num_cat=20
split_feature=0 2 0 4 3 0 5 3 3 0 3 3 5 3 0 0 0 3 3 0 0 3
split_gain=2.2392 1.58405 2.47075 2.64996 2.01723 1.97948 1.64006 1.55538 1.47859 1.74095 1.50338 1.36553 2.09594 1.29044 2.66969 2.40566 1.36516 2.02086 1.26267 1.1456 1.13984 1.00619
threshold=0 1 2 3 4 5 6.0124911652234827 6 7 8 9 10 3.8606743063089755 11 12 13 14 15 16 17 18 19
decision_type=9 9 9 1 9 9 10 9 9 9 9 9 8 9 9 9 9 9 9 9 9 9
left_child=-1 5 4 11 -3 7 13 -2 9 10 -7 -4 -13 15 -15 18 17 -16 -5 -17 -10 -11
right_child=1 2 3 6 -6 8 -8 -9 20 21 -12 12 -14 14 16 19 -18 -19 -20 -21 -22 -23
leaf_value=157.46757112582657 -84.918242082322706 -11.627627031469578 -4.3480313815286564 -86.166694838565974 148.02921553832903 -18.829159653145506 86.751894802007087 -5.3356750152259398 21.141406802792407 -2.8321024506606496 22.243520615943886 -37.894930921321397 -144.001548950722 55.039844951441104 74.599127562767237 15.22466413788915 0.92559069280345208 -47.578284663216699 -11.436966316215388 -2.2564798492263578 -1.0993196014803583 -75.43979967807357
leaf_weight=1020 208 480 111 340 1336 764 846 264 684 417 902 54 58 1878 110 1570 4897 393 1198 3128 1731 586
leaf_count=1020 208 480 111 340 1336 764 846 264 684 417 902 54 58 1878 110 1570 4897 393 1198 3128 1731 586
internal_value=0.000175284 7.88685e-05 0.000301353 0.000105756 0.00186105 -0.000577047 0.00018173 -0.00332851 -0.000314364 -0.00104233 -0.000144815 -0.00474 -0.00791129 6.12609e-05 0.000467901 -0.000413412 -4.15741e-05 -0.00224563 -0.00195097 9.36307e-05 0.000491347 -0.00251379
internal_weight=22975 21955 16399 14583 1816 5556 14360 472 5084 2669 1666 223 112 13514 7278 6236 5400 503 1538 4698 2415 1003
internal_count=22975 21955 16399 14583 1816 5556 14360 472 5084 2669 1666 223 112 13514 7278 6236 5400 503 1538 4698 2415 1003
cat_boundaries=0 13 14 27 28 30 43 45 47 60 62 63 65 79 93 105 107 109 123 136 138
cat_threshold=536870912 2257977344 1107296336 2147484161 0 0 0 0 0 2064 32 663649 458752 3 48529432 64 536875136 20 0 33554432 0 0 32768 24576 0 2147486336 524292 1 1090639874 174088 39878656 0 2147483648 4 134217728 0 0 0 128 2147500032 201326592 268437504 3076 146834960 16516 2150822430 474180 3221291008 4096 0 128 8388608 0 0 8192 536870912 264 4224 2147485188 33 3297302 270400 8389128 1040575492 121513 1 1075839008 1 32768 419430912 536873217 256 1073782784 4 17826824 0 276 41488 1 1 16845840 1 8192 419463168 256 0 1073782784 4 5243912 1612709888 1081348 8704 1 16777216 8192 0 0 72 16777280 128 268451840 2048 524608 8388608 16777216 2148532304 16 9216 69632 16777216 8196 0 0 8388936 0 128 16384 66560 11141376 167772160 16782592 67116050 4 3229614080 0 536870912 0 0 0 0 0 0 1073742080 135184 33920 16 2248722 139328
is_linear=0
shrinkage=0.045


Tree=131
num_leaves=23
num_cat=18
split_feature=0 0 5 0 3 2 0 3 5 0 3 0 2 0 3 5 0 3 4 3 5 0
split_gain=2.25056 1.7127 1.66914 2.67187 2.23471 1.4686 1.58323 2.02464 1.34283 1.21885 1.34499 1.08628 0.983499 1.4984 1.35703 1.17343 1.1515 2.27964 0.941911 1.12535 0.917311 0.835101
threshold=0 1 5.344720891341141 2 3 4 5 6 2.1383330595080281 7 8 9 10 11 12 3.9019216517693867 13 14 15 16 3.3497501700808394 17
decision_type=9 9 10 9 9 9 9 9 8 9 9 9 9 9 9 8 9 9 1 9 8 9
left_child=-1 20 5 -4 9 -3 7 8 -7 10 -5 -10 13 -8 15 -15 17 21 -6 -20 -2 -14
right_child=1 2 3 4 18 6 12 -9 11 -11 -12 -13 16 14 -16 -17 -18 -19 19 -21 -22 -23
leaf_value=311.48011393381137 39.936275595247302 275.55342736418237 132.62168896379387 -40.454558751492307 -74.464463334576067 139.49518776359605 316.23639124340883 -1.519666652729307 -12.86499291624283 63.314178315192152 41.890690135974104 -115.86694490839584 -10.755658008850368 -64.068534147241039 36.142942477653278 7.6395331614999051 0.69733069981937312 3.1484737446131374 -27.30385816188139 3.2725684174679963 -35.749459745911942 -51.77936354580234
leaf_weight=329 109 376 915 286 210 45 453 1659 214 1257 266 493 514 343 1174 623 10037 1629 205 850 236 752
leaf_count=329 109 376 915 286 210 45 453 1659 214 1257 266 493 514 343 1174 623 10037 1629 205 850 236 752
internal_value=0.000185077 0.000130285 0.000179694 0.00101366 0.000370383 -1.96554e-06 -6.11766e-05 -0.00113104 -0.00305105 0.00138138 -0.000382979 -0.00357334 0.000105716 0.000903455 0.000397305 -0.000846626 -5.49288e-05 -0.000843653 -0.00107478 -0.000532166 -0.00296218 -0.00226761
internal_weight=22975 22646 22301 3989 3074 18312 17936 2411 752 1809 552 707 15525 2593 2140 966 12932 2895 1265 1055 345 1266
internal_count=22975 22646 22301 3989 3074 18312 17936 2411 752 1809 552 707 15525 2593 2140 966 12932 2895 1265 1055 345 1266
cat_boundaries=0 13 26 40 42 43 57 59 73 75 89 90 103 105 118 120 121 123 136
cat_threshold=0 2148532224 80 2147484160 0 0 64 0 134217728 2147491856 0 139360 393216 4194372 1073823744 2147483648 32768 8 0 0 268468224 8 512 0 8 524288 2129920 127926308 0 0 557056 1280 0 8192 4 2641920 0 1049604 35332 4 2295930192 365206 32 2097152 2084 1 8256 1073790976 33560640 512 8192 4 540678 1176502272 3145733 16388 4 2151754754 105120 1073741824 8192 0 0 142606592 33554432 0 0 0 12582914 4224 512 16 2 4195344 69632 0 4 0 0 0 33554432 0 0 4 540672 33554432 1048576 16384 4 208 294912 83886080 0 0 0 0 0 0 0 0 16777216 2148007936 8389136 731157792 290916 294929 52428800 0 0 131328 260 128 64 34816 1049632 679542784 2148007936 9470474 487019080 188184 2 536903684 2081 32769 0 0 0 0 0 0 0 0 1048576 142671872 0 10
is_linear=0
shrinkage=0.045


Tree=132
num_leaves=23
num_cat=19
split_feature=0 0 2 3 5 0 0 3 3 0 3 0 0 5 2 3 3 3 0 3 3 5
split_gain=2.07601 1.37091 1.47184 1.40544 1.24557 1.95854 1.95749 2.13437 1.75537 1.97495 1.6237 1.54333 1.23644 1.13619 1.09413 1.18977 1.08973 1.06345 1.19682 1.29301 0.92095 0.908167
threshold=0 1 2 3 4.1820210059610323 4 5 6 7 8 9 10 11 6.6234007758748676 12 13 14 15 16 17 18 6.1366459725839873
decision_type=9 9 9 9 10 9 9 9 9 9 9 9 9 10 9 9 9 9 9 9 9 10
left_child=14 3 -3 -2 5 10 7 12 11 16 -4 -8 -6 -14 15 -1 21 -7 19 -19 -13 -10
right_child=1 2 4 -5 6 17 8 -9 9 -11 -12 20 13 -15 -16 -17 -18 18 -20 -21 -22 -23
leaf_value=-73.543161658164607 104.73198623778802 263.59141142135945 0.74132639412047041 -13.288287219444522 -0.058592519997395058 11.702445331792886 -11.768291317977987 0.85652237840088374 -10.92032065339372 74.570329951554513 -49.37528825297327 46.168985022649025 -27.368083313422076 92.03581797437505 870.10224001327163 54.218652653372708 21.358969660498289 -4.0363727069045829 -5.6095105630448767 19.803504365990872 -2.9774625790284479 143.05289401348062
leaf_weight=209 111 352 485 578 272 1104 1941 2345 1054 2926 700 939 439 39 363 772 590 571 5951 743 381 110
leaf_count=209 111 352 485 578 272 1104 1941 2345 1054 2926 700 939 439 39 363 772 590 571 5951 743 381 110
internal_value=0.000196827 8.96134e-05 0.000155054 -0.00186805 0.000104844 -0.000271243 0.000430513 -0.000528645 0.000804036 0.00136189 -0.00197368 1.37505e-06 -0.00259842 -0.00396735 0.00190487 0.00109215 0.000163081 -2.73832e-05 -0.000225711 0.000997738 0.00118243 -0.000635204
internal_weight=22975 21631 20942 689 20590 9554 11036 3095 7941 4680 1185 3261 750 478 1344 981 1754 8369 7265 1314 1320 1164
internal_count=22975 21631 20942 689 20590 9554 11036 3095 7941 4680 1185 3261 750 478 1344 981 1754 8369 7265 1314 1320 1164
cat_boundaries=0 13 26 27 29 42 56 58 60 73 75 89 99 100 102 104 106 120 122 124
cat_threshold=2097152 2224422912 1140850768 2147484161 1073741824 16779520 0 16448 0 1073743952 0 663648 393248 4194372 1073823744 2147483648 32832 49152 64 0 268468224 8 2147500036 1075838976 8 8912896 32 2172649568 8224 33882129 16777312 1 16 260 33555456 640 0 67584 2098688 167968808 2097152 17408 16777216 15380 0 2097152 2441150464 1 0 0 536903684 135177 268435472 17831953 67108866 2 320167968 8362 369332014 416090 1073741824 2097184 1 8192 135266560 570425348 640 134225920 0 12615682 251723776 2130560 2147484677 2307018834 12840 1107300352 16777216 0 0 134742016 0 0 65536 1024 2 16781440 2147516676 2147519001 5 0 8212 0 0 0 0 0 0 536870912 4104 7 2147745792 460812 2840616976 65572 2148008232 393283 2172665864 9216 536875008 0 8388680 0 256 0 0 67272960 562036752 286265365 1052674 1 1837277700 71684 34596 284688
is_linear=0
shrinkage=0.045


Tree=133
num_leaves=23
num_cat=18
split_feature=2 0 4 1 0 3 3 0 5 5 3 0 0 0 3 0 0 3 5 0 5 0
split_gain=2.05096 2.03567 1.42117 1.8752 1.82297 1.94576 1.73848 1.34521 1.62312 1.19517 1.26573 2.97706 2.64402 1.72266 1.6945 1.33279 1.04966 1.04116 1.02432 1.07946 0.959557 1.51498
threshold=0 1 2 3 4 5 6 7 5.3913496380844323 6.4353484435784418 8 9 10 11 12 13 14 15 3.9415346756528771 16 3.8176519431297078 17
decision_type=9 9 1 9 9 9 9 9 10 10 9 9 9 9 9 9 9 9 8 9 10 9
left_child=7 -2 3 -3 5 -4 -5 8 -1 10 12 -12 17 14 16 -14 -13 -6 19 -19 21 -15
right_child=1 2 4 6 9 -7 -8 -9 -10 -11 11 13 15 20 -16 -17 -18 18 -20 -21 -22 -23
leaf_value=-101.54498559051287 -14.233347473908443 -0.50564153027283243 -37.818197988330446 3.693006538766896 -49.38398061294069 110.16888638676475 -114.49451451517469 346.86263022073996 242.25018571239394 60.089555359630843 49.123660801456666 -101.58515978711041 18.067367288965269 12.082492843348907 1.8347607153750978 -0.93861928783105308 -11.707893111343939 21.88198480939371 -1.9307892965353259 -99.007610580742863 17.867661670211699 -28.219630980708011
leaf_weight=37 646 661 285 114 606 1285 184 650 79 696 2191 250 1237 828 678 5053 884 110 1181 356 3776 1188
leaf_count=37 646 661 285 114 606 1285 184 650 79 696 2191 250 1237 828 678 5053 884 110 1181 356 3776 1188
internal_value=0.00019291 0.000113204 0.000188343 -0.00150312 0.000267301 0.00173515 -0.00438387 0.00246401 -0.00189844 0.00014507 7.55727e-05 0.000424442 -0.000324547 2.36361e-06 -0.00120395 0.000149953 -0.00226178 -0.00164305 -0.00103888 -0.00282692 0.000381461 -0.000410307
internal_weight=22975 22209 21563 959 20604 1570 298 766 116 19034 18338 9795 8543 7604 1812 6290 1134 2253 1647 466 5792 2016
internal_count=22975 22209 21563 959 20604 1570 298 766 116 19034 18338 9795 8543 7604 1812 6290 1134 2253 1647 466 5792 2016
cat_boundaries=0 1 14 15 17 30 32 34 46 48 62 76 90 92 106 119 121 134 147
cat_threshold=96 4194372 81920 2147483648 0 8 33554496 0 268485632 8 2147483712 0 2621440 8912896 1 25 1632 35651600 2224422912 1610617040 593 1073741824 0 0 0 524288 1073744400 65544 192 425984 32768 465936 8519824 192 0 0 0 0 32768 0 0 0 0 0 0 8 453246478 187427 8683528 2099216 1 2129920 131588 536870913 256 0 33792 18878464 1075838992 2147483904 8837 1 8650760 2099284 1 2097152 134218240 536870912 0 1073741888 536904704 3149826 1092747280 0 9225 1 1073745920 8192 0 128 276840512 0 128 0 71680 8438785 981471232 4608 70270978 20 1620312112 66436 2164260865 33554432 0 128 268501248 1024 0 0 71680 9094144 1040187424 512 69222400 4 1073741824 0 0 0 268435456 0 0 0 4096 49152 838860800 0 2 33581576 131073 0 2048 0 0 0 536870912 0 1073741824 536870912 0 0 0 1 2147483648 4100 0 4 134742016 0 0 73728 536870912 5243138 0 16812049 40
is_linear=0
shrinkage=0.045


Tree=134
num_leaves=23
num_cat=16
split_feature=2 0 0 3 5 1 5 3 5 5 0 0 3 5 3 0 0 3 3 0 5 1
split_gain=2.04992 4.2118 1.99877 1.55143 1.71211 1.26901 1.13381 1.25028 1.44303 1.23249 1.11056 1.09429 1.22329 1.00358 0.892352 2.00185 1.14116 1.03833 0.968937 1.01595 2.64883 0.808061
threshold=0 1 2 3 4.8481086751891054 4 3.1567740231385479 5 3.3140206880897671 3.7726948748059121 6 7 8 6.462248816637195 9 10 11 12 13 14 4.4829865921051741 15
decision_type=9 9 9 9 10 9 8 9 10 10 9 9 9 10 9 9 9 9 9 9 10 9
left_child=1 -1 6 4 10 -5 -2 9 -9 -8 -3 12 -4 14 15 17 18 -13 19 20 -16 -17
right_child=2 3 11 5 -6 -7 7 8 -10 -11 -12 13 -14 -15 16 21 -18 -19 -20 -21 -22 -23
leaf_value=657.92347136203682 32.253570795452127 -37.484114081000079 -77.388226731003286 -41.386926681078123 170.34267703746377 0.18545796842508061 -1.0951144443423495 -143.64134496022859 -2.0387000116230798 -313.92705907736985 31.818427194104149 -19.289021503322303 28.229218972599966 48.236581002146174 -271.26002483188648 54.301130949842374 -0.15979364227516177 2.8892707397888255 -1.3503160032330868 -21.029938114306926 -6.4232502759924133 4.7379220240275455
leaf_weight=771 96 260 116 325 602 1650 37 48 284 74 1366 448 1229 617 36 581 8599 343 1616 1769 77 2031
leaf_count=771 96 260 116 325 602 1650 37 48 284 74 1366 448 1229 617 36 581 8599 343 1616 1769 77 2031
internal_value=0.000188994 0.00099639 -3.47248e-05 0.000430249 0.00124152 -0.000486915 -0.00270327 -0.00371124 -0.00206686 -0.00764634 0.000486487 4.94451e-05 0.00127671 -5.38469e-05 -0.000124822 0.000517863 -0.000305847 -0.00145143 -0.000989743 -0.00168215 -0.005652 0.00111814
internal_weight=22975 4974 18001 4203 2228 1975 539 443 332 111 1626 17462 1345 16117 15500 3403 12097 791 3498 1882 113 2612
internal_count=22975 4974 18001 4203 2228 1975 539 443 332 111 1626 17462 1345 16117 15500 3403 12097 791 3498 1882 113 2612
cat_boundaries=0 1 15 28 30 32 34 47 60 62 64 78 92 94 96 107 109
cat_threshold=240 2392064 69206016 1 2147484160 0 0 0 0 0 0 0 2148147552 131584 1 4456512 65536 2147483648 32768 8 64 384 268452864 136 2147484256 0 3670016 524288 3225968856 176612 805317632 12 13107202 12 0 26640 0 0 524288 0 0 65536 536870912 0 33554432 16778240 8388608 9 2222981120 1610612800 268435477 1073741824 1028 0 1073774656 3072 1073790992 536870920 16777216 9699328 2147549184 67584 1957429728 345091 2181038080 13316 0 128 655616 33554432 0 134225920 0 1052672 83890176 268438036 517 4 1075875840 1076101120 1 8256 8388608 570425601 0 0 32768 1035 2162688 2147520513 2113546 18 1351352320 16384 152236036 47628 0 2359296 1 0 0 0 0 0 0 0 2162688 537133292 38
is_linear=0
shrinkage=0.045


Tree=135
num_leaves=23
num_cat=20
split_feature=0 5 0 0 3 4 0 3 3 0 3 0 0 0 4 4 0 5 2 0 3 3
split_gain=2.12985 1.51853 1.8132 1.47455 1.26046 1.15603 3.25888 3.35035 3.16895 2.73308 1.817 2.922 1.90379 1.1564 1.13719 1.1186 1.0225 0.979268 0.966754 0.942343 1.52731 0.93231
threshold=0 5.7446031891748186 1 2 3 4 5 6 7 8 9 10 11 12 13 14 15 3.4498615536424366 16 17 18 19
decision_type=9 10 9 9 9 1 9 9 9 9 9 9 9 9 1 1 9 8 9 9 9 9
left_child=18 3 -3 17 14 8 7 -7 13 -10 11 -8 -12 -5 -4 -9 -13 -2 -1 20 -14 -11
right_child=1 2 4 5 -6 6 10 15 9 21 12 16 19 -15 -16 -17 -18 -19 -20 -21 -22 -23
leaf_value=13.348386613286385 34.633483135771634 162.06728013819193 1.4531221652651694 5.779343184283209 35.744467054470839 3.5690273909370904 -31.107115095675621 -40.135718248178648 100.16645884556884 34.167559488160691 46.878990744604877 29.500938378561024 15.579156053205672 -89.995855734651386 -71.380553561066449 -67.571729795299873 -0.95498158278781886 -32.564106557883562 834.81360392911415 2.1660929221709746 -68.699493155332846 -4.2359820671621637
leaf_weight=717 114 428 819 223 973 1012 1387 1751 2560 647 1105 549 240 670 185 60 2407 326 342 3751 318 2391
leaf_count=717 114 428 819 223 973 1012 1387 1751 2560 647 1105 549 240 670 185 60 2407 326 342 3751 318 2391
internal_value=0.000179201 8.33183e-05 0.00114977 -4.81985e-05 0.000558824 1.20266e-05 -0.000239628 -0.00158254 0.000499692 0.000896792 0.00015063 -0.000534213 0.000699963 -0.00197403 -0.000558071 -0.00273752 0.000266847 -0.0025885 0.00213866 0.000269729 -0.00143684 -1.77048e-05
internal_weight=22975 21916 2405 19511 1977 19071 12580 2823 6491 5598 9757 4343 5414 893 1004 1811 2956 440 1059 4309 558 3038
internal_count=22975 21916 2405 19511 1977 19071 12580 2823 6491 5598 9757 4343 5414 893 1004 1811 2956 440 1059 4309 558 3038
cat_boundaries=0 14 27 40 42 43 57 59 61 75 77 91 105 118 119 120 132 133 146 148 150
cat_threshold=0 2224160768 1073741904 2147484177 1073741824 0 384 0 0 35344 65544 663648 393216 16 35946496 33555456 0 0 557056 0 0 8192 0 540672 0 0 2147516932 4194368 81920 0 32768 32768 33556548 0 268435456 8 2147483712 0 0 8912896 2202444342 26664 2 2101248 16779296 0 2097216 419971072 4352 0 0 536870912 82313216 8519680 5 2147533322 5 1977880598 352768 33626882 17184 2359304 33554468 0 2097152 134348800 1024 0 1073741824 536871936 15208448 0 1049856 2214632986 1 1197821092 208972 278552 8208 4097 128 131072 536870912 0 16384 34816 5120 134222000 1055744 68167728 2 16400 35659840 536870913 0 2147484160 536870912 0 134234112 4096 1282 203427872 16783360 2102320 2 0 32 0 0 8912896 0 0 65536 0 8388616 0 3146752 32784 4 4 8388608 1088 2147483648 4 1048588 0 0 0 0 1073872896 318767104 16777728 7 1082130433 0 0 8196 1048588 1024 0 64 0 16384 33554432 268435968 128 135795210 16928 2152464580 131136
is_linear=0
shrinkage=0.045


Tree=136
num_leaves=23
num_cat=16
split_feature=0 3 0 0 0 0 3 3 3 2 4 3 0 5 2 5 0 5 5 1 5 5
split_gain=2.48738 1.24781 3.89768 2.91218 2.463 1.92321 1.62452 1.27369 0.960157 0.942977 1.97553 1.45556 1.43923 1.02848 0.915851 0.910243 0.908603 0.889022 0.822012 0.958129 0.820369 0.814872
threshold=0 1 2 3 4 5 6 7 8 9 10 11 12 3.4498615536424366 13 4.5798392285869785 14 4.4942230200312032 2.4414009612931857 15 6.5589065201527559 3.3497501700808394
decision_type=9 9 9 9 9 9 9 9 9 9 1 9 9 10 9 8 9 10 8 9 10 10
left_child=8 3 7 -2 -4 6 -5 17 -1 11 -11 16 15 18 -10 -12 -6 -3 -14 21 -7 -20
right_child=1 2 4 5 9 20 -8 -9 14 10 12 -13 13 -15 -16 -17 -18 -19 19 -21 -22 -23
leaf_value=99.677838379128929 28.164105622041461 -43.004206013129306 67.389148681862949 -1.3287993032357948 0.62566883570216181 -2.2244928474873711 -35.519397841307502 -8.8444605635201832 892.91055229947074 -134.09377667985524 11.164275771633784 1.8306094801119641 117.40914374344099 5.6691532669228843 -15.054059933877289 93.197328875608264 -68.138375690937266 -99.674912352097579 44.097574608123594 -98.582068310690261 53.782418939708151 -44.09894153584434
leaf_weight=814 1073 73 2407 679 220 7635 811 1489 100 109 1269 914 137 2310 358 1163 441 40 238 370 287 38
leaf_count=814 1073 73 2407 679 220 7635 811 1489 100 109 1269 914 137 2310 358 1163 441 40 238 370 287 38
internal_value=0.000220329 0.000106309 0.000435975 -0.000246499 0.000778667 -0.000500424 -0.00197736 -0.00161152 0.00214486 0.000360823 0.000632838 -0.000609641 0.000753121 0.000105797 0.000459575 0.00156874 -0.00219985 -0.006012 -0.00130127 -0.00197222 -0.000220065 9.37502e-05
internal_weight=22975 21703 11218 10485 9616 9412 1490 1602 1272 7209 5634 1575 5525 3093 458 2432 661 113 783 646 7922 276
internal_count=22975 21703 11218 10485 9616 9412 1490 1602 1272 7209 5634 1575 5525 3093 458 2432 661 113 783 646 7922 276
cat_boundaries=0 13 15 29 43 56 69 71 72 74 75 76 78 91 92 105 107
cat_threshold=8 2215641088 33554512 2147484177 1073741824 16779264 384 0 0 33360 65544 663648 1446400 239197706 506457 8388672 78912 0 128 8470528 4096 512 1342177280 4104 67108865 318767104 285212673 524288 20 8470528 140352 0 128 65544 5120 512 134217728 6144 540672 855638016 285212673 258 4 2149580816 44302336 3758100481 68 151027712 536870912 0 0 1024 16783360 131088 2147519488 43040 4 264192 2684354561 0 2299559936 536870976 0 41024 99328 4354 2228224 34836 2048 33556992 438808 285220864 22566450 274596 3 1 2151153680 4 33849344 131104 0 0 1048832 33554436 0 98304 536971268 2113548 1075838976 3146132 140 112 0 0 0 0 131072 0 0 0 536870912 0 0 512 13 16560 1037
is_linear=0
shrinkage=0.045


Tree=137
num_leaves=23
num_cat=17
split_feature=0 2 4 1 5 3 0 0 0 3 5 0 3 5 5 3 5 2 0 3 0 3
split_gain=2.15536 1.28589 1.22423 1.75266 1.45661 1.44139 3.69426 1.78729 1.70878 1.36893 1.20258 1.2121 1.11892 0.995135 0.963197 0.930073 0.923943 0.90195 1.13563 1.22123 1.08101 1.03213
threshold=0 1 2 3 4.3630783395783075 4 5 6 7 8 6.9777449340088582 9 10 4.5591125415341898 5.0336952619030333 11 4.4248287033199567 12 13 14 15 16
decision_type=9 9 1 9 10 9 9 9 9 9 10 9 9 10 10 9 10 9 9 9 9 9
left_child=1 15 3 -2 -5 6 -4 -8 9 -7 11 12 -10 16 -14 -1 -11 20 -19 -20 -13 -22
right_child=2 -3 5 4 -6 8 7 -9 10 13 -12 17 14 -15 -16 -17 -18 18 19 -21 21 -23
leaf_value=66.260299878006634 0.10630471008067786 737.42108252841911 107.11865057107312 -4.1286693174039701 -90.675258683922507 5.5886326394036514 -12.316084436351012 4.5514124606169828 76.907697757533356 -56.113837371130494 86.954920927729844 32.434063221348332 -11.055787966679006 -3.4687297978516045 138.35396344589702 -6.4381208467533861 -59.802162842103272 2.6639708503894863 -41.467663720470817 -3.8764880643577255 -5.7541784346273168 2.1651954724806721
leaf_weight=465 632 365 1449 228 131 379 709 3183 736 613 182 1567 541 405 99 412 43 1222 806 1299 3092 4417
leaf_count=465 632 365 1449 228 131 379 709 3183 736 613 182 1567 541 405 99 412 43 1222 806 1299 3092 4417
internal_value=0.000202703 0.00201675 9.78847e-05 -0.00144562 -0.00389353 0.000171809 0.000807865 8.2992e-05 -4.93413e-05 -0.00151859 0.000103378 5.51848e-05 0.00131628 -0.00234436 -6.90182e-05 0.00104781 -0.00344681 -8.5904e-05 -0.000718329 -0.00134979 0.000146567 -7.83804e-05
internal_weight=22975 1242 21733 991 359 20742 5341 3892 15401 1440 13961 13779 1376 1061 640 877 656 12403 3327 2105 9076 7509
internal_count=22975 1242 21733 991 359 20742 5341 3892 15401 1440 13961 13779 1376 1061 640 877 656 12403 3327 2105 9076 7509
cat_boundaries=0 14 15 16 18 20 34 48 62 64 78 80 82 83 96 98 111 113
cat_threshold=8 2224160768 33554512 2147484177 1073741824 256 384 0 0 532 65544 663648 393728 16 7 1 8 1636 4036501744 1344 2392064 52690960 1 0 1081344 536872960 0 268443648 32772 1073745920 0 2150630528 8423444 1 1073741824 4096 0 8192 8912896 33554432 0 0 2048 1720384 570425344 16777216 16386 4 4456449 1092945936 1 32768 2432729088 2112 0 1342218240 12 256 2097152 32768 8913920 1 37820420 155688 8388628 0 3758096384 68 147520 5120 0 0 2048 1142605824 0 144 16770 4 184554498 148142 22545970 12452 116 1073741824 4132 0 128 4 0 0 0 536871040 4104 135328 516 40 21025290 155776 35684352 64 4096 0 8388616 33554432 0 0 0 0 570425344 2147491072 1048580 188747524 135210
is_linear=0
shrinkage=0.045


Tree=138
num_leaves=23
num_cat=18
split_feature=0 2 0 0 5 3 0 0 3 5 3 0 0 3 0 5 0 3 5 4 1 0
split_gain=2.08951 1.36156 3.23695 1.69689 1.43773 1.40715 1.85281 1.28072 1.31655 1.06064 1.02153 2.06896 1.36667 1.33923 1.1256 1.03127 0.961528 0.866156 0.847877 0.823846 1.04726 0.797861
threshold=0 1 2 3 4.3630783395783075 4 5 6 7 3.4811217321331038 8 9 10 11 12 2.602003343538398 13 14 5.0336952619030333 15 16 17
decision_type=9 9 9 9 8 9 9 9 9 10 9 9 9 9 9 8 9 9 8 1 9 9
left_child=-1 2 -2 4 -3 6 -4 8 -7 -10 11 15 13 18 17 -5 -13 -14 -12 20 -16 -21
right_child=1 3 5 10 -6 7 -8 -9 9 -11 12 16 14 -15 19 -17 -18 -19 -20 21 -22 -23
leaf_value=277.23122603429977 710.05457793045036 -2.8850041230589292 112.79327483698816 -127.32168986112107 -183.46723656321842 6.4749663016569157 0.42005473328596737 3.9707779751308085 -227.22620064494492 -20.676995236217081 -64.215421505645807 61.55779728311056 -44.590867501486258 1.5703950690336816 -2.3357672210806522 -2.6609810139694936 7.6546166826819739 17.960814622721337 -2.6860299897348567 3.2183613941882574 -98.585696148536684 -2.6288802685858204
leaf_weight=330 555 186 1027 78 128 213 1645 1043 50 254 321 332 233 371 389 1382 2576 1319 153 2486 157 7747
leaf_count=330 555 186 1027 78 128 213 1645 1043 50 254 321 332 233 371 389 1382 2576 1319 153 2486 157 7747
internal_value=0.00019291 0.000140023 0.000812982 -4.07945e-05 -0.00325767 0.000383836 0.00100931 -0.000687023 -0.00249244 -0.00435759 1.8968e-05 0.000614384 -0.000178799 -0.00191657 -5.79679e-05 -0.000764266 0.00130685 0.00107033 -0.00348148 -0.000221434 -0.00192153 -0.000130581
internal_weight=22975 22645 4787 17858 314 4232 2672 1560 517 304 17544 4368 13176 845 12331 1460 2908 1552 474 10779 546 10233
internal_count=22975 22645 4787 17858 314 4232 2672 1560 517 304 17544 4368 13176 845 12331 1460 2908 1552 474 10779 546 10233
cat_boundaries=0 13 14 27 40 42 55 68 70 72 86 100 102 115 129 131 132 134 148
cat_threshold=0 2148532224 301989968 2147484176 0 0 0 0 0 16 0 139360 393216 240 35946496 69206016 1 0 0 0 0 0 0 0 0 2148007936 516 4194368 65536 0 32768 8 64 256 268435456 8 2147483744 0 2621440 524290 2161729884 244196 0 68 0 0 17858816 0 0 0 32768 2102280 0 3145984 18456 0 1028 0 0 16809984 0 0 0 32772 4104 268435456 1048576 2072 687902720 536 1891239360 278819 0 16789508 0 0 134758400 0 0 65536 0 9961728 83886208 268471812 26125 1 262164 1076101120 1 8192 1048576 16779520 0 16448 36864 147457 2097152 1048576 2097152 6 184828448 104580 16859136 25165824 0 129 1073758784 5121 640 32768 128 1075314688 1073741960 285215232 1057536 2359312 35651584 0 0 1048576 33554688 0 1073741824 0 4374528 0 1048576 2048 6 105127940 35840 1 9 1632 2155872256 140288 3758096384 0 655364 536870912 0 65536 1024 2097152 344129536 1156 8421413 1
is_linear=0
shrinkage=0.045


Tree=139
num_leaves=23
num_cat=16
split_feature=0 2 0 3 0 4 5 0 0 3 3 3 0 5 5 3 0 0 5 5 5 3
split_gain=2.23059 1.41822 2.74122 2.17933 2.06087 1.62654 1.49312 2.4446 1.63713 1.83461 1.59086 1.39909 1.39081 1.23632 1.57224 1.12475 2.24647 1.92996 1.06294 1.02846 0.99508 1.14983
threshold=0 1 2 3 4 5 4.5900436644025815 6 7 8 9 10 11 3.9415346756528771 5.2067464199591091 12 13 14 6.1537953943602615 4.0163424379838117 3.2384861814448418 15
decision_type=9 9 9 9 9 1 10 9 9 9 9 9 9 10 10 9 9 9 8 10 8 9
left_child=-1 2 3 -2 18 13 8 10 9 -7 -8 12 -9 -4 -15 17 -17 -10 19 -3 21 -18
right_child=1 4 5 -5 -6 6 7 11 15 -11 -12 -13 -14 14 -16 16 20 -19 -20 -21 -22 -23
leaf_value=91.731797520397578 114.19201421103982 -57.140682265003804 2.4804592901074716 0.42288346915494535 -1.7633805981434303 -56.68134858868229 -16.863814969251496 10.80842761276651 6.0164237322979321 0.098025005608730176 4.9257678268880856 11.836849590244093 118.86990056746139 -137.99864655127581 -61.336845100625879 40.733998834391677 -87.00211282577294 -11.653872299033853 64.095929255023819 -269.64959012831014 1.2854977667519527 6.8807386461983411
leaf_weight=560 1475 84 88 941 5651 870 963 377 1392 1002 888 1910 1043 48 82 1410 232 2107 36 82 1551 183
leaf_count=560 1475 84 88 941 5651 870 963 377 1392 1002 888 1910 1043 48 82 1410 232 2107 36 82 1551 183
internal_value=0.000214454 0.000143466 0.000356221 0.0017533 -0.000458056 0.00011633 0.000177028 0.000782269 -0.000181563 -0.00135669 -0.000528985 0.00150808 0.00257682 -0.00372273 -0.00647727 0.000140482 0.000725207 -0.000424238 -0.00479439 -0.00653571 -0.000259353 -0.00221223
internal_weight=22975 22415 16562 2416 5853 14146 13928 5181 8747 1872 1851 3330 1420 218 130 6875 3376 3499 202 166 1966 415
internal_count=22975 22415 16562 2416 5853 14146 13928 5181 8747 1872 1851 3330 1420 218 130 6875 3376 3499 202 166 1966 415
cat_boundaries=0 13 14 27 29 40 41 55 69 71 73 75 89 91 105 119 121
cat_threshold=0 3222274048 2147483728 2147484224 0 2049 0 33792 0 2147483664 8 663648 393216 180 48267288 75628608 536870912 21 1073872904 33554688 128 16448 0 40960 0 2147485824 532996 3422160720 266468 6324224 131104 0 4 134217728 0 0 0 0 16384 201326592 1 4096 275472 0 0 285803008 4 0 73728 536876032 4163 486539264 4 2214593538 2 262144 18892820 1 32768 32768 64 0 8192 8 74974528 1621098496 5121 1064968 1 1775125154 29216 152769318 6300 1771700722 66192 0 36 0 0 134217984 1024 0 0 0 12713984 33554432 16 18432 4 1718740064 337630 1 1056 0 0 269484032 536870912 0 1476460544 536942592 135168 201326592 18907392 75532304 2 0 74752 4096 2105344 143130944 536870912 0 1073741824 33796 2 352321536 1048852 2147488770 4 2306867728 4128
is_linear=0
shrinkage=0.045


Tree=140
num_leaves=23
num_cat=19
split_feature=2 0 0 5 0 0 3 3 0 0 3 3 0 0 3 0 5 5 3 0 3 2
split_gain=2.07583 1.82583 1.34521 1.32189 2.31421 2.27697 2.11657 1.61913 2.45902 2.30301 1.5673 1.41732 1.94922 1.45658 1.37154 1.28513 1.28278 1.18514 1.18466 1.09894 1.02959 1.31348
threshold=0 1 2 4.1510089048756029 3 4 5 6 7 8 9 10 11 12 13 14 5.7186697390068177 6.3465127852423047 15 16 17 18
decision_type=9 9 9 8 9 9 9 9 9 9 9 9 9 9 9 9 10 8 9 9 9 9
left_child=2 18 16 4 10 6 -5 8 17 14 -3 13 -13 -6 -9 -11 -1 -7 -2 -10 21 -17
right_child=1 3 -4 5 11 7 -8 9 19 15 -12 12 -14 -15 -16 20 -18 -19 -20 -21 -22 -23
leaf_value=-85.958320853285954 49.061049463690722 2.9520583216169154 320.54475822707116 -28.422127488412901 17.448146367731763 -18.312515308017318 -1.1506253634722123 -24.400923626971959 113.73288098494655 129.96137223592379 -68.370147022303726 33.240515071359248 -0.89419183617967757 -11.587879182229052 1.3522309294371662 239.16936084420195 344.64653038418561 54.006877845485775 -40.338145888113793 3.6033500854544727 58.093537522585144 7.3055634730470542
leaf_weight=60 104 564 650 331 902 2099 1555 237 320 599 940 1108 1758 3689 1063 413 56 305 419 2061 1555 2187
leaf_count=60 104 564 650 331 902 2099 1555 237 320 599 940 1108 1758 3689 1063 413 56 305 419 2061 1555 2187
internal_value=0.000179201 9.90281e-05 0.00246401 0.000163011 -0.00025555 0.000457885 -0.000981559 0.000708737 8.91184e-05 0.00119733 -0.00185818 7.04915e-05 0.000853718 -0.0004194 -0.000480183 0.00165611 -0.00189844 -0.000923841 -0.00249813 0.00111137 0.00136609 0.000809724
internal_weight=22975 22209 766 21686 8961 12725 1886 10839 4785 6054 1504 7457 2866 4591 1300 4754 116 2404 523 2381 4155 2600
internal_count=22975 22209 766 21686 8961 12725 1886 10839 4785 6054 1504 7457 2866 4591 1300 4754 116 2404 523 2381 4155 2600
cat_boundaries=0 1 13 25 39 53 55 57 71 84 86 88 102 115 117 131 133 146 148 149
cat_threshold=96 4194372 81920 0 0 8 1 0 268485632 0 68 0 19398656 0 0 0 0 32768 0 0 0 0 0 0 8 2359312 1132462176 1 0 16644 0 512 134225920 32768 69206016 33554432 0 59276 19 25182208 9220 1610612736 0 2172846144 50331904 0 1073741824 4 167937 1612709904 268435456 75497472 4 56762400 327808 1007116038 415835 1073741840 67373072 1 2097152 135266304 0 0 73728 536871936 8 16912384 2148532372 2147519016 1 2181042176 2232352 0 8193 1342718208 0 640 0 4096 8929282 301990016 1537 16387 3952906420 8768 1810142364 343180 1073741832 67122196 0 0 8519680 536870912 0 0 0 12620808 603979920 2148534912 67108896 4 2155937792 131076 1610612736 1 134217728 0 128 1073741824 536871936 9584912 276828176 5 8394753 26214440 33024 16 109316096 4096 2097664 0 0 0 8192 2048 0 0 4 47616 1 2172649536 4224 2359296 2228224 0 1 268435716 1024 0 0 0 524288 33620000 0 17410 2151718928 75396 16
is_linear=0
shrinkage=0.045


Tree=141
num_leaves=23
num_cat=21
split_feature=0 5 0 0 3 0 3 4 0 3 2 0 3 3 0 0 0 3 1 1 0 2
split_gain=2.36189 1.23775 2.51499 1.62841 1.61713 1.23351 1.51657 1.68521 1.30846 1.10323 1.07392 1.08087 1.08712 0.957025 2.67962 1.34005 0.99019 0.894653 2.03167 1.01173 0.863542 1.11158
threshold=0 4.5900436644025815 1 2 3 4 5 6 7 8 9 10 11 12 13 14 15 16 17 18 19 20
decision_type=9 10 9 9 9 9 9 1 9 9 9 9 9 9 9 9 9 9 9 9 9 9
left_child=-1 3 -3 4 -2 6 8 -8 9 -4 -5 12 -12 14 -13 -15 -16 18 -7 -19 21 -9
right_child=1 2 5 10 -6 17 7 20 -10 -11 11 13 -14 15 16 -17 -18 19 -20 -21 -22 -23
leaf_value=91.066149012661811 1.7505453908747806 72.251219864570928 -37.526418316974599 201.81060361999383 -32.368334782883174 -57.69932976516796 -94.555915332427929 131.21856630336686 109.3478308448866 92.555294349497572 -5.6602649491752777 -49.200372234453198 24.34545866685492 5.661641760617723 41.376795448224541 -2.1876488058668353 -3.2394580932894432 57.283123685969088 -0.049131621839956729 -2.1794773101790312 22.241002701590819 -21.124846683321575
leaf_weight=628 578 1216 216 314 748 271 54 306 1110 209 398 890 883 2331 341 6330 879 686 520 2527 653 887
leaf_count=628 578 1216 216 314 748 271 54 306 1110 209 398 890 883 2331 341 6330 879 686 520 2527 653 887
internal_value=0.000173326 9.60018e-05 0.000517212 -0.00017022 -0.00166143 0.000204738 0.000828982 -2.35354e-05 0.00187621 -0.000257437 -8.72499e-06 -7.7586e-05 0.00115197 -0.000224937 -0.00108153 -1.50465e-05 0.000292208 -0.000331673 -0.00167559 4.18621e-06 0.000209416 -0.000511618
internal_weight=22975 22347 8655 13692 1326 7439 3435 1900 1535 425 12366 12052 1281 10771 2110 8661 1220 4004 791 3213 1846 1193
internal_count=22975 22347 8655 13692 1326 7439 3435 1900 1535 425 12366 12052 1281 10771 2110 8661 1220 4004 791 3213 1846 1193
cat_boundaries=0 14 28 42 44 58 60 61 75 77 78 91 93 95 109 122 133 135 137 139 152 153
cat_threshold=8 3222274048 2147483728 2147484160 3221225472 512 0 0 524288 16 8 663649 393472 16 1076133904 111413248 1073745920 0 0 1088 0 0 32768 1076399104 131072 0 21120 1 1080066128 10569728 67108864 144 32768 2304 0 268484608 32776 2623488 33685504 0 544770 4 3955758148 78496 33554432 16777268 1 1 0 4096 512 0 4 12714248 50397184 2150663300 42012 4 1086144602 102816 1 33554432 16777248 0 0 0 0 0 0 0 12713992 33554432 2097280 32768 4 24 4224 32 8392705 131072 0 8193 285212748 50331652 768 64 4096 2147484229 69632 16779520 10487840 537203730 73929 305139782 78336 0 4 536870913 0 144310272 0 0 65536 1024 8421384 134217856 2131088 2147492364 2 2181120000 16 1610616833 0 8929280 0 128 134283264 1024 16416 136315056 268473488 2147491841 0 16790528 0 2097152 0 536871936 0 8192 0 4194306 285212672 155189280 36897 279569 1088 1073759469 96 0 20 1 0 0 0 0 0 4 0 16842752 2148564996 9240 16
is_linear=0
shrinkage=0.045


Tree=142
num_leaves=23
num_cat=20
split_feature=2 0 0 5 0 3 0 3 0 0 3 4 1 3 0 0 3 2 3 0 5 1
split_gain=1.979 1.50824 1.33581 1.32729 2.54711 2.20039 1.39267 1.34851 1.02312 0.923734 1.72184 1.03421 1.32176 0.924808 2.28788 1.90789 0.914639 0.871911 0.81705 1.28466 0.896714 0.896144
threshold=0 1 2 5.344720891341141 3 4 5 6 7 8 9 10 11 12 13 14 15 16 17 18 5.1619206365690227 19
decision_type=9 9 9 10 9 9 9 9 9 9 9 1 9 9 9 9 9 9 9 9 8 9
left_child=2 -2 -1 6 -5 8 7 -3 -6 10 11 -8 -13 15 16 -11 17 -15 19 20 -16 -20
right_child=1 3 -4 4 5 -7 9 -9 -10 13 -12 12 -14 14 18 -17 -18 -19 21 -21 -22 -23
leaf_value=478.58820895728485 -49.850125018517538 -6.7289834388409844 36.850659526311844 90.854309202629182 92.217177722312599 -11.144262955735815 58.299208758941681 38.408954108680327 2.2205409626893684 -12.164037915521899 -21.70639759062119 -61.857625040987003 1.8007644579763098 20.125875748810198 -33.822345632810965 0.80720343981076326 68.353486324138899 -63.431049469777484 -5.7731559392978467 0.90136619210104463 39.784169070945893 16.092210455898666
leaf_weight=364 378 226 402 1044 557 1363 501 630 913 1930 925 128 480 612 696 7841 817 151 530 1383 72 1032
leaf_count=364 378 226 402 1044 557 1363 501 630 913 1930 925 128 480 612 696 7841 817 151 530 1383 72 1032
internal_value=0.000175284 9.7003e-05 0.00240617 0.000146477 0.000901392 0.000194552 -1.65403e-05 0.00174194 0.00139676 -0.000105727 -0.00100293 0.0001967 -0.00104754 1.61185e-05 0.000494534 -0.00024333 0.00192211 0.000772258 -0.000117181 -0.000684466 -0.00214615 0.000663278
internal_weight=22975 22209 766 21831 3877 2833 17954 856 1470 17098 2034 1109 608 15064 5293 9771 1580 763 3713 2151 768 1562
internal_count=22975 22209 766 21831 3877 2833 17954 856 1470 17098 2034 1109 608 15064 5293 9771 1580 763 3713 2151 768 1562
cat_boundaries=0 1 13 25 39 41 54 56 69 83 85 86 88 90 104 118 120 121 123 136 138
cat_threshold=96 64 81920 2147483648 0 65536 0 0 268452864 0 0 0 19398656 0 4 0 2147483648 0 0 0 0 0 0 0 2150244384 1076133888 127926308 1 0 524544 1280 0 0 0 2641920 0 1049604 2147533316 4 2174227792 430743 16384 2147614720 1140854864 268436036 2164260940 0 384 32768 0 1073742357 65544 2112 8519680 2281767976 10392 33554432 0 0 0 134217728 0 0 65536 0 0 83886080 2147483904 9 2097152 262180 0 128 16384 6400 0 8192 12 69750784 1075838976 5 541446 4 1222279702 206940 2 4 65544 265523760 235742 1073774608 25175040 1 8192 524288 536871936 0 0 4096 8423426 738197520 2148532352 69206144 3 1073778705 1098916864 1 40960 524544 587202560 0 0 4096 163842 603979792 1052672 69206144 3 1881170054 287744 20 2147765578 262688 0 35653632 0 2097152 134217728 0 0 65536 32768 1048584 4224 32768 2147485737 268440845 1540
is_linear=0
shrinkage=0.045


Tree=143
num_leaves=23
num_cat=20
split_feature=0 2 0 0 3 0 3 5 0 0 5 3 0 3 3 0 3 0 4 3 2 3
split_gain=1.98611 1.16468 2.24616 1.77555 2.76637 1.80087 1.37748 1.26469 2.74125 2.06611 1.96503 2.10973 1.35136 1.30953 1.27852 1.25841 1.12452 2.24331 1.15591 1.03457 0.975256 0.957006
threshold=0 1 2 3 4 5 6 3.4175922930736511 7 8 1.7005986908310777 9 10 11 12 13 14 15 16 17 18 19
decision_type=9 9 9 9 9 9 9 8 9 9 10 9 9 9 9 9 9 9 1 9 9 9
left_child=20 2 -2 4 5 -3 -4 8 14 13 -10 12 -12 -9 -5 19 17 -17 -18 -11 -1 -6
right_child=1 3 6 7 21 -7 -8 9 10 15 11 -13 -14 -15 -16 16 18 -19 -20 -21 -22 -23
leaf_value=9.7772111290584238 -68.510690620911078 -44.813647521791381 10.485799321088852 -8.5783536494312429 95.338804466453581 57.820650355921515 -18.043342335485125 -71.428012928291693 37.359554223293806 110.24995665648835 -121.37403390355223 -3.7000393596951824 -63.311839255129236 -4.7125749861835375 30.634356264826817 -8.0188752500046281 -55.4453484305673 31.240568040067117 -0.18995151626641293 4.3153042600186531 707.28155177738904 21.908797641907405
leaf_weight=725 246 604 658 367 1454 348 813 116 317 521 114 940 606 914 510 589 126 1477 8376 759 366 2029
leaf_count=725 246 604 658 367 1454 348 813 116 317 521 114 940 606 914 510 589 126 1477 8376 759 366 2029
internal_value=0.000140032 4.6036e-05 -0.0010749 0.000142054 0.000936024 -0.00120436 -0.000391436 -8.23169e-05 -0.000939075 0.000107609 -0.00186199 -0.00249097 -0.00430328 -0.00181382 0.00114904 0.000276223 0.000113989 0.00105245 -0.000115222 0.00160217 0.00200317 0.00152318
internal_weight=22975 21884 1717 20167 4435 952 1471 15732 2854 12878 1977 1660 720 1030 877 11848 10568 2066 8502 1280 1091 3483
internal_count=22975 21884 1717 20167 4435 952 1471 15732 2854 12878 1977 1660 720 1030 877 11848 10568 2066 8502 1280 1091 3483
cat_boundaries=0 14 15 28 41 43 56 58 72 84 86 99 100 102 116 118 131 132 134 135 137
cat_threshold=0 2249326592 1073746128 2147484225 1073741824 0 640 1024 0 2576 8 663648 393216 4 1 33587200 0 0 0 256 0 0 0 0 0 0 2147486848 16 2189475904 10485760 2952790016 4 0 1024 0 0 524288 1158152192 4240 2147487104 2704 308484226 140360 0 8388608 0 0 0 1024 0 0 0 524288 0 2147485056 2560 163590690 76520 0 79888 0 2097152 9437192 536870912 0 1342242816 536903684 16386 807403520 16814097 8945664 2 69633 83984 0 2129920 1097800 256 0 1342210112 32768 131136 1621098496 16777225 1251579554 299392 0 0 0 0 0 0 0 0 1024 4198400 0 2097152 67109920 553668610 3409970688 68228 6553604 64 67108864 144 0 4 256 0 7168 33792 65536 2097664 1053984 1 1152358592 1280 0 16790528 0 0 524544 64 0 65536 0 4096 16777216 32788 67108864 1 2300211296 30752 7 2685961560 294949
is_linear=0
shrinkage=0.045


Tree=144
num_leaves=23
num_cat=18
split_feature=0 2 3 0 0 0 3 0 3 3 5 3 5 3 0 4 1 1 5 5 3 0
split_gain=2.15533 1.12164 0.99837 3.6549 2.09365 1.75465 1.5134 1.20628 1.02592 0.867488 1.41542 0.78534 0.708038 0.701608 0.922831 0.821975 0.689979 0.688804 0.825648 0.661931 0.754304 0.666653
threshold=0 1 2 3 4 5 6 7 8 9 3.6762205501217919 10 7.4966485886878944 11 12 13 14 15 3.9019216517693867 6.462248816637195 16 17
decision_type=9 9 9 9 9 9 9 9 9 9 8 9 8 9 9 1 9 9 8 10 9 9
left_child=1 9 3 -2 6 8 16 11 -5 10 -1 -6 -10 14 15 -7 -4 18 -9 21 -21 -19
right_child=2 -3 4 5 7 13 -8 17 12 -11 -12 -13 -14 -15 -16 -17 -18 19 -20 20 -22 -23
leaf_value=-178.61455120210721 89.127201957560217 645.88614176167994 -79.160888260983214 0.62819142054824928 31.208198109093235 43.591651315987839 -15.989224555266503 24.594401024519794 -17.330319769938903 17.176754122262352 6.384220548726236 2.848620673440458 -71.425155073120919 16.640779513481121 0.084303737385740318 -113.7435676243031 33.757098498706291 -3.6021386542001652 -58.368445887273786 82.395598439745058 -3.4933685066398454 0.4349520149540258
leaf_weight=60 1288 382 107 383 619 49 652 91 754 859 157 933 37 2373 495 69 213 4593 174 228 259 8200
leaf_count=60 1288 382 107 383 619 49 652 91 754 859 157 933 37 2373 495 69 213 4593 174 228 259 8200
internal_value=0.000163533 0.00183061 4.9538e-05 0.000575275 -0.000129003 -7.55032e-05 -0.00214024 2.08502e-06 -0.00154047 0.00105882 -0.0014345 0.00118542 -0.00246015 0.000504336 -0.0008424 -0.00422308 0.000406627 -0.000134432 -0.0023556 -8.80227e-05 0.00153681 -0.000150176
internal_weight=22975 1458 21517 5448 16069 4160 972 15097 1174 1076 217 1552 791 2986 613 118 320 13545 265 13280 487 12793
internal_count=22975 1458 21517 5448 16069 4160 972 15097 1174 1076 217 1552 791 2986 613 118 320 13545 265 13280 487 12793
cat_boundaries=0 14 15 17 31 45 58 60 73 75 77 79 81 94 95 97 99 101 115
cat_threshold=0 2215772160 1073741904 2147484225 1073741824 512 768 16384 2048 2064 40 665696 393760 4 7 4038599120 259 2392064 44303376 1 0 32768 536871168 0 134217728 37892 5121 16 2150629376 8431620 1 28 2424912 268435456 32768 2147516416 553650432 0 402685952 36872 131585 2162688 1 8912896 1 1073741824 4096 0 2105344 9977856 33554496 0 0 0 1085325632 318767104 16777364 67129346 4297734 27144 1082146816 0 4096 2105348 16396 5188 0 1024 128 1141948736 1073741824 268435584 68178304 1342702016 257 2148336644 8472 155452458 484896 2147484096 1 0 4 0 0 134217728 0 0 65536 0 4194304 0 256 2147483648 2 263184 8 268705793 16 17922 6148 35946496 1090521092 1 0 277348864 1 0 8192 536870912 4199424 537002000 3178496 2099213 18
is_linear=0
shrinkage=0.045


Tree=145
num_leaves=23
num_cat=21
split_feature=0 2 0 3 5 0 3 0 3 0 0 3 4 3 3 0 0 0 3 0 3 3
split_gain=2.28738 1.26229 1.18319 1.54056 1.1911 2.90993 2.05109 1.94446 2.10008 3.1637 2.45281 1.68989 1.47746 1.42667 1.34229 1.89625 1.44385 1.29141 0.899953 0.889205 1.52542 1.32163
threshold=0 1 2 3 3.9019216517693867 4 5 6 7 8 9 10 11 12 13 14 15 16 17 18 19 20
decision_type=9 9 9 9 8 9 9 9 9 9 9 9 1 9 9 9 9 9 9 9 9 9
left_child=1 18 3 -2 5 6 -4 13 9 -9 11 -10 -8 -6 15 -7 -16 -11 -1 21 -21 -12
right_child=2 -3 4 -5 7 14 12 8 10 17 19 -13 -14 -15 16 -17 -18 -19 -20 20 -22 -23
leaf_value=57.491523323188886 12.71445396542946 691.41687650148037 3.7404384421928638 -13.606961036104869 123.53698240613572 38.475042385161061 -37.440974364918425 78.393367651279675 0.1829885966103838 -8.7153319758325107 3.8730555543142078 -45.732521695411052 -124.23006185001874 23.076122551343914 25.853748964340173 -14.286342013575521 0.22160784318597743 10.939402316531414 -2.5125877916572046 -41.472899477269024 10.672682570185728 -11.685161918467752
leaf_weight=435 211 360 379 492 566 672 271 1352 346 1044 1386 521 448 1025 916 1908 2115 2304 506 583 2872 2263
leaf_count=435 211 360 379 492 566 672 271 1352 346 1044 1386 521 448 1025 916 1908 2115 2304 506 583 2872 2263
internal_value=0.00016745 0.00199124 5.68571e-05 -0.00174336 0.000118167 -0.000376173 -0.00248108 0.000350813 0.000163566 0.000916808 -0.000281285 -0.00252389 -0.0038844 0.00182751 4.08147e-05 -0.000711805 0.000681729 0.000171429 0.00109077 -3.7941e-06 0.000512691 -0.000492898
internal_weight=22975 1301 21674 703 20971 6709 1098 14262 12671 4700 7971 867 719 1591 5611 2580 3031 3348 941 7104 3455 3649
internal_count=22975 1301 21674 703 20971 6709 1098 14262 12671 4700 7971 867 719 1591 5611 2580 3031 3348 941 7104 3455 3649
cat_boundaries=0 13 14 27 29 43 45 59 61 75 88 90 91 93 95 109 123 137 139 153 155 157
cat_threshold=16777216 2215772160 1073741904 2147484225 1073741824 2560 256 16448 2048 131088 8 665696 393728 7 4 81936 268435456 0 262216 16777472 0 268469248 32768 68 537001984 8 1572866 2294349856 18600 2359304 16777216 1 0 131332 536871936 512 8192 66560 69207296 33558528 2097156 28808 16 1132483252 65608 2424840 1073741824 4097 16 4 1024 512 0 66560 3673856 1073807392 270532608 8404096 16 3768101336 34053 32768 61082656 0 2097152 16941056 64 0 0 4096 4099 4224 2148532484 2147483652 1 8404992 264256 536870912 0 2432729600 65 0 1207959552 4096 4099 16 17858561 4 21123076 208912 2 2836922400 27520 3397433520 112420 2155905024 0 536870912 0 9437184 0 0 0 4 16384 268435456 2147483905 67110965 2 1115750400 1024 536870912 2105344 142606336 0 0 134283264 536870916 8425472 218103952 17825937 0 4 1107300352 8196 0 0 8405248 33554432 0 0 4 8437760 511705088 513 67125249 2 16811602 12964 33587217 60822564 0 2097152 143785984 33554432 0 0 536870912 12582920 128 2147484036 33 3 67437060 82 329222 266368
is_linear=0
shrinkage=0.045


Tree=146
num_leaves=23
num_cat=21
split_feature=0 4 0 0 3 2 3 0 0 0 0 3 3 3 3 2 5 1 1 3 3 2
split_gain=2.25375 1.08437 1.335 1.18831 1.84469 2.26919 1.38237 2.62856 2.10313 1.6254 1.31496 1.19743 1.05766 1.04581 1.03956 0.944192 0.911205 1.19632 0.994177 0.984341 0.887777 0.855651
threshold=0 1 2 3 4 5 6 7 8 9 10 11 12 13 14 15 3.3140206880897671 16 17 18 19 20
decision_type=9 1 9 9 9 9 9 9 9 9 9 9 9 9 9 9 8 9 9 9 9 9
left_child=13 2 -2 4 -3 -6 8 12 11 -9 -10 -5 -8 15 -4 -1 17 -11 19 -18 -19 -12
right_child=1 3 14 6 5 -7 7 9 10 16 21 -13 -14 -15 -16 -17 18 20 -20 -21 -22 -23
leaf_value=-23.37032219790602 0.98500440627558961 8.9574465436661992 -91.581264680852044 0.093773314908451394 -153.34290852472833 -3.9400169075337246 -10.394176943225878 73.566942683348287 -12.847944984432658 -62.593212274269881 -3.9648006135224367 30.729460544034776 1.4724976026077441 99.711674129822839 -15.454715651028613 349.7675574194692 -10.33481415177175 62.148685568946028 33.059400556501629 18.724464437142398 -1.3842832977019059 10.756875943222248
leaf_weight=244 464 617 110 702 109 1070 1025 1792 1105 306 5468 857 611 1020 409 102 958 167 3144 874 434 1387
leaf_count=244 464 617 110 702 109 1070 1025 1792 1105 306 5468 857 611 1020 409 102 958 167 3144 874 434 1387
internal_value=0.000214454 0.000101776 -0.00135685 0.000171466 -0.000930863 -0.00196851 0.000277041 0.000666577 -0.000104344 0.00101568 -0.000400778 0.0014007 -0.000966626 0.00197896 -0.00288983 -0.000175977 0.000651145 -0.000658416 0.000891322 5.36878e-05 0.000521207 -0.000167103
internal_weight=22975 21609 983 20626 1796 1179 18830 9311 9519 7675 7960 1559 1636 1366 519 346 5883 907 4976 1832 601 6855
internal_count=22975 21609 983 20626 1796 1179 18830 9311 9519 7675 7960 1559 1636 1366 519 346 5883 907 4976 1832 601 6855
cat_boundaries=0 14 15 28 41 43 44 46 60 74 87 100 102 104 106 108 109 111 113 115 117 118
cat_threshold=8 2215641088 67108944 2147484161 1073741824 513 256 0 3072 17 40 665696 266752 16 1 3221225472 0 0 0 0 0 0 0 0 0 16781328 2415919872 1 1077936192 82000 268435456 128 786504 0 0 268476416 32776 67109408 178257920 16777224 9977858 2328036960 51224 98 191012618 204443 2147553280 1073754112 0 8192 8470528 4128 640 1207975936 0 1572932 1140916224 4097 9473 5 2155876352 139264 1073741824 8196 8536580 5120 640 1207975936 0 1075315008 67108864 129 9217 4 35700753 58982432 1610616833 32768 16809988 2304 0 0 0 1073743874 16 2147483648 165920 2113536 25427972 4097 0 2432729088 256 0 64 65536 20482 537002000 1081344 2048 56625928 69633 75513904 49444 684008452 16696 2147483744 4 5 1622052 1028 268437905 9019 2684379184 286816 1610694656 286784 7
is_linear=0
shrinkage=0.045


Tree=147
num_leaves=23
num_cat=18
split_feature=2 0 0 5 0 0 3 0 3 3 4 0 3 5 3 0 4 0 5 0 4 5
split_gain=2.03858 1.6083 1.17239 1.13977 2.09489 1.7501 2.47973 1.25488 1.62356 1.57163 1.24891 1.24817 1.07586 1.09398 0.963271 0.909226 0.907303 1.35394 0.896785 0.902735 0.879718 1.07646
threshold=0 1 2 4.6298509007569537 3 4 5 6 7 8 9 10 11 3.5408542930527882 12 13 14 15 4.7664292796317111 16 17 5.4402485097224949
decision_type=9 9 9 10 9 9 9 9 9 9 1 9 9 8 9 9 1 9 10 9 1 10
left_child=2 -2 -1 5 20 6 10 8 18 -9 15 12 13 -7 -11 -3 -8 -18 -6 -20 -5 -22
right_child=1 3 -4 4 7 11 16 9 -10 14 -12 -13 -14 -15 -16 -17 17 -19 19 -21 21 -23
leaf_value=448.46369348806735 -120.4811903392964 35.75167174520044 31.982540717568348 359.36564779536843 -51.712477556582158 -43.998575276288506 -25.978882822711462 -16.673061028576111 4.1667699501406297 58.823640697045235 77.425475681609754 -0.68208894149473598 31.713653828138597 21.81031492907945 8.5865536085092913 -59.61494670526762 -62.828250417426801 -43.331406331484203 -27.822331804904191 -0.96728819484633122 4.737140358657463 146.28544939855263
leaf_weight=364 257 128 402 373 115 191 218 1051 1050 811 345 11269 616 282 3156 196 108 340 270 434 617 382
leaf_count=364 257 128 402 373 115 191 218 1051 1050 811 345 11269 616 282 3156 196 108 340 270 434 617 382
internal_value=0.00014199 6.25761e-05 0.00240617 0.000104899 0.000522395 -0.000146878 -0.00168708 0.000200247 -0.000791866 0.000570776 0.000257709 2.10996e-05 0.0014673 -0.000157732 0.000980523 -0.00173926 -0.00361062 -0.00482 -0.00227978 -0.00169547 0.00211994 0.00143407
internal_weight=22975 22209 766 21952 8259 13693 1335 6887 1869 5018 669 12358 1089 473 3967 324 666 448 819 704 1372 999
internal_count=22975 22209 766 21952 8259 13693 1335 6887 1869 5018 669 12358 1089 473 3967 324 666 448 819 704 1372 999
cat_boundaries=0 1 13 25 39 53 55 68 70 72 73 86 88 90 104 105 119 132 133
cat_threshold=96 0 81920 0 32768 0 0 0 268436480 0 0 0 2621440 0 4 0 2147483648 0 0 0 0 0 0 0 2150244384 2392080 111151104 4096 2097664 512 1088 0 0 32772 1076399104 0 1024 20996 5 1080033296 10485792 67108864 16 512 33556736 128 32768 32776 2623489 2228224 268435456 545286 1 3943469074 12484 4096 144432 0 0 286785536 570425348 0 8192 536876032 16705 402657280 2304 2214602753 600511270 53408 675294604 403521 4 4101 2147615744 2147483664 1 2432827460 16777221 256 64 4096 16704 65536 64 10627104 1315360 80588 1086066752 32896 0 32 0 0 0 0 0 0 0 0 0 0 516 1 2 16 8388608 0 0 0 0 128 0 0 2097152 0 0 512 1 4096 9232 0 0 0 536870912 0 0 0 0 134221824 0 2147493889 2
is_linear=0
shrinkage=0.045


Tree=148
num_leaves=23
num_cat=20
split_feature=0 2 0 3 0 0 3 0 5 3 5 1 3 0 0 0 0 3 4 3 0 3
split_gain=1.90117 1.14437 2.24805 1.80204 1.24408 1.05683 1.02665 0.995939 0.891936 0.842925 0.841025 1.27322 0.924034 2.96279 2.67076 1.46425 1.43033 0.811595 0.731129 1.2422 0.978013 1.24365
threshold=0 1 2 3 4 5 6 7 4.8481086751891054 8 6.2519020269174783 9 10 11 12 13 14 15 16 17 18 19
decision_type=9 9 9 9 9 9 9 9 10 9 10 9 9 9 9 9 9 9 1 9 9 9
left_child=6 2 -2 5 8 -4 -1 -3 9 -5 12 -12 13 18 -14 17 -15 -16 20 -20 -9 -22
right_child=1 7 3 4 -6 -7 -8 10 -10 -11 11 -13 14 16 15 -17 -18 -19 19 -21 21 -23
leaf_value=-75.177226088150334 582.85555605980528 -14.010929761417316 27.357269285181903 -24.532931509093515 0.08600162927512281 -21.708790085946848 80.6242736510073 97.540726680705802 161.68933452155332 52.669511449975708 159.14456815706029 -0.97157842300056974 38.327331185541865 18.525469714631463 20.815625530911813 -3.0209579385458354 -1.4333598826388039 0.42435017871313929 0.24850955242568645 -65.264575890035545 -137.41400708879266 5.7123937914482719
leaf_weight=103 463 306 236 161 1496 821 1069 128 462 793 348 547 1233 862 1111 5035 4874 1385 274 876 132 260
leaf_count=103 463 306 236 161 1496 821 1069 128 462 793 348 547 1233 862 1111 5035 4874 1385 274 876 132 260
internal_value=0.000151782 5.63146e-05 0.00070072 0.000349284 0.000926471 -0.0012334 0.00190794 -0.000108468 0.00187815 0.00110146 -6.19252e-05 0.00127926 -0.000136347 -0.000505931 0.00017639 -0.000142582 -1.8789e-05 0.000746412 -0.00216706 -0.0028125 -0.000775862 -0.00187129
internal_weight=22975 21803 4432 3969 2912 1057 1172 17371 1416 954 17065 895 16170 7406 8764 7531 5736 2496 1670 1150 520 392
internal_count=22975 21803 4432 3969 2912 1057 1172 17371 1416 954 17065 895 16170 7406 8764 7531 5736 2496 1670 1150 520 392
cat_boundaries=0 13 14 27 29 42 55 57 70 72 74 76 90 104 117 129 131 132 134 147 149
cat_threshold=16 2257715200 1073746128 2147484225 1073741824 2560 256 33792 0 2048 65536 663648 393248 176 2392064 2113536 1 0 0 64 0 0 0 0 0 2147483648 516 923245858 344072 0 16777316 0 0 18415872 0 0 0 99332 5128 0 1049872 2147532824 0 12288 0 0 0 0 0 0 0 2 268435456 1280 16 262144 196632 0 65568 0 0 72 64 0 268435456 12 545 0 1048576 524288 192 12320 1049644 67592 2386709022 170529 1076101120 262144 536870913 8192 2281734144 570425344 0 16384 32768 1081607168 2228240 4113 2147488392 4 8392708 0 2952790016 2105348 134250496 1029 0 16384 33792 1077428480 131096 6145 4224 4 1080098816 2359296 0 128 1048580 536870912 0 65536 536870912 71303192 1140854912 2130192 2223025408 2197815297 13312 0 144 0 4096 512 1207959552 6144 163842 838860832 285212800 564736000 287050 2 33685506 133632 2097152 0 1 0 0 0 0 0 0 4718592 0 0 512 134217730 39424
is_linear=0
shrinkage=0.045


Tree=149
num_leaves=23
num_cat=19
split_feature=2 0 0 3 0 5 5 0 0 3 3 0 3 2 0 0 3 3 0 0 3 5
split_gain=1.91967 3.76034 1.60151 1.42763 1.51306 1.08547 1.03406 2.23039 2.19638 1.34547 1.25071 1.3122 1.11191 1.04793 1.9338 1.47046 1.41285 1.16031 1.92242 1.61815 1.36531 1.24493
threshold=0 1 2 3 4 3.9019216517693867 3.3497501700808394 5 6 7 8 9 10 11 12 13 14 15 16 17 18 4.4005842009683471
decision_type=9 9 9 9 9 10 8 9 9 9 9 9 9 9 9 9 9 9 9 9 9 10
left_child=1 -1 -2 4 -3 -6 7 12 9 -8 -9 -12 -4 14 -10 16 -15 18 21 20 -19 -17
right_child=2 3 6 -5 5 -7 8 10 13 -11 11 -13 -14 15 -16 17 -18 19 -20 -21 -22 -23
leaf_value=722.12441581517749 -54.168141806188615 77.483977511733812 -54.492207056461027 -4.0841759814175269 -26.088783243954726 48.535322251033726 3.6911390582944761 -75.54229988464914 -99.163369922531544 57.840248901310886 -42.761561580919469 -0.51861530186405425 40.302344874254153 36.578163401078804 -5.0139686290220142 -94.771510829557272 0.021264183918221734 -15.205333596349606 -1.1078267189509614 5.5434449473751064 3.8381037561426723 -12.839772481644854
leaf_weight=661 215 1308 245 1770 551 684 510 376 121 612 470 1132 630 1312 1327 330 1386 957 2782 4492 595 509
leaf_count=661 215 1308 245 1770 551 684 510 376 121 612 470 1132 630 1312 1327 330 1386 957 2782 4492 595 509
internal_value=0.000106737 0.000888087 -0.000109671 0.000398497 0.00107965 -5.41297e-05 -6.16922e-05 -0.00084641 8.82827e-05 0.00199206 -0.00167789 -0.00110967 0.00104002 -6.80386e-05 -0.00120822 6.65456e-05 0.000992989 -0.000192983 -0.000828654 0.000188739 -0.00105882 -0.00270211
internal_weight=22975 4974 18001 4313 2543 1235 17786 2853 14933 1122 1978 1602 875 13811 1448 12363 2698 9665 3621 6044 1552 839
internal_count=22975 4974 18001 4313 2543 1235 17786 2853 14933 1122 1978 1602 875 13811 1448 12363 2698 9665 3621 6044 1552 839
cat_boundaries=0 1 14 27 29 42 56 69 71 73 87 89 90 103 117 119 121 135 149 151
cat_threshold=240 2392064 69206016 1 2147484160 0 0 0 0 0 0 0 2148147296 512 0 65536 0 0 72 64 0 268435456 8 33 0 2621440 524288 2291687644 176612 0 16781380 0 0 17858816 0 0 0 32772 2102282 0 3178752 2147502104 41943040 139268 1610612736 2097152 9437440 0 0 65536 536903680 8913152 2101392 268442625 2147494944 4 6291460 2147483648 1409290240 657 1073741828 1028 128 134217728 3072 67158034 65568 32768 1315072 47317584 199556 3221538304 2304 2147516416 0 0 1 134348800 536870912 0 0 3072 2146304 67108864 2148564992 68190224 3 193724418 10760 1 32768 0 0 0 0 0 0 0 0 0 0 3072 16 2189459456 50462720 0 68 0 536870912 0 16384 4096 1073742848 100663440 16781184 75530258 1 2845626952 379433 2871144452 261226 65536 75506688 536870913 8192 256 33554433 512 0 0 8388608 2101248 2148532228 128 2 266264 4 0 8192 2157461760 33554432 0 32768 32768 1184064 679477248 4112 19492 4 13388336 5
is_linear=0
shrinkage=0.045


Tree=150
num_leaves=23
num_cat=18
split_feature=0 5 3 2 0 3 5 2 0 3 0 0 0 0 3 5 2 3 5 3 0 4
split_gain=2.12795 1.08648 1.1417 0.954825 1.03835 1.17469 0.898548 0.8918 0.852516 0.768266 2.63771 2.59035 1.4871 1.35617 2.06506 1.00093 0.927675 1.05137 0.925216 0.839032 1.03766 0.820225
threshold=0 6.2519020269174783 1 2 3 4 2.1383330595080281 5 6 7 8 9 10 11 12 5.5816130673839615 13 14 5.6365721362514982 15 16 17
decision_type=9 10 9 9 9 9 8 9 9 9 9 9 9 9 9 10 9 9 10 9 9 1
left_child=7 3 -3 -2 5 -5 -7 -1 -4 10 -6 19 16 14 -13 -14 -12 -18 -15 20 -11 -17
right_child=1 2 8 4 9 6 -8 -9 -10 11 12 13 15 18 -16 21 17 -19 -20 -21 -22 -23
leaf_value=6.5013001295467552 157.9731398723722 86.829569749487931 -37.346169360091487 22.224945654132696 17.991767339509117 102.31310895965642 -17.35219532918294 660.79784210348407 63.061264549263107 1.5127919263946399 -58.700379007675821 -33.931294458195616 -0.49150456009739318 0.57100832104633836 -1.3009716238627849 -157.9606506195702 -25.235344450900023 -0.36460370863784058 57.88058332610094 11.07280947510467 174.64106810185811 -22.384383350049166
leaf_weight=839 377 480 195 324 1230 103 1267 373 406 218 432 439 4242 7082 1278 45 569 738 607 812 616 303
leaf_count=839 377 480 195 324 1230 103 1267 373 406 218 432 439 4242 7082 1278 45 569 738 607 812 616 303
internal_value=0.000130239 2.74858e-05 0.0014169 -4.52522e-05 -8.74881e-05 -0.00115006 -0.00172576 0.00195588 8.07506e-05 9.90727e-06 -0.000339387 0.000248916 -0.000710377 -4.01357e-05 -0.00117901 -0.000283572 -0.00182724 -0.00120432 0.000215622 0.00188902 0.00289362 -0.00259714
internal_weight=22975 21763 1081 20682 20305 1694 1370 1212 601 18611 7559 11052 6329 9406 1717 4590 1739 1307 7689 1646 834 348
internal_count=22975 21763 1081 20682 20305 1694 1370 1212 601 18611 7559 11052 6329 9406 1717 4590 1739 1307 7689 1646 834 348
cat_boundaries=0 13 15 16 29 31 32 42 44 57 71 85 97 99 100 102 104 118 119
cat_threshold=65536 2249326592 1073746128 2147484225 1073741824 0 768 1073741824 0 2048 0 669792 1445890 2291684866 2692 32 33554512 65572 0 0 49152 50331712 0 268476416 32780 67109442 10616832 2097152 8929536 42107024 8480 7 0 4096 0 0 8388608 0 0 0 536870912 8 530749958 154634 2160070657 0 2147483648 8196 9437192 536871936 128 134217728 2048 1075363856 436207776 16777221 67108864 278536 27525200 536870912 2130064 131328 2048 0 64 128 131073 536870928 2415919104 2105984 4 2392072 25428048 67108865 2097296 17301760 0 0 1024 0 2097408 620757016 2148532240 8708 4 3225423872 1073741824 0 4 276824064 257 128 134217728 4096 8962064 436273312 5 1048736 99232 3 94507012 2058 2149057592 65761 0 64 0 2097152 256 2048 0 0 0 131072 536870928 0 8320 4 2
is_linear=0
shrinkage=0.045


Tree=151
num_leaves=23
num_cat=20
split_feature=0 5 0 3 0 2 3 0 0 3 3 0 0 3 0 0 5 4 3 3 3 3
split_gain=2.20886 1.25842 2.08299 1.55104 1.53499 1.28715 1.3374 1.53746 1.15212 1.57784 1.15172 1.2088 1.14464 1.07045 1.74252 1.62701 1.39014 1.02748 1.03243 0.948872 0.927664 0.831603
threshold=0 4.1820210059610323 1 2 3 4 5 6 7 8 9 10 11 12 13 14 1.7005986908310777 15 16 17 18 19
decision_type=9 10 9 9 9 9 9 9 9 9 9 9 9 9 9 9 10 1 9 9 9 9
left_child=19 2 3 -2 20 6 -6 -8 9 -4 11 -7 17 15 21 16 -10 -12 -19 -1 -3 -15
right_child=1 4 8 -5 5 10 7 -9 13 -11 12 -13 -14 14 -16 -17 -18 18 -20 -21 -22 -23
leaf_value=-19.600691638114434 14.765853254997561 165.78872201099512 -8.1526969262356683 -45.017599699065386 98.061282265407044 45.312780860460038 53.381773145588376 -9.0717239780098975 138.50768179293655 34.616833918910224 -75.227179469222094 3.7341882553718753 0.77324339197654512 -10.247493088226719 -3.3021313278229081 -2.9008906279189186 -100.14602704898633 2.9404127102347415 -12.594528788199133 110.59501598484511 25.17085274366211 24.441666683379605
leaf_weight=212 213 456 570 531 1220 335 316 412 63 752 58 984 4606 469 3755 1689 516 809 1600 846 893 1670
leaf_count=212 213 456 570 531 1220 335 316 412 63 752 58 984 4606 469 3755 1689 516 809 1600 846 893 1670
internal_value=0.000140032 4.24782e-05 -0.000321994 -0.00259524 0.000361432 0.00017388 0.00121225 -0.000316216 -0.000140269 0.00108621 -6.85386e-05 0.00114613 -0.000296612 -0.000340225 -1.98102e-05 -0.00116842 -0.00320558 -0.00107644 -0.000935089 0.00213645 0.00178215 0.00100209
internal_weight=22975 21917 10228 744 11689 10340 1948 728 9484 1322 8392 1319 7073 8162 5894 2268 579 2467 2409 1058 1349 2139
internal_count=22975 21917 10228 744 11689 10340 1948 728 9484 1322 8392 1319 7073 8162 5894 2268 579 2467 2409 1058 1349 2139
cat_boundaries=0 13 26 28 41 42 44 57 70 72 74 87 101 103 116 129 130 132 134 136 138
cat_threshold=65536 3289513984 1140850768 2147484225 1073741824 0 768 0 0 0 536870912 669793 266240 2359312 25182272 1 32784 32768 256 0 49152 98308 1075841537 33751048 0 541696 2702250048 44 35913728 41943040 0 20 1179648 5376 0 134234112 3072 1076366352 65568 2097152 52352 48 2294830770 69652 0 9220 0 0 0 0 0 0 0 0 0 2147484928 24 16793604 9216 2684358656 8192 268435528 0 128 64 0 2148679680 4112 17825792 69337127 1670677028 135276 1924663616 296193 1073774592 0 1 0 32768 0 0 0 536870912 4325384 16777216 256 67108884 16 13312 1 0 2147516416 64 0 8192 536903680 4345865 19005456 1048832 67108878 3 779161666 15872 32768 65556 0 4 134234112 536870912 0 1073807360 536871936 8392712 1092616320 2149613712 2148541056 32768 4 0 0 260 536870912 0 0 1024 8912896 201326720 2097280 2147525128 1 4326568 139908 2189819904 204840 681066496 90240 1090576512 131088
is_linear=0
shrinkage=0.045


Tree=152
num_leaves=23
num_cat=21
split_feature=0 5 3 0 3 0 0 2 4 0 3 3 3 0 0 3 0 0 3 2 3 0
split_gain=1.95901 1.26885 1.51378 1.29874 2.00959 1.22229 1.05998 0.988255 0.992814 1.1931 1.72659 1.12228 0.880096 2.59613 2.30525 1.40867 1.29867 1.1175 1.15232 0.914354 0.825718 0.708647
threshold=0 5.7446031891748186 1 2 3 4 5 6 7 8 9 10 11 12 13 14 15 16 17 18 19 20
decision_type=9 10 9 9 9 9 9 9 1 9 9 9 9 9 9 9 9 9 9 9 9 9
left_child=-1 3 -3 4 6 -4 -2 20 11 10 -10 -9 13 -11 15 21 -15 18 -16 -18 -5 -14
right_child=1 2 5 7 -6 -7 -8 8 9 12 -12 -13 14 16 17 -17 19 -19 -20 -21 -22 -23
leaf_value=138.29052053728503 -27.489358455137801 63.332216402971625 -43.114039308049186 253.16328253895685 -18.442284100695204 5.2451208082620093 55.504846183210375 -26.478521920700388 -12.269934704999422 -18.293180297526074 65.863944088056073 -1.6662848005210822 -54.500301779807259 55.288006981041917 -2.9174306835304558 -33.680771543710406 68.67779046782988 -2.4000646250906357 21.221250144797718 0.79947184172073771 23.798107452703782 8.7807363150053295
leaf_weight=496 102 890 101 247 630 1448 263 235 441 1378 1036 581 109 654 583 988 794 6934 1307 3056 310 392
leaf_count=496 102 890 101 247 630 1448 263 235 441 1378 1036 581 109 654 583 988 794 6934 1307 3056 310 392
internal_value=0.000124364 6.18249e-05 0.00103052 -5.6132e-05 -0.00163108 0.000170083 0.00101459 2.71555e-05 -2.96755e-05 4.12472e-05 0.00126024 -0.00156235 -7.08026e-05 0.000368002 -0.00032121 -0.0019517 0.000890833 -4.37979e-05 0.000922713 0.000570948 0.00187434 8.77209e-06
internal_weight=22975 22479 2439 20040 995 1549 365 19045 18488 17672 1477 816 16195 5882 10313 1489 4504 8824 1890 3850 557 501
internal_count=22975 22479 2439 20040 995 1549 365 19045 18488 17672 1477 816 16195 5882 10313 1489 4504 8824 1890 3850 557 501
cat_boundaries=0 13 15 28 30 43 55 56 57 71 73 75 77 90 104 106 120 133 135 136 138 151
cat_threshold=65536 2148532224 80 2147484160 0 0 256 49152 8 512 8 663648 262144 1594688 4756 2101248 1073807360 0 32768 49152 2116 640 268443648 4 1 2097152 268439552 16896 156762676 8712 0 4096 0 0 0 0 0 0 0 0 0 768 17 0 0 0 32768 49152 68 128 0 0 0 0 4096 224 1 2155921412 131072 3758100480 268435525 3221291020 0 0 0 1024 1073874960 131072 128 133120 4 2690712074 77827 2147483872 266252 3771539666 337744 1074003984 32 0 8320 9437248 33554432 0 0 0 69746754 637538304 18910740 2214596640 37748744 17039476 67108865 0 16777216 257 0 1088 4096 258 268501008 2097153 10494983 1 453038112 133122 8 94635024 0 0 0 536871168 0 0 4096 256 16 0 2106373 2 1090519056 16384 268435456 8336 1048640 50332672 0 0 65536 77627456 603979776 3860 68157472 100847652 165891 16 144180240 132 0 20 0 0 0 0 0 0 0 2 0 0 1
is_linear=0
shrinkage=0.045


Tree=153
num_leaves=23
num_cat=18
split_feature=2 0 5 0 0 5 1 3 0 0 0 0 3 3 3 0 0 4 0 3 5 5
split_gain=1.88955 1.78601 1.05192 1.13663 1.03385 1.30617 0.988369 0.911308 2.82779 1.98907 1.41399 1.03089 0.955592 0.894097 0.889516 1.74416 1.2146 0.997918 1.09915 0.884307 0.860127 0.859172
threshold=0 1 6.2924942092024017 2 3 5.3913496380844323 4 5 6 7 8 9 10 11 12 13 14 15 16 17 2.8617925509761908 6.2924942092024017
decision_type=9 9 10 9 9 10 9 9 9 9 9 9 9 9 9 9 9 1 9 9 10 8
left_child=4 -2 3 19 5 -1 -4 8 -5 -9 -10 13 -12 -11 15 -13 -16 18 -17 -3 -21 -15
right_child=1 2 6 7 -6 -7 -8 9 10 11 12 14 -14 21 16 17 -18 -19 -20 20 -22 -23
leaf_value=-86.049439782558252 -28.819285407671256 89.287734726591509 146.58029226472948 -16.951567099477625 241.04303707532682 189.108574459934 4.2251418532038993 31.148655613206522 9.5771898444311212 -29.705835682944134 -9.3128665182527559 11.034351374038668 -0.16958863032670765 -0.14544954028397333 40.778446054994276 -22.056997428668247 0.14142058705314839 -29.889417828666858 42.319991122669592 -59.272178150691673 19.652573268835333 -150.76377740225826
leaf_weight=37 434 641 390 1619 650 79 595 2356 1777 667 1325 1141 3498 1238 1319 291 2909 910 405 90 535 69
leaf_count=37 434 641 390 1619 650 79 595 2356 1777 667 1325 1141 3498 1238 1319 291 2909 910 405 90 535 69
internal_value=0.000110654 3.42245e-05 9.19128e-05 2.38074e-05 0.00229049 -0.00154687 0.00152736 -6.12713e-05 -0.000421516 0.000200804 -6.80564e-06 -0.000105959 -0.000406722 -0.00101057 0.000151353 -0.00047789 0.000560378 -0.00142954 -0.000154728 0.00132394 0.000105966 -0.000317286
internal_weight=22975 22209 21775 20790 766 116 985 19524 8219 11305 6600 8949 4823 1974 6975 2747 4228 1606 696 1266 625 1307
internal_count=22975 22209 21775 20790 766 116 985 19524 8219 11305 6600 8949 4823 1974 6975 2747 4228 1606 696 1266 625 1307
cat_boundaries=0 1 13 26 38 40 42 56 69 82 96 98 100 102 115 129 130 143 145
cat_threshold=96 0 65536 0 32768 65544 0 512 268484608 4 4 0 2621440 4214796 2249326592 3758100688 268444229 0 1024 0 1024 1024 2064 0 64 393218 0 0 0 0 32768 0 0 0 0 0 0 8 1048620 67596 522247848 318499 52428800 2361424 0 16 150994944 256 256 64 32768 4198402 1075970200 32785 8709 1 58785792 2361424 0 2097168 134218240 16777217 0 0 0 1095761920 1075839120 2147485952 9857 3221225488 8192 0 128 269500416 33554436 128 65536 71680 8422400 771756032 268440704 67143712 3221225488 24608 0 128 1083195456 33554432 128 0 65536 67142721 771751936 268440704 16384 16 320868864 295938 1619591184 73984 262468 131228 0 4096 0 0 0 0 0 8192 536903680 2625546 4096 16777748 2147483656 2392064 25166848 0 0 260 536871168 0 134283264 6144 131072 16842752 1048577 11567156 3 2 0 1024 1 0 0 536871168 0 65536 0 256 285212672 0 75497492 164107362 155820
is_linear=0
shrinkage=0.045


Tree=154
num_leaves=23
num_cat=21
split_feature=0 0 3 2 5 0 0 3 2 4 0 3 0 0 3 0 3 3 0 0 0 0
split_gain=1.65987 1.40357 2.70452 1.88718 1.2547 2.18815 1.93965 2.33497 1.78691 1.8425 1.39287 1.51972 2.36831 1.63439 1.38085 1.29069 1.65232 1.60766 1.18922 1.1269 1.02939 1.00621
threshold=0 1 2 3 3.9019216517693867 4 5 6 7 8 9 10 11 12 13 14 15 16 17 18 19 20
decision_type=9 9 9 9 10 9 9 9 9 1 9 9 9 9 9 9 9 9 9 9 9 9
left_child=-1 2 -2 -3 5 -5 7 -6 15 -10 14 13 -13 -12 -7 16 -8 18 -17 -19 -9 -11
right_child=1 3 -4 4 6 10 8 20 9 21 11 12 -14 -15 -16 17 -18 19 -20 -21 -22 -23
leaf_value=547.96528073562877 18.230620630983569 229.0316641117364 -12.953036229829788 -89.374862269357465 15.690382912460352 21.474427884428561 -0.8169305238974216 -111.47682777516847 -67.530296855323328 1.2942265584264196 -0.19151382787585647 23.950935595922029 -3.740020729375706 -25.18416563157712 -1.4945703341550023 -2.3019953323499198 111.19749974690279 -15.367693036461933 23.669387719117644 -0.65034812174504797 -6.0668873843489575 271.9259559321693
leaf_weight=219 758 476 1099 346 529 644 653 108 47 420 1642 813 1305 1821 745 1607 779 1191 2398 2932 1190 1253
leaf_count=219 758 476 1099 346 529 644 653 108 47 420 1642 813 1305 1821 745 1607 779 1191 2398 2932 1190 1253
internal_value=8.12771e-05 4.26917e-05 -0.00113884 0.000148271 8.21387e-05 -0.00038986 0.000345679 -0.0010106 0.000565888 0.00189665 -0.00021269 -0.000530216 0.00041831 -0.00110978 0.00105675 0.000324384 0.0015644 0.000103931 0.000744959 -0.000519105 -0.00203359 0.00215731
internal_weight=22975 22756 1857 20899 20423 7316 13107 1827 11280 1720 6970 5581 2118 3463 1389 9560 1432 8128 4005 4123 1298 1673
internal_count=22975 22756 1857 20899 20423 7316 13107 1827 11280 1720 6970 5581 2118 3463 1389 9560 1432 8128 4005 4123 1298 1673
cat_boundaries=0 12 25 27 28 41 55 57 58 59 73 75 88 102 104 117 119 121 134 148 160 172
cat_threshold=0 2148532224 80 2147484160 0 0 0 0 0 0 0 139360 4 1073809424 0 32768 1163272 16777216 640 268484608 32772 67109380 337772544 32776 1048582 1116934324 406008 96 2162696 16384 1 0 0 0 0 0 65536 2131200 8 2097152 20480 20975616 8224 536870912 0 3238003200 33554433 0 1207959616 536870912 151555 8388608 20453377 8388640 2 2316480592 66320 7 1 2151694336 33694720 2684354560 0 142606400 0 0 1207959552 0 2147631105 142610448 285216897 2097665 2 2856945364 268221 1107296256 4128 0 2105344 131332 536870912 0 65536 0 8388618 16777376 2308 2214625312 8683520 4164 0 129 524292 0 0 8192 536870912 1083183120 1610612736 2148533776 75505688 5 2287539268 54968 2162696 0 1073745920 21 131076 1028 0 1024 3072 1077412112 65568 1024 48256 2151878170 150292 1912080982 296837 0 2098176 0 8192 8913152 536875328 0 8192 0 32832 184549392 656 2214593032 2181038096 17174532 1 2097152 134217728 0 0 0 0 4194312 16777344 260 1 1 16777216 0 0 0 0 0 0 134217728 0 16385 8388608 17301505 0 5124 0 0 134217728 0 0 65536 0 2097152 0 16
is_linear=0
shrinkage=0.045


Tree=155
num_leaves=23
num_cat=21
split_feature=0 0 3 2 0 0 3 3 5 0 3 0 3 3 3 1 0 0 3 1 0 3
split_gain=2.0078 1.31688 1.1559 1.14224 1.47603 1.4652 2.51733 1.36953 1.21239 1.83418 1.9264 1.59234 2.68756 1.82378 1.42961 1.43792 1.37295 1.31821 1.18883 1.19597 1.17965 1.41992
threshold=0 1 2 3 4 5 6 7 3.8176519431297078 8 9 10 11 12 13 14 15 16 17 18 19 20
decision_type=9 9 9 9 9 9 9 9 8 9 9 9 9 9 9 9 9 9 9 9 9 9
left_child=-1 2 -2 4 -3 6 -5 -6 9 10 -7 12 -10 -13 17 -16 -14 -11 19 -8 21 -15
right_child=1 3 -4 5 7 8 18 -9 11 14 -12 13 16 20 15 -17 -18 -19 -20 -21 -22 -23
leaf_value=40.930929629091018 11.37291770254533 -82.951329932257465 -10.884932674765713 127.23329537733974 -29.32600468232642 -9.1033912352836044 -101.86186578308349 4.3942217294644514 65.01084496835108 -12.113422876482876 18.785363187774923 3.6865780012799787 -36.454619457688104 3.0097226725212614 -152.60055400109147 1.3896850353159835 18.641932173998526 -87.233226228573557 7.6792132615693856 45.392502747749518 -0.49407016559745609 -25.073962983874662
leaf_weight=932 221 160 858 1214 748 939 187 755 2058 664 891 3643 1002 449 127 1393 448 823 1758 130 2656 919
leaf_count=932 221 160 858 1214 748 939 187 755 2058 664 891 3643 1002 449 127 1393 448 823 1758 130 2656 919
internal_value=0.000122405 3.52983e-05 -0.001489 0.00011456 -0.00101284 0.000212267 0.00107558 -0.000555445 3.42613e-05 -0.000560756 0.000561889 0.000291894 0.00108409 -7.20795e-05 -0.00124164 -0.00026436 -0.000400137 -0.00223049 0.000118591 -0.00236626 -0.000731417 -0.0018
internal_weight=22975 22043 1079 20964 1663 19301 3289 1503 16012 4837 1830 11175 3508 7667 3007 1520 1450 1487 2075 317 4024 1368
internal_count=22975 22043 1079 20964 1663 19301 3289 1503 16012 4837 1830 11175 3508 7667 3007 1520 1450 1487 2075 317 4024 1368
cat_boundaries=0 13 26 28 29 42 55 57 59 73 75 88 90 92 94 96 109 122 124 126 140 142
cat_threshold=16842760 2148663296 1073741904 2147484225 4 512 0 134217792 0 18433 0 663649 69632 4 1073807376 0 0 114696 64 512 268485632 32772 67109380 270663680 8 32 2189594720 131216 1 2147516416 0 0 0 0 0 0 0 0 0 0 3072 16 2155921488 102760448 2952794240 4 0 0 0 0 525312 1073774864 4248 2147486848 131202 2224598104 32871 2182464600 153604 37748736 11268 0 2138112 143654976 0 128 1073807360 536870912 8523778 142606336 17826064 76021760 6 2870079536 402660 2359296 16794624 1 16 256 16780292 0 0 67584 3671040 1644232704 2097664 2141464 3923275962 90282 4197095634 402197 718965968 38712 557060 4 2359296 16777216 1 0 0 4 0 0 0 524288 0 0 42008 2097152 4096 0 0 655616 1024 0 8192 2048 5242888 0 36864 1044 537071618 8192 0 1024 4097 8661056 0 0 286392320 536871168 0 1073741824 536875008 4098 150994944 1048576 8389124 4 5260544 65632
is_linear=0
shrinkage=0.045


Tree=156
num_leaves=23
num_cat=18
split_feature=0 0 3 2 0 3 0 3 5 4 3 5 3 0 3 0 0 4 5 5 0 3
split_gain=2.2099 1.6194 1.68371 1.21691 2.30436 1.8144 0.868135 1.42411 0.854904 1.19765 0.993985 0.972792 0.899622 0.891788 0.811728 2.53138 1.90288 1.14878 2.02061 1.02022 0.935614 1.22794
threshold=0 1 2 3 4 5 6 7 3.7494348669884658 8 9 5.2600927804663344 10 11 12 13 14 15 4.9163179057820896 6.3707564150300433 16 17
decision_type=9 9 9 9 9 9 9 9 8 1 9 8 9 9 9 9 9 1 10 10 9 9
left_child=-1 2 -2 6 -5 -6 7 -3 12 -10 11 -11 -7 -12 16 -16 -8 18 -18 -19 21 -17
right_child=1 3 -4 4 5 8 14 -9 9 10 13 -13 -14 -15 15 20 17 19 -20 -21 -22 -23
leaf_value=137.81661439588567 1.1811528953961754 -15.943879152790794 -10.257905771852629 409.63875952815249 78.94184835119313 23.009767840389202 3.9903664601787163 17.533528056777438 -80.591284060695173 1.0595308890557553 -2.4571039242455912 -73.790310070434174 -68.301150385913346 67.389821612680521 46.333410635625036 -35.778941712197692 -1.3415065169948632 -6.0561192797188417 -90.202821869508881 110.15523945584438 0.68650446479814653 2.7479826279151331
leaf_weight=615 686 631 832 534 1149 207 2919 1387 47 273 369 138 425 956 1058 647 144 5749 64 234 3478 433
leaf_count=615 686 631 832 534 1149 207 2919 1387 47 273 369 138 425 956 1058 647 144 5749 64 234 3478 433
internal_value=0.000128281 5.43091e-05 -0.00135882 0.000157955 0.000851825 0.000432886 -1.23536e-05 0.000860099 -0.00026885 0.000234454 0.000429805 -0.00147872 -0.00168927 0.00102655 -0.000132514 0.000292644 -0.00039465 -0.000840803 -0.00411429 -0.000727067 -0.000169365 -0.00131868
internal_weight=22975 22360 1518 20842 4098 3564 16744 2018 2415 1783 1736 411 632 1325 14726 5616 9110 6191 208 5983 4558 1080
internal_count=22975 22360 1518 20842 4098 3564 16744 2018 2415 1783 1736 411 632 1325 14726 5616 9110 6191 208 5983 4558 1080
cat_boundaries=0 13 26 28 29 42 44 57 59 60 62 64 76 78 92 106 107 121 123
cat_threshold=553648128 2148532224 33554512 2147484177 0 2048 256 0 0 8192 8 665696 262144 68 1073809424 268435456 32768 49224 16777280 512 268485632 32772 67109636 841089024 8 2 3242266868 283320 7 2392064 69206016 1 0 0 0 0 0 0 0 16777216 2147483904 16896 2685954200 231680 2147549185 33685504 1073745920 268435524 268435456 1028 0 1207959552 1024 2148024400 4128 16777344 8423584 1076956186 111440 1 319161156 8 159646276 8768 0 9280 0 0 26279936 0 0 0 0 5130 0 1048576 2336291374 448654 2396168 10748928 1 0 2148532224 536871168 0 8192 6144 1073872899 16842768 1 2149585921 6 1073741840 4096 0 2105344 8913408 33558528 128 65536 0 11534336 1207959680 268469780 68182016 1 1 1073741824 4096 0 8320 0 33554432 0 65536 0 3145728 134217856 270533140 16900 1 344458320 561
is_linear=0
shrinkage=0.045


Tree=157
num_leaves=23
num_cat=19
split_feature=0 3 2 0 3 0 5 0 3 1 3 0 0 5 0 1 3 5 3 2 3 0
split_gain=1.65463 2.70483 2.35606 1.25758 1.43769 1.10544 1.00245 2.11993 1.36557 1.13362 1.0425 2.10905 1.22083 1.09842 1.03957 0.951075 1.56052 0.995669 0.864527 0.832284 1.14814 1.14601
threshold=0 1 2 3 4 5 5.344720891341141 6 7 8 9 10 11 2.602003343538398 12 13 14 3.1132683346437333 15 16 17 18
decision_type=9 9 9 9 9 9 10 9 9 9 9 9 9 10 9 9 9 10 9 9 9 9
left_child=1 2 15 4 5 -2 10 -8 9 -9 11 13 18 -5 -13 16 -1 -17 -12 20 -14 -21
right_child=3 -3 -4 6 -6 -7 7 8 -10 -11 12 14 19 -15 -16 17 -18 -19 -20 21 -22 -23
leaf_value=44.880882072696636 -14.951285572784412 99.487476556291384 584.36260124739567 45.465221262651959 -11.524739422438195 24.804020925241684 60.058351497839084 4.0419460019644911 7.1703205136913564 -38.715153798438472 -2.1045034202678736 39.618812209063329 -5.3919045532864249 -48.579182937845694 -1.7773112605116692 -119.65300713150317 -76.772880342015 13.244669060494417 21.122728070474139 -16.26331619538529 45.465599013214103 -1.0149154084114014
leaf_weight=126 136 1389 237 70 830 392 999 122 1960 193 696 215 1177 507 1354 58 311 359 1329 624 1351 8540
leaf_count=126 136 1389 237 70 830 392 999 122 1960 193 696 215 1177 507 1354 58 311 359 1329 624 1351 8540
internal_value=9.69449e-05 0.00119181 -0.000485494 -3.6207e-05 -0.00135328 0.000483333 5.8045e-05 0.000774725 9.83838e-06 -0.00268349 -8.99147e-05 -0.00100927 5.47383e-05 -0.00330815 -0.000145161 -0.00159007 -0.00303675 -3.14684e-05 0.00107143 -0.000122266 0.000598819 -0.000321709
internal_weight=22975 2480 1091 20495 1358 528 19137 3274 2275 315 15863 2146 13717 577 1569 854 437 417 2025 11692 2528 9164
internal_count=22975 2480 1091 20495 1358 528 19137 3274 2275 315 15863 2146 13717 577 1569 854 437 417 2025 11692 2528 9164
cat_boundaries=0 13 15 16 30 32 43 56 58 60 62 75 88 101 103 105 107 108 110 123
cat_threshold=2147500032 2184577024 1073746128 2415927877 0 536871937 0 134217728 0 2048 0 2148147296 131072 191090690 92792 7 68 65552 268435456 32768 1097800 16777280 128 268493824 4 67109636 572653568 8 0 4 1074926772 26808 0 65536 0 0 72 0 0 16384 4 0 33554432 1109688320 92275748 1 0 524544 256 0 0 0 2641920 67108864 1049604 2214642176 587243524 16417 4096 11 101715232 297986 2129920 25165860 0 0 134217728 0 0 0 536872960 524296 268435584 1083412 41508 16842752 1073745920 2147483648 16 2566980096 0 256 0 6144 1090519041 168 36880 8925315 0 9216 1 0 131328 0 0 0 1024 3145728 16777216 2097280 2048 0 1024 33570816 65648 2164834376 156201 240 1611076290 82668 1 0 67108865 0 256 4096 512 64 8 2097152 67174400 3145728 1049088
is_linear=0
shrinkage=0.045


Tree=158
num_leaves=23
num_cat=19
split_feature=0 0 3 5 3 2 0 0 3 3 0 2 3 3 5 3 0 0 3 5 0 0
split_gain=1.68183 1.33489 1.43091 1.18454 1.01427 0.991947 2.07846 1.46935 2.41543 1.2594 0.942362 1.26039 1.04898 0.924545 1.05247 0.908882 2.04721 2.03442 1.28474 1.18119 1.15723 0.978613
threshold=0 1 2 5.0205801788306017 3 4 5 6 7 8 9 10 11 12 4.6001450180613412 13 14 15 16 5.0657496176235997 17 18
decision_type=9 9 9 8 9 9 9 9 9 9 9 9 9 9 10 9 9 9 9 10 9 9
left_child=3 2 -2 4 -1 6 -3 8 10 -8 11 12 -7 14 -12 16 18 -17 19 -9 -20 -18
right_child=1 5 -4 -5 -6 7 9 15 -10 -11 13 -13 -14 -15 -16 17 21 -19 20 -21 -22 -23
leaf_value=97.856902063314948 1.2232058530559902 -50.117518359960272 -10.516153548430649 277.0147500611792 -9.8307968934574284 -107.73900487790426 -25.562607216858158 -27.096985566156686 52.25421196988691 11.120784234438647 -85.189930189807768 285.27755909876089 -34.66795917390332 41.874585044659035 142.54141687400983 18.348213679004317 5.680570711793143 -1.2273074729663833 35.494130061905224 -53.774180272406319 -21.016820539893274 -1.926235243914207
leaf_weight=218 581 263 750 547 603 128 660 444 2590 760 131 136 382 848 73 2342 2268 4333 348 90 667 3813
leaf_count=218 581 263 750 547 603 128 660 444 2590 760 131 136 382 848 73 2342 2268 4333 348 90 667 3813
internal_value=0.000100862 3.53872e-06 -0.00137044 0.00162391 0.000552248 9.44895e-05 -0.000947787 0.000189385 0.000918837 -0.000251396 -0.0004 -0.00173708 -0.00275862 0.000431391 -0.00220833 -2.98594e-05 -0.000365087 0.000353298 -0.00181903 -0.00359341 -0.00085443 8.12424e-06
internal_weight=22975 21607 1331 1368 821 20276 1683 18593 4288 1420 1698 646 510 1052 204 14305 7630 6675 1549 534 1015 6081
internal_count=22975 21607 1331 1368 821 20276 1683 18593 4288 1420 1698 646 510 1052 204 14305 7630 6675 1549 534 1015 6081
cat_boundaries=0 13 27 29 31 32 45 58 60 62 75 76 78 80 82 95 108 110 122 136
cat_threshold=2097153 2184314880 1073746128 2147484229 0 16777216 512 0 2048 2048 0 663649 1180160 84 1073807376 0 0 17874952 64 0 268493824 32772 67109636 539099136 8 2 4 156303604 19368 152569378 155648 1 2147516416 0 0 0 260 0 0 0 0 0 0 2147486848 16 2156183552 67108928 2952790016 0 268435520 1024 0 0 525312 1091043344 4248 2147486848 10518672 2036799622 420232 2181481564 30720 2147483648 67108928 0 0 0 1024 0 0 0 0 0 2147483648 8388608 6 537006080 155648 1076103298 8448 526444068 101614 69632 8653856 67108864 32912 65536 536871169 256 134217728 4096 147457 360775680 18878464 67109892 0 8653856 1 0 2281766912 536871168 0 134217728 536875008 5390337 469827584 18879232 67111940 318775328 98472 65536 1056 0 0 0 256 0 134217728 0 1 16777216 16777216 33554432 20484 0 8192 655620 4100 0 1073741824 0 10518624 1073741824 20 2147504136 3
is_linear=0
shrinkage=0.045


Tree=159
num_leaves=23
num_cat=20
split_feature=0 2 3 0 3 1 0 5 3 0 1 3 5 3 0 0 3 0 1 3 0 0
split_gain=1.75759 2.63932 2.71018 1.35202 1.8417 1.33694 1.11679 0.952844 1.85289 1.43634 0.952073 0.937653 0.885438 0.812739 2.52629 1.55283 1.52416 1.2172 0.840086 0.979229 2.90847 1.9897
threshold=0 1 2 3 4 5 6 5.344720891341141 7 8 9 10 3.4175922930736511 11 12 13 14 15 16 17 18 19
decision_type=9 9 9 9 9 9 9 10 9 9 9 9 8 9 9 9 9 9 9 9 9 9
left_child=1 2 5 4 6 11 -2 13 9 -9 -10 -1 -7 14 -5 16 -15 -16 -17 21 -21 -20
right_child=3 -3 -4 7 -6 12 -8 8 10 -11 -12 -13 -14 15 17 18 -18 -19 19 20 -22 -23
leaf_value=-15.589333299709649 -4.4532459267279503 685.7144230657326 103.34815723283378 -29.486152034693134 -8.3989818147354907 -305.28696195869622 13.977936117115918 111.01761644242632 -34.835114656069848 6.9811751512937352 0.21813827227040397 -91.771935046705934 52.784146696661708 -1.1344576352533386 23.527724111152242 -30.505735578973823 38.354665880415475 -3.0675751286668955 -34.166628393031488 -12.995617741400293 13.925137038746289 -0.88413502553328893
leaf_weight=218 104 626 888 818 851 38 444 753 228 1028 1256 245 344 871 441 330 1386 2050 835 1700 3119 4402
leaf_count=218 104 626 888 818 851 38 444 753 228 1028 1256 245 344 871 441 330 1386 2050 835 1700 3119 4402
internal_value=7.14847e-05 0.00123176 0.000317192 -6.19545e-05 -0.00140645 -0.0014965 0.000626786 3.67415e-05 0.000736915 0.00170915 -0.000439171 -0.00309789 0.000479696 -0.000106619 -0.000733062 5.79614e-05 0.0011245 -1.61804e-05 -0.000174841 -0.000100119 0.000362347 -0.000525528
internal_weight=22975 2359 1733 20616 1399 845 548 19217 3265 1781 1484 463 382 15952 3309 12643 2257 2491 10386 10056 4819 5237
internal_count=22975 2359 1733 20616 1399 845 548 19217 3265 1781 1484 463 382 15952 3309 12643 2257 2491 10386 10056 4819 5237
cat_boundaries=0 13 14 16 30 32 34 48 50 63 65 67 69 82 95 97 111 112 114 127 141
cat_threshold=2097152 2184577024 1073746128 2147484165 0 256 0 0 5120 2049 65536 2148147296 131072 7 792973824 158424 64 1073807376 268435456 64 16842824 16777280 0 268493824 32772 16644 805437440 4104 8388610 4 3402207332 22784 0 1024 0 65536 0 0 16777216 64 0 16384 0 256 0 0 0 4 2157581680 404382 1074036736 67109892 1 0 134250496 0 0 0 0 2625536 67112960 1048580 2147516936 278528 1600 167789056 2256 108006752 3082 1073741824 16777252 0 0 268435712 536870912 128 65536 2048 525314 16777344 3181056 2147525124 81924 16781312 2147483648 16 2415919620 536870912 384 0 67584 1536 168 270567952 2105505 428654600 164481 2155872256 67118080 536870913 8192 131076 0 0 0 0 1076887552 4096 128 2048 3 268698627 2281845392 471092 2181038080 67120228 536870912 128 9961472 1024 0 0 536870912 1183744 41943040 1024 19204 1082392576 8388608 536870913 2105344 0 33554432 512 134217728 0 1076363296 1210056720 16777349 16384 3
is_linear=0
shrinkage=0.045


Tree=160
num_leaves=23
num_cat=19
split_feature=0 2 3 0 3 5 3 0 3 4 0 0 3 0 0 3 3 3 3 0 5 5
split_gain=1.70283 2.67931 3.11392 1.26563 1.60961 1.01664 1.97803 1.69111 1.32521 0.993327 3.2298 2.6522 2.35326 2.3762 2.17345 1.87318 1.66979 1.55714 1.43871 1.3036 1.02746 1.48223
threshold=0 1 2 3 4 5.344720891341141 5 6 7 8 9 10 11 12 13 14 15 16 17 18 2.524928003624769 3.4498615536424366
decision_type=9 9 9 9 9 10 9 9 9 1 9 9 9 9 9 9 9 9 9 9 8 8
left_child=1 2 -1 4 -2 9 -7 8 -8 11 17 16 13 -12 18 19 -5 -11 20 -13 -14 -22
right_child=3 -3 -4 5 -6 6 7 -9 -10 10 12 15 14 -15 -16 -17 -18 -19 -20 -21 21 -23
leaf_value=-24.940231085825602 3.0422368474452983 575.26061053146248 51.696665479651159 -16.644537599390237 -10.106710989364517 65.812343342069013 92.788361250828771 -4.7463110912960707 -10.778240077075706 0.66698192663302958 -33.799019075569767 -4.1044038552168782 183.33387461714247 -0.53392739260321842 13.797533354466932 5.5216587667935544 118.05462283613979 -70.50890736028272 3.4573003918934817 -59.959630787900572 -54.490505915899057 -26.374676960653336
leaf_weight=868 530 587 910 338 966 1201 489 1248 414 240 1754 723 45 3235 2809 2378 1456 648 769 662 94 611
leaf_count=868 530 587 910 338 966 1201 489 1248 414 240 1754 723 45 3235 2809 2378 1456 648 769 662 94 611
internal_value=6.16923e-05 0.00120215 0.000321788 -6.98282e-05 -0.00132493 2.91751e-05 0.000740608 -8.11371e-05 0.0013918 -0.000122177 -0.000385764 0.000361846 -0.00013651 -0.000801739 0.000630415 -0.000318278 0.00177907 -0.00296 -0.000737753 -0.0016267 -0.00212598 -0.00257779
internal_weight=22975 2365 1778 20610 1496 19114 3352 2151 903 15762 10205 5557 9317 4989 4328 3763 1794 888 1519 1385 750 705
internal_count=22975 2365 1778 20610 1496 19114 3352 2151 903 15762 10205 5557 9317 4989 4328 3763 1794 888 1519 1385 750 705
cat_boundaries=0 13 14 16 30 32 34 47 49 50 63 77 79 92 106 108 110 112 114 127
cat_threshold=2147504152 2184314880 1073746128 2415919621 0 0 0 64 0 1073743888 0 2148149344 131072 7 2875413026 289560 68 65552 2415919104 32832 65600 16777280 0 268493824 32772 67109125 1914830848 8 8388608 4 3369145572 411688 2153255264 404372 2129920 83894276 0 0 557312 0 0 65536 536870912 524288 134217728 1049860 2147516940 25314320 69664 2 2359296 8388608 0 2097152 32768 4353 640 0 0 6815744 8388608 1048580 53760 2359296 92276768 0 2097152 135266304 1280 0 0 1024 15237152 0 1049860 2147531394 1 2272871908 72908 37748736 16787492 1 0 404357376 536870912 0 0 536877056 37888 134217776 1281 2147493922 1082163200 67110912 0 8208 151519244 1024 0 0 525312 8405000 16777216 285213328 2060 1 1652724562 17056 37749378 246528 1094857218 25096 939696146 270339 32768 0 1 0 8912896 536870912 0 1073741824 536870912 8 0 2130448 28
is_linear=0
shrinkage=0.045


Tree=161
num_leaves=23
num_cat=17
split_feature=0 2 3 0 3 3 0 0 0 5 5 3 3 0 3 5 5 0 5 0 3 4
split_gain=2.01829 2.18618 2.10279 1.56217 2.37291 0.887171 3.08484 2.6026 1.33597 1.29109 1.48127 1.21618 1.04423 1.00495 1.25255 0.989471 0.982802 0.857797 0.890161 0.848195 0.823545 0.809245
threshold=0 1 2 3 4 5 6 7 8 2.8029010331479989 1.7005986908310777 9 10 11 12 2.6735537653587347 5.6507317092149298 13 4.2696729980286863 14 15 16
decision_type=9 9 9 9 9 9 9 9 9 8 10 9 9 9 9 8 10 9 8 9 9 1
left_child=1 2 17 4 19 6 9 20 11 10 -5 -8 -11 14 -9 -13 -17 18 -1 -2 -7 -6
right_child=3 -3 -4 5 21 7 8 13 -10 12 -12 15 -14 -15 -16 16 -18 -19 -20 -21 -22 -23
leaf_value=-102.19012945828251 -32.316129009616262 538.63253281011066 34.029526410332181 152.22969780899015 -1.865829865351659 82.650997944675694 3.3390072934758788 -14.145887388473804 -4.133727338217521 -0.19132492335371859 -89.398764348974154 61.353329328721948 42.757822416922473 1.7020457354563783 1.8714261374372496 -51.698545000624897 85.982940593257538 23.122942596167753 -16.937865797736087 74.806977476882977 4.9107287309108596 -31.300297300328964
leaf_weight=140 108 609 1605 39 402 1205 230 1987 4634 631 65 49 1290 5946 1414 528 74 171 292 314 977 265
leaf_count=140 108 609 1605 39 402 1205 230 1987 4634 631 65 49 1290 5946 1414 528 74 171 292 314 977 265
internal_value=0.000126322 0.00125186 0.000583784 -3.16805e-05 -0.00167984 6.34402e-05 -0.00031581 0.000311542 -0.000867107 0.00118189 -0.00365094 -0.00246417 0.0014532 -1.58669e-05 -0.000631556 -0.00345475 -0.00400828 -0.00166098 -0.00271622 0.000953917 0.00170647 -0.00333358
internal_weight=22975 2817 2208 20158 1089 19069 7540 11529 5515 2025 104 881 1921 9347 3401 651 602 603 432 422 2182 667
internal_count=22975 2817 2208 20158 1089 19069 7540 11529 5515 2025 104 881 1921 9347 3401 651 602 603 432 422 2182 667
cat_boundaries=0 13 14 16 29 31 33 46 60 74 76 78 91 93 106 119 121 122
cat_threshold=16 2192703488 1073746128 2149581317 0 0 640 64 0 657408 32 2148147296 36864 7 692262916 166168 68 1073807360 2415919104 64 17891392 16777536 0 268493824 32772 5 537001984 4104 8519682 3407512688 2336 386246148 285767 1073811456 16793600 0 8192 411058440 33555456 0 134283264 2048 15728656 1073741824 2100864 67125248 2212806656 67108944 536870912 144 131584 0 0 0 0 1073741824 2162704 286261248 2106024 3 58982408 67108944 536870913 16 0 0 0 1073741824 0 256 10551320 286261248 8708 5 33653248 64 33562628 6209 1073745920 20516 0 0 1216397576 33554433 0 134283264 65536 79691856 1358954496 1152 67125504 139989232 106552 16 8388608 0 4 0 0 0 0 0 524288 0 2147483648 36864 0 65536 0 0 16777216 0 0 16384 4 1 0 0 2 1079513584 204960 4
is_linear=0
shrinkage=0.045


Tree=162
num_leaves=23
num_cat=18
split_feature=0 2 3 1 0 3 3 0 0 3 0 0 3 5 0 5 5 5 1 0 3 0
split_gain=1.69227 2.29871 2.11126 1.89499 1.41843 2.50136 0.785686 2.72845 1.30014 1.85658 1.02333 0.937073 1.34179 0.799998 0.780567 0.758782 0.737586 0.729563 0.728878 0.727493 0.710425 0.822259
threshold=0 1 2 3 4 5 6 7 8 9 10 11 12 2.1383330595080281 13 2.9174053685313028 4.7578820629520608 3.4498615536424366 14 15 16 17
decision_type=9 9 9 9 9 9 9 9 9 9 9 9 9 10 9 10 10 8 9 9 9 9
left_child=1 2 -1 -4 5 -2 7 -6 9 15 20 12 13 -10 -15 -8 -12 -5 -13 -14 -9 -22
right_child=4 -3 3 17 6 -7 8 10 11 -11 16 18 19 14 -16 -17 -18 -19 -20 -21 21 -23
leaf_value=93.889341306604621 6.3905207857220523 639.47492584761494 -64.867637058613269 -183.9851235484345 46.400893786927099 -10.173882803418129 -1.0428654823003507 -0.14628138093471574 109.49374095429341 -4.2811698219159489 -0.34445857947925712 -76.728047871214613 -1.1447550938708519 20.015829936185135 -18.592625040886869 48.13166292823324 16.293634542991931 43.654527932678988 -0.50541589985776547 -59.092426173421806 -2.9172554498672225 -44.329487975313072
leaf_weight=861 488 587 518 79 1361 654 181 573 75 748 2143 119 257 259 441 1107 940 408 10067 537 231 341
leaf_count=861 488 587 518 79 1361 654 181 573 75 748 2143 119 257 259 441 1107 940 408 10067 537 231 341
internal_value=0.000114571 0.0012286 0.000445687 -0.000951327 -1.92849e-05 -0.00155199 7.1937e-05 0.000521425 -0.000110519 0.000936035 -4.45753e-05 -0.000292555 -0.00131214 2.85897e-05 -0.000448718 0.00196615 0.000382391 0.00105511 -0.000134144 -0.00260174 -0.00118626 -0.00229623
internal_weight=22975 2453 1866 1005 20522 1142 19380 5589 13791 2036 4228 11755 1569 775 700 1288 3083 487 10186 794 1145 572
internal_count=22975 2453 1866 1005 20522 1142 19380 5589 13791 2036 4228 11755 1569 775 700 1288 3083 487 10186 794 1145 572
cat_boundaries=0 14 15 17 19 32 34 36 50 63 65 78 92 94 105 107 121 123 135
cat_threshold=18874368 2190606336 3221229776 2147484165 0 0 640 64 0 526336 0 2148147296 0 2 7 3258713720 69669 0 1024 68 65552 268435456 64 1114176 16777536 0 402711552 32772 5 537001984 268439560 131074 3390641168 18568 4038742472 368896 1074036744 69206016 0 2105344 131076 536871936 0 0 1024 10667010 65680 3145728 2132020 1 2151698432 1090519044 1 128 268451840 6145 0 0 2048 1074790512 1073745920 3604 1077504 151102000 16636 2160070656 16779268 0 0 276840448 33554432 0 65536 0 1074790736 83890176 16778260 21761 262161 2113536 0 8192 3238035972 0 256 0 8 2098690 304152728 1048576 10485764 4 218202116 151612 1 16384 0 0 32772 0 0 0 0 2 268435584 268435459 16 16 2097152 0 8192 0 0 0 0 0 1024 2162704 1048576 0 4 1890193472 262144 8388608 16777216 0 0 0 33554432 0 0 0 0 83890176 16778260
is_linear=0
shrinkage=0.045


Tree=163
num_leaves=23
num_cat=20
split_feature=0 2 3 0 3 5 0 3 0 3 0 3 3 0 0 3 3 0 0 0 3 5
split_gain=1.95604 2.29665 2.40678 1.53989 1.99356 0.909723 1.57939 1.54785 1.48755 1.99026 1.16173 1.15857 1.13652 1.59482 1.40848 1.8973 1.24776 1.6716 1.35084 0.992727 2.15462 1.65872
threshold=0 1 2 3 4 4.1510089048756029 5 6 7 8 9 10 11 12 13 14 15 16 17 18 19 5.344720891341141
decision_type=9 9 9 9 9 10 9 9 9 9 9 9 9 9 9 9 9 9 9 9 9 10
left_child=1 2 -1 4 -2 8 11 10 9 -5 -8 -7 13 -10 15 -14 17 -16 -18 20 21 -9
right_child=3 -3 -4 5 -6 6 7 19 12 -11 -12 -13 14 -15 16 -17 18 -19 -20 -21 -22 -23
leaf_value=109.79202969222709 5.047244386654504 629.01494494866949 -20.689732926808372 -3.9893758252940463 -10.650357285038869 0.11545502949321181 106.87913225699094 -106.11909257212719 56.249962826995052 21.598617331590017 1.7356443749804231 49.075839272840931 -52.790653793380557 -2.6659607699762291 -5.3947311361683026 10.446718798596418 6.4096645045108671 -49.054912980120292 -15.385673535782653 0.38746577119811398 -0.81885124741881044 11.040811313482903
leaf_weight=601 460 587 1066 880 635 668 367 168 465 982 796 1214 482 984 545 1600 703 786 1784 6408 732 62
leaf_count=601 460 587 1066 880 635 668 367 168 465 982 796 1214 482 984 545 1600 703 786 1784 6408 732 62
internal_value=8.32356e-05 0.00133848 0.00047439 -5.40441e-05 -0.00168699 3.80387e-05 0.00032615 6.47749e-05 -0.000287691 0.000845251 0.0015817 0.00150158 -0.000575261 0.000551335 -0.000852503 9.0258e-05 -0.00136527 -0.00247617 -0.000761704 -0.000176781 -0.0015154 -0.00520661
internal_weight=22975 2254 1667 20721 1095 19626 10415 8533 9211 1862 1163 1882 7349 1449 5900 2082 3818 1331 2487 7370 962 230
internal_count=22975 2254 1667 20721 1095 19626 10415 8533 9211 1862 1163 1882 7349 1449 5900 2082 3818 1331 2487 7370 962 230
cat_boundaries=0 13 14 16 29 31 45 47 60 62 75 77 79 92 105 107 109 123 136 149 151
cat_threshold=6307848 2182217728 1073746128 2415919621 3221225984 0 0 0 8 2147485696 8 2148147296 4096 7 1836152 69925 68 1073807376 2415919104 64 1114176 16777537 128 268461056 32772 517 1073872896 8 131074 3365438512 18952 33882128 25167936 0 16 131076 536876032 0 134217728 3072 1076363280 33620000 1280 50816 1 1923614912 34048 16777216 2106372 536870912 8192 268451848 33554432 256 64 536870912 1228800 536875152 16783493 69206052 1811199076 144388 1073774592 67108864 1 0 134250496 0 0 0 0 4194312 128 3145744 2147483668 2198144046 22548 2435870988 139330 3221258240 32 0 0 134217984 536871936 0 0 0 13107202 268435456 3179264 2147516416 8388608 67115072 0 2097280 524292 1028 0 1073774592 528384 4186 153092096 2097424 1051393 1644266640 2560 235670112 334096 3221225472 16777248 0 0 131072 0 0 0 1024 8389632 100663296 1049088 24 3 2181332992 0 1 32768 142606592 0 0 134283264 2048 1140850944 268435456 269484032 533504 2164260864 9220 0 0 285245440 33554432 0 0 0 180224 538968080 17829889 67108868 16908320 76456
is_linear=0
shrinkage=0.045


Tree=164
num_leaves=23
num_cat=19
split_feature=0 0 3 2 0 2 0 3 0 4 3 5 3 5 0 3 0 0 3 0 3 5
split_gain=1.90517 1.45864 2.59107 1.12653 1.12094 0.97304 2.23609 2.09163 1.98313 1.76578 1.41064 1.23737 1.65101 1.20768 1.14056 1.0269 2.52593 2.46019 1.27197 1.01366 0.994405 1.1336
threshold=0 1 2 3 4 5 6 7 8 9 10 5.344720891341141 11 4.0163424379838117 12 13 14 15 16 17 18 3.8393944990995772
decision_type=9 9 9 9 9 9 9 9 9 1 9 10 9 8 9 9 9 9 9 9 9 8
left_child=-1 2 -2 -3 -5 8 7 -7 13 -8 14 15 -13 -6 20 17 -17 18 -11 -14 -10 -22
right_child=1 3 -4 4 5 6 9 -9 10 11 -12 12 19 -15 -16 16 -18 -19 -20 -21 21 -23
leaf_value=115.740085751942 17.18212103207529 167.73617609971453 -10.391314826059714 -158.2236796843174 -10.085553561728309 -25.771699429110384 -75.861926481723444 149.54088186778418 61.197832071059743 -7.0289008464977627 1.5642841381170343 91.393205358936896 86.097850217474388 -163.59668937226442 -27.294656578913798 32.905282963817641 -1.7042852101360444 0.82342915139939743 -64.347745853426915 -4.995938016065498 30.978420466322426 -18.394668871820098
leaf_weight=421 507 590 757 141 127 331 204 1244 397 1114 3203 1094 218 111 1229 1591 3954 3886 556 846 152 302
leaf_count=421 507 590 757 141 127 331 204 1244 397 1114 3203 1094 218 111 1229 1591 3954 3886 556 846 152 302
internal_value=6.75677e-05 1.07686e-05 -0.00146708 9.92866e-05 4.34532e-05 7.19704e-05 0.000259535 0.00185728 -0.00043837 7.11319e-05 -0.000252408 0.000135397 0.00112083 -0.004356 -0.00116157 -5.6336e-05 0.000376552 -0.000488146 -0.00192628 -0.000150557 0.000109502 -0.0013133
internal_weight=22975 22554 1264 21290 20700 20559 15038 1575 5521 13463 5283 13259 2158 238 2080 11101 5545 5556 1670 1064 851 454
internal_count=22975 22554 1264 21290 20700 20559 15038 1575 5521 13463 5283 13259 2158 238 2080 11101 5545 5556 1670 1064 851 454
cat_boundaries=0 13 26 28 29 41 42 55 57 69 70 72 74 87 89 103 117 119 132 134
cat_threshold=16777216 2148532224 80 2147484160 2147483648 512 0 0 134217736 2147483648 40 139361 65536 68 1073809424 2415919104 64 1114176 16777536 128 268461056 32772 5 1610612736 4104 131074 3390903476 133640 96 0 0 0 0 0 0 0 0 0 0 0 2621440 3 48267272 33685568 536875136 21 8 33554432 0 0 2048 8192 0 2147485824 524288 1090623490 11016 6324224 131072 536870912 4 0 0 0 0 0 0 201326592 2048 1 2440220756 336980 14201200 328596 2147483648 4096 0 0 131076 0 0 0 536870912 256 16781456 2147517956 33 1316302640 135231 262160 0 0 2105344 8388864 536870912 0 1207959552 1024 2100226 486539264 16777476 69252240 7 262160 8405024 0 2105344 0 536870913 512 134217728 1024 69735682 276889600 17825796 2214625296 5 1057328 135196 0 83886080 0 0 8912896 0 0 0 0 524288 0 0 33300 2147516432 65556
is_linear=0
shrinkage=0.045


Tree=165
num_leaves=23
num_cat=19
split_feature=0 2 3 5 0 0 3 3 0 3 0 0 0 5 5 0 0 3 0 3 1 0
split_gain=1.8897 2.28719 1.90671 1.19694 1.80303 1.64763 1.8269 1.61325 1.69426 1.41342 2.51363 1.3189 1.17509 1.15342 1.00498 0.965435 0.956888 0.947299 0.899777 0.891997 1.80742 1.61517
threshold=0 1 2 4.1510089048756029 3 4 5 6 7 8 9 10 11 2.1383330595080281 3.9415346756528771 12 13 14 15 16 17 18
decision_type=9 9 9 10 9 9 9 9 9 9 9 9 9 8 8 9 9 9 9 9 9 9
left_child=2 -2 14 5 17 6 18 8 -7 12 -11 -9 -6 -8 -1 -4 -12 -5 -3 20 -13 -21
right_child=1 3 15 4 9 7 13 11 -10 10 16 19 -14 -15 -16 -17 -18 -19 -20 21 -22 -23
leaf_value=93.542366196219959 222.15512327596801 -14.214489622787086 -4.9425255768252825 138.65473213011467 -8.645182290345458 -2.8564338098249 109.86440937907915 4.9084582920709261 23.9548421906266 -4.2422063083062298 78.835287315464399 45.1204525788662 1.2520561248314801 -87.338720848143168 -3.1249532757383069 -22.401200749962733 13.266845824391924 16.25496696654977 7.5171900842794077 9.273965866341408 -64.278739275187505 -16.505558372331727
leaf_weight=253 605 127 370 596 1724 914 67 1299 1213 1371 721 219 3151 712 421 428 3224 687 645 1361 886 1981
leaf_count=253 605 127 370 596 1724 914 67 1299 1213 1371 721 219 3151 712 421 428 3224 687 645 1361 886 1981
internal_value=7.34432e-05 0.000180502 -0.00147978 0.000100718 0.000409376 -0.000274984 -0.0016094 -9.7018e-06 0.00104558 0.000207733 0.000714527 -0.000401702 -0.000345304 -0.00313464 0.00028863 -0.00295556 0.00129075 0.00199112 -4.59182e-05 -0.000770016 -0.00187332 -0.000399821
internal_weight=22975 21503 1472 20898 11474 9424 1551 7873 2127 10191 5316 5746 4875 779 674 798 3945 1283 772 4447 1105 3342
internal_count=22975 21503 1472 20898 11474 9424 1551 7873 2127 10191 5316 5746 4875 779 674 798 3945 1283 772 4447 1105 3342
cat_boundaries=0 13 14 16 29 42 44 46 60 62 76 89 103 116 130 132 145 147 149 162
cat_threshold=4194368 65552 2147483648 64 2148630600 50331712 128 268461056 32772 5 268435456 16781320 135170 96 2191234068 150152 2424832 41943104 536870912 2097685 131076 5120 0 134217728 2048 1076365328 1073807392 3072 17536 2424840 1132478560 1 16 131072 0 512 0 67584 1075841536 167772200 2097152 582160 3951186480 25140 2220108202 492386 2155872256 2052 0 8192 143130624 536870912 0 65536 536870912 8912898 603983872 36112 2214594572 1 520349476 481370 2147487744 9220 0 8192 276824320 536870912 512 0 0 8568896 184680592 3703425 67108864 4 2155872261 132096 1610616832 8193 134234112 0 0 134283264 536870912 9617680 4096 5 8390692 1107296272 86251524 1 0 419430400 0 0 65536 536870912 5120 67108880 3146004 8709 3 0 65536 0 64 1114120 33554496 0 17408 4 0 268435456 0 4098 33587216 84150272 4096 0 16777216 2048 0 0 0 1024 4096 260 8720 1 672679456 94368 262152 64 0 0 0 0 0 0 0 2097152 0 0 49152 1134563844 10241 1074041260 65536 0 14340 0 128 524288 0 0 1073774592 0 4722754 614465536 2416968848 67110017
is_linear=0
shrinkage=0.045


Tree=166
num_leaves=23
num_cat=19
split_feature=0 2 3 0 0 3 5 3 0 0 3 0 3 5 0 3 0 5 0 0 3 1
split_gain=1.93045 1.75254 1.69287 1.13555 1.09943 1.07692 0.957807 0.968345 2.03323 1.38899 1.49342 1.09415 0.951979 0.922658 0.799193 1.58861 0.753338 0.715637 0.698163 0.673244 1.95308 0.868143
threshold=0 1 2 3 4 5 6.2924942092024017 6 7 8 9 10 11 3.9019216517693867 12 13 14 3.5972184255501678 15 16 17 18
decision_type=9 9 9 9 9 9 10 9 9 9 9 9 9 8 9 9 9 10 9 9 9 9
left_child=2 17 18 -4 5 13 7 8 -6 10 11 -9 -8 -3 -12 -16 -15 -2 -1 20 21 -11
right_child=1 4 3 -5 6 -7 12 9 -10 19 14 -13 -14 16 15 -17 -18 -19 -20 -21 -22 -23
leaf_value=-60.468797405499572 88.992066192162156 -44.15436086244334 4.3196068916030228 -5.8330088567969689 46.423744475392084 36.332521057419932 63.013594322182314 -0.37859532051272476 -0.85779839245564882 22.033895626361531 14.439278139746216 -31.375986539821582 0.38024629716247887 -52.092612686363147 -66.134183482525756 31.767789759942325 52.121091626932845 632.55856440631715 -4.4855605199330544 -0.96172110504571351 27.981605810060792 -20.870388030312785
leaf_weight=251 279 146 685 361 1164 713 465 368 2040 256 575 690 471 111 421 236 210 324 232 9873 1962 1142
leaf_count=251 279 146 685 361 1164 713 465 368 2040 256 575 690 471 111 421 236 210 324 232 9873 1962 1142
internal_value=0.000104779 0.000215165 -0.00143381 -0.000399811 0.000145217 0.00147232 6.4727e-05 -5.52602e-06 0.000705224 -0.000152655 -0.00117289 -0.00240561 0.00146802 -0.000216075 -0.000101286 -0.00116368 0.00112848 0.00258293 -0.00360909 2.4802e-05 0.000573844 -0.00070851
internal_weight=22975 21446 1529 1046 20843 1180 19663 18727 3204 15523 2290 1058 936 467 1232 657 321 603 483 13233 3360 1398
internal_count=22975 21446 1529 1046 20843 1180 19663 18727 3204 15523 2290 1058 936 467 1232 657 321 603 483 13233 3360 1398
cat_boundaries=0 13 14 16 29 43 45 47 61 75 77 91 93 107 109 113 126 139 141 143
cat_threshold=16 65552 0 0 2165407756 50331712 128 268461056 32780 5 1342308352 268435464 151552 96 2818851426 67632 16 0 0 0 1081348 33554432 128 8192 32768 1 1342308352 268435456 147456 1 2207383552 1073746128 533 0 2048 0 134250496 2048 11008 65544 6208 0 16 2185987104 202896 3760980352 329043 1075871744 69213184 0 2097152 134742016 536871168 0 0 1024 2752512 67109008 2149580800 67150869 3 1109655552 2115684 0 0 1073741824 536871169 768 1073741824 0 2 69206144 2621440 9446404 7 88198720 49700 1107296256 16448 0 0 0 0 0 0 0 2 128 0 8396800 6 2291684882 2560 2359296 2099268 0 0 0 536870912 512 1073741824 0 0 67108864 0 1028 1 34734136 4232 1 16908288 1073745920 4 16 0 0 0 1081356 0 0 8192 32768 0 268435456 0 16384 2164342796 67108864 2952790016 268435520 16448 1024 0 65536 65536 1074827376 4096 2147484932 524576 172217354 157696 7 2138
is_linear=0
shrinkage=0.045


Tree=167
num_leaves=23
num_cat=20
split_feature=0 2 3 0 3 5 0 3 1 3 0 0 0 3 0 3 0 0 3 3 0 5
split_gain=1.74529 1.9911 1.59269 1.31 1.56213 0.865821 2.12092 1.41309 0.766431 0.712049 2.89121 2.75092 1.51364 2.04867 1.32636 0.780041 1.82914 0.867109 0.931363 0.748053 0.730234 0.700388
threshold=0 1 2 3 4 5.4004200416950168 5 6 7 8 9 10 11 12 13 14 15 16 17 18 19 5.2284276452838947
decision_type=9 9 9 9 9 10 9 9 9 9 9 9 9 9 9 9 9 9 9 9 9 8
left_child=1 2 8 4 -2 9 -7 -8 -1 10 -5 -11 13 -13 -12 16 -14 18 -17 -19 -21 -6
right_child=3 -3 -4 5 21 6 7 -9 -10 11 14 12 15 -15 -16 17 -18 19 -20 20 -22 -23
leaf_value=-51.818985328275822 16.73628145295617 614.93635994873534 41.287157885441538 13.195903990758731 -4.3052744389644966 74.04470489707461 42.50322497862188 -7.3491330612238688 14.327254828450773 31.658663044957958 -37.595697488339226 1.0691446032093121 -25.279740817883106 -32.105543346933445 -2.8082214113465582 -6.9745399084558954 40.106611502257053 1.1631378988913716 21.769868079539552 27.448126137222516 -33.945912052296023 -11.985207229694689
leaf_weight=532 381 568 994 2193 571 830 544 1642 219 1374 1565 779 338 633 5135 688 869 812 918 221 892 277
leaf_count=532 381 568 994 2193 571 830 544 1642 219 1374 1565 779 338 633 5135 688 869 812 918 221 892 277
internal_value=9.49865e-05 0.00126387 0.000499431 -3.65675e-05 -0.00145407 5.39215e-05 0.000754473 1.22841e-05 -0.0010557 -7.48217e-05 -0.000347164 0.000247214 -0.000160662 -0.00144733 -0.000811233 0.000225474 0.00120714 -0.00011304 0.000656366 -0.000755033 -0.001508 -0.00252209
internal_weight=22975 2313 1745 20662 1229 19433 3016 2186 751 16417 8893 7524 6150 1412 6700 4738 1207 3531 1606 1925 1113 848
internal_count=22975 2313 1745 20662 1229 19433 3016 2186 751 16417 8893 7524 6150 1412 6700 4738 1207 3531 1606 1925 1113 848
cat_boundaries=0 13 14 16 29 31 45 47 49 51 64 78 91 93 107 109 122 135 137 138 151
cat_threshold=16400 2182217728 1073746128 2415919637 0 2305 256 0 0 2560 65664 2148147296 1048576 7 2875445316 27160 4 65552 268435456 0 2164359240 50331712 128 268461056 32772 5 1073872896 268439560 8523776 2182709396 672 1109688320 85984292 0 0 524288 1028 0 0 0 2641920 0 1049604 2147533312 1 1721666 393873 65 1024 236203824 203406 2147487744 16791616 2147483648 32896 1179652 5120 0 1073741824 65536 9437264 67108864 18877712 18689 46170113 8388608 603979776 8192 268435456 0 0 134283264 4096 50176 402657336 1048576 2106514 7 16781320 18886724 0 128 1720320 0 0 1073741824 65536 1572880 0 272 17152 3221897294 270449 14974977 75513856 1 8192 268435456 4 0 134217728 4096 50176 404750352 1048576 2147516550 6 1906315400 33792 2097152 3104 0 0 256 0 0 0 536870912 4096 83886080 2688 67110912 2359296 67374112 1 0 0 536870912 0 32768 536872960 75501578 620756992 2688 67141636 4374532 8192 4440068 1073741824 0 0 2097152 0 1024 0 0 1024 4194560 0 2097152 32
is_linear=0
shrinkage=0.045


Tree=168
num_leaves=23
num_cat=19
split_feature=0 3 0 3 2 2 0 0 3 3 3 0 0 3 5 0 5 0 4 0 5 3
split_gain=1.7661 1.56349 1.28854 2.00425 1.18691 1.00015 1.85415 1.23141 1.32502 1.17561 1.06906 2.67015 2.27814 1.80758 0.993219 0.975222 0.930441 1.96926 1.93912 1.16739 1.09281 1.32795
threshold=0 1 2 3 4 5 6 7 8 9 10 11 12 13 4.4127799275304271 14 3.4175922930736511 15 16 17 1.8688348091416842 18
decision_type=9 9 9 9 9 9 9 9 9 9 9 9 9 9 10 9 10 9 1 9 8 9
left_child=1 4 3 -2 -1 6 -4 8 -7 -8 12 -12 13 -9 -10 -13 17 -14 -18 -20 -19 -22
right_child=2 -3 5 -5 -6 7 9 10 14 -11 11 15 16 -15 -16 -17 18 20 19 -21 21 -23
leaf_value=-20.687957553649834 5.6675818087883956 79.425837673721176 -44.856350415151077 -7.4715447259380392 453.51038168076178 61.593307510217727 -17.336972648619113 -1.9172272611928893 -5.0792967298409222 3.5440679810890678 25.388767267379237 -14.173874558244602 11.068130817733721 -38.325907068123335 203.61155395821484 0.010187358424934302 -78.563913231100003 64.848137772515571 -2.4614654302529404 13.168905660545835 -78.641341092540216 -11.117108284675693
leaf_weight=729 559 1431 281 838 173 895 755 435 680 596 2060 232 586 424 246 5374 128 118 2825 2702 312 596
leaf_count=729 559 1431 281 838 173 895 755 435 680 596 2060 232 586 424 246 5374 128 118 2825 2702 312 596
internal_value=6.36508e-05 0.0012339 -6.92842e-05 -0.0013829 -0.000236324 2.68735e-05 -0.00103467 0.000125873 0.00122995 -0.000326852 -2.27774e-06 0.000378614 -0.000361637 -0.00253674 2.87848e-05 -0.000131363 -0.000100769 -0.0010539 0.000171027 0.000298698 -0.00222832 -0.00277912
internal_weight=22975 2333 20642 1397 902 19245 1632 17613 1821 1351 15792 7666 8126 859 926 5606 7267 1612 5655 5527 1026 908
internal_count=22975 2333 20642 1397 902 19245 1632 17613 1821 1351 15792 7666 8126 859 926 5606 7267 1612 5655 5527 1026 908
cat_boundaries=0 12 14 27 29 30 31 44 57 59 61 63 77 91 93 106 120 121 135 137
cat_threshold=16401 2182217728 1073746128 2415927829 268451840 3072 0 134217728 0 2064 0 2148147296 2934149124 221784 4194308 65536 0 0 16875592 16777281 640 268461056 32900 261 1342308352 285216776 135168 2199490772 135808 7 1 33587200 0 0 0 256 0 0 0 0 1073741824 0 3200 16 2147516480 67108864 2952790016 64 0 0 0 0 524288 1092616192 4248 3712 2097282 2908339800 33300 2191443544 137216 532725356 38086 44306440 2106420 67108865 0 2147483648 536871168 0 0 4096 655360 67174400 256 9471508 6 8654856 1075838996 1 32768 0 536871168 0 64 4096 512 69271552 1 1049604 20 46171680 192 65536 278528 0 0 1073872900 0 0 1073741824 2048 68157440 0 0 16640 0 11264 0 2097152 143655168 0 0 65536 536870912 1064960 150994944 3178516 8200 1 1 35651584 16786464 0 0 9961472 0 0 0 536870912 152642 696254464 2097172 2147492360 3 37753440 128
is_linear=0
shrinkage=0.045


Tree=169
num_leaves=23
num_cat=20
split_feature=0 2 3 0 3 3 0 0 0 0 3 3 3 0 0 0 3 5 0 1 3 5
split_gain=1.9216 1.91087 2.18791 1.15417 1.77333 0.850033 3.0051 1.99897 1.51646 1.33295 1.93957 1.2619 0.899795 1.62116 1.33234 0.770151 2.02448 0.870624 0.728442 0.68723 0.838232 0.642664
threshold=0 1 2 3 4 5 6 7 8 9 10 11 12 13 14 15 16 4.4716224665663962 17 18 19 5.6646935841241897
decision_type=9 9 9 9 9 9 9 9 9 9 9 9 9 9 9 9 9 10 9 9 9 8
left_child=1 2 -1 4 18 7 -7 11 21 10 -9 -5 13 -11 -14 16 -10 -18 -2 -4 -21 -8
right_child=3 -3 19 5 -6 6 8 9 15 12 -12 -13 14 -15 -16 -17 17 -19 -20 20 -22 -23
leaf_value=100.11637056258679 -5.0165270059449574 527.37186126898803 34.292735621732326 -3.6114623336167693 -10.275564439131344 54.604222920792715 2.2814356799327231 -52.151826641301255 51.474773436859714 -42.26110870810917 0.48251510483772919 21.688246507849605 -26.038910042189141 3.5248039972552507 -1.6430323765975563 -1.3466933726504204 -113.03157325709435 -7.3028804700388417 58.768599122485107 -84.068866827367714 -6.9520670482065494 56.552328229043525
leaf_weight=630 113 567 253 849 678 1274 2484 474 109 461 393 1666 1095 3576 3044 3413 163 117 287 233 531 565
leaf_count=630 113 567 253 849 678 1274 2484 474 109 461 393 1666 1095 3576 3044 3413 163 117 287 233 531 565
internal_value=6.56093e-05 0.0013221 0.000534358 -6.9104e-05 -0.0014945 9.825e-06 0.000362234 -0.000238029 -1.24579e-05 -0.000550138 -0.00221672 0.00088148 -0.00037042 0.000107805 -0.000835823 -0.000611169 -0.00248005 -0.00446918 0.000873787 -0.00075656 -0.00142655 0.000733584
internal_weight=22975 2214 1647 20761 1078 19683 8125 11558 6851 9043 867 2515 8176 4037 4139 3802 389 280 400 1017 764 3049
internal_count=22975 2214 1647 20761 1078 19683 8125 11558 6851 9043 867 2515 8176 4037 4139 3802 389 280 400 1017 764 3049
cat_boundaries=0 14 15 17 30 32 34 48 61 75 89 91 93 95 109 122 135 137 150 152 154
cat_threshold=16384 3255959552 1073746128 2415919621 16384 0 0 0 134219776 2576 0 2416584800 1048576 16 7 1320504 69733 4194372 65536 268435456 64 2164293704 16777280 640 268444672 132 67108869 1075970048 16777224 135170 2156564592 82064 264687140 433349 19173384 86245392 536870913 0 4 536871168 0 134217728 4096 132096 67174552 2097152 8397828 6 3229679616 16448 2147483648 2105344 411173120 5124 0 1073774592 1024 11534432 16777216 33028 2147500032 0 11264 0 0 0 1025 0 81920 536969216 1074303240 4096 1049104 69241753 1 19140609 85983248 536870912 32768 65536 536871168 0 16384 4096 256 65552 0 8913920 1 151420928 299140 239091712 5120 222445568 36868 33554432 8196 1 0 0 0 0 134217728 32768 1024 67112960 0 8192 6 16 264192 0 128 524292 0 0 0 0 163842 301989888 529 13 1082195968 16448 0 2097152 1073872896 0 0 1073741824 0 1048640 16777216 0 16384 537919554 74240 0 65536 0 0 0 0 128 0 4 67108865 0 0 4096 96 2048 564367362 139264
is_linear=0
shrinkage=0.045


Tree=170
num_leaves=23
num_cat=21
split_feature=0 2 3 0 3 4 3 5 0 3 0 3 3 0 0 0 3 3 3 3 1 0
split_gain=1.92083 1.89179 1.55821 1.20832 2.82394 1.0088 1.21569 0.959214 1.55822 1.50242 1.40954 1.57018 1.22845 1.21334 1.12556 1.03088 1.02073 0.950014 0.937494 0.908525 2.69499 1.76054
threshold=0 1 2 3 4 5 6 4.1510089048756029 7 8 9 10 11 12 13 14 15 16 17 18 19 20
decision_type=9 9 9 9 9 1 9 10 9 9 9 9 9 9 9 9 9 9 9 9 9 9
left_child=1 2 -1 4 -2 6 -5 10 12 15 11 -7 14 -11 -9 -10 -16 -15 -6 20 21 -12
right_child=3 -3 -4 5 18 7 -8 8 9 13 19 -13 -14 17 16 -17 -18 -19 -20 -21 -22 -23
leaf_value=-30.947909738392003 17.672819849747334 498.96979749628599 27.590763371165835 -30.84682860909437 -3.1583842991605158 45.435682012533157 -2.3869802253700714 -1.2015051248135933 2.5366060478968366 -5.9029185041483618 -12.580182993981721 -0.25982159352367812 0.92029600459191252 -13.489784869308711 -0.60977214694231252 58.507179940971774 -25.0960753663162 20.233164992589959 -18.082835860382652 -1.2024264928446255 0.32724588444407482 -103.22856551934342
leaf_weight=588 382 591 1185 239 343 564 664 643 993 1471 414 1303 1508 413 212 2007 392 2283 418 4556 1247 559
leaf_count=588 382 591 1185 239 343 564 664 643 993 1471 414 1303 1508 413 212 2007 392 2283 418 4556 1247 559
internal_value=4.60245e-05 0.00125758 0.000511765 -9.36089e-05 -0.00150779 -9.70209e-06 -0.0014768 6.18034e-05 0.000363664 0.000712704 -0.000284731 0.000807078 -0.000544814 0.000158292 -0.0015834 0.00147908 -0.00296591 0.00072452 -0.00307956 -0.000586034 -0.00133064 -0.00309289
internal_weight=22975 2364 1773 20611 1143 19468 903 18565 9922 7167 8643 1867 2755 4167 1247 3000 604 2696 761 6776 2220 973
internal_count=22975 2364 1773 20611 1143 19468 903 18565 9922 7167 8643 1867 2755 4167 1247 3000 604 2696 761 6776 2220 973
cat_boundaries=0 12 13 15 28 30 31 33 47 49 62 64 66 80 92 105 107 108 110 112 114 127
cat_threshold=344064 2182217728 1073746128 2415919620 16384 256 0 0 0 166160 65536 2148149344 7 732139522 139416 4194372 65552 268435456 0 2147516488 16777280 640 268477440 4 5 1075970048 16781320 9568256 2191200308 16392 1 2147483744 266252 3238006784 9220 0 2097152 1368064000 33554433 0 16384 536870912 20546 4112 32785 7 1 3851952610 370564 25165824 69215232 536870912 8193 268566532 536870912 256 16448 536870920 1065472 16 1081861 69206053 75104338 155760 1094214954 129952 33554432 67375104 1 8193 134217728 0 0 0 0 14681096 16777344 3145732 67117568 6 1073741824 0 0 2097152 8912896 33554432 0 0 536870912 16384 0 16 0 2101280 1 0 256 536870916 0 65536 0 8912896 452984832 1049728 2147503104 540672 75808 35719692 134251648 75972 651693666 75521 538443777 3649 0 0 0 0 0 0 0 65536 0 0 184549376 384 2064
is_linear=0
shrinkage=0.045


Tree=171
num_leaves=23
num_cat=21
split_feature=0 3 0 3 2 0 3 3 2 0 3 2 3 0 0 3 3 0 0 5 4 0
split_gain=1.6761 1.58915 1.21334 1.19355 1.13914 1.03098 1.14966 1.12127 0.920441 1.02012 0.970963 0.815501 1.95972 1.34943 1.16622 1.84808 1.04681 2.89643 1.77596 1.28946 1.12246 1.23058
threshold=0 1 2 3 4 5 6 7 8 9 10 11 12 13 14 15 16 17 18 5.5816130673839615 19 20
decision_type=9 9 9 9 9 9 9 9 9 9 9 9 9 9 9 9 9 9 9 10 1 9
left_child=1 -1 3 -2 5 7 -7 -3 10 -10 -4 12 13 -11 15 -13 17 -16 19 20 21 -18
right_child=2 4 8 -5 -6 6 -8 -9 9 11 -12 14 -14 -15 16 -17 18 -19 -20 -21 -22 -23
leaf_value=152.98805920848949 2.1588864730754365 21.474717392161921 -117.50646146753397 -10.153164825191876 342.51416063633462 -29.627226438319301 54.888534675064804 -72.976687038463325 -89.422773496546043 -0.39518787386616661 162.14387449080894 -2.9436339766306623 1.6594372763386875 -38.213378637167423 26.810153248074275 79.935518823140072 -10.980397254375388 -1.1931917125737734 0.33991818998258611 58.217840539987343 -2.4234238386192901 -65.433780434785987
leaf_weight=870 503 203 109 722 265 209 292 342 318 262 467 754 1024 331 2274 835 609 3838 7389 226 627 506
leaf_count=870 503 203 109 722 265 209 292 342 318 262 467 754 1024 331 2274 835 609 3838 7389 226 627 506
internal_value=9.10695e-05 0.00127428 -3.37401e-05 -0.00140057 0.00027551 -0.000399811 0.0010614 -0.00173698 5.26277e-05 -1.65729e-06 0.00180612 4.21418e-05 -0.000919889 -0.00295289 0.000133919 0.00129013 1.42434e-05 0.000471751 -0.000284822 -0.00148182 -0.00190424 -0.00275962
internal_weight=22975 2181 20794 1225 1311 1046 501 545 19569 18993 576 18675 1617 593 17058 1589 15469 6112 9357 1968 1742 1115
internal_count=22975 2181 20794 1225 1311 1046 501 545 19569 18993 576 18675 1617 593 17058 1589 15469 6112 9357 1968 1742 1115
cat_boundaries=0 13 15 28 30 31 43 45 47 48 60 62 63 65 78 91 93 95 109 123 124 137
cat_threshold=16842769 2182217728 1073746128 2147484164 2147483648 257 0 0 0 133124 69632 2147627104 256 2151427672 100647 8388672 65536 268435456 64 32840 16777280 128 402678784 12 67109377 1352663040 9 8519682 2211090576 157712 7 0 0 0 0 0 0 0 0 0 0 0 2147483648 33620000 4760 33570852 4184 224 0 32 0 0 0 0 0 0 0 0 0 2621440 32866 16928 1 2181940312 2561 1073741824 0 0 0 8388608 0 0 0 0 0 131120 256 33 2147536896 0 2684354560 1 16384 0 0 0 557056 1092616208 152 3200 2097280 40517634 391659 3228238058 123321 6553600 77864980 0 2097152 269025280 33554436 0 0 0 17416 603979776 528 11800 7 6553600 77594640 0 2138256 1359544320 4 0 64 0 17416 536870944 16 534020 5 4 0 0 0 8208 268959744 0 0 0 0 1032 0 16 1028
is_linear=0
shrinkage=0.045


Tree=172
num_leaves=23
num_cat=17
split_feature=0 3 0 3 2 4 5 5 5 3 5 0 0 3 3 3 0 0 3 0 0 5
split_gain=1.79721 2.00681 1.24878 1.52953 1.00315 0.952544 0.916087 1.0719 0.879674 0.871352 0.823058 1.98826 1.8076 1.8102 1.56627 1.52725 1.7345 1.54854 1.24245 2.31563 1.78603 1.05644
threshold=0 1 2 3 4 5 3.8815106545092593 4.1820210059610323 3.9796379800581989 6 3.8176519431297078 7 8 9 10 11 12 13 14 15 16 2.249904835165133
decision_type=9 9 9 9 9 1 8 8 10 9 8 9 9 9 9 9 9 9 9 9 9 10
left_child=1 -1 3 -2 -3 9 -5 8 -8 -4 11 14 13 -12 21 17 -17 -13 19 -14 -20 -7
right_child=2 4 5 6 -6 10 7 -9 -10 -11 12 15 18 -15 -16 16 -18 -19 20 -21 -22 -23
leaf_value=98.954394649659847 -26.947945522799209 -9.7597245994441018 -75.51728004980933 23.551296964093474 354.74347827713461 113.70868697749285 0.25832787925509049 -2.9483551474961001 -77.850969064594963 -0.77038786642134471 118.71714260837312 11.400092671649485 -45.121098131289941 5.0194352986635167 -4.4826116727790266 20.487645865367707 -1.0994520239474599 -27.77161896327803 29.769473375240619 -0.48438532419636982 -1.0184671755770016 -111.31601138742691
leaf_weight=1391 262 849 230 349 211 39 42 608 57 644 809 430 630 1152 577 1168 2118 969 2644 3681 3816 299
leaf_count=1391 262 849 230 349 211 39 42 608 57 644 809 430 630 1152 577 1168 2118 969 2644 3681 3816 299
internal_value=7.73601e-05 0.00122594 -6.0479e-05 -0.00139398 -0.000251866 3.18453e-05 -0.000606741 -0.00154231 -0.00583663 -0.00141781 0.000101124 -0.000353445 0.000301084 0.00155322 -0.00225728 2.39516e-05 0.000553972 -0.0012151 7.13625e-05 -0.000519431 0.000465853 -0.00465429
internal_weight=22975 2451 20524 1318 1060 19206 1056 707 99 874 18332 5600 12732 1961 915 4685 3286 1399 10771 4311 6460 338
internal_count=22975 2451 20524 1318 1060 19206 1056 707 99 874 18332 5600 12732 1961 915 4685 3286 1399 10771 4311 6460 338
cat_boundaries=0 13 15 28 30 31 32 34 48 62 64 66 68 82 96 98 112 126
cat_threshold=33574928 2182217728 3221229776 2415919620 0 0 0 0 0 2064 40 2416584800 512 3239873242 348391 4194369 65552 268435456 64 32840 50331713 128 402678784 4 16389 1344274432 8 131074 671105538 65632 7 1 2147484320 4108 1076166656 16793600 1 128 131072 1024 0 0 68608 73401344 33554432 2101248 11272 16 2457600 1073758240 0 145 131072 3076 0 0 68608 1077445120 67174400 2097152 2141184 16 3937997664 12832 35423746 21152 2319491088 295957 2155872256 67121152 536870912 2097152 142606340 536870912 0 0 0 8519682 16777360 17826689 67112961 4 32768 9252 0 0 1048576 0 0 0 536870912 524544 4096 16811024 32785 7 119953164 481859 2172649472 77858884 536870913 8192 268435456 0 0 1073741824 0 2 4112 256 36 1 3221225472 94636096 536870913 2097152 285278720 4096 0 0 0 1034 4224 1796 2147483804 1
is_linear=0
shrinkage=0.045


Tree=173
num_leaves=23
num_cat=18
split_feature=0 3 0 3 0 2 0 2 5 5 4 2 5 1 5 3 0 0 0 3 2 0
split_gain=1.87449 1.63518 1.31984 1.33589 1.11978 0.931536 0.933573 0.914825 1.06909 1.40196 0.800625 0.799294 0.754657 0.744313 0.737021 0.715468 2.96007 1.45533 0.95355 0.735918 0.73573 1.3067
threshold=0 1 2 3 4 5 6 7 5.6365721362514982 4.2972622671762819 8 9 6.4052270920020655 10 0.89587973461402759 11 12 13 14 15 16 17
decision_type=9 9 9 9 9 9 9 9 8 10 1 9 10 9 10 9 9 9 9 9 9 9
left_child=1 4 3 -2 11 -4 -7 8 9 -5 -8 -1 15 -14 -9 16 -12 19 -18 -17 -19 -22
right_child=2 -3 5 7 -6 6 10 14 -10 -11 12 -13 13 -15 -16 17 18 20 -20 -21 21 -23
leaf_value=-46.180767606712969 6.1287269505161044 76.606427019869784 152.27267943970179 -1.2050029010665808 63.367815213280281 -148.9771328332225 -7.0957020437842395 -225.36699398486951 27.28224693991833 -57.514081904338759 -31.84412477568565 302.22569340046874 -0.3291125202412899 109.83062013375609 -6.2266709553994879 0.31546558989324563 168.39237830932993 -0.59222811959530408 6.9800557997307457 16.826414792408215 1.3626160996210814 -21.561202121609345
leaf_weight=549 417 1228 437 272 250 141 859 37 120 196 743 112 243 445 82 1145 298 9297 2168 1305 1204 1427
leaf_count=549 417 1228 437 272 250 141 859 37 120 196 743 112 243 445 82 1145 298 9297 2168 1305 1204 1427
internal_value=9.3028e-05 0.00135774 -3.75574e-05 -0.00152905 -9.26326e-05 4.83676e-05 1.16676e-06 -0.00271001 -0.00189 -0.00289149 2.91446e-05 -0.00106315 9.23293e-05 0.00155217 -0.00621756 3.50505e-05 0.000641261 -0.000100695 0.00139104 0.000895613 -0.00030603 -0.000968785
internal_weight=22975 2139 20836 1124 911 19712 19275 707 588 468 19134 661 18275 688 119 17587 3209 14378 2466 2450 11928 2631
internal_count=22975 2139 20836 1124 911 19712 19275 707 588 468 19134 661 18275 688 119 17587 3209 14378 2466 2450 11928 2631
cat_boundaries=0 13 15 28 30 42 43 55 56 57 58 60 62 75 88 101 103 104 117
cat_threshold=2701131792 2148663296 1073746128 2147483652 0 32 0 0 66560 133120 40 2147625056 1310720 1841501702 289041 33554497 65552 268435456 64 16826440 16777281 128 268444672 4 67108868 1075838976 285212680 131074 2157118128 2712 2147483664 0 0 4 0 0 0 0 1024 0 0 2147485696 96 0 0 0 0 0 0 0 0 0 0 0 2621440 84 1 7 4144 514 1080623296 106834 4096 16777252 0 1 9437440 536870912 0 65536 0 8916992 4096 34180 16384 20484 16777248 2147483648 268435457 2147549184 536877056 0 1207975936 34816 1075315008 0 1412 67141920 10747904 100663296 0 2097152 0 0 0 0 0 16392 0 0 8397825 33709834 267308 148 196608 4100 0 128 131328 0 0 65536 536870912 8392728 16781440 36864 1032
is_linear=0
shrinkage=0.045


Tree=174
num_leaves=23
num_cat=18
split_feature=0 3 2 0 0 3 5 5 3 0 3 0 0 0 3 1 3 5 3 3 3 5
split_gain=1.54971 1.8665 1.46617 1.11694 0.950907 1.34803 0.86305 1.36866 1.51314 1.38712 0.913642 2.30283 2.18247 1.33465 1.19898 1.06172 0.885771 0.710124 0.793179 0.665202 0.652536 0.628949
threshold=0 1 2 3 4 5 1.7005986908310777 2.8029010331479989 6 7 8 9 10 11 12 13 14 5.9175479584402915 15 16 17 2.524928003624769
decision_type=9 9 9 9 9 9 8 8 9 9 9 9 9 9 9 9 9 8 9 9 9 10
left_child=1 -1 3 -3 5 -2 16 8 21 -10 11 17 19 14 -14 20 -6 18 -9 -12 -13 -8
right_child=4 2 -4 -5 6 -7 7 10 9 -11 12 15 13 -15 -16 -17 -18 -19 -20 -21 -22 -23
leaf_value=127.13032818750554 23.348380757586579 -44.101443854320422 322.62809377684783 8.0196461320826824 -3.333771445553638 -7.6568254121428518 -74.233308209950692 9.3085171107983182 -102.2507647168364 3.5692409492956276 0.50210215395277547 7.6985144465975779 28.294250913339258 -0.88185612976006766 -23.087504469572384 2.3371228245153688 71.010128498583626 11.249774233567059 -13.726534025070299 27.61450582902771 46.639597419124343 -87.7881640376512
leaf_weight=1121 110 695 298 331 204 505 176 251 102 451 360 940 293 8985 1193 3042 405 201 1320 718 1094 180
leaf_count=1121 110 695 298 331 204 505 176 251 102 451 360 940 293 8985 1193 3042 405 201 1320 718 1094 180
internal_value=9.49865e-05 0.001163 1.34732e-05 -0.000797688 -3.28593e-05 -0.00175837 2.14535e-05 -3.12304e-05 -0.00173381 -0.000215044 5.30737e-05 0.000464432 -0.000191117 -0.000390203 -0.00163418 0.000951651 0.00168658 -0.000928251 -0.00125588 0.00172569 0.00174633 -0.00396196
internal_weight=22975 2445 1324 1026 20530 615 19915 19306 909 553 18397 6848 11549 10471 1486 5076 609 1772 1571 1078 2034 356
internal_count=22975 2445 1324 1026 20530 615 19915 19306 909 553 18397 6848 11549 10471 1486 5076 609 1772 1571 1078 2034 356
cat_boundaries=0 13 15 16 28 41 43 45 58 60 73 86 99 101 103 105 107 109 111
cat_threshold=2151694352 2215772160 1073746128 2415919620 0 0 768 0 1024 2064 0 2148149344 1024 2149322104 364966 7 4210688 67108864 4096 0 0 0 0 0 0 0 0 2147485696 65 65536 268435456 64 16842824 16777280 128 268436480 4 67108868 0 16777224 1179650 8405026 2176 169185796 264364 32768 8224 0 0 0 0 0 0 0 8388608 0 256 2147483656 1623003332 287036 1073807360 12288 0 128 278544640 0 0 134217728 2048 9438528 679477248 269516933 2114049 65536 1073750080 67108864 128 268567040 536875008 0 1207959552 2048 1049664 8454176 268468356 2113568 33558528 2064 2684354560 32768 1209040896 33556480 0 40960 32768 1073872929 100794392 4096 8390788 100794384 131072 1611154660 187 2155889154 81996 1074069696 262400 2332034048 200768 537137280 262188
is_linear=0
shrinkage=0.045


Tree=175
num_leaves=23
num_cat=17
split_feature=0 3 0 3 0 0 3 0 0 3 0 1 3 3 5 5 5 0 3 5 5 0
split_gain=1.77332 1.46617 1.02205 1.21937 0.840205 0.649811 0.598313 3.1313 0.957257 1.67531 0.827615 0.824876 0.95702 0.68519 0.579176 0.581825 0.573451 0.630399 0.743978 0.555631 1.0587 1.01459
threshold=0 1 2 3 4 5 6 7 8 9 10 11 12 13 3.795426061844291 4.3372693810700085 5.3729582179059152 14 15 2.6735537653587347 1.7005986908310777 16
decision_type=9 9 9 9 9 9 9 9 9 9 9 9 9 9 10 10 8 9 9 8 10 9
left_child=1 4 3 -2 -1 14 7 -4 9 16 -11 12 -9 -12 -5 -16 17 18 -8 20 -13 -21
right_child=2 -3 6 5 -6 -7 8 11 -10 10 13 19 -14 -15 15 -17 -18 -19 -20 21 -22 -23
leaf_value=-17.558186342616523 3.2178064885251625 73.8336299321588 51.096319117777156 22.299677726657468 58.267980380130737 -32.891679344629871 104.50702124370039 59.176389015992157 0.080515924409095066 -48.741865163395758 92.742046606474901 5.9278953586447098 -3.2775535394306785 -26.642460007254495 -14.169176640821163 -0.79709469368917174 60.917429941816799 -23.661686827460557 -3.0491511180358311 3.6650119518634994 -192.74613706987677 -10.425386647499465
leaf_weight=603 335 1299 963 95 354 278 129 820 13373 243 124 77 810 198 46 114 337 475 441 824 77 960
leaf_count=603 335 1299 963 95 354 278 129 820 13373 243 124 77 810 198 46 114 337 475 441 824 77 960
internal_value=8.71525e-05 0.00128175 -4.36301e-05 -0.00154432 -6.03714e-05 -0.00286514 2.28819e-05 0.000476447 -0.000111531 -0.00104058 -0.00308059 -0.000140782 0.000602923 -0.00145509 -0.00109551 -0.00277778 -0.000187231 -0.000709169 0.000309279 -0.000766154 -0.00334615 -0.000544233
internal_weight=22975 2256 20719 868 957 533 19851 4531 15320 1947 565 3568 1630 322 255 160 1382 1045 570 1938 154 1784
internal_count=22975 2256 20719 868 957 533 19851 4531 15320 1947 565 3568 1630 322 255 160 1382 1045 570 1938 154 1784
cat_boundaries=0 13 15 28 30 43 56 58 72 86 88 101 103 105 107 120 121 134
cat_threshold=81920 2148663296 1073746128 2415919620 0 512 0 32768 3072 1073743889 536936448 2147625056 69632 3219356674 401480 4194369 65536 268435456 64 16859656 16777280 128 402654208 4 67125764 2228224 16777224 1179650 2294857762 2712 16384 0 0 516 0 0 0 0 0 0 0 2147485696 4096 1 65536 0 64 16793600 64 128 0 0 67125248 2228224 0 1048576 3233353920 335906 2396160 102761488 0 0 32768 536872192 0 8192 32768 2262016 33554448 3670016 43524 3 8654848 77596688 536870912 32768 3221258240 260 0 8192 36872 2229248 33554440 0 2140164 1 37929780 4764 262144 75499520 0 0 32768 0 0 8192 0 0 0 0 34816 1073759462 75834 1082724352 8192 134217730 147456 8650752 75499520 536870912 32768 0 0 0 8192 0 1024 0 0 43008 33587248 1073741824 14368 0 0 0 0 0 65536 0 2 67108864 1936 1
is_linear=0
shrinkage=0.045


Tree=176
num_leaves=23
num_cat=17
split_feature=0 2 3 0 3 5 2 5 5 5 5 3 0 4 3 0 0 3 3 0 0 3
split_gain=1.65666 1.75419 1.35499 1.08308 1.00717 0.816116 0.762205 1.55473 0.947122 1.38334 0.757402 1.31184 0.987043 0.892921 3.44802 3.21358 2.67969 2.18999 1.57141 2.5154 1.56699 1.28469
threshold=0 1 2 3 4 6.1147871526576338 5 3.1132683346437333 3.8176519431297078 4.1510089048756029 6.078787719222313 6 7 8 9 10 11 12 13 14 15 16
decision_type=9 9 9 9 9 8 9 10 10 10 10 9 9 1 9 9 9 9 9 9 9 9
left_child=1 2 5 4 -2 -1 8 -8 -6 -10 13 -12 -13 14 -5 17 21 -15 19 -17 -20 -16
right_child=3 -3 -4 10 6 -7 7 -9 9 -11 11 12 -14 15 16 18 -18 -19 20 -21 -22 -23
leaf_value=-24.987358650004108 4.3667787466327628 427.33507726217181 31.993558833041657 -39.586557647688032 2.7343814156443709 -53.643085627158875 -193.52689684153759 -6.5157755193682911 -50.426861173623763 -4.1587055470354866 92.405148383276824 161.54558733845394 -5.4136282606457202 -0.80879361121668558 -0.33371835448505899 -36.668020738516958 0.41242626677812272 -31.828831780434403 -2.9011311683916201 0.53482823860812689 6.9907172042888019 121.18923459230685
leaf_weight=507 239 558 1030 886 225 57 39 83 65 238 332 208 739 1196 352 843 3608 1549 1872 2279 4669 1401
leaf_count=507 239 558 1030 886 225 57 39 83 65 238 332 208 739 1196 352 843 3608 1549 1872 2279 4669 1401
internal_value=4.60245e-05 0.00123105 0.000459527 -7.71057e-05 -0.00160322 -0.00129687 -0.00251511 -0.00564179 -0.00168333 -0.00334918 -8.12176e-06 0.00105035 0.000173619 -8.08006e-05 0.000357897 -0.000301692 0.000788107 -0.00165669 8.51164e-05 -0.000743778 0.000481383 0.00222578
internal_weight=22975 2152 1594 20823 889 564 650 122 528 303 19934 1279 947 18655 6247 12408 5361 2745 9663 3122 6541 1753
internal_count=22975 2152 1594 20823 889 564 650 122 528 303 19934 1279 947 18655 6247 12408 5361 2745 9663 3122 6541 1753
cat_boundaries=0 12 13 15 28 30 31 33 46 47 49 63 77 79 81 94 108 110
cat_threshold=86024 2148663296 1610617040 2415919748 0 0 0 0 8 1050640 8 2148149344 7 602116100 26648 4194304 65552 268435456 32832 2147483656 16777280 128 268469248 32772 16389 131072 8 1183746 143130656 75912 20 135808002 2720 1075871744 0 0 0 134250496 0 0 65536 0 4722688 0 0 2147516416 2 1107432226 279296 2097152 25167904 0 2097152 151568384 33560576 256 0 536870912 82350080 8388608 1048577 57856 5 2359296 58720260 1 2097152 134381568 1280 0 0 1024 15372288 0 1049856 2214627840 1 928455540 287232 2786919532 66645 2189688848 67108868 0 0 269484032 536870912 0 0 3072 1024 33554592 260 2147485737 25198593 33816576 67108865 8192 4 1285 0 8256 1024 1073741824 69206032 5760 2214592641 2 138412176 196608
is_linear=0
shrinkage=0.045


Tree=177
num_leaves=23
num_cat=17
split_feature=0 3 2 1 0 3 5 0 5 3 3 4 2 5 5 1 3 0 0 3 5 0
split_gain=1.60548 1.59739 1.22551 1.15436 1.003 1.36693 0.940482 0.772648 1.05414 0.703844 0.692199 0.667531 1.02583 1.31082 1.08418 0.910574 0.821555 1.83035 1.00006 1.10865 0.918733 0.773851
threshold=0 1 2 3 4 5 5.7573219937320976 6 5.7446031891748186 7 8 9 10 3.9415346756528771 5.2067464199591091 11 12 13 14 15 6.8384029032828781 16
decision_type=9 9 9 9 9 9 10 9 10 9 9 1 9 10 10 9 9 9 9 9 10 9
left_child=1 -1 3 9 5 6 -2 10 -9 -3 -7 12 13 -6 -15 -14 17 -13 19 -18 -20 -19
right_child=4 2 -4 -5 11 7 -8 8 -10 -11 -12 16 15 14 -16 -17 18 21 20 -21 -22 -23
leaf_value=139.3161589055693 -46.44789173828952 -71.091983324612173 118.48547520369209 4.2424702797118146 2.6702318226959445 -4.4721141508376308 63.234282087724019 -2.4781553832213401 -16.955886374755291 -9.0477542921064327 28.101195548245787 74.476423704452699 -117.62836681429326 -125.33213293540393 -78.567223189747182 1.3756578732544633 -9.7566708761601024 -43.573828455328844 -1.2945003445611596 22.822752244566956 47.336767437270545 2.547186586616077
leaf_weight=877 336 220 339 373 78 299 37 404 35 426 392 1079 100 47 73 594 616 338 12396 2018 250 1648
leaf_count=877 336 220 339 373 78 299 37 404 35 426 392 1079 100 47 73 594 616 338 12396 2018 250 1648
internal_value=8.9111e-05 0.00123164 0.000256205 -0.000528128 -3.46953e-05 -0.0011495 -0.00347143 -0.000354641 -0.00180599 -0.00166869 0.000582504 5.30679e-05 -0.00114765 -0.0039 -0.0070082 -0.000293201 0.000111599 0.000782418 -2.35416e-05 0.000772109 -0.00018984 -3.15314e-05
internal_weight=22975 2235 1358 1019 20740 1503 373 1130 439 646 691 19237 892 198 120 694 18345 3065 15280 2634 12646 1986
internal_count=22975 2235 1358 1019 20740 1503 373 1130 439 646 691 19237 892 198 120 694 18345 3065 15280 2634 12646 1986
cat_boundaries=0 12 14 15 17 30 32 45 47 49 50 51 53 55 69 83 85 98
cat_threshold=2151694336 2182217728 1375736016 2415919620 16777216 0 0 0 0 2320 40 2148149344 2149320792 102566 7 0 1024 0 65552 0 32832 49224 16777216 128 268443648 32780 67125765 580911104 32777 1183746 2701165634 71760 0 16 0 64 49216 0 0 8192 12 0 35651584 32769 1179648 557961216 155648 147456 16556 1 20 1093 18 3491234240 336194 2392064 69216288 1 8192 524288 536872192 0 0 1024 2753538 67108992 2097920 67142165 1 50397188 16777216 2684354560 1 268566532 6144 0 81920 67584 1078984800 134217728 16778372 573696 4 138412072 137233 0 16777220 0 0 269484032 0 0 65536 0 8388672 402653184 4 16384
is_linear=0
shrinkage=0.045


Tree=178
num_leaves=23
num_cat=19
split_feature=0 2 3 0 3 5 5 0 0 3 3 0 0 3 0 3 1 3 0 0 2 5
split_gain=1.69388 1.52243 1.42718 0.787011 1.41415 0.738325 0.725601 2.053 1.69304 1.87142 1.26862 1.54125 1.20408 0.981202 0.880651 1.34065 1.16764 1.07606 1.73574 1.62638 0.861217 0.842951
threshold=0 1 2 3 4 3.5972184255501678 4.7999057951650004 5 6 7 8 9 10 11 12 13 14 15 16 17 18 4.7492611597348082
decision_type=9 9 9 9 9 8 8 9 9 9 9 9 9 9 9 9 9 9 9 9 9 10
left_child=1 2 -1 4 5 -2 8 13 9 -5 12 -12 -9 -8 15 -10 -16 18 -18 -19 -14 -11
right_child=3 -3 -4 6 -6 -7 7 10 14 21 11 -13 20 -15 16 -17 17 19 -20 -21 -22 -23
leaf_value=-25.603169927324974 -7.6614283317114573 400.87964797932824 44.627358998711458 3.2036036940183736 -1.6871645691307893 -34.864162649936084 141.30503168473979 -34.750581590909427 -1.4239389661955832 -47.452365836594623 -3.3812551938002682 28.701172334125591 18.231797959483128 8.3717709740630042 -106.79213121123406 46.247253288196845 -18.544163088263673 28.078743465064573 0.83273794354777353 -0.93957849398242743 -8.1900692387049894 -48.930199588479248
leaf_weight=739 79 561 799 782 1514 163 523 333 667 1221 961 1771 433 730 103 764 1418 1553 2924 2808 2094 35
leaf_count=739 79 561 799 782 1514 163 523 333 667 1221 961 1771 433 730 103 764 1418 1553 2924 2808 2094 35
internal_value=0.000104779 0.00131952 0.000574839 -1.80963e-05 -0.00092647 -0.00403937 6.58584e-05 0.000437053 -0.000141117 -0.00132146 6.5846e-05 0.000757653 -0.000595404 0.00207391 9.52778e-05 0.00112578 -7.34859e-05 -1.39413e-05 -0.000514699 0.000484679 -0.000253446 -0.00239196
internal_weight=22975 2099 1538 20876 1756 242 19120 6845 12275 2038 5592 2732 2860 1253 10237 1431 8806 8703 4342 4361 2527 1256
internal_count=22975 2099 1538 20876 1756 242 19120 6845 12275 2038 5592 2732 2860 1253 10237 1431 8806 8703 4342 4361 2527 1256
cat_boundaries=0 12 13 15 28 30 44 58 60 62 75 89 91 105 107 108 110 123 136 137
cat_threshold=4210688 2148663296 3489665232 2147484164 0 0 0 64 8 1073744400 40 2148149344 7 3949188608 288792 0 65552 0 268476480 18382860 50331648 128 268443648 32772 67108869 580911104 9 135170 553949186 98336 2392080 44302336 0 2097152 256 1028 0 0 1024 2753856 65536 3183104 67109376 3 1076133905 44318720 0 16 768 2053 0 16384 0 2097248 1073807360 3149824 1049096 19 4192785536 106560 2571315144 416356 4096 5120 0 0 8388608 256 0 65536 0 8392714 469893120 144 2155890688 33554432 16779300 0 0 131072 536870912 0 0 0 16384 4112 256 11264 4 2149061928 4772 2189496388 4 536870912 1 2416066624 256 256 1207960576 4096 16777218 134348816 285212672 8407040 4 3759407712 211188 268437507 1325389220 42120 0 83890208 0 128 0 536871936 0 0 536872960 4854784 83886080 144 67117088 0 16781344 0 128 0 536872000 0 0 536938496 4329472 67108864 1556 67117088 16
is_linear=0
shrinkage=0.045


Tree=179
num_leaves=23
num_cat=19
split_feature=0 3 0 3 3 0 2 1 5 0 3 0 0 3 4 0 3 5 5 2 3 0
split_gain=1.78965 1.30658 0.830073 0.890508 0.777565 1.91722 0.734408 0.847655 0.958579 0.705167 1.67841 0.731641 0.658226 0.951686 0.709733 0.640395 0.657512 0.599977 0.583109 0.549487 1.1609 0.940625
threshold=0 1 2 3 4 5 6 7 4.2696729980286863 8 9 10 11 12 13 14 15 3.2384861814448418 5.4785512376367516 16 17 18
decision_type=9 9 9 9 9 9 9 9 8 9 9 9 9 9 1 9 9 8 10 9 9 9
left_child=1 6 3 -2 5 17 7 -1 -9 10 11 -6 13 -7 -15 -12 -17 -4 -10 20 -11 -21
right_child=2 -3 4 -5 9 12 -8 8 18 19 15 -13 -14 14 -16 16 -18 -19 -20 21 -22 -23
leaf_value=58.036969834687341 4.3077482217606606 79.292553520257101 -6.1154453316102835 -4.3929189831337876 -36.222504961578466 13.13245552858649 22.239986553281927 -133.76808243011968 12.732042058042094 -18.728210160479545 -8.6164121317309856 9.9350238068769254 1.1274924635466221 -69.693767503685635 -10.619593804848822 -1.9392634065317083 -45.554055515227645 58.095056349644715 -46.844220198064491 16.573477025771155 1.6310752544760674 0.017079154639413736
leaf_weight=102 479 1262 125 987 111 217 481 100 122 786 529 620 2002 149 113 117 299 850 88 1134 572 11730
leaf_count=102 479 1262 125 987 111 217 481 100 122 786 529 620 2002 149 113 117 299 850 88 1134 572 11730
internal_value=0.000108696 0.00133941 -1.94411e-05 -0.00104736 5.90211e-05 0.00066955 1.49173e-05 -0.00135849 -0.00251553 -7.41042e-05 -0.00094372 0.000672275 1.80522e-06 -0.00147556 -0.00325182 -0.00218652 -0.00351168 0.00234802 -0.000849056 2.90855e-05 -0.000827737 0.000120224
internal_weight=22975 2155 20820 1466 19354 3456 893 412 310 15898 1676 731 2481 479 262 945 416 975 210 14222 1358 12864
internal_count=22975 2155 20820 1466 19354 3456 893 412 310 15898 1676 731 2481 479 262 945 416 975 210 14222 1358 12864
cat_boundaries=0 12 14 27 29 31 45 46 48 62 64 75 88 90 91 105 107 108 110 123
cat_threshold=16793608 2148663296 3221229776 2147484180 16384 2048 0 134217792 0 1073741840 40 2148149344 3921910818 403464 4194304 65536 0 268468288 2164293640 50331648 128 268443648 12 67125765 1117782016 1048585 151554 27164864 10928 3759669642 271634 2392064 102763568 1 8192 0 536872192 0 0 0 6455296 335544448 512 67118612 3 5 134217761 32 1 1076120656 603979777 8192 1073807872 536871233 768 1024 0 2099200 604045312 0 1056772 2 241551984 131136 0 2097152 0 8192 1073741824 0 0 0 0 2097152 67108864 0 16777216 0 0 268435456 0 0 0 32768 8392960 4096 33796 2147518464 2685403136 270594 4 1 2377728 603979776 0 0 536870912 0 0 0 2097152 67108864 0 1056772 2 1024 18440 1 168281168 151624 41943056 0 0 0 268566592 0 0 16384 67584 288 4240 1156 256
is_linear=0
shrinkage=0.045


Tree=180
num_leaves=23
num_cat=20
split_feature=0 3 0 3 2 2 3 0 3 0 0 3 0 0 5 3 3 0 0 1 5 3
split_gain=1.49829 1.37064 0.880256 0.877387 0.649075 0.647501 1.24473 0.823228 0.794288 2.8527 2.55135 1.52961 1.39077 1.16984 0.96387 1.45926 0.788239 0.818184 0.770223 0.765708 0.666237 0.645058
threshold=0 1 2 3 4 5 6 7 8 9 10 11 12 13 3.8176519431297078 14 15 16 17 18 2.740319461670996 19
decision_type=9 9 9 9 9 9 9 9 9 9 9 9 9 9 8 9 9 9 9 9 8 9
left_child=1 4 3 -2 -1 6 19 -8 10 -10 11 -7 21 -11 15 -15 17 -16 -13 -4 -21 -12
right_child=2 -3 5 -5 -6 8 7 -9 9 13 12 18 -14 14 16 -17 -18 -19 -20 20 -22 -23
leaf_value=-9.5108737762291931 2.260132860281165 79.879568076711678 -127.00759285858616 -5.5155751218177897 266.12111558847698 -41.318724997496219 -40.998254333323338 6.9380900196612663 -4.3533222342328184 39.281215317009966 37.380098712092028 10.952197338921797 -0.69383041649349197 32.614805953830405 11.521797149932578 -20.196497315908555 44.654905495546004 -6.6729296703053835 -6.8834546614031371 -115.4406414070251 -5.4538039022227824 3.0969003828751553
leaf_weight=678 433 1352 153 797 192 514 207 585 2939 1794 632 255 6362 267 474 930 1848 525 542 38 640 818
leaf_count=678 433 1352 153 797 192 514 207 585 2939 1794 632 255 6362 267 474 930 1848 525 542 38 640 818
internal_value=8.51941e-05 0.00119248 -3.40234e-05 -0.00119565 -0.000204081 3.98517e-05 -0.000817431 0.000458955 0.000118077 0.000423427 -0.000175862 -0.0020034 0.000133436 0.000998462 0.000570266 -0.000499166 0.00102194 -4.45087e-06 -0.000739802 -0.00202313 -0.00131739 0.00138509
internal_weight=22975 2222 20753 1230 870 19523 1623 792 17900 8777 9123 1311 7812 5838 4044 1197 2847 999 797 831 678 1450
internal_count=22975 2222 20753 1230 870 19523 1623 792 17900 8777 9123 1311 7812 5838 4044 1197 2847 999 797 831 678 1450
cat_boundaries=0 13 15 28 30 31 32 34 47 49 62 76 78 91 105 107 109 122 135 137 139
cat_threshold=81928 3222405120 1073746128 2147492484 16384 0 0 0 0 2097168 65544 2416584800 128 736307206 27192 4194304 65536 0 268468288 2164293640 16777216 128 402677760 4 67125253 1646264320 8 151554 26083520 31360 7 1 2182071896 28736 0 0 0 0 0 0 0 0 0 8 131072 34176 8 333654628 56967 17039360 0 0 2097152 1218052160 33554432 512 65536 536938496 5281032 268435456 33300 67111200 2101253 10497092 1 0 65536 4416 0 1073742848 4104 2048 75497504 16777217 1049604 22 295706624 49156 262144 16384 0 2097168 134217792 33554432 256 65536 0 5243904 4224 532 67111200 10522629 18883652 536870912 0 65536 320 0 1073741824 4096 2048 67113088 1408 9438724 6 537153536 262208 603997192 393592 0 8394752 1 0 256 1024 0 0 33792 2 0 2097152 2147483656 0 8398912 0 0 0 0 0 0 0 0 67108864 16777216 1024 68 48 16982528 49156
is_linear=0
shrinkage=0.045


Tree=181
num_leaves=23
num_cat=18
split_feature=0 3 0 3 2 1 2 0 5 0 5 5 0 3 4 3 4 3 0 0 3 5
split_gain=1.50856 1.43599 0.984398 1.20095 0.960294 1.05462 0.945105 0.731869 0.632117 0.617626 0.729468 0.60644 1.20787 1.01202 0.800857 0.671836 0.667048 3.29881 2.83721 2.58278 2.02837 1.98777
threshold=0 1 2 3 4 5 6 7 2.1383330595080281 8 3.9796379800581989 6.078787719222313 9 10 11 12 13 14 15 16 17 5.5816130673839615
decision_type=9 9 9 9 9 9 9 9 10 9 10 10 9 9 1 9 1 9 9 9 9 8
left_child=1 4 3 9 5 -1 7 -5 -6 10 -2 16 -13 -14 15 -15 17 21 20 -19 -18 -4
right_child=2 -3 11 6 8 -7 -8 -9 -10 -11 -12 12 13 14 -16 -17 18 19 -20 -21 -22 -23
leaf_value=19.604812988352503 15.416261697078271 64.574773772556483 -53.120190137525888 -8.0784663480017596 -93.772996799017562 -58.919269997542344 -99.766943024743512 -0.9183877578004972 27.237106156515207 21.387647266075145 -10.328331675732667 157.87620946251474 65.60310737548761 -27.268688237424715 -80.354243217338947 8.8760551980066236 -38.062904519444409 76.249090753432128 0.42749895959676221 -1.448087979439987 1.7211294436357254 -149.53217943252983
leaf_weight=103 53 1428 552 226 48 332 105 333 501 357 53 356 102 105 160 525 1683 2427 9650 3076 746 54
leaf_count=103 53 1428 552 226 48 332 105 333 501 357 53 356 102 105 160 525 1683 2427 9650 3076 746 54
internal_value=5.58169e-05 0.00111757 -6.93315e-05 -0.00135514 -0.000207831 -0.00176174 -0.00256953 -0.00174168 0.00103476 0.000407369 -0.00244068 6.01621e-06 0.0009648 5.97347e-05 -0.000504987 0.000213608 -5.98679e-05 0.00032327 -0.000253663 0.000671532 -0.00162413 -0.00279612
internal_weight=22975 2412 20563 1127 984 435 664 559 549 463 106 19436 1248 892 790 630 18188 6109 12079 5503 2429 606
internal_count=22975 2412 20563 1127 984 435 664 559 549 463 106 19436 1248 892 790 630 18188 6109 12079 5503 2429 606
cat_boundaries=0 14 16 29 31 32 33 34 47 60 74 76 77 79 80 82 96 110 112
cat_threshold=33636360 2157068288 3254784208 2147483776 16384 768 0 0 0 16 136 2148149344 0 16 1810045988 27403 4194304 1073807360 0 268468288 17039372 16777217 128 402710528 4 67125253 1612709888 8 151810 2177536576 22536 5 16420 20 0 1073741824 0 0 8 1 0 402710528 0 0 1073741824 0 16384 0 65536 0 0 16777216 16777216 128 0 0 1 538968064 0 4096 1075871744 0 0 0 134250496 0 0 65536 0 4722690 0 0 2147516928 4 135267328 2560 4 2151714824 8 2 133890 279040 2097152 2080 0 2105856 134250496 33561664 256 0 536870912 15204352 8388608 1048577 2147525120 7 2359296 50331680 1 2097152 134348800 536872000 0 0 536871936 15370240 0 1050112 2147527176 5 2296014354 122020
is_linear=0
shrinkage=0.045


Tree=182
num_leaves=23
num_cat=19
split_feature=0 3 0 2 3 1 5 0 3 3 0 0 0 3 2 0 5 0 3 0 5 3
split_gain=1.47258 1.58097 1.11132 1.10145 0.933587 0.831075 0.760255 1.93261 1.32033 1.2359 1.81125 1.44777 1.04771 1.64317 1.36702 0.994835 0.96889 0.928563 0.908952 0.758905 0.753827 0.722987
threshold=0 1 2 3 4 5 4.7999057951650004 6 7 8 9 10 11 12 13 14 4.2268071048866842 15 16 17 5.0657496176235997 18
decision_type=9 9 9 9 9 9 10 9 9 9 9 9 9 9 9 9 8 9 9 9 10 9
left_child=1 19 4 5 -2 -3 12 8 -8 10 20 -11 13 -4 16 -13 -15 -16 -17 -1 -9 -14
right_child=2 3 6 -5 -6 -7 7 9 -10 11 -12 15 21 14 17 18 -18 -19 -20 -21 -22 -23
leaf_value=1.2117784327738288 0.084280761746788654 -35.473579871401938 18.232049634713608 340.96463596158782 -4.4293799334969126 40.839668871309378 103.52876919020304 -70.890684564209252 7.3409978666135256 -26.293693632318671 -0.26634558318454959 62.445723680500102 -3.5577982755700672 -70.610570298629412 -52.801376629116419 32.720159606422342 -111.31112833188689 -4.525687869843134 -0.33989689665115524 98.947504124691051 -16.870681802205169 1.2899045549438526
leaf_weight=243 328 732 378 268 362 281 574 123 771 341 1359 558 4875 70 108 669 44 874 1545 912 339 7221
leaf_count=243 328 732 378 268 362 281 574 123 771 341 1359 558 4875 70 108 669 44 874 1545 912 339 7221
internal_value=8.9111e-05 0.00113235 -3.52536e-05 3.82832e-05 -0.00179487 -0.000645366 2.69626e-05 0.000436316 0.00193994 2.1836e-05 -0.000905892 0.00056592 -0.000162467 -0.00129004 -0.00216877 0.000908405 -0.00664286 -0.00157545 0.000473046 0.0023329 -0.0033038 -2.37858e-05
internal_weight=22975 2436 20539 1281 690 1013 19849 6279 1345 4934 1821 3113 13570 1474 1096 2772 114 982 2214 1155 462 12096
internal_count=22975 2436 20539 1281 690 1013 19849 6279 1345 4934 1821 3113 13570 1474 1096 2772 114 982 2214 1155 462 12096
cat_boundaries=0 12 14 27 28 30 32 46 48 50 63 76 89 91 92 104 114 116 128 130
cat_threshold=16396 2148663296 1073746128 2418016320 147460 2048 0 0 0 2576 136 2148149344 2155610844 102772 4194304 1073807360 0 32768 17039368 16777281 128 402702336 4 5 1610612736 8 135168 7 2170061314 26756 1 1056 1076133904 111413264 0 0 1048576 1024 0 0 33792 11142464 33619968 3146752 512 7 2157576290 90788 2571150510 333856 0 16785444 1 0 134217728 0 0 8192 0 4198402 4112 256 2064 4096 1024 0 0 268435456 33554432 0 65536 0 16384 402653184 32912 9216 1075871761 44302336 1 8704 1081344 0 0 1024 34824 1075970144 44105728 0 1589760 1271960576 8736 34 33554432 16777252 0 0 134250496 536870912 0 8192 0 1077940224 4096 256 17 8650752 0 0 0 0 0 0 0 1073741888 1612581184 163977 0 131072 1073746048 2097152 147456 0 0 0 0 0 0 524288 1654429248 8325
is_linear=0
shrinkage=0.045


Tree=183
num_leaves=23
num_cat=19
split_feature=0 0 3 3 5 0 2 2 3 5 0 0 3 3 0 0 3 3 4 0 4 5
split_gain=1.50317 1.19698 1.50385 1.18587 0.879046 0.871101 0.860051 0.756332 1.23045 1.05334 2.40116 1.31689 2.11815 1.21104 1.88725 1.60942 1.82268 0.97705 1.48817 1.05202 0.938381 1.16147
threshold=0 1 2 3 5.6646935841241897 4 5 6 7 5.4004200416950168 8 9 10 11 12 13 14 15 16 17 18 3.7012257604091228
decision_type=9 9 9 9 8 9 9 9 9 8 9 9 9 9 9 9 9 9 1 9 1 10
left_child=3 2 4 5 -2 6 -1 8 -3 11 -11 12 -9 14 -13 16 -15 18 -12 -19 21 -18
right_child=1 7 -4 -5 -6 -7 -8 9 -10 10 17 13 -14 15 -16 -17 20 19 -20 -21 -22 -23
leaf_value=246.48960547938768 26.020150403952293 -18.071881265493744 -4.1519487071824699 69.936796758953733 -29.377498732775589 14.316081074220683 -41.619227902140196 -3.351078935722565 1.2991530142704499 103.92688780299069 -112.83613363665924 30.934195496132045 31.531837296821291 -0.21661042181464962 -2.5118583248513864 -1.4355841347624347 -81.012242940537348 -3.1028450079008882 -0.4411569655097638 56.928819951222998 -70.797756339913931 47.41134664284062
leaf_weight=128 369 743 572 1292 73 265 510 1098 876 935 180 917 1501 581 1672 8145 75 577 832 1098 415 121
leaf_count=128 369 743 572 1292 73 265 510 1098 876 935 180 917 1501 581 1672 8145 75 577 832 1098 415 121
internal_value=5.58169e-05 -6.27644e-05 -0.0015614 0.00117241 0.0004163 -8.36064e-05 -0.000983077 1.50169e-05 -0.000913243 9.83811e-05 0.000784768 -7.27953e-05 0.000842781 -0.00027291 0.000586505 -0.000511659 -0.00204817 9.50354e-05 -0.00100195 0.000760225 -0.0037488 -0.00122727
internal_weight=22975 20780 1014 2195 442 903 638 19766 1619 18147 3622 14525 2599 11926 2589 9337 1192 2687 1012 1675 611 196
internal_count=22975 20780 1014 2195 442 903 638 19766 1619 18147 3622 14525 2599 11926 2589 9337 1192 2687 1012 1675 611 196
cat_boundaries=0 13 26 28 30 42 43 44 46 60 73 75 77 91 105 107 109 110 124 125
cat_threshold=81937 2157051904 1342181584 2147483648 147456 0 0 0 0 16 65544 2416584800 128 4194308 1073807376 0 268468288 18087944 553648193 128 402669568 4 517 0 8 135170 26755602 19088 2078486566 149530 81936 8388608 0 0 0 0 0 0 0 0 0 2148016128 80 1 2148451932 4104 2392064 52429824 0 0 33024 1028 0 8192 0 2637824 0 3145732 2147516932 1 2189426752 4096 536870912 5 2147549252 0 256 1073741824 589824 1098907650 4272 16778624 8931328 3544912042 28337 4031250568 24688 2392064 100665348 1 2105344 268959744 0 0 65536 5120 36872 805306368 528 67109904 1 2392072 33832960 1 640 268468224 2308 0 8256 4096 67258368 606076928 1048576 544 16 168855152 131844 587489894 23394 2 0 12320 1 0 8912896 33554432 0 0 32768 12582912 150994944 512 8404992 6 2
is_linear=0
shrinkage=0.045


Tree=184
num_leaves=23
num_cat=19
split_feature=0 3 0 3 2 1 0 5 5 2 0 3 0 3 5 3 0 0 3 0 3 0
split_gain=1.46593 1.61621 1.25606 1.64954 1.0066 0.986429 0.976812 0.852343 0.844143 0.731824 1.80301 1.45591 0.838052 1.47418 0.852112 0.729686 2.61346 1.87594 1.20294 1.07564 1.0734 1.07197
threshold=0 1 2 3 4 5 6 5.2284276452838947 3.4175922930736511 7 8 9 10 11 5.6646935841241897 12 13 14 15 16 17 18
decision_type=9 9 9 9 9 9 9 8 10 9 9 9 9 9 10 9 9 9 9 9 9 9
left_child=1 4 3 5 -1 8 -5 -8 -2 10 -4 -12 13 14 -11 17 20 18 -14 -19 -17 -18
right_child=2 -3 9 6 -6 -7 7 -9 -10 12 11 -13 15 -15 -16 16 21 19 -20 -21 -22 -23
leaf_value=-28.797476573356555 87.252927485181488 114.72317136119725 -76.673340348787235 7.0104550110749564 231.70470327353109 -51.37821333699361 -0.91678562583623902 -28.050716203560857 -3.4425764540243895 -5.7865834211839582 -20.634034240614707 4.9291884063283975 -56.320675977078807 43.583571595300896 250.07032441395552 13.579063976285987 18.653122309807589 20.219597722272731 -3.1006696783675114 -1.1710133017161475 -14.165188160025034 3.1040228474322564
leaf_weight=690 43 1204 140 401 216 228 218 78 79 1007 703 773 366 1586 82 241 1568 871 1248 6287 1664 3282
leaf_count=690 43 1204 140 401 216 228 218 78 79 1007 703 773 366 1586 82 241 1568 871 1248 6287 1664 3282
internal_value=-2.93755e-06 0.00112394 -0.000117474 -0.00162748 -0.000313725 -0.00410221 -0.000336389 -0.00225 -0.000604477 -3.67623e-05 -0.00095086 -0.000465726 4.49656e-05 0.00077875 -0.00049455 -8.19549e-05 0.000269322 -0.000352459 -0.00173247 -3.8912e-05 -0.0011385 0.000823735
internal_weight=22975 2110 20865 1047 906 350 697 296 122 19818 1616 1476 18202 2675 1089 15527 6755 8772 1614 7158 1905 4850
internal_count=22975 2110 20865 1047 906 350 697 296 122 19818 1616 1476 18202 2675 1089 15527 6755 8772 1614 7158 1905 4850
cat_boundaries=0 13 15 28 30 31 33 45 46 59 61 74 76 78 91 105 107 120 122 136
cat_threshold=2179088 2148925440 3221229776 2147484288 0 0 0 0 0 16 131080 2148147296 128 1805899782 27160 4194373 1073807376 0 268468224 18088008 553648193 128 402669568 4 517 0 268439560 131072 138416192 110644 7 1051012 5 4 1073741840 0 0 64 536870976 128 402653184 4 0 0 268439552 1 32768 0 0 0 0 0 0 0 0 0 0 3072 16 2183119952 135180 42237952 33554432 805306368 85 268435456 1536 0 0 525440 1090527232 4240 2100864 2130176 7489538 344026 1059139124 250023 2147483648 16783364 0 0 704512 0 0 73728 536938496 1052994 1677721600 32784 1069088 8 8388704 1 8192 1073742336 256 768 1073750016 36872 2244616 302055424 1 1030 22 16780288 162 16777216 16777216 0 0 2147532800 4096 0 0 67584 322 1140850688 32784 1067040 1179656 262464 8 75497536 1 8192 516 256 0 32768 4096 6471688 268500992 17825792 8396822 7
is_linear=0
shrinkage=0.045


Tree=185
num_leaves=23
num_cat=19
split_feature=0 0 3 2 0 3 5 0 3 0 5 3 0 3 2 5 3 0 3 0 0 3
split_gain=1.51394 1.23102 2.42135 1.16673 1.14716 1.07449 0.821621 2.302 2.05199 1.3083 0.961732 0.950221 0.852678 0.83285 1.13316 1.02716 0.828026 2.31853 1.57179 1.46598 1.09209 0.953265
threshold=0 1 2 3 4 5 3.4175922930736511 6 7 8 1.8688348091416842 9 10 11 12 4.0517471391904856 13 14 15 16 17 18
decision_type=9 9 9 9 9 9 8 9 9 9 10 9 9 9 9 10 9 9 9 9 9 9
left_child=3 2 4 5 -2 -1 7 11 10 13 -9 12 -3 -8 15 -15 17 18 -11 21 -19 -18
right_child=1 6 -4 -5 -6 -7 9 8 -10 16 -12 -13 -14 14 -16 -17 19 20 -20 -21 -22 -23
leaf_value=-13.577182428111595 110.15273045614063 -19.135342804964257 -7.7288422984684182 420.3542414649371 -0.7629652689689761 30.377656161923348 70.699212926851473 1.2503302099507501 0.52239090160613377 0.46823062231500973 -60.287224289031826 16.813144465966364 12.51992263276972 3.3382415639541412 27.986141484226309 -115.95309926997416 2.8725164100559133 13.283897785563143 -57.30359619773477 -0.50222578089142988 -2.9830672959598292 29.78010297085893
leaf_weight=734 217 207 965 556 618 969 620 231 1156 289 1053 489 292 51 936 62 1058 1338 489 6350 3053 1242
leaf_count=734 217 207 965 556 618 969 620 231 1156 289 1053 489 292 51 936 62 1058 1338 489 6350 3053 1242
internal_value=2.44812e-05 -9.63912e-05 -0.00121689 0.00112748 0.000557851 0.000532653 1.09363e-05 -0.000619242 -0.00135807 0.000150484 -0.00259028 0.001206 -0.000184931 0.00133581 0.000547126 -0.003492 6.18193e-06 -0.000443833 -0.00268861 0.000275341 -3.9859e-05 0.00124567
internal_weight=22975 20716 1800 2259 835 1703 18916 3428 2440 15488 1284 988 499 1669 1049 113 13819 5169 778 8650 4391 2300
internal_count=22975 20716 1800 2259 835 1703 18916 3428 2440 15488 1284 988 499 1669 1049 113 13819 5169 778 8650 4391 2300
cat_boundaries=0 12 25 27 28 41 43 57 59 73 75 89 91 92 94 108 110 124 138 140
cat_threshold=33636360 2157314048 1073746128 2147483776 0 1 0 0 0 2097169 8 2416584800 4194305 65556 1 268468288 1081416 553648128 128 402710528 4 772 268566528 8 1183744 1100054580 293040 7 4194304 0 0 0 1081344 536870912 0 268435456 0 256 131072 0 4096 736325700 150056 0 67120128 536870912 2097152 8388608 0 0 1073807360 536903680 1589250 673189904 16782353 8947712 4 35232466 317852 2392084 16448 335544320 17 4 1028 768 0 7168 33824 65568 2097156 288 17 3414443520 133292 0 11264 0 2097152 0 0 0 65536 0 2 0 0 34816 4 2736418916 92168 2 857956412 421952 16777216 2102272 536870912 2105344 256 33554496 0 1073741824 32768 1048576 35655808 16777344 16512 2 570515468 131072 1082130432 2102272 536870912 8708 768 33554432 0 0 32768 71305224 1107300480 1052800 67125889 2 2147487744 50331680 0 0 2550661120 256 0 65536 0 1082130434 67108864 32769 2147517460 4 3369373824 33946
is_linear=0
shrinkage=0.045


Tree=186
num_leaves=23
num_cat=17
split_feature=0 0 3 0 5 3 0 2 3 0 3 5 3 0 0 0 0 3 5 5 5 3
split_gain=1.62215 1.39367 2.96197 0.709671 0.67829 1.24054 0.745587 0.704097 0.949739 0.844446 1.40783 1.29364 0.835506 2.14998 2.00613 1.10185 1.04407 0.81786 0.78786 0.70554 0.904799 0.689622
threshold=0 1 2 3 6.0969494222992333 4 5 6 7 8 9 5.6646935841241897 10 11 12 13 14 15 3.0201273556387074 3.9219243190762363 3.8393944990995772 16
decision_type=9 9 9 9 10 9 9 9 9 9 9 8 9 9 9 9 9 9 10 10 8 9
left_child=-1 2 3 -2 7 -6 -7 8 18 10 11 -9 14 -14 -11 17 21 -15 -3 20 -19 -16
right_child=1 4 -4 -5 5 6 -8 9 -10 12 -12 -13 13 15 16 -17 -18 19 -20 -21 -22 -23
leaf_value=31.942465737366909 60.458474864215923 -115.87986189174376 -8.7431061826197212 -2.0907254111953688 94.735706064841537 107.26915538886517 -4.5128812673583942 -38.489652062550583 151.86734838260921 17.361356982903946 0.94535417238495367 -190.26174196424884 22.169002732754254 1.4928815172222021 0.55227552905650656 1.4136306479047691 -2.3842288990362612 -56.18348950244313 81.959748405122681 -5.8736975305974628 -118.87253362474992 -35.321259100440791
leaf_weight=771 429 48 905 275 329 230 734 405 484 1945 595 44 1540 259 332 4253 7905 219 65 334 46 828
leaf_count=771 429 48 905 275 329 230 734 405 484 1945 595 44 1540 259 332 4253 7905 219 65 334 46 828
internal_value=6.16923e-05 -9.31744e-06 -0.00127977 0.000905028 9.06247e-05 0.00108764 0.000248976 2.37776e-05 0.00152956 -2.52443e-05 -0.00126136 -0.00313341 4.86337e-05 0.000446421 -0.000191889 8.78559e-07 -0.000473449 -0.00145862 -0.002052 -0.00236416 -0.00412921 -0.00172782
internal_weight=22975 22204 1609 704 20595 1293 964 19302 597 18705 1044 449 17661 6651 11010 5111 9065 858 113 599 265 1160
internal_count=22975 22204 1609 704 20595 1293 964 19302 597 18705 1044 449 17661 6651 11010 5111 9065 858 113 599 265 1160
cat_boundaries=0 13 26 28 39 41 54 55 57 71 73 75 89 102 115 129 131 132
cat_threshold=16793600 2148941824 1174409424 2147483648 0 65 0 0 134217736 0 65576 141408 65536 4 65556 1 268468288 1081416 553648128 640 402710528 4 773 131072 8 135168 10027668 281000 0 20 1 0 1081344 536870912 0 402653184 0 1 131072 135808066 2688 2129920 0 0 0 134217728 33554432 0 65536 0 4198400 0 2147483648 2147483648 224 29361184 544 4096 96 0 0 16793600 0 0 0 0 67108898 10485760 2654208 8929280 4 2170062402 67736 2123689492 24198 14974976 100663296 0 128 268435968 4 0 0 1024 182280 201330832 512 67118117 3 2147549264 25165824 0 8709 65536 6400 0 1073741824 67584 10092624 536870912 2164261893 1048832 2147483664 16777216 0 517 0 0 0 0 34816 8912960 536870912 285213701 2148534272 14942209 1142947840 0 0 268435972 4 0 0 0 51200 67108880 512 9220 3 2101512 393320 1779434512
is_linear=0
shrinkage=0.045


Tree=187
num_leaves=23
num_cat=19
split_feature=0 0 3 2 3 0 0 3 0 0 3 3 5 0 0 4 5 3 5 3 0 3
split_gain=1.59088 1.20678 2.10777 0.878978 2.10461 1.73654 0.990624 1.41559 0.880187 0.877483 0.931766 0.781101 0.686385 0.851746 0.734517 0.67872 0.670725 0.64577 0.648684 0.626991 0.77546 0.617819
threshold=0 1 2 3 4 5 6 7 8 9 10 11 3.8393944990995772 12 13 14 3.3497501700808394 15 4.7578820629520608 16 17 18
decision_type=9 9 9 9 9 9 9 9 9 9 9 9 10 9 9 1 8 9 8 9 9 9
left_child=21 2 -2 4 8 17 7 15 -3 11 -11 -4 14 -14 16 -5 -7 18 -6 20 -15 -1
right_child=1 3 9 6 5 12 -8 -9 -10 10 -12 -13 13 19 -16 -17 -18 -19 -20 -21 -22 -23
leaf_value=67.542647549872228 8.957904157694232 229.04783250007355 64.976733734360323 -69.573458813534941 -4.9618413093456279 2.9913993350316521 0.085126778472832149 -1.7586722610761818 -12.600758163059901 -1.189215627323305 -39.142710328235516 -14.923923109883917 -7.8859117222216106 -25.927575874294391 1.9965277038377076 -64.931564050343752 -131.94838948006355 285.81400182895362 286.28928807676067 79.078093387647215 53.037330339826973 1.0349898803509003
leaf_weight=336 629 148 133 70 190 51 15979 301 1001 135 294 296 106 100 704 51 67 576 186 842 173 607
leaf_count=336 629 148 133 70 190 51 15979 301 1001 135 294 296 106 100 704 51 67 576 186 842 173 607
internal_value=0.000100862 2.28635e-05 -0.00120981 0.000112735 0.000697305 0.00132441 -3.53681e-05 -0.00215668 -0.000934108 -0.00264828 -0.00409184 -0.00113265 0.000575913 0.0012547 -0.000425971 -0.00605639 -0.00353077 0.00290353 0.00134536 0.00161713 -0.000268421 0.00189895
internal_weight=22975 22032 1487 20545 4144 2995 16401 422 1149 858 429 429 2043 1221 822 121 118 952 376 1115 273 943
internal_count=22975 22032 1487 20545 4144 2995 16401 422 1149 858 429 429 2043 1221 822 121 118 952 376 1115 273 943
cat_boundaries=0 13 26 28 29 31 44 57 59 72 83 85 87 98 111 112 114 116 128 130
cat_threshold=2147500049 3222667264 1174409424 2147483648 285212672 0 0 32768 0 16384 40 139360 9502720 4194304 65556 0 268468800 294920 553648128 640 268460032 12 67109637 44040192 16777224 131072 1087459988 360632 240 1472433186 278536 2129920 69206080 1 0 0 0 0 0 0 2056 16777216 2149056768 49688 0 16777216 1 0 0 2048 256 64 0 32 0 2621440 16384 2148024320 4232 0 0 0 0 0 0 0 65536 0 0 0 2148007936 4 0 0 0 64 32768 553648128 512 24576 4 67108864 41943040 2148008960 18432 17432576 12800 0 0 0 0 135331840 0 0 65536 0 2097152 268435456 0 2048 0 0 524288 0 0 0 0 5120 134217728 0 2048 4 4800 2724 135790852 10256 0 4096 0 0 0 0 0 0 0 5122 0 32784 566939650 131140
is_linear=0
shrinkage=0.045


Tree=188
num_leaves=23
num_cat=19
split_feature=0 3 4 1 5 0 3 3 0 3 0 0 0 3 3 0 1 0 0 3 5 5
split_gain=1.39122 0.91756 0.743469 1.16231 2.22243 0.986724 1.01708 0.787451 2.54728 2.40442 2.19348 1.60512 1.30122 0.862208 0.786788 1.63406 1.48331 0.784958 0.777634 0.759052 0.720172 0.701712
threshold=0 1 2 3 4.8789996228937618 4 5 6 7 8 9 10 11 12 13 14 15 16 17 18 4.516324041782946 3.5408542930527882
decision_type=9 9 1 9 10 9 9 9 9 9 9 9 9 9 9 9 9 9 9 9 10 8
left_child=1 -1 3 19 -5 6 18 8 9 -7 -9 13 21 -10 16 -16 -13 -11 -4 -2 -21 -12
right_child=2 -3 5 4 -6 7 -8 10 11 17 12 14 -14 -15 15 -17 -18 -19 -20 20 -22 -23
leaf_value=104.66862328822188 20.830991253240544 0.85740698854828878 -10.681021521007438 -5.4945205078901136 -79.198319998180054 -98.102650943476675 19.549548080785502 30.723495196228455 -33.630266238832618 6.1228991362991172 -22.204951309179982 -22.897880222120612 -3.1113486907311385 8.5155253183944719 -35.910796905202737 -2.0573399210535031 3.1443589617936643 -17.577588854507894 8.5527377812337591 -33.293686976559457 8.1162666325975561 14.56693841883849
leaf_weight=336 215 476 978 245 85 230 2137 1301 175 238 662 587 3788 2144 743 1828 2674 374 496 249 181 2833
leaf_count=336 215 476 978 245 85 230 2137 1301 175 238 662 587 3788 2144 743 1828 2674 374 496 249 181 2833
internal_value=0.000106737 0.00192233 3.91659e-05 -0.00117451 -0.00328947 9.51394e-05 0.000771322 -4.42604e-05 -0.000338312 -0.00267681 0.000263844 -9.31641e-05 -4.13295e-05 0.000905406 -0.000491273 -0.0010784 -2.61227e-05 -0.00113942 -0.0001393 -3.42464e-05 -0.00111991 0.000583832
internal_weight=22975 812 22163 975 330 21188 3611 17577 8993 842 8584 8151 7283 2319 5832 2571 3261 612 1474 645 430 3495
internal_count=22975 812 22163 975 330 21188 3611 17577 8993 842 8584 8151 7283 2319 5832 2571 3261 612 1474 645 430 3495
cat_boundaries=0 13 15 16 18 31 33 35 48 50 64 77 91 92 94 107 109 121 134 136
cat_threshold=2147504145 2148925440 1174409424 2147483648 268435456 2048 0 0 8 32 40 139360 65536 562221138 131236 1 24 1633 10518596 8388608 2415919104 268435521 147460 0 0 0 524288 1099958548 128 2148008064 75530400 943913228 420250 1873059374 72741 4456456 8272 1 40960 16842760 0 512 402662464 4096 16385 10682384 16777216 1049600 1627389952 4 38010888 69214224 536870912 8192 17891328 320 0 402653184 5120 16384 2297872 16779265 2098192 4 16777216 33641504 0 4 8389184 33555460 0 1073840128 98304 2621440 1090519040 2134016 2147504131 65536 64 1 512 134774784 0 512 8192 536870912 4330506 612368384 1050388 1051148 18 50331656 1101010984 69668 1073741824 83886080 0 128 32768 0 0 0 0 131082 268435456 2064 2056 269486401 65864 0 8208 0 0 0 0 512 268436480 4096 16384 65536 16777216 32768 8388608 0 1 4 0 0 0 0 16 0 2147483776 75530240 2177106472 16384
is_linear=0
shrinkage=0.045


Tree=189
num_leaves=23
num_cat=17
split_feature=0 0 3 0 0 3 3 1 5 0 3 5 5 3 0 0 3 3 0 0 5 5
split_gain=1.62391 0.915043 1.30201 1.5474 1.18078 0.853634 0.749125 0.732282 0.702338 1.06541 0.760708 0.713473 0.857904 1.67653 1.4796 0.991537 1.2443 0.799734 2.59618 1.69331 1.12722 1.01258
threshold=0 1 2 3 4 5 6 7 6.0626210638078133 8 9 1.7005986908310777 2.8029010331479989 10 11 12 13 14 15 16 3.1132683346437333 3.0677824455408698
decision_type=9 9 9 9 9 9 9 9 10 9 9 8 8 9 9 9 9 9 9 9 8 10
left_child=-1 2 3 -2 6 -6 -4 -5 11 -10 -11 -3 13 -13 -15 16 -14 18 -17 -19 21 -21
right_child=1 8 4 7 5 -7 -8 -9 9 10 -12 12 15 14 -16 17 -18 19 -20 20 -22 -23
leaf_value=28.101045232768698 -5.3093236878133991 22.208248466390391 -58.008361009494323 47.182031360491898 37.35266724214766 -2.2907564094155188 -13.26959686698547 -0.16789016722448227 139.2920974515047 -34.311605020558659 10.315003698143107 -68.013184137626041 37.172774155250401 -85.113895077385834 4.5493403448055592 -10.082275099542393 3.0199485973857567 6.0423019582122794 8.8446571284280679 -22.790166715483135 -4.6593035653977042 -87.342234140278762
leaf_weight=772 101 590 125 273 129 245 322 276 363 211 818 358 598 100 460 1671 2403 2929 3636 249 6294 52
leaf_count=772 101 590 125 273 129 245 322 276 363 211 818 358 598 100 460 1671 2403 2929 3636 249 6294 52
internal_value=0.000122405 5.12493e-05 -0.00102866 0.000475831 -0.00220948 -0.000303109 -0.0037549 0.00143583 0.000128423 0.00110402 0.000341499 5.81637e-05 9.59914e-06 -0.00133043 0.000236014 7.87262e-05 0.000822934 -7.24582e-05 0.000369713 -0.000319002 -0.000718556 -0.00340099
internal_weight=22975 22203 1471 650 821 374 447 549 20732 1392 1029 19340 18750 918 560 17832 3001 14831 5307 9524 6595 301
internal_count=22975 22203 1471 650 821 374 447 549 20732 1392 1029 19340 18750 918 560 17832 3001 14831 5307 9524 6595 301
cat_boundaries=0 13 26 28 38 51 53 55 56 70 72 74 87 101 103 105 118 132
cat_threshold=16793600 1441792 1174405200 2147483776 0 0 512 1024 134217736 32 196648 139361 9502720 4194304 65552 1 268476992 1065032 16777280 128 268492800 4 67125765 44040192 8 135168 144180276 158264 0 65536 0 32768 8 0 128 16384 0 16384 4194304 16 1 512 1048640 64 0 268476416 0 513 2097152 0 131072 16797696 4224 16928768 65664 135792692 1075871744 0 0 0 134250496 0 0 65536 0 4722690 0 0 2147516928 4 54689824 24584 173904420 44 32768 12288 0 0 0 0 0 0 0 8 0 32768 2147483656 8421392 2172649472 2415923328 1 1073938432 1796 0 0 7168 9570320 0 2416443524 0 16 3256126532 65569 3760885898 303484 327680 8224 0 2097152 557056 536870913 0 134217728 65536 1074303296 150994944 19955968 18440 331776 1073751040 0 2097168 0 536870912 256 134217792 65536 1074299200 150995072 3179776 2115848 1
is_linear=0
shrinkage=0.045


Tree=190
num_leaves=23
num_cat=17
split_feature=0 0 5 3 3 3 5 5 3 0 3 3 0 0 3 1 5 3 5 0 0 3
split_gain=1.14976 1.03079 0.845006 1.14331 0.81088 0.653243 0.633644 0.86124 1.42302 0.872655 1.12057 0.843232 2.34017 1.77057 0.917061 0.839688 1.26893 0.940913 0.787277 1.02144 0.778593 1.18503
threshold=0 1 6.2519020269174783 2 3 4 1.7005986908310777 2.8029010331479989 5 6 7 8 9 10 11 12 2.4414009612931857 13 3.5972184255501678 14 15 16
decision_type=9 9 10 9 9 9 8 8 9 9 9 9 9 9 9 9 10 9 8 9 9 9
left_child=4 5 6 -4 -1 -2 -3 8 -8 10 -9 12 -11 14 18 16 -10 -17 -13 -20 21 -15
right_child=1 2 3 -5 -6 -7 7 9 15 11 -12 13 -14 20 -16 17 -18 -19 19 -21 -22 -23
leaf_value=-16.243809881744721 8.5754250708726829 22.485812086010768 97.797093488725466 1.3481127274153295 46.275922793239758 -4.1017699766031637 6.0961590842141913 47.990719527872102 0.74309376898556412 34.238189934004794 0.87178479224208671 -102.35659649685574 -1.0077627303066918 -2.6117623281431617 -25.596078911732093 -98.279043806414037 -125.72025119046218 -10.025387697072883 -12.37588984523069 11.143709092454554 -2.7902916118068992 15.511049657947497
leaf_weight=107 259 621 372 672 588 822 231 747 53 1426 2706 89 3186 1571 541 118 75 455 115 334 6019 1868
leaf_count=107 259 621 372 672 588 822 231 747 53 1426 2706 89 3186 1571 541 118 75 455 115 334 6019 1868
internal_value=9.10695e-05 3.43174e-05 0.000103744 0.00135086 0.00187765 -0.00131336 3.90685e-05 -5.98878e-06 -0.0013394 6.09548e-05 0.000705195 -8.63728e-05 0.000420415 -0.000308418 -0.00202521 -0.00232889 -0.00552857 -0.00151538 -0.000670909 8.98006e-05 -0.000110243 0.000429006
internal_weight=22975 22280 21199 1044 695 1081 20155 19534 932 18602 3453 15149 4612 10537 1079 701 128 573 538 449 9458 3439
internal_count=22975 22280 21199 1044 695 1081 20155 19534 932 18602 3453 15149 4612 10537 1079 701 128 573 538 449 9458 3439
cat_boundaries=0 13 26 28 30 32 34 48 50 52 66 79 81 83 85 97 110 112
cat_threshold=2147500033 2148925440 1140854992 2147483652 0 512 0 0 0 512 65544 139360 1048576 64 0 0 268468800 2147762184 16777216 128 268492800 12 67125253 44171264 9 8523776 2291815426 2564 2147483712 71696 147869824 67608 2701131856 510016 32784 8388608 2449473536 129 196672 1028 512 0 7168 9440280 0 2148008068 32 16 1108388708 98337 3759083674 270680 35651584 85993492 1 0 402653184 536871232 0 0 32768 4194304 67109008 2097664 42005 2 12 69208084 0 0 268436224 321 0 1024 32768 0 67108880 285216768 9220 172000096 69792 1073741828 65544 38863364 8 0 4 0 0 256 320 0 0 0 0 16 268435456 1098973184 20480 536870912 2097152 1082130432 33556480 0 64 0 1076396320 1073745920 3344 69224840 328253988 4641
is_linear=0
shrinkage=0.045


Tree=191
num_leaves=23
num_cat=19
split_feature=0 0 3 5 0 3 0 0 3 4 3 3 0 3 3 5 5 0 0 3 0 0
split_gain=1.44717 1.1638 1.00785 0.736853 2.08185 1.29697 0.938929 0.803054 1.77095 0.728542 1.18054 0.727017 0.653904 0.840159 0.769273 1.37182 0.613581 0.60617 0.600645 0.594721 2.29447 1.72163
threshold=0 1 2 5.4004200416950168 3 4 5 6 7 8 9 10 11 12 13 3.4175922930736511 3.9019216517693867 14 15 16 17 18
decision_type=9 9 9 10 9 9 9 9 9 1 9 9 9 9 9 10 8 9 9 9 9 9
left_child=-1 2 16 7 -5 18 11 8 -3 10 -10 -7 13 -11 -14 -16 -2 -4 -6 20 -9 -21
right_child=1 3 17 4 5 6 -8 19 9 12 -12 -13 14 -15 15 -17 -18 -19 -20 21 -22 -23
leaf_value=45.022022144968098 33.521351859626812 2.2256040279011531 -0.6457134552147108 93.776406545791374 44.006371424530712 13.443414231371767 -0.2574856049890451 13.704373380243455 62.866859980329814 25.547241723886852 -6.2560614655201503 -32.522361432579281 -2.4725767016454099 -17.492114133966201 4.6005390094522056 -87.326901014137277 -1.3149189604850045 -6.9787314694712625 5.8689773378424892 -5.3113721133818759 -5.1098303660069533 4.8055962853693739
leaf_weight=670 155 1142 207 845 318 109 1595 1985 116 115 158 295 130 263 52 173 228 355 417 1960 5925 5762
leaf_count=670 155 1142 207 845 318 109 1595 1985 116 115 158 295 130 263 52 173 228 355 417 1960 5925 5762
internal_value=6.95262e-05 7.05757e-06 -0.00152821 7.58003e-05 0.000664759 5.57176e-05 -0.000539284 -4.27654e-05 -0.000855854 -0.0022213 -0.000260869 -0.00244471 -0.00298163 -0.00152308 -0.00435286 -0.00598101 0.000262025 -0.00272822 0.00165663 6.96115e-05 -0.000204494 0.000350272
internal_weight=22975 22305 945 21360 3579 2734 1999 17781 2149 1007 274 404 733 378 355 225 383 562 735 15632 7910 7722
internal_count=22975 22305 945 21360 3579 2734 1999 17781 2149 1007 274 404 733 378 355 225 383 562 735 15632 7910 7722
cat_boundaries=0 13 26 28 42 44 57 70 72 73 75 77 89 91 93 106 119 121 134 147
cat_threshold=16388 2148925440 1375736016 2147483652 0 1 0 1024 0 0 65544 143456 1114112 2147483729 65536 0 268468288 2147745800 16777216 128 268492800 4 67125253 131072 8 8519682 2341605380 6188 1076133888 119538724 0 0 32768 1028 0 0 0 2621440 0 1049604 2147533312 5 2283344704 262800 33554432 12304 0 0 134217728 0 0 0 0 4104 16781312 0 17 14680064 52447236 0 8704 32768 536876100 512 0 8 2755168 10485760 513 524800 1780029074 221396 2 2155888640 40 1056 139268 8388608 2099204 0 8192 0 1024 0 0 0 131072 0 512 16777248 4104 4229216 2560 0 0 0 32768 2147483648 0 0 268435456 4 67125249 0 0 131074 0 4096 0 0 142606336 0 0 0 0 4104 0 2147483648 16 774905644 78559 0 8400960 2147483648 2097297 147776 0 0 1073741824 100352 1048592 1140854784 2433223696 4480 1090523136 12384 0 2097280 671744 0 0 1073741824 536971264 1048576 1174409216 268438784 384
is_linear=0
shrinkage=0.045


Tree=192
num_leaves=23
num_cat=21
split_feature=0 3 0 0 2 0 0 3 3 0 0 5 4 0 0 3 3 0 3 0 0 3
split_gain=1.56733 1.01328 0.92067 0.856708 0.792524 1.96157 1.83283 1.45887 1.2658 2.491 1.76561 1.23708 1.33016 3.0783 2.29107 1.65311 1.47782 1.33506 1.2753 1.17895 1.14867 1.12585
threshold=0 1 2 3 4 5 6 7 8 9 10 5.6646935841241897 11 12 13 14 15 16 17 18 19 20
decision_type=9 9 9 9 9 9 9 9 9 9 9 10 1 9 9 9 9 9 9 9 9 9
left_child=1 -1 -2 -3 5 -4 -6 19 9 -8 -10 12 14 16 -12 20 -14 -17 -16 21 -15 -7
right_child=2 3 4 -5 6 7 8 -9 10 -11 11 -13 13 15 18 17 -18 -19 -20 -21 -22 -23
leaf_value=3.7735253080777236 448.07393978007605 -0.43398965309558341 -100.50352981004053 -6.9830371665561168 142.64022028928704 7.1443010524610644 -27.988836273075673 2.5342735690234024 35.598525365495611 1.2680721164669406 46.660279772441349 40.262695594818965 -9.2204721794468991 -99.39781763961453 -59.243862430139018 -25.054155375544592 10.290017848924885 2.9540871434741782 0.29217298031923156 -22.908667088706355 -37.313346925124193 -19.274280071628915
leaf_weight=354 207 237 241 442 759 703 1366 2529 2255 2438 1917 1078 450 105 404 461 1324 968 1572 1144 1171 850
leaf_count=354 207 237 241 442 759 703 1366 2529 2255 2438 1917 1078 450 105 404 461 1324 968 1572 1144 1171 850
internal_value=3.62321e-05 -0.00166651 0.000117245 -0.00267656 8.79433e-05 -0.00038027 0.000245455 -0.00019244 0.000138877 -0.000573113 0.000370616 9.98733e-05 -8.49055e-05 -0.000613591 0.000523363 -0.00156515 0.000841546 -0.000502776 -0.000552314 -0.000918604 -0.00273913 -0.00010639
internal_weight=22975 1033 21942 679 21735 5467 16268 5226 15509 3804 11705 9450 8372 4479 3893 2705 1774 1429 1976 2697 1276 1553
internal_count=22975 1033 21942 679 21735 5467 16268 5226 15509 3804 11705 9450 8372 4479 3893 2705 1774 1429 1976 2697 1276 1553
cat_boundaries=0 13 15 28 41 42 55 68 70 72 85 98 99 113 127 129 131 145 147 160 173 175
cat_threshold=2147483669 65536 268435456 32832 2147483720 1 128 268492800 4 16389 0 268439560 8523778 2333807620 6152 0 1048576 80 2147483648 0 0 0 0 0 0 8 139360 65536 16 65536 0 32768 2147483648 0 0 0 0 16389 0 0 135170 3 6324224 131072 0 4 0 0 0 0 0 0 201326592 0 4 48267264 131072 536870912 21 256 33554432 0 0 0 8192 0 2688 524288 2704954908 332884 258023460 2603 262144 35926116 1 2097664 134250496 536870912 0 134217728 0 6819842 83886080 2166882320 4 16392 2258894912 4096 2097664 98304 536870976 0 1207959552 528384 8388610 69206016 2166882305 3145732 2 16777216 16790560 1 0 276955648 0 0 66560 100352 1180736 1526726656 32784 67108864 2 262144 16783412 1 0 134742016 1280 0 0 1024 6852608 545259520 1048836 2214636048 5 2685945024 5316 277610496 8324 0 2048 0 8192 524288 1024 0 0 0 2654208 536870912 0 33288 5 1610777152 24832 1073807360 4096 3221225472 128 8388612 0 0 65536 536870912 264 16777216 2147517956 1025 0 20 0 0 1048576 0 0 0 0 0 0 4 32768 2684880384 4100
is_linear=0
shrinkage=0.045


Tree=193
num_leaves=23
num_cat=19
split_feature=0 3 0 0 1 5 2 3 5 0 4 1 0 3 0 3 5 3 0 0 3 2
split_gain=1.69195 2.39571 1.30752 1.04278 0.939834 1.15141 0.702521 1.04557 1.10302 0.959751 0.649986 1.18989 0.952462 1.48407 1.00369 0.905149 0.805883 0.716417 2.58561 1.32311 1.96175 0.935423
threshold=0 1 2 3 4 2.9174053685313028 5 6 3.0201273556387074 7 8 9 10 11 12 13 4.0163424379838117 14 15 16 17 18
decision_type=9 9 9 9 9 10 9 9 10 9 1 9 9 9 9 9 10 9 9 9 9 9
left_child=1 4 -2 -3 -1 -6 7 8 -4 -8 11 -11 13 14 16 -13 -12 18 -14 20 -19 -20
right_child=2 3 6 -5 5 -7 9 -9 -10 10 12 15 17 -15 -16 -17 -18 19 21 -21 -22 -23
leaf_value=0.86865612399541814 217.50812578704048 19.41914259726305 -124.2060036834097 -1.4862951748520246 -25.934738913061839 -9.1890376612216222 -154.31308909720403 197.90230881323882 158.08975857171941 -96.136972748774795 -121.761565244916 -21.53949489248749 7.690567560056083 36.529112961936214 0.58443022770766073 1.4541510527558674 -5.2987588992455237 40.918395701401103 -66.236012363145363 -0.25964954587373251 -0.1706674252373466 -5.9423880571149015
leaf_weight=100 203 353 48 365 60 313 141 471 53 109 47 355 1228 1442 383 489 53 1558 192 11095 1805 2112
leaf_count=100 203 353 48 365 60 313 141 471 53 109 47 355 1228 1442 383 489 53 1558 192 11095 1805 2112
internal_value=3.81905e-05 -0.00160474 0.000128831 4.93152e-05 -0.00405464 -0.00510779 9.3989e-05 0.00163356 -0.00234956 5.11633e-05 7.71553e-05 -0.00106963 0.000132174 0.00108028 -0.00106364 -0.000452103 -0.00482143 2.99968e-05 -0.000543454 0.000170422 0.000950667 -0.00143005
internal_weight=22975 1191 21784 718 473 373 21581 572 101 21009 20868 953 19915 1925 483 844 100 17990 3532 14458 3363 2304
internal_count=22975 1191 21784 718 473 373 21581 572 101 21009 20868 953 19915 1925 483 844 100 17990 3532 14458 3363 2304
cat_boundaries=0 13 15 27 40 42 43 45 57 58 60 74 76 89 91 93 107 120 122 123
cat_threshold=2151677973 65536 268435456 32768 2147582024 536870977 128 268485632 4 16389 0 4105 1183744 3359640162 180532 0 1048576 100663376 2147483652 0 0 0 0 134217728 32 0 131168 2147483668 0 0 0 2147483712 536870913 128 268436480 0 0 0 4097 1052672 1048596 9 96 12620832 512 0 0 0 0 0 0 0 0 0 0 0 2621440 1 1092 20 41992256 2256666624 3758100608 268443713 147460 0 0 0 524288 1090521104 0 128 32896 4 673193992 219395 41943040 75497472 536870912 0 4 0 0 0 0 0 0 0 128 16608 22732 321041676 265219 0 8224 0 0 143130624 0 0 1073807360 536906752 15369216 402657328 2052 2147486721 3 18939912 18876432 1 656 16777728 1024 256 0 65536 4608 19005568 2164261632 524836 2753036912 201032 1
is_linear=0
shrinkage=0.045


Tree=194
num_leaves=23
num_cat=21
split_feature=0 0 3 2 3 0 0 0 0 5 0 3 3 0 0 3 4 0 3 0 0 3
split_gain=1.33569 0.963184 0.935146 0.627832 2.22578 1.83818 1.79875 0.911665 0.874714 0.821798 0.702483 1.64508 0.843349 2.5751 1.90013 1.09836 1.04476 0.972373 1.02364 0.858998 0.852192 0.827544
threshold=0 1 2 3 4 5 6 7 8 3.1984648276080736 9 10 11 12 13 14 15 16 17 18 19 20
decision_type=9 9 9 9 9 9 9 9 9 10 9 9 9 9 9 9 1 9 9 9 9 9
left_child=2 -2 -1 7 6 -6 -5 9 -7 -3 11 -9 14 -14 15 -12 -17 -18 -19 21 -20 -15
right_child=1 3 -4 4 5 8 -8 10 -10 -11 12 -13 13 19 -16 16 17 18 20 -21 -22 -23
leaf_value=6.9117386355898196 90.943437178701998 22.942432580953767 -3.3690317120095412 76.976124632675763 182.00460748949027 -25.384882732753713 -14.843696565124176 13.200903327503253 8.7703469613831668 -174.05976670650696 3.0511044810245149 -3.9813634133153899 16.468668921893183 2.9468426185580352 -0.37794025799966613 -1.535646725810478 -12.508415816461515 -8.1186166505196873 -36.263502949059891 0.29243824675851499 -78.990690649533903 -24.561668338003731
leaf_weight=243 514 39 848 376 694 107 1310 1176 2103 73 374 1018 1506 354 6763 556 795 149 110 3040 187 640
leaf_count=243 514 39 848 376 694 107 1310 1176 2103 73 374 1018 1506 354 6763 556 795 149 110 3040 187 640
internal_value=2.25227e-05 9.94704e-05 -0.00150544 5.26145e-05 0.000518253 0.00127161 -0.000779152 -7.50356e-05 0.000627813 -0.00391935 -4.64027e-05 0.000701723 -0.000160293 0.000275577 -0.000430583 -0.0015852 -0.00204726 -0.00278399 -0.0044607 -0.000318092 -0.00601456 -0.00145825
internal_weight=22975 21884 1091 21370 4590 2904 1686 16780 2210 112 16668 2194 14474 5540 8934 2171 1797 1241 446 4034 297 994
internal_count=22975 21884 1091 21370 4590 2904 1686 16780 2210 112 16668 2194 14474 5540 8934 2171 1797 1241 446 4034 297 994
cat_boundaries=0 13 25 27 28 30 43 56 69 81 94 96 98 112 126 127 128 142 144 158 171 173
cat_threshold=2151677973 65536 0 32768 2147549256 65 128 268460032 4 68173829 2097152 4104 1179650 16777216 2182217728 3221229776 2147483712 0 0 0 0 0 0 131072 139360 2181694468 648 7 1470338850 281112 35684352 67108928 1 0 256 0 0 0 0 2103296 16777216 2148007936 8389128 0 16781312 1 0 134217728 0 0 65536 0 1024 0 2148008960 4 0 0 0 0 0 0 0 0 8 544 0 2621440 8388608 0 0 0 0 134742016 0 0 65536 0 64 33554432 16777216 65600 0 268435456 268435585 268451840 1028 512 1073840128 1024 3221750096 160 16812048 6656 1764807202 23694 2878535700 171214 2134016 1168114688 536870913 2105344 4 33554688 0 0 32768 8421384 117506064 640 67110016 6 2134024 94633984 1 2105360 1073741828 256 0 0 32768 131072 604045320 1049216 69206152 6 2165334016 2 0 69468160 0 16 0 0 0 0 0 0 67108864 1049216 67108872 6 545259536 8 1074003968 4 0 4 135397376 536875008 0 134218752 0 4096 268435456 268436485 24612 1 32768 0 0 8192 0 0 0 0 0 131072 0 0 128 1076101832 271104
is_linear=0
shrinkage=0.045


Tree=195
num_leaves=23
num_cat=20
split_feature=0 3 0 0 3 2 0 3 0 0 0 5 0 3 5 0 2 0 3 3 3 0
split_gain=1.49836 1.84539 1.11174 1.01518 1.38343 1.0796 0.985706 0.797201 2.69788 1.98266 1.34097 1.98636 1.2877 1.18689 0.951337 0.90801 0.877473 0.899256 0.874664 0.858799 0.804614 1.1455
threshold=0 1 2 3 4 5 6 7 8 9 10 3.1132683346437333 11 12 3.8176519431297078 13 14 15 16 17 18 19
decision_type=9 9 9 9 9 9 9 9 9 9 9 10 9 9 8 9 9 9 9 9 9 9
left_child=1 6 -3 4 -2 -6 -1 9 18 13 11 -11 -10 -5 15 -14 17 -12 -9 -19 21 -13
right_child=3 2 -4 7 5 -7 -8 8 12 10 16 20 14 -15 -16 -17 -18 19 -20 -21 -22 -23
leaf_value=-0.0016380204722610458 47.529154648202507 20.446874053312943 -1.2250610679204739 -14.492867411744578 -12.311408773586866 222.45308238064774 -34.304887430636334 9.8895418455220856 -5.9933592245666674 -94.067418024715494 0.82903555124484529 59.563004630077316 2.0805718737137773 35.380240321154695 7.9146826101617442 -22.932482280780096 -0.67528627951348008 -47.463001241335341 49.656158062490213 -3.0176834616740669 -9.8801204985704008 -1.8157752770957845
leaf_weight=110 1240 423 414 251 872 235 322 915 1931 254 322 251 946 993 4205 1013 6106 229 716 232 610 385
leaf_count=110 1240 423 414 251 872 235 322 915 1931 254 322 251 946 993 4205 1013 6106 229 716 232 610 385
internal_value=1.66472e-05 -0.00147892 -0.000227915 0.000104844 0.000986223 -0.000172922 -0.00383108 -2.5552e-06 0.000284658 -0.000292535 -0.000541542 -0.00175595 -5.2732e-05 0.0013758 0.00026522 -0.000553034 -0.000274525 -0.00168113 0.00194735 -0.00293975 -0.00102404 0.000111111
internal_weight=22975 1269 837 21706 2347 1107 432 19359 9726 9633 8389 1500 8095 1244 6164 1959 6889 783 1631 461 1246 636
internal_count=22975 1269 837 21706 2347 1107 432 19359 9726 9633 8389 1500 8095 1244 6164 1959 6889 783 1631 461 1246 636
cat_boundaries=0 13 15 28 40 42 43 56 58 72 86 99 112 114 128 129 142 144 146 148 161
cat_threshold=4194388 65552 0 32768 2147582024 536870977 128 268492800 4 16389 131072 4104 9568256 692109890 33300 0 16 0 0 2147516416 536870912 0 268476416 0 0 0 4096 1048576 86024 2148663296 1073742032 2415919232 147456 256 0 134217728 8 1075839504 0 2416584801 1075611384 202951 7 16 0 0 0 72 64 0 0 0 16385 0 0 8388608 119979804 73418 1084260352 33832960 536875009 8704 1090519040 50333700 0 0 0 163848 805306512 16 164 6 16777216 8196 2147483648 5 134217728 4096 512 1073742848 69632 1048896 1283522592 16777220 22272 16 10485761 50595840 603983873 8704 16777216 50333700 0 64 0 1034 572522520 32768 67109024 0 8260 0 5 143655168 4096 512 0 102400 68157760 1149304832 16777728 578819 18884864 5120 2181038080 67113984 0 2097152 0 1024 0 0 536872960 12587008 134217728 2130048 67108888 1 1 1073741824 0 0 0 0 0 0 0 0 0 0 256 1 2290106400 40997 427024 4160 50367000 2560 0 16779264 1 0 0 0 0 0 0 1026 33554448 32768 32
is_linear=0
shrinkage=0.045


Tree=196
num_leaves=23
num_cat=17
split_feature=0 3 0 5 3 0 3 0 0 3 0 3 0 0 3 5 5 1 5 0 5 3
split_gain=1.35686 1.40675 1.20992 0.737584 1.13428 0.976095 0.608998 2.92085 1.79258 1.74747 1.21981 1.46964 0.838902 0.811154 1.22806 0.726299 1.17003 0.882141 0.842483 0.856768 0.741702 0.703281
threshold=0 1 2 6.2519020269174783 3 4 5 6 7 8 9 10 11 12 13 5.1619206365690227 5.344720891341141 14 3.5114340430413216 15 5.8126357624008849 16
decision_type=9 9 9 10 9 9 9 9 9 9 9 9 9 9 9 8 8 9 10 9 8 9
left_child=1 -1 -2 6 -5 -6 7 -4 9 15 11 -9 -11 14 -10 18 -17 -18 -8 21 -19 -20
right_child=2 -3 3 4 5 -7 8 10 13 12 -12 -13 -14 -15 -16 16 17 20 19 -21 -22 -23
leaf_value=-4.3089922414331809 -2.2438693084646366 49.526162606595634 55.776006803112331 111.66849238032036 -17.544361515054742 55.496069683261418 -68.858062970090899 -62.263883741375352 -7.090641402649549 -15.269193065459495 0.29892921234190345 0.24294500323617313 3.7722372827640358 -0.64717864811379522 24.276836681340644 -93.628848296367494 3.103921810893675 -0.11561829555990978 -1.5300124413631915 1.7874168602088716 -54.680848700389404 -105.94861351745648
leaf_weight=530 554 742 1347 244 374 432 192 328 519 231 2895 271 739 11817 941 44 107 40 102 327 85 114
leaf_count=530 554 742 1347 244 374 432 192 328 519 231 2895 271 739 11817 941 44 107 40 102 327 85 114
internal_value=2.25227e-05 0.00144393 -6.15471e-05 -6.59215e-06 0.00115494 0.000308069 -6.73845e-05 0.000371832 -0.000206876 -0.00146538 -0.000315744 -0.00214321 -9.16495e-05 -1.7947e-05 0.000978261 -0.00276686 -0.00475899 -0.00342308 -0.00204545 -0.00113119 -0.00574817 -0.00323684
internal_weight=22975 1272 21703 21149 1050 806 20099 4841 15258 1981 3494 599 970 13277 1460 1011 276 232 735 543 125 216
internal_count=22975 1272 21703 21149 1050 806 20099 4841 15258 1981 3494 599 970 13277 1460 1011 276 232 735 543 125 216
cat_boundaries=0 13 15 28 30 43 45 59 72 74 88 90 103 116 118 120 133 135
cat_threshold=8404992 2148925440 1342177488 2147483840 0 773 0 32768 0 528 4240 667744 4096 2315265564 6712 4194304 65536 0 268468224 2147745864 64 128 268452864 4 5 0 8 9568256 144196610 2560 0 4096 1 0 8388608 0 0 0 536870912 8 0 0 520 3760988376 303424 294912 102771732 1 0 269484032 536870912 0 8192 4096 131074 67108864 2149613825 44548 3 2097176 2099284 1 512 268468228 536870912 0 1207967744 4104 6144 69402632 2097152 8198 21126402 199301 3221229568 0 0 2105344 0 33555456 0 0 0 1076936768 318767104 16777856 16384 4 2149589008 270592 16 64 0 0 268468224 536870912 0 1207959552 0 2048 67108864 0 8192 50401284 16384 2147483648 2105344 1073823744 16782336 0 0 2048 70254656 1090519040 644 16800 8537088 6202 1060 1024 8 2099216 1 0 268435456 0 0 134225920 0 0 0 0 4 4194304 2180
is_linear=0
shrinkage=0.045


Tree=197
num_leaves=23
num_cat=20
split_feature=0 3 0 1 3 5 3 0 3 3 0 0 3 3 5 0 0 0 4 3 0 3
split_gain=1.62466 1.35726 1.12189 0.786377 0.75462 0.667139 1.12607 0.648316 1.67117 0.686747 1.47317 1.41169 1.23714 1.01524 0.959606 1.87542 0.972589 0.93821 0.922591 1.62967 0.911768 1.0596
threshold=0 1 2 3 4 1.7005986908310777 5 6 7 8 9 10 11 12 4.1190041246092024 13 14 15 16 17 18 19
decision_type=9 9 9 9 9 8 9 9 9 9 9 9 9 9 10 9 9 9 1 9 9 9
left_child=1 3 4 -1 -2 6 -4 8 -7 11 12 13 17 -9 15 18 -16 -11 19 -13 -12 -22
right_child=2 -3 5 -5 -6 7 -8 9 -10 10 20 14 -14 -15 16 -17 -18 -19 -20 -21 21 -23
leaf_value=-1.7793899116266805 58.487022801900928 -2.4076607779557682 -3.1503951487431552 37.115023336244853 0.28982222981461769 48.107020245312398 74.697245204201479 3.6109016553618418 -2.4058417776829621 -14.112512144647335 1.6020856922857816 -5.0156483605810642 61.949753427372052 -15.459828989509479 -1.8092552950262564 1.3289581975036842 12.45314525947383 38.20794644381661 -16.674553622211768 -104.62386384985669 -12.46181265160731 0.84128808587979509
leaf_weight=141 451 675 223 290 439 1645 402 345 1529 697 4640 231 1119 1325 1660 1321 1403 316 502 392 2098 1131
leaf_count=141 451 675 223 290 439 1645 402 345 1529 697 4640 231 1119 1325 1660 1321 1403 316 502 392 2098 1131
internal_value=6.85485e-06 -0.00166637 9.23406e-05 0.000314899 0.00164634 2.55111e-05 0.00147129 -1.90114e-05 0.000570622 -0.000128257 0.000112804 -0.000463704 0.00115858 -0.00160523 -0.000114925 -0.000779412 0.000415498 1.31709e-05 -0.00211741 -0.0032904 -0.000171869 -0.000751157
internal_weight=22975 1106 21869 431 890 20979 625 20354 3174 17180 10001 7179 2132 1670 5509 2446 3063 1013 1125 623 7869 3229
internal_count=22975 1106 21869 431 890 20979 625 20354 3174 17180 10001 7179 2132 1670 5509 2446 3063 1013 1125 623 7869 3229
cat_boundaries=0 13 15 27 29 31 33 47 49 51 65 79 81 83 96 109 122 123 125 138 140
cat_threshold=2151677956 65536 268435457 268468288 2147549256 536870977 128 268452864 4 5 0 8 9572352 28886066 2176 20488 2148925440 1073742032 2147484160 0 772 256 0 8 528 65536 139488 1048976 2049 5883506 262188 2156020224 82028 294976 33554496 67108864 2097296 268451840 16781312 512 65536 3072 2234656768 0 2148007937 262144 21 3812113848 364933 659664428 7873 35651584 69209104 2684358656 4 512 0 0 0 69632 1073774594 2097304 2098192 42630 2 35651585 18877460 2684358656 4 4 0 0 0 536940544 36866 35651728 2097168 41122 2 277233666 24852 605030916 64 0 67112992 0 0 9437440 1024 0 1073741824 32768 1077952520 402653216 38912 67112472 1073741824 8396800 0 1 143163392 0 0 8192 0 1024 4096 260 2214593053 2097152 69209104 0 0 0 0 0 0 0 0 0 2098192 34308 4 16883744 4608 1098907649 16781316 0 0 135266308 1024 0 1073741824 536870912 4722696 1208090656 35076 2214592569 9175058 344366
is_linear=0
shrinkage=0.045


Tree=198
num_leaves=23
num_cat=21
split_feature=0 3 0 0 2 0 3 0 3 0 0 5 1 4 3 4 3 0 0 3 3 0
split_gain=1.86882 1.18767 1.11703 0.937178 0.866422 1.58263 1.33152 1.08823 1.50548 1.20184 0.796714 0.788796 1.18779 0.785749 0.784233 0.751746 2.55957 2.52471 2.49155 1.80622 1.62407 1.79648
threshold=0 1 2 3 4 5 6 7 8 9 10 6.078787719222313 11 12 13 14 15 16 17 18 19 20
decision_type=9 9 9 9 9 9 9 9 9 9 9 10 9 1 9 1 9 9 9 9 9 9
left_child=1 -1 -2 -3 5 -4 -7 8 9 -6 14 15 13 -13 -10 16 -9 19 -18 -17 21 -19
right_child=2 3 4 -5 7 6 -8 11 10 -11 -12 12 -14 -15 -16 17 18 20 -20 -21 -22 -23
leaf_value=-3.6838214751207121 71.12990536569707 -3.3437925348035309 -74.963532329495663 2.5608178657624858 -14.167566477817246 -13.352123772089632 2.4708511317947845 -28.470586822659449 -35.163434614480174 37.50449565267639 86.983368911145547 -102.99987385526559 99.363130388666463 0.4018261830405786 15.519387879132525 -40.948481452083193 84.334692499585643 -1.4871888212390356 -0.180975681152694 -0.55416877920712826 -3.5888333430876189 18.226126539267831
leaf_weight=776 495 208 140 524 936 721 816 978 108 418 1299 51 655 370 281 1170 1728 1840 2995 981 3370 2115
leaf_count=776 495 208 140 524 936 721 816 978 108 418 1299 51 655 370 281 1170 1728 1840 2995 981 3370 2115
internal_value=-2.05639e-05 -0.00154539 8.73646e-05 -0.000229839 3.68854e-05 -0.000940497 -0.000502582 0.000122365 0.000901768 -0.000217423 0.00179471 -2.40699e-05 0.00115213 -0.00071709 -1.12218e-05 -0.000107616 0.000300631 -0.000353239 0.000734636 -0.00170388 4.59999e-05 0.0006636
internal_weight=22975 1508 21467 732 20972 1677 1537 19295 3042 1354 1688 16253 1076 421 389 15177 5701 9476 4723 2151 7325 3955
internal_count=22975 1508 21467 732 20972 1677 1537 19295 3042 1354 1688 16253 1076 421 389 15177 5701 9476 4723 2151 7325 3955
cat_boundaries=0 13 15 27 40 41 54 56 69 71 83 96 98 99 101 102 104 118 132 134 136 150
cat_threshold=4194372 65552 1 268468224 2147549260 536870977 128 268452864 4 1081349 268566528 8 9572352 3242728000 113060 0 2148663296 1073742032 2147491856 0 768 0 0 8 512 32 139360 4194304 65536 0 0 8 0 0 17408 4 1048580 131072 0 8388608 1 32768 0 0 0 0 0 0 0 0 0 0 3072 16 2183022168 12296 2189479944 0 2952790016 581 0 16777216 0 0 524288 1090519056 4248 2148011136 2098304 1675843618 289944 49160 0 0 1 0 0 0 0 0 0 0 2147484800 2189430784 0 536870912 0 0 16777216 0 0 0 0 4224 524288 2098304 4112 1537 2 592 4096 2 1111626562 16928 2097152 8388640 4096 2097152 151044096 33560576 256 0 0 73928704 10485760 1048577 67152418 5 2359296 41945092 0 2097152 134217728 1024 0 0 1024 15210496 16777216 1048832 2214627856 5 1276145200 233646 1078099670 389922 65536 2048 0 128 277348864 1028 512 134225984 536904704 8408074 603979776 2134276 20 2
is_linear=0
shrinkage=0.045


Tree=199
num_leaves=23
num_cat=21
split_feature=0 3 0 0 3 4 1 3 0 3 5 3 3 0 0 3 0 0 3 0 3 1
split_gain=1.81806 1.44242 0.983484 0.887068 0.769303 0.722143 0.873797 0.983417 0.759493 1.27737 0.705593 1.03322 0.705348 2.87746 1.91723 1.9778 1.30405 1.2515 1.16111 1.091 0.912908 0.905377
threshold=0 1 2 3 4 5 6 7 8 9 5.310736838221497 10 11 12 13 14 15 16 17 18 19 20
decision_type=9 9 9 9 9 1 9 9 9 9 10 9 9 9 9 9 9 9 9 9 9 9
left_child=1 -1 -2 4 -3 6 -4 -8 9 -7 11 -5 13 -10 15 19 20 -15 21 -14 -16 -18
right_child=2 3 5 10 -6 8 7 -9 12 -11 -12 -13 14 17 16 -17 18 -19 -20 -21 -22 -23
leaf_value=-5.0173983228179955 418.14013882116478 -1.3834566864584896 -0.84514646792885328 25.2278134559444 21.382841415588484 44.385149337044126 -103.18424788765442 -2.5193777052374644 8.8127126955143851 -1.6840826419407804 -57.184531254673061 -1.5310535148132161 -38.70492188323432 -14.412997951488824 -0.3288116639317008 73.339926512893612 -2.6370893718844988 -3.6253726677885996 1.8563861084924107 9.5185371253499493 10.955640342141288 -19.553329548581804
leaf_weight=575 210 121 677 106 251 1191 119 154 1840 1163 35 174 459 1470 2506 1873 1423 3512 1215 428 1813 1660
leaf_count=575 210 121 677 106 251 1191 119 154 1840 1163 35 174 459 1470 2506 1873 1423 3512 1215 428 1813 1660
internal_value=-3.62317e-05 -0.00168838 6.06906e-05 -0.000276824 0.00119531 2.99095e-05 -0.00118172 -0.00326842 8.60376e-05 0.000844463 -0.00199541 -0.0012766 -1.26021e-05 -0.000374012 0.000204276 0.00123377 -0.000126724 -0.000935322 -0.000680742 -0.000515573 0.00042496 -0.00114426
internal_weight=22975 1262 21713 687 372 21503 950 273 20553 2354 315 280 18199 6822 11377 2760 8617 4982 4298 887 4319 3083
internal_count=22975 1262 21713 687 372 21503 950 273 20553 2354 315 280 18199 6822 11377 2760 8617 4982 4298 887 4319 3083
cat_boundaries=0 13 15 28 41 43 44 46 48 61 63 65 67 81 94 96 110 123 125 137 139 141
cat_threshold=2151678021 65536 268435457 268468224 2164326476 536870913 128 268451840 4 32769 131072 8 9572352 2285901890 242100 0 1048576 80 2147483648 0 2048 0 0 0 0 0 139360 262144 0 0 1 0 16777284 536870912 128 268435456 0 32769 0 0 1052672 17302560 2056 1 24 1634 2147484264 12 44154880 2147614720 3758096512 577 0 16777216 0 0 524288 1093158916 0 526464 2131584 3776546148 221836 16794640 2056 1730397704 134792 266240 64 0 2105344 143261952 0 0 134283264 33792 12583170 1090523184 17825797 2147483682 6 0 103024672 4096 16 1049088 1028 256 1073774592 6152 131600 128 2149582352 10501 281022502 57345 16777232 1098929168 0 2097156 268435456 64 0 8192 536936448 4198408 203423744 1085696 67108888 17 1073741832 119801872 67112960 20 268435456 0 0 1073782784 536870912 1184784 128 2130448 10241 2290884976 69686 0 32 0 0 1048576 0 0 0 0 0 0 2149581840 2421166354 331863 3758936188 2081
is_linear=0
shrinkage=0.045


Tree=200
num_leaves=23
num_cat=21
split_feature=0 3 0 0 0 2 0 0 3 0 3 5 3 3 0 0 3 3 0 0 0 4
split_gain=1.71973 2.74017 1.13336 1.07287 1.05419 0.680043 1.37629 1.37413 1.14741 1.25993 1.16277 1.29434 1.16071 1.13119 2.70551 2.08422 1.34469 1.08349 1.66299 1.64401 1.02562 1.00436
threshold=0 1 2 3 4 5 6 7 8 9 10 5.4402485097224949 11 12 13 14 15 16 17 18 19 20
decision_type=9 9 9 9 9 9 9 9 9 9 9 10 9 9 9 9 9 9 9 9 9 1
left_child=1 2 -1 -3 -2 6 -6 -7 -8 12 11 -11 -10 14 -9 16 -15 18 -17 -19 -16 -20
right_child=4 3 -4 -5 5 7 8 13 9 10 -12 -13 -14 15 20 17 -18 19 21 -21 -22 -23
leaf_value=0.03808004001247256 47.227665398072901 12.421670282741708 -31.681628225410464 -1.4646480176637808 -165.63287190294687 194.53874835583611 2.5156437732516213 51.018490395552327 -20.815480630852949 -33.580611017097191 -9.7275518405956394 -59.706712458518417 11.48813871791684 -1.3228515520584214 -8.0016707084972349 6.6793551102663793 -30.309304885263188 -5.6919846828790917 -1.5602001208917768 12.099965425113938 3.5243219904691494 -54.038914030129696
leaf_weight=118 660 394 404 381 110 606 1741 2074 683 209 1518 36 1136 1078 1325 905 1171 1128 932 2396 3333 637
leaf_count=118 660 394 404 381 110 606 1741 2074 683 209 1518 36 1136 1078 1325 905 1171 1128 932 2396 3333 637
internal_value=-4.21072e-05 -0.00162605 -0.00411236 8.57689e-05 5.35271e-05 -2.56759e-06 -0.000435537 0.000148586 -0.000326429 -0.00078631 -0.00164028 -0.00446498 4.6696e-05 6.27378e-05 0.000495107 -0.00029041 -0.00145489 0.000148253 -0.000572003 0.000654129 -0.000107923 -0.00145446
internal_weight=22975 1297 522 775 21678 21018 5433 15585 5323 3582 1763 245 1819 14979 6732 8247 2249 5998 2474 3524 4658 1569
internal_count=22975 1297 522 775 21678 21018 5433 15585 5323 3582 1763 245 1819 14979 6732 8247 2249 5998 2474 3524 4658 1569
cat_boundaries=0 13 15 28 41 55 56 67 80 82 95 97 99 101 115 129 131 133 146 160 174 175
cat_threshold=4194389 1073807376 268435457 268468224 2165375052 536872961 128 268451840 8 32769 0 8 9568256 155193412 242052 4194320 65536 0 0 12 1 0 16384 0 0 0 0 8388608 4 1073741840 1 0 16842816 0 128 268435456 8 32769 0 0 1048576 8404992 2148663296 3221225680 2147483648 0 0 0 134217728 0 36 196608 663648 0 16 3 2129920 0 0 4 0 0 0 0 0 0 134217728 35684352 0 536870912 21 0 33554432 0 0 0 8192 0 2688 524288 1277501612 51387 3221291008 0 0 128 8388864 0 0 73728 671088640 1073745944 16777368 2147520516 33 536903680 263172 2198881296 270400 2417627222 369110 8 103022592 4096 0 134251008 64 0 0 0 23088138 1142947840 2147483924 41616 4 0 119801860 4096 512 134251008 64 256 9216 536870912 3152898 1090519040 4116 43008 4 1132825120 16424 1199639072 16425 262144 8388608 0 2105344 8388608 1028 0 65536 3072 8913160 167772160 2148565248 67108864 266240 0 0 0 268435456 0 0 98304 3072 4194312 67108864 2149613824 16528 1 4096 8406048 0 8192 1082671104 1280 512 0 4100 75497536 41943040 1081344 67112960 2 4
is_linear=0
shrinkage=0.045


Tree=201
num_leaves=23
num_cat=19
split_feature=0 3 0 2 3 0 5 5 0 0 3 3 3 0 0 0 3 3 0 4 5 0
split_gain=1.36738 0.971681 1.13315 0.924524 1.59267 1.04802 0.754038 0.736441 1.92697 1.72978 2.56664 1.48765 1.26898 2.32603 1.83706 1.01115 1.42801 1.00001 0.961267 0.813483 1.47256 0.826504
threshold=0 1 2 3 4 5 7.3343274329751802 4.135134555718313 6 7 8 9 10 11 12 13 14 15 16 17 5.4004200416950168 18
decision_type=9 9 9 9 9 9 8 8 9 9 9 9 9 9 9 9 9 9 9 1 8 9
left_child=1 2 -1 4 -2 -5 -6 8 11 10 -9 -7 13 -10 -14 16 -11 18 -17 -18 21 -21
right_child=3 -3 -4 5 6 7 -8 9 12 15 -12 -13 14 -15 -16 17 19 -19 -20 20 -22 -23
leaf_value=-8.6956312424532864 -54.536290649341694 -2.9062048780200422 25.825229442555553 -69.361199987741841 228.66340629585292 -16.598725951045559 -10.225815064629913 6.6121878607975448 3.5633678469215075 84.588041624462463 -8.2998349310942654 15.557333038172509 7.3652511510422469 -27.554756725076043 -5.4885347488222154 -14.609073479270767 55.543757390516568 5.2907403523717447 2.3827280996842228 -81.746228172452845 93.101981294422345 -2.1434246832335573
leaf_weight=111 209 684 351 318 546 280 125 871 948 798 723 1417 1787 1459 2472 1417 219 6376 1341 104 179 240
leaf_count=111 209 684 351 318 546 280 125 871 948 798 723 1417 1787 1459 2472 1417 219 6376 1341 104 179 240
internal_value=1.46888e-05 -0.00149223 0.000113924 9.457e-05 0.00151345 3.4135e-05 0.00257613 7.43353e-05 -0.000251225 0.000296333 -0.00108157 0.00109801 -0.000595687 -0.00141939 -0.000127488 0.000502808 0.00156572 0.00032178 -0.000393141 0.0001313 -0.000831428 -0.00254913
internal_weight=22975 1146 462 21829 880 20949 671 20631 8363 12268 1594 1697 6666 2407 4259 10674 1540 9134 2758 742 523 344
internal_count=22975 1146 462 21829 880 20949 671 20631 8363 12268 1594 1697 6666 2407 4259 10674 1540 9134 2758 742 523 344
cat_boundaries=0 13 15 23 24 26 38 51 65 67 69 71 85 98 112 114 116 130 131 144
cat_threshold=4194321 65552 2415919104 268468288 2148532748 570427649 128 268451840 12 1048576 131072 8 8519680 26428434 26888 4194304 65536 0 0 520 33554432 0 16384 224 4195426 18984 0 32 0 0 0 0 0 0 0 0 0 2621440 8437760 1073882116 1610616832 0 276840512 0 256 1073741824 0 8523776 538968080 2165311489 4131 25182208 8196 1610612736 0 1359020032 0 0 1073741824 0 168002 18874392 286263297 67112995 4 2282460752 41852 1208561664 24 852527632 24321 33554432 2048 0 129 134217728 1024 0 73728 536938496 4719890 419434496 260 67110932 7 3254845440 67129344 0 8192 655616 1024 0 0 1024 1075888136 1149239456 268469392 2214593544 2149679112 58982400 0 2097808 0 4160 0 0 34816 2099201 1107361824 0 42880 2 2722793266 467584 1006830384 139858 1073741824 5120 0 0 524544 4 0 65536 1024 13107208 128 2147484304 2072 1 2 2129920 0 0 2097152 0 0 0 0 0 0 0 0 512
is_linear=0
shrinkage=0.045


Tree=202
num_leaves=23
num_cat=19
split_feature=0 3 0 5 3 2 5 0 3 3 0 0 0 3 3 1 4 5 0 2 3 0
split_gain=1.66354 1.18917 1.14415 0.707316 0.927189 0.604993 0.583637 0.637688 0.814267 0.583461 3.44657 2.3171 1.57072 1.32465 1.14044 1.10898 1.1087 1.04636 0.986984 0.884719 0.858304 0.769875
threshold=0 1 2 6.2924942092024017 3 4 1.7005986908310777 5 6 7 8 9 10 11 12 13 14 2.3502401828962087 15 16 17 18
decision_type=9 9 9 10 9 9 8 9 9 9 9 9 9 9 9 9 1 10 9 9 9 9
left_child=1 -1 -2 9 -5 -6 -3 -8 -9 11 14 20 13 15 -11 -12 -17 -15 -13 -20 -4 -19
right_child=2 6 3 4 5 -7 7 8 -10 10 12 18 -14 17 -16 16 -18 21 19 -21 -22 -23
leaf_value=-3.3857497069351674 78.760277309565225 229.42021855534225 -1.935199952755245 43.775358336850296 -8.5733030472482827 49.728350578405077 0.99707723955033023 8.931673170503224 -6.8637414594819752 0.6758571373976846 -6.0180378359361022 6.4552911669537067 0.50018670918888208 -3.0645602100869307 104.25380748563228 5.0603448798765767 -91.84333263279585 -20.765914996876905 171.98872720222948 -0.84125613443409852 -25.91322228304713 4.8829650194749528
leaf_weight=283 591 56 710 429 217 328 517 112 396 509 172 1680 5217 82 1198 52 207 146 238 8184 1135 516
leaf_count=283 591 56 710 429 217 328 517 112 396 509 172 1680 5217 82 1198 52 207 146 238 8184 1135 516
internal_value=-6.85451e-06 -0.00152398 8.96963e-05 3.42337e-05 0.00121721 -4.03948e-05 -0.000819304 -0.00107351 -0.00218077 -2.33438e-05 0.000271298 -0.000223137 -0.0002094 -0.00168703 0.00206021 -0.00364673 -0.00549631 -0.000511905 4.53828e-05 -0.000153664 -0.00168417 8.13255e-05
internal_weight=22975 1364 21611 21020 974 545 1081 1025 508 20046 8099 11947 6392 1175 1707 431 259 744 10102 8422 1845 662
internal_count=22975 1364 21611 21020 974 545 1081 1025 508 20046 8099 11947 6392 1175 1707 431 259 744 10102 8422 1845 662
cat_boundaries=0 13 15 27 29 30 41 43 45 59 73 87 89 91 93 94 107 108 110 122
cat_threshold=4194321 65552 2415919104 268468224 2148598284 587204673 128 268451840 32772 1 268435456 8 8519680 539492960 98352 8388608 3222683648 1073746128 2147483664 0 0 256 0 0 8196 32 139360 2291683842 23040 3 16 65536 2147483648 0 0 587204673 128 0 4 0 268435456 142607376 8 526633478 155277 2408456 119540736 1 0 32768 256 0 1073750016 5120 0 69271568 2149584896 2141184 3 2375680 119547904 1 512 268468224 256 0 1073783808 4096 4608 69271576 3145728 2105348 16 2147483648 0 0 2097284 1082671168 0 0 134217728 0 1146093584 587333760 285212677 1069058 4 2147483704 34 546579456 32848 6144 1024 2 2197880832 8392704 0 2105476 671808 5120 0 134217728 0 72384592 536875008 268435460 1069314 224 335577604 152072 2147483648 0 0 0 540672 0 0 0 0 0 536870912 4
is_linear=0
shrinkage=0.045


Tree=203
num_leaves=23
num_cat=16
split_feature=0 3 0 3 0 5 3 0 0 3 5 0 5 1 3 5 5 0 3 5 3 0
split_gain=1.53383 1.11124 0.953093 2.01148 0.81941 0.940492 0.773892 3.94322 1.54211 1.69065 1.27224 1.10464 0.746136 0.713799 1.52861 1.4685 1.17753 0.928922 0.941356 0.779916 0.671218 0.94861
threshold=0 1 2 3 4 4.2121001622835372 5 6 7 8 5.1845846780664209 9 5.6507317092149298 10 11 2.8029010331479989 2.1383330595080281 12 13 3.1567740231385479 14 15
decision_type=9 9 9 9 9 10 9 9 9 9 8 9 10 9 9 10 8 9 9 10 9 9
left_child=1 -1 3 4 5 -2 7 -4 9 10 -8 -9 -13 14 -10 16 -16 18 -17 -20 -3 -22
right_child=2 20 6 -5 -6 -7 8 11 13 -11 -12 12 -14 -15 15 17 -18 -19 19 -21 21 -23
leaf_value=-21.889917052232363 -111.51206829818145 1.6773699506975441 88.530941061224453 46.62096467943995 6.0956845943883744 -4.7312068646588878 -24.649147318926829 -17.593927290876128 62.757012402760132 -3.5775431667371951 -48.551910156762055 -0.91701323493012932 74.441402905562938 -0.62770468207129904 43.371858345231843 10.289992838282785 -62.579384352710363 25.692551925284899 -82.043990084688332 -6.3815041523630081 -0.024516439338540523 -3.3174854762576453
leaf_weight=103 131 417 1273 795 205 153 193 943 708 1626 54 2112 346 10383 90 593 216 1158 35 634 355 452
leaf_count=103 131 417 1273 795 205 153 193 943 708 1626 54 2112 346 10383 90 593 216 1158 35 634 355 452
internal_value=-1.07715e-05 -0.0014888 8.06096e-05 0.00126389 -0.000997006 -0.00252365 5.30052e-06 0.000512804 -0.00014616 -0.00135358 -0.00474324 -0.000288749 0.00021498 1.85481e-05 0.000579803 9.20381e-05 -0.00283442 0.000464492 -0.000381475 -0.00152643 -0.00107767 -0.00182967
internal_weight=22975 1327 21648 1284 489 284 20364 4674 15690 1873 247 3401 2458 13817 3434 2726 306 2420 1262 669 1224 807
internal_count=22975 1327 21648 1284 489 284 20364 4674 15690 1873 247 3401 2458 13817 3434 2726 306 2420 1262 669 1224 807
cat_boundaries=0 13 15 28 30 43 45 58 72 74 88 90 92 104 106 108 121
cat_threshold=4194308 1073807376 2415919104 32768 2148532812 570427457 128 268460032 32772 5 0 8 8523776 34882 98304 33636360 2157051904 1073742032 2418016384 16384 0 0 134250496 0 67109376 65664 663648 1048704 185074804 6200 33619968 0 1073741824 2097152 16384 0 0 0 0 0 128 532480 128 2149058672 33059 2359296 119811072 1 0 32768 0 0 65536 4096 5376 67108864 2150665344 2560 262161 86248448 4097 576 285310976 0 0 1073741888 8 7424 603979784 16777216 526336 1 134422784 133184 3221229568 4096 0 0 1216872448 1024 512 0 0 1077559360 318767104 0 16386 4 3758671076 8618 94572804 155648 2097152 33554432 0 8208 134217728 16777476 0 0 1024 4358168 131120 1 1614815872 264732 1093731344 143880 0 65552 0 0 0 33556480 0 8192 32772 0 0 0 135168
is_linear=0
shrinkage=0.045


Tree=204
num_leaves=23
num_cat=19
split_feature=0 3 2 5 0 0 2 0 3 0 3 5 0 3 0 0 3 0 0 3 0 5
split_gain=1.14553 1.17685 1.02137 1.05197 0.935437 0.932399 0.761229 1.62454 1.3054 1.20246 1.41542 1.04158 1.79796 1.56747 1.52647 1.23939 1.18521 2.34706 1.92304 1.72395 1.21126 1.08551
threshold=0 1 2 3.0201273556387074 3 4 5 6 7 8 9 4.135134555718313 10 11 12 13 14 15 16 17 18 4.2696729980286863
decision_type=9 9 9 10 9 9 9 9 9 9 9 8 9 9 9 9 9 9 9 9 9 8
left_child=1 -1 3 -2 -4 -3 7 -6 -9 10 -8 12 -11 15 -15 -14 17 -13 19 21 -19 -18
right_child=2 5 4 -5 6 -7 9 8 -10 11 -12 16 13 14 -16 -17 18 20 -20 -21 -22 -23
leaf_value=-11.752871614642569 -9.9019060950063604 86.032005971381153 -140.27146301859764 325.11778706299776 -71.914549518390757 -2.0147520780357842 -0.20492386233201312 16.522274353602427 -4.3263375612841797 -15.765878192874704 74.136461492390708 10.78671588961878 1.6750064283814166 35.844215409097679 0.077494640301636608 -12.88980276102124 -84.458881975812062 -45.599127485983693 11.248804451023064 7.4708416927768209 -8.9949035812375193 -11.757937943015184
leaf_weight=322 231 213 141 400 140 842 809 399 1139 1505 886 609 1565 735 1346 1869 95 208 6148 910 1270 1193
leaf_count=322 231 213 141 400 140 842 809 399 1139 1505 886 609 1565 735 1346 1869 95 208 6148 910 1270 1193
internal_value=-2.05639e-05 -0.00127322 5.99724e-05 0.00182659 5.79167e-06 -0.000527179 3.15291e-05 -0.000884023 -0.00044129 0.000112265 0.0012522 7.73142e-07 -0.000422956 -4.478e-05 0.00092666 -0.000634649 0.000285913 -0.000671034 0.000525485 -0.000614932 -0.00163691 -0.00166846
internal_weight=22975 1377 21598 631 20967 1055 20826 1678 1538 19148 1695 17453 7020 5515 2081 3434 10433 2087 8346 2198 1478 1288
internal_count=22975 1377 21598 631 20967 1055 20826 1678 1538 19148 1695 17453 7020 5515 2081 3434 10433 2087 8346 2198 1478 1288
cat_boundaries=0 13 15 16 28 41 42 55 57 70 72 86 88 102 115 117 130 144 146 159
cat_threshold=4194308 1082195968 2415919104 268468224 1213004 587204672 0 268460032 4 5 131072 8 131074 138413578 67920 96 0 0 0 0 0 0 0 0 0 0 0 2621440 4 65536 2147483648 268435456 32832 16777216 0 0 0 0 131072 0 131072 1 32768 0 0 0 0 0 0 0 0 0 0 3072 16 155201570 65760 8441872 2148532224 1610612928 2097221 0 0 0 0 8 1140850688 4248 3264 1048576 1113804918 94403 2359305 50348128 1 128 0 0 640 0 32768 2097408 100728832 33280 58252 18 2074735764 5796 33619968 67121172 0 0 8912896 0 0 0 536871936 1052680 0 2148532240 0 4 2147483648 9216 0 0 134742272 0 0 1073741824 2048 8568834 964689920 17830149 2215121936 623127304 411714 33554432 50335744 1 0 143130880 1024 0 0 0 15221760 436207616 516 67109892 2181038081 8192 0 8192 1502085376 256 0 134217728 4096 12764226 939524096 17829892 67108864 2 5787700 78504 0 67119124 0 0 0 0 0 0 0 2 16777216 16 34816
is_linear=0
shrinkage=0.045


Tree=205
num_leaves=23
num_cat=21
split_feature=0 3 0 0 0 2 0 0 5 4 3 0 0 1 3 0 3 4 3 0 0 3
split_gain=1.49886 1.19873 1.05988 0.810641 0.73354 0.621321 1.45556 1.39554 1.73414 1.20493 1.02501 2.02449 1.65503 1.02668 0.870231 0.861546 0.871701 0.878264 0.813659 0.802077 0.781108 0.976624
threshold=0 1 2 3 4 5 6 7 3.8815106545092593 8 9 10 11 12 13 14 15 16 17 18 19 20
decision_type=9 9 9 9 9 9 9 9 8 1 9 9 9 9 9 9 9 1 9 9 9 9
left_child=1 3 -2 -1 -3 7 18 8 -4 -8 12 -12 -11 -14 -9 16 17 20 -7 -19 -13 -22
right_child=2 4 5 -5 -6 6 9 14 -10 10 11 15 13 -15 -16 -17 -18 19 -20 -21 21 -23
leaf_value=-6.7364174836166653 143.58299541266692 -0.47582373928914018 2.3634086967218737 12.157541285208801 -11.073816399661176 3.4820461333218633 -40.383156516316433 3.4744088699198765 -153.66675862662279 -7.3955666618494647 43.914100889190784 -49.099381920323758 36.448634612489023 -0.19032743586357687 -1.8861752075380709 -2.7977299073082005 39.67667038132808 -16.187952263467064 301.09108658580618 98.702069472883963 4.6520791934590919 -19.645617820770408
leaf_weight=109 335 245 143 501 412 220 236 1269 150 1856 2367 246 544 5090 3950 2704 969 325 414 439 233 218
leaf_count=109 335 245 143 501 412 220 236 1269 150 1856 2367 246 544 5090 3950 2704 969 325 414 439 233 218
internal_value=-2.64393e-05 -0.00152346 6.17405e-05 -7.23471e-05 -0.00284529 2.16742e-05 0.000164714 -0.000389392 -0.00334918 7.5891e-05 0.000126359 0.000497737 -0.000245934 0.000138682 -0.000215924 -5.24663e-06 0.000608108 -8.85945e-05 0.00225697 0.000963447 -0.00124249 -8.74728e-05
internal_weight=22975 1267 21708 610 657 21373 15861 5512 293 15227 14991 7501 7490 5634 5219 5134 2430 1461 634 764 697 451
internal_count=22975 1267 21708 610 657 21373 15861 5512 293 15227 14991 7501 7490 5634 5219 5134 2430 1461 634 764 697 451
cat_boundaries=0 13 15 29 42 55 56 69 82 83 85 98 111 113 115 128 130 131 133 145 158 160
cat_threshold=4194324 1082195968 2415919104 268468224 1147468 553650240 512 268451840 32772 5 0 8 9568256 25711792 21128 0 2148532224 1073742032 2147483712 0 512 0 0 8 0 8 139360 0 16 0 65536 0 0 4 2048 0 16384 0 1 0 0 8388608 0 1073807360 0 32768 516 536870976 0 16384 0 1 0 0 9437184 3 44072960 131072 536870912 21 0 0 0 0 0 8192 0 2688 524288 2129920 131072 536870912 4 0 0 0 0 0 0 201326592 0 16 1 1866705700 154281 8 103022692 4096 512 2281701376 1 128 1073741824 4096 6440962 2097152 2147483904 41112 8 119802948 4097 512 150994944 0 128 1073750016 69632 2249730 270532608 18874369 2147483648 1744836068 256 201689120 51258 16384 16788480 0 0 285229312 1028 0 0 536937472 25694216 16842752 2621457 2149583366 2158772354 9220 4 49202 14344 0 9216 0 0 256 0 0 0 536870912 0 16777216 2621456 0 16779264 0 0 0 0 0 0 536870912 524288 0 17 2560 8667138 8192
is_linear=0
shrinkage=0.045


Tree=206
num_leaves=23
num_cat=20
split_feature=0 3 0 0 1 5 0 3 0 3 3 0 0 4 0 3 0 5 0 3 3 3
split_gain=1.58183 1.59474 0.99969 0.932064 0.772381 0.763604 1.65195 1.64403 1.21758 2.48555 1.09813 1.18379 1.087 1.08766 1.00185 1.13561 2.03095 1.38044 1.21328 1.22725 1.06433 0.985426
threshold=0 1 2 3 4 4.1510089048756029 5 6 7 8 9 10 11 12 13 14 15 4.1026092131977068 16 17 18 19
decision_type=9 9 9 9 9 10 9 9 9 9 9 9 9 1 9 9 9 10 9 9 9 9
left_child=1 4 -2 -3 -1 6 7 -4 9 -7 11 -10 -12 -14 -8 16 20 -18 19 -17 -16 -20
right_child=2 3 5 -5 -6 8 14 -9 10 -11 12 -13 13 -15 15 18 17 -19 21 -21 -22 -23
leaf_value=-0.5493915078208943 98.681424759556279 -11.126025927313558 84.77970202099111 1.4483762363351878 -11.456955588836914 -34.250745386531385 4.476892927530371 -14.087730050456088 80.613331265272024 0.2098761048011962 24.724668283499653 2.5075067636236339 -32.621588861676067 0.65678516579280977 -12.484400826465599 -3.3214745446875686 -29.365617991008037 -211.50508901862628 -15.341275896529263 12.979632866912196 21.370069046795496 0.56072977302535609
leaf_weight=105 383 203 125 640 251 391 1355 716 721 1601 1396 988 211 6341 140 1050 1243 55 1283 1833 361 1583
leaf_count=105 383 203 125 640 251 391 1355 716 721 1601 1396 988 211 6341 140 1050 1243 55 1283 1833 361 1583
internal_value=-1.86054e-05 -0.00160157 6.93962e-05 -0.000510526 -0.00408424 2.79609e-05 -0.000265955 -0.00215768 0.000273839 -0.000736527 0.000482625 0.00151395 0.00025892 1.50824e-05 -8.4296e-05 -0.000286905 -0.00126974 -0.00220534 2.26525e-05 0.000673057 0.00114912 -0.000631688
internal_weight=22975 1199 21776 843 356 21393 9744 841 11649 1992 9657 1709 7948 6552 8903 7548 1799 1298 5749 2883 501 2866
internal_count=22975 1199 21776 843 356 21393 9744 841 11649 1992 9657 1709 7948 6552 8903 7548 1799 1298 5749 2883 501 2866
cat_boundaries=0 13 15 27 37 39 53 55 68 70 72 85 98 99 112 114 127 140 142 144 146
cat_threshold=4194324 1073807360 2415919104 268468224 2165342792 587204673 128 268451840 32780 1 0 8 1179648 138941026 237648 536870913 2148532224 1610612944 2147483648 0 0 0 0 0 4 2097152 139360 4194304 1073741824 0 0 520 2049 0 268435456 12 1 268437764 2048 2162696 58736704 1 80 256 0 512 0 67584 1075842560 100859912 0 540672 6 134238722 8192 1090523136 13312 4096 512 1342373892 256 0 8192 0 184384 4112 286298112 75497475 19922948 282752 1891106884 361744 35946496 69206064 1 0 0 0 0 0 0 1080557578 16777344 2149581072 32788 2149646344 58720320 0 2105364 256 4096 512 0 1024 2048 1510015008 1029 22144 1 16826368 1024 4096 8193 268451840 0 256 0 0 2157625344 536875024 286791684 2097185 1721850432 9729 3229614080 48 0 2097280 142737412 1024 0 65536 1024 264 16777216 32768 2147516416 2147483648 69218304 0 4 262144 0 0 1073848320 536870912 4198410 1216348288 2147484560 67120648 22054044 2176 33620032 512 2282627074 4396
is_linear=0
shrinkage=0.045


Tree=207
num_leaves=23
num_cat=21
split_feature=0 3 0 5 0 3 0 3 2 0 3 3 0 0 0 3 0 0 3 3 3 3
split_gain=1.69195 1.33997 0.903185 0.705848 1.80885 1.66611 1.62993 1.60173 1.21904 1.46222 1.41517 1.18865 2.11357 1.87964 1.1485 0.993659 1.32104 0.963626 1.76496 0.837417 0.79447 0.771069
threshold=0 1 2 3.9981586158983733 3 4 5 6 7 8 9 10 11 12 13 14 15 16 17 18 19 20
decision_type=9 9 9 10 9 9 9 9 9 9 9 9 9 9 9 9 9 9 9 9 9 9
left_child=1 -1 -2 4 5 -4 7 -5 10 19 -8 13 -13 21 -12 16 -11 18 -17 -10 -15 -6
right_child=2 -3 3 6 11 -7 8 -9 9 15 14 12 -14 20 -16 17 -18 -19 -20 -21 -22 -23
leaf_value=-10.931990826580467 628.16777048305585 -1.1336734892578473 0.29126926305787809 -14.421533314554813 -23.739474007232474 -74.337015411847688 97.761922381810109 2.5998681336939393 -28.476965440992235 41.304288578308011 -10.385837315946455 8.2108878078482803 -10.206125161352107 4.3295357670715289 26.386747426669913 22.929717742689082 0.89421832686766733 0.39016019535215413 -28.33728805189822 59.757554672502572 65.110640176293558 2.1873099028713865
leaf_weight=212 104 1085 616 858 531 797 1306 774 114 480 262 1085 3165 1010 607 378 1544 4545 1249 840 716 697
leaf_count=212 104 1085 616 858 531 797 1306 774 114 480 262 1085 3165 1010 607 378 1544 4545 1249 840 716 697
internal_value=-2.05639e-05 -0.00159167 7.4274e-05 5.29512e-05 -0.000262617 -0.00172737 0.000262868 -0.00106204 0.000454485 0.000225933 0.00140947 2.74392e-05 -0.000454012 0.000719151 -5.10767e-06 3.07019e-05 0.000892927 -0.000253234 -0.00118883 0.00188199 0.00167261 -0.000624193
internal_weight=22975 1297 21678 21574 8617 1413 12957 1632 11325 9150 2175 7204 4250 2954 869 8196 2024 6172 1627 954 1726 1228
internal_count=22975 1297 21678 21574 8617 1413 12957 1632 11325 9150 2175 7204 4250 2954 869 8196 2024 6172 1627 954 1726 1228
cat_boundaries=0 13 15 27 40 42 56 58 59 72 74 76 90 104 117 119 133 147 149 151 153 155
cat_threshold=4194321 1073807376 268435456 268468224 2148565068 33556545 640 268451840 32776 5 270532608 8 1179648 671093314 98576 0 1048576 80 2147483648 0 0 0 0 0 0 0 131168 2149646344 58738688 1 64 0 16778240 0 0 68608 2100736 100859912 2106368 540688 2399262248 25124 17043456 139264 0 0 1090535936 536871168 0 1207967744 4 16384 1082130432 286300544 8388615 6 2332574756 422060 112 2147549192 33554464 1073741824 2097173 131072 16782340 0 1024 3072 3146050 67174432 1024 4224 2819388560 72372 81144134 483819 294912 9280 536870912 8192 134234112 0 0 1207967744 4 1074397184 671092736 286791697 75530272 2 0 8196 0 8321 134742016 0 0 8192 0 13107202 671092736 2432699024 2223022122 17 0 6176 0 0 0 0 0 0 0 4104 0 1040 2048 1404602562 296480 32768 83887104 1 0 0 0 0 65536 0 1078067208 33558528 16 8208 1 32768 84149252 4097 0 0 0 0 65536 0 1073872904 4112 2097168 8200 1 4280360 196872 4214786 512 4595776 262632 9578566 204800
is_linear=0
shrinkage=0.045


Tree=208
num_leaves=23
num_cat=19
split_feature=0 3 0 3 4 3 3 0 0 0 3 5 0 0 3 3 5 4 0 3 5 1
split_gain=1.68718 1.44913 1.05914 1.74004 0.845156 0.688857 0.622658 2.37017 2.17483 1.14696 1.13686 1.01907 1.0967 0.959504 1.15383 0.837443 0.76894 0.647474 1.11265 1.16512 0.728298 0.724673
threshold=0 1 2 3 4 5 6 7 8 9 10 3.3497501700808394 11 12 13 14 3.1132683346437333 15 16 17 4.9732735209982879 18
decision_type=9 9 9 9 1 9 9 9 9 9 9 10 9 9 9 9 8 1 9 9 10 9
left_child=1 -1 3 -2 -5 -3 7 -4 10 -9 -8 12 -11 14 -10 16 -14 18 -13 -20 21 -19
right_child=2 5 6 4 -6 -7 8 9 13 11 -12 17 15 -15 -16 -17 -18 20 19 -21 -22 -23
leaf_value=12.8067380816815 -19.711659400576554 -16.4605673526255 -5.9041407213980825 -109.03266127639776 63.33375218403944 -2.4845328533020257 14.914505987521409 31.482990935343306 19.683182118539023 20.09506736735808 -10.184563420261096 -3.0720194697039016 -81.35262269973127 -0.59350161252137257 -0.96314036772905576 -4.3791162313571341 -209.22086800179622 -38.284820534361039 -3.3692357202165661 29.896752848323302 167.09715595835857 55.954412231297027
leaf_weight=343 349 142 1850 41 1059 716 280 983 937 241 1744 945 88 9316 992 451 68 252 492 860 326 500
leaf_count=343 349 142 1850 41 1059 716 280 983 937 241 1744 945 88 9316 992 451 68 252 492 860 326 500
internal_value=-3.23148e-05 -0.0016657 5.86617e-05 0.00122895 0.00210432 -0.00264828 -2.54461e-05 0.00031579 -0.000207025 0.000807206 -0.00156041 0.000481346 -0.000910588 3.79765e-05 0.000948223 -0.00191195 -0.00466071 0.00083284 0.000405176 0.00122727 0.00174167 0.000966844
internal_weight=22975 1201 21774 1449 1100 858 20325 7056 13269 5206 2024 4223 848 11245 1929 607 156 3375 2297 1352 1078 752
internal_count=22975 1201 21774 1449 1100 858 20325 7056 13269 5206 2024 4223 848 11245 1929 607 156 3375 2297 1352 1078 752
cat_boundaries=0 13 15 27 29 30 32 34 47 61 75 76 89 102 104 105 106 120 122 124
cat_threshold=4194309 1073807440 268435456 268468224 2147516428 570427457 640 268452864 32776 5 67108864 8 131072 2148598928 68480 8437760 2148941824 3758100688 2149580804 16896 0 0 0 1024 68157952 536870912 667744 1242038800 8 1 138412034 32800 145510482 294954 1074069504 4128 0 8320 134742272 0 0 134291456 2048 2639168 1358954496 269486736 67112992 24 94374916 1 512 269549632 0 0 1073741824 4100 50 35717128 16810240 8421378 2 2149580824 69209092 0 1 269484032 0 0 0 4096 2 33554448 16809985 8429698 6 1111491072 0 8192 0 0 0 0 0 0 536870912 8388616 128 256 2049 327680 33554432 67108864 8320 1074266112 4096 256 134283264 2176 2670912 16777216 268438032 69734656 3775997448 20624 11010112 4 16777216 33554432 0 0 8388608 1024 0 0 536870912 12615688 4224 256 18949 1 134746114 294914 268439568 1536
is_linear=0
shrinkage=0.045


Tree=209
num_leaves=23
num_cat=19
split_feature=0 3 2 0 3 3 0 0 5 3 0 0 0 3 0 5 3 0 0 3 0 5
split_gain=1.5199 1.01129 0.957467 1.00971 1.73977 0.93725 0.811971 0.7567 0.730835 0.711903 1.68554 1.43723 0.817107 0.798671 0.774813 0.851122 0.759833 1.45934 1.29986 0.748965 1.04811 0.81756
threshold=0 1 2 3 4 5 6 7 3.0201273556387074 8 9 10 11 12 13 4.7999057951650004 14 15 16 17 18 2.740319461670996
decision_type=9 9 9 9 9 9 9 9 10 9 9 9 9 9 9 8 9 9 9 9 9 10
left_child=1 -1 5 4 6 8 -4 -3 -2 11 -11 -5 13 -13 15 19 17 -14 -18 -12 21 -21
right_child=2 7 3 9 -6 -7 -8 -9 -10 10 14 12 16 -15 -16 -17 18 -19 -20 20 -22 -23
leaf_value=-0.031881231727312664 -92.225852578305407 -1.4834396511476027 -48.998250685769953 8.6780562151382892 -0.39425995314323076 213.90790860563496 -2.7659807585459673 -9.3196778846049675 137.09727161920085 -3.2254997460309487 34.692929404597912 9.2033698581722057 -22.809020815209028 -2.5544496449629124 2.3026784632957704 121.04187930484657 -0.34929993383414382 2.3034272064126906 -34.986287691967391 -161.47613119450247 33.597701906638136 -7.3834229444855159
leaf_weight=535 44 402 259 1475 2172 518 362 283 64 2168 337 1734 474 1928 4139 649 1202 1968 1532 51 309 370
leaf_count=535 44 402 259 1475 2172 518 362 283 64 2168 337 1734 474 1928 4139 649 1202 1968 1532 51 309 370
internal_value=-6.95259e-05 -0.00160714 1.75726e-05 -3.42697e-05 -0.000829412 0.00173511 -0.00290758 -0.0027439 -0.00195 8.73121e-05 0.000404916 -0.000159951 -0.000377288 0.00013718 0.000801517 0.00160417 -0.000740748 -0.000161369 -0.00125528 0.00082928 1.64927e-10 -0.00144457
internal_weight=22975 1220 21755 21129 2793 626 621 685 108 18336 8023 10313 8838 3662 5855 1716 5176 2442 2734 1067 730 421
internal_count=22975 1220 21755 21129 2793 626 621 685 108 18336 8023 10313 8838 3662 5855 1716 5176 2442 2734 1067 730 421
cat_boundaries=0 13 15 16 29 31 33 46 59 61 74 87 101 103 117 119 133 147 149 163
cat_threshold=4194305 1073807440 268435456 268468224 2148565516 33556545 128 268452864 32904 5 33554432 8 1179648 2161853456 74296 96 0 8388644 1 576 1073758272 536870912 0 8192 4 2562 346161152 3706880 49158 24118274 229432 12583968 16904 0 8388640 0 0 0 536870912 0 0 4 0 67108864 2129920 32770 0 65536 268435456 0 1081860 33556544 0 16384 32768 0 33554432 0 1048576 4001751956 278084 2147553288 16782336 1073741824 1 402653440 5120 256 1207959552 71680 8913984 16777216 16780292 75497488 2164346952 16384 1073741824 1 402653184 5120 0 1207959552 69632 2215149632 128 16780357 8388864 35815440 16782336 603979776 8192 8978688 0 0 32832 2048 29491200 553648128 2147483648 69214737 16 2852389632 264708 10780672 103155712 536875008 132 0 4 0 0 1024 1074790400 536940600 268435984 136 6 1216405648 9792 1082392576 2097152 0 2097152 0 4 0 0 0 3145728 1073741824 656 2048 2 1082130432 33556480 0 2097168 0 16777216 0 65536 536870912 2101256 1207959552 268436112 2048 2 23072768 65586 2129920 133120 0 0 0 0 0 0 0 0 4096 512 8 2
is_linear=0
shrinkage=0.045


Tree=210
num_leaves=23
num_cat=17
split_feature=0 3 0 3 0 5 3 3 0 0 5 0 0 3 5 4 0 3 5 0 5 0
split_gain=1.34541 1.45529 1.15153 1.7219 0.799486 0.914584 0.732808 0.663082 4.29433 2.02212 1.36298 1.18256 1.13606 1.04413 0.872319 1.03537 0.931393 0.708044 0.639147 0.631804 0.628187 0.622616
threshold=0 1 2 3 4 3.1984648276080736 5 6 7 8 5.9039975907279691 9 10 11 2.9174053685313028 12 13 14 2.1383330595080281 15 5.4004200416950168 16
decision_type=9 9 9 9 9 10 9 9 9 9 8 9 9 9 10 1 9 9 8 9 10 9
left_child=1 -1 3 4 -2 -6 -5 8 -4 10 13 17 -11 20 15 18 -16 -10 -13 -8 -9 -14
right_child=2 -3 7 6 5 -7 19 9 11 12 -12 14 21 -15 16 -17 -18 -19 -20 -21 -22 -23
leaf_value=-0.11414411008641225 34.347799554774952 42.964045235392248 40.753729583977155 -14.506973847032155 101.71159175864901 -10.595146617831638 -20.409105607039887 -9.3899144714716254 -6.7478744168235396 6.6733201178563144 -36.722869764064036 -0.9218445499039607 0.96301018271984262 1.1269422772331765 25.750732433807247 -2.8917261536200236 -2.1603429737393474 -44.677084526037667 -144.72011352554327 -1.7483707073077952 17.323303155871379 -2.5652172919008471
leaf_weight=746 404 639 2183 139 98 187 457 1076 286 1228 222 69 4716 786 1040 297 2846 161 145 410 84 4756
leaf_count=746 404 639 2183 139 98 187 457 1076 286 1228 222 69 4716 786 1040 297 2846 161 145 410 84 4756
internal_value=-1.66469e-05 0.00133679 -0.000104157 -0.00122583 0.000507133 -0.00128788 -0.00240471 -7.91162e-06 0.000343302 -0.000199845 -0.00144908 -0.000404036 5.46118e-05 -0.00107187 -0.00017657 -0.00192105 5.32409e-05 -0.00257843 -0.00429167 -0.00185836 -0.0019198 -0.000112927
internal_weight=22975 1385 21590 1695 689 285 1006 19895 7027 12868 2168 4844 10700 1946 4397 511 3886 447 214 867 1160 9472
internal_count=22975 1385 21590 1695 689 285 1006 19895 7027 12868 2168 4844 10700 1946 4397 511 3886 447 214 867 1160 9472
cat_boundaries=0 13 15 28 30 43 45 47 61 75 88 102 104 105 119 121 134 147
cat_threshold=49152 2156937216 3758096592 2147483648 16777216 33 512 0 1024 67117088 536936480 657504 4130 2330461234 69692 4194305 65552 268435456 268468224 1081932 536872960 128 268460032 32908 5 33685504 4104 1179652 3264680116 152160 4194304 16 0 0 1081348 536870912 0 268443648 0 1 0 0 4 671088714 33024 272370770 327975 16 119806980 4097 4 2147614976 16777536 0 0 536870912 4198914 1073741824 2149580816 8389121 4 16 119807044 4097 516 2147614976 16777280 0 1073741824 0 6146 1073741832 16 8388608 6 8650760 0 0 2105344 1073758208 33554432 256 134217728 2048 1048896 278921216 16777220 1024 3280273420 1073741824 0 8192 268517376 5120 0 134217728 2048 1589568 8388608 268435460 2622720 17 29479328 55424 2 35655680 64 0 1 0 0 0 65536 69632 1082262528 16 10113 2147500160 2 1049618 4 4194305 16 0 32768 1048580 536870912 0 268435456 4 1 0 4096 4 2097152 139264 0 2097152 142606336 33554436 0 66560 134217728 2158003208 421531792 16809985 67117208
is_linear=0
shrinkage=0.045


Tree=211
num_leaves=23
num_cat=19
split_feature=0 0 3 0 5 5 3 0 2 0 3 3 0 0 3 0 3 5 0 3 2 1
split_gain=1.57377 1.05264 1.93431 0.909971 1.13473 1.08759 0.906343 0.734113 0.589712 0.913236 0.860952 0.527812 2.98252 1.3393 1.21884 1.0456 1.04772 1.09293 0.726827 1.0861 0.703934 0.944352
threshold=0 1 2 3 5.7573219937320976 3.795426061844291 4 5 6 7 8 9 10 11 12 13 14 2.602003343538398 15 16 17 18
decision_type=9 9 9 9 10 8 9 9 9 9 9 9 9 9 9 9 9 10 9 9 9 9
left_child=6 2 7 -4 5 -5 -1 -2 10 -10 -3 12 -11 14 -14 16 17 -13 19 -17 21 -20
right_child=1 8 3 4 -6 -7 -8 -9 9 11 -12 15 13 -15 -16 18 -18 -19 20 -21 -22 -23
leaf_value=-5.9150610326563182 35.496574475803136 -35.180998261315573 -1.5224190127140902 -6.7161099713029175 53.723575532983944 -47.370008409373952 31.100657598679067 -1.5341359238708985 -139.4490982234592 11.186999080420449 169.69090620453153 -93.178206579551812 -7.9156347311614654 -2.856814949248589 -51.619373607269452 87.754477628900773 0.14436317897881806 -6.730576146618664 -128.02521115844502 3.1758053203659471 1.2274155674009037 -1.3226834447992475
leaf_weight=233 336 106 296 104 58 240 605 377 141 1139 444 99 275 2132 319 400 1549 953 144 1124 11011 890
leaf_count=233 336 106 296 104 58 240 605 377 141 1139 444 99 275 2132 319 400 1549 953 144 1124 11011 890
internal_value=-4.89603e-06 -7.78137e-05 -0.00126177 -0.00292817 -0.00432609 -0.0054104 0.00189529 0.000391035 3.47205e-06 -3.65562e-05 0.00144128 -1.01011e-05 -0.000481687 -0.00128853 -0.00316337 0.000102892 -0.000721584 -0.00181015 0.000261432 0.00118359 0.000143693 -0.000972275
internal_weight=22975 22137 1411 698 402 344 838 713 20726 20176 550 20035 3865 2726 594 16170 2601 1052 13569 1524 12045 1034
internal_count=22975 22137 1411 698 402 344 838 713 20726 20176 550 20035 3865 2726 594 16170 2601 1052 13569 1524 12045 1034
cat_boundaries=0 13 26 28 41 43 56 57 69 71 73 87 100 102 115 117 130 132 133 135
cat_threshold=8388624 2148548608 3254780112 2147491840 2147483648 32 640 134217728 1024 139296 65576 131168 2 4194305 1082196048 268435456 64 49736 570427457 0 268443648 12 5 35651584 4104 1179648 3269022388 10880 1 0 0 64 16456 570425409 0 0 0 0 33554432 4096 1048576 138446356 32 0 1082196048 0 0 32768 0 0 268443648 4 0 2097152 0 1048576 96 0 0 0 0 0 0 0 0 0 0 0 2621440 2151683104 16904 385883012 44608 1107591168 10240 536870912 2097152 142737668 1024 0 0 2048 1080067082 83890176 269486084 67108896 1 2149580800 2102276 1 512 1048576 0 0 0 32768 540672 0 33168 6148 33555200 2112 33554432 32 0 32772 1207959556 0 256 1024 71680 1073777746 889327616 269484544 573472 679740482 331930 2149662732 35913728 67112960 268436112 65536 16777476 0 32832 0 525056 0 16777232 6276 3356558400 282642 129 84 2064
is_linear=0
shrinkage=0.045


Tree=212
num_leaves=23
num_cat=21
split_feature=0 0 3 5 0 3 0 1 0 3 4 0 3 3 3 0 0 0 3 0 3 0
split_gain=0.975662 0.929101 0.933549 0.616514 2.19354 1.56686 1.30164 1.06252 0.924654 1.97518 0.958192 1.21513 1.08089 0.904382 0.887592 3.15931 1.77004 1.38134 1.07411 0.889902 1.08005 1.07672
threshold=0 1 2 5.4004200416950168 3 4 5 6 7 8 9 10 11 12 13 14 15 16 17 18 19 20
decision_type=9 9 9 10 9 9 9 9 9 9 1 9 9 9 9 9 9 9 9 9 9 9
left_child=-1 2 -2 8 -5 7 -7 -6 9 -3 12 -12 -11 -8 15 -10 18 -17 -16 -18 -21 -22
right_child=1 3 -4 4 5 6 13 -9 14 10 11 -13 -14 -15 16 17 19 -19 -20 20 21 -23
leaf_value=99.208800280468211 1.0662283109591684 -22.995932449882243 -4.3160159911321037 111.2386415424575 9.0418589726559908 43.862371537877145 43.65132898692184 -15.34140957999065 26.822888640169559 -54.774369018221442 12.18837519855969 -27.773057003490031 47.855688055871944 -7.1436177037630912 2.3889509100696213 -43.185190851434903 2.8817693736215633 -3.3703479900466227 34.096398473823356 -6.1589171974598962 -23.076876781738797 5.6870171749402525
leaf_weight=218 315 729 469 799 342 658 211 730 885 122 382 481 636 970 1467 517 3685 3472 1082 3108 322 1375
leaf_count=218 315 729 469 799 342 658 211 730 885 122 382 481 636 970 1467 517 3685 3472 1082 3108 322 1375
internal_value=-2.05639e-05 -5.0002e-05 -0.0015603 4.70792e-06 0.000533405 -4.46457e-05 0.000751216 -0.00140314 -0.000102737 -0.000933531 -5.23575e-05 -0.00107688 0.00111316 -0.000147108 2.06281e-05 -0.000484445 0.000243915 -0.00102462 0.00128095 -6.88072e-05 -0.000471766 0.000439731
internal_weight=22975 22757 784 21973 3710 2911 1839 1072 18263 2350 1621 863 758 1181 15913 4874 11039 3989 2549 8490 4805 1697
internal_count=22975 22757 784 21973 3710 2911 1839 1072 18263 2350 1621 863 758 1181 15913 4874 11039 3989 2549 8490 4805 1697
cat_boundaries=0 13 26 28 42 44 58 60 74 76 77 89 91 93 95 109 123 137 139 153 155 168
cat_threshold=0 1074790400 2147483728 2147483648 0 0 0 0 0 0 65536 131168 2 1 65536 268435456 268435520 82504 536872961 128 402653184 32776 5 2097152 4104 1179648 2189477394 68240 2129920 119538692 0 0 32768 1028 0 0 0 2621440 0 1057796 2147516932 1 2722292742 92203 1107558400 0 1 0 134217984 0 0 73728 536870912 4096 134217856 2147483648 0 4 104 2090 6291456 35651616 1 640 33024 33558596 512 0 4 2100848 8388608 1056769 2148041216 4 21242950 315704 2 0 35651616 1 640 256 64 512 0 0 1024 0 1 134217744 65536 135266368 656 1192336288 10945 42205184 8192 536870912 2105345 134348800 0 0 8192 1024 1064960 620761136 268960260 28704 1 16392 3076 1073741824 4 285212676 16777216 0 1073791040 4096 135170 134348936 2147485712 75501569 2 24 3076 0 0 268435456 0 0 1073774592 0 135170 268435456 32784 0 2 2565488646 147476 16842772 2147635216 4096 16 2155872256 1024 256 0 536872960 83886088 268435456 18908544 3208 16 142607440 250174 1082392576 16777216 0 1 1179648 0 0 8192 0 1074790400 67108864 4 36
is_linear=0
shrinkage=0.045


Tree=213
num_leaves=23
num_cat=19
split_feature=0 3 0 3 5 3 3 0 0 0 0 3 2 1 3 0 3 0 5 2 5 0
split_gain=1.15174 1.0321 0.964054 1.83728 0.604914 0.779265 0.624534 2.49398 2.20631 1.48568 1.33356 1.15334 0.760934 0.757355 0.749439 0.706309 0.695521 0.727114 0.896441 0.634359 1.01807 0.796524
threshold=0 1 2 3 6.462248816637195 4 5 6 7 8 9 10 11 12 13 14 15 16 3.8176519431297078 17 4.4829865921051741 18
decision_type=9 9 9 9 10 9 9 9 9 9 9 9 9 9 9 9 9 9 8 9 8 9
left_child=1 -1 3 -2 6 -6 8 11 12 -9 14 -8 -4 -11 -10 -13 -14 -18 -19 20 -15 -21
right_child=2 -3 4 -5 5 -7 7 9 10 13 -12 15 16 19 -16 -17 17 18 -20 21 -22 -23
leaf_value=36.991437417304596 2.430066425874144 -0.40725117526395122 -59.598737054444953 -5.8228747061671511 90.037803242784577 2.9314380689383834 122.28266971883548 -11.511463088862092 -23.105899179345684 -53.984958306070681 -1.3848292979189989 1.3199176030077111 -27.719618764991925 1.7361065591267189 8.9977430280721098 94.090789289687308 92.24924186933481 2.1152417071006573 -14.623354133273196 8.2252480995879313 -126.63880817723458 -0.42761443628064427
leaf_weight=568 487 510 149 566 228 503 611 1220 125 131 7980 854 317 184 1597 384 126 327 805 2330 157 2816
leaf_count=568 487 510 149 566 228 503 611 1220 125 131 7980 854 317 184 1597 384 126 327 805 2330 157 2816
internal_value=-3.23148e-05 0.00139541 -0.000103314 -0.00142394 -3.58169e-05 0.00123397 -8.21027e-05 0.000205369 -0.000300577 -0.000191825 -3.61332e-05 0.00166604 -0.00177823 0.000118295 0.00109516 0.0008568 -0.0014603 -0.000963779 -0.00132955 0.000202128 -0.00164448 0.000328034
internal_weight=22975 1078 21897 1053 20844 731 20113 8687 11426 6838 9702 1849 1724 5618 1722 1238 1575 1258 1132 5487 341 5146
internal_count=22975 1078 21897 1053 20844 731 20113 8687 11426 6838 9702 1849 1724 5618 1722 1238 1575 1258 1132 5487 341 5146
cat_boundaries=0 13 15 28 30 32 34 48 61 74 87 89 90 91 93 106 108 117 118 132
cat_threshold=81944 2148548608 1610612944 2415919236 268435456 36 0 0 0 68289312 8 657504 4096 675305058 415876 1 1073807360 2415919105 32832 98376 2113 128 402653184 12 5 2228224 4104 1179650 42517040 19080 1623042 14464 1195437866 450180 56889344 102762512 0 17 0 256 0 32768 536875008 0 67178512 2147524608 8431745 1 56889344 69208084 0 17 512 256 0 40960 36864 1073747970 67174416 0 2156396549 3221225472 8519680 0 2105344 1091190784 33554432 512 65536 2048 11011152 553648128 128 16384 3221225472 8519680 0 2105344 17448964 16782336 512 83008 2048 11010128 553648128 268435585 16384 2621584 35 2 269486083 8192 133120 4096 100665360 0 0 0 0 0 0 536870912 0 67108864 2147483648 34817 33589514 311296 6291456 0 0 16 0 0 0 0 32768 1 8421376 271364 0 0 0 0 0 8192 33792 1073747978 134217856 2098432 2149581332 2
is_linear=0
shrinkage=0.045


Tree=214
num_leaves=23
num_cat=20
split_feature=0 3 0 3 0 0 0 3 1 0 0 3 3 0 5 2 4 0 3 0 5 0
split_gain=1.30364 1.26094 1.09424 0.541148 2.50437 2.21853 1.64344 1.56405 1.35319 1.12949 0.720709 1.02948 0.880275 0.789801 0.843119 0.728699 1.27426 0.689196 0.680097 1.02797 0.740621 0.622755
threshold=0 1 2 3 4 5 6 7 8 9 10 11 12 13 5.7284737652803868 14 15 16 17 18 3.5408542930527882 19
decision_type=9 9 9 9 9 9 9 9 9 9 9 9 9 9 10 9 1 9 9 9 8 9
left_child=1 -1 -2 5 -5 7 -6 8 -4 18 12 21 15 -13 -15 16 -8 -9 19 -7 -20 -12
right_child=2 -3 3 4 6 9 10 17 -10 -11 11 13 -14 14 -16 -17 -18 -19 20 -21 -22 -23
leaf_value=0.81375270708921044 27.3809783711154 -6.3826517165969587 -4.2620675777888888 34.714850604786939 11.566390358345609 -37.634429994695843 -4.5381996325263438 3.3013678240733522 -78.717577098665458 -0.5866419907897098 -33.13772083256363 11.797137427850368 -2.0980787940863435 -3.7264504288562783 78.540568357730677 -5.7840023842200496 -116.47476727115537 -5.2710538645290796 0.59668804756216809 1.9799634162482433 43.851426762576345 -8.2420811039571653
leaf_weight=450 310 635 324 1452 2754 108 89 401 342 8070 434 835 791 1306 193 300 56 825 288 338 716 1958
leaf_count=450 310 635 324 1452 2754 108 89 401 342 8070 434 835 791 1306 193 300 56 825 288 338 716 1958
internal_value=-2.44808e-05 -0.00153829 5.13653e-05 1.25048e-05 0.000251081 -0.000200105 -3.81529e-05 -0.00160242 -0.00334513 8.02561e-05 -0.000457984 -0.00020325 -0.00142067 0.000468031 -0.000151886 -0.00300328 -0.00558917 -0.000632472 0.00123119 -0.000235808 0.00187795 -0.000857321
internal_weight=22975 1085 21890 21580 10168 11412 8716 1892 666 9520 5962 4726 1236 2334 1499 445 145 1226 1450 446 1004 2392
internal_count=22975 1085 21890 21580 10168 11412 8716 1892 666 9520 5962 4726 1236 2334 1499 445 145 1226 1450 446 1004 2392
cat_boundaries=0 13 15 27 29 43 57 70 72 74 88 102 104 106 120 121 122 135 137 149 163
cat_threshold=4194321 1073807360 2415919104 32768 98376 2113 128 402654208 32780 5 69206016 4104 1179650 2181599280 27336 4 1048576 80 2147491856 512 4 0 49152 0 0 0 131168 3477241642 170184 2101248 52707332 536875009 516 2164260864 16777472 0 0 5120 1090523136 1073741968 9216 8396929 4 2101248 17041412 536875009 512 16777216 553648384 0 8192 536875008 1073745920 1090654232 1048577 8396801 4 41992200 133152 0 2097152 134217732 536870912 0 0 536870912 4325378 16912384 2150629381 2149615648 2147639304 38912 786432 1029 2147549184 8396864 1073741824 128 268566528 5120 512 1073741824 67584 9961792 545259552 268992640 5632 18 3221225472 8392768 0 128 268451840 4096 512 1073741824 65536 9439312 578813952 268468736 529408 2 805568532 73765 12058688 279314 262144 67109888 0 1 1048576 0 0 8192 0 2147336 402653184 524416 67108880 1 18 4 2101248 16779264 536870912 0 0 256 0 0 0 1073741824 16781328 0 8192 1094854656 165896 0 8396800 0 0 0 0 0 0 0 524288 0 32768 262144 8192 0 0 1048576 33554432 0 8192 0 2146304 268500992 16777344 4 1
is_linear=0
shrinkage=0.045


Tree=215
num_leaves=23
num_cat=20
split_feature=0 0 3 3 0 5 0 3 0 3 2 0 3 0 0 3 4 0 3 3 0 5
split_gain=1.24079 1.0837 0.773336 0.559364 0.530237 0.50127 1.51592 1.62794 1.25621 1.38729 1.10619 1.14083 1.18083 1.24345 1.23047 1.5877 1.04628 1.01824 1.00537 0.985342 1.10712 0.827026
threshold=0 1 2 3 4 4.135134555718313 5 6 7 8 9 10 11 12 13 14 15 16 17 18 19 4.5900436644025815
decision_type=9 9 9 9 9 8 9 9 9 9 9 9 9 9 9 9 1 9 9 9 9 8
left_child=2 3 -1 -2 -4 6 7 -3 9 17 16 -12 13 -13 15 -14 -10 -7 -18 -8 -21 -20
right_child=1 5 4 -5 -6 8 19 -9 10 -11 11 12 14 -15 -16 -17 18 -19 21 20 -22 -23
leaf_value=0.77206329532217466 -3.0077987608348589 -5.8895182387342686 -1.39982035046047 40.027836843429583 -5.7156005905553409 9.9205664609348343 -22.938856767945317 18.485157158478508 -52.91682375589788 -9.6295545360929609 16.488922702739806 -20.113246776747484 -38.222823654124973 2.0188852374613933 6.2074420604865033 12.900769157924701 6.5632452849697094 -5.3632912417648937 5.5230496345968962 -47.891068419387686 -0.96591181153942485 190.35449343238614
leaf_weight=352 211 591 240 492 400 461 691 1219 45 836 1338 1740 223 1874 3824 201 757 344 287 331 5781 737
leaf_count=352 211 591 240 492 400 461 691 1219 45 836 1338 1740 223 1874 3824 201 757 344 287 331 5781 737
internal_value=-1.273e-05 5.78997e-05 -0.00155976 0.00178112 -0.00248466 1.67544e-10 -0.000264829 0.000889133 0.000180085 -0.000977314 0.000353053 0.000151433 -5.60069e-05 -0.000652785 0.000452113 -0.00181651 0.00136126 0.000358017 0.00154206 -0.000572487 -0.000387982 0.00244981
internal_weight=22975 21983 992 703 640 21280 8613 1810 12667 1641 11026 9200 7862 3614 4248 424 1826 805 1781 6803 6112 1024
internal_count=22975 21983 992 703 640 21280 8613 1810 12667 1641 11026 9200 7862 3614 4248 424 1826 805 1781 6803 6112 1024
cat_boundaries=0 13 25 27 29 42 56 58 72 74 75 89 91 105 118 120 121 135 137 139 153
cat_threshold=4194321 1073807360 268435456 32768 98888 33556545 640 268435456 32776 5 2097152 4104 9568258 16384 2148810752 1610617040 2147483668 1048576 256 0 0 0 256 1073872904 131168 2190053392 75832 4244000 71704 16 0 0 32768 64 33556544 512 0 32768 0 0 4096 1048576 3229646848 8196 0 8192 276955136 0 256 1073741888 0 692226 16 2434271253 528384 4 3381637158 262144 2172653568 1108 0 1 1359609856 536870912 0 1073741824 4 1216514 16 286263313 4128 4 177468436 81974 80 2424840 41943040 2147483648 2097280 0 5124 0 58368 1024 1075839056 268501152 128 2105984 2 2368890624 222838 1073741824 69206016 1 0 8388864 0 0 65536 0 8388608 218103808 2147516416 2147502093 1 33554432 12288 0 0 0 0 0 0 4096 0 0 525312 67108864 13209616 136 1 4096 1092 0 0 524288 0 0 0 0 135170 0 16 0 4 55789126 18984 570460160 36096 262144 41943040 1 0 16384 0 0 134234112 0 1075838976 65536 0 25088 18
is_linear=0
shrinkage=0.045


Tree=216
num_leaves=23
num_cat=16
split_feature=0 3 0 5 0 5 5 3 0 0 3 2 5 3 0 0 3 5 5 0 1 1
split_gain=1.1564 1.06072 1.05505 0.57308 0.564873 0.554112 0.806914 1.56493 0.898666 0.874072 2.53693 1.19846 1.0384 1.01763 2.87344 2.20079 1.84862 1.157 1.12545 1.12096 0.960903 0.841488
threshold=0 1 2 3.7256208424938388 3 1.7005986908310777 2.8617925509761908 4 5 6 7 8 5.5274410133216039 9 10 11 12 3.9981586158983733 3.4811217321331038 13 14 15
decision_type=9 9 9 10 9 8 8 9 9 9 9 9 8 9 9 9 9 10 8 9 9 9
left_child=1 -1 -2 -3 -5 -4 7 -7 -9 10 11 12 -8 14 -11 16 18 -18 -15 -16 -13 -21
right_child=2 3 5 4 -6 6 9 8 -10 13 -12 20 -14 15 19 -17 17 -19 -20 21 -22 -23
leaf_value=3.1545238980438066 49.351528320933902 -0.91678995362153781 17.807792212396507 -2.6541282219617033 -7.8202678258984539 -75.323819941461139 -3.4748874493569635 65.130801790640987 -8.6159342274054591 38.744694112889498 49.706742876197417 0.58568733713257959 140.6222019032715 -49.106967781990711 2.2832781613033308 -0.18903193417890224 -93.702320737633656 -10.43262981277749 -0.34066076874911549 -36.319767118423229 -113.37952349743311 -5.4800803931694295
leaf_weight=374 548 297 614 121 298 320 872 116 623 1824 699 116 245 140 2286 10089 258 353 1005 129 140 1508
leaf_count=374 548 297 614 121 298 320 872 116 623 1824 699 116 245 140 2286 10089 258 353 1005 129 140 1508
internal_value=-6.85451e-06 -0.00142922 6.47351e-05 -0.00243544 -0.003538 1.41226e-05 -2.54039e-05 -0.00123421 -6.5912e-05 3.98151e-05 0.000911229 -0.000217689 0.000426484 -6.33945e-05 0.000427418 -0.00030172 -0.0017664 -0.0037488 -0.000680639 -0.000259593 -0.00292164 -0.00115434
internal_weight=22975 1090 21885 716 419 21337 20723 1059 739 19664 2072 1373 1117 17592 5747 11845 1756 611 1145 3923 256 1637
internal_count=22975 1090 21885 716 419 21337 20723 1059 739 19664 2072 1373 1117 17592 5747 11845 1756 611 1145 3923 256 1637
cat_boundaries=0 13 15 27 40 42 55 69 71 72 74 87 100 102 116 118 120
cat_threshold=4194320 1073807360 2415919104 32768 66120 33556545 640 268443648 32776 261 2097152 4104 1183746 2182124052 2760 16384 2148794368 1644171472 2415919108 0 0 0 134234112 0 0 1073807368 131168 16 0 0 0 0 33554496 128 0 0 0 0 0 1052672 34443924 262280 2147483648 32 0 0 524288 0 0 0 0 0 134217856 2147483648 1040 44072960 4 67108864 512 147456 16778756 0 0 7168 1143998480 32 268959748 2147483648 16 2303462266 21212 116 2148336080 315672 262152 77604864 1 0 269516804 256 0 0 0 131072 201326592 2166362001 67111941 262156 77596672 1 16 2433777668 0 256 32832 0 512 738328576 18876433 8391684 1534236200 132 1 33555456 0 0 143130624 0 0 65536 536870912 4198410 830472320 0 8437816 1 1024 66562 268435457 66
is_linear=0
shrinkage=0.045


Tree=217
num_leaves=23
num_cat=18
split_feature=0 0 3 3 0 4 0 5 2 3 0 3 5 0 3 5 5 3 0 0 0 3
split_gain=1.29244 1.14254 1.38767 0.86061 0.589397 0.548567 0.518671 0.529278 0.487844 1.00541 1.20032 1.23955 1.06008 0.907325 1.21208 0.883777 1.15951 0.730197 2.07713 1.49073 1.17451 0.941544
threshold=0 1 2 3 4 5 6 5.2704288588135384 7 8 9 10 6.1366459725839873 11 12 4.8322978221268906 4.4942230200312032 13 14 15 16 17
decision_type=9 9 9 9 9 1 9 10 9 9 9 9 8 9 9 10 8 9 9 9 9 9
left_child=3 2 -2 6 -4 -6 -1 -8 9 10 11 -3 -12 14 15 16 -10 18 -15 21 -20 -19
right_child=1 8 4 -5 5 -7 7 -9 13 -11 12 -13 -14 17 -16 -17 -18 19 20 -21 -22 -23
leaf_value=83.443007411089155 81.419427929730148 -38.529014085783309 113.95273959864325 -3.4919213891367566 -286.64539615716484 -0.045799111167086771 -0.51518466959114828 -20.995648355045876 0.011267364347075521 2.2111458282534131 -23.164715176639451 24.262408153504865 -92.125934130154221 27.376498616820108 44.639892262354813 243.16894633330949 -102.22217951313986 -0.50700761900891644 -19.560505894890515 -0.18046621034113827 0.050858873759767033 -15.880089619677248
leaf_weight=113 499 121 113 491 40 643 301 68 408 818 356 269 49 2021 690 84 93 748 423 9415 3980 1232
leaf_count=113 499 121 113 491 40 643 301 68 408 818 356 269 49 2021 690 84 93 748 423 9415 3980 1232
internal_value=-3.62317e-05 3.51596e-05 0.00132555 -0.00163096 0.000144802 -0.000369065 -0.000255061 -0.0010748 -4.62617e-05 -0.000794769 -0.00192379 -0.00011194 -0.00361511 1.74292e-05 0.00117133 -0.000339196 -0.00106461 -6.58683e-05 0.000317433 -0.000282063 -0.00023137 -0.0014006
internal_weight=22975 22002 1295 973 796 683 482 369 20707 1613 795 390 405 19094 1275 585 501 17819 6424 11395 4403 1980
internal_count=22975 22002 1295 973 796 683 482 369 20707 1613 795 390 405 19094 1275 585 501 17819 6424 11395 4403 1980
cat_boundaries=0 13 26 28 30 42 43 53 54 56 69 70 83 85 87 100 113 126 128
cat_threshold=1 1073807424 2415919104 268468224 98824 33556545 640 268451840 32776 261 0 268435464 1179650 42057740 2148794368 1073746128 2147484176 16384 0 0 1073741824 1024 1140850720 536870912 655456 128 2698269828 156320 2147537424 68252 0 0 0 16 0 0 0 0 0 1073741856 0 131168 1 0 65600 0 0 33280 0 128 0 0 1 1 2182039050 153605 1073741824 0 0 0 8388608 0 0 0 0 24 160 128 41 2181055496 2147483712 0 536870912 68 0 512 0 0 526468 16908288 4248 3200 2097408 2205089826 78075 1083113554 110859 2097152 69209092 0 1 2551185412 536870912 0 32768 4096 4112 167772160 2147488001 8416276 16777216 69208068 0 1 286261248 553648384 256 134251520 4096 4608 234881024 36865 2156416004 4096 48 0 8320 0 0 0 0 0 558080 2097152 1048576 4128 222331556 2080
is_linear=0
shrinkage=0.045


Tree=218
num_leaves=23
num_cat=21
split_feature=0 0 3 3 0 5 0 3 0 3 3 0 0 2 0 3 3 0 0 3 3 0
split_gain=1.29262 1.1475 1.10563 0.965198 0.886752 0.600391 1.40282 2.28503 1.11202 2.30646 1.15707 1.73453 1.31989 1.07699 0.99847 0.958482 0.91412 1.77462 1.46707 0.870106 0.750621 0.930648
threshold=0 1 2 3 4 4.135134555718313 5 6 7 8 9 10 11 12 13 14 15 16 17 18 19 20
decision_type=9 9 9 9 9 8 9 9 9 9 9 9 9 9 9 9 9 9 9 9 9 9
left_child=3 2 -2 4 -1 6 7 13 9 14 11 -10 -12 -3 -7 -16 18 -18 19 -8 21 -20
right_child=1 5 -4 -5 -6 8 16 -9 10 -11 12 -13 -14 -15 15 -17 17 -19 20 -21 -22 -23
leaf_value=-79.662872730334442 12.056420178357566 -107.00479976975994 -2.6624359324882532 39.704260476415463 8.3658259569837981 -2.5562021502876946 14.458675938246015 19.260065843758451 33.388159287462308 4.2479111018173619 0.4169116955238592 -2.8715684300090292 27.660672893303587 0.38264941446246081 -94.942743761673711 -1.4115316828559481 16.909169377494756 -3.0628412958037323 0.36620001127938767 -10.416278124414841 -35.725724548199992 -18.039088958121436
leaf_weight=233 338 145 744 773 349 647 490 1744 381 1313 2983 3587 2824 124 252 259 620 2159 661 878 729 742
leaf_count=233 338 145 744 773 349 647 490 1744 381 1313 2983 3587 2824 124 252 259 620 2159 661 878 729 742
internal_value=-8.81299e-06 -9.36111e-05 -0.00151371 0.00133321 -6.06059e-05 -1.7956e-05 -0.0003136 0.000717778 0.000182234 -0.000668747 0.000397722 -0.000194472 0.000801942 -0.00305872 -0.00212308 -0.00360516 -0.000644492 -3.38587e-05 -0.00112756 2.60871e-05 -0.00186381 -0.00123074
internal_weight=22975 21620 1082 1355 582 20538 8292 2013 12246 2471 9775 3968 5807 269 1158 511 6279 2779 3500 1368 2132 1403
internal_count=22975 21620 1082 1355 582 20538 8292 2013 12246 2471 9775 3968 5807 269 1158 511 6279 2779 3500 1368 2132 1403
cat_boundaries=0 12 25 27 29 41 55 57 71 73 75 89 103 104 117 119 121 134 148 150 152 165
cat_threshold=42057732 2148794368 1610617040 2147484164 16777216 1 0 32768 1024 0 131080 657505 16 1073807424 2415919104 268468224 98888 587204672 512 268451840 136 261 0 268439560 1179650 2181091344 66240 2315847218 4152 33619968 0 1610616832 4 16777216 1 0 0 1024 0 0 524288 1073741824 67108868 0 8192 278528000 0 256 1073741888 4 1200194 16 2165310484 76025857 4 1107398692 139264 16781312 13348 0 1 1342832640 256 0 1073741824 4 1232898 16 17826064 8392737 4 2180382780 448648 2619567946 132710 0 0 0 0 0 1024 0 0 0 2098176 1342181376 640 67109504 2 2147483648 10485760 0 8192 142606592 1024 0 73728 536875008 4195336 270536704 2149590660 67125380 3 4 0 4 0 1 268959744 0 0 0 4 20482 16 272 4097 25165840 16520 843091696 368524 2151677952 48 0 0 0 0 0 0 2048 1082163208 128 32768 2147518496 2147745792 8403968 0 2097281 134217732 1024 0 134225920 536936448 4719632 1761611776 384 1024 1 1600 299784 809535152 65668 0 16 0 0 256 0 0 65536 2048 8 128 2097664 2147492408
is_linear=0
shrinkage=0.045


Tree=219
num_leaves=23
num_cat=21
split_feature=0 0 3 3 2 0 4 3 0 0 0 3 0 0 5 3 0 0 3 1 0 0
split_gain=1.41111 1.12758 1.47837 0.892611 0.811498 0.637036 0.621382 0.596418 2.5536 1.76316 1.48612 1.11342 0.966459 0.841055 0.840044 0.809926 0.692685 0.623484 1.01732 1.32735 1.21097 0.806243
threshold=0 1 2 3 4 5 6 7 8 9 10 11 12 13 5.344720891341141 14 15 16 17 18 19 20
decision_type=9 9 9 9 9 9 1 9 9 9 9 9 9 9 10 9 9 9 9 9 9 9
left_child=3 2 -2 -1 6 -5 -4 8 -3 11 -10 13 15 -9 17 -11 -16 -14 19 21 -20 -19
right_child=1 7 4 5 -6 -7 -8 9 10 12 -12 -13 14 -15 16 -17 -18 18 20 -21 -22 -23
leaf_value=-0.56806230199222452 76.88764798940656 6.4948710325327923 191.07698242456237 5.3837349027991346 3.5919845440267197 -5.8631386373040213 -113.74954618517076 -26.286001866758124 -9.8420189566627023 2.7118783114203775 -1.4813660654506691 80.838991293555594 2.7536955737778008 35.507020757740506 42.165864674818465 -11.02461391491981 13.950068736517167 -5.881713307439199 15.399972291968421 1.3383889489466521 -2.8555512762632365 -45.535547556079344
leaf_weight=476 632 1862 35 107 564 422 103 280 1389 500 5350 1418 3193 282 448 1746 854 389 594 606 1262 463
leaf_count=476 632 1862 35 107 564 422 103 280 1389 500 5350 1418 3193 282 448 1746 854 389 594 606 1262 463
internal_value=-2.05639e-05 5.52727e-05 0.00131724 -0.00165929 -0.000113445 -0.00291959 -0.00306 -2.70242e-05 -0.000312957 0.00017743 -0.00072056 0.0014006 -6.48156e-05 -0.000297909 0.000172037 -0.000884854 0.00121472 -3.66414e-05 -0.00046813 -0.00135306 0.000231264 -0.00248958
internal_weight=22975 21970 1334 1005 702 529 138 20636 8601 12035 6739 1980 10055 562 7809 2246 1302 6507 3314 1458 1856 852
internal_count=22975 21970 1334 1005 702 529 138 20636 8601 12035 6739 1980 10055 562 7809 2246 1302 6507 3314 1458 1856 852
cat_boundaries=0 13 25 27 29 30 43 44 46 60 73 86 88 102 115 117 130 144 146 148 161 174
cat_threshold=4194304 1073807424 2415919104 268435456 98376 50333761 512 268484608 32904 261 0 268435464 1179650 58773504 2148548608 1644167376 2147484164 0 0 128 1073741824 1024 131072 69640 655456 2731954240 158372 2148041840 2268 17 0 1073741824 0 0 0 33554432 0 268451840 0 0 0 268435456 1048576 2 3070426888 151145 2147745813 139296 0 8192 276824320 0 0 134283264 69632 1086882818 1612709920 1048708 32 2 2162696 103022596 4096 2097168 2165309952 4100 256 0 0 18890768 131072 2164269073 10241 2097160 103024660 67112960 2097152 17826304 4 0 8256 4 2113552 131072 8465 26629 1220804742 8192 2147745813 8224 0 8320 1350582528 256 0 134217728 69632 12616768 570425344 640 528416 18 0 0 0 0 0 0 0 0 0 0 0 2147491856 2048 1077411910 272 1073741824 1024 0 0 134217728 536870912 0 0 0 528384 83886208 1049604 2147516932 0 6160 0 32768 131076 1024 0 8192 2048 68157994 285212688 2098432 10503580 5 142082272 69906 1327137 69128 0 25165824 1 1 134217728 536870912 0 65536 0 0 1075839104 32772 32768 0 8519680 0 0 0 0 0 65536 0 0 201326592 1050624 2147484160
is_linear=0
shrinkage=0.045


Tree=220
num_leaves=23
num_cat=18
split_feature=0 0 3 2 3 0 3 5 5 3 0 0 0 5 0 3 0 0 3 5 4 3
split_gain=1.45226 1.16233 0.997648 0.940273 0.710092 0.637667 0.964361 0.635739 0.620569 0.606592 2.34314 2.14384 1.18496 1.0242 0.983108 0.951602 1.35264 1.09448 0.858789 0.855859 0.972299 0.808754
threshold=0 1 2 3 4 5 6 4.2696729980286863 3.0201273556387074 7 8 9 10 4.7833076179467886 11 12 13 14 15 4.9522934739897151 16 17
decision_type=9 9 9 9 9 9 9 8 8 9 9 9 9 8 9 9 9 9 9 10 1 9
left_child=4 2 -2 -4 -1 6 7 -5 -7 11 21 18 -12 15 -13 17 -17 -14 -3 20 -20 -11
right_child=1 9 3 5 -6 8 -8 -9 -10 10 12 14 13 -15 -16 16 -18 -19 19 -21 -22 -23
leaf_value=-0.39755339436234344 68.990223352503634 -3.3978613017596411 -92.16680025784899 -102.90331833866043 -2.8568228453869802 -17.763593762316809 8.5677152590533403 -42.361652143298471 12.903604983323563 1.843854383996212 4.3087033023841119 4.914098018800118 -0.19921247215488763 2.0365238090760793 -0.88326433886226907 -50.982714161409007 3.3105387843481942 -30.014397347900307 -75.26829804709719 -0.52579974821755715 -34.291818398228706 62.356512160081316
leaf_weight=379 513 963 102 52 635 41 198 88 376 475 4298 1887 872 1784 6984 122 507 1227 267 151 183 871
leaf_count=379 513 963 102 52 635 41 198 88 376 475 4298 1887 872 1784 6984 122 507 1227 267 151 183 871
internal_value=-3.81902e-05 3.91164e-05 0.00130246 0.000346951 -0.00169298 0.000909387 -0.00054 -0.00325658 0.00206643 -4.56485e-05 0.00020181 -0.000286446 -6.63113e-05 -0.000574934 -1.46908e-05 -0.00112418 0.000414197 -0.00157958 -0.00181599 -0.00314927 -0.00418142 0.00194183
internal_weight=22975 21961 1370 857 1014 755 338 140 417 20591 10156 10435 8810 4512 8871 2728 629 2099 1564 601 450 1346
internal_count=22975 21961 1370 857 1014 755 338 140 417 20591 10156 10435 8810 4512 8871 2728 629 2099 1564 601 450 1346
cat_boundaries=0 13 26 28 29 31 44 46 48 62 75 89 103 105 118 131 133 134 136
cat_threshold=4194305 1073807360 2415919104 268468224 98312 33556545 512 268451840 32904 16645 0 268435465 131074 2206318604 2156920832 1610612944 2147492356 512 0 0 134217728 1024 0 0 655456 128 2698531846 139904 17 2147536976 68248 114696 0 0 8192 0 0 0 134217728 0 0 0 524288 128 16 4140 2806185732 138953 2097152 119799828 4097 16 2164391940 16777220 0 32768 0 1090650624 1075839120 2101264 8396800 4 2097152 119801876 4097 16 17956868 16777220 0 32832 536870912 132128 2097176 2101264 8388608 0 137216 0 0 269484032 1280 256 0 536936448 5130 402784256 2147487492 69208345 3 1074003984 140352 0 2097152 8388864 4096 128 1073742848 6144 9994240 545259552 17834112 5632 16 143130736 82230 262144 1056 0 0 0 0 0 0 0 0 4096 1048704 36 0 17440 0 128 524288 0 0 73728 4096 12617728 67112960 17858688 5152 121638400 135368 4 137625792 303110
is_linear=0
shrinkage=0.045


Tree=221
num_leaves=23
num_cat=20
split_feature=0 0 3 3 1 2 5 0 3 3 3 0 0 3 0 0 4 3 0 1 0 5
split_gain=1.68699 1.36994 1.23223 1.00334 0.6245 0.547843 1.07422 0.888433 1.02393 0.761017 0.573331 2.3105 1.90057 1.60819 1.25538 1.15858 0.959617 0.982128 0.829811 0.749755 0.717764 0.650355
threshold=0 1 2 3 4 5 6.462248816637195 6 7 8 9 10 11 12 13 14 15 16 17 18 19 5.0336952619030333
decision_type=9 9 9 9 9 9 8 9 9 9 9 9 9 9 9 9 1 9 9 9 9 8
left_child=3 2 4 -1 -2 6 9 8 -7 -3 11 -9 13 20 16 -14 -13 -18 -15 -17 -12 -20
right_child=1 5 -4 -5 -6 7 -8 10 -10 -11 12 14 15 18 -16 19 17 -19 21 -21 -22 -23
leaf_value=0.90362978997817933 61.978724804898391 -23.497426234418771 -2.7314238217440505 57.188764744194586 -1.2115377525727755 -96.18014180514372 -20.469862787514575 36.647737599364845 -1.5559084805152259 179.08044521826122 -14.037146257469056 7.3585668798781336 18.773356586609776 11.592049160327697 0.46712009925247 -88.961575206882742 0.75840743747241046 -51.149377897794757 -43.374850789021885 -0.29651453139822698 -34.01922335623054 20.605265948065586
leaf_weight=556 136 134 662 640 314 108 158 1762 817 409 400 179 1423 396 4602 125 115 330 343 8787 417 162
leaf_count=556 136 134 662 640 314 108 158 1762 817 409 400 179 1423 396 4602 125 115 330 343 8787 417 162
internal_value=-1.273e-05 -0.00010346 -0.00163345 0.00162417 0.000194805 -2.02378e-05 0.00120547 -6.39702e-05 -0.00141676 0.00217156 2.59818e-06 0.000326572 -0.000185371 -0.0015659 -0.000149484 4.56656e-05 -0.00202358 -0.00317114 -0.000241511 -0.000145226 -0.00300181 -0.00143617
internal_weight=22975 21779 1112 1196 450 20667 701 19966 925 543 19041 6988 12053 1718 5226 10335 624 445 901 8912 817 505
internal_count=22975 21779 1112 1196 450 20667 701 19966 925 543 19041 6988 12053 1718 5226 10335 624 445 901 8912 817 505
cat_boundaries=0 12 25 27 29 30 31 44 46 48 50 64 78 80 93 106 107 109 122 124 138
cat_threshold=58753024 2148794368 1644171472 2147483664 16777216 32 128 134250496 3072 139296 8 131168 2151677960 1073807360 2415919104 268435456 98824 33556545 512 268451840 32904 16645 0 268435465 131074 2148044880 72408 134776432 268440 134235150 224 0 16496 1 64 64 16777216 0 0 4 67108864 0 2625536 1052672 20975616 65544 4228640 18432 1078956272 106794 2113536 102770692 0 4 269484032 260 0 8192 0 1073743888 134283264 4 2155932681 5 2113537 77596676 0 128 269484032 260 0 9216 0 1073743888 203489280 0 8940549 4 2704296704 409604 69632 131072 0 2105344 3221241856 1024 0 0 65536 3702848 268439552 0 67108896 69632 131072 67108864 2105856 147712 536876032 0 64 65536 3702848 0 1024 69206048 2 36960 8192 0 8388612 0 0 1048576 0 0 0 0 1073741840 203423744 0 17409 268959746 16 2097153 67108864 0 0 0 256 0 8192 0 0 201326592 0 8396804 4
is_linear=0
shrinkage=0.045


Tree=222
num_leaves=23
num_cat=18
split_feature=0 0 3 3 5 1 3 0 0 0 0 4 5 3 4 0 5 3 0 5 3 0
split_gain=1.52555 1.21952 1.21004 0.677822 0.602796 1.03478 0.51457 3.13824 2.03283 1.09518 1.08127 1.02919 1.04958 0.955389 0.752992 0.647052 0.706825 0.618868 0.633352 0.567533 0.78424 0.968816
threshold=0 1 2 3 6.2334293711344477 4 5 6 7 8 9 10 3.3497501700808394 11 12 13 4.3882378946731615 14 15 1.4978661367769956 16 17
decision_type=9 9 9 9 10 9 9 9 9 9 9 1 8 9 1 9 8 9 9 10 9 9
left_child=2 3 -1 -2 6 -6 7 17 11 13 14 12 -8 -10 -9 16 -14 18 -3 -13 -21 -22
right_child=1 4 -4 -5 5 -7 8 10 9 -11 -12 19 15 -15 -16 -17 -18 -19 -20 20 21 -23
leaf_value=0.26874944381146937 -16.922167889044367 -23.636301511685325 -2.7126186853562722 22.067971502799224 84.748570785173399 -4.5349888709205333 -62.172861302879767 2.0317722183597327 -1.1589687082049147 -0.57814959816647993 -0.35944384468563334 24.528746036260273 -139.11517918184333 41.877402550079928 -37.352795223914733 38.087243952667208 6.7027578711586511 98.795393729591225 24.57932187355496 -1.4947569291795162 -129.66071134917686 -33.722261181625719
leaf_weight=441 124 100 671 652 633 446 112 124 508 11101 4183 123 60 767 232 261 103 1062 231 361 118 562
leaf_count=441 124 100 671 652 633 446 112 124 508 11101 4183 123 60 767 232 261 103 1062 231 361 118 562
internal_value=-1.66469e-05 6.64459e-05 -0.00163345 0.00180457 1.49313e-06 0.00103654 -5.44226e-05 0.00029677 -0.000202513 -1.45285e-06 -0.000277851 -0.00165596 -3.34571e-05 0.00124126 -0.00261685 0.000992958 -0.00120857 0.00215552 0.000406706 -0.00241595 -0.00275695 -0.00364162
internal_weight=22975 21863 1112 776 21087 1079 20008 5932 14076 12376 4539 1700 536 1275 356 424 163 1393 331 1164 1041 680
internal_count=22975 21863 1112 776 21087 1079 20008 5932 14076 12376 4539 1700 536 1275 356 424 163 1393 331 1164 1041 680
cat_boundaries=0 13 26 28 30 32 34 48 61 74 88 89 91 92 104 106 118 120 123
cat_threshold=2151677960 1073807360 2415919104 268435456 98824 33556545 512 268451840 32904 16645 0 268435465 131074 58720260 2148794368 1073746128 2147491844 0 0 192 1073741824 0 32768 2097160 131168 8388608 2148061264 2776 608 6144 1065004 68616 3230204280 368928 2408448 119538704 1 0 2416050176 536871168 0 0 6144 136192 16 2149580800 2140193 3 2359297 69206032 1 33344 2432827392 16777216 0 41024 0 5632 65536 2134016 2138112 65536 147456 0 2097153 16704 4096 0 134217728 1024 1077411904 805437440 17311748 1053056 4096 131072 0 1 0 0 0 134217728 0 6291520 536871040 526336 20480 4 2 171986050 133147 2 0 69206032 0 0 0 0 0 0 0 0 0 2129920 1082195968 40960 0 0 0 0 0 0 0 0 0 4096 0 2147483648 557859328 16904 2359296 16 1
is_linear=0
shrinkage=0.045


Tree=223
num_leaves=23
num_cat=19
split_feature=0 0 3 3 0 3 0 0 3 0 0 3 0 5 3 0 5 5 2 3 1 3
split_gain=1.62856 1.31495 1.21998 1.12624 0.72759 0.534142 2.95769 1.45357 1.50331 1.05311 0.865323 1.24141 0.717053 0.67443 0.656649 0.73717 1.0175 1.03801 0.57371 1.30523 0.593871 0.823122
threshold=0 1 2 3 4 5 6 7 8 9 10 11 12 6.0294818902459815 13 14 4.7229433450037179 3.5408542930527882 15 16 17 18
decision_type=9 9 9 9 9 9 9 9 9 9 9 9 9 10 9 9 10 8 9 9 9 9
left_child=3 2 4 -1 -2 6 -3 8 -7 14 11 12 -9 -11 15 -8 17 -17 19 -12 21 -20
right_child=1 5 -4 -5 -6 7 9 10 -10 13 18 -13 -14 -15 -16 16 -18 -19 20 -21 -22 -23
leaf_value=0.23095619057505726 -48.224026653351565 46.610147273187955 49.913165491180834 -2.5905508460508857 5.1898881763071056 -2.507007779906929 -15.26206194129438 29.310360009487841 24.958463021752959 -0.22051360487152624 -33.523270532132919 -13.533519104704538 -1.9101669293750514 40.894118815364685 -1.3807119784830575 -56.760397827097862 -5.5571965103810355 -80.856356008491474 -8.0968122440025301 0.79735771299454483 -0.62946437235885655 60.036720147865381
leaf_weight=438 266 1502 489 661 330 1017 241 370 1465 2824 431 1344 458 295 606 45 90 93 115 551 9040 304
leaf_count=438 266 1502 489 661 330 1017 241 370 1465 2824 431 1344 458 295 606 45 90 93 115 551 9040 304
internal_value=-2.44808e-05 6.08554e-05 0.00157931 -0.00170522 0.000192434 -1.92519e-05 0.000351612 -0.000159363 0.000833601 -0.000263195 -0.000355366 -0.00117033 0.000203572 0.000156659 -0.00146964 -0.00272245 -0.0045375 -0.00713571 -0.000184684 -0.00121328 -7.64965e-05 0.00155568
internal_weight=22975 21876 1085 1099 596 20791 5696 15095 2482 4194 12613 2172 828 3119 1075 469 228 138 10441 982 9459 419
internal_count=22975 21876 1085 1099 596 20791 5696 15095 2482 4194 12613 2172 828 3119 1075 469 228 138 10441 982 9459 419
cat_boundaries=0 13 25 27 29 41 43 57 71 73 87 100 102 115 117 129 130 132 134 136
cat_threshold=2147483656 1073807360 2415919104 268435456 98824 50333761 512 268451840 32904 16645 0 268435465 131074 41963524 2148794368 1073746128 2147491908 2164260864 0 192 1073741824 1024 32768 2162696 655456 172557938 6172 2148061264 2776 33554432 2147483648 1073745920 64 16777216 0 128 0 1024 0 65536 524288 1211699280 98610 2359296 102763520 1 0 1179648 256 0 8192 536875008 1073743874 67108864 2166361104 8399905 4 1073840144 8536064 536870912 2097152 411058176 4096 256 134218816 0 3670080 536870944 8196 68174208 1 2252500268 135232 1073741840 8523776 0 2097153 1074266368 536870912 0 134283264 4 7340096 805306368 12292 67129344 2 16777217 69217296 1 528 1179712 0 0 8192 4096 67242544 67108864 2097168 8914977 2520786464 6656 0 67118080 0 512 1048576 0 0 8192 0 16 0 2097152 2048 16 65584 0 8392704 0 0 524544 536870912 0 65536 0 0 268435456 4 97 2151842848 137729 536871072 112 33587200 4736
is_linear=0
shrinkage=0.045


Tree=224
num_leaves=23
num_cat=18
split_feature=0 0 3 3 0 5 0 4 3 0 5 0 0 3 3 0 0 3 0 0 5 5
split_gain=1.57866 1.36365 1.05649 0.913943 0.881924 0.846862 0.743023 0.697866 0.910584 1.16585 0.99267 0.651558 0.643727 1.70142 0.657693 2.42493 2.27264 1.26482 1.14981 1.11674 0.866366 0.9146
threshold=0 1 2 3 4 5.8678824850335358 5 6 7 8 4.1820210059610323 9 10 11 12 13 14 15 16 17 3.8606743063089755 5.1957269410780187
decision_type=9 9 9 9 9 8 9 1 9 9 10 9 9 9 9 9 9 9 9 9 8 10
left_child=3 2 4 6 -2 -6 -1 8 9 -3 -11 -4 13 -9 16 -16 17 18 -14 -19 -20 -22
right_child=1 7 11 -5 5 -7 -8 12 -10 10 -12 -13 14 -15 15 -17 -18 19 20 -21 21 -23
leaf_value=-100.20984877541851 6.448553807890586 7.6867511556154406 4.5896703306539113 77.039990984668535 -9.2751301869367744 19.627800239958255 3.5294156358914979 -19.157945717385523 0.060331024261938593 -39.287923412287675 -79.454145213194224 -4.1579241545134309 -17.118765168703852 13.674481809398836 22.941885007367461 -1.1945664935768461 0.41847712868711445 2.5929008380132865 -10.183054653779585 -22.807461862913485 -76.600737955497351 -7.0442106824495481
leaf_weight=122 360 107 100 529 288 107 356 464 528 165 93 462 495 1569 2711 7610 5234 806 180 437 187 65
leaf_count=122 360 107 100 529 288 107 356 464 528 165 93 462 495 1569 2711 7610 5234 806 180 437 187 65
internal_value=-2.25224e-05 -0.000102775 -0.0015 0.00170903 -0.000381356 -0.00182432 0.000257143 -1.28489e-05 -0.0012419 -0.0029244 -0.00453333 -0.00296341 4.28139e-05 0.000798778 -4.43985e-05 0.0001877 -0.000367718 -0.00158799 -0.00284185 -0.000634661 -0.00454054 -0.00634252
internal_weight=22975 21968 1317 1007 755 395 478 20651 893 365 258 562 19758 2033 17725 10321 7404 2170 927 1243 432 252
internal_count=22975 21968 1317 1007 755 395 478 20651 893 365 258 562 19758 2033 17725 10321 7404 2170 927 1243 432 252
cat_boundaries=0 12 25 27 29 42 54 55 57 69 79 92 94 96 110 124 126 139 153
cat_threshold=8388612 2148925440 1073746128 2147483669 0 0 192 134217728 1024 131072 196632 655456 2147483656 1073807376 2415919104 268435456 98312 50333761 0 268451840 32904 16644 268435456 268435465 1179650 2281885712 23260 2286518832 71736 2147483656 0 0 0 8 16777281 0 16384 0 256 268435456 1 1048578 0 0 1073745920 0 0 0 0 0 0 131072 16 524288 1 672 22732 1073741824 0 0 0 0 0 0 0 0 8 0 512 0 1073741840 0 0 65536 0 0 0 0 16384 35766336 33554496 536870912 8256 268451904 4608 0 0 524288 1091610624 16777344 16777344 10750080 52568328 268842 4290968588 149009 16 69210116 0 2130560 2298610432 0 256 32768 65536 528 67108864 2149595152 49920 1 1073741840 85995524 1 640 16909056 536871936 0 0 65536 1040 67108864 2149595152 16897 5 1707081732 148496 16 16777216 1 0 0 536871936 0 0 0 0 0 2149591056 1 0 12288 0 512 131328 1024 0 0 0 1024 0 2147483648 16896 5
is_linear=0
shrinkage=0.045


Tree=225
num_leaves=23
num_cat=18
split_feature=0 3 0 5 3 4 3 0 0 0 0 3 3 5 3 4 0 0 3 2 5 5
split_gain=1.44364 1.20518 1.12328 0.778756 0.68228 0.647224 0.590993 2.48962 2.25161 1.38766 1.32944 0.978964 0.882956 0.806039 0.909999 1.11646 0.912593 0.772887 0.749142 0.747655 0.734617 0.757177
threshold=0 1 2 5.2284276452838947 3 4 5 6 7 8 9 10 11 5.344720891341141 12 13 14 15 16 17 3.3497501700808394 2.9700856263602158
decision_type=9 9 9 10 9 1 9 9 9 9 9 9 9 8 9 1 9 9 9 9 10 10
left_child=1 -1 4 5 -2 -3 8 11 12 18 13 17 -4 14 -9 -16 -17 19 -10 -8 21 -14
right_child=2 3 6 -5 -6 -7 7 10 9 -11 -12 -13 20 -15 15 16 -18 -19 -20 -21 -22 -23
leaf_value=0.31801975663831322 164.29407288610102 -0.54279191213367539 -2.050143763899372 -98.506023880087398 3.1872075216851226 -2.0861228969730976 -47.0452376355205 -0.052337326255640505 36.68174562970983 -0.40677635493234032 0.49594632757064688 63.916523239350191 -16.325810153699571 10.419268794215538 -2.3055302832489084 -12.886937145622106 -49.852407739797009 31.677634118926488 0.7225257928324752 14.935740476652953 -12.629590328591309 -119.74610539921824
leaf_weight=577 214 200 1132 86 533 351 219 404 558 6613 7774 1469 109 310 302 242 264 242 370 226 732 48
leaf_count=577 214 200 1132 86 533 351 219 404 558 6613 7774 1469 109 310 302 242 264 242 370 226 732 48
internal_value=-2.44808e-05 -0.00152692 6.01435e-05 -0.00286364 0.00176087 -0.00227034 -1.28396e-06 0.000216678 -0.000262273 9.59223e-05 -0.000103459 0.00158994 -0.00159149 -0.00131421 -0.00184596 -0.0027 -0.00402165 0.00017382 0.00171383 -0.000935448 -0.00265205 -0.00546226
internal_weight=22975 1214 21761 637 747 551 21014 11452 9562 7541 9296 2156 2021 1522 1212 808 506 687 928 445 889 157
internal_count=22975 1214 21761 637 747 551 21014 11452 9562 7541 9296 2156 2021 1522 1212 808 506 687 928 445 889 157
cat_boundaries=0 13 15 27 29 30 32 45 58 72 86 88 90 92 93 106 118 120 121
cat_threshold=2147483664 1073807376 2415919104 268468224 65608 50333761 0 268435456 32896 16644 268435456 268435465 1179650 2285981714 21208 8454145 2148794368 1073746128 2147483845 0 0 0 134217728 0 0 65544 659552 26776642 155648 2 1931672586 24267 2146312 102760512 536870913 528 16777732 4096 0 40960 8 16779273 1073877136 2148532224 8320 2113536 102767712 1 512 16810500 0 0 41984 536870912 6144 1644298256 17858560 8388609 4456448 8519684 67108864 8192 0 536870912 0 16384 3072 1077542912 75497504 2176 21504 5 1078198276 8544256 0 8192 1073758464 536870912 640 81920 2048 1076363328 75497472 0 545824 5 201588740 434180 805489664 5706 10027172 466944 2 1073741824 139264 0 8192 0 0 0 65536 2048 0 67108864 0 1024 2097152 67108864 1 0 0 0 0 0 0 8 0 2148532224 1073782792 23240 4
is_linear=0
shrinkage=0.045


Tree=226
num_leaves=23
num_cat=18
split_feature=0 3 0 3 0 3 5 5 0 0 5 3 0 0 0 0 3 2 3 3 5 2
split_gain=1.56333 1.80365 1.23834 0.801733 0.60638 0.724516 0.626026 0.837651 0.568457 0.540131 0.530292 0.520558 2.01688 1.84584 1.13165 1.07435 1.0377 0.896238 0.88738 0.880241 0.935362 0.836438
threshold=0 1 2 3 4 5 5.2284276452838947 5.6646935841241897 6 7 3.1132683346437333 8 9 10 11 12 13 14 15 16 3.5972184255501678 17
decision_type=9 9 9 9 9 9 10 10 9 9 8 9 9 9 9 9 9 9 9 9 10 9
left_child=1 -1 3 -2 5 8 -6 -8 -3 -7 -5 12 18 16 -15 19 -13 -17 -4 20 -14 -20
right_child=2 4 11 10 6 9 7 -9 -10 -11 -12 13 15 14 -16 17 -18 -19 21 -21 -22 -23
leaf_value=-3.2162043665477484 1.1783747304345913 -11.584181336907939 19.800665110021761 -27.495316761576134 -1.2677526644571111 -1.3426051915611426 -120.33960433174717 -2.899908833390469 4.3834435422774929 54.235347758543931 98.634338146778234 -24.937225459567053 -45.755564357791329 28.753276436500173 1.5192508851094673 -28.068165642250435 -0.13088566974508062 -0.48898125787626007 -10.040739106319007 -7.3110426907903125 -15.943225376613807 6.5038615607812744
leaf_weight=242 451 107 799 47 450 136 39 59 133 231 356 1036 35 1440 7542 588 1107 5393 457 1396 95 836
leaf_count=242 451 107 799 47 450 136 39 59 133 231 356 1036 35 1440 7542 588 1107 5393 457 1396 95 836
internal_value=-2.64393e-05 -0.00147871 6.83651e-05 0.00173557 -0.000713367 0.000268982 -0.00178393 -0.00504 -0.00160714 0.00150792 0.00317711 -1.30192e-06 -0.000243939 0.00020809 0.000491328 -0.000588309 -0.000975174 -0.000314617 0.000988118 -0.00165019 -0.00507042 0.000251724
internal_weight=22975 1397 21578 854 1155 607 548 98 240 367 403 20724 9599 11125 8982 7507 2143 5981 2092 1526 130 1293
internal_count=22975 1397 21578 854 1155 607 548 98 240 367 403 20724 9599 11125 8982 7507 2143 5981 2092 1526 130 1293
cat_boundaries=0 13 15 29 31 44 46 59 70 72 86 100 113 126 128 129 131 132 133
cat_threshold=2147483648 1073807360 2415919104 268468224 65612 570427457 0 268435456 32896 67125505 131200 268435465 1183746 17303656 40993 8454148 2148794368 1073746128 2147483716 16777216 16777216 0 134250496 0 4 65544 659552 0 4 2319451696 71740 0 0 0 268435456 65600 536870913 0 0 128 67109121 131200 268435457 1052672 2294301696 524 0 0 0 0 0 536870912 0 0 0 67109120 0 1 4096 0 0 0 0 64 0 0 0 0 1 128 3076840970 138826 1124077584 139296 0 8192 8388608 1024 0 1073824768 4096 9076736 50331680 17836160 8388612 2 1073745936 9312 0 128 1082146816 5120 512 1073823744 4104 8421440 41943040 17825792 8913924 18 2375680 44040192 536870912 16 2147516416 4 0 0 1024 1092621826 1073745920 20 2107521 2375688 44040212 536870912 16 163840 4 128 64 536938496 5122 538968064 16 10273 204960 287140 161 537186818 132096 2392072 18
is_linear=0
shrinkage=0.045


Tree=227
num_leaves=23
num_cat=20
split_feature=0 3 0 3 0 3 0 0 3 0 3 3 0 3 5 3 0 0 1 0 1 5
split_gain=1.4667 1.51649 1.09921 0.669453 0.643265 0.549572 2.27486 1.75159 1.05429 0.977103 1.0274 0.920998 0.752518 0.886788 0.876159 0.818772 1.58641 1.16231 0.801387 0.788474 0.784525 0.610087
threshold=0 1 2 3 4 5 6 7 8 9 10 11 12 13 6.2334293711344477 14 15 16 17 18 19 inf
decision_type=9 9 9 9 9 9 9 9 9 9 9 9 9 9 10 9 9 9 9 9 9 8
left_child=1 -1 3 -2 -3 7 8 11 -7 10 -9 -4 13 19 15 17 -17 -14 -18 -8 -19 -13
right_child=2 4 5 -5 -6 6 12 9 -10 -11 -12 21 14 -15 -16 16 18 20 -20 -21 -22 -23
leaf_value=-3.1151677844720198 1.2254609759444242 2.5760737901824955 -0.58454487097594199 110.7691040265268 -2.1359450678798444 -1.3364169108465302 -12.011194061096468 71.755454266307112 103.6718618165726 -0.73655498270845288 0.86850853241469339 -20.559704737603617 -71.504705091099339 9.2476624442944271 18.790870560119945 8.175578754548896 -47.952050403192992 -13.195635478667649 -0.50599584940770981 2.9435861048022591 -2.2456188909504782 -76.098846774862224
leaf_weight=234 332 517 700 376 531 482 605 355 1377 7078 598 742 109 1280 381 1397 432 1111 1003 957 2331 47
leaf_count=234 332 517 700 376 531 482 605 355 1377 7078 598 742 109 1280 381 1397 432 1111 1003 957 2331 47
internal_value=-1.66469e-05 -0.00148841 7.11128e-05 0.0018 -0.000730188 1.17876e-05 0.00022153 -0.000240768 0.00165714 2.29394e-05 0.00136632 -0.0016519 -5.80161e-05 0.000555011 -0.000316116 -0.000441895 0.000129747 -0.000895453 -0.000917415 -0.000165819 -0.000740011 -0.00270225
internal_weight=22975 1282 21693 708 1048 20985 11465 9520 1859 8031 953 1489 9606 2842 6764 6383 2832 3551 1435 1562 3442 789
internal_count=22975 1282 21693 708 1048 20985 11465 9520 1859 8031 953 1489 9606 2842 6764 6383 2832 3551 1435 1562 3442 789
cat_boundaries=0 13 15 27 29 42 44 58 72 74 88 90 92 105 107 109 123 133 135 147 149
cat_threshold=2147483648 1073807360 2415919104 268468224 65612 570427393 0 268435456 128 67125509 131200 268435465 1183746 2164787304 8225 69636 2148794368 1073746128 2147483717 0 0 0 1207959552 65536 0 65544 655456 2319991328 71692 0 0 0 268435456 65600 536870912 0 0 128 67108869 131200 1 1052672 870481418 138826 16384 35651584 536870912 512 2164293632 16777284 128 0 1024 16780800 1677725712 2147488768 10881 4 16392 52434944 67108864 512 17858560 16777284 128 64 32768 2 1679818768 2101248 10753 4 1275396228 24576 58720272 67239936 0 8192 131072 1024 0 65536 2048 1083211776 33554464 8192 8404992 2 29366786 1024 536886274 137290 2129928 16783456 1 0 269091584 0 256 32768 536903680 2228224 18874368 18909332 2130176 68714644 57489 2281996624 327716 262144 8388628 0 2105344 135266304 0 0 65536 4 1074823240 268435456 768 2214592536 1 262144 16 0 8192 0 0 512 0 4 1074790400 268435465 69136 2129920 4128 0 0 524288 0 0 0 32768 131072 0 2064 1068160 66562
is_linear=0
shrinkage=0.045


Tree=228
num_leaves=23
num_cat=19
split_feature=0 3 0 3 0 4 0 3 0 0 3 0 0 2 5 5 5 2 2 3 4 0
split_gain=1.48513 1.28974 1.24598 0.855559 0.791607 0.782826 0.620005 0.501978 2.5651 1.33879 1.15451 1.04258 0.969986 0.783882 0.773929 0.771598 0.73015 0.700622 0.603516 0.590166 0.587554 0.566985
threshold=0 1 2 3 4 5 6 7 8 9 10 11 12 13 5.8536372009884516 3.2384861814448418 5.5032948732385458 14 15 16 17 18
decision_type=9 9 9 9 9 1 9 9 9 9 9 9 9 9 10 10 10 9 9 9 1 9
left_child=1 4 3 6 -1 -6 -2 8 18 10 17 13 19 15 -13 -10 20 -9 -4 -11 -12 -19
right_child=2 -3 7 -5 5 -7 -8 9 11 12 16 14 -14 -15 -16 -17 -18 21 -20 -21 -22 -23
leaf_value=-0.52190913256684568 -81.426968190978457 -0.86833970063452093 18.643377127037642 40.618472216913602 -1.9194476963646614 -10.893229347553135 34.690160244189663 -2.5642182626771106 -175.78837867714205 80.9651726311765 -130.05455015434092 -0.54081639101815537 -0.50525574857186095 -3.8729564045609961 40.819726111313237 -14.350593915265568 -11.499230081476563 109.76753739950753 151.92880104538665 3.242745239151092 -4.92022099429136 0.23053615383848439
leaf_weight=120 116 912 1456 532 76 143 205 332 35 299 43 3120 10931 1048 333 111 162 147 508 1059 1053 234
leaf_count=120 116 912 1456 532 76 143 205 332 35 299 43 3120 10931 1048 333 111 162 147 508 1059 1053 234
internal_value=-2.83978e-05 -0.0015285 5.87966e-05 0.00173237 -0.00385897 -0.00547403 -0.000121621 -1.05587e-05 0.000313227 -0.000160804 -0.00124584 -0.000263683 1.42673e-05 -0.00140298 0.000133766 -0.00438608 -0.0020622 0.000204828 0.00167156 0.00114307 -0.00165574 0.0015
internal_weight=22975 1251 21724 853 339 219 321 20871 6611 14260 1971 4647 12289 1194 3453 146 1258 713 1964 1358 1096 381
internal_count=22975 1251 21724 853 339 219 321 20871 6611 14260 1971 4647 12289 1194 3453 146 1258 713 1964 1358 1096 381
cat_boundaries=0 13 15 29 31 42 43 56 58 71 84 86 99 113 114 115 116 118 119 132
cat_threshold=2147483648 3221291008 2415919104 268468228 65612 570427393 128 268435456 128 16645 536871040 268435464 1179650 1096352872 106528 536887300 1310720 1073746128 2147491904 0 64 512 0 1024 2147483648 65544 655456 8388640 16 168035858 331816 0 1073741824 0 4 4 0 0 0 0 16384 536871040 2 0 0 4096 8192 0 0 0 0 1024 0 0 0 32 18612308 369072 294912 119539712 0 0 2281865216 0 0 0 6144 1054720 83890176 2147496193 11785 262152 18876416 67108864 0 17989632 0 0 25664 0 67115570 92405760 8209 2107393 1073948672 20998 8392704 135200 536870912 129 1073758464 1024 0 134283264 32772 1076002824 304087040 16777216 67129344 58789888 147520 536870912 641 268451840 5120 256 134250496 0 1076494336 0 16777216 67649796 2 2 4 135 679547138 2056 1 0 0 0 0 32768 0 0 8192 0 16 0 16 2049
is_linear=0
shrinkage=0.045


Tree=229
num_leaves=23
num_cat=19
split_feature=0 3 0 3 5 3 0 0 3 5 0 0 3 5 1 4 0 2 0 0 4 0
split_gain=1.46954 1.35288 1.03922 1.41249 1.27896 0.615605 3.07981 1.0818 1.33109 1.13322 0.963097 0.694322 1.94522 0.669519 0.665015 0.751235 0.649285 0.608242 0.606611 0.575638 0.562911 0.560157
threshold=0 1 2 3 5.688667405331941 4 5 6 7 2.9700856263602158 8 9 10 5.3205649864913136 11 12 13 14 15 16 17 18
decision_type=9 9 9 9 8 9 9 9 9 10 9 9 9 10 9 1 9 9 9 9 1 9
left_child=1 21 3 -2 17 6 -4 8 9 -7 13 12 19 -8 15 -13 -11 -5 -14 -9 -10 -1
right_child=2 -3 5 4 -6 7 10 11 20 16 -12 14 18 -15 -16 -17 -18 -19 -20 -21 -22 -23
leaf_value=-9.537821279774743 87.172549520060542 -0.12543317430597828 121.9923257506443 156.58934447678399 -175.74868887744961 19.484750928504383 1.247189547194087 4.5832531196413671 -99.035497486143299 -1.1136527117111705 -5.8371792351465235 -3.251597059024339 7.7665750084010048 87.997292332279599 -0.37247130371438492 -168.98551891326639 -44.518212394322916 -4.7822312237730058 53.437365872004143 -12.733799301458488 -0.90470917310954035 -1.3744590214235979
leaf_weight=322 522 843 801 153 62 52 1055 262 44 111 1925 103 590 338 11613 41 238 340 630 597 1985 348
leaf_count=322 522 843 801 153 62 52 1055 262 44 111 1925 103 590 338 11613 41 238 340 630 597 1985 348
internal_value=-5.7775e-05 -0.00140754 3.81393e-05 0.00139256 -0.000198413 -3.4196e-05 0.000456427 -0.00015868 -0.00103194 -0.00336683 -0.000151351 -4.54923e-06 0.000751076 0.000746263 -0.000138797 -0.00305769 -0.00437179 0.000572727 0.00189935 -0.000883467 -0.000553405 -0.00290323
internal_weight=22975 1513 21462 1077 555 20385 4119 16266 2430 401 3318 13836 2079 1393 11757 144 349 493 1220 859 2029 670
internal_count=22975 1513 21462 1077 555 20385 4119 16266 2430 401 3318 13836 2079 1393 11757 144 349 493 1220 859 2029 670
cat_boundaries=0 13 15 28 30 32 45 58 60 74 87 89 91 92 105 106 119 132 133 145
cat_threshold=2147483648 3221291008 268435456 32772 98316 570427456 128 268476416 0 16645 536871040 268439560 1179650 701056610 98464 42025024 1310720 1610617040 2415927296 64 16777216 512 0 525312 3239051264 8 655456 128 2714817538 213636 3670224 98592 262144 102771712 1 0 131072 0 0 0 4096 4096 2097152 2150629392 8391169 262153 69217344 1 576 2164260864 0 0 1073741888 4104 6706 69206016 1048593 8388641 1090850856 278530 2129920 52 0 0 1048832 256 0 0 536870912 1026 83890176 16822017 2147524620 3 1073745920 8536064 0 2097153 402669568 5121 256 134218752 32772 2752576 1073745952 4 67129600 3795873028 152082 268435459 16 4 0 67108864 1 0 0 0 0 0 0 0 0 16 1 98 1073745920 16384 0 2097152 0 1024 0 134217728 4 655424 0 0 67112960 4096 0 0 2097152 0 1024 0 0 4 524288 0 0 67108864 1 2147483648 2147549184 0 4 32768 536870912 128 8192 0 16385 536870912 268435456
is_linear=0
shrinkage=0.045


Tree=230
num_leaves=23
num_cat=20
split_feature=0 0 3 3 0 5 5 1 2 3 1 0 3 4 3 0 0 0 3 0 0 0
split_gain=1.34954 1.2143 1.94322 0.790583 0.648198 0.569648 1.33213 0.687093 0.525127 1.483 1.55965 1.26035 1.38289 1.18224 1.14052 1.91162 1.53213 0.953585 0.947771 1.26372 0.83112 0.782529
threshold=0 1 2 3 4 3.9796379800581989 3.7494348669884658 5 6 7 8 9 10 11 12 13 14 15 16 17 18 19
decision_type=9 9 9 9 9 8 10 9 9 9 9 9 9 1 9 9 9 9 9 9 9 9
left_child=-1 2 -2 -4 -5 6 -6 -7 9 17 20 12 -10 -13 16 -16 18 -3 19 -15 -11 -17
right_child=1 8 3 4 5 7 -8 -9 11 10 -12 13 -14 14 15 21 -18 -19 -20 -21 -22 -23
leaf_value=17.456713411322156 -9.2317819647818169 -1.3145442856717329 18.187039421949525 5.0766644996228703 -0.68033972372246498 4.7856543115082726 -54.701684311667861 -65.057374175972654 0.8847755522123012 2.0150381216712816 -2.2465676384547026 -44.846771504018939 81.157558559229216 24.746146994812406 44.152367279650839 1.174016592038472 0.33636961619890848 17.093559585712907 -41.064253099772912 -11.551384609984034 -79.637233262657588 -2.8823928382798623
leaf_weight=644 329 506 239 341 136 206 38 103 669 102 3671 226 520 568 2783 2782 4286 723 1050 693 279 2081
leaf_count=644 329 506 239 341 136 206 38 103 669 102 3671 226 520 568 2783 2782 4286 723 1050 693 279 2081
internal_value=-6.36504e-05 -0.000122656 -0.00140385 -0.000447907 -0.00110885 -0.00215455 -0.00424432 -0.00102733 -3.67284e-05 -0.000424239 -0.000839321 9.41929e-05 0.001495 -2.20632e-05 2.93789e-05 0.000403108 -0.000403767 0.000939162 -0.0013347 -0.000491359 -0.00353817 -0.000135692
internal_weight=22975 22331 1392 1063 824 483 174 309 20939 5281 4052 15658 1189 14469 14243 7646 6597 1229 2311 1261 381 4863
internal_count=22975 22331 1392 1063 824 483 174 309 20939 5281 4052 15658 1189 14469 14243 7646 6597 1229 2311 1261 381 4863
cat_boundaries=0 13 26 28 30 43 45 46 48 50 64 66 67 69 82 95 108 110 123 134 148
cat_threshold=8404993 1310720 1073746128 2147491904 2147483648 16777216 0 0 0 0 1073741832 655456 8388608 2147483712 3229679616 268435456 32772 98316 570427456 640 268476416 0 16645 536870912 268435464 1179650 700448834 67624 1107433632 12368 0 0 0 0 32768 536873024 128 8192 0 1 536870912 268435456 1179648 524385 12 3 69542120 51243 103 512 39878664 131072 536870912 17 8388608 0 0 0 1024 8192 2162688 2688 540672 2 2686304306 342020 1 1868992292 23081 262144 119537760 0 512 151011840 1 0 0 65540 2100234 0 2147492100 2140316 262144 85983236 0 512 150995712 1 256 1024 67588 6298634 268435456 2105364 2147491848 1107361792 0 0 1 8388864 0 0 0 0 16 16908416 768 33 1161955364 20520 262144 67108864 0 0 0 0 0 0 0 4104 268435456 16 8 65536 0 0 129 0 0 0 0 0 0 16777216 16777216 13316 0 0 524608 4100 0 65536 6144 31068160 469762048 18874385 2147484160 1
is_linear=0
shrinkage=0.045


Tree=231
num_leaves=23
num_cat=19
split_feature=0 0 3 0 5 5 0 2 0 3 3 0 0 0 3 3 5 1 1 0 3 3
split_gain=1.57664 1.00047 1.84696 0.750568 0.669758 1.04007 0.816763 0.584084 2.12749 1.45571 1.23478 1.16686 1.09592 1.03388 0.915259 0.772124 0.754023 0.69346 0.689523 0.61758 1.12668 0.746958
threshold=0 1 2 3 5.3821962081647756 4.7664292796317111 4 5 6 7 8 9 10 11 12 13 4.3502571242716384 14 15 16 17 18
decision_type=9 9 9 9 10 10 9 9 9 9 9 9 9 9 9 9 8 9 9 9 9 9
left_child=-1 2 4 -4 5 6 -2 13 10 11 -9 -10 -11 14 16 -14 -3 -12 -13 20 -15 -21
right_child=1 7 3 -5 -6 -7 -8 8 9 12 17 18 15 19 -16 -17 -18 -19 -20 21 -22 -23
leaf_value=11.127572845139618 -45.505720802382896 -137.83577786546832 29.263343409179278 -1.5808136296630375 0.018914012144984706 -65.388453635311009 -1.3282479333165036 181.75446938891292 35.110177298326967 -16.81971934135704 351.44773187478916 -36.894914268546934 21.93963497614833 24.247149994848968 -1.8127479239843498 -13.445269267454945 -35.338286585813499 -6.7265780313555421 8.8147663364991011 -2.0903322811369249 0.028207997805308704 0.60877175741027612
leaf_weight=619 100 39 264 656 108 64 289 774 606 569 190 278 454 520 304 506 69 371 677 7586 1482 6450
leaf_count=619 100 39 264 656 108 64 289 774 606 569 190 278 454 520 304 506 69 371 677 7586 1482 6450
internal_value=-1.46884e-05 -7.7253e-05 -0.00120261 4.82834e-05 -0.00321204 -0.00402527 -0.00311893 3.23184e-06 0.000461461 -0.000188588 0.00195434 0.00077527 -0.00117099 -0.000120277 -0.00231368 -0.000231481 -0.0057 0.00032199 -0.00020941 -6.22428e-05 0.000674777 -0.000167853
internal_weight=22975 22356 1481 920 561 453 389 20875 4425 3090 1335 1561 1529 16450 412 960 108 561 955 16038 2002 14036
internal_count=22975 22356 1481 920 561 453 389 20875 4425 3090 1335 1561 1529 16450 412 960 108 561 955 16038 2002 14036
cat_boundaries=0 13 26 28 41 54 55 68 70 72 85 98 110 112 114 116 118 131 133 135
cat_threshold=8388628 1075052544 1610612816 2147491920 512 16777216 256 0 0 0 2097160 131168 8388608 2151677952 2147549184 0 268468224 49160 570427457 640 268476416 128 67108865 536871040 4104 133378 709444714 66344 0 65536 0 32768 49152 536870912 128 32768 0 67108864 0 0 256 0 0 0 0 32776 536870912 128 32768 0 0 536870912 0 256 135 2129920 85983236 1 0 1114112 0 0 0 4 2097160 16777216 2148008960 16908 2685762140 232230 2291941392 88212 0 1120 0 0 16777472 0 0 0 65536 4096 0 1089808 2147483664 262144 1120 0 0 16777216 0 0 0 32768 6146 0 33040 2147483648 0 4 1 512 0 0 0 0 12 544 0 3670016 2285895680 4232 172491904 8336 4 1024 1574912 67072 33882184 32 268439552 1 268960000 4 0 1073741824 525312 2149077314 33685536 16779264 128 3759292484 475416 2790287892 182942
is_linear=0
shrinkage=0.045


Tree=232
num_leaves=23
num_cat=16
split_feature=0 0 3 3 0 2 3 5 5 5 3 0 0 0 3 5 3 5 0 5 0 3
split_gain=1.6994 0.814513 1.73542 0.715871 0.785583 0.567291 0.618362 0.527212 1.66944 0.515684 0.482909 2.23337 1.12009 1.08335 0.698943 1.05028 0.539977 0.811203 0.613 0.528252 1.2757 0.749367
threshold=0 1 2 3 4 5 6 4.5271940351011493 4.1026092131977068 1.8688348091416842 7 8 9 10 11 5.5664324555418956 12 2.8029010331479989 13 4.7664292796317111 14 15
decision_type=9 9 9 9 9 9 9 8 10 10 9 9 9 9 9 8 9 8 9 10 9 9
left_child=5 2 -2 -4 9 -1 7 8 -7 -5 11 -3 14 16 -13 -16 17 -12 -18 21 -21 -14
right_child=1 10 3 4 -6 6 -8 -9 -10 -11 13 12 19 -15 15 -17 18 -19 -20 20 -22 -23
leaf_value=-3.8147713522167379 -12.632208179717775 30.017211932778078 3.4818051427383816 -9.1987749083869517 -1.0987076748927946 75.10473778017338 46.065209301514209 11.739586901031842 -105.71671676919028 -4.8984130004574782 -31.969862846416159 -57.71824391766706 -12.379401871277187 -0.9785104374881507 -0.33610015643801344 -37.372051662778119 1.3333941240702905 1.9081137290581276 57.237192918499488 -9.7136100097729443 36.740050137682054 1.6044718707137462
leaf_weight=158 332 1291 477 38 670 93 545 76 44 188 49 109 1020 13834 303 60 330 665 475 366 726 1126
leaf_count=158 332 1291 477 38 670 93 545 76 44 188 49 109 1020 13834 303 60 330 665 475 366 726 1126
internal_value=-1.46884e-05 -9.39919e-05 -0.00103524 -0.000315162 -0.00106057 0.00187177 0.00238442 0.00026 -0.00139209 -0.00328992 -1.4583e-05 0.000368941 -0.000193444 -0.0001397 -0.00221281 -0.001164 0.000996408 8.6777e-05 0.00179009 0.000108 0.000913163 -0.000301676
internal_weight=22975 22059 1705 1373 896 916 758 213 137 226 20354 5001 3710 15353 472 363 1519 714 805 3238 1092 2146
internal_count=22975 22059 1705 1373 896 916 758 213 137 226 20354 5001 3710 15353 472 363 1519 714 805 3238 1092 2146
cat_boundaries=0 13 26 28 30 43 44 46 48 62 75 88 90 92 105 118 120
cat_threshold=8405012 1075052544 1610617040 2147491920 512 16777216 256 32768 8 36 538968072 133216 8388608 2151677952 2164326468 0 268435968 1163272 33556545 512 268443648 4 67109377 8388736 4104 1179650 2701263970 98560 8493212 141896 4194304 65600 0 0 65536 65 512 268435456 0 67108865 8388608 4096 131072 17 50364416 94360 2705195466 66849 1075871744 102760448 0 2097153 256 0 0 0 32768 6471680 201326592 2149065344 67118081 3 0 8519696 0 128 268435460 0 0 0 0 1052688 268570624 16777217 2147506176 50397192 8519680 2147483648 128 268435524 4096 0 1073742848 592896 1049680 1342308352 16777217 2147506176 2147746048 32 37825568 23116 16777216 8519680 0 128 4 0 0 0 66560 1048576 1342177280 0 2048 0 9248 0 0 8388608 0 0 65536 536870912 1073741824 0 16 32772 1704010 257
is_linear=0
shrinkage=0.045


Tree=233
num_leaves=23
num_cat=19
split_feature=0 0 3 0 3 4 3 0 0 5 3 3 3 0 3 0 5 0 0 5 3 0
split_gain=1.35508 1.11445 2.37535 0.658473 0.636846 0.620799 3.3081 2.94126 2.00977 2.52559 2.88951 1.72664 1.55871 1.39112 1.59357 1.31581 1.62168 1.31 1.26336 1.18371 1.13437 1.84731
threshold=0 1 2 3 4 5 6 7 8 5.9493387708841867 9 10 11 12 13 14 5.3205649864913136 15 16 4.816232960488728 17 18
decision_type=9 9 9 9 9 1 9 9 9 10 9 9 9 9 9 9 10 9 9 10 9 9
left_child=-1 2 -2 4 -4 6 15 11 9 10 -7 -8 17 14 -14 16 -3 -10 -13 -9 21 -15
right_child=1 5 3 -5 -6 8 7 19 12 -11 -12 18 13 20 -16 -17 -18 -19 -20 -21 -22 -23
leaf_value=13.784052852334041 3.111037398408397 -141.43069718396205 26.720739872623902 -8.6680961172485631 -6.9491651810577046 -45.669116729525996 -37.789624713760901 13.831401042252438 37.428918361194441 95.692327508120641 0.60307416867429009 80.737526940732238 -2.6868464951683482 0.77564397944306174 20.932084486807753 -6.5166887814903189 -299.39528827806009 2.9554742177921138 -22.843573662244673 162.01324153724431 -0.34659720578776948 -30.959988861385789
leaf_weight=478 558 193 117 429 296 1314 788 3000 335 284 800 651 1002 795 1589 667 35 1173 532 889 5850 1200
leaf_count=478 558 193 117 429 296 1314 788 3000 335 284 800 651 1002 795 1589 667 35 1173 532 889 5850 1200
internal_value=-6.36504e-05 -0.000114554 -0.00133853 -0.00283489 -0.00145059 -3.26163e-05 0.000322999 0.000712705 -0.000200153 -0.00138548 -0.00192675 -0.00070121 3.91437e-05 -0.000156776 0.000745102 -0.00220783 -0.0051 0.00138553 0.000387866 0.00142925 -0.000455326 -0.00137892
internal_weight=22975 22497 1400 842 413 21097 6755 5860 14342 2398 2114 1971 11944 10436 2591 895 228 1508 1183 3889 7845 1995
internal_count=22975 22497 1400 842 413 21097 6755 5860 14342 2398 2114 1971 11944 10436 2591 895 228 1508 1183 3889 7845 1995
cat_boundaries=0 12 25 27 40 42 43 45 59 73 75 77 79 92 94 107 120 134 136 149
cat_threshold=8388612 1048576 1610617040 2147491904 0 16777216 0 0 8 32 2097152 131168 4194312 3221291076 0 268435456 1114696 2113 512 268477440 32772 67125313 603979776 8 135168 140055728 2840 4194304 65540 0 268435456 584 0 0 32768 4 16448 67108864 0 4096 25165824 4224 2 1107495682 279296 33587200 29696 0 0 8388864 0 0 65536 0 1034 1526726784 2166398980 1028 2 2097152 16779312 0 2097664 1224785920 570426624 384 0 0 15204352 8388616 1048576 49920 5 2296015888 39102 142660768 10376 133440 49952 1107382272 35652608 268435456 16 4 4100 0 134283264 4096 2148532480 1375731712 2166399489 8389636 1050747940 199896 0 5120 0 0 0 0 0 0 0 4194304 0 256 2147485708 32768 9216 0 0 524544 0 0 0 536871936 33794 16781312 2064 67110944 32768 4096 0 0 256 0 0 65536 0 0 1090519040 2149588996 4 2 2200473740 1094 2147483648 4096 0 5 8519680 0 0 0 1024 1073742858 150999184 2180 33
is_linear=0
shrinkage=0.045


Tree=234
num_leaves=23
num_cat=20
split_feature=0 0 3 3 2 3 1 0 0 3 5 0 3 0 0 4 0 5 3 0 0 3
split_gain=1.35907 1.20169 2.55987 1.40486 0.674202 1.53651 1.58372 1.20613 1.08698 1.19256 1.68433 1.0336 0.941168 1.88411 1.33643 0.989673 0.846998 0.832008 0.737328 0.784395 0.696909 0.691141
threshold=0 1 2 3 4 5 6 7 8 9 3.4811217321331038 10 11 12 13 14 15 1.7005986908310777 16 17 18 19
decision_type=9 9 9 9 9 9 9 9 9 9 8 9 9 9 9 1 9 10 9 9 9 9
left_child=-1 2 -2 -4 5 6 11 -7 9 10 -6 -3 13 18 -14 -16 -17 -13 19 -10 -15 -18
right_child=1 4 3 -5 8 7 -8 -9 12 -11 -12 17 14 20 15 16 21 -19 -20 -21 -22 -23
leaf_value=43.690961637899413 -42.472725093082182 -7.1007945825185397 13.875246245845316 -3.5018044859508946 -168.33396432487467 -3.7141588429099794 -1.2167028992881612 5.8220461720292729 -33.596703729113955 168.95715659152671 5.9085840393375779 0.46220240102523075 22.487319047099017 -27.167211876410676 -84.952725898130794 2.6215434635006449 -10.771821239032908 -82.800914156030458 15.551092366533489 1.310891921458208 -3.8482751861387583 0.06941997948965245
leaf_weight=470 101 323 344 761 37 764 2310 1574 215 550 170 73 2608 443 107 4342 1297 400 745 270 3098 1973
leaf_count=470 101 323 344 761 37 764 2310 1574 215 550 170 73 2608 443 107 4342 1297 400 745 270 3098 1973
internal_value=-3.03563e-05 -8.09387e-05 -0.00145566 -0.000785586 -2.32258e-06 -0.000433834 -0.0010882 0.000436596 0.000146058 0.00179649 -0.00108904 -0.00280693 6.19459e-05 -0.000460067 0.000303366 5.23882e-06 6.6194e-05 -0.00414742 0.00105072 -0.000316901 -0.000986631 -0.00047989
internal_weight=22975 22505 1206 1105 21299 5444 3106 2338 15855 757 207 796 15098 4771 10327 7719 7612 473 1230 485 3541 3270
internal_count=22975 22505 1206 1105 21299 5444 3106 2338 15855 757 207 796 15098 4771 10327 7719 7612 473 1230 485 3541 3270
cat_boundaries=0 14 27 29 31 32 34 36 49 62 64 77 79 93 106 107 121 123 136 149 151
cat_threshold=8388608 1048576 3791650896 2147491904 0 16777216 256 0 65536 0 32 131168 0 16 4194304 3221291088 268435456 268435456 1147464 2113 640 268477440 32768 67125313 0 8 1179648 553648194 98304 2156991540 536 3 2446988822 470228 16503 2576 1107394560 0 0 0 8519680 0 0 0 0 0 16777344 512 1 35684352 131072 4224 20 0 0 0 0 0 8196 2097152 2688 540928 1097760 14344 33619968 0 0 0 0 0 0 0 0 0 16777216 0 33832 1583426348 168473 0 75508736 1 2097152 9044224 1024 0 0 2052 9469952 385875968 1057792 3204 2 278545 52690944 67108864 0 2147483648 570425604 0 1073741824 4096 6816778 1073807360 2164785152 2105874 1 4104 67129376 1 32768 134217728 0 0 81920 537398272 25167872 419430400 2097424 2214627464 1 1210122284 131080 0 67117056 1 2097152 8388608 0 0 0 0 0 16777216 1057792 4 262160 35651588 0 0 0 536871168 0 0 0 2621442 0 17301504 8704 2173177856 278532
is_linear=0
shrinkage=0.045


Tree=235
num_leaves=23
num_cat=18
split_feature=0 3 0 0 0 0 3 3 1 0 0 5 5 5 3 3 0 0 5 0 0 3
split_gain=1.35479 1.53594 1.19268 1.08901 0.932008 0.589336 2.34092 0.69957 0.656146 0.655047 0.585103 0.570803 0.553628 1.00905 0.547954 0.546361 2.29625 0.754554 0.949976 1.27334 1.23769 1.12656
threshold=0 1 2 3 4 5 6 7 8 9 10 3.9415346756528771 4.8713658868283671 4.5053345884235583 11 12 13 14 3.9981586158983733 15 16 17
decision_type=9 9 9 9 9 9 9 9 9 9 9 10 10 8 9 9 9 9 8 9 9 9
left_child=1 4 -3 -2 -1 6 -5 10 11 -9 -8 -7 13 -12 -4 16 -10 -17 19 -19 21 -20
right_child=3 2 14 5 -6 8 7 9 15 -11 12 -13 -14 -15 -16 17 -18 18 20 -21 -22 -23
leaf_value=-29.820738181585035 93.414913338669692 9.4618369496794532 0.42891933881124761 20.032488167572311 -4.2727882319333261 -0.1126468945100312 3.171370352197894 -15.953207824266084 26.325711491449514 7.7517672687222117 -52.328433780215327 -152.82392118813019 2.2270993071635843 -205.77229719684601 -5.1679733484098547 -1.9433786894007514 -1.9152071564685942 4.3132486001733161 -12.573257120143028 -7.8760955888983801 8.9816479361389856 1.9142348639054725
leaf_weight=240 209 496 112 858 247 70 128 518 1369 397 172 55 59 49 234 2178 2392 1232 2081 3135 3949 2795
leaf_count=240 209 496 112 858 247 70 128 518 1369 397 172 55 59 49 234 2178 2392 1232 2081 3135 3949 2795
internal_value=8.81333e-06 -0.00137919 -0.000200234 9.47458e-05 -0.00336373 6.23108e-05 0.000761286 -0.00042809 -1.72824e-05 0.00026699 -0.00195 -0.00312044 -0.00308219 -0.00421749 -0.00218715 4.9367e-06 0.000490194 -0.000114094 1.4314e-05 -0.000528382 0.000282939 -0.000197013
internal_weight=22975 1329 842 21646 487 21437 2181 1323 19256 915 408 125 280 221 346 19131 3761 15370 13192 4367 8825 4876
internal_count=22975 1329 842 21646 487 21437 2181 1323 19256 915 408 125 280 221 346 19131 3761 15370 13192 4367 8825 4876
cat_boundaries=0 13 15 28 40 52 65 67 69 71 84 97 99 101 115 129 142 156 158
cat_threshold=2151677952 2147549252 2415919104 268435520 1049160 2112 0 268476416 4 67125317 67108864 268435464 131330 4215362 90404 2151677952 68 0 0 1048576 64 0 268443648 0 64 67108864 0 256 4 1048576 67108944 2147483664 2147483648 0 0 0 0 32 0 131168 2151677952 64 0 0 1048576 64 0 268443648 0 64 67108864 268435456 8503360 25165824 1610616960 8321 0 16777216 128 0 526336 3239575808 285212704 524288 2099328 3788739654 484096 2629888 36970 268435458 16 8421376 0 1073741824 1 0 0 0 0 2048 524288 285212704 524288 128 8388608 8388608 0 1 0 0 0 0 0 524288 268435456 0 2048 2173173792 520 3940808 65898 2359296 69215232 1 0 131328 256 0 0 33792 2260994 4240 2148543120 8388620 7 262145 1075838976 0 33284 1090519040 260 0 16448 32768 165890 196760 1059712 8388608 6 1107296256 131120 0 0 142606336 0 0 134217728 65536 8392712 10485760 2164260868 1605665 50335760 144432 0 0 8486912 33554432 0 0 536870912 4104 10489856 2164260864 2147528749 1 490734114 418324
is_linear=0
shrinkage=0.045


Tree=236
num_leaves=23
num_cat=16
split_feature=0 3 0 3 1 5 5 1 5 0 3 5 5 5 0 2 3 0 0 3 0 0
split_gain=1.31782 1.47277 1.06385 1.44037 0.733199 0.651766 0.931489 0.602766 0.814992 0.536927 0.736511 1.03329 0.81805 0.618936 0.512658 0.460305 1.56302 1.95253 1.03642 0.969489 1.2998 0.730422
threshold=0 1 2 3 4 3.7726948748059121 4.6298509007569537 5 4.0163424379838117 6 7 3.3497501700808394 4.135134555718313 5.3913496380844323 8 9 10 11 12 13 14 15
decision_type=9 9 9 9 9 10 10 9 10 9 9 8 8 8 9 9 9 9 9 9 9 9
left_child=1 14 3 4 5 -2 -7 8 -4 -5 -11 -12 -13 -14 -1 16 18 -18 -9 20 -19 -21
right_child=2 -3 7 9 -6 6 -8 15 -10 10 11 12 13 -15 -16 -17 17 19 -20 21 -22 -23
leaf_value=-75.964615100229565 0.42444663351422712 44.44091386494167 11.007872651812768 -1.169143963353551 28.841583674927136 -62.089285357168613 -0.53500184718285215 2.7447239149031457 -165.31812779258709 -4.5792968402510246 4.9666192219360008 -63.831079226624631 -9.7345609342211112 -26.642523866551436 0.2109901549146857 -0.30750179523782811 134.00325063999324 -25.883027343661876 -18.407717485560234 84.972122564723747 1.3372865029079528 1.1943576838681467
leaf_weight=104 99 810 71 266 368 41 61 415 57 329 58 44 68 70 303 15977 1152 343 514 216 1007 602
leaf_count=104 99 810 71 266 368 41 61 415 57 329 58 44 68 70 303 15977 1152 343 514 216 1007 602
internal_value=-1.66469e-05 0.00141701 -9.75653e-05 -0.00129025 0.000456971 -0.00166901 -0.00424038 -1.4583e-05 -0.00295714 -0.00247048 -0.00326076 -0.00517857 -0.00704348 -0.00520714 -0.000784009 5.78137e-06 0.00042138 0.000877851 -0.00120032 7.84405e-05 -0.000660793 0.00129036
internal_weight=22975 1217 21758 1404 569 201 102 20354 128 835 569 240 182 138 407 20226 4249 3320 929 2168 1350 818
internal_count=22975 1217 21758 1404 569 201 102 20354 128 835 569 240 182 138 407 20226 4249 3320 929 2168 1350 818
cat_boundaries=0 13 15 29 31 33 35 49 51 63 64 66 79 92 94 107 120
cat_threshold=8503320 1048576 1610617040 2415927424 16384 0 640 1073741824 0 1074790400 2097152 655456 128 184615028 266296 4194304 2155937796 2415919104 64 2147517000 2112 0 268477440 4 67158021 0 4104 131330 4 2190147764 271016 269484288 1033 268443650 16 0 2147483648 0 64 512 0 0 32768 0 67158017 0 0 256 4 16827904 22532 65536 0 536875008 0 0 0 512 1073741824 0 0 2097152 524288 240 1470202154 278536 35651584 83886144 1 512 65536 0 0 0 66560 2056 16777216 2148533264 2155905560 0 5136 0 0 0 0 0 65536 0 1024 268435456 2149581824 12 2823577604 71892 262144 1040 0 0 1572864 0 0 65536 0 5120 0 32768 4 262144 9232 0 0 1048576 0 0 65536 0 4096 134217728 32768 4
is_linear=0
shrinkage=0.045


Tree=237
num_leaves=23
num_cat=20
split_feature=0 3 0 3 2 5 1 5 0 3 3 0 3 3 0 0 0 0 0 3 3 0
split_gain=1.15751 1.45931 0.840743 1.19415 0.705472 0.684166 0.583235 0.504873 2.2981 1.73236 1.53628 0.851473 1.88985 0.861781 2.75698 2.38894 0.793942 0.792085 0.775343 0.926323 0.75968 0.814724
threshold=0 1 2 3 4 2.4414009612931857 5 3.4175922930736511 6 7 8 9 10 11 12 13 14 15 16 17 18 19
decision_type=9 9 9 9 9 10 9 8 9 9 9 9 9 9 9 9 9 9 9 9 9 9
left_child=1 -1 3 -2 -3 -6 -5 8 10 17 -4 12 -9 14 -13 -15 -16 -10 19 -17 21 -20
right_child=2 4 7 6 5 -7 -8 11 9 -11 -12 13 -14 15 16 18 -18 -19 20 -21 -22 -23
leaf_value=74.834586331851028 -6.6836450877381264 50.296874736196187 -2.5924389748966052 -6.2632210806825981 -83.587579709220364 -0.71188413851245069 -0.21261407939387353 56.822494154190601 -13.637321155344802 0.50084732418219813 20.22924819426942 39.162880997097645 -0.88059177329933447 -10.419442339998609 -6.823724312101052 -5.7477865225299682 0.44676831736543321 -40.119839231376602 -13.607644422417144 11.856553683613951 1.3789537786702035 -0.044384798592033745
leaf_weight=472 336 152 572 109 58 416 1117 739 566 868 632 1782 1029 2094 699 517 3586 830 973 2075 2241 1112
leaf_count=472 336 152 572 109 58 416 1117 739 566 868 632 1782 1029 2094 699 517 3586 830 973 2075 2241 1112
internal_value=-6.85451e-06 0.00141081 -7.8738e-05 -0.00108069 -2.8213e-05 -0.000888889 -0.000414378 -1.10673e-06 -0.000495389 -0.00133656 0.00108799 0.000100689 0.00103146 -9.24375e-06 0.000404919 -0.000288231 -0.000214684 -0.00231392 0.000115585 0.000729263 -0.000253112 -0.000869099
internal_weight=22975 1098 21877 1562 626 474 1226 20315 3468 2264 1204 16847 1768 15079 6067 9012 4285 1396 6918 2592 4326 2085
internal_count=22975 1098 21877 1562 626 474 1226 20315 3468 2264 1204 16847 1768 15079 6067 9012 4285 1396 6918 2592 4326 2085
cat_boundaries=0 12 14 28 30 31 33 46 48 50 64 66 68 81 94 107 121 134 136 138 151
cat_threshold=8503304 1048576 1610617040 2147492480 16777216 64 0 1073741824 0 2215643136 0 655456 2689602626 420740 4194304 2147549188 268435456 268435520 2148581448 33556480 512 268443648 12 16901 8388736 9 8519936 4 2852127338 384 112 134266948 1024 33554432 67251216 0 2097152 8388608 0 0 65536 536903680 524290 471863312 2164268048 2216168448 3248004754 55708 1792868930 270468 2097156 16448 67108864 17 4 16778244 256 0 7168 525616 50397216 2097152 20482 17 153196130 358408 10230744 302 33554432 119538720 1 4 134349312 256 0 0 98304 1077972994 1073745920 2164271364 2048 50335744 85984272 2147483649 4 268567040 0 0 1024 32768 1073905666 2232344 2165319936 2048 3221225472 8398848 0 2097152 524288 0 0 134234112 0 2097216 805306368 268435456 67109888 2147745792 0 0 0 134873344 536870912 0 0 0 14685184 536870912 33152 41480 3 2147483648 8658944 0 2097152 589824 0 128 134234112 0 10485768 268435456 268435456 69239837 35685380 133121 375480320 242896 17 33554464 0 0 8388608 256 0 65536 536870912 4198400 201326592 4228 512
is_linear=0
shrinkage=0.045


Tree=238
num_leaves=23
num_cat=18
split_feature=0 0 3 3 5 5 0 5 3 3 0 3 3 1 4 3 0 0 3 0 5 4
split_gain=1.46755 1.14604 1.67578 0.742111 0.95546 0.633357 0.628865 0.61965 1.35506 0.6784 0.622606 1.51132 0.605937 0.597454 1.06538 0.590586 1.53055 0.766728 0.954609 0.888408 0.971844 0.774947
threshold=0 1 2 3 5.5816130673839615 1.7005986908310777 4 2.8029010331479989 5 6 7 8 9 10 11 12 13 14 15 16 3.8393944990995772 17
decision_type=9 9 9 9 8 8 9 8 9 9 9 9 9 9 1 9 9 9 9 9 8 1
left_child=3 2 -2 4 6 12 -1 8 -7 -10 11 -9 -3 14 -12 16 -15 18 21 20 -20 -17
right_child=1 5 -4 -5 -6 7 -8 10 9 -11 13 -13 -14 15 -16 17 -18 -19 19 -21 -22 -23
leaf_value=-21.589600694916019 1.1375467127747212 -24.546453505945252 -4.4514035511359848 57.708761477446934 -79.658271809784509 3.1185007915007663 87.718835776076872 -4.0495518849177969 -74.469264646144822 -20.287121678384818 -0.62568406491531869 7.9029420779114821 51.016176902738188 -9.8257287569990304 -90.751918566827442 -12.725924824262561 8.5034468546480309 -0.06558101086626765 -99.029491944443691 4.2341980527081837 -3.0541870499297037 -8.8910251679221162
leaf_weight=120 909 111 875 716 66 243 155 933 107 536 250 1594 459 456 99 48 2720 10739 38 695 86 1020
leaf_count=120 909 111 875 716 66 243 155 933 107 536 250 1594 459 456 99 48 2720 10739 38 695 86 1020
internal_value=9.79408e-07 -7.83856e-05 -0.00116759 0.00162909 -0.000114731 1.87632e-05 0.00105596 -2.43789e-05 -0.00118581 -0.00224656 3.08353e-05 0.0006859 0.00149476 -7.2109e-05 -0.00188227 -3.07321e-05 0.000516625 -0.000168777 -0.00100237 0.00015704 -0.00317647 -0.00188333
internal_weight=22975 21918 1784 1057 341 20134 275 19564 886 643 18678 2527 570 16151 349 15802 3176 12626 1887 819 124 1068
internal_count=22975 21918 1784 1057 341 20134 275 19564 886 643 18678 2527 570 16151 349 15802 3176 12626 1887 819 124 1068
cat_boundaries=0 14 28 30 32 44 46 48 61 63 65 67 68 70 84 98 100 113 114
cat_threshold=8437760 1048576 3758096592 2147484160 0 0 256 0 65536 2148671488 65544 655456 4098 16 8 2172715076 268435456 268435520 2148581440 2112 512 268443648 32772 67125253 33554432 2056 131328 4 10159284 289308 168460336 6184 32768 0 0 0 0 0 0 0 0 1048576 0 524288 553795600 444480 33620484 65544 4194384 0 100663296 2097297 131072 16781828 128 0 7176 8948760 270532608 32772 16416 2689338514 279130 142754304 16392 268443651 16 4 2148271488 33147 2183200768 131104 0 4 256 536870912 0 0 0 4352 16908288 8193 2147483652 1 2147745792 1075841040 0 40960 1342242824 0 0 50240 0 2 671088784 286265472 76022912 2 1611681840 473220 2147745792 2097152 0 0 0 0 0 1024 0 0 0 16777216 1024 1
is_linear=0
shrinkage=0.045


Tree=239
num_leaves=23
num_cat=20
split_feature=0 3 0 0 3 2 0 1 4 5 4 0 3 0 3 5 3 0 0 0 3 0
split_gain=1.36991 1.54032 1.10214 0.986115 0.963306 0.818204 0.661493 0.513893 0.586174 0.510365 0.523713 2.79277 2.61718 1.88787 3.36694 2.92084 2.01146 2.15358 1.54368 1.31043 1.22727 0.994252
threshold=0 1 2 3 4 5 6 7 8 6.703185102203908 9 10 11 12 13 5.8245230014317348 14 15 16 17 18 19
decision_type=9 9 9 9 9 9 9 9 1 10 1 9 9 9 9 8 9 9 9 9 9 9
left_child=1 3 4 -1 5 -2 -3 8 -4 10 11 20 -13 14 15 21 17 -15 -18 -14 -9 -12
right_child=2 6 7 -5 -6 -7 -8 9 -10 -11 13 12 19 16 -16 -17 18 -19 -20 -21 -22 -23
leaf_value=35.53849523227246 -39.723789692829136 -1.4414886294061025 -165.58877340383555 -1.8391295211432941 15.176849152544106 11.299430757806894 -8.3475451835697232 -4.4917623952101069 -2.39036468110289 23.726910686803937 -93.055970195894929 -70.600063924118373 28.172783466994005 -21.910915322327778 4.1548342716491673 26.883779472249735 -0.98905394922052781 0.2989083151293685 10.210471077612386 -2.8041005344116177 131.48116722182107 -38.717447798900245
leaf_weight=277 224 380 49 305 838 162 450 372 270 451 234 515 2020 1680 943 280 2251 3059 3726 2460 1079 950
leaf_count=277 224 380 49 305 838 162 450 372 270 451 234 515 2020 1680 943 280 2251 3059 3726 2460 1079 950
internal_value=-3.23148e-05 -0.00138413 5.69411e-05 0.00039394 0.00136165 -0.000497487 -0.00261876 -2.23329e-05 -0.00178097 6.73938e-06 -2.78216e-05 0.000304281 -0.000202217 -0.000190971 -0.00132637 -0.00267073 6.54364e-05 -0.000626079 0.000613876 0.000150267 0.00203315 -0.00366526
internal_weight=22975 1412 21563 582 1224 386 830 20339 319 20020 19569 6446 4995 13123 2407 1464 10716 4739 5977 4480 1451 1184
internal_count=22975 1412 21563 582 1224 386 830 20339 319 20020 19569 6446 4995 13123 2407 1464 10716 4739 5977 4480 1451 1184
cat_boundaries=0 14 16 29 43 45 46 60 62 63 64 78 80 94 96 98 111 125 139 141 154
cat_threshold=8 2155937860 2415919104 268435520 2148532288 2112 512 268476416 32772 147461 8388608 8 131330 4 144376848 11144 2155987008 1048576 1644167376 2147483776 0 16777216 128 1073741824 524296 3239051264 536870920 655456 2097280 8 68 0 0 2148532224 2112 512 268435456 4 0 0 0 0 4 134283792 334184 5 0 2155937792 0 64 64 0 0 40960 0 147456 0 0 258 4 268443651 16 2 2 2359296 83886128 0 2097152 655360 1280 0 0 1024 15237152 0 1049732 41472 1 1107299138 270848 6553600 16777232 4096 2138624 1208008704 1281 256 64 536870912 15206400 16 1048577 41472 1 2283728400 39094 3892122788 459789 0 2236448 0 0 131072 536870912 0 16384 3072 33808 69206048 268442896 2215657532 1107296256 100931584 1 5 277348352 33558532 0 134217728 0 36864 50335872 33412 2147487745 2 4194304 33558528 0 0 402685952 0 0 134217728 536870912 2048 0 4368 2224048152 16 1103106224 54016 6553600 16 0 0 32768 0 0 0 0 2621440 16 0 8192
is_linear=0
shrinkage=0.045


Tree=240
num_leaves=23
num_cat=19
split_feature=0 3 0 3 2 0 3 2 3 0 0 0 3 0 5 5 0 3 3 1 3 5
split_gain=1.43085 2.32032 1.22249 1.27224 1.05927 0.644079 0.671494 0.575597 1.18108 0.949296 0.925515 0.638863 1.47526 0.761052 0.716083 0.769743 1.65685 2.11351 1.24471 0.819379 0.667219 0.973397
threshold=0 1 2 3 4 5 6 7 8 9 10 11 12 13 1.2424533248940004 3.4175922930736511 14 15 16 17 18 3.7012257604091228
decision_type=9 9 9 9 9 9 9 9 9 9 9 9 9 9 8 8 9 9 9 9 9 8
left_child=1 4 3 -2 -1 6 -5 8 9 -4 -10 12 13 -9 -13 16 18 19 -16 -18 21 -17
right_child=2 -3 7 5 -6 -7 -8 11 10 -11 -12 14 -14 -15 15 20 17 -19 -20 -21 -22 -23
leaf_value=266.80986550658389 2.2156329285217695 83.603341602123109 -0.29063339951240541 -8.5573109132924028 -21.545544168152226 -4.4835686749087511 -0.19560051797732858 -89.313929696958439 -40.758892088457578 -35.597826250881901 3.6787018761050341 61.937573262935636 10.731847092294231 10.168792603606535 -28.750944637446498 -81.272890644616723 6.1089436551460894 -48.766183492386823 6.8986952739035177 -45.959038162092675 0.52912510308879335 -2.2434410783953243
leaf_weight=140 551 719 271 122 618 460 423 223 242 300 758 380 1320 170 257 57 337 793 744 303 13418 369
leaf_count=140 551 719 271 122 618 460 423 223 242 300 758 380 1320 170 257 57 337 793 744 303 13418 369
internal_value=-2.83978e-05 0.00132069 -0.000121757 -0.00133163 -0.000420779 -0.00227876 -0.00117145 -2.6611e-05 -0.000849968 -0.00246226 8.8933e-05 4.43074e-05 0.000868696 -0.00152222 -4.10316e-05 -8.62406e-05 -0.000823891 -0.00179689 0.000581935 0.000138037 4.35507e-05 -0.00168493
internal_weight=22975 1477 21498 1556 758 1005 545 19942 1571 571 1000 18371 1713 393 16658 16278 2434 1433 1001 640 13844 426
internal_count=22975 1477 21498 1556 758 1005 545 19942 1571 571 1000 18371 1713 393 16658 16278 2434 1433 1001 640 13844 426
cat_boundaries=0 13 15 29 31 32 46 48 49 51 64 77 90 92 104 117 119 121 123 125
cat_threshold=4308992 1048576 1644171472 2149580800 16384 0 0 1073758272 2048 1076887872 56 655456 128 168415792 6268 8 2172715072 0 268435520 2148597832 2112 512 268443648 32772 67256325 33554432 8 1179906 4 143216884 8720 112 0 16842752 0 64 1048640 0 0 0 32768 67239936 33554432 0 1048832 4 2147517440 384 1 2183119952 10753 1073741824 0 0 0 8388608 0 0 0 0 0 135168 128 33 2147483648 0 0 0 0 0 0 0 0 0 4096 2147485056 16 2189426756 0 2415919104 20 0 16777728 0 0 525440 16818176 337645696 3200 2097152 1112342530 73920 0 0 0 0 0 0 0 0 1024 32768 268435456 3200 0 15376 0 0 8519680 536870912 0 65536 536870912 8388610 0 2164293905 2214603776 1631797888 256612 1119879680 516 540720 2568 536879104 132160
is_linear=0
shrinkage=0.045


Tree=241
num_leaves=23
num_cat=18
split_feature=0 3 0 1 5 0 3 5 0 5 3 3 0 0 0 3 0 2 5 3 2 3
split_gain=1.53534 1.60051 1.00402 0.7545 0.613059 0.485573 2.30251 0.808265 0.9034 0.685151 0.618881 0.501031 2.71682 1.77928 1.0414 0.925264 0.848867 0.900005 1.75473 0.813989 0.756081 0.744217
threshold=0 1 2 3 2.249904835165133 4 5 2.8029010331479989 6 4.6298509007569537 7 8 9 10 11 12 13 14 5.611299950786516 15 16 17
decision_type=9 9 9 9 8 9 9 10 9 10 9 9 9 9 9 9 9 9 10 9 9 9
left_child=1 3 -2 -1 -3 6 7 -4 9 -9 -8 12 15 -13 19 -7 20 18 -18 -14 21 -15
right_child=2 4 5 -5 -6 11 10 8 -10 -11 -12 13 14 16 -16 -17 17 -19 -20 -21 -22 -23
leaf_value=-2.7009475182899298 49.567451714504699 94.44689205380152 -86.169167156069179 13.805180264580629 -4.0325176169171559 -25.904222028070215 17.662305736733913 -57.826895278161118 3.6419736317640861 8.1901876059208032 3.258337681582677 22.137076698064064 12.808449986876541 4.3263028642246102 -1.588864463725592 -3.4818976858076631 -15.546739586581598 1.7782336111391366 -188.54920330899 -1.611570447158243 10.027059668211342 -8.8057811868767732
leaf_weight=127 357 54 96 394 819 758 244 182 345 73 1171 1651 1615 371 4331 635 215 6504 35 859 361 1778
leaf_count=127 357 54 96 394 819 758 244 182 345 73 1171 1651 1615 371 4331 635 215 6504 35 859 361 1778
internal_value=-1.86054e-05 -0.00145946 7.52329e-05 0.00051501 -0.00262881 3.47525e-05 0.000680405 -0.00142373 -0.000822259 -0.0027809 0.00171864 -3.6941e-05 -0.000302558 0.000162671 6.93122e-05 -0.00210427 -8.05302e-05 0.000182235 -0.00240458 0.000803701 -0.000785091 -0.00110574
internal_weight=22975 1394 21581 521 873 21224 2111 696 600 255 1415 19113 8198 10915 6805 1393 9264 6754 250 2474 2510 2149
internal_count=22975 1394 21581 521 873 21224 2111 696 600 255 1415 19113 8198 10915 6805 1393 9264 6754 250 2474 2510 2149
cat_boundaries=0 14 16 28 30 43 45 58 60 62 75 88 101 103 117 118 120 121 123
cat_threshold=4194304 2172715072 268435456 268435456 2148597768 2112 512 268460032 32772 131333 8388608 8 1179650 4 134762612 976 0 1048576 1073741904 2147483648 0 0 384 64 8 0 65576 131169 1048596 66057 2181120064 0 536875136 2105345 131072 16777216 0 0 527360 3241181184 536870912 526976 2097312 539758608 342056 0 0 4096 2105344 0 0 0 0 2048 1073774592 536870912 524416 128 17836140 514 3942657740 415441 25165833 67108868 1 4 285229120 4352 0 0 0 22560 1107296384 1089540 2155907073 25165841 102760452 67108865 4 16777728 4356 0 32768 0 512 1075839120 40964 2155915265 294916 407584 0 16 8913152 570426368 0 134217728 65536 8912960 201326592 270537744 67113984 2281702600 409808 1074008068 18464 0 0 1082687748 0 0 134217728 65536 75497536 201326592 270536720 67114244 1 1 2818582084 282640 22 2556162 65794
is_linear=0
shrinkage=0.045


Tree=242
num_leaves=23
num_cat=16
split_feature=0 3 0 0 0 5 5 5 5 5 3 5 0 0 3 0 0 3 1 3 0 0
split_gain=1.61157 2.29624 1.42433 1.36649 1.1788 0.738286 0.606736 0.493794 0.416878 0.403963 0.911653 0.742254 1.43991 1.04165 1.14036 1.14865 1.02117 0.761978 0.672752 0.606385 1.973 1.2776
threshold=0 1 2 3 4 3.3140206880897671 4.7405652883788738 3.7256208424938388 5.625819309938989 1.7005986908310777 5 2.740319461670996 6 7 8 9 10 11 12 13 14 15
decision_type=9 9 9 9 9 10 10 8 10 8 9 8 9 9 9 9 9 9 9 9 9 9
left_child=1 3 -3 7 5 -2 -4 -1 -8 10 -6 12 -11 14 15 -13 -16 -14 -19 20 -15 -21
right_child=4 2 6 -5 9 -7 8 -9 -10 11 -12 13 17 19 16 -17 -18 18 -20 21 -22 -23
leaf_value=86.587134640589326 -6.9497453457233602 38.635504557638079 -4.2180686241984962 -13.119552402255847 -10.810294231570131 48.090622655926538 34.347194576292061 -2.1709595702233861 -12.79457252986267 -69.56474828346137 65.059046735309053 -13.169248420718338 51.28201119259186 -21.690849441560776 1.1734530095498454 8.7005707732333768 35.217669001547705 24.451757934679993 -19.472021530471881 6.9865139823261266 0.30377506766581969 -0.8326297121412628
leaf_weight=90 140 340 267 433 234 404 84 207 36 245 376 795 103 1456 621 761 795 127 335 3267 3266 8593
leaf_count=90 140 340 267 433 234 404 84 207 36 245 376 795 103 1456 621 761 795 127 335 3267 3266 8593
internal_value=-6.85451e-06 -0.00144894 0.000347091 -0.00321429 9.15468e-05 0.00213669 -0.0015 -0.000771844 0.00110656 3.73108e-05 0.00117647 3.09356e-06 -0.00133005 5.84477e-05 0.00083244 -1.14794e-05 0.0017521 -3.89946e-05 -0.000835443 -8.08122e-05 -0.000511407 9.09705e-05
internal_weight=22975 1457 727 730 21518 544 387 297 120 20974 610 20364 810 19554 2972 1556 1416 565 462 16582 4722 11860
internal_count=22975 1457 727 730 21518 544 387 297 120 20974 610 20364 810 19554 2972 1556 1416 565 462 16582 4722 11860
cat_boundaries=0 13 15 28 41 53 55 68 82 84 97 110 112 114 116 130 143
cat_threshold=4194305 2164326468 268435456 268435456 2148597760 2112 512 268460032 4 131333 67108864 268435465 1179906 2177012578 217124 0 68 0 0 2148597760 64 0 268435456 0 256 67108864 268435457 1048576 4194304 16842752 0 268435456 0 0 512 8192 4 131072 0 0 2 8388608 1048576 1610617040 2147491840 0 0 0 0 2048 32768 131080 131168 9060864 86028 2147516416 32 0 0 8388608 0 0 0 0 4718600 0 33536 40 49168 8192 100663296 516 131072 1540 0 0 5128 1077414928 2166784 557696 2049 16 1806502034 414798 49152 8192 0 512 0 0 0 0 0 527360 2166784 524416 2048 16 0 67108864 4 0 1028 0 0 4096 1076363280 0 33280 1 25296914 147456 272 1024 3187682860 437315 0 75891712 1 0 33024 536870912 0 65536 536903680 16386 301989888 1056784 46636 4 16777224 75890688 1 80 16810496 553648128 0 65536 0 4194312 268435488 16787728 8417320
is_linear=0
shrinkage=0.045


Tree=243
num_leaves=23
num_cat=16
split_feature=0 3 0 3 5 5 3 5 5 1 3 2 0 3 5 3 0 0 0 3 0 5
split_gain=1.6043 1.21052 0.915384 1.32057 0.841449 0.736162 0.722093 0.472444 0.456574 0.432389 0.782337 0.586368 0.684081 0.591284 0.595579 0.577809 2.16758 1.04958 0.869979 1.36933 0.74295 0.815503
threshold=0 1 2 3 3.3497501700808394 4.2696729980286863 4 7.0492544644954718 4.1026092131977068 5 6 7 8 9 5.8678824850335358 10 11 12 13 14 15 5.1503930356556173
decision_type=9 9 9 9 8 10 9 10 8 9 9 9 9 9 8 9 9 9 9 9 9 10
left_child=1 5 3 -2 -3 -1 8 9 -6 10 -4 13 -13 -12 -15 16 -11 -18 19 -17 21 -21
right_child=2 4 7 -5 6 -7 -8 -9 -10 15 11 12 -14 14 -16 18 17 -19 -20 20 -22 -23
leaf_value=-2.5528180079132934 -1.428317308885839 4.7029366483116828 -22.19451660143109 37.75705537106046 2.4100583980220431 18.27270352899713 -7.8904414089081207 35.066820740862234 -2.6692149815247657 -10.270017682415681 -37.304512109261026 31.944766229124262 -0.62282471778827764 7.1689754879767733 -35.380939500129735 -18.076297259509698 43.259759164047388 3.3309654574422125 0.32926367605230322 -16.545598186246554 8.1835600556117463 59.228693329895926
leaf_weight=305 583 195 633 719 72 242 476 249 150 900 100 206 354 178 104 905 790 2164 12531 320 680 119
leaf_count=305 583 195 633 719 72 242 476 249 150 900 100 206 354 178 104 905 790 2164 12531 320 680 119
internal_value=-8.81299e-06 -0.00145661 8.87596e-05 0.00123973 -0.00247127 0.000217353 -0.00322714 1.40036e-05 -0.000923077 -1.03571e-05 -0.000723062 0.000103774 0.00102273 -0.0012335 -0.000122449 5.1056e-05 0.000540093 0.00112879 -7.87738e-05 -0.000941552 0.000115385 -0.0013071
internal_weight=22975 1440 21535 1302 893 547 698 20233 222 19984 1575 942 560 382 282 18409 3854 2954 14555 2024 1119 439
internal_count=22975 1440 21535 1302 893 547 698 20233 222 19984 1575 942 560 382 282 18409 3854 2954 14555 2024 1119 439
cat_boundaries=0 13 15 28 30 32 34 36 37 45 47 49 62 76 90 92 106
cat_threshold=4194312 2164326468 0 268435520 2148532288 2112 512 268460032 4 147717 8388608 268435465 131330 135872532 25216 8470593 1048576 1879048400 2147483652 0 0 0 0 525320 1076920320 537006088 655456 160 2183988754 200760 25171456 2096 268450819 16 143200264 405692 50 16 0 0 0 8388608 0 0 1073741824 2168487940 16384 2156474626 328033 2147483648 134144 0 2097152 134217728 536870912 0 0 0 4098 50331648 36100 2147505664 2097152 111153152 4096 0 0 0 0 0 32768 8389632 134217872 2097664 40961 7 1073741824 77611024 67112960 33280 1073742344 260 128 1024 32768 75498496 144 0 2138113 23 789710992 152090 0 69206016 0 0 0 256 128 0 0 67108864 16 0 32769 20
is_linear=0
shrinkage=0.045


Tree=244
num_leaves=23
num_cat=15
split_feature=0 3 0 1 0 5 5 5 3 5 2 3 0 0 3 5 5 1 5 3 0 0
split_gain=1.53131 1.7465 0.937234 0.702999 0.548202 0.613495 0.450751 0.413614 0.483633 0.556317 0.410752 1.40931 0.995963 0.83223 1.30377 1.10983 0.667151 0.539715 0.413833 0.411118 2.55816 2.0996
threshold=0 1 2 3 4 3.8176519431297078 3.0677824455408698 2.9700856263602158 5 3.8393944990995772 6 7 8 9 10 3.795426061844291 6.4960202730614363 11 6.2924942092024017 12 13 14
decision_type=9 9 9 9 9 8 10 8 9 10 9 9 9 9 9 10 8 9 8 9 9 9
left_child=1 3 -2 -1 7 6 -6 -3 9 -9 11 -4 -13 14 15 -12 17 -14 -16 21 -21 -15
right_child=2 4 10 -5 5 -7 -8 8 -10 -11 13 12 16 19 18 -17 -18 -19 -20 20 -22 -23
leaf_value=-2.2412253759327911 48.676150995260642 165.92061156677559 270.85532891840688 13.075185016237462 -2.9800413377198245 -17.712650044228454 1.9892775593060168 -7.8055752627009678 -1.0301132664456931 -2.8283281993555591 -78.895401261032873 290.0825882714945 75.136850767584349 8.8347141021168909 -4.1986030877705653 -112.24531288404503 -126.58604926100648 -18.264587810129758 49.246802577999496 30.307251864327331 -0.51500794465136546 -1.5711716501961448
leaf_weight=130 219 35 336 392 58 280 88 35 235 84 39 109 104 2203 553 73 81 162 59 1890 5977 9833
leaf_count=130 219 35 336 392 58 280 88 35 235 84 39 109 104 2203 553 73 81 162 59 1890 5977 9833
internal_value=-4.01487e-05 -0.00151112 5.15475e-05 0.000522472 -0.0028023 -0.00394521 -0.00164189 -0.00147007 -0.00197191 -0.00415649 2.07878e-05 0.00101866 -0.000615384 -1.80966e-05 -0.00150408 -0.00573387 -0.00179248 -0.000738806 -0.000634615 3.68317e-05 0.000289567 -0.000128486
internal_weight=22975 1337 21638 522 815 426 146 389 354 119 21419 792 456 20627 724 112 347 266 612 19903 7867 12036
internal_count=22975 1337 21638 522 815 426 146 389 354 119 21419 792 456 20627 724 112 347 266 612 19903 7867 12036
cat_boundaries=0 13 15 27 29 39 41 42 44 56 69 71 73 75 89 102
cat_threshold=4194368 2164326484 268435456 268435456 2148532232 2112 512 268451840 4 164101 8388608 9 131074 142688272 92312 0 1048576 536870992 2147483648 0 0 128 1024 0 0 8 131168 269516800 9 4194304 2164326464 0 0 1048576 2048 0 16384 4 163840 2151711776 4096 224 538476628 4228 0 32 0 0 0 0 0 0 0 0 0 524288 16 16416 0 64 16448 256 0 8192 8 67109408 0 2621440 256 4259842 136 0 1024 3993030172 408758 2129932 75759616 1 2105348 0 1024 0 134250496 0 1080049672 134418480 1048576 8396936 3 2147565568 2111488 1140850688 641 268632064 587206656 0 1073741824 68608 525376 538968064 33920 512
is_linear=0
shrinkage=0.045


Tree=245
num_leaves=23
num_cat=16
split_feature=0 3 0 0 5 5 3 5 0 1 3 0 5 2 0 3 3 3 5 5 3 0
split_gain=1.351 1.71381 0.919486 0.663265 0.942193 0.694895 0.527443 0.519819 0.527772 0.48262 1.30224 1.1702 1.03861 0.761745 0.980439 0.828971 0.583922 0.570471 0.558415 0.717088 0.526337 2.67249
threshold=0 1 2 3 6.0124911652234827 6.1537953943602615 4 5.3205649864913136 5 6 7 8 3.9219243190762363 9 10 11 12 13 4.1510089048756029 4.7999057951650004 14 15
decision_type=9 9 9 9 8 8 9 10 9 9 9 9 10 9 9 9 9 9 8 10 9 9
left_child=1 3 -2 5 -5 6 -1 8 -3 10 11 -4 -13 16 17 -16 -12 -15 -18 -20 21 -11
right_child=2 7 9 4 -6 -7 -8 -9 -10 20 13 12 -14 14 15 -17 18 -19 19 -21 -22 -23
leaf_value=-5.2652314239716649 519.67658320154305 46.547528804140597 -23.899808999555166 -7.0331804921981949 -150.76794374214535 79.475630913180439 -1.5160996296204865 37.237799583036569 -1.4781023485795226 8.4982534667346386 22.309923267989621 -7.2223170513996351 85.222479565122299 -12.959368981224467 1.8918001465074645 111.30269813222104 -0.20471326149725491 3.1278869083641911 -93.693270774801391 0.73110373736902601 0.38660576967199634 -7.0769882499638355
leaf_weight=116 104 100 469 342 40 37 211 154 600 2010 114 223 321 235 401 701 166 551 69 50 12961 3000
leaf_count=116 104 100 469 342 40 37 211 154 600 2010 114 223 321 235 401 701 166 551 69 50 12961 3000
internal_value=-5.58165e-05 -0.00131203 3.89257e-05 -0.00287335 -0.00420305 -0.0013883 -0.0020927 7.27484e-05 -0.000448718 1.71265e-05 0.000516305 -0.000820975 0.000598921 0.00110983 0.00148737 0.00235099 -0.000667883 0.000259399 -0.00174242 -0.0041281 -7.48205e-05 -0.00046595
internal_weight=22975 1600 21375 746 382 364 327 854 700 21271 3300 1013 544 2287 1888 1102 399 786 285 119 17971 5010
internal_count=22975 1600 21375 746 382 364 327 854 700 21271 3300 1013 544 2287 1888 1102 399 786 285 119 17971 5010
cat_boundaries=0 13 15 27 38 40 48 50 52 61 62 73 75 77 79 81 95
cat_threshold=4194320 2172715076 268435456 268435456 2148581440 2048 128 402677760 4 180485 8388608 8 131072 2839708514 203028 0 1048576 80 2147483648 0 0 0 0 0 0 0 131168 0 16842816 0 0 49152 0 0 134225920 0 180224 8388608 138575906 2048 4194304 0 0 0 2148532288 0 128 268435456 3758654700 128 502356 100442 1084522496 262144 1140850688 2105472 0 50332672 0 0 34816 2 2147745792 1176502272 129 32768 196608 33559552 0 0 594944 0 196608 2853191688 4384 549470208 131104 150999040 644 3261598880 144416 4104 11264 0 0 268959748 256 0 65536 0 8388624 855638016 2151154320 75501068 1
is_linear=0
shrinkage=0.045


Tree=246
num_leaves=23
num_cat=19
split_feature=0 3 0 0 5 3 5 1 1 3 0 0 3 0 0 3 0 5 0 0 3 3
split_gain=1.39465 1.34092 0.913929 0.628467 0.510868 0.76712 0.485477 0.469702 0.415441 2.04961 1.60514 1.22266 1.07179 1.94782 1.68175 1.62315 1.13886 0.964806 1.63233 1.57239 1.05523 0.943165
threshold=0 1 2 3 4.1026092131977068 4 4.2268071048866842 5 6 7 8 9 10 11 12 13 14 4.7317931335534196 15 16 17 18
decision_type=9 9 9 9 10 9 10 9 9 9 9 9 9 9 9 9 9 8 9 9 9 9
left_child=1 3 -2 -1 5 -3 -6 -8 12 11 -11 -10 13 15 -14 -4 -15 18 -16 -19 -21 -20
right_child=2 4 8 -5 6 -7 7 -9 9 10 -12 -13 14 16 17 -17 -18 19 21 20 -22 -23
leaf_value=-2.8311527227442994 19.62714839148806 -1.1668459752996998 -4.6413031583794782 6.5983765936764458 12.607505629762848 -6.7519267523944393 -0.16950476737079032 -8.827553651572746 1.1248996495502064 10.202802836804414 -0.3212216823853023 -8.2148618984309252 57.578858919291612 -4.8082405041659992 -27.890515207463697 -91.226442068984554 2.5101923759172955 -9.5209132414768227 -8.1995689882439677 9.6739645943288135 50.832373436850361 1.5536618213402296
leaf_weight=111 445 108 292 334 36 202 138 123 1276 944 1897 2906 1169 3006 516 214 2195 527 547 1576 1094 3319
leaf_count=111 445 108 292 334 36 202 138 123 1276 944 1897 2906 1169 3006 516 214 2195 527 547 1576 1094 3319
internal_value=-4.99411e-05 -0.00164098 2.72853e-05 0.000246171 -0.00300242 -0.00432692 -0.00170067 -0.00237833 -1.50766e-05 -0.000298721 0.000632492 -0.00093133 0.000122866 -0.000356443 0.000435617 -0.00298842 -9.40915e-05 0.000189106 -0.000244297 0.000783526 0.00122483 7.6586e-05
internal_weight=22975 1052 21923 445 607 310 297 261 21478 7023 2841 4182 14455 5707 8748 506 5201 7579 4382 3197 2670 3866
internal_count=22975 1052 21923 445 607 310 297 261 21478 7023 2841 4182 14455 5707 8748 506 5201 7579 4382 3197 2670 3866
cat_boundaries=0 13 15 27 37 39 41 43 45 59 73 75 88 101 103 116 129 142 144 146
cat_threshold=8 2172715076 268435456 268435456 2147483712 2048 128 268451840 0 180484 8388608 8 131072 8476178 67752 8388624 1048576 1073742032 68 262144 0 256 1073741824 2056 32 0 131168 0 8388608 0 0 0 2048 0 16384 0 147456 2148008000 516 32 8 3758146028 11435 3924570520 53421 4097 8224 0 0 16908292 536870912 0 33792 0 1073746944 1090519040 0 2147483648 6 16793600 2048 0 0 1605632 50331648 0 65536 4 512 2048917504 0 0 1 642174502 142859 262144 69468160 4096 16 0 4 0 0 65536 2 0 2103312 2048 262144 103022592 4096 144 0 4 0 0 65664 18874368 131080 2104336 2097440 33703456 8200 1080033280 33554432 67108865 8320 134217728 0 0 0 536903680 3670016 131216 2415953024 67166765 1075871744 1073872896 0 0 256 0 0 0 32768 80 65536 1572868 1049088 33554432 0 0 0 268435456 1280 0 0 0 4194313 0 0 8408082 2552307728 53332 1343295616 48
is_linear=0
shrinkage=0.045


Tree=247
num_leaves=23
num_cat=18
split_feature=0 3 0 0 0 4 0 3 5 0 3 1 5 5 5 2 0 3 3 1 0 3
split_gain=1.59199 1.56809 1.46412 1.21246 1.13464 0.478377 1.08999 1.33183 0.994221 0.685243 1.06237 0.501664 0.610231 0.472874 0.524276 0.470941 1.76661 1.28387 1.24648 0.83873 0.825919 1.57261
threshold=0 1 2 3 4 5 6 7 4.2972622671762819 8 9 10 5.3821962081647756 3.5408542930527882 3.4175922930736511 11 12 13 14 15 16 17
decision_type=9 9 9 9 9 1 9 9 8 9 9 9 8 8 10 9 9 9 9 9 9 9
left_child=1 3 -3 -1 -2 6 -6 -8 -9 10 -7 -10 -13 14 -12 20 18 -18 -17 -19 21 -11
right_child=4 2 -4 -5 5 9 7 8 11 15 13 12 -14 -15 -16 16 17 19 -20 -21 -22 -23
leaf_value=-4.044136727159084 40.384927746354116 -0.27272758356492449 -4.4900389824465927 4.9306990374557138 1.4229592136557452 -2.1917520568475202 -99.617813112236007 26.37241210237633 -1.5124421991720951 -12.906326940909199 3.6139526762047476 -116.4975579831909 -3.3659788708713161 55.799183431586783 -45.032560783722211 181.01754270938764 -9.8916520632623044 -14.456047451075392 12.29964816249314 19.228630455044385 0.17627315229552623 2.0243282492125081
leaf_weight=232 422 258 465 554 434 833 111 167 101 2138 233 36 89 767 39 619 929 448 1102 1004 10374 1620
leaf_count=232 422 258 465 554 434 833 111 167 101 2138 233 36 89 767 39 619 929 448 1102 1004 10374 1620
internal_value=-7.54013e-05 -0.00148225 -0.00298163 -7.89472e-05 2.43041e-05 -2.26537e-05 -0.00101489 -0.00240698 -0.00107778 2.37221e-05 0.000840764 -0.00303947 -0.00476277 0.00179401 0.00019708 -6.06707e-05 0.00036315 -0.000430631 0.00145672 0.000405738 -0.000183894 -0.000754376
internal_weight=22975 1509 723 786 21466 21044 938 504 393 20106 1872 226 125 1039 272 18234 4102 2381 1721 1452 14132 3758
internal_count=22975 1509 723 786 21466 21044 938 504 393 20106 1872 226 125 1039 272 18234 4102 2381 1721 1452 14132 3758
cat_boundaries=0 13 15 28 41 53 54 67 69 82 84 86 87 101 103 105 107 120 122
cat_threshold=0 2172715076 2415919104 268435456 2147483712 2048 128 268493824 32900 180485 0 268439560 131328 1243436564 262316 0 65536 0 0 0 0 0 268476416 4 147457 0 4096 256 0 65536 0 0 0 0 0 268468224 4 147461 0 4096 131328 4 1075052544 1073742032 80 0 257 0 0 65544 2147483648 65536 131168 1 1073741824 0 0 0 0 0 0 0 0 8 16781328 2147484160 9 192 140 2189541440 0 536870912 2147483652 131072 16777216 0 0 525312 1160251392 131080 526464 3147904 141507090 45611 1 1024 7 2097152 69210112 1 0 0 536870976 0 0 0 8 150994944 2150630656 49692 4 151983396 282776 3238543568 74128 526336 1537 1077936136 2101248 1 8192 1073741824 536870976 256 134217792 2048 1049632 679481360 2149580805 541738 3818640900 440596
is_linear=0
shrinkage=0.045


Tree=248
num_leaves=23
num_cat=17
split_feature=0 3 0 0 0 3 3 0 3 0 0 3 5 0 0 3 4 5 5 5 0 5
split_gain=1.35202 1.69753 1.10431 0.928766 0.829138 0.697749 0.611613 0.540798 0.49699 3.2263 1.55284 1.56393 1.17414 1.08785 0.914068 1.03905 0.90502 0.647124 1.00213 0.883886 0.596964 0.585235
threshold=0 1 2 3 4 5 6 7 8 9 10 11 5.7284737652803868 12 13 14 15 4.4942230200312032 5.0205801788306017 3.3140206880897671 16 4.1510089048756029
decision_type=9 9 9 9 9 9 9 9 9 9 9 9 10 9 9 9 1 8 10 10 9 8
left_child=1 2 -1 -3 5 7 -5 -2 9 -6 11 -10 16 -11 15 20 -13 19 -19 -18 -12 -16
right_child=4 3 -4 6 8 -7 -8 -9 10 13 14 12 -14 -15 21 -17 17 18 -20 -21 -22 -23
leaf_value=25.492337229507669 -18.726169296796112 -1.3457666079368902 -1.6593267059272567 -1.1097164214545916 -8.4042598050186612 44.527349903229364 -11.234337464508481 9.9586571007178986 1.1532589538553903 67.96998823938533 16.24249940006948 -1.9168515196829601 199.99096653213306 3.2121660807750367 -3.7271362963285459 7.5654748842021071 -32.227860012877095 -56.114148698689206 -18.579430519330419 -3.442628005561005 -15.292563110105608 0.30650593495323242
leaf_weight=357 281 340 299 124 2016 868 386 324 488 564 228 215 52 3099 3999 2652 100 114 82 223 447 5717
leaf_count=357 281 340 299 124 2016 868 386 324 488 564 228 215 52 3099 3999 2652 100 114 82 223 447 5717
internal_value=-4.79826e-05 -0.00134585 0.000377246 -0.00266241 4.3783e-05 0.0010697 -0.00387931 -0.0001094 -3.23869e-05 0.000323406 -0.000173669 -0.00166563 -0.0028985 0.00111796 -2.65414e-05 0.000615903 -0.00339946 -0.00441363 -0.00645455 -0.00314308 -0.000949781 -0.000247019
internal_weight=22975 1506 656 850 21469 1473 510 605 19996 5679 14317 1274 786 3663 13043 3327 734 519 196 323 675 9716
internal_count=22975 1506 656 850 21469 1473 510 605 19996 5679 14317 1274 786 3663 13043 3327 734 519 196 323 675 9716
cat_boundaries=0 13 15 26 39 52 54 56 68 70 84 97 99 112 126 127 128 140
cat_threshold=64 2155937860 268435457 64 2147483712 16779264 128 402710528 32900 147716 131072 4104 131330 3265102352 264344 0 68 1 0 0 0 0 402661376 32768 256 131072 0 2147483648 0 64 0 16779264 0 57344 4 147456 0 4096 258 8503296 1310720 1610612944 2415919232 16777216 0 0 64 590848 3307208704 536870912 17432672 2176 168628754 78392 4211714 32 98304 0 536870912 0 0 0 0 0 1024 2097152 536870912 524288 269513050 237667 1073741824 4096 0 2105345 412614668 33554432 512 65536 0 5242888 184549376 1051648 67112977 4 50331672 18882560 4096 33280 163840 0 0 0 6152 36352 8454168 5 8388640 3800072832 17040 33554456 85991424 4096 0 131072 0 0 0 6144 1026 65680 4 1056 3221618688 16384 0 2105345 411566088 33559557 768 0 0 5242880 1224736768 3200 68161536 4 3326607520 2 3221487616 0 0 2105344 268959744 1024 0 0 0 0 16777216 128
is_linear=0
shrinkage=0.045


Tree=249
num_leaves=23
num_cat=18
split_feature=0 3 0 0 3 5 0 5 5 5 0 3 0 3 0 0 3 0 3 2 3 3
split_gain=1.35453 1.16769 0.902798 0.848368 0.948609 0.827232 0.733649 0.692042 0.678301 0.500194 1.75137 1.55061 1.4853 1.46728 1.60312 1.58704 1.13165 1.0059 1.96776 1.03213 1.08934 1.0887
threshold=0 1 2 3 4 4.6867395546766826 5 4.516324041782946 2.8029010331479989 4.1820210059610323 6 7 8 9 10 11 12 13 14 15 16 17
decision_type=9 9 9 9 9 8 9 10 8 8 9 9 9 9 9 9 9 9 9 9 9 9
left_child=1 2 5 4 -2 -1 -3 8 -8 10 11 -5 16 15 -15 -12 -11 18 -14 20 -19 -21
right_child=3 6 -4 9 -6 -7 7 -9 -10 12 13 -13 17 14 -16 -17 -18 19 -20 21 -22 -23
leaf_value=-0.095880643836587912 -10.867517142487184 1.8218214690868122 9.6059565688928927 0.62925738210460569 42.98324534801877 -299.60713605572766 -1.5082943801849471 -0.86409362263325951 -27.681946687443517 73.424027789950657 2.3035761130156684 -20.892904811256681 9.9208083458748657 14.397548009732107 -0.67579468541347598 -19.924883751620776 0.47614658777731206 -3.0742776123867301 -5.9083740909949238 -3.4692604558058613 80.966708552968598 5.1579765849568693
leaf_weight=70 243 119 537 342 846 44 87 182 355 547 939 732 682 1794 3087 1502 880 352 1030 4258 1019 3328
leaf_count=70 243 119 537 342 846 44 87 182 355 547 939 732 682 1794 3087 1502 880 352 1030 4258 1019 3328
internal_value=-4.21072e-05 -0.00139545 6.78749e-06 4.60568e-05 0.00126294 -0.00342857 -0.00260464 -0.00322641 -0.00423649 -1.93131e-05 -0.000286139 -0.00197238 0.000165895 -3.55875e-05 0.000414776 -0.000933754 0.00152293 -1.72735e-05 -0.00101276 0.0001741 0.00130477 -3.19819e-05
internal_weight=22975 1394 651 21581 1089 114 743 624 442 20492 8396 1074 12096 7322 4881 2441 1427 10669 1712 8957 1371 7586
internal_count=22975 1394 651 21581 1089 114 743 624 442 20492 8396 1074 12096 7322 4881 2441 1427 10669 1712 8957 1371 7586
cat_boundaries=0 13 15 25 38 40 51 65 67 80 82 95 108 110 124 126 127 129 131
cat_threshold=4194368 2155939908 268435456 268435456 72 16779264 128 268492800 32896 147716 537001984 4104 131328 3394212884 262188 0 65536 0 0 0 0 0 268435456 0 147712 25247760 1048576 1610612944 2147483648 131072 0 0 0 525312 2167406592 0 17432673 160 33620512 266280 0 65536 0 0 0 0 0 268435456 0 131328 131072 2359305 1124089872 1 2097152 16384 0 512 134217728 0 1140850688 33619968 270565376 33284 19 595613248 158208 2149842952 50462720 0 2097168 768 536875009 512 134218752 2048 2048 1377894432 270532736 2105856 1654232228 15360 33554432 67245088 0 8320 8388612 0 0 64 67584 4232202 2097200 2148535316 75505666 3221258240 0 0 1 143654912 536871936 0 1073807360 4 8392722 352325648 1049216 2214594577 676364850 337920 33558528 2105376 2147487744 1 1360101380 0 0 1073741824 4 36866 67108888 1050628 8392705 4 538935540 74580 16 554304068 8712 2355193496 483959
is_linear=0
shrinkage=0.045


Tree=250
num_leaves=23
num_cat=20
split_feature=0 0 3 1 0 3 2 0 3 3 0 0 0 0 3 0 0 5 5 3 3 0
split_gain=1.14923 0.961769 2.17722 0.82851 0.692447 0.683575 0.620754 0.776708 0.691845 0.66548 2.01399 1.90225 1.14662 0.996977 0.890383 0.845021 0.788749 0.76827 0.736889 0.69005 0.649198 0.634523
threshold=0 1 2 3 4 5 6 7 8 9 10 11 12 13 14 15 16 4.7664292796317111 4.8322978221268906 17 18 19
decision_type=9 9 9 9 9 9 9 9 9 9 9 9 9 9 9 9 9 10 10 9 9 9
left_child=-1 2 3 -2 -4 -6 8 -8 -3 10 20 19 14 -13 16 -16 17 -12 -17 -11 -9 -10
right_child=1 6 4 -5 5 -7 7 9 21 11 12 13 -14 -15 15 18 -18 -19 -20 -21 -22 -23
leaf_value=36.907139722469019 -2.7914060229732849 294.58922822685014 -0.77515371781212161 10.561674703731759 -6.810408977798069 -14.313955675888456 -133.63338774184751 -3.6757416125864011 119.40021136846364 1.5876369788353835 -84.419169090771035 10.948504673849014 -1.47744872377859 1.936695323096941 -1.4505953955504407 -86.221139849842814 23.301613780223242 5.2637960453116408 -2.1837677596342786 -10.174133884248901 21.900465746316893 -27.313149279008382
leaf_weight=337 349 213 275 688 250 350 141 456 111 558 70 1252 7285 5973 253 302 262 43 105 1550 1977 175
leaf_count=337 349 213 275 688 250 350 141 456 111 558 70 1252 7285 5973 253 302 262 43 105 1550 1977 175
internal_value=-2.25224e-05 -6.19866e-05 -0.00102443 0.000373213 -0.00266347 -0.00352941 2.73413e-05 -1.1784e-05 0.00157632 1.25387e-05 -0.000228658 0.000290369 -0.00056169 0.00063735 -0.00195559 -0.00294643 -0.000174418 -0.003132 -0.00422076 -0.000895755 0.000907362 9.06042e-05
internal_weight=22975 22638 1912 1037 875 600 20726 20227 499 20086 10753 9333 8320 7225 1035 660 375 113 407 2108 2433 286
internal_count=22975 22638 1912 1037 875 600 20726 20227 499 20086 10753 9333 8320 7225 1035 660 375 113 407 2108 2433 286
cat_boundaries=0 12 25 27 29 42 44 45 57 59 61 74 87 101 115 117 131 145 147 149 161
cat_threshold=0 1074790400 1073741904 16 0 33 384 0 65536 32 32 131168 2147483712 2172715060 0 268435520 49152 16779264 0 268460032 32896 67109124 537001984 36872 131330 3800142358 281524 135790600 3328 2147483648 0 0 0 16384 0 0 24576 0 0 536870912 36864 131328 5783584 73728 96 0 0 0 0 0 0 0 0 0 0 0 2621440 1573392 4228 4278532636 400532 1107378176 33554432 0 1 402784832 536875072 0 1024 2048 9961536 1073741824 2147486736 10273 1111560192 4160 0 1 403309060 536870976 0 65536 2052 9439296 1140850688 268438544 2049 10485780 2097152 4096 132 1114112 256 0 1207959552 0 1075889171 65552 17825792 8913024 6 10485776 67241984 536875008 4 256 256 0 1207992320 1024 1075888137 65552 17825792 8388736 6 167776788 131072 8388624 0 4096 128 0 0 0 134217728 0 2113538 16 0 524288 4 8388624 0 0 0 0 0 0 0 0 2113536 0 1048576 0 4 2229506 98626 1845501960 131072 0 0 0 0 0 0 0 0 0 0 0 2621440
is_linear=0
shrinkage=0.045


Tree=251
num_leaves=23
num_cat=18
split_feature=0 3 0 1 2 3 0 0 3 0 0 3 3 3 5 1 0 3 1 5 5 5
split_gain=1.22182 2.12932 0.953313 0.542492 0.432053 1.51608 1.61693 1.56208 1.19075 1.88403 1.72845 1.17016 1.05694 0.976244 1.1189 1.02136 0.942087 1.31235 1.04407 0.86796 0.836245 0.814161
threshold=0 1 2 3 4 5 6 7 8 9 10 11 12 13 5.344720891341141 14 15 16 17 4.4829865921051741 4.5900436644025815 4.7833076179467886
decision_type=9 9 9 9 9 9 9 9 9 9 9 9 9 9 8 9 9 9 9 8 10 8
left_child=1 3 -2 -1 5 7 11 -4 10 12 20 -7 -10 14 -8 -15 17 -11 19 -19 -6 -20
right_child=2 -3 4 -5 8 6 13 -9 9 16 -12 -13 -14 15 -16 -17 -18 18 21 -21 -22 -23
leaf_value=-7.2057013456782331 6.6138523238042302 -2.6423623348928227 -2.0670746303949232 13.041968106911465 -59.044273025580623 23.07662905329871 -24.859849196545223 14.835357347482271 3.7895582335524352 2.9202596771651934 -0.12802247956280446 -7.8393984842522189 121.13047040305986 -57.29862400980948 -129.20750916401772 -1.4027941831837885 1.1420457260139834 1.0343626289994299 -64.842862884156148 -21.608464220531435 -1.9946212908839451 -1.687172544572197
leaf_weight=105 479 931 804 404 333 881 375 783 752 637 2276 1199 612 227 82 917 9986 375 244 214 248 111
leaf_count=105 479 931 804 404 333 881 375 783 752 637 2276 1199 612 227 82 917 9986 375 244 214 248 111
internal_value=-3.81902e-05 -0.00130165 4.69905e-05 0.00102783 1.28173e-06 -0.000351136 -0.000851746 0.000807692 0.000119051 0.000302828 -0.000710526 -2.15103e-05 0.00187718 -0.00192219 -0.00367484 -0.00119118 0.000115425 -0.00090113 -0.00195816 -0.000756239 -0.00287605 -0.0038624
internal_weight=22975 1440 21535 509 21056 5268 3681 1587 15788 12931 2857 2080 1364 1601 457 1144 11567 1581 944 589 581 355
internal_count=22975 1440 21535 509 21056 5268 3681 1587 15788 12931 2857 2080 1364 1601 457 1144 11567 1581 944 589 581 355
cat_boundaries=0 13 15 28 30 31 33 46 59 61 74 86 88 90 92 94 108 110 112
cat_threshold=2147483712 3238068244 0 268435456 64 16777281 128 268460032 32896 1073758468 545390592 4104 131328 1108678676 198700 20 1048576 1073742032 68 4 0 0 0 0 1 65536 16908384 8388608 134234112 3332 3 2384797800 57387 1082195968 0 0 1 8519680 33554432 0 0 134217728 24 16777376 2147484932 2147484705 1082228736 131072 536870912 0 8519680 0 0 0 0 24 16777344 2147483904 33 1308956840 163883 48283656 131072 603983872 2149580816 2164260864 536871424 0 1073741824 531456 3678208 0 524416 2621440 262144 8388640 0 2097152 32768 536870912 0 0 2048 5772288 150994944 2148016128 545294338 202884 6996496 2820 546340864 68612 84 528 16777217 2100224 0 513 1343308288 2052 0 1024 65544 67144288 33554432 32772 2147484672 1 550666774 75776 536922192 67584
is_linear=0
shrinkage=0.045


Tree=252
num_leaves=23
num_cat=16
split_feature=0 3 0 3 5 0 0 3 5 5 0 5 5 3 0 0 0 3 0 0 5 0
split_gain=1.65471 1.26935 1.20472 2.31752 0.898827 0.70634 0.658164 0.683103 0.756346 0.64654 0.644526 0.632631 0.518527 0.457893 2.46158 2.33792 1.41148 1.34785 1.30289 0.826014 0.79501 0.821392
threshold=0 1 2 3 3.3140206880897671 4 5 6 4.1820210059610323 4.9089648320872419 7 5.2857353797162627 5.2067464199591091 8 9 10 11 12 13 14 2.524928003624769 15
decision_type=9 9 9 9 8 9 9 9 8 8 9 8 10 9 9 9 9 9 9 9 8 9
left_child=1 4 3 10 -1 -6 9 8 -8 -5 -2 -9 -12 15 -15 17 -16 19 -17 -4 -19 -22
right_child=2 -3 13 6 5 -7 7 11 -10 -11 12 -13 -14 14 16 18 -18 20 -20 -21 21 -23
leaf_value=-85.949693201264736 24.30793575915364 8.1799799207277903 -62.122442024868661 -2.6696393379700454 -28.721711184739604 30.960254468915263 -3.8150272897983024 -9.9939044866500826 17.870214642645614 23.92371399570434 1.0201606287797487 -6.9144263244094759 -5.3192797093796971 24.953875735537224 -10.650719583216752 19.973826963704109 0.41520995934505672 -94.391459976163318 -0.47774055024863538 2.3045511594840913 -0.99024083485667114 -37.527885840816388
leaf_weight=53 251 523 116 181 116 186 53 317 67 72 314 82 54 1272 709 843 8339 46 8080 574 274 453
leaf_count=53 251 523 116 181 116 186 53 317 67 72 314 82 54 1272 709 843 8339 46 8080 574 274 453
internal_value=8.81333e-06 0.00191124 -6.77777e-05 -0.00134391 -0.000183924 0.000769737 -0.00297321 -0.00390678 -0.000681818 -0.000967924 0.000706022 -0.00482847 -0.000497368 1.86796e-05 0.000230836 -0.000192152 -3.07945e-05 -0.00185186 8.20931e-05 -0.000384615 -0.00313567 -0.0027963
internal_weight=22975 878 22097 1391 355 302 772 519 120 253 619 399 368 20706 10320 10386 9048 1463 8923 690 773 727
internal_count=22975 878 22097 1391 355 302 772 519 120 253 619 399 368 20706 10320 10386 9048 1463 8923 690 773 727
cat_boundaries=0 12 14 27 29 39 52 53 63 65 79 92 106 108 121 132 144
cat_threshold=16793621 1048576 1342177488 20 512 536870912 0 0 2056 1089633 65544 131168 2286518340 22580 2151678024 3238068244 0 268435520 2147483712 16777281 128 268460032 32896 1073741828 537001984 4104 131328 1108935696 215596 17 0 0 4 0 536870912 0 0 0 1048640 2151677952 65536 0 0 0 1 0 268443648 0 0 537001984 0 256 8405506 2147483648 16777220 0 0 2147483712 16777280 0 0 0 1073741824 785727004 433672 1082392576 33835008 2751467520 2097280 16809992 4 0 0 1024 2624512 4096 524800 8396962 4 1075838976 18464 67112960 128 1359511560 4 0 64 1028 2100224 67108880 512 8397346 33558528 2098240 0 512 65540 4096 512 1207959552 69632 67108864 33554432 34817 1048576 18 708847640 133632 33619968 132160 0 513 65540 5120 512 1207993344 69632 131072 35651584 285247488 1050624 0 0 0 0 32776 4 0 0 0 2098176 67108864 1073741824 0 0 128 32768 0 0 0 4 2098176 67108864 512
is_linear=0
shrinkage=0.045


Tree=253
num_leaves=23
num_cat=16
split_feature=0 0 3 5 5 3 5 0 3 0 3 0 0 0 5 5 5 3 0 0 3 1
split_gain=1.7443 1.10068 2.32442 0.858463 0.573464 0.570776 0.498011 2.03899 1.25296 1.19048 1.79829 0.988221 0.953001 0.852544 0.816132 0.730339 0.679213 0.640502 2.53057 1.23198 1.3521 0.666927
threshold=0 1 2 3.5694334999727624 3.8606743063089755 3 5.344720891341141 4 5 6 7 8 9 10 5.4271478232179229 4.4005842009683471 0.89587973461402759 11 12 13 14 15
decision_type=9 9 9 8 8 9 10 9 9 9 9 9 9 9 10 10 8 9 9 9 9 9
left_child=-1 2 -2 -4 -5 -6 9 -8 -9 10 13 14 15 -3 -10 -12 -14 18 -11 20 -19 -20
right_child=1 6 3 4 5 -7 7 8 11 17 12 -13 16 -15 -16 -17 -18 19 21 -21 -22 -23
leaf_value=4.6763456039354159 9.1150367622514246 23.061028852383611 -0.87221997679288288 -11.528891732091029 -1.513814495902909 -4.4102438481977337 98.42936236399909 37.063106866582309 34.812965380727881 18.809465964581936 15.343608403932242 -1.2736501882867433 145.33171594814897 -2.2861226315679208 -19.982087005067129 -20.794362299575905 -32.205372539798276 71.411782843539669 -16.226962018355078 -1.8477100245673925 0.15435045773824016 1.3428600923396234
leaf_weight=830 452 280 195 53 111 259 797 636 38 1200 151 2133 35 873 277 52 879 740 1198 7778 1596 2412
leaf_count=830 452 280 195 53 111 259 797 636 38 1200 151 2133 35 873 277 52 879 740 1198 7778 1596 2412
internal_value=2.05642e-05 -5.58513e-05 -0.00145564 -0.00322857 -0.00441529 -0.00375 1.60053e-05 0.000476307 -5.23254e-05 -8.79273e-05 -0.00104514 -0.000515853 -0.00232374 0.000204721 -0.0028211 0.000481395 -0.00294492 5.84496e-05 0.000485276 -0.000144874 0.000758944 -0.000111817
internal_weight=22975 22145 1070 618 423 370 21075 3881 3084 17194 2270 2448 1117 1153 315 203 914 14924 4810 10114 2336 3610
internal_count=22975 22145 1070 618 423 370 21075 3881 3084 17194 2270 2448 1117 1153 315 203 914 14924 4810 10114 2336 3610
cat_boundaries=0 13 26 28 30 43 45 59 61 75 89 101 103 117 130 132 134
cat_threshold=16777236 1048576 1409290320 0 16777736 0 0 16448 2056 1056865 65544 133216 2 2151678024 2147549204 2147483648 268435456 64 16777281 640 268444672 0 260 131072 4104 131328 2316926996 80008 16794144 16384 2392064 41943040 0 0 33024 1024 0 0 4 2637824 67108864 9220 2147533316 1710432 66448 1075843073 50351104 0 576 32768 4096 0 0 1028 67652096 8388624 8197 557572 4 3815034992 205414 33554432 12320 0 0 0 536870912 0 0 0 12582912 16777216 33280 1 2 0 1024 0 0 0 0 0 0 4 67108864 0 1 0 4 4097 16779264 0 0 0 0 0 0 1024 512 16 4 286256390 57680 33587200 8388608 0 8193 269484036 570425344 0 65536 0 1088454658 1023410176 1573504 77602944 2 33554432 67239936 536870912 32916 212992 536870912 256 1073741824 98304 16908288 35651584 2164294800 14369 1048600 327718 805308481 1608
is_linear=0
shrinkage=0.045


Tree=254
num_leaves=23
num_cat=17
split_feature=0 0 3 5 3 5 3 0 0 0 0 3 4 0 0 3 3 5 0 5 5 0
split_gain=1.56664 1.22162 2.15272 0.520294 1.77711 0.86632 0.516508 2.53931 1.56287 1.20211 1.08022 1.39942 0.995191 0.873072 0.872824 0.870086 0.832931 0.753312 0.729865 0.611807 0.591266 0.504425
threshold=0 1 2 3.5694334999727624 3 4.0859410030639109 4 5 6 7 8 9 10 11 12 13 14 3.8606743063089755 15 5.8847132099692177 2.8029010331479989 16
decision_type=9 9 9 8 9 8 9 9 9 9 9 9 1 9 9 9 9 8 9 10 10 9
left_child=-1 2 -2 -4 -5 -6 8 -8 16 12 11 13 -9 -10 -13 20 -3 -15 -18 -11 -14 -12
right_child=1 6 3 4 5 -7 7 9 10 19 21 14 15 17 -16 -17 18 -19 -20 -21 -22 -23
leaf_value=8.5542936856543648 0.74054235328487972 31.475170459363781 -1.1928903369709283 -2.3789874196967671 -48.33361886283339 -3.5016576833675006 27.214065694840279 -77.835781765210669 35.327729482216164 0.5496849475493587 3.0878488745482251 9.4154255454048368 12.964548012819439 -103.74411970582068 -3.8605444913979885 1.4995093189602926 -10.18769968134125 -14.034874510787047 16.015230976791216 42.896838897840709 -17.772206679749306 -1.9270664218339375
leaf_weight=569 777 1000 216 251 56 163 1145 71 106 3978 3220 436 98 91 436 817 861 277 386 420 972 6629
leaf_count=569 777 1000 216 251 56 163 1145 71 106 3978 3220 436 98 91 436 817 861 277 386 420 972 6629
internal_value=8.81333e-06 -5.09856e-05 -0.00130271 -0.00312034 -0.00400424 -0.00683766 3.71512e-05 0.000336018 -0.000129775 -1.69596e-05 -0.000347327 -0.00153756 -0.000941117 -0.00348148 -0.000447964 -0.000745632 0.000950199 -0.00452368 0.000167991 0.000395919 -0.00158041 -0.000182993
internal_weight=22975 22406 1463 686 470 219 20943 7501 13442 6356 11195 1346 1958 474 872 1887 2247 368 1247 4398 1070 9849
internal_count=22975 22406 1463 686 470 219 20943 7501 13442 6356 11195 1346 1958 474 872 1887 2247 368 1247 4398 1070 9849
cat_boundaries=0 13 26 28 30 32 46 59 72 86 88 89 100 112 114 116 129 142
cat_threshold=16777220 1048576 1342181456 64 16777728 0 0 64 2056 8289 65544 131168 2 2151678024 2155938836 0 268435456 64 16777281 640 268461056 32768 4 536870912 4104 135424 1247352340 6840 2147532802 81924 2856580632 267935 8421377 35651584 1 2097156 1048576 536871940 0 0 0 1073906696 84017328 524292 10485760 6 33636368 67113024 536870912 8832 402866176 33560576 0 1073741824 0 2099456 0 285256720 2176 35655696 14400 536870912 128 402800896 33554432 0 1073741824 0 2304 402657280 16821264 3089 1082392576 1109409792 2214592513 2129920 3221258244 4 0 32768 4 1073741824 131248 1048576 11026432 4 2281710608 262667 1 262144 2097152 1 0 0 0 0 0 0 0 48 1082130432 16384 0 2097152 32768 0 0 0 4 1073741824 128 1048576 1159203072 256000 2281833984 262278 65552 4096 536870912 8192 134217728 33554432 0 1073741824 0 2097152 0 33808 128 4096 8192 0 1 264 0 0 0 69632 5243394 1486884864 2147483776 1082933
is_linear=0
shrinkage=0.045


Tree=255
num_leaves=23
num_cat=18
split_feature=0 0 3 0 3 0 5 5 3 5 3 0 0 3 0 3 0 5 0 3 0 0
split_gain=1.62252 1.18999 2.6836 0.705159 0.664439 0.590487 0.559646 0.537386 0.504928 0.487097 0.46134 1.87856 1.12906 1.08145 1.01252 0.799864 0.724895 0.614378 0.57263 0.941804 0.793499 0.725259
threshold=0 1 2 3 4 5 3.3140206880897671 2.8029010331479989 6 4.5271940351011493 7 8 9 10 11 12 13 4.2555875595453383 14 15 16 17
decision_type=9 9 9 9 9 9 10 8 9 8 9 9 9 9 9 9 9 8 9 9 9 9
left_child=4 2 5 -4 6 -2 -1 -5 9 -7 11 13 15 16 -13 -12 17 -3 19 21 -21 -14
right_child=1 10 3 7 -6 8 -8 -9 -10 -11 12 14 18 -15 -16 -17 -18 -19 -20 20 -22 -23
leaf_value=-42.044633071764054 9.0886819057950525 1.4209479316579172 -0.74626990429979567 -0.22160885429972019 22.403609907490129 25.02782017019328 13.72697839013845 -13.860181168803338 -2.3020916420243318 -6.9655846699970985 -0.51300345868025254 58.760287778240759 -3.0328805868411228 -43.024138907812805 2.9626951151511141 19.041134690259977 4.1982058561538134 -31.88557602820217 -0.66883298460975082 23.545779741690321 -3.6234816249806068 -60.029503129430509
leaf_weight=79 601 101 219 70 436 86 202 435 302 55 1169 450 403 495 3570 1299 366 111 11021 390 757 358
leaf_count=79 601 101 219 70 436 86 202 435 302 55 1169 450 403 495 3570 1299 366 111 11021 390 757 358
internal_value=-8.81299e-06 -7.71889e-05 -0.00119326 -0.00327717 0.00208025 0.000272727 0.000322526 -0.00422147 -0.00095934 0.00120588 1.97543e-05 0.0003905 -0.000103089 -0.00127327 0.000837054 0.000776613 6.10171e-05 -0.00196875 -0.000271579 -0.000989062 -0.000166954 -0.00220634
internal_weight=22975 22258 1768 724 717 1044 281 505 443 141 20490 5093 15397 1073 4020 2468 578 212 12929 1908 1147 761
internal_count=22975 22258 1768 724 717 1044 281 505 443 141 20490 5093 15397 1073 4020 2468 578 212 12929 1908 1147 761
cat_boundaries=0 13 26 28 41 43 53 55 57 70 83 85 98 100 112 126 128 141 155
cat_threshold=16777221 2148532224 1946157264 80 16777216 0 0 49216 2056 8289 65544 131168 2 2151678024 66580 1 268435456 131136 16779329 128 268444672 32768 67141636 537001984 4104 135424 1255736854 2748 0 65536 0 0 0 64 0 268443648 0 32768 537001984 4096 4352 2165871648 6164 2147483656 1044 1 0 64 2048 128 1024 32768 4 135266320 2568 1368263104 123203 2101248 12320 0 128 0 570425344 0 1073807360 0 542976 4096 285256848 1536 69632 28736 0 8832 82688 33558528 0 1073741824 65536 2560 1075838976 285224080 1051136 269091136 81986 1073774592 33556480 0 2097156 32768 0 0 0 4 1075970050 16 524289 10485760 610357300 138264 0 32 0 0 0 570425344 0 65536 0 16384 0 33792 1074003984 1075841024 2147483648 2129924 3490217988 4 512 0 4 1073872898 201326608 1 11026432 4 2152841734 264752 16 2099200 2147483648 4 268435456 4 0 0 0 1073741826 67108864 1 16384 1074003968 0 0 2097152 524292 0 0 0 4 131072 134217744 0 0 4
is_linear=0
shrinkage=0.045


Tree=256
num_leaves=23
num_cat=18
split_feature=0 0 3 3 5 3 5 3 0 0 3 5 5 3 0 3 1 3 0 0 1 0
split_gain=1.39274 1.08361 1.58701 0.884591 0.63947 0.633213 0.628838 0.568744 2.02322 0.815724 1.38785 0.626629 1.3906 0.861449 0.765354 0.669576 0.600585 0.578933 2.18526 1.72006 0.818214 0.810187
threshold=0 1 2 3 3.3842466058243152 4 4.4005842009683471 5 6 7 8 4.4601277074540464 4.3630783395783075 9 10 11 12 13 14 15 16 17
decision_type=9 9 9 9 8 9 10 9 9 9 9 8 10 9 9 9 9 9 9 9 9 9
left_child=5 2 -2 4 -4 -1 -6 8 11 10 -9 12 13 -3 -15 -13 -10 18 -11 -19 -21 -20
right_child=1 7 3 -5 6 -7 -8 9 16 17 -12 15 -14 14 -16 -17 -18 19 21 20 -22 -23
leaf_value=-0.62320117381102214 6.9391576538507707 80.125619496203285 -1.2459771460930162 -2.1725168485316768 -125.81243257967024 21.380239128516195 -0.46633508289034392 39.300785944494436 12.338224121209668 -8.3100880482950394 -0.60159898965205316 -22.504665813894906 -71.599193751188139 0.4502761395803736 -61.868033995361721 12.458877264243812 1.5074530886185908 7.431471164211561 74.103558530624127 -54.531155754201286 -4.6593444263910193 2.5168340101366171
leaf_weight=207 594 102 44 1066 42 557 37 1307 1080 1867 2133 266 40 249 290 427 805 1958 216 267 5369 4052
leaf_count=207 594 102 44 1066 42 557 37 1307 1080 1867 2133 266 40 249 290 427 805 1958 216 267 5369 4052
internal_value=4.89637e-06 -6.05452e-05 -0.00112061 -0.00206453 -0.00556667 0.00187887 -0.00838889 3.25833e-05 0.000576429 -7.09794e-05 0.000547509 -0.000733766 -0.00170644 -0.00118274 -0.00188657 0.000213669 0.00153005 -0.000226293 9.88289e-05 -0.000488693 -0.000887571 0.000660281
internal_weight=22975 22211 1783 1189 123 764 79 20428 3259 17169 3440 1374 681 641 539 693 1885 13729 6135 7594 5636 4268
internal_count=22975 22211 1783 1189 123 764 79 20428 3259 17169 3440 1374 681 641 539 693 1885 13729 6135 7594 5636 4268
cat_boundaries=0 12 25 27 29 31 33 46 59 61 63 76 78 80 82 95 108 110 123
cat_threshold=16389 1064960 1879048400 2147483652 2164260864 0 0 64 2056 139360 65544 133216 2151678032 3221292052 1 268435520 16448 16777281 128 268443648 32768 32772 604110848 4104 135424 1125778960 2592 64 106560 2148275232 79904 1342275910 106833 8421376 67110912 0 0 143130624 0 0 65536 1028 4194560 33558528 2150663184 67160088 33624064 0 33554432 41104 256 33560832 0 1073807360 65540 84934912 2101248 2415961104 1083392 2687641648 262310 268435456 41024 32768 67110912 0 0 142606336 0 0 65536 0 0 0 1048592 8 65794 8256 263472 2622 231620768 150024 1073741832 128200800 0 2097665 134381568 536870912 0 16384 0 8391682 1090519040 2621440 2147508736 17072136 117716992 0 513 134316032 536870912 0 16384 4096 2622466 1073741824 2621568 512 403964164 272 8388608 0 0 0 8 0 0 134217728 0 1073741824 33554464 1 8389632
is_linear=0
shrinkage=0.045


Tree=257
num_leaves=23
num_cat=20
split_feature=0 0 3 3 0 0 2 0 0 3 3 5 0 3 3 1 5 0 3 0 3 3
split_gain=1.45436 1.19054 2.03478 0.753927 1.96322 0.830054 0.675487 1.41592 1.07176 0.972618 0.702005 0.668379 0.647001 0.816929 0.792462 1.74503 0.630149 1.74456 1.45078 1.22906 1.2934 0.900459
threshold=0 1 2 3 4 5 6 7 8 9 10 6.703185102203908 11 12 13 14 3.8606743063089755 15 16 17 18 19
decision_type=9 9 9 9 9 9 9 9 9 9 9 10 9 9 9 9 8 9 9 9 9 9
left_child=-1 2 -2 4 -3 -6 8 10 -5 -10 -8 12 13 -9 15 -14 17 21 -19 20 -18 -16
right_child=1 3 -4 6 5 -7 7 11 9 -11 -12 -13 14 -15 16 -17 19 18 -20 -21 -22 -23
leaf_value=5.3751995567065167 15.862601633855018 42.822260015672335 -2.9656550493275597 -19.840386136385291 -22.271977797660721 0.82538138629800328 1.0352144265070147 -3.9032779135208542 -15.642609648709817 3.403654024475629 28.215830067538025 38.634149605806655 2.2658940715133862 6.9636234512810269 15.660057791407588 -22.4957767637353 1.4711881972459062 -75.580938541589632 -6.1680376274257114 2.8732715064369008 -21.600268950201801 -3.7083551046460315
leaf_weight=579 545 824 1353 223 272 1360 837 1520 592 688 868 377 461 2900 695 546 963 439 1030 4293 960 650
leaf_count=579 545 824 1353 223 272 1360 837 1520 592 688 868 377 461 2900 695 546 963 439 1030 4293 960 650
internal_value=-2.93755e-06 -6.10495e-05 -0.0011356 3.90543e-05 0.000776742 -0.000131387 -6.18144e-05 2.14792e-05 -0.000971287 -0.000452786 0.0012449 -0.000120032 -0.000168995 0.000284296 -0.000368544 -0.00155888 -0.000233908 -0.000792613 -0.00185652 1.88165e-05 -0.000923256 0.000381356
internal_weight=22975 22396 1898 20498 2456 1632 18042 16539 1503 1280 1705 14834 14457 4420 10037 1007 9030 2814 1469 6216 1923 1345
internal_count=22975 22396 1898 20498 2456 1632 18042 16539 1503 1280 1705 14834 14457 4420 10037 1007 9030 2814 1469 6216 1923 1345
cat_boundaries=0 12 25 27 29 43 56 57 70 83 85 87 100 102 104 106 120 122 136 138 140
cat_threshold=4 1048576 1879052496 64 2164261384 0 384 32768 0 8225 65544 131168 4194392 2147550324 1 268443648 16448 16777281 0 268443648 0 32836 545390592 268435464 135424 2316313236 264720 1358954944 106833 1075871744 83888128 0 2097152 557056 536871936 0 0 536870912 2102282 352321552 2621952 8201 4 2147483648 0 0 0 256 0 0 65536 0 0 0 16811008 34832 1 2189430784 2113536 0 2147484164 65796 570431488 0 0 0 16 1075843216 16780416 8390656 2147516416 0 0 0 256 0 0 0 0 0 0 3200 16 2182825484 20996 2867470338 266920 16384 135168 0 16 0 768 0 1208025088 530436 1170211072 0 2148049168 1081522 207654440 134664 2365960 263170 536925216 74761 262144 8192 0 1 143654912 0 0 0 536903680 151562 469762048 1049089 67634692 6 705855506 40 262145 0 0 1 1484947456 0 0 16384 32768 1202178 201326592 1048577 16388 3 2190181398 18440 139133956 137896
is_linear=0
shrinkage=0.045


Tree=258
num_leaves=23
num_cat=18
split_feature=0 0 3 0 3 0 3 5 5 5 2 0 3 0 3 2 3 0 0 5 3 3
split_gain=1.76726 1.20508 1.91874 0.918458 0.836789 0.751937 0.900379 0.594106 0.570871 0.517956 0.494137 1.43152 1.1323 0.800232 1.0524 0.59523 0.529926 2.05078 1.8312 0.699242 0.951386 0.895867
threshold=0 1 2 3 4 5 6 1.8688348091416842 4.0342014792848504 4.1971736807086968 7 8 9 10 11 12 13 14 15 4.3372693810700085 16 17
decision_type=9 9 9 9 9 9 9 10 8 10 9 9 9 9 9 9 9 9 9 8 9 9
left_child=4 2 3 -2 8 6 -4 -8 -1 -10 11 -3 -13 14 -12 -16 17 19 -18 21 -21 -15
right_child=1 10 5 -5 -6 -7 7 -9 9 -11 13 12 -14 16 15 -17 18 -19 -20 20 -22 -23
leaf_value=162.73946238796367 -0.24971083516917542 -38.267978454653075 37.64124237218882 -5.1660880954902 23.883987753398895 -1.3734531827450982 55.658572801248319 -4.0998475037259432 -77.53990438514063 -2.8845181194881571 52.677171743544214 -21.115072804032899 3.612923996537893 28.428964088424571 0.12920859276918342 197.51885507195968 7.4290971685404568 0.39425130588876062 -0.66507163679578518 -1.5621741002676759 -18.317957049780052 -7.9338148338227397
leaf_weight=96 104 236 324 270 458 361 54 435 36 96 366 546 815 253 1610 321 2335 6174 6702 295 516 572
leaf_count=96 104 236 324 270 458 361 54 435 36 96 366 546 815 253 1610 321 2335 6174 6702 295 516 572
internal_value=9.79408e-07 -6.88084e-05 -0.001275 -0.00403368 0.00223066 -0.000364249 0.000398182 -0.000817365 -3.74998e-05 -0.00194776 2.19006e-05 -0.00073555 -0.000160597 8.55086e-05 0.000871156 0.000442357 -2.21542e-05 -0.000293403 0.000212344 -0.00170388 -0.00265129 -0.000788996
internal_weight=22975 22289 1548 374 686 1174 813 489 228 132 20741 1597 1361 19144 2297 1931 16847 7810 9037 1636 811 825
internal_count=22975 22289 1548 374 686 1174 813 489 228 132 20741 1597 1361 19144 2297 1931 16847 7810 9037 1636 811 825
cat_boundaries=0 12 25 27 38 40 53 55 56 69 71 84 86 87 89 103 117 119 121
cat_threshold=5 1048576 4093640912 0 2164523520 0 256 64 134283272 8224 65576 133216 4194392 2147549204 1 268443712 65536 553648193 0 268443648 0 49220 545390592 268435464 135424 1745012832 33284 0 0 0 0 0 64 0 8192 0 49152 536870912 2294813728 28704 4194320 20 1 8192 0 536870913 0 268443648 0 68 0 268435456 4352 9438736 401552 1 2181070848 0 0 0 256 0 0 0 0 0 0 2147484800 16 2182824980 6148 2189475840 2113536 0 2147483652 131136 0 0 0 526336 1093664784 16781456 525440 10487938 1154116 426064 134 2909846440 285858 16777216 25168960 4096 2130449 403702016 0 128 1073742848 32768 4329475 1107296256 16777217 2147491840 2 16777216 25172032 4096 2097168 402653440 1024 128 1073741824 4096 4329475 1075838976 16777473 2147524608 2 671128096 2048 554697216 262272
is_linear=0
shrinkage=0.045


Tree=259
num_leaves=23
num_cat=18
split_feature=0 3 0 0 3 0 5 4 5 4 0 0 3 5 3 0 1 5 3 0 0 3
split_gain=1.42846 1.69399 1.37778 1.19741 1.09998 0.781681 0.826233 0.516664 0.485853 0.485711 0.854661 0.688184 1.06488 0.824404 0.62558 0.581988 0.578588 0.571205 0.559676 2.20219 1.08976 0.92319
threshold=0 1 2 3 4 5 3.1567740231385479 6 4.2413008733233104 7 8 9 10 2.9174053685313028 11 12 13 4.8940944640863338 14 15 16 17
decision_type=9 9 9 9 9 9 10 1 8 1 9 9 9 10 9 9 9 10 9 9 9 9
left_child=1 2 7 4 -2 -3 -7 -1 -4 10 -5 12 13 -11 -12 -15 17 -16 19 -13 21 -20
right_child=3 5 8 9 -6 6 -8 -9 -10 11 14 18 -14 15 16 -17 -18 -19 20 -21 -22 -23
leaf_value=8.368056518175802 -20.664967250679815 -12.559564968116838 -6.9504407284761722 6.5928715523872663 52.305868236825695 -2.4658261423657328 0.55776508377088629 78.795894828965018 -0.4633312413599705 -40.746392650066234 -32.562858088869604 -23.42719704479866 8.9803346526764827 53.091377915895904 -1.9755271247409885 -9.94479204299404 5.8032552599392471 -60.607053670161157 0.21117338313730649 1.1735636556054421 -0.24576502763341748 24.868621176498696
leaf_weight=262 116 513 136 110 390 99 285 167 141 91 255 1613 1596 143 107 268 392 56 1351 2631 10579 1674
leaf_count=262 116 513 136 110 390 99 285 167 141 91 255 1613 1596 143 107 268 392 56 1351 2631 10579 1674
internal_value=-1.07715e-05 -0.00130124 0.000350975 8.67005e-05 0.00222394 -0.00258911 -0.000977273 0.00192857 -0.00207093 3.36241e-05 -0.000976139 8.0309e-05 0.000848815 -0.000945525 -0.0014781 -9.80628e-05 -0.000595238 -0.00275143 -1.05821e-05 -0.000460996 0.000130215 0.000881627
internal_weight=22975 1603 706 21372 506 897 384 429 277 20866 920 19946 2098 502 810 411 555 163 17848 4244 13604 3025
internal_count=22975 1603 706 21372 506 897 384 429 277 20866 920 19946 2098 502 810 411 555 163 17848 4244 13604 3025
cat_boundaries=0 13 15 28 40 42 55 56 57 70 83 85 87 99 101 103 117 130 132
cat_threshold=4194385 2147549268 1 268443648 65536 553648193 0 268443648 0 49220 545390592 268435464 8524032 2159750676 11032 1 84 1 8192 0 553648129 0 268443648 0 0 0 0 8388608 33554432 1048576 1610612816 0 2164523008 0 128 0 65536 8193 65576 131168 21496864 4096 0 84 1 8192 65536 536870913 0 268443648 0 0 0 0 8388608 4 1 2147483648 0 0 0 0 0 0 0 0 0 4224 2147483648 1 10600448 0 2415919232 2147483716 268566596 0 0 0 524288 1093666832 0 524928 3147937 572932104 428074 144 282764 8421376 0 0 0 131072 0 0 0 0 1073741824 0 512 1104 2070 2185444864 396289 3221225472 10881024 4096 0 32768 1024 0 0 536871940 4098 369098768 48384 67110428 4 16777216 27656192 67112960 16 1098240 1028 256 64 1028 4096 67108880 16792837 524296 1210614154 12836
is_linear=0
shrinkage=0.045


Tree=260
num_leaves=23
num_cat=18
split_feature=0 0 3 5 2 5 1 3 0 3 1 3 0 0 2 5 0 3 5 3 0 4
split_gain=1.17357 1.10129 0.981913 0.590721 0.674401 0.4953 0.486016 0.465249 0.450668 2.3021 0.45622 0.5011 1.86287 0.969573 0.674346 0.673084 0.539059 1.07474 0.704075 0.646825 0.772229 0.55446
threshold=0 1 2 5.7446031891748186 3 6.2334293711344477 4 5 6 7 8 9 10 11 12 3.9607678160667752 13 14 6.2334293711344477 15 16 17
decision_type=9 9 9 8 9 8 9 9 9 9 9 9 9 9 9 8 9 9 10 9 9 1
left_child=-1 2 5 4 6 -2 -4 -8 9 -3 -10 12 -12 15 -15 -14 17 -13 19 -19 -21 -22
right_child=1 8 3 -5 -6 -7 7 -9 10 -11 11 16 13 14 -16 -17 -18 18 -20 20 21 -23
leaf_value=122.46450866267637 -0.26550856331638273 -5.585340417562902 -21.053718075661752 -8.6659141512840225 17.944243132400132 50.340896972034706 44.534164028630599 -2.9376551992712709 -34.628896805123276 27.266865048135539 21.882682325103822 -8.740985463979829 1.5742975580706815 1.6099804118282588 -42.457470295843386 -15.258910711650588 0.073971862408121189 3.9213972127318444 114.09363722671318 1.1040886985024143 -0.27942861072421221 -17.270864096096293
leaf_weight=226 635 849 232 120 144 81 110 225 185 910 705 447 87 1631 125 158 14263 448 63 651 238 442
leaf_count=226 635 849 232 120 144 81 110 225 185 910 705 447 87 1631 125 158 14263 448 63 651 238 442
internal_value=-4.89603e-06 -3.77618e-05 -0.00119211 -0.00223665 -0.00176087 3.70881e-05 -0.00243264 -0.00123199 4.70917e-05 0.000734331 -1.54971e-05 6.53883e-06 0.000572848 -0.000131893 0.000244344 -0.00271401 -8.6392e-05 -0.000725554 -0.000237864 -0.000406794 -0.00090134 -0.00195087
internal_weight=22975 22749 1547 831 711 716 567 335 21202 1759 19443 19258 2706 2001 1756 245 16552 2289 1842 1779 1331 680
internal_count=22975 22749 1547 831 711 716 567 335 21202 1759 19443 19258 2706 2001 1756 245 16552 2289 1842 1779 1331 680
cat_boundaries=0 12 25 27 28 30 32 45 47 49 51 65 78 79 93 95 97 111 112
cat_threshold=0 1310720 268435536 32768 2147483648 0 0 0 0 8192 65536 131168 81 8454180 0 268435456 16448 16777281 0 268443648 4 68173892 545390592 268439560 8524032 2329038998 14856 20 134742049 522 557088 4 2147598336 2147483648 1610616960 2147483845 268435460 0 0 0 526336 3240230928 48 524288 2097313 2184462908 71914 268435457 16 1074790472 114953 2359296 86114320 0 2097152 256 1024 0 0 1024 4755466 134217856 2704 2052 4 1115684864 0 0 0 0 570425344 0 65536 32768 0 0 40960 41984 86 4456456 1075970064 0 512 1090551808 1028 768 16448 1024 37408 2097160 2689 4 7 128324608 2048 536947236 402002 8 2228224 0 512 16777216 4 0 16384 1024 0 0 2688 4 1 2
is_linear=0
shrinkage=0.045


Tree=261
num_leaves=23
num_cat=17
split_feature=0 3 0 4 5 5 0 3 5 5 5 3 0 0 0 3 3 0 0 3 0 3
split_gain=1.23965 1.31746 0.897685 0.691681 0.866225 0.492844 0.489244 0.606733 0.488497 0.512174 0.470339 1.96193 2.42919 2.29724 1.0457 1.30111 1.14148 2.65587 2.43567 1.65745 1.31603 1.09108
threshold=0 1 2 3 4.1820210059610323 3.9415346756528771 4 5 3.1567740231385479 3.7726948748059121 4.7999057951650004 6 7 8 9 10 11 12 13 14 15 16
decision_type=9 9 9 1 10 8 9 9 8 8 10 9 9 9 9 9 9 9 9 9 9 9
left_child=1 3 -2 4 -1 -5 -3 -8 -9 -10 14 13 -13 -12 15 -4 18 19 21 -18 -20 -16
right_child=2 6 10 5 -6 -7 7 8 9 -11 11 12 -14 -15 16 -17 17 -19 20 -21 -22 -23
leaf_value=-7.314120084680642 3.5848750406510734 3.224509828870624 3.3287861231649951 13.925852612928432 -3.2748612547400269 -1.6340345598190662 3.1262667527820494 -43.451102223135997 42.681800030428377 -5.0311647634162453 -15.557676467239631 -3.8450727099701534 36.953655980185886 1.0475694793665975 -2.5857995852798101 -20.080953843080966 -11.922488660492808 -0.38541903076503981 15.484977544062161 34.46993761004731 -1.0269902177877954 -35.501937446367116
leaf_weight=86 366 311 359 47 49 53 102 41 53 196 898 1187 2256 2787 655 971 420 4610 1386 1272 3834 1036
leaf_count=86 366 311 359 47 49 53 102 41 53 196 898 1187 2256 2787 655 971 420 4610 1386 1272 3834 1036
internal_value=-2.83978e-05 -0.00162 4.02061e-05 -0.00446356 -0.00673358 -0.00176471 -0.000610489 -0.00164851 -0.00268212 -0.00199004 2.28306e-06 0.000301683 0.00107192 -0.000419935 -0.000144482 -0.00134128 -2.27976e-05 0.000414793 -0.000421855 0.0019331 6.02066e-05 -0.00189988
internal_weight=22975 938 22037 235 135 100 703 392 290 249 21671 7128 3443 3685 14543 1330 13213 6302 6911 1692 5220 1691
internal_count=22975 938 22037 235 135 100 703 392 290 249 21671 7128 3443 3685 14543 1330 13213 6302 6911 1692 5220 1691
cat_boundaries=0 13 15 27 28 41 43 45 58 72 86 88 90 103 117 119 132 134
cat_threshold=88 2147549188 268435456 268468224 2147500096 16777281 0 268435456 4 67141636 537001984 268439560 131328 146853984 131344 2164260864 1048576 3221225552 64 4 0 0 0 8 32 0 131168 4 24 4 268435456 32768 64 64 0 0 0 4 0 4096 256 2164260866 16520 2573282840 448627 266240 100671504 0 1 278396928 33554432 0 65536 0 2 469762176 2148565760 67111941 33554432 13344 0 0 134774784 1280 0 8192 0 4722698 16781312 32788 8704 5 1080033281 44302336 1 512 33024 0 128 16384 32768 2097216 1115750400 8193 1589760 3 1795429442 8392 1656672930 9868 16384 83897344 0 0 269484040 0 0 40960 536877056 135424 134221856 2131088 8391683 49156 1157629968 67108864 0 1048576 1024 0 40960 536942592 135424 32 2100240 77597697 16 83886340 198721 8388608 16448 536875008 2105349 134348800 256 0 134283264 0 1079001090 18874496 16777220 2147528834 8523808 1036
is_linear=0
shrinkage=0.045


Tree=262
num_leaves=23
num_cat=16
split_feature=0 3 0 3 5 3 0 0 3 5 0 0 3 5 5 0 3 5 0 2 0 5
split_gain=1.33147 1.22542 1.10289 1.02853 0.6754 0.59341 2.37614 1.04974 1.36166 1.43094 0.981776 0.715084 0.864026 0.775138 0.71474 0.699945 1.04098 0.695149 0.593985 0.528872 1.06417 1.22606
threshold=0 1 2 3 3.8176519431297078 4 5 6 7 6.2519020269174783 8 9 10 4.2696729980286863 4.0689902272260703 11 12 5.6646935841241897 13 14 15 3.8176519431297078
decision_type=9 9 9 9 10 9 9 9 9 8 9 9 9 10 8 9 9 10 9 9 9 8
left_child=1 -1 3 -2 -5 6 11 8 18 -10 -8 13 -13 14 -4 16 -9 -12 -7 20 21 -17
right_child=2 -3 5 4 -6 7 10 15 9 -11 17 12 -14 -15 -16 19 -18 -19 -20 -21 -22 -23
leaf_value=-0.15134490374630044 19.318298649835484 -2.5982549944182898 -25.169256883892313 -8.1243031222141564 2.7957869785521088 -8.6042563562693637 41.764352716050148 55.446821965713291 -12.830040321557869 121.17436953981397 0.92581677743135571 -23.207404433959233 1.9384095011099409 -3.5736908065333495 -81.927042993420741 10.439133824865994 -0.4106100599173097 70.715925555113898 10.62422977688256 0.05995002058546145 -0.29697167860149082 -40.034874670376709
leaf_weight=597 446 537 141 186 222 224 921 392 1367 139 2190 408 581 192 38 85 468 279 376 12064 896 226
leaf_count=597 446 537 141 186 222 224 921 392 1367 139 2190 408 581 192 38 85 468 279 376 12064 896 226
internal_value=-2.05639e-05 -0.00151571 5.78641e-05 0.00163164 -2.14284e-05 -7.0716e-06 0.000434691 -0.000136531 -0.00107082 -0.00179051 0.00107143 -0.00114796 -0.000499001 -0.00280809 -0.00499724 3.50013e-06 0.00123853 0.000596735 0.000735294 -7.75802e-05 -0.000970878 -0.0031904
internal_weight=22975 1134 21841 854 408 20987 4750 16237 2106 1506 3390 1360 989 371 179 14131 860 2469 600 13271 1207 311
internal_count=22975 1134 21841 854 408 20987 4750 16237 2106 1506 3390 1360 989 371 179 14131 860 2469 600 13271 1207 311
cat_boundaries=0 13 15 27 29 31 44 58 60 74 87 89 102 104 117 118 131
cat_threshold=88 2147549252 268435456 32768 2147500096 16777281 0 268436480 4 68173828 1610743808 268439560 8519938 2199454354 10892 2164277249 9437184 3288334544 2415919168 12 0 0 16384 67592 1073741872 32 131168 193451538 4100 4030235080 368914 1115688960 16909328 1 0 412090624 536870912 128 65536 536870912 8388864 167772160 43524 67162112 4456448 1075863584 4096 2097664 1090552320 0 768 1207967744 33792 2132033 67174528 1048576 4 1 25120 133824 294912 35659808 0 0 557056 0 0 134225920 1024 2654208 335544464 2621440 8708 5 41947136 16908304 1 0 1048576 0 128 0 0 0 0 35332 20480 3222274304 73744 41947136 16908288 0 16 268435456 6144 128 0 0 768 8 40964 1593344 163598866 40 4194304 2097152 0 2097152 32768 0 0 8192 32768 2097152 0 1048576 4 129 32768 0 0 0 0 0 0 0 0 0 16 3712 16
is_linear=0
shrinkage=0.045


Tree=263
num_leaves=23
num_cat=18
split_feature=0 3 0 0 3 0 3 0 3 1 5 0 0 5 5 3 1 5 2 0 3 0
split_gain=1.28679 1.71539 0.964197 0.5632 0.521613 2.17509 0.8276 0.651896 1.54167 0.630076 0.762299 0.595082 0.592513 0.569099 0.495975 0.501512 0.694211 0.655021 0.490031 1.35243 1.06159 1.09195
threshold=0 1 2 3 4 5 6 7 8 9 3.0677824455408698 10 11 3.7012257604091228 5.6646935841241897 12 13 4.3372693810700085 14 15 16 17
decision_type=9 9 9 9 9 9 9 9 9 9 10 9 9 10 10 9 9 8 9 9 9 9
left_child=1 3 -2 -1 5 6 13 8 11 10 -9 -6 -7 -4 15 -14 -17 -18 -11 -20 -21 -22
right_child=2 -3 4 -5 7 12 -8 9 -10 18 -12 -13 14 -15 -16 16 17 -19 19 20 21 -23
leaf_value=16.423376955863112 11.815170234458826 -2.5203258278692555 -15.505673303112985 -0.4573063861873618 -15.373560659352215 50.34916446074088 -55.468302896373089 29.609325246594839 6.0201032290021601 -0.90922933853947541 -76.390534929835127 1.715885856068337 11.779124875902687 3.0340448315060868 114.04044346271188 17.590389480719875 4.2546067874613716 -11.011224711092044 274.9893424643987 -14.609915811804273 91.807804157766043 -2.8517618369044597
leaf_weight=274 520 780 69 274 650 366 286 46 2013 12038 174 405 470 157 208 206 306 382 485 676 990 1200
leaf_count=274 520 780 69 274 650 366 286 46 2013 12038 174 405 470 157 208 206 306 382 485 676 990 1200
internal_value=-3.03563e-05 -0.00138358 5.3396e-05 0.000546429 5.74784e-06 0.000621446 -0.00195802 -7.5365e-05 0.000523052 -0.000193297 -0.00252155 -0.000864573 0.00131077 0.000113446 0.000914773 0.000606149 -2.98012e-05 -0.00072 -0.000158074 0.00032248 -5.31617e-05 0.000429155
internal_weight=22975 1328 21647 548 21127 2450 512 18677 3068 15609 220 1055 1938 226 1572 1364 894 688 15389 3351 2866 2190
internal_count=22975 1328 21647 548 21127 2450 512 18677 3068 15609 220 1055 1938 226 1572 1364 894 688 15389 3351 2866 2190
cat_boundaries=0 13 15 27 40 42 55 57 70 72 74 87 100 102 104 105 119 121 134
cat_threshold=88 2147549252 268435456 32768 2147483712 16777280 0 268444672 4 49412 1610743808 268439560 9568514 2317028372 8424 20987904 1048576 3221225680 2415919168 0 1 128 0 2056 0 48 131168 0 68 0 0 2147483648 64 0 268443648 0 16640 131072 0 1048576 1345323456 106771 3221225472 8390688 1 0 268435456 0 0 65536 0 12582912 134221824 33920 67141648 2097216 33043 8458240 8390656 536870913 129 268435716 6400 0 65536 524288 1098911744 0 16818304 67429504 138558476 137344 269492225 16 4096 0 536870913 0 260 256 0 65536 0 1073745920 0 32896 32896 294912 67117056 0 0 557056 536871936 0 0 0 2229250 67108864 2622208 4096 1073742208 65538 1073743296 518 7 2129920 67108864 0 0 0 0 0 0 0 0 150994944 2148008960 0 5 121871392 262216 0 18874400 0 512 0 0 0 0 65536 8 0 3146000 536
is_linear=0
shrinkage=0.045


Tree=264
num_leaves=23
num_cat=21
split_feature=0 3 0 1 0 3 5 0 0 3 0 0 3 3 3 0 3 3 0 0 2 3
split_gain=1.34852 2.21321 1.04353 0.962695 0.598792 0.51596 0.464891 1.50796 1.29248 1.06825 1.96297 1.69734 1.37662 1.14962 1.11221 1.04751 1.03725 1.01032 1.60677 1.47717 1.29612 1.2866
threshold=0 1 2 3 4 5 4.1510089048756029 6 7 8 9 10 11 12 13 14 15 16 17 18 19 20
decision_type=9 9 9 9 9 9 10 9 9 9 9 9 9 9 9 9 9 9 9 9 9 9
left_child=1 3 5 -1 -3 -2 7 -4 16 11 13 12 -9 15 -12 -11 -8 18 -10 21 -21 -19
right_child=2 4 6 -5 -6 -7 8 9 17 10 14 -13 -14 -15 -16 -17 -18 19 -20 20 -22 -23
leaf_value=-1.7512975401571917 -28.534015507183931 -0.32199763430074479 -8.6803002544157835 34.374213308661943 -6.9589561216785576 21.525563279718682 -0.70446434065812491 -66.521937072171454 1.0587724136671313 -113.00282620209124 -42.525100481737518 7.6974103219257684 1.4169511220625006 19.905913033525874 -2.4695447245328297 0.47235344942529323 28.149104247647809 -10.450283674445886 -10.701007195022809 86.486061292677959 0.98614756002413351 -0.96393914707527717
leaf_weight=224 103 244 694 401 637 345 599 261 1436 112 605 2518 391 1237 3219 390 1256 306 1174 1034 4155 1634
leaf_count=224 103 244 694 401 637 345 599 261 1436 112 605 2518 391 1237 3219 390 1256 306 1174 1034 4155 1634
internal_value=-7.93183e-05 -0.00137549 1.23599e-05 0.000671115 -0.00281691 0.00213261 -3.40178e-05 -0.000268692 0.000156778 -0.000106518 -0.000481883 0.00055154 -0.00147741 0.000768418 -0.00105109 -0.00103307 0.0012413 -5.12253e-05 -0.000806636 0.000226229 0.000622092 -0.000829918
internal_weight=22975 1506 21469 625 881 448 21021 9427 11594 8733 5563 3170 652 1739 3824 502 1855 9739 2610 7129 5189 1940
internal_count=22975 1506 21469 625 881 448 21021 9427 11594 8733 5563 3170 652 1739 3824 502 1855 9739 2610 7129 5189 1940
cat_boundaries=0 13 15 27 29 42 44 58 72 74 88 102 104 106 108 121 123 125 139 153 154 156
cat_threshold=4194376 2147549284 268435456 32768 2147483712 553648193 0 268436480 0 49476 131072 268439560 9568514 2190600214 207552 16777216 1048576 3221225680 64 16777216 0 0 1073790976 65544 2147483648 16 131168 524418 3208 8 2147483648 268435456 0 0 16777280 0 0 0 49152 0 268439552 8388864 138937376 6144 65552 1132478464 1 16 0 0 512 0 4 1142950401 33620008 8192 545280 2 65552 33818624 0 20 131588 4096 512 0 2048 1075842049 33620000 9857 57872 2 2299642264 442739 1082146816 8192 536870912 2097153 134742016 1024 128 134291456 536904704 1708050 16777216 2165833732 67108865 4 3231711232 4112 0 2097152 134742016 1024 0 8192 33792 1048594 16777344 0 32768 5 16810008 16416 1113602084 128 872417794 10240 0 0 0 0 0 1024 0 0 0 4096 0 2147483648 67108864 2147948296 414208 488661516 133227 35651584 2102272 1 0 8388608 33554432 0 8192 1024 4722690 268439680 2149615876 2214592520 1 35917824 2106368 0 8192 276824064 33556736 128 134225920 1024 655362 268439552 1083396 2214597632 5 112 4196352 99200
is_linear=0
shrinkage=0.045


Tree=265
num_leaves=23
num_cat=20
split_feature=0 3 0 0 5 0 3 0 3 0 0 3 0 3 3 3 0 0 5 0 4 0
split_gain=1.52832 1.49943 1.30382 0.832229 0.470918 1.42292 1.93442 1.36871 1.00121 1.62818 1.62458 1.01381 0.99103 0.900494 0.894728 0.836426 1.96404 1.32219 0.833368 0.848439 0.765427 0.753919
threshold=0 1 2 3 4.1820210059610323 4 5 6 7 8 9 10 11 12 13 14 15 16 5.4402485097224949 17 18 19
decision_type=9 9 9 9 10 9 9 9 9 9 9 9 9 9 9 9 9 9 10 9 1 9
left_child=1 -1 -2 -3 5 6 -4 13 9 14 11 -10 -11 -6 -9 16 -7 -17 19 20 -15 -19
right_child=2 3 4 -5 7 15 -8 8 10 12 -12 -13 -14 18 -16 17 -18 21 -20 -21 -22 -23
leaf_value=-5.3071958090490714 4.4478723379655518 -1.4420431315576732 0.49233427524779028 0.18986046838523962 27.67046649215084 11.198398746870318 -36.336039669984551 -2.5058110471271529 5.113323378832888 19.633529192056955 12.774237972858648 -7.7323988099081742 -2.3511854144317552 -224.19750916119375 -13.490281879731521 30.585944589808154 -10.049945966462991 -8.0711641217252232 158.55988752902192 0.90152526276729461 224.85848742003373 0.93360148345303784
leaf_weight=341 560 236 526 867 500 1116 595 265 361 893 4266 1083 2821 65 367 679 2790 559 226 495 38 3326
leaf_count=341 560 236 526 867 500 1116 595 265 361 893 4266 1083 2821 65 367 679 2790 559 226 495 38 3326
internal_value=-9.10692e-05 -0.00150206 4.38674e-06 -0.000673991 -5.34002e-05 -0.000285677 -0.00178332 0.00014233 -3.75445e-05 -0.0005514 0.000353897 -0.000945742 -0.000188406 0.00149551 -0.0026413 -8.48855e-05 -0.000567381 0.000328453 0.000559809 -0.000315 -0.00379565 5.77384e-06
internal_weight=22975 1444 21531 1103 20971 9591 1121 11380 10056 4346 5710 1444 3714 1324 632 8470 3906 4564 824 598 103 3885
internal_count=22975 1444 21531 1103 20971 9591 1121 11380 10056 4346 5710 1444 3714 1324 632 8470 3906 4564 824 598 103 3885
cat_boundaries=0 13 15 27 40 54 56 69 71 85 99 101 115 117 119 121 135 148 161 162 176
cat_threshold=64 2147549300 2415919104 32768 2147483712 16777281 0 268435456 0 49412 537001984 268439561 9568514 557846624 151824 16385 1074790400 1140850896 268435536 16777224 0 128 1073774592 134217728 2147483649 2162688 131168 64 0 0 32768 0 1 0 268435456 0 4 537001984 268435456 8388610 2162712 58736640 1 0 0 33554432 512 134217728 65536 1142950400 436207624 8704 541184 2 1267487298 29188 2149646360 41943040 0 8196 131840 4096 512 134235136 2048 1075842048 100663328 2105856 17024 2636346888 420459 1073741824 2360320 4097 2097664 1081344 4 0 8192 32772 0 16777216 1081360 8196 4 266240 8192 0 1 278396928 570427648 0 8192 4096 659458 268439568 1048708 67116032 7 1653899716 16 33853440 0 0 0 268435456 33555456 0 0 0 4718594 402657280 1156 67111952 3 725653034 467072 147968 278624 1659846212 12804 1086324736 5120 0 2097157 142606596 1024 0 8192 536871940 4329490 16781312 18874368 1 4 33816576 67117056 536870912 0 32768 0 0 0 0 5120 67108912 17303700 36 2097152 0 0 0 0 0 0 0 0 0 0 8192 512 4 0 1024 0 2105348 134217732 0 0 8192 4 4194320 16777216 2097152 4096 1
is_linear=0
shrinkage=0.045


Tree=266
num_leaves=23
num_cat=15
split_feature=0 3 0 0 3 0 3 5 2 0 3 5 0 3 0 5 3 5 3 5 5 5
split_gain=1.68936 2.19648 1.66987 1.47211 1.24519 0.90908 0.831868 0.630951 0.583218 1.298 1.21152 0.758588 0.70077 1.08265 0.697639 0.749998 0.732702 0.692238 0.595925 0.551592 1.81047 0.527476
threshold=0 1 2 3 4 5 6 4.7140145363037149 7 8 9 2.602003343538398 10 11 12 2.8029010331479989 13 3.6242520361853052 14 4.9732735209982879 4.7405652883788738 4.0163424379838117
decision_type=9 9 9 9 9 9 9 10 9 9 9 10 9 9 9 8 9 10 9 10 8 8
left_child=1 2 7 4 -2 -3 -7 -1 9 -5 11 -11 13 14 16 -16 -10 18 -15 20 -18 -4
right_child=3 5 21 8 -6 6 -8 -9 12 10 -12 -13 -14 17 15 -17 19 -19 -20 -21 -22 -23
leaf_value=7.5308198353504672 -31.078614618653873 58.434642147900114 -12.667257131375971 -34.021884943509214 14.030645134105734 -3.8550974838434704 2.4214795974803969 -22.730035689494631 88.601068332036107 -135.33829645465869 6.7762386724821733 -2.7067704865511155 -0.20088060673673405 18.02715250177706 -79.799685326690863 -0.79902612135106565 0.061733102721684668 55.830937042706985 -5.0545834148177295 58.052229790375456 -259.12244245996635 -29.413673416851008
leaf_weight=218 107 303 134 279 665 281 216 73 334 67 636 597 16457 116 66 730 231 888 284 79 38 176
leaf_count=218 107 303 134 279 665 281 216 73 334 67 636 597 16457 116 66 730 231 888 284 79 38 176
internal_value=-4.99411e-05 -0.00155732 -0.00358972 4.87818e-05 0.00196301 1.65161e-10 -0.00117583 -0.00102475 -2.33495e-05 -0.000851351 -0.000240091 -0.00157101 4.51522e-05 0.000706264 -0.000126845 -0.00102475 0.000920749 0.00165462 0.00011194 -0.000525 -0.00151107 -0.00586956
internal_weight=22975 1401 601 21574 772 800 497 291 20802 1579 1300 664 19223 2766 1478 796 682 1288 400 348 269 310
internal_count=22975 1401 601 21574 772 800 497 291 20802 1579 1300 664 19223 2766 1478 796 682 1288 400 348 269 310
cat_boundaries=0 14 16 30 42 44 57 59 60 73 75 88 90 103 105 107
cat_threshold=262208 2147549300 2415919104 32768 2147483648 65 512 268435456 0 67125316 537001984 268435465 9568256 4 692490338 479268 0 65568 2147483648 0 0 64 0 0 0 67125248 536870912 0 8388608 4 4116 1048576 1140850896 68 16777224 0 0 1208008704 134283264 3221225505 65576 131168 2684420128 144 262144 84 0 0 0 0 512 268435456 0 0 0 1 1048576 8914448 144 1 33587200 0 0 0 256 0 0 0 0 0 128 2147486720 16 2183022100 153604 44089352 8388608 536870912 2147483664 268435456 512 0 0 526464 27402240 2101392 528000 2097666 195429040 310894 44040192 0 536870912 16 268435456 0 0 0 0 0 2101264 3072 514 136314896 2604 2152727556 65536
is_linear=0
shrinkage=0.045


Tree=267
num_leaves=23
num_cat=20
split_feature=0 0 3 0 3 1 3 5 3 2 5 0 0 3 3 3 0 0 3 0 3 3
split_gain=1.45691 1.0984 1.26436 1.05411 0.821264 0.821135 0.800198 0.791707 0.623336 1.16612 0.477573 2.05826 1.52396 1.38904 1.08838 1.07201 2.07168 1.61187 1.23148 0.838206 1.69828 1.56925
threshold=0 1 2 3 4 5 6 3.2384861814448418 7 8 4.7999057951650004 9 10 11 12 13 14 15 16 17 18 19
decision_type=9 9 9 9 9 9 9 8 9 9 8 9 9 9 9 9 9 9 9 9 9 9
left_child=6 2 5 4 7 -2 -1 -4 9 -5 12 14 13 -3 -12 16 -13 18 -17 20 -14 -21
right_child=1 10 3 8 -6 -7 -8 -9 -10 -11 11 15 19 -15 -16 17 -18 -19 -20 21 -22 -23
leaf_value=-5.7263085554391555 39.364548364407447 0.52997948442484277 172.82721195083116 -60.504783075767214 -32.597993592880009 -0.73690692440312999 32.152284492210534 -3.5895006696100831 11.37487042605534 6.1620370282201185 105.52414197694178 -9.4771422641835503 4.55133490053153 -20.125146918079924 3.4104647811415574 -3.5896593229437697 20.460794982577607 0.68791660246115471 -25.16150771613281 -4.471809566972448 -7.3640363096393182 2.4890634261721423
leaf_weight=215 336 454 38 108 267 273 387 173 335 110 492 886 950 778 754 636 1934 2384 607 2402 2535 5921
leaf_count=215 336 454 38 108 267 273 387 173 335 110 492 886 950 778 754 636 1934 2384 607 2402 2535 5921
internal_value=-2.25224e-05 -8.1818e-05 -0.00119855 -0.00215292 -0.00369184 0.000427536 0.00214007 -0.00139238 -0.000772566 -0.00258261 7.15852e-06 0.000288304 -0.000158718 -0.00165675 0.0019531 -3.69251e-05 0.000619704 -0.000547815 -0.00185378 -7.61254e-07 -0.000585502 0.000244571
internal_weight=22975 22373 1640 1031 478 609 602 211 553 218 20733 7693 13040 1232 1246 6447 2820 3627 1243 11808 3485 8323
internal_count=22975 22373 1640 1031 478 609 602 211 553 218 20733 7693 13040 1232 1246 6447 2820 3627 1243 11808 3485 8323
cat_boundaries=0 12 25 27 38 40 41 43 45 46 60 74 76 78 80 93 107 109 123 125 127
cat_threshold=16400 1048576 1610612944 4 16777224 512 0 1073774592 134283264 3221233668 8 131168 262144 2147549300 268435456 32832 2147532864 16777280 0 268435456 128 68173824 537001984 269484040 1184002 2693859476 404384 262144 65620 0 32768 2147516416 16777280 0 268435456 128 68157440 131072 525824 86024 134235156 2336293920 6288 4719680 86024 50 2129920 42336256 0 2097152 256 4100 0 0 33792 2229568 33620096 2627968 67109376 3 1080033289 44302336 0 528 512 1 128 24576 32776 2099568 65536 528384 644 17 1209893988 241736 5771266 23204 1119850996 65947 33558528 6144 0 0 8912896 33555456 0 65536 0 8388618 402653184 1552 18448 33558528 8192 1 0 135397376 536871168 0 8192 0 4198402 201330704 2147516416 8449025 4 2298480128 10756 16809988 16924672 67108864 0 256 536870916 512 0 536871940 525312 60817536 18874496 2216722472 6 352385156 126035 1175507076 93313
is_linear=0
shrinkage=0.045


Tree=268
num_leaves=23
num_cat=19
split_feature=0 0 3 5 0 0 3 3 5 3 0 0 0 3 0 3 0 5 3 3 3 0
split_gain=1.47083 1.23946 1.01422 0.863767 0.71764 0.634741 0.625544 0.444582 0.491109 0.412325 2.71624 1.37938 1.24566 1.01218 0.643418 1.12102 0.663616 0.594573 0.577246 0.575258 0.565303 0.541753
threshold=0 1 2 4.2696729980286863 3 4 5 6 4.5798392285869785 7 8 9 10 11 12 13 14 4.9938224302714262 15 16 17 18
decision_type=9 9 9 8 9 9 9 9 8 9 9 9 9 9 9 9 9 8 9 9 9 9
left_child=6 2 5 4 -4 -2 -1 -5 -9 10 20 -12 13 21 15 -14 18 -15 -17 -18 -3 -11
right_child=1 9 3 7 -6 -7 -8 8 -10 12 11 -13 14 17 -16 16 19 -19 -20 -21 -22 -23
leaf_value=0.12780705913448945 50.116603629848754 -0.75643646618763793 14.000179648758792 -3.0440712213602641 -3.3358892363196246 -1.1836840214552222 54.013037818249771 -113.17064391882927 -11.795519951846957 -7.5516544026832735 0.022640362449497662 -16.170577369866038 -8.6889066774783483 4.7594914615649833 0.38283147495455111 23.258018423932391 34.130285469866728 108.31137029332309 1.4514993949234651 -9.0366923517776776 18.322883464967877 1.6122307736185124
leaf_weight=228 233 162 102 222 458 264 338 59 265 340 1550 1779 1658 768 11688 269 149 375 504 496 823 245
leaf_count=228 233 162 102 222 458 264 338 59 265 340 1550 1779 1658 768 11688 269 149 375 504 496 823 245
internal_value=-1.46884e-05 -7.24542e-05 -0.00127337 -0.00202862 -0.000800712 0.000415521 0.00222664 -0.00331752 -0.00436607 2.07514e-05 -0.000370319 -0.000984585 0.000123243 0.00126207 -1.09636e-05 -0.00058873 0.00033986 0.00203766 0.00122102 -0.000719178 0.00169258 -0.000263819
internal_weight=22975 22409 1603 1106 560 497 566 546 324 20806 4314 3329 16492 1728 14764 3076 1418 1143 773 645 985 585
internal_count=22975 22409 1603 1106 560 497 566 546 324 20806 4314 3329 16492 1728 14764 3076 1418 1143 773 645 985 585
cat_boundaries=0 14 28 30 42 56 58 60 62 76 89 102 104 118 120 134 136 138 140 153
cat_threshold=16397 1048576 1610612944 80 512 768 0 0 8 2147483712 196608 131168 0 16 0 2147549236 2415919104 268468224 16456 16777216 0 268435456 4 67125252 536870912 17829896 9572610 4 169398438 2912 0 65540 0 32768 0 0 0 0 0 0 0 16777216 0 32 0 0 0 0 0 0 0 16384 0 17825792 8392704 4 17335328 20628 29427200 4224 100751880 396321 33554432 16786432 1 1 131328 33555456 0 0 67584 1082688522 33558656 534660 2147483680 2 1082425344 67246144 0 8192 142606336 536870912 0 65536 0 131088 32 2149615104 67141648 2153840656 33816576 4096 2097152 2147483652 69 256 1073774656 0 19927056 1075838984 0 534145 3231973632 53640 33820672 1090544704 0 8704 1350696960 33554432 128 16384 65536 1082166304 33558528 32896 2147483680 2 3244957728 94660 4096 16786496 0 8192 8388608 0 0 16384 0 1073741824 4096 128 0 2 263490 24 679477252 32768 0 264193 2149580800 33554432 4096 0 0 0 0 0 0 4096 0 0 8705
is_linear=0
shrinkage=0.045


Tree=269
num_leaves=23
num_cat=21
split_feature=0 0 3 0 0 3 0 4 3 0 3 5 0 0 0 3 0 0 3 0 3 0
split_gain=1.55406 0.900937 1.99015 0.844208 0.832279 0.511962 0.466788 0.455088 0.433521 0.417233 1.11044 0.807994 0.902417 0.869439 0.55549 0.478108 2.19301 1.31861 1.36924 0.891704 0.880477 0.940765
threshold=0 1 2 3 4 5 6 7 8 9 10 3.6762205501217919 11 12 13 14 15 16 17 18 19 20
decision_type=9 9 9 9 9 9 9 1 9 9 9 10 9 9 9 9 9 9 9 9 9 9
left_child=-1 2 4 8 -2 -5 -7 -8 -4 10 11 12 -3 -13 -12 16 20 18 -17 -18 -11 -22
right_child=1 9 3 5 -6 6 7 -9 -10 15 14 13 -14 -15 -16 17 19 -19 -20 -21 21 -23
leaf_value=3.1046608140546983 11.25443452419988 -42.622987244208446 -0.1578926719373763 2.3288800420795281 -26.592698450771035 4.1772261868297589 -76.351145968098137 -1.1482417616427756 20.092711202390394 -50.058285878756827 2.7234135920935354 -55.031095315546189 -0.2506852199979886 12.304064678039033 53.013314930944311 -10.662814701583681 13.330304524227824 1.8587683649876152 0.97133070190277293 -0.19413630746863791 2.1256198921903677 -5.8670849792144111
leaf_weight=473 113 110 237 117 494 104 50 221 352 676 392 121 217 344 289 846 623 10537 926 4702 568 463
leaf_count=473 113 110 237 117 494 104 50 221 352 676 392 121 217 344 289 846 623 10537 926 4702 568 463
internal_value=1.27303e-05 -4.1574e-05 -0.00103765 0.000127631 -0.00307512 -0.00123214 -0.00203488 -0.0030053 0.00126539 3.97582e-05 0.000766667 -0.000380597 -0.0020927 0.000819058 0.00208442 -1.60439e-05 -0.000311755 0.000153032 -0.000978699 0.000139123 -0.00170942 -0.000858581
internal_weight=22975 22502 1688 1081 607 492 375 271 589 20814 1473 792 327 465 681 19341 7032 12309 1772 5325 1707 1031
internal_count=22975 22502 1688 1081 607 492 375 271 589 20814 1473 792 327 465 681 19341 7032 12309 1772 5325 1707 1031
cat_boundaries=0 14 28 30 43 56 58 72 73 75 88 90 102 114 126 128 141 155 157 171 173 186
cat_threshold=4096 1074790400 67108944 0 0 576 128 50240 134217736 2147483648 1073807360 131168 0 16 0 2164326516 2415919104 32832 2147500040 16777216 0 402653184 0 67141696 2228224 16777224 9572642 4 2706047040 36892 0 16777268 0 0 2147500032 0 0 268435456 0 64 2097152 0 1052672 0 65536 0 64 0 16777216 0 134217728 0 32768 0 0 8388610 134238240 197120 0 0 0 32768 0 0 0 134217728 0 67108864 0 0 256 4 2 134268448 2176 2187395136 0 1610612864 2415919233 131140 0 0 0 526336 19923220 536870944 268961792 2097152 2194457104 67901 6356992 0 0 128 0 0 0 0 2048 1048576 536870944 268435456 2147483648 0 0 1 0 0 0 0 0 3145728 0 524288 35651584 0 1610612736 128 131076 0 0 0 0 2097424 32 2048 252951050 396995 25477128 77858816 1 516 285245440 4 0 1073750016 0 151552 167772160 1081360 2188 1 25600 0 8192 1073742080 536875008 768 0 32768 3104 92278784 4101 2147500033 1 2162704640 53296 0 139264 0 8192 256 536870912 0 0 4 1024 67112960 12292 16385 1 33554946 395779 294912 2097152 0 0 32768 0 0 8192 0 16384 134217728 1048576 2056
is_linear=0
shrinkage=0.045


Tree=270
num_leaves=23
num_cat=15
split_feature=0 0 3 5 5 0 4 3 0 0 0 3 5 0 3 5 5 0 3 5 0 5
split_gain=1.58098 0.892556 1.5489 0.692104 0.515593 0.538974 0.441677 0.436896 2.3652 1.28398 1.08412 1.46748 0.8266 0.736698 1.13556 0.629982 1.59385 0.922655 0.777467 0.590628 0.521465 0.540953
threshold=0 1 2 2.9700856263602158 4.9801701820644562 3 4 5 6 7 8 9 5.5664324555418956 10 11 4.9870196042435371 4.8940944640863338 12 13 5.7975752026129497 14 4.6101453514146771
decision_type=9 9 9 10 8 9 1 9 9 9 9 9 8 9 9 10 10 9 9 10 9 10
left_child=-1 2 4 -4 5 -2 -7 8 -3 -10 11 12 15 14 20 16 17 18 -9 -14 21 -12
right_child=1 7 3 -5 -6 6 -8 10 9 -11 13 -13 19 -15 -16 -17 -18 -19 -20 -21 -22 -23
leaf_value=4.705079803611496 -18.738859445251322 -16.750773964845092 -1.7889712283385899 4.536462713625844 -77.192775140883228 5.3475138876986286 -2.2212959490097015 12.265449325411865 57.162238842627133 1.7931949857105995 25.104311061505278 25.850053626743165 -78.112736736741439 -0.31530986645216991 -6.7961997418217672 63.817298455618406 -121.21839838735634 9.7363639282636161 -48.077674433878023 -2.9161404154509212 26.95429361974989 -59.81360663241194
leaf_weight=533 123 1065 181 600 138 154 227 222 313 2719 153 2047 122 11579 1207 193 38 337 304 145 442 133
leaf_count=533 123 1065 181 600 138 154 227 222 313 2719 153 2047 122 11579 1207 193 38 337 304 145 442 133
internal_value=2.44812e-05 -3.36687e-05 -0.00111951 0.000232661 -0.00273853 -0.00209881 -0.00113359 4.04405e-05 0.000456681 0.00109691 -6.0588e-05 0.000655263 -0.000488347 -0.000241535 -0.00105162 5.74819e-05 -0.000443521 -3.6416e-05 -0.00120446 -0.00272677 0.000352703 -0.00111745
internal_weight=22975 22442 1423 781 642 504 381 21019 4097 3032 16922 3408 1361 13514 1935 1094 901 863 526 267 728 286
internal_count=22975 22442 1423 781 642 504 381 21019 4097 3032 16922 3408 1361 13514 1935 1094 901 863 526 267 728 286
cat_boundaries=0 14 27 29 42 43 45 58 72 85 87 101 103 116 118 132
cat_threshold=65536 1074790400 67108944 0 16777216 576 128 32768 2056 2147483680 1073807392 131168 0 16 2147483716 2147549300 268435456 268435520 2147500104 0 0 402653184 0 68190788 8519680 8 131362 558597226 4428 4 16 0 0 0 0 0 134217728 0 32832 0 0 32 2 1074528450 57624 33554432 1024 0 0 688128 536870912 0 73728 32768 8389632 268439552 2149100548 2147534848 0 10485760 1 8196 269484036 0 0 0 4 4325376 67108992 0 8388608 6 33574928 0 1610616832 128 164352 570429441 0 1073751040 65536 8388608 0 2148051972 3181056 734245928 134209 4456449 10485760 2147483649 33284 1343291392 4 768 64 4 4194321 83886104 16 8913924 4 709951536 135744 0 0 0 0 0 536870912 0 8192 0 0 0 2147486720 33280 164904 133184 262144 10485760 0 0 1342177280 4 0 0 0 4194304 16 16 0 4
is_linear=0
shrinkage=0.045


Tree=271
num_leaves=23
num_cat=15
split_feature=0 0 3 5 0 2 5 5 3 4 5 5 3 5 3 0 0 0 0 3 5 0
split_gain=1.48186 0.955458 1.08196 0.798589 0.528379 0.665252 0.556506 0.614476 0.585991 0.573153 0.503142 0.885142 0.496053 0.532895 0.47671 2.08072 1.99456 1.2727 1.2017 1.05615 0.909462 1.04935
threshold=0 1 2 3.2384861814448418 3 4 5.3821962081647756 4.7664292796317111 5 6 3.6505739029280164 4.0163424379838117 7 4.8940944640863338 8 9 10 11 12 13 4.1971736807086968 14
decision_type=9 9 9 10 9 9 10 8 9 1 8 10 9 10 9 9 9 9 9 9 8 9
left_child=12 2 3 -2 5 10 7 8 -6 -10 -4 -12 -1 -14 16 -16 19 -18 -17 -3 21 -21
right_child=1 14 4 -5 6 -7 -8 -9 9 -11 11 -13 13 -15 15 18 17 -19 -20 20 -22 -23
leaf_value=101.33840687598469 -2.3372484171971939 -76.686545310582375 11.902450434484306 16.421434735989529 5.4631530199739391 20.199499392647848 0.88244914811169217 -57.520412164051343 -2.7127309263674424 -18.822187084949057 -25.183094730695966 -4.9773532584071845 0.29024224954143629 65.877890742990985 37.267472206722942 -5.7764239711136733 12.169869595861551 -0.66413901426791799 0.66255844590586388 5.1548390108246238 -1.9153393437404667 -85.592142410484598
leaf_weight=226 153 125 52 387 111 186 112 141 147 141 36 81 421 105 956 1524 1303 6956 8817 113 637 245
leaf_count=226 153 125 52 387 111 186 112 141 147 141 36 81 421 105 956 1524 1303 6956 8817 113 637 245
internal_value=6.85485e-06 -6.01078e-05 -0.00113438 0.000489131 -0.00200049 -0.000551771 -0.00276506 -0.00340406 -0.00248005 -0.00348 -0.00251105 -0.00427311 0.0019555 0.00113755 2.08818e-05 0.000217659 -0.000216111 2.66596e-05 3.08608e-05 -0.00198763 -0.00145233 -0.003275
internal_weight=22975 22223 1547 540 1007 355 652 540 399 288 169 117 752 526 20676 11297 9379 8259 10341 1120 995 358
internal_count=22975 22223 1547 540 1007 355 652 540 399 288 169 117 752 526 20676 11297 9379 8259 10341 1120 995 358
cat_boundaries=0 14 27 29 39 40 42 43 45 47 60 73 86 99 101 114
cat_threshold=33619988 1048576 1140850896 576 0 64 0 134250560 2048 2147484192 536936480 131168 0 16 64 2155937828 268435456 268435460 2148581964 0 512 268436480 4 68173828 75497472 8 1179904 1115685048 277184 0 2147483680 0 4 68 0 0 0 0 1064960 18 16794112 16424 2 676332050 156160 512818956 268993 6291465 117702656 4096 32896 285212672 16777220 0 0 0 1090521089 1075970072 0 8397953 6307849 100925440 4097 0 285212672 16777476 0 0 32768 1073776640 1075970064 20 8397831 0 139328 0 8193 256 536871936 0 1073766400 65536 11010128 0 268960641 4096 0 155712 0 8193 1073807360 33561601 128 1073766400 65536 8389712 16777216 285739008 2149603328 1050628 513 0 67108864 4096 0 0 0 0 0 0 0 16 0 5
is_linear=0
shrinkage=0.045


Tree=272
num_leaves=23
num_cat=17
split_feature=0 0 2 3 0 3 5 0 3 5 5 3 3 0 0 3 0 0 5 3 0 5
split_gain=1.76512 0.751462 0.51938 1.04272 0.910793 0.87543 0.787149 0.797098 0.508755 0.481138 0.695044 1.49659 0.657335 0.603324 0.583208 1.90084 1.43218 1.10451 0.881325 0.800157 1.73281 1.24569
threshold=0 1 2 3 4 5 5.0336952619030333 6 7 1.7005986908310777 2.8029010331479989 8 9 10 11 12 13 14 6.2334293711344477 15 16 3.7012257604091228
decision_type=9 9 9 9 9 9 8 9 9 8 8 9 9 9 9 9 9 9 10 9 9 10
left_child=8 -2 3 -3 5 6 7 -4 -1 12 11 -11 -6 -13 15 16 -12 -17 -19 20 -16 -22
right_child=1 2 4 -5 9 -7 -8 -9 -10 10 14 13 -14 -15 19 17 -18 18 -20 -21 21 -23
leaf_value=0.031916028707346611 -1.4056898747454201 -9.4566228173613265 7.803442332782196 0.90778899895768261 -4.9633890573201391 19.555746944828332 23.533556791229895 -20.366574383716049 5.2372459201859805 1.8813684989094639 19.233562176618989 5.5478330209666415 83.440101576357833 -52.021863009481017 3.1167544006635484 0.1409627363778127 -4.8966678005234101 -9.6284470699070752 21.059653589263121 1.257915632706788 -36.162727670634702 -2.3731846485858887
leaf_weight=204 344 826 250 854 206 1081 323 687 605 236 541 110 313 438 1728 712 552 1234 51 9205 552 1923
leaf_count=204 344 826 250 854 206 1081 323 687 605 236 541 110 313 438 1728 712 552 1234 51 9205 552 1923
internal_value=2.83981e-05 -4.74793e-05 -1.40147e-05 -0.000771276 4.95685e-05 0.000881641 7.07549e-05 -0.000589457 0.00207734 -6.03771e-05 -0.000101018 -0.0014084 0.00128695 -0.00266786 -3.87271e-05 -0.000594777 0.000908145 -0.00141787 -0.00220316 8.9866e-05 -0.000423843 -0.00118516
internal_weight=22975 22166 21822 1680 20142 2341 1260 937 809 17801 17282 784 519 548 16498 3090 1093 1997 1285 13408 4203 2475
internal_count=22975 22166 21822 1680 20142 2341 1260 937 809 17801 17282 784 519 548 16498 3090 1093 1997 1285 13408 4203 2475
cat_boundaries=0 14 27 28 30 43 45 58 60 62 64 77 91 93 106 120 122 136
cat_threshold=65540 1048576 1073742032 64 16777216 512 640 134235136 134219776 2147516960 1073938464 131168 2 16 8 2147483648 268435456 268468736 8 0 0 268468224 0 5 8388608 8 1179648 1 2182857816 137280 41992257 8388608 2684354560 2147483652 256 16777216 0 0 524292 1159725072 4240 527488 10487296 49031730 80363 8404992 0 536870912 0 0 0 0 0 0 1073741840 0 2176 8389632 1048624 65572 2701149296 180288 142623232 4332 0 12288 0 0 524288 0 0 0 0 2 0 2149580800 16 4460544 18956340 0 0 1075494976 33554432 256 1073750080 0 4096 201326592 16781312 2147483780 2 1687267508 156274 266240 18874388 0 0 1081344 0 0 8192 0 4096 0 0 2147483648 0 81920 0 0 1074397184 33554432 256 1073741824 0 0 134217728 16777216 4 2 1015065132 183891 2097152 33693696 0 2105472 8388608 1024 0 65536 536871936 13632520 285212672 1081605 67129376 1
is_linear=0
shrinkage=0.045


Tree=273
num_leaves=23
num_cat=21
split_feature=0 0 3 3 0 4 0 0 3 3 0 0 3 3 0 3 0 3 0 3 5 1
split_gain=1.58275 0.879356 1.49414 0.690288 0.569815 0.500722 0.903999 0.664236 1.14788 0.751813 2.341 2.08976 0.910989 0.753292 0.702815 0.607859 0.583128 1.03424 1.17108 0.802331 0.816506 0.760212
threshold=0 1 2 3 4 5 6 7 8 9 10 11 12 13 14 15 16 17 18 19 2.602003343538398 20
decision_type=9 9 9 9 9 1 9 9 9 9 9 9 9 9 9 9 9 9 9 9 10 9
left_child=3 2 4 -1 -2 6 -3 8 -7 11 12 13 -11 -9 15 -12 19 18 -18 20 -13 -19
right_child=1 5 -4 -5 -6 7 -8 9 -10 10 14 16 -14 -15 -16 -17 17 21 -20 -21 -22 -23
leaf_value=29.19605729833097 -1.4841435893443875 0.60544726838286056 -3.351488899641367 1.1038311004242478 38.528243787837006 -8.5657129125659548 -9.3307897706337268 -3.7680136858041533 10.609829308493454 7.3787592045052603 -19.484405273142993 52.445887458473742 54.334034541110505 -19.200725169443565 0.30883211554619477 1.7748619930817802 -40.401854143677411 -9.7915499860363013 -0.771674376114315 5.9216194738793888 -3.4553189688978625 5.3706742372706948
leaf_weight=239 122 507 453 648 217 553 443 1079 1814 1311 1399 56 964 960 4668 520 488 894 1069 1736 578 2257
leaf_count=239 122 507 453 648 217 553 443 1079 1814 1311 1399 56 964 960 4668 520 488 894 1069 1736 578 2257
internal_value=3.62321e-05 -3.90949e-05 -0.0015 0.0018871 0.00075641 1.60505e-05 -0.000992647 6.32496e-05 0.000769861 -3.0265e-05 0.000264706 -0.000316957 0.00150525 -0.00158191 -0.000165707 -0.000887882 4.95065e-05 -0.000240254 -0.00118451 0.000623426 -0.00073839 0.000229055
internal_weight=22975 22088 792 887 339 21296 950 20346 2367 17979 8862 9117 2275 2039 6587 1919 7078 4708 1557 2370 634 3151
internal_count=22975 22088 792 887 339 21296 950 20346 2367 17979 8862 9117 2275 2039 6587 1919 7078 4708 1557 2370 634 3151
cat_boundaries=0 14 27 29 31 41 42 55 69 71 73 86 99 101 103 117 119 133 135 148 150 152
cat_threshold=2147549201 1048576 1107296464 64 0 0 576 134218752 2056 2147533312 1073938464 131168 65536 16 72 2164260864 268435456 268468224 1065032 0 128 268468224 4 5 10485760 8 1179904 9458738 27296 2849374210 139272 0 0 0 0 1048584 0 0 32768 4 1 1 1073741824 0 0 0 0 0 0 0 0 0 4240 2415919872 9 44060676 0 2684354560 2147483648 268468224 16777216 0 0 557056 1159727360 8 525440 10523680 4 1076234762 309520 3682792992 411307 16809984 44437572 67112960 2097168 2164261376 69 0 0 4096 4325376 16777344 2150639616 5 1090519040 111411268 67108865 2097680 16777728 64 256 8256 4096 4194304 83886208 2165319680 5 7340190 14352 2156037664 672 1074003968 10256 0 8321 1082654976 33556736 0 16384 66560 525328 134221840 32772 16514 3 72876184 102484 262144 10256 0 8321 134742272 570425600 0 16384 66560 525320 134217744 32772 67109010 2 2181210656 1537 0 131072 0 0 131076 0 0 0 0 1179650 33554432 2097424 8712 151032832 131072 269500432 596
is_linear=0
shrinkage=0.045


Tree=274
num_leaves=23
num_cat=20
split_feature=0 0 3 3 0 5 0 3 0 0 3 0 3 0 2 4 5 3 3 0 0 0
split_gain=1.61008 0.954796 1.22491 0.620346 0.528394 0.439713 2.14326 1.27644 1.17359 0.965334 1.76077 0.956152 0.92934 0.999123 1.30564 0.886895 0.884957 0.79255 0.716447 2.57698 1.46372 0.782064
threshold=0 1 2 3 4 4.8481086751891054 5 6 7 8 9 10 11 12 13 14 4.9163179057820896 15 16 17 18 19
decision_type=9 9 9 9 9 10 9 9 9 9 9 9 9 9 9 1 10 9 9 9 9 9
left_child=3 2 -2 -1 -5 9 -7 8 -8 10 15 17 13 -12 -15 -3 -13 -9 19 -11 -20 -21
right_child=1 5 -4 4 -6 6 7 11 -10 18 12 16 -14 14 -16 -17 -18 -19 20 21 -22 -23
leaf_value=27.721443706305859 3.100520477212366 72.846250498810235 -3.0066167576671643 -3.2178673353089557 9.390722356291425 56.822836430223489 38.30910370692682 -44.57224813527472 -0.39756704322541447 -16.465735016591143 6.4337416581160385 60.721635832765898 1.845050363235349 -73.882585234300421 33.466669390866329 -61.609112426583792 -1.7579903837106181 -0.65842281494814792 9.8990552807924423 4.7618204371515782 -0.195199158963314 -0.36316771919895807
leaf_weight=319 328 35 378 275 220 893 917 531 819 1624 262 168 630 352 122 131 2939 505 1783 959 6771 2014
leaf_count=319 328 35 378 275 220 893 917 531 819 1624 262 168 630 352 122 131 2939 505 1783 959 6771 2014
internal_value=3.23151e-05 -4.03868e-05 -0.0016546 0.00198305 0.000931953 1.36257e-05 0.000313552 -7.6371e-07 0.00101945 -0.000124719 -0.00118912 -0.000429964 -0.000633527 -0.00170856 -0.00292593 -0.00541011 -3.31835e-05 -0.00160592 3.42035e-07 -0.00045205 0.000243755 0.000336181
internal_weight=22975 22161 706 814 495 21455 6772 5879 1736 14683 1532 4143 1366 736 474 166 3107 1036 13151 4597 8554 2973
internal_count=22975 22161 706 814 495 21455 6772 5879 1736 14683 1532 4143 1366 736 474 166 3107 1036 13151 4597 8554 2973
cat_boundaries=0 14 27 29 31 44 57 59 73 87 89 103 105 119 120 121 123 125 139 152 165
cat_threshold=16842757 1048576 3221225680 2105424 16777216 512 64 134218752 8 2147484416 32 131168 2 16 262152 2164260928 268435456 268468224 72 64 0 268468224 4 5 0 8 1179648 2149078640 17024 30032386 149632 65536 0 1073741824 2105344 0 0 0 134217728 0 768 32 0 2 2097168 44302356 0 0 0 0 0 0 1024 2229312 65664 2632832 67109376 1119768640 66441 33587200 12288 0 0 134217984 1024 0 0 536870912 4722696 0 2148532992 32792 4 1075838992 44318736 1 516 0 0 128 16384 0 2100320 10551296 2629636 541312 3 196608 135696 33554432 4128 0 0 134217984 1024 0 65536 0 1086345218 131088 1082112 2147492864 4 2304524308 67596 16 33554432 1 4 0 0 0 16384 0 2097184 0 0 512 3 22 2 2839576852 20480 1119492712 10945 41959424 137220 0 0 268959744 1024 0 8192 0 13242368 536871056 268471440 67108877 4 41959424 198656 0 0 268468736 50332672 0 64 4096 71962626 131088 268475536 8389633 4194304 32 536870912 129 256 536870912 0 65536 0 1074839552 67112960 769 2147523616
is_linear=0
shrinkage=0.045


Tree=275
num_leaves=23
num_cat=20
split_feature=0 3 0 3 1 3 0 0 3 0 3 0 3 5 5 3 0 3 0 2 0 3
split_gain=1.37808 1.19212 0.854633 0.796145 0.564642 0.446711 2.19073 1.78026 1.0802 1.00401 1.13514 0.979415 1.55372 0.826597 0.764031 0.738295 0.882914 0.703148 0.835531 0.683066 0.668776 1.0927
threshold=0 1 2 3 4 5 6 7 8 9 10 11 12 6.703185102203908 6.0969494222992333 13 14 15 16 17 18 19
decision_type=9 9 9 9 9 9 9 9 9 9 9 9 9 8 10 9 9 9 9 9 9 9
left_child=1 -1 3 -2 -4 6 15 8 -7 10 13 12 -8 -9 20 19 -17 18 -13 -6 -11 -22
right_child=2 -3 4 -5 5 7 11 9 -10 14 -12 17 -14 -15 -16 16 -18 -19 -20 -21 21 -23
leaf_value=96.992535867371018 -9.8467499258894264 0.49895480403806314 -42.151327950912389 -0.32050122583896729 3.6883393884507658 0.371231995150407 -1.1520585170921525 -26.304388592796503 69.633969757774508 4.9354970119279473 0.097853831707571212 97.999197785146961 37.622017589317757 34.373681500748397 60.346861455457166 -3.5414745474469997 -19.500446658070672 -1.0924090225670882 1.3016079188513223 -14.367811729357173 -11.334761642197812 1.5384681809445324
leaf_weight=333 209 645 108 373 595 754 354 917 797 3142 1101 260 695 112 491 846 789 4089 909 392 2534 2530
leaf_count=333 209 645 108 373 595 754 354 917 797 3142 1101 260 695 112 491 846 789 4089 909 392 2534 2530
internal_value=3.03566e-05 0.00167273 -4.35502e-05 -0.00172727 3.1504e-06 2.04749e-05 -0.000221955 0.0001954 0.00161516 -9.54868e-06 -0.000882353 0.000232869 0.00148021 -0.00194957 0.000205133 -0.00131207 -0.00189891 -1.87854e-05 0.000948772 -0.000328829 0.000101974 -0.000218085
internal_weight=22975 978 21997 582 21415 21307 8929 12378 1551 10827 2130 6307 1049 1029 8697 2622 1635 5258 1169 987 8206 5064
internal_count=22975 978 21997 582 21415 21307 8929 12378 1551 10827 2130 6307 1049 1029 8697 2622 1635 5258 1169 987 8206 5064
cat_boundaries=0 13 15 28 30 32 34 47 60 62 76 78 92 94 96 109 111 124 125 138 140
cat_threshold=86017 1327104 1073742032 2147491924 16777216 0 0 134218752 8 3221356576 1610678304 131168 1024 559813126 158208 4 2147483664 0 268468224 8 64 128 268468224 4 773 0 8 1179648 163610656 4612 268435458 16 88833580 182345 3221225472 18946084 67112960 513 32768 553648128 0 0 100352 1048576 16 2149616656 67117573 3258974272 65536 2147487744 513 33280 553648129 0 64 3072 85983296 8388624 525328 8737 1251213330 12544 294912 1082130496 1 0 1350582596 33556480 512 0 0 8421376 16781312 286261889 8912898 18 134217728 340390 2129920 0 536870912 0 268566528 260 512 0 0 8945680 69210112 269484673 10485890 2 4327424 165960 10764 149569 2147483648 2048 4096 1 0 0 0 0 32768 0 16 2147517456 513 20971520 32776 8388608 67108864 0 0 0 0 0 0 0 4198400 436207616 8192 8 52 8388608 16781344 536870912 2097280 2148073472 256 256 0 102400 1064976 268566528 2149628160 67109268 2853437760 4628
is_linear=0
shrinkage=0.045


Tree=276
num_leaves=23
num_cat=19
split_feature=0 0 3 5 0 3 1 4 3 0 3 0 3 0 0 3 2 3 1 5 0 5
split_gain=1.60506 0.796164 1.18603 0.800388 0.922913 0.781213 0.719457 0.491638 0.963679 0.638061 1.30523 0.897316 0.851737 2.05266 1.8542 1.33699 0.865583 1.04791 0.881088 0.875064 1.12889 0.846657
threshold=0 1 2 3.5694334999727624 3 4 5 6 7 8 9 10 11 12 13 14 15 16 17 5.8536372009884516 18 5.2176457913436556
decision_type=9 9 9 8 9 9 9 1 9 9 9 9 9 9 9 9 9 9 9 10 9 10
left_child=-1 2 6 -4 5 -5 -2 8 -3 10 11 -9 13 -11 15 -14 17 18 -16 -18 -21 -13
right_child=1 7 3 4 -6 -7 -8 9 -10 12 -12 21 14 -15 16 -17 19 -19 -20 20 -22 -23
leaf_value=5.9110461007719808 65.133938126743359 -18.853395599595608 0.33627300385839926 -23.556553476743023 -10.737546950815332 1.7031979704447546 -0.80004521828980601 4.9398511492661319 -0.26643215273457888 -9.1437289031374398 9.3972457074839255 -31.61451682193703 -6.3024009460590209 0.50974419417348382 -121.22462607608094 49.748542628138289 -0.096020214530922215 1.0140391310045052 -21.545431458871231 -26.737170410398502 107.93587888055032 78.071691509124278
leaf_weight=705 167 226 198 120 234 198 205 292 714 2167 1429 335 582 4536 120 1876 6841 550 835 110 469 66
leaf_count=705 167 226 198 120 234 198 205 292 714 2167 1429 335 582 4536 120 1876 6841 550 835 110 469 66
internal_value=6.85485e-06 -6.05869e-05 -0.00122222 -0.00224409 -0.00315162 -0.00139091 0.00084375 1.70149e-06 -0.00100318 4.85405e-05 0.000784443 -0.000810638 -3.82914e-05 -0.000440283 0.00019864 0.00128988 -0.000103222 -0.00108273 -0.00197777 9.68785e-05 0.00177367 -0.00216828
internal_weight=22975 22270 1122 750 552 318 372 21148 940 20208 2122 693 18086 6703 11383 2458 8925 1505 955 7420 579 401
internal_count=22975 22270 1122 750 552 318 372 21148 940 20208 2122 693 18086 6703 11383 2458 8925 1505 955 7420 579 401
cat_boundaries=0 14 27 29 42 44 46 47 49 63 65 78 80 93 106 108 109 111 113 122
cat_threshold=65545 1074790400 1073742032 80 0 512 0 1207959552 2056 3221356576 65568 131168 0 16 16448 2147483664 2147483648 268468736 16793672 16777280 0 268468224 4 837 8388608 9 8519686 2147565810 86088 0 16 0 512 16384 0 0 0 4 577 0 0 6 17302528 132 134234305 2560 1 192 20620 44044292 16384 805306368 2149580800 268566532 0 0 0 524288 87050240 536870920 524928 3182752 4 2685700112 170040 41943040 0 0 0 268435456 0 0 0 0 16384 536870912 524928 32 927168046 147969 1078198272 2166820 1 1 1081344 4 0 8256 1024 4112 67239936 2166365200 27137 2147483648 2162688 0 8197 2147516928 4 0 8192 1024 4096 1140981888 2166365184 11009 1216348288 9480 3 2148040720 69782 292 512 0 4096 1 0 8388608 0 0 0 536870912
is_linear=0
shrinkage=0.045


Tree=277
num_leaves=23
num_cat=19
split_feature=0 0 3 3 5 3 0 0 3 0 3 1 5 0 3 0 3 1 3 0 0 5
split_gain=1.92196 0.922694 1.63288 0.663296 0.541845 0.541485 2.12762 1.99786 1.80196 0.98002 0.934365 0.852537 0.832222 0.819504 0.753578 0.668465 1.14703 1.09731 0.790813 0.77195 0.662159 0.750346
threshold=0 1 2 3 4.7833076179467886 4 5 6 7 8 9 10 6.176905692078182 11 12 13 14 15 16 17 18 4.6959141240107813
decision_type=9 9 9 9 10 9 9 9 9 9 9 9 10 9 9 9 9 9 9 9 9 8
left_child=3 2 4 -1 -2 7 8 -3 -7 10 -9 -12 15 -8 20 18 19 -18 -11 -17 -10 -22
right_child=1 5 -4 -5 -6 6 13 9 14 12 11 -13 -14 -15 -16 16 17 -19 -20 -21 21 -23
leaf_value=-0.099435340717136556 -13.117449255669641 53.676307513857672 0.24042252781297088 14.821681559635806 -0.55906318901326579 -41.417152411724381 9.6643561866280319 15.459828318740064 -15.611488758843912 -34.035426994717781 63.631344528878245 -8.0166897482151356 17.267175880492985 -0.28182486398980561 -8.970143139844108 -3.3884268529226635 -10.568035838924391 -49.746075495110276 1.3945943236496687 6.8046122046332247 22.288595800299142 -2.0034961744202944
leaf_weight=230 286 1152 484 751 80 105 614 1907 106 498 270 1063 371 8684 1085 248 1247 624 1924 844 204 198
leaf_count=230 286 1152 484 751 80 105 614 1907 106 498 270 1063 371 8684 1085 248 1247 624 1924 844 204 198
internal_value=1.66472e-05 -7.07533e-05 -0.00151392 0.00195317 -0.00373809 -1.19113e-05 -0.000230559 0.000225 -0.00168947 -1.99806e-06 0.000622694 -0.000291078 -0.000354195 3.77016e-05 -0.00128131 -0.00049703 -0.000948403 -0.00162268 5.9162e-05 0.000211957 0.000155769 0.001
internal_weight=22975 21994 850 981 366 21144 10996 10148 1698 8996 3240 1333 5756 9298 1593 5385 2963 1871 2422 1092 508 402
internal_count=22975 21994 850 981 366 21144 10996 10148 1698 8996 3240 1333 5756 9298 1593 5385 2963 1871 2422 1092 508 402
cat_boundaries=0 14 27 29 31 33 47 60 62 76 78 80 93 95 109 111 113 115 128 142
cat_threshold=65544 1074790400 1073741904 80 4 512 512 1207959552 2056 3221365280 2293792 268566624 0 20 2147483716 2147483664 0 268476416 16777288 16777280 0 268468224 4 320 8388608 4104 1179650 541623872 70228 2147778560 181 3902308690 337198 2117648 86312996 2684354561 0 32768 260 0 1088 4096 6145 1073741968 0 8836 1 2117648 119799808 536870913 640 2147484160 260 0 0 4096 18874371 1073741968 0 8833 2490368 32768 0 72804 4096 5 131328 1 0 0 536904704 4741120 0 2149614596 75530500 1 2818572368 327974 64 67592 17039360 139264 0 2097152 268517376 0 0 0 65536 1048592 536870912 534528 2101248 71311912 147520 262144 16384 0 2097152 1342701568 1024 256 65536 0 8389644 436211712 16788368 48 2 1083212048 9472 536891516 2088 1048848 9216 1073774592 8388608 0 0 8388608 33554432 0 16384 0 1081344 536870912 0 1024 0 32 0 0 0 0 0 0 0 0 0 0 8704 1
is_linear=0
shrinkage=0.045


Tree=278
num_leaves=23
num_cat=15
split_feature=0 0 3 5 5 3 5 5 3 5 5 5 4 3 0 0 0 0 3 3 0 3
split_gain=1.84811 1.09631 1.52952 0.91812 1.80013 0.539791 0.459604 0.557793 0.45021 0.606711 0.503044 0.638411 0.452008 0.449609 2.40941 1.64889 1.03778 1.03021 0.931922 0.916941 0.782661 0.726196
threshold=0 1 2 3.9219243190762363 3.5694334999727624 3 4.7405652883788738 4.3372693810700085 4 2.8617925509761908 5.4004200416950168 4.6959141240107813 5 6 7 8 9 10 11 12 13 14
decision_type=9 9 9 10 8 9 10 8 9 8 10 10 1 9 9 9 9 9 9 9 9 9
left_child=5 2 3 4 -2 6 7 -1 9 -4 11 12 -11 14 -3 18 21 19 -15 20 -16 -17
right_child=1 13 8 -5 -6 -7 -8 -9 -10 10 -12 -13 -14 15 17 16 -18 -19 -20 -21 -22 -23
leaf_value=1.3019332317523482 -7.4226128848379718 11.605730991811589 91.946266390413228 -1.7366067495354709 -53.205606811130927 22.533642653082119 156.11920986980238 -66.040973664407431 0.72769684232936738 2.1575574427386566 15.210209397638138 -20.876054139567533 -2.8992159105218009 -1.5273340548351402 10.821723241870313 -2.0825452999834941 0.63287014522544716 -0.98187921164642733 45.556578100094406 -17.333309739028635 -42.801153841732322 -10.18960384224297
leaf_weight=108 66 1403 53 123 43 452 45 55 528 98 41 56 150 532 336 1161 8363 5962 1626 610 333 831
leaf_count=108 66 1403 53 123 43 452 45 55 528 98 41 56 150 532 336 1161 8363 5962 1626 610 333 831
internal_value=1.86057e-05 -5.1395e-05 -0.00139231 -0.00457377 -0.00774324 0.00234375 0.000368182 -0.000736363 -0.000546908 -0.00166829 -0.00239914 -0.00302941 -0.002016 2.27457e-05 -0.000226663 0.00019509 -4.12364e-05 -0.000557769 0.00132304 -0.00171146 -0.000535242 -0.000961078
internal_weight=22975 22315 1158 232 109 660 208 163 926 398 345 304 248 21157 8644 12513 10355 7241 2158 1279 669 1992
internal_count=22975 22315 1158 232 109 660 208 163 926 398 345 304 248 21157 8644 12513 10355 7241 2158 1279 669 1992
cat_boundaries=0 14 27 29 31 33 34 36 50 63 77 90 92 94 107 109
cat_threshold=65549 1074806784 1610612944 0 0 32 128 1073741824 8 2147491876 1075904544 131168 0 16 2151678016 2164260880 2147483648 268476480 16777288 16777280 0 402685952 4 832 545259520 4104 1179650 541590528 69904 2168471584 20616 143823424 588 2 119667244 413411 266240 65536 0 0 164096 536871168 0 65536 68608 1024 135168 268970628 2147536928 1 10534912 111413312 0 2097168 2415919620 5 0 0 4096 20054019 8 2147483665 8388609 1074008064 65536 0 0 1073922048 570427392 0 65536 68608 8422400 67112960 268961924 2149597216 3 25214976 77857860 0 4 1048580 4 0 1088 4096 1196034 50331648 17 8390661 679739394 40968 100758020 18464 16826368 8389636 0 0 4 0 0 0 0 2 33554432 16 2048 3767533584 110852
is_linear=0
shrinkage=0.045


Tree=279
num_leaves=23
num_cat=17
split_feature=0 0 3 1 0 3 3 5 5 3 0 0 0 3 0 3 0 0 5 5 5 3
split_gain=1.39357 1.01384 1.2911 0.815417 0.769185 0.56498 0.503843 0.488432 0.463332 0.451627 1.6821 1.25755 0.79102 0.727332 0.724049 0.665835 0.949561 0.664938 0.486733 0.835872 0.780902 1.61069
threshold=0 1 2 3 4 5 6 4.135134555718313 6.0124911652234827 7 8 9 10 11 12 13 14 15 3.5114340430413216 2.524928003624769 4.5695295849856103 16
decision_type=9 9 9 9 9 9 9 8 8 9 9 9 9 9 9 9 9 9 8 10 10 9
left_child=6 2 3 7 -4 -6 8 -2 -1 10 -3 15 13 -13 18 17 -17 -11 19 -12 21 -20
right_child=1 9 4 -5 5 -7 -8 -9 -10 11 14 12 -14 -15 -16 16 -18 -19 20 -21 -22 -23
leaf_value=2.2628839678102795 1.2704864393142705 11.096923040061847 -0.13132406091797799 46.141500832114005 -0.57193177370507209 -10.615271342246148 8.978226573091078 -12.506035212367589 -96.84600801103575 5.8690596223643663 -53.440262625963221 -0.15629711078529421 -0.34435773863060271 35.30201429451462 0.90482306655506284 -2.0828063838185042 -11.27689234070513 -11.57698834656723 -57.675987124344474 5.1076466367326843 0.59599690833434971 -1.0375867592575452
leaf_weight=303 41 1288 231 266 132 329 452 65 35 424 103 454 10403 573 5195 409 521 293 323 273 504 358
leaf_count=303 41 1288 231 266 132 329 452 65 35 424 103 454 10403 573 5195 409 521 293 323 273 504 358
internal_value=8.81333e-06 -5.77779e-05 -0.0014052 0.000726563 -0.00254403 -0.00360571 0.00185162 -0.00244068 0.000488572 1.086e-05 0.000275944 -0.000152303 1.57317e-05 0.00119971 -9.30834e-06 -0.00131013 -0.00210191 -0.000265432 -0.000855372 0.000547619 -0.00130792 -0.00229941
internal_weight=22975 22185 1064 372 692 461 790 106 338 21121 8044 13077 11430 1027 6756 1647 930 717 1561 376 1185 681
internal_count=22975 22185 1064 372 692 461 790 106 338 21121 8044 13077 11430 1027 6756 1647 930 717 1561 376 1185 681
cat_boundaries=0 13 26 28 30 43 45 47 49 63 77 91 93 106 108 122 136 138
cat_threshold=65537 1327104 1610612944 2147484160 0 0 128 0 2056 2147631664 2162688 131168 4096 4210756 2164260880 0 268468288 2164261384 50331713 0 268468224 0 1048645 545259520 9 1179650 1050738 92304 524544 1280 0 0 0 268435520 520 50331648 0 32768 0 1 536870912 0 1048578 25183744 512 2735243792 86024 4173201618 368648 2183172112 111152128 1 0 1048580 256 0 134217728 4100 2097408 33554448 0 8431236 3 2147749904 10485828 2147483649 0 65540 256 256 1073741888 4100 33026 67108888 256 9220 3 25165832 131072 0 2097280 49152 6656 512 16384 32768 67109888 1073745920 268968064 16416 4 87076 137328 1082130432 139264 0 2097284 1073922048 0 512 90112 33792 525312 4096 17313408 67125280 33636904 135360 4096 4 0 0 4 256 0 1073741888 4096 32768 16 256 9216 2 2147745808 8388672 0 0 0 0 0 0 4 258 67108864 256 4 1 1621229650 8192
is_linear=0
shrinkage=0.045


Tree=280
num_leaves=23
num_cat=17
split_feature=0 3 0 3 4 5 5 0 3 0 0 3 0 0 3 5 5 2 0 4 5 0
split_gain=1.36409 2.07393 1.10763 0.551367 0.54109 0.668558 1.00135 0.502257 0.459858 1.76346 1.60311 1.2882 1.18863 1.11935 1.67374 0.824265 0.782662 0.662188 1.21577 0.929766 1.32723 0.897841
threshold=0 1 2 3 4 3.4498615536424366 4.6298509007569537 5 6 7 8 9 10 11 12 4.4248287033199567 4.7578820629520608 13 14 15 4.1820210059610323 16
decision_type=9 9 9 9 1 10 10 9 9 9 9 9 9 9 9 10 10 9 9 1 10 9
left_child=1 4 3 -2 5 -1 -7 -3 9 -4 11 -10 -11 14 15 -12 -17 19 -19 20 -14 -21
right_child=2 7 8 -5 -6 6 -8 -9 10 12 13 -13 17 -15 -16 16 -18 18 -20 21 -22 -23
leaf_value=-2.0826298121765872 -9.4417745141483245 66.4663413494266 7.6966719134939527 45.305128091362441 -1.1866736506462245 -42.240647487479102 -4.0223249652902542 -0.71226215624110634 -3.733485987895186 -7.127219295435081 -7.2526432032907842 45.241204788408069 7.7024134609805763 0.9171856245575899 0.584893362368609 -118.67455050920879 -14.620563442755582 13.76169549990256 -24.688009378501313 -4.7297566370124544 -45.68845640562499 1.4703183839747933
leaf_weight=67 102 112 1577 362 192 81 50 485 321 700 463 1009 87 7968 1135 80 215 314 450 2620 104 4481
leaf_count=67 102 112 1577 362 192 81 50 485 321 700 463 1009 87 7968 1135 80 215 314 450 2620 104 4481
internal_value=-8.81299e-06 -0.00163513 6.50456e-05 0.00221218 -0.00414179 -0.005895 -0.00774812 5.17243e-05 1.75522e-05 -0.000198792 0.000217308 0.0016766 -0.000448563 1.86875e-05 -0.000961417 -0.00258312 -0.0044697 -0.000292266 -0.00154253 -0.000158954 -0.00324093 -7.53905e-05
internal_weight=22975 987 21988 464 390 198 131 597 21524 10333 11191 1330 8756 9861 1893 758 295 8056 764 7292 191 7101
internal_count=22975 987 21988 464 390 198 131 597 21524 10333 11191 1330 8756 9861 1893 758 295 8056 764 7292 191 7101
cat_boundaries=0 13 15 27 29 30 40 42 55 68 70 83 97 99 100 112 113 127
cat_threshold=2168455244 2164260880 0 268468224 16777736 16777217 512 268468224 0 1048645 545259520 8 1179648 696960064 4164 0 1064960 1610612944 0 0 0 128 16384 2056 2147484192 2162688 131168 20971552 6152 4 4 16 0 32768 0 0 0 268435456 0 64 373423916 3815 0 78912 4096 640 147776 33558528 0 1073742848 32768 1142948880 4096 533124 16768 10551296 111411200 2147483648 16 1048576 68 256 134217728 4100 131072 335544360 270536721 2098181 546570240 98568 262145 2359296 0 16 1048576 68 256 64 4100 131072 67108896 4113 1030 4096 69728 4096 8832 1074413888 33560576 0 1073741824 32768 3328 4096 10372 2147500544 2 27787264 53264 54 1073741824 32 0 0 32768 0 0 0 0 8 16 2418016512 1 2179088 1149239296 1 2097152 0 536871936 0 134217728 536870912 4198658 436207616 18874624 67110952 17
is_linear=0
shrinkage=0.045


Tree=281
num_leaves=23
num_cat=20
split_feature=0 0 3 1 0 3 4 5 3 0 3 5 0 1 3 0 0 0 0 3 3 1
split_gain=1.16296 0.983367 1.56396 0.757012 0.67263 0.624771 0.500964 0.796608 0.818959 0.68177 0.956975 0.648465 0.991705 0.641138 0.601497 2.0489 1.46748 0.897555 0.724445 0.942591 0.620734 0.599456
threshold=0 1 2 3 4 5 6 2.249904835165133 7 8 9 5.3205649864913136 10 11 12 13 14 15 16 17 18 19
decision_type=9 9 9 9 9 9 1 10 9 9 9 8 9 9 9 9 9 9 9 9 9 9
left_child=5 2 3 -2 -4 -1 7 -3 13 10 11 12 -8 -9 15 -11 20 -17 19 -18 21 -16
right_child=1 6 4 -5 -6 -7 9 8 -10 14 -12 -13 -14 -15 16 17 18 -19 -20 -21 -22 -23
leaf_value=0.20799590575747159 21.006400323943911 -6.3545405298696211 2.8382083037052892 -1.6164492441461433 -3.6501624223353488 60.706507658562479 -43.666132736847466 3.8156036164732576 1.525455892792164 -14.215382047092222 14.825524962180848 19.120142406199445 2.2585068846896492 -61.305549708004946 0.87544923386319762 -2.9550693240062067 1.5740865377438544 1.6030574112824536 0.014136531734762828 -9.7040349745315257 52.474849230922921 15.58346939808829
leaf_weight=213 216 216 102 163 477 341 312 128 468 766 1109 195 307 111 1353 2953 109 4212 7509 384 970 361
leaf_count=213 216 216 102 163 477 341 312 128 468 766 1109 195 307 111 1353 2953 109 4212 7509 384 970 361
internal_value=4.89637e-06 -4.59366e-05 -0.00144742 0.000794118 -0.00290101 0.00201943 1.73925e-05 -0.00100703 -0.000272919 6.35285e-05 0.000867442 -0.000305085 -0.00102174 -0.00234861 -2.00492e-05 -0.000316694 0.000200225 -7.83752e-05 -0.000105565 -0.00175545 0.00110831 0.000584009
internal_weight=22975 22421 958 379 579 554 21463 923 707 20540 1923 814 619 239 18617 7931 10686 7165 8002 493 2684 1714
internal_count=22975 22421 958 379 579 554 21463 923 707 20540 1923 814 619 239 18617 7931 10686 7165 8002 493 2684 1714
cat_boundaries=0 14 27 29 31 44 46 47 49 63 65 79 81 83 96 109 122 136 138 140 142
cat_threshold=1 1310720 1073742032 32768 0 0 64 16384 2048 2147615264 131088 131168 0 16 4194312 2164260880 0 268435520 16777216 16777281 128 268435456 4 68157509 8388608 268439560 1179904 1054258 222096 134234164 10 0 0 0 268435456 16777216 16777216 0 0 4 0 0 0 131072 2148041250 71816 1 12583520 4228 44138564 0 2952790016 2147484160 1196352 0 0 0 524288 1092634640 8 524416 10485920 4 2820977176 325682 10518528 0 0 0 256 0 0 0 0 1075857408 0 0 128 4 8 1538 2537783044 214659 3221225472 10485764 1 5 512 4 0 1073774656 0 4096 335544320 2049 4 2147483648 44042276 1 149 512 2052 256 1073774592 1032 0 1442840576 2149583105 8212 16384 33623072 0 0 268435456 570426368 0 65536 536904704 4194562 570425472 2166358288 2214620176 266240 16448 0 8192 1073741836 0 512 134217728 65536 33792 2162688 0 528384 2 143654914 10240 145784834 14636 262192 3328
is_linear=0
shrinkage=0.045


Tree=282
num_leaves=23
num_cat=18
split_feature=0 3 0 3 5 0 1 3 0 0 3 0 3 5 5 0 3 0 2 3 5 0
split_gain=1.30261 1.36697 0.975784 1.84779 0.621975 0.591366 0.572093 0.483185 1.92377 1.9004 1.23596 0.981156 0.818196 1.00459 0.830337 0.647422 0.939842 0.546623 0.544463 0.635574 0.675297 0.488974
threshold=0 1 2 3 3.5694334999727624 4 5 6 7 8 9 10 11 4.9089648320872419 4.7664292796317111 12 13 14 15 16 3.7256208424938388 17
decision_type=9 9 9 9 8 9 9 9 9 9 9 9 9 10 8 9 9 9 9 9 10 9
left_child=1 6 3 4 -2 -3 -1 9 10 -4 -9 12 21 14 -14 16 17 -10 19 20 -12 -11
right_child=2 5 7 -5 -6 -7 -8 8 15 11 18 -13 13 -15 -16 -17 -18 -19 -20 -21 -22 -23
leaf_value=60.17229062832071 -98.20188502291785 -0.78693371809219592 21.638216429136222 19.859315418459772 -2.5953649582108889 -5.0998214971732558 -0.84793120048509818 -14.238993057728688 67.644346943077807 3.0246984699280661 59.274065557199705 0.89723607428731944 -33.06184284745764 75.073497766677448 -228.3552433794186 -0.46598986132559672 -0.25675898307017603 6.9398029398701029 -10.578185005829063 17.054366488546446 -22.848828045201262 -15.025137722842095
leaf_weight=120 66 343 1152 899 235 321 226 487 339 687 44 5297 358 111 36 8554 1472 883 636 238 79 392
leaf_count=120 66 343 1152 899 235 321 226 487 339 687 44 5297 358 111 36 8554 1472 883 636 238 79 392
internal_value=-1.46884e-05 -0.00158513 5.83566e-05 0.00129951 -0.00171086 -0.00276923 0.000703911 -1.40779e-05 -0.000186441 0.000258981 -0.00170254 -2.54604e-05 -0.00100376 -0.00248066 -0.00359091 1.51867e-05 0.000621951 0.0015389 -0.000771556 0.000615282 -0.0019 -0.00029285
internal_weight=22975 1010 21965 1200 301 664 346 20765 12732 8033 1484 6881 1584 505 394 11248 2694 1222 997 361 123 1079
internal_count=22975 1010 21965 1200 301 664 346 20765 12732 8033 1484 6881 1584 505 394 11248 2694 1222 997 361 123 1079
cat_boundaries=0 13 15 28 30 42 44 46 59 73 75 88 90 103 105 117 118 120 133
cat_threshold=20971584 2164260880 268435456 268435524 2164260864 16777281 128 268451840 4 1048645 8519680 268439560 131072 51466256 90752 65536 1327104 1610612944 2147484160 16704 0 512 134217792 526336 3240099888 0 657504 4352 2148270104 8504 4194304 16 0 268435524 16777216 16777216 128 16384 4 1048577 0 4096 16416 642 3904635026 141672 33837085 2097188 2147483649 0 1114624 256 0 1073741824 4104 67111424 67174432 33025 8912900 44044316 35651588 1 1 1048576 256 0 0 4096 180480 67174448 2130176 8396800 7 50335840 360468 0 8521728 0 2097280 134250508 33555456 0 0 0 8913920 419430400 16786576 18592 3367501840 264 2147483648 75628544 0 2097152 134774796 33555456 0 9216 128 8913920 1358954504 9872 2113570 16843336 315412 0 131072 0 2097152 32772 33555456 0 0 0 524288 1073741824 144 145 4228096 16384 0 2048 0 0 134217728 0 0 0 0 8388608 402653184 16778384 2176
is_linear=0
shrinkage=0.045


Tree=283
num_leaves=23
num_cat=18
split_feature=0 0 3 0 3 1 5 5 5 2 3 0 3 0 3 5 3 0 3 0 0 3
split_gain=1.15072 1.05291 1.53058 0.781912 0.744405 0.642308 0.61095 0.559152 0.696481 0.520139 0.930378 1.04218 1.09207 0.80718 1.16778 0.776709 0.738268 1.54795 1.2126 1.14565 0.898388 0.919932
threshold=0 1 2 3 4 5 4.5053345884235583 4.3372693810700085 3.5972184255501678 6 7 8 9 10 11 3.8176519431297078 12 13 14 15 16 17
decision_type=9 9 9 9 9 9 8 8 10 9 9 9 9 9 9 8 9 9 9 9 9 9
left_child=4 2 5 7 -1 6 -2 8 -4 10 -3 12 15 14 -11 -12 17 18 -15 -18 21 -19
right_child=1 9 3 -5 -6 -7 -8 -9 -10 13 11 -13 -14 16 -16 -17 19 20 -20 -21 -22 -23
leaf_value=26.65694942761106 11.283721065906244 -7.3930187425849363 -1.13768252205884 -1.8881672445176403 0.67494574162612464 10.226650809955567 -172.32927514969003 -1.7461818812447218 -15.989326056671771 44.907523346762297 5.7511066109679607 5.4145797929088992 -3.8643605067106415 -1.2781644738892148 0.54033638533985295 -113.77713755071574 10.544499716609092 -20.463407656391283 -9.8186375898719493 -0.11752798089934383 -1.5654398615082261 7.7669827303767125
leaf_weight=223 67 393 53 349 467 287 45 95 77 698 37 834 285 588 1408 84 2256 125 577 7467 4884 1676
leaf_count=223 67 393 53 349 467 287 45 95 77 698 37 834 285 588 1408 84 2256 125 577 7467 4884 1676
internal_value=9.79408e-07 -5.55006e-05 -0.00149391 -0.00296416 0.00179487 0.000645986 -0.00210484 -0.00503165 -0.00715909 1.09737e-05 -0.000757751 -0.00014377 -0.00198086 7.51868e-05 0.000905099 -0.0053797 -2.48221e-05 -0.000349148 -0.00185429 0.000237134 -8.39927e-05 0.000771925
internal_weight=22975 22285 973 574 690 399 112 225 130 21312 1633 1240 406 19679 2106 121 17573 7850 1165 9723 6685 1801
internal_count=22975 22285 973 574 690 399 112 225 130 21312 1633 1240 406 19679 2106 121 17573 7850 1165 9723 6685 1801
cat_boundaries=0 12 25 27 40 42 44 45 47 60 62 75 77 79 93 95 108 122 124
cat_threshold=16 1064960 3221225680 2147483712 264 0 0 0 2048 3221225508 65568 131168 20971528 2164260880 0 268435460 2164260864 16777281 0 268451840 4 68157505 1082130432 4104 131328 135266384 221836 16777224 2147483648 0 4 2164260864 65 0 0 0 1048577 1082130432 0 256 58872322 147584 403701764 1026 1 2183054400 513 2147516416 0 0 0 0 0 0 0 0 0 16 2147487616 24 134221840 133120 2189459524 8388608 805306368 0 16452 0 0 0 524288 19005440 2101392 528000 2097282 2769616012 33456 910277420 378534 282624 2097252 1 8209 1048576 256 128 1073774656 4096 541442 100663296 16777217 8913924 16 570524420 16388 331777 69216260 67108865 17 1048576 256 640 1207992320 4096 16658 67108864 16777473 75497480 0 34013184 0 640 557056 5120 0 65536 1152 8424456 16777216 8212 1110560 5 67174412 2
is_linear=0
shrinkage=0.045


Tree=284
num_leaves=23
num_cat=17
split_feature=0 3 0 0 3 0 3 4 5 4 3 5 3 0 0 0 0 3 5 3 5 5
split_gain=1.18182 1.99584 1.22762 1.0018 0.922296 0.896318 0.753015 1.08055 0.598424 0.558366 0.489536 0.607227 0.44271 1.94017 1.8463 1.15046 1.0436 0.856315 0.784663 0.775591 1.03292 0.847756
threshold=0 1 2 3 4 5 6 7 3.2384861814448418 8 9 3.2384861814448418 10 11 12 13 14 15 2.249904835165133 16 4.1510089048756029 4.7140145363037149
decision_type=9 9 9 9 9 9 9 1 8 1 9 8 9 9 9 9 9 9 10 9 10 10
left_child=1 5 4 -2 9 8 7 -4 -1 -3 -7 -12 14 -14 17 -16 18 -5 -15 20 -20 -22
right_child=3 2 6 12 -6 10 -8 -9 -10 -11 11 -13 13 16 15 -17 -18 -19 19 -21 21 -23
leaf_value=-3.6819711392031294 14.697937334348888 -3.6361561327963607 -0.22236691513430717 -0.12827460530031815 21.309704414525349 -1.7427267177447825 -0.48738862853895354 -39.363349334202006 -17.48197116105684 18.664943522322208 -27.567423056949263 0.99363949375294303 24.670148478499385 -85.684975750231828 -2.9127512911552977 1.7491165622984124 0.91478982612789783 -33.49599825107191 69.915905095699088 -7.4943545359794168 -76.691733014331859 18.948849421354787
leaf_weight=47 475 150 58 504 421 141 227 56 261 97 41 215 1619 187 3518 6204 5699 961 164 1792 58 80
leaf_count=47 475 150 58 504 421 141 227 56 261 97 41 215 1619 187 3518 6204 5699 961 164 1792 58 80
internal_value=-3.03563e-05 -0.0011628 0.000127816 6.15571e-05 0.00124412 -0.00298117 -0.00202691 -0.00485714 -0.00480937 -0.000920849 -0.00146332 -0.000235074 1.42804e-05 0.000238321 -0.000178007 4.71545e-05 -5.06755e-05 -0.00166046 -0.000861535 -0.000614027 0.00146178 -0.00135
internal_weight=22975 1714 1009 21261 668 705 341 114 308 247 397 256 20786 9599 11187 9722 7980 1465 2281 2094 302 138
internal_count=22975 1714 1009 21261 668 705 341 114 308 247 397 256 20786 9599 11187 9722 7980 1465 2281 2094 302 138
cat_boundaries=0 13 15 28 40 42 55 57 58 59 61 63 77 91 105 118 120 122
cat_threshold=2151677956 2172651572 0 2415919620 2164260864 16777280 512 268451840 0 67108865 1082261504 268439560 131330 2169721314 299464 2147483648 16779300 0 516 2147483648 16777280 0 0 0 1 1073741824 4096 256 65536 1064960 3221225680 80 8 0 0 0 2048 36 65536 16908384 787968 83984 0 16779284 0 516 0 0 0 0 0 1 1073741824 0 256 8388608 10276 2 4 5246976 448 3322011180 251527 35655696 102761472 1 1 268435460 260 0 32768 4096 1079117824 169873440 257 9217 4 35655705 1075838976 1 1 268435460 256 0 32832 4100 1074923520 134221872 1048833 9217 16 32768 100664320 4096 8192 1048576 4 0 1073741824 536903680 4231506 33554432 32788 2214592540 7 1099169792 4160 536870912 128 1208140032 570425344 128 65536 65536 11011074 805306368 1664 2176 103464 147969 1048576 262472
is_linear=0
shrinkage=0.045


Tree=285
num_leaves=23
num_cat=19
split_feature=0 3 0 4 3 5 0 5 2 0 3 0 0 5 0 3 3 0 0 0 0 3
split_gain=1.18589 1.84447 0.989397 0.750516 0.672181 0.558711 0.467042 0.566846 0.427647 1.89378 2.12283 1.02742 1.0051 0.827821 0.796684 1.35182 0.897527 2.91996 2.21274 0.849241 0.816034 0.801812
threshold=0 1 2 3 4 6.176905692078182 5 3.4175922930736511 6 7 8 9 10 4.3107766033702406 11 12 13 14 15 16 17 18
decision_type=9 9 9 1 9 8 9 10 9 9 9 9 9 8 9 9 9 9 9 9 9 9
left_child=1 3 5 -1 -3 -2 7 -6 9 -4 12 13 -11 -10 15 -13 17 21 -18 -20 -19 -16
right_child=2 4 8 -5 6 -7 -8 -9 11 10 -12 14 -14 -15 16 -17 18 20 19 -21 -22 -23
leaf_value=-0.70086433387547853 30.393236314965268 9.0357183593181052 107.61729821299824 -3.6634231267062001 -15.70238762339555 -32.39516804210615 -1.4048881528519406 21.016188451919959 -0.15221082471076325 75.915845366966494 -8.3616123386175083 -1.1441737732574453 -0.43125558526591329 -312.08509220556647 -0.70221290101275735 7.4131486982596142 4.4548622507076834 34.386559584630156 -16.59522047803161 -1.7436063738797309 3.1793021708715914 -14.339349132924765
leaf_weight=68 537 233 689 141 35 41 607 73 73 1284 1408 1185 1195 55 1199 1478 2458 859 1833 3588 2853 1083
leaf_count=68 537 233 689 141 35 41 607 73 73 1284 1408 1185 1195 55 1199 1478 2458 859 1833 3588 2853 1083
internal_value=-9.79072e-07 -0.00139735 7.37977e-05 -0.00511086 -0.000525 0.00189153 -0.00120701 0.001425 2.32921e-05 0.000408021 1.96206e-05 -8.25736e-05 0.00081112 -0.00392143 -5.00361e-05 0.000661122 -0.000187 0.000227772 -0.000502408 -0.00100966 0.00100537 -0.00103575
internal_weight=22975 1157 21818 209 948 578 715 108 21240 4576 3887 16664 2479 128 16536 2663 13873 5994 7879 5421 3712 2282
internal_count=22975 1157 21818 209 948 578 715 108 21240 4576 3887 16664 2479 128 16536 2663 13873 5994 7879 5421 3712 2282
cat_boundaries=0 13 15 27 28 30 43 44 57 59 71 84 97 99 101 114 127 141 155 157
cat_threshold=2147483732 25165840 2147483648 2415919172 2164260876 16777280 512 268468224 0 5 1082261504 4104 131330 2283343874 336 8409096 3222290432 1610612944 0 0 256 0 64 2048 32 32 131168 2 41943120 82432 16 0 0 68 16777224 0 0 0 0 0 0 0 256 240 2129920 67174404 1 0 0 0 0 0 32768 0 16777216 2148007936 16388 2820174548 177110 4194304 65540 0 0 0 0 0 0 8 512 0 524288 0 2097248 0 512 98304 0 0 0 65540 6154 0 3155200 2155905560 65536 8192 268435456 641 268976384 1028 0 1073815552 525444 3223343360 0 285247616 32 969740374 206883 1508709826 223576 33554432 67376128 4097 0 135397440 570425344 128 1024 0 0 606076928 2150630404 2147535508 50593792 267264 4096 32768 134218304 536877056 128 0 0 1024 606076928 2147484676 2149616144 2097152 35782656 1 8208 0 0 0 134234112 36864 1703952 134283392 273 8934408 22 2097152 35782656 0 2105344 0 1 0 134217728 32768 1736720 167837824 0 8401920 7 1487668352 2376
is_linear=0
shrinkage=0.045


Tree=286
num_leaves=23
num_cat=19
split_feature=0 3 0 0 5 0 3 0 3 0 0 0 5 3 2 3 3 0 3 3 5 0
split_gain=1.45849 1.90052 0.918696 0.888325 0.603467 0.541346 2.43107 0.677716 0.545578 2.02076 1.61176 1.05861 1.18214 1.21328 1.11266 1.36238 0.945969 0.886837 1.08337 0.704135 0.675602 0.894608
threshold=0 1 2 3 5.1029059508623904 4 5 6 7 8 9 10 5.7186697390068177 11 12 13 14 15 16 17 5.5664324555418956 18
decision_type=9 9 9 9 10 9 9 9 9 9 9 9 8 9 9 9 9 9 9 9 10 9
left_child=1 4 -3 -2 -1 6 -5 -8 10 16 -7 12 14 -14 15 -12 -10 18 -11 -16 21 -17
right_child=3 2 -4 5 -6 8 7 -9 9 17 11 -13 13 -15 19 20 -18 -19 -20 -21 -22 -23
leaf_value=-1.6071378122960169 125.13496741316676 -7.7260903971000081 0.11783692292721065 7.1995879696056804 -15.764100551135336 13.802708981783276 -0.31416253327709992 -8.3322086555388033 -6.6670935403938145 -30.701072141335843 -0.65205688132391437 -0.15611399832204254 -33.336429341176483 76.578465274206806 15.396407273071247 -26.833410311754143 43.472304001043618 0.30815965751301233 1.1271425841424947 -6.5496340615777147 -186.04145506206979 -58.869434831742346
leaf_weight=273 227 224 790 1324 48 1078 410 793 414 716 403 7213 117 346 354 382 1967 4763 372 431 37 293
leaf_count=273 227 224 790 1324 48 1078 410 793 414 716 403 7213 117 346 354 382 1967 4763 372 431 37 293
internal_value=-4.99411e-05 -0.00148664 -0.000508772 3.94884e-05 -0.00444595 9.03167e-06 -0.000607916 -0.00206296 9.19147e-05 0.000366812 -0.000120664 -0.000306946 -0.00113116 0.0009 -0.00163249 -0.00253549 0.00146866 -8.36601e-05 -0.00123545 -0.000310539 -0.00371685 -0.00342319
internal_weight=22975 1335 1014 21640 321 21413 2527 1203 18886 8232 10654 9576 2363 463 1900 1115 2381 5851 1088 785 712 675
internal_count=22975 1335 1014 21640 321 21413 2527 1203 18886 8232 10654 9576 2363 463 1900 1115 2381 5851 1088 785 712 675
cat_boundaries=0 14 16 27 39 52 54 67 69 83 96 110 112 113 115 117 131 133 135 148
cat_threshold=2147483656 25231376 2415919104 2415919108 2164260876 65 0 268468224 32768 32773 545259520 8 9568256 4 2306873346 166272 2147483648 65552 2147483648 268435456 0 0 0 268435456 0 0 8388608 0 1074790400 536870992 80 0 0 0 0 0 0 65536 131168 1073758209 2097252 0 2105344 1073741824 587202560 0 134217792 12 68157986 1107427328 4097 524421 1821352470 146692 1073741824 0 0 8192 1073741824 33554432 0 64 4 1048576 131072 0 132 1854338568 32285 12845056 100927488 4097 32768 163840 4 0 0 0 3136 2101264 2416451728 2140680 1 16846852 147456 1073741824 641 268451904 1024 128 1073758208 70656 1076363280 268435456 2048 67113248 4456448 100925440 67112960 0 33280 260 0 8192 2048 3392 4120 1581716 2105864 1 33280 18432 69 578875392 10256 270600198 131328 16781312 131072 1073741824 1 134234112 2048 640 1073758208 65536 1074282496 268435456 0 67112976 2 4720816 229536 168055808 21009 0 67108864 0 0 0 0 0 8192 2048 1280 0 144 520
is_linear=0
shrinkage=0.045


Tree=287
num_leaves=23
num_cat=18
split_feature=0 3 0 3 0 5 3 0 0 3 0 3 0 3 0 5 0 3 0 5 4 5
split_gain=1.21419 2.23276 0.926762 0.826696 0.650282 0.643363 0.565871 2.33447 1.45893 1.32137 1.08095 0.940317 0.901028 1.3919 0.797581 0.739493 0.641681 0.618487 0.606209 0.626194 0.591461 0.766878
threshold=0 1 2 3 4 4.3241107269113215 5 6 7 8 9 10 11 12 13 5.3008111373035574 14 15 16 3.0677824455408698 17 4.4005842009683471
decision_type=9 9 9 9 9 10 9 9 9 9 9 9 9 9 9 10 9 9 9 8 1 10
left_child=1 -1 3 -2 5 -3 7 9 17 -4 11 15 13 14 -10 16 -9 -8 -13 -20 -15 -22
right_child=2 4 6 -5 -6 -7 8 10 12 -11 -12 18 -14 20 -16 -17 -18 -19 19 -21 21 -23
leaf_value=-4.7186564970180793 -5.6519305772628634 -0.19406558518533937 -45.500854070857436 10.173183374542345 -0.93292288057502293 44.634370908417367 0.28877013802598311 9.1784377324283319 -1.5654183359049578 -9.1455459098083161 -1.0046351881763982 3.3345910469383377 0.55638289817526798 20.535863314356359 -34.951532375291336 -35.947944287438652 -2.576242955844247 37.36992424645107 -85.825386175753252 50.282779036170616 -25.32694212468542 5.1162162081150644
leaf_weight=402 238 193 113 993 511 169 455 103 231 559 6888 1043 7520 430 305 70 412 1105 48 410 412 365
leaf_count=402 238 193 113 993 511 169 455 103 231 559 6888 1043 7520 430 305 70 412 1105 48 410 412 365
internal_value=-3.81902e-05 -0.00138112 4.14519e-05 0.00123451 -8.64405e-05 0.00134759 -3.09798e-05 -0.000281425 0.000192294 -0.00281579 -8.81369e-05 0.000806483 -2.28031e-05 -0.000941025 -0.00282482 -0.00071608 -0.000130561 0.00145992 0.00140086 0.00275745 -8.49055e-05 -0.000826059
internal_weight=22975 1275 21700 1231 873 362 20469 9646 10823 672 8974 2086 9263 1743 536 585 515 1560 1501 458 1207 777
internal_count=22975 1275 21700 1231 873 362 20469 9646 10823 672 8974 2086 9263 1743 536 585 515 1560 1501 458 1207 777
cat_boundaries=0 14 16 29 31 44 46 59 72 74 87 89 102 104 117 129 131 144 145
cat_threshold=12 1098973200 268435456 268468228 2164260876 65 0 268468224 32768 32773 545259520 8 9568256 4 2307393538 170112 16846912 2148548608 1610612944 2147483776 49664 0 128 0 524288 18891280 0 657632 2097152 549715968 139304 8 1098907648 0 32772 4 0 0 32768 0 5 0 0 1048576 1191247848 280277 46137345 2097156 0 16 65536 16781312 0 64 4096 1140850688 33751072 32768 526337 46153729 102760452 0 17 1114112 16781316 0 8192 4096 131328 33620128 33024 11265 32872 262208 0 131072 1 2105344 134873408 0 0 134234112 68608 1032 83890192 16786945 67125408 1107317792 1 3221225472 32 1 2105344 1208090624 570427392 0 134234112 68612 527394 335548416 268435457 160 4521984 102434 1073741824 0 0 2097152 134348800 0 0 0 2048 524288 268435456 0 32 0 0 1 0 256 0 0 0 0 1024 16777216 16777728 2685403140 200960 0 0 0 0 134742336 0 0 0 65536 8 83886096 16778753 128 2
is_linear=0
shrinkage=0.045


Tree=288
num_leaves=23
num_cat=19
split_feature=0 3 0 4 3 0 0 3 0 0 0 3 5 0 3 0 5 3 3 0 5 0
split_gain=1.3714 1.89515 0.937411 1.69173 1.01901 0.806185 0.668579 0.559216 1.73413 1.59781 1.21706 0.966886 0.94419 0.835987 0.843837 0.639023 0.755024 0.640395 0.627066 1.18116 0.517425 0.870465
threshold=0 1 2 3 4 5 6 7 8 9 10 11 3.1132683346437333 12 13 14 4.3882378946731615 15 16 17 5.310736838221497 18
decision_type=9 9 9 1 9 9 9 9 9 9 9 9 8 9 9 9 10 9 9 9 8 9
left_child=1 5 3 -2 -5 -1 -3 8 11 18 -10 -4 -13 14 20 16 -14 -17 19 -9 21 -11
right_child=2 6 7 4 -6 -7 -8 9 10 13 -12 12 15 -15 -16 17 -18 -19 -20 -21 -22 -23
leaf_value=-2.783557929407757 -79.251817383554382 -0.73220435584677823 -52.587207621359703 -28.586217151132274 48.047004510968634 4.4204234054737581 -3.2160503414160746 -40.137951392150512 9.5196106927102697 -4.3100801476877768 -0.96263832765630197 -51.511193001212881 -73.125458884623015 1.0935287335261863 0.30902833630721654 -1.0499523821700567 -0.37831510220012537 11.578028737430373 41.863753612873751 8.4515651260331452 -1.4453143422643042 -40.616678251999268
leaf_weight=119 46 249 170 230 803 385 506 260 1765 497 7638 122 93 5418 1071 356 122 318 1441 366 436 564
leaf_count=119 46 249 170 230 803 385 506 260 1765 497 7638 122 93 5418 1071 356 122 318 1441 366 436 564
internal_value=-5.3858e-05 -0.00149056 3.02376e-05 0.00131577 0.0017087 0.000645349 -0.00290417 -3.77014e-05 -0.000265855 0.000202534 -6.07008e-05 -0.00188223 -0.00131525 -8.66465e-05 -0.000753488 -0.000813131 -0.00287445 -0.000104956 0.00131385 0.000112853 -0.00144036 -0.00198542
internal_weight=22975 1259 21716 1079 1033 504 755 20637 10584 10053 9403 1181 1011 7986 2568 889 215 674 2067 626 1497 1061
internal_count=22975 1259 21716 1079 1033 504 755 20637 10584 10053 9403 1181 1011 7986 2568 889 215 674 2067 626 1497 1061
cat_boundaries=0 14 16 29 30 32 43 57 59 72 85 98 99 112 114 127 129 131 144 156
cat_threshold=4194380 1098973200 268435456 268468228 2164260868 65 512 268435456 32768 32773 545259520 8 8519680 4 1079198834 90672 42012672 2148548608 1610612944 2147483648 1098240 0 0 0 0 1142948384 0 655457 2097152 1 2152202240 69672 0 65536 0 4 16777216 1 512 0 32768 0 536870912 4194304 65536 0 268435460 16777216 0 512 0 32768 0 536870912 0 0 4 1203896260 18069 16401 69206020 1 144 196608 553648128 128 1073774656 4104 149504 67174432 268435456 67109895 17 69214208 0 145 65536 4 384 1073741824 4096 149504 67174432 2418020608 68160560 16809984 131072 4096 2105344 402653256 0 0 16384 2048 12583944 16781328 16785536 541056 33572932 2147516416 131168 4096 2105344 1216348168 2048 0 16384 2052 9962520 419434496 1056900 16512 2148007984 77922 16 2097152 0 144 65536 16777216 0 1073774656 0 131072 67108864 0 1024 1077969920 16900 673316866 163848 0 67108864 0 0 0 0 0 0 0 0 0 2149580800 2048 0 0 0 0 8388608 0 0 0 2048 8389656 402653184 128
is_linear=0
shrinkage=0.045


Tree=289
num_leaves=23
num_cat=14
split_feature=0 3 0 5 4 3 5 0 5 3 5 5 5 2 3 0 0 5 5 0 3 3
split_gain=1.65605 1.55574 1.18049 0.583498 0.519186 0.713859 0.636389 0.476478 0.443986 0.576865 0.43915 0.417093 0.413079 0.411184 1.08679 0.788184 0.744069 0.687525 0.940699 0.47233 1.48187 0.548028
threshold=0 1 2 6.703185102203908 3 4 5.173316863805991 5 6.703185102203908 6 4.2413008733233104 3.5114340430413216 5.2857353797162627 7 8 9 10 5.344720891341141 4.9308638091439496 11 12 13
decision_type=9 9 9 8 1 9 10 9 10 9 8 10 8 9 9 9 9 10 8 9 9 9
left_child=1 -1 3 -2 7 12 -7 10 13 -10 11 -3 -6 14 -4 -16 -15 18 -17 20 -18 -21
right_child=2 4 8 -5 5 6 -8 -9 9 -11 -12 -13 -14 16 15 17 19 -19 -20 21 -22 -23
leaf_value=2.740070177328497 38.431154186364935 22.042416180395193 213.64331660442153 -64.744838387959206 -4.9947504066407884 -2.2701999040139915 13.426146746300443 -1.395698558686169 -5.5183055507779626 34.624872553116504 96.535198844988386 -8.8860938570556289 -9.8143171123122777 -126.53368108481497 85.472704759793288 -7.6157042350828199 -6.7414255225374609 90.075833069196833 -220.08479818127111 -1.0140845256937383 1.1105986461005941 0.60935295722870442
leaf_weight=305 457 69 363 53 180 345 70 183 144 340 73 58 44 141 123 64 1317 63 55 4818 1792 11918
leaf_count=305 457 69 363 53 180 345 70 183 144 340 73 58 44 141 123 64 1317 63 55 4818 1792 11918
internal_value=-5.3858e-05 -0.00158962 4.11359e-05 0.00215517 -0.00242843 -0.00323635 -0.00194965 -0.00113377 -1.10637e-05 0.00133333 0.000424528 -0.00115116 -0.00526271 -4.26993e-05 0.00104559 -0.000922713 -7.96578e-05 -0.00273711 -0.0048719 -5.55218e-05 -0.000563761 3.92287e-05
internal_weight=22975 1327 21648 510 1022 639 415 383 21138 484 200 127 224 20654 668 305 19986 182 119 19845 3109 16736
internal_count=22975 1327 21648 510 1022 639 415 383 21138 484 200 127 224 20654 668 305 19986 182 119 19845 3109 16736
cat_boundaries=0 14 16 29 30 32 46 48 49 51 63 75 88 90 92
cat_threshold=4194380 3246456848 268435456 2415919108 17825796 65 128 268435456 32768 67141637 8388608 8 8519680 4 1075250256 25088 8454144 1048576 1610612944 8192 0 0 0 16384 8 544 32 131168 2097154 2 2290618400 2180 4194304 25231376 0 0 0 0 0 0 32768 32768 0 0 131072 4 4210736 16384 96 555254288 20644 0 32 0 0 0 0 0 0 0 0 0 2621440 0 0 0 0 0 0 0 0 0 0 0 2621440 1073758225 2097252 1 577 1082130432 16777216 0 0 4 1050882 1142947840 286261248 524709 3243337132 369338 648321536 396293
is_linear=0
shrinkage=0.045


Tree=290
num_leaves=23
num_cat=19
split_feature=0 3 0 1 0 2 3 0 3 0 5 5 0 3 0 3 1 5 3 3 0 0
split_gain=1.441 1.26355 0.976735 0.901278 0.737238 0.487748 1.26046 1.0321 1.53486 0.760105 0.662251 0.568662 1.65014 1.58316 0.773471 1.01991 0.792247 0.791719 1.24827 0.627266 2.07085 1.81235
threshold=0 1 2 3 4 5 6 7 8 9 0.89587973461402759 1.7005986908310777 10 11 12 13 14 2.8029010331479989 15 16 17 18
decision_type=9 9 9 9 9 9 9 9 9 9 10 10 9 9 9 9 9 10 9 9 9 9
left_child=1 3 -2 -1 -3 7 -7 8 -4 10 -8 12 -9 -14 15 16 -13 18 -16 20 -19 -21
right_child=2 4 5 -5 -6 6 9 11 -10 -11 -12 14 13 -15 17 -17 -18 19 -20 21 -22 -23
leaf_value=7.9748189466465345 189.25352140286972 -0.99823442546330499 -45.397856392939346 -2.1525795821535207 -4.5999243793009583 282.34449250179756 -21.872827559389144 56.129247161550012 -1.4365290233519281 -32.150257343187725 135.97643188218038 -48.338273722078995 36.50353601736208 -21.898985553378147 4.8622648405781543 9.0301922731064401 -0.22505139734401039 -13.204239213982527 -53.551841168169247 -6.1915229719790981 0.19682842857742358 2.5921051633457051
leaf_weight=284 207 347 225 266 421 332 69 461 676 296 154 110 254 574 238 1763 582 1649 475 2281 4912 6399
leaf_count=284 207 347 225 266 421 332 69 461 676 296 154 110 254 574 238 1763 582 1649 475 2281 4912 6399
internal_value=-5.7775e-05 -0.00149549 3.05276e-05 0.000160143 -0.00266538 1.67544e-10 0.00104809 -4.38842e-05 -0.001523 -0.000347457 0.00158936 2.46577e-05 0.000937645 -0.000278571 -3.93513e-05 0.00070227 -0.000754261 -0.000153889 -0.00161748 -8.53177e-05 -0.000416933 0.00016567
internal_weight=22975 1318 21657 550 768 21450 851 20599 901 519 223 19698 1289 828 18409 2455 692 15954 713 15241 6561 8680
internal_count=22975 1318 21657 550 768 21450 851 20599 901 519 223 19698 1289 828 18409 2455 692 15954 713 15241 6561 8680
cat_boundaries=0 14 16 29 31 45 46 48 61 63 75 88 90 103 105 107 109 111 125 138
cat_threshold=4194380 3246456848 0 2415919108 17825792 65 640 268451840 32768 67141637 8388608 8 8519680 4 1075168882 90640 0 1048576 536870992 0 0 0 0 0 134217728 0 32 131168 2097152 134234147 2057 4194304 65536 0 268435460 17825792 0 128 16384 32768 67108865 8388608 0 0 4 23 2702737428 4100 16 2113632 0 576 0 16777216 0 0 12 2 1075838976 2621440 258 21038084 248 0 8224 0 0 0 0 0 0 0 0 0 2150105088 262144 143360 0 0 256 0 0 8192 536870912 16392 16777216 268439936 2147492396 2151781386 20608 2189508608 67110912 1140850816 2097152 655432 4 0 1073741824 67584 1092749328 131096 1536 1572864 2148282926 280833 1073742860 18 2701263984 184384 3743560968 145095 266241 132100 1 0 8388868 536871168 0 134258688 0 8392960 134287360 17826181 8320 3 1074003968 266240 0 129 1207975936 33560576 0 8192 536870912 16448 872415232 268472336 67143332
is_linear=0
shrinkage=0.045


Tree=291
num_leaves=23
num_cat=16
split_feature=0 0 3 4 3 2 1 3 0 5 5 5 3 0 0 3 0 0 5 5 0 5
split_gain=1.64453 1.35158 0.869828 1.04091 0.786165 0.667262 0.449708 0.447997 0.707838 0.658788 0.481728 0.455986 0.445539 2.44586 1.13553 1.23962 0.826282 0.797361 0.628513 0.667449 0.626402 1.16383
threshold=0 1 2 3 4 5 6 7 8 3.9219243190762363 4.816232960488728 4.7317931335534196 9 10 11 12 13 14 5.9622923416208602 5.5274410133216039 15 5.4909995847486188
decision_type=9 9 9 1 9 9 9 9 9 10 8 10 9 9 9 9 9 9 10 8 9 8
left_child=2 4 3 -1 -2 -4 -7 8 10 -10 -8 -11 13 -3 15 20 18 -16 19 -15 -14 -22
right_child=1 12 5 -5 -6 6 7 -9 9 11 -12 -13 14 16 17 -17 -18 -19 -20 -21 21 -23
leaf_value=-2.6608004444348432 -11.429800914766359 60.409107761921646 -3.8762008439504725 -0.0062221723287570986 8.6276708193765259 5.114386502410194 -11.493767312635388 0.032433345391877526 -82.400229962770581 18.686386128853332 164.73626078305287 -162.68840028513077 -1.4380615252074505 -16.418609238211918 4.3009898548979919 -1.0383178580930672 1.1442224993324248 -0.15662596987755484 79.442211753847872 -135.19015458756999 -8.3900432794090385 -67.572596457387547
leaf_weight=129 246 1047 128 82 666 230 62 317 58 55 39 43 375 577 1856 1846 1984 12704 69 88 323 51
leaf_count=129 246 1047 128 82 666 230 62 317 58 55 39 43 375 577 1856 1846 1984 12704 69 88 323 51
internal_value=-8.81299e-06 7.86945e-05 -0.00166364 -0.00421749 0.00176299 -0.00103919 -0.000529412 -0.00119795 -0.00255948 -0.00439286 0.000438053 -0.00234 4.2998e-06 0.000446783 -9.30563e-05 -0.000957998 -0.000267033 6.17624e-05 -0.00154424 -0.00199025 -0.00248949 -0.00380052
internal_weight=22975 21832 1143 211 912 932 804 574 257 156 101 98 20920 3765 17155 2595 2718 14560 734 665 749 374
internal_count=22975 21832 1143 211 912 932 804 574 257 156 101 98 20920 3765 17155 2595 2718 14560 734 665 749 374
cat_boundaries=0 14 28 30 31 33 34 36 38 48 50 63 76 78 92 105 118
cat_threshold=4194308 3229679632 0 2415952388 2164260876 64 128 268451840 32768 67141637 8388608 268435464 1179648 4 8388608 1064960 1107296464 0 131328 512 0 32768 2056 1073750528 65536 16908384 69634 16 25202722 35136 4 2147483664 30744 3 1073477 1 2152202256 12292 0 8454144 0 0 0 0 128 0 32768 67108864 806684880 8466 294912 119547908 1 0 134250496 536871168 0 8192 4096 4160 67112960 2150105089 2147485701 16393 19146852 1 65 1081344 257 0 0 69632 6240 8 2097153 11010053 2204111136 295048 3221225488 0 0 2097152 1572864 33555456 0 65536 1024 11011080 301990016 4608 50176 2 1073741840 0 805306368 2105472 1342193728 33559556 0 1207959552 128 2752512 570425344 4224 50464 0 270336 1 0 1081344 256 0 0 0 0 0 2097152 5
is_linear=0
shrinkage=0.045


Tree=292
num_leaves=23
num_cat=17
split_feature=0 3 0 2 5 5 3 5 5 0 3 2 3 0 0 3 5 3 0 0 3 0
split_gain=1.40444 1.35395 1.29265 0.819118 1.04881 0.736734 0.733313 0.815836 0.709113 0.596873 0.594516 0.564813 1.18715 0.77808 0.550239 1.8485 0.888783 0.630115 2.02732 1.22909 1.29953 0.869129
threshold=0 1 2 3 4.2972622671762819 4.6774800307930642 4 4.1190041246092024 3.4175922930736511 5 6 7 8 9 10 11 6.2719327192022343 12 13 14 15 16
decision_type=9 9 9 9 8 10 9 8 10 9 9 9 9 9 9 9 8 9 9 9 9 9
left_child=1 5 -2 4 8 -1 9 -8 -3 -5 -9 12 -4 -13 15 16 -15 18 -16 20 -19 -21
right_child=2 3 11 6 -6 -7 7 10 -10 -11 -12 13 -14 14 17 -17 -18 19 -20 21 -22 -23
leaf_value=-1.8937635999942524 88.228977929255308 -33.093345529646122 -38.362586593345405 -1.2280238417665004 -97.222289108683029 -15.600528081374044 -6.7723079922082485 33.665033458827594 127.1951234963568 16.826973101400263 -0.86606820152385888 -118.73204920330727 139.64018651709554 -1.905068193996984 26.462921301929544 8.398407612408036 -118.10785843815033 0.44308510761759068 -0.71900711631624359 -2.390970630080465 -12.516939331605837 1.2505057148956336
leaf_weight=213 213 44 108 126 38 43 307 104 45 315 270 141 489 670 1639 1244 35 557 4709 5218 775 5672
leaf_count=213 213 44 108 126 38 43 307 104 45 315 270 141 489 670 1639 1244 35 557 4709 5218 775 5672
internal_value=-2.64393e-05 -0.0013497 6.7033e-05 -0.000717288 -0.00398201 -0.00426493 -0.000309524 -0.00122727 -0.00153297 0.00110265 0.000167553 3.11018e-05 0.00138177 -8.70726e-06 1.51236e-05 0.000732025 -0.00109833 -6.05423e-05 0.00030283 -0.000249387 -0.00153348 -9.08089e-05
internal_weight=22975 1505 21470 1249 127 256 1122 681 89 441 374 21257 597 20660 20519 1949 705 18570 6348 12222 1332 10890
internal_count=22975 1505 21470 1249 127 256 1122 681 89 441 374 21257 597 20660 20519 1949 705 18570 6348 12222 1332 10890
cat_boundaries=0 13 15 29 30 32 43 45 46 48 60 73 75 77 91 105 107 120
cat_threshold=4194312 3229681712 0 2415919108 2165309512 64 0 268451840 32768 67141637 8388608 268435464 3276800 562040832 98696 0 1048576 33554512 0 0 512 0 0 2048 8192 0 131168 65536 16 34 2281751572 148048 0 8388624 0 0 16777216 0 0 0 32768 32768 8388608 589824 12288 96 146800674 2056 0 0 0 0 0 0 0 0 0 0 0 2621440 8454208 16384 1879048320 2105472 671744 16778240 0 0 524296 3240247360 805306400 128 4352 9327156 65576 551289328 65848 2408464 103023616 1 0 256 260 0 8192 4096 4104 50397200 2165309440 8396800 6 16793600 86246404 1 33280 65536 256 0 1073742912 0 2080 1073807368 17825793 8921220 4 1174521346 8384 2149879828 8192 0 16 512 4 0 40960 536875012 4120 134348816 2147516688 2147483705
is_linear=0
shrinkage=0.045


Tree=293
num_leaves=23
num_cat=19
split_feature=0 3 0 3 2 3 0 0 3 5 5 5 0 1 3 3 0 0 3 0 3 0
split_gain=1.23193 1.61144 0.828185 0.700124 0.502298 1.14652 0.520198 0.465933 2.09677 0.789419 0.640391 0.54216 2.19124 1.1222 1.40769 0.606384 1.81047 1.66213 1.03159 0.878051 0.866761 1.43075
threshold=0 1 2 3 4 5 6 7 8 6.4960202730614363 5.344720891341141 6.2519020269174783 9 10 11 12 13 14 15 16 17 18
decision_type=9 9 9 9 9 9 9 9 9 8 10 8 9 9 9 9 9 9 9 9 9 9
left_child=1 -1 -2 -3 5 -4 -6 8 9 10 -8 15 -13 -14 -15 16 20 18 -17 -18 -9 -22
right_child=2 3 4 -5 6 -7 7 11 -10 -11 -12 12 13 14 -16 17 19 -19 -20 -21 21 -23
leaf_value=5.9598415547306178 249.41698651724261 -7.0480443153807872 -36.636270196644979 -2.2782378092789943 -113.38910698915831 133.3563781238264 -5.2396755241818713 -30.391342015015187 19.100808258968872 -121.30726235391869 11.272127508042029 84.206026471340095 -61.467280001545916 16.853376943358022 -5.650130125588249 27.84446102451172 5.479505425278191 -0.56615921590466156 0.67886228619252886 -0.7548922512231242 -49.677444491930544 -0.61797898486559943
leaf_weight=435 113 119 108 1167 141 489 591 998 801 37 61 459 125 355 807 929 1587 6272 1310 4754 101 1216
leaf_count=435 113 119 108 1167 141 489 591 998 801 37 61 459 125 355 807 929 1587 6272 1310 4754 101 1216
internal_value=-3.81902e-05 -0.00119186 5.5864e-05 -0.00198998 3.42506e-05 0.00130788 -3.50246e-06 1.60913e-05 0.000778962 -0.00103352 -0.000674312 -4.44648e-05 0.000710526 -0.000252887 0.000199319 -0.000121352 -0.000386248 0.000148363 0.00119747 7.79176e-06 -0.00146003 -0.000687359
internal_weight=22975 1721 21254 1286 21141 597 20544 20403 1490 689 652 18913 1746 1287 1162 17167 8656 8511 2239 6341 2315 1317
internal_count=22975 1721 21254 1286 21141 597 20544 20403 1490 689 652 18913 1746 1287 1162 17167 8656 8511 2239 6341 2315 1317
cat_boundaries=0 14 16 28 30 31 33 45 58 60 73 75 77 79 93 106 108 122 124 136
cat_threshold=72 3238070320 0 2415919168 2165309512 64 0 268451840 32768 67108869 1082130432 32776 3276800 4 2315354134 131616 4 1048576 80 0 0 0 0 0 0 0 0 131168 553652352 40960 96 146800674 2056 0 0 0 0 0 0 0 0 0 0 0 2621440 8470528 278528 1879048320 2105472 671744 16777216 0 0 524296 3240247328 536936480 0 4352 2189455996 86056 1076133888 1024 0 0 134217728 0 0 73728 0 8912896 16777344 1052800 2147525124 268435472 608 161140746 2192 2400320778 28295 1080328192 77595652 1 5 276824068 0 0 1073782784 4096 4112 16777216 2165311505 132 16 37748752 77595652 1 32788 276889604 0 0 1073774592 4096 4368 50331664 2164263184 8389632 539230800 32808 4112 33689664 67112960 0 512 0 128 134217728 68608 5770304 337645592 268435968 75497474 1 201433090 10883 4194304 10485764 0 1 0 0 0 0 0 0 0 1
is_linear=0
shrinkage=0.045


Tree=294
num_leaves=23
num_cat=17
split_feature=0 3 0 3 0 3 5 5 4 2 3 0 3 0 5 3 5 5 3 0 0 3
split_gain=1.1371 1.25305 0.980887 0.843214 0.827797 0.828145 0.527421 0.504158 0.839017 0.474911 1.09437 0.51441 0.470137 0.463113 0.570027 0.6524 0.760501 0.471257 0.43055 2.68489 1.51696 1.6299
threshold=0 1 2 3 4 5 1.8688348091416842 3.3842466058243152 6 7 8 9 10 11 5.2857353797162627 12 4.5485858369352732 3.3140206880897671 13 14 15 16
decision_type=9 9 9 9 9 9 10 8 1 9 9 9 9 9 10 9 10 10 9 9 9 9
left_child=1 6 3 7 5 -2 -1 -3 -9 10 -6 -11 -4 -8 15 -15 17 -17 19 -13 21 -20
right_child=4 2 12 -5 9 -7 13 8 -10 11 -12 18 -14 14 -16 16 -18 -19 20 -21 -22 -23
leaf_value=-11.144390752730892 -36.340484648172662 0.75077753777242862 -2.5237315687442536 -0.71652545372437992 -50.97649444846963 43.151975731002779 1.256824875819385 -64.480091168398033 -10.133299440273394 -108.28659717464603 127.35534110825388 -21.550705224010933 13.201616221363851 1.4096061268153992 -99.970360427921875 -1.336467546937097 2.6200388189291828 -97.298479600403283 -13.525224826224573 0.84902778909429621 1.3477727889277018 -0.16847725355972257
leaf_weight=83 107 35 211 261 100 419 117 49 44 141 489 1719 488 126 42 38 48 110 730 5586 10295 1737
leaf_count=83 107 35 211 261 100 419 117 49 44 141 489 1719 488 126 42 38 48 110 730 5586 10295 1737
internal_value=-2.44808e-05 -0.00115745 -0.000253636 -0.00203117 6.39092e-05 0.00180669 -0.00285937 -0.00488571 -0.00696316 1.88141e-05 0.00126539 -1.82491e-05 0.000753165 -0.00231988 -0.00306383 -0.00247222 -0.00398077 -0.00576 1.56897e-06 -0.000273678 0.00015923 -0.00084046
internal_weight=22975 1652 1088 389 21323 526 564 128 93 20797 589 20208 699 481 364 322 196 148 20067 7305 12762 2467
internal_count=22975 1652 1088 389 21323 526 564 128 93 20797 589 20208 699 481 364 322 196 148 20067 7305 12762 2467
cat_boundaries=0 14 16 30 32 45 47 48 49 51 63 65 79 81 83 97 110 112
cat_threshold=68 3238070320 0 2415919168 16777288 64 0 268435456 32772 67108869 1082130432 36872 2228224 4 554177664 113112 4 2147485696 0 0 8 64 0 268435456 4 67108868 8388608 4096 0 4 8405504 4 8388608 1064960 1610612944 0 0 0 0 32768 0 1073741856 536870912 131168 4098 2147483696 69640 2 96 12583970 2056 0 0 0 0 0 0 0 0 0 0 0 2621440 138543202 147488 0 2048 0 0 0 64 0 0 4 0 0 0 0 4 16778240 67712 639720972 132263 278552 69468160 1 0 1048580 0 0 134225984 5120 151632 201392160 0 75498525 16 50331648 4164 0 41472 1208107776 6144 0 16384 67584 8423426 4104 269484544 2147484288 16810080 22528
is_linear=0
shrinkage=0.045


Tree=295
num_leaves=23
num_cat=17
split_feature=0 3 0 3 0 5 5 5 3 1 3 0 0 3 0 3 0 0 5 3 5 2
split_gain=1.05389 1.31982 0.791706 1.55723 0.59867 0.579676 0.544492 0.500493 0.891874 0.751078 0.505595 2.66872 2.50992 1.24311 1.12665 1.67804 0.955146 0.922234 0.811026 0.724284 0.68442 0.97345
threshold=0 1 2 3 4 3.7256208424938388 4.7999057951650004 6.2519020269174783 5 6 7 8 9 10 11 12 13 14 5.5816130673839615 15 3.1132683346437333 16
decision_type=9 9 9 9 9 8 8 10 9 9 9 9 9 9 9 9 9 9 8 9 10 9
left_child=1 4 3 -2 5 -1 -6 10 -9 -10 11 13 19 18 15 -14 -13 -15 -4 -12 -17 -22
right_child=2 -3 7 -5 6 -7 -8 8 9 -11 12 16 14 17 -16 20 -18 -19 -20 -21 21 -23
leaf_value=1.9699902171552706 20.227173849391413 37.510784395496096 -18.077945000608445 -4.5059569947060512 -23.797769583751322 -52.093276901481708 9.8730399235090314 38.300541526927475 -16.627551896953506 36.302066130763158 0.45157182311878735 4.1466705512238864 5.1017996619498875 5.6294013976464443 0.49564464889156062 -61.08124016876674 -0.36090598792352457 -11.353870929071451 -63.499863452933887 63.459067243000213 -27.561550987775458 32.103619177857901
leaf_weight=44 120 798 733 467 223 66 163 394 236 442 294 1694 615 503 7504 160 6428 302 131 815 700 143
leaf_count=44 120 798 733 467 223 66 163 394 236 442 294 1694 615 503 7504 160 6428 302 131 815 700 143
internal_value=1.27303e-05 0.00125421 -6.20244e-05 -0.00167529 -0.000566929 -0.00331967 0.00029397 -1.62038e-05 0.000930168 -7.82607e-05 -6.69695e-05 -0.000297919 0.000154203 -0.0019301 -9.26208e-05 -0.00116503 3.9833e-05 -0.000633415 -0.00311301 0.00216369 -0.00229212 -0.00179467
internal_weight=22975 1294 21681 587 496 110 386 21094 1072 678 20022 9791 10231 1669 9122 1618 8122 805 864 1109 1003 843
internal_count=22975 1294 21681 587 496 110 386 21094 1072 678 20022 9791 10231 1669 9122 1618 8122 805 864 1109 1003 843
cat_boundaries=0 12 14 27 29 34 36 38 40 54 68 70 84 86 100 114 116 117
cat_threshold=62930968 1064960 1610612944 2149580864 16640 0 0 64 0 2113648 65544 659552 2282262652 268344 68 2147549184 0 268435456 2147483656 64 0 268435456 32772 67108868 8388608 8 2232322 16793602 17024 33554432 0 1610612736 2097152 16384 144200194 2564 4112 3 381044270 266151 2359296 1076103168 0 128 268468228 4 768 134225920 4096 1073872896 805437440 1 533805 4 327680 100925440 2147483648 128 268500996 4 512 134225920 4096 131072 872546336 270532609 8398113 1 269747724 264229 2147483649 116 4096 41473 1208123392 570429440 0 1073741824 66560 1281 2097152 1081348 2148532224 4 3221328016 172096 1 1108 4097 8193 134348800 587205632 0 1073741824 66560 1280 2101248 16785796 2148532352 2 262144 2048 0 0 32768 0 0 0 0 1073741824 268435456 0 44 4 2684356608 82008 84
is_linear=0
shrinkage=0.045


Tree=296
num_leaves=23
num_cat=15
split_feature=0 3 0 3 0 5 5 5 5 5 3 1 3 0 0 0 0 5 3 0 5 4
split_gain=1.16184 1.61214 0.96536 0.771674 0.51638 0.457386 0.621268 0.569176 0.456043 0.415766 1.0682 0.45984 0.432737 2.2039 1.78311 1.18958 1.18884 0.809783 0.68252 0.712436 0.706123 0.692731
threshold=0 1 2 3 4 5.625819309938989 4.6298509007569537 4.0342014792848504 2.9700856263602158 6.462248816637195 5 6 7 8 9 10 11 3.9219243190762363 12 13 6.3465127852423047 14
decision_type=9 9 9 9 9 8 10 10 10 10 9 9 9 9 9 9 9 10 9 9 8 1
left_child=1 -1 3 -2 -3 6 7 8 -6 12 -11 -12 14 -14 -4 17 18 -15 19 -16 -20 -21
right_child=2 4 9 -5 5 -7 -8 -9 -10 10 11 -13 13 15 16 -17 -18 -19 20 21 -22 -23
leaf_value=4.3475136825823775 -4.4882200497229565 -1.512462333298221 5.7413215978535455 8.539640379431173 -5.4252815916306174 -111.42619113407346 59.249637735620162 -48.468117950936644 -0.35837747501084327 56.108912589170131 86.972151224047096 -10.85179605639382 32.943437589387614 -33.229737904502379 -4.009329305302364 0.77932769253284573 -0.63845926863732883 -1.9776006035481091 -0.62943108982205198 -34.629611069811389 -1.5145346411927771 -38.087745035487771
leaf_weight=387 135 335 1750 610 47 51 42 45 86 344 120 290 1217 496 254 6363 8522 844 602 131 35 269
leaf_count=387 135 335 1750 610 47 51 42 45 86 344 120 290 1217 496 254 6363 8522 844 602 131 35 269
internal_value=-1.273e-05 -0.00150896 5.56517e-05 0.00163474 -0.00294175 -0.0044364 -0.00364865 -0.0048 -0.00323333 -6.35156e-07 0.00103571 -0.000533175 -3.88819e-05 0.000196485 -0.000220432 -8.57419e-05 -0.000456641 -0.00129808 -0.00172333 -0.00274324 -0.000644838 -0.00393204
internal_weight=22975 993 21982 745 606 271 220 178 133 21237 754 410 20483 8920 11563 7703 9813 1340 1291 654 637 400
internal_count=22975 993 21982 745 606 271 220 178 133 21237 754 410 20483 8920 11563 7703 9813 1340 1291 654 637 400
cat_boundaries=0 13 15 28 30 43 45 47 49 63 76 89 103 105 118 119
cat_threshold=20971596 2147551232 0 268435456 8 64 0 268435456 32772 67125252 545259520 4104 2232578 2332069986 152232 2155872257 1327104 1073742032 2147491840 2147483652 0 0 134217728 0 33 131080 131168 8192 544 69664 16777216 67584 0 0 0 64 0 0 32768 67125248 536870912 0 2228480 135824898 6180 540676 2048 186898028 136847 33603600 102760468 603983873 32768 1114112 260 0 0 4096 163840 2162864 2621440 33 6 65536 1024 2147483648 5 134365248 33557505 128 24576 65536 2621714 0 285223424 8406656 0 64 0 133 1208090688 33554433 640 16384 67584 2621714 268435456 285224448 18048 311296 1176502324 67112960 512 268435456 260 0 32832 4096 1073872896 65696 1048576 33 16 50331680 4750 0 67108868 4096 0 0 0 0 32768 0 131072 128 0 33 2
is_linear=0
shrinkage=0.045


Tree=297
num_leaves=23
num_cat=18
split_feature=0 3 0 3 3 0 0 3 3 0 3 1 5 0 0 0 3 5 5 3 0 5
split_gain=0.964396 1.8124 0.66884 1.84219 0.584478 1.70975 1.42349 1.16235 1.13849 0.836461 1.0383 0.821427 0.776066 0.756949 0.748293 0.693984 0.651566 0.554024 0.93484 0.522084 1.21687 1.02761
threshold=0 1 2 3 4 5 6 7 8 9 10 11 3.1567740231385479 12 13 14 15 5.0657496176235997 5.310736838221497 16 17 5.7853612818482238
decision_type=9 9 9 9 9 9 9 9 9 9 9 9 10 9 9 9 9 10 10 9 9 10
left_child=1 -1 3 -2 6 7 8 11 14 10 12 -6 -7 -8 -4 17 -16 -9 -19 20 -11 -22
right_child=2 -3 4 -5 5 9 13 15 -10 19 -12 -13 -14 -15 16 -17 -18 18 -20 -21 21 -23
leaf_value=-11.947506015359712 3.3697135111426162 40.086670175120354 1.203959405070377 -2.8610205630508552 -28.433375738473714 4.2080737445486509 3.522674874156118 5.5159879547903481 -35.107321498365742 21.715219996036581 0.98409988106858493 5.4398959736712342 -39.638265074859788 -0.44943075731357723 -8.5136845196445492 115.41590362661199 -1.2805926190775625 -46.759118943268284 65.929895110938688 -0.86837489844529814 0.099674263315739281 -23.623430902289925
leaf_weight=346 583 797 998 852 340 106 1371 387 724 1049 754 282 531 6893 125 857 231 41 69 4495 1091 53
leaf_count=346 583 797 998 852 340 106 1371 387 724 1049 754 282 531 6893 125 857 231 41 69 4495 1091 53
internal_value=-8.81299e-06 0.00125844 -7.58101e-05 -0.00101071 -9.48094e-06 0.000234678 -0.000246861 0.001417 -0.00129617 -5.61734e-05 -0.00105524 -0.000198738 -0.00237827 1.84874e-05 -0.000513909 0.00215447 -0.00225 0.000769155 -0.00200893 0.000153134 0.000720408 -0.000295848
internal_weight=22975 1143 21832 1435 20397 10055 10342 1976 2078 8079 1391 622 637 8264 1354 1354 356 497 110 6688 2193 1144
internal_count=22975 1143 21832 1435 20397 10055 10342 1976 2078 8079 1391 622 637 8264 1354 1354 356 497 110 6688 2193 1144
cat_boundaries=0 12 14 28 30 32 45 59 61 63 76 78 80 93 106 119 120 122 135
cat_threshold=42008577 1074806848 1610612944 2147491840 147460 0 0 16384 0 1075839008 196608 269095008 2148008048 86056 16793676 2147551232 0 268436032 0 65 0 268435456 32776 67158532 545259520 9 2232609 4 139112562 201232 778294828 134790 4456464 77856768 2147483648 0 2148564992 536871940 128 32768 4096 135249 67108920 2149580944 67108864 4456464 77856788 2147483649 32784 1081344 4 128 32832 536875008 131153 67108864 2097296 8200 16 1367605250 40984 205607968 1156 4096 8224 4096 128 1342177608 2048 512 1073741824 2048 2048 50335744 17833988 2148549120 3246661632 20744 1024 1024 2147487744 32 4096 128 268435784 50337792 512 1207959552 0 256 52432896 16787460 2156938880 16 75759632 0 0 1048576 0 0 0 536870912 0 0 2097296 8200 0 8388608 0 0 2148532224 536871940 0 0 0 4176 67108880 0 67108864 138416160 1367605504 49432 1073774592 131076 1 2097157 142606336 0 0 0 536871940 5767178 134217856 2048 8200
is_linear=0
shrinkage=0.045


Tree=298
num_leaves=23
num_cat=19
split_feature=0 0 3 5 0 3 1 2 0 3 0 3 1 0 3 3 5 4 3 5 0 3
split_gain=1.10036 0.969344 1.20425 1.23164 0.775431 0.634122 0.589942 0.531258 1.99761 1.65313 1.3557 1.07254 1.05162 0.843456 0.952202 0.713594 0.69322 0.984815 0.676354 0.71598 0.665035 1.30808
threshold=0 1 2 4.1026092131977068 3 4 5 6 7 8 9 10 11 12 13 14 1.4978661367769956 15 16 3.7494348669884658 17 18
decision_type=9 9 9 10 9 9 9 9 9 9 9 9 9 9 9 9 10 1 9 10 9 9
left_child=5 2 6 4 -4 -1 -2 13 11 10 -10 -9 15 14 -3 -11 17 -12 19 -18 21 -15
right_child=1 7 3 -5 -6 -7 -8 8 9 12 16 -13 -14 20 -16 -17 18 -19 -20 -21 -22 -23
leaf_value=137.38570794017912 -1.1588518444522471 9.5445237970559056 -0.9751393072273401 -0.019137120728569046 -4.0557713601018515 1.0168526910537874 47.01918044396605 1.0283146399802148 75.442287778762704 7.8782446595886215 129.46471235460089 131.39839653263815 -27.600735506859724 -3.0082414746491173 -37.854544656287246 -3.0616007153740417 -31.674729502408155 -230.32238700931097 7.4188838217407582 2.4611089553264063 -0.45992785820795945 6.5993618005577579
leaf_weight=210 180 102 110 248 262 359 236 487 372 405 48 974 602 542 231 344 168 67 670 431 14902 1025
leaf_count=210 180 102 110 248 262 359 236 487 372 405 48 974 602 542 231 344 168 67 670 431 14902 1025
internal_value=-4.89603e-06 -5.50003e-05 -0.00139122 -0.00263449 -0.00430749 0.00192857 0.000483645 1.0523e-05 0.000440175 -0.000206316 0.000702489 0.0018055 -0.00138335 -0.000106518 -0.0023087 -0.000242444 4.51291e-05 -0.00326923 0.000350512 -0.000743862 -6.0342e-05 0.000817923
internal_weight=22975 22406 1036 620 372 569 416 21370 4568 3107 1756 1461 1351 16802 333 749 1384 115 1269 599 16469 1567
internal_count=22975 22406 1036 620 372 569 416 21370 4568 3107 1756 1461 1351 16802 333 749 1384 115 1269 599 16469 1567
cat_boundaries=0 12 25 27 40 42 44 45 58 60 73 75 77 90 92 94 95 97 110 112
cat_threshold=8388624 2148794368 3221225680 32832 268435456 0 0 64 8 2080 0 268570720 20971596 1073807360 0 268435456 8 65 128 268451840 32768 1140899845 537001984 8 2232608 2320601200 150048 0 65536 0 0 8 0 0 0 0 16384 0 0 131360 151520274 131236 1589520 9 135 2129920 85999620 1 2147483648 9437440 536870912 0 0 0 2097152 0 2150106112 8437772 547322448 176918 0 64 0 0 16809984 0 0 0 4 4104 16777216 1057024 512 146970210 262712 1612202032 68096 16384 4 1 512 0 0 256 0 0 512 0 524288 16384 528 2188 2319483906 2176 4 545849344 12292 33882112 8388640 805306368 2097281 16384 16778244 512 1073782784 524420 2149581058 67108896 16779264 2176 189087762 150112
is_linear=0
shrinkage=0.045


Tree=299
num_leaves=23
num_cat=16
split_feature=0 3 5 0 3 5 0 5 5 0 3 4 0 5 4 2 3 0 1 0 5 0
split_gain=1.33216 1.3973 1.20799 0.899806 0.887814 0.585832 0.707644 0.92041 0.942628 0.548563 0.571617 0.654357 0.525483 0.437186 0.419863 0.419384 1.39369 1.58704 1.20614 1.18844 1.11579 1.75455
threshold=0 1 4.516324041782946 2 3 5.0072908000208587 4 3.9019216517693867 3.4175922930736511 5 6 7 8 4.3107766033702406 9 10 11 12 13 14 5.6646935841241897 15
decision_type=9 9 10 9 9 10 9 10 10 9 9 1 9 10 1 9 9 9 9 9 8 9
left_child=1 12 9 4 5 6 7 8 14 -3 11 -11 -1 -8 -2 16 17 -5 -19 -18 -17 -22
right_child=3 2 -4 15 -6 -7 13 -9 -10 10 -12 -13 -14 -15 -16 20 19 18 -20 -21 21 -23
leaf_value=11.446659564810627 48.16175964686061 -1.4906893676794537 2.4613996498925177 0.4013682356415802 19.674059824748586 47.617403014441578 10.112475520810126 0.5057933874679833 -172.75576249569673 -43.405098147865552 -6.2239187485485639 142.33618181695715 -2.5664764159101265 -12.284713502892515 -42.849024946098865 -0.19315397152843353 -4.616645415498513 -158.20734460448531 -8.8064557062868207 5.0029978026647566 108.90926771400517 2.3244222293271619
leaf_weight=284 49 118 186 1542 1082 102 174 128 35 68 321 39 333 48 36 12241 797 141 1405 1616 661 1569
leaf_count=284 49 118 186 1542 1082 102 174 128 35 68 321 39 333 48 36 12241 797 141 1405 1616 661 1569
internal_value=-2.64393e-05 -0.00139199 -0.00270968 5.94789e-05 0.00106423 -0.000369863 -0.00104873 -0.00263077 -0.00553279 -0.00381022 -0.00452045 -0.0012479 0.000193164 0.000807692 -0.00284483 -2.43193e-05 -0.000358335 -0.00099 -0.00200449 0.000450928 0.000102845 0.00102823
internal_weight=22975 1349 732 21626 1654 572 470 248 120 546 428 107 617 222 85 19972 5501 3088 1546 2413 14471 2230
internal_count=22975 1349 732 21626 1654 572 470 248 120 546 428 107 617 222 85 19972 5501 3088 1546 2413 14471 2230
cat_boundaries=0 13 15 28 30 43 53 55 56 69 70 71 73 86 88 101 115
cat_threshold=20971596 3221293060 0 268468224 0 65 128 268451840 32780 1140899844 537001984 8 10617088 38739506 147512 42024960 9699328 1610612945 2147483840 16384 0 0 1073741888 0 3148322 0 2756704 128 2194112580 203064 65536 8388608 536870913 128 0 0 0 0 0 2097154 0 2097152 128 0 65536 0 0 0 0 0 0 32772 67125248 2147516480 76288 4 4194304 2052 0 0 0 0 0 268435456 0 1073774592 536870912 0 8388608 4 35 551278162 459972 0 32 0 0 8519936 0 0 0 1024 2147483912 16777400 34564 2147484705 68 512 32768 131104 0 0 8519936 0 0 65536 0 16 16777360 256 33 2392064 33555472 0 0 32768 1028 0 8192 0 524296 0 8192 2147525136 4
is_linear=0
shrinkage=0.045


Tree=300
num_leaves=23
num_cat=15
split_feature=0 0 3 5 5 5 5 1 5 0 3 5 5 0 3 0 0 0 3 0 3 0
split_gain=1.4227 1.03111 1.35212 0.983507 0.568479 0.597734 0.575541 0.574022 0.550998 0.514291 1.13475 0.925565 1.98284 0.516128 0.467244 2.26939 1.81672 1.19822 1.06462 0.880613 0.758026 0.612315
threshold=0 1 2 4.516324041782946 4.2972622671762819 4.1026092131977068 3.9219243190762363 3 2.6735537653587347 4 5 4.8322978221268906 4.5900436644025815 6 7 8 9 10 11 12 13 14
decision_type=9 9 9 10 10 10 10 9 10 9 9 8 10 9 9 9 9 9 9 9 9 9
left_child=-1 2 -2 4 5 6 7 -4 -9 10 11 12 13 -3 15 18 -16 -17 -11 20 -18 -20
right_child=1 9 3 -5 -6 -7 -8 8 -10 14 -12 -13 -14 -15 16 17 19 -19 21 -21 -22 -23
leaf_value=108.08065904458712 7.5818047797432593 -102.25900043497641 -6.0377929407789939 1.8716770752476584 -103.5167092902299 11.423067717659521 -24.848208308726463 -5.8552584309278215 8.2918980809386102 0.77368693956559398 25.330061638699249 7.9433279649393507 -337.40299895300905 1.5385779449673036 -3.0840227557161453 7.0348455110923185 0.6704385424622884 -0.47995477496278482 -24.749552166347801 0.62739133740750996 37.433787551139829 -16.926315172161253
leaf_weight=235 344 104 163 184 39 38 39 91 102 472 875 306 42 238 2695 1396 1063 6039 137 5794 1408 1171
leaf_count=235 344 104 163 184 39 38 39 91 102 472 875 306 42 238 2695 1396 1063 6039 137 5794 1408 1171
internal_value=-2.64393e-05 -6.3291e-05 -0.00146739 -0.00265419 -0.00377848 -0.00327931 -0.00379723 -0.00319274 -0.00125122 2.06894e-06 0.000784718 -0.000576923 -0.00205181 -0.000889535 -5.90725e-05 -0.000295058 0.000139446 5.13631e-05 -0.0017327 0.000470279 0.00117982 -0.00239318
internal_weight=22975 22740 1000 656 472 433 395 356 193 21740 1565 690 384 342 20175 9215 10960 7435 1780 8265 2471 1308
internal_count=22975 22740 1000 656 472 433 395 356 193 21740 1565 690 384 342 20175 9215 10960 7435 1780 8265 2471 1308
cat_boundaries=0 12 25 27 29 41 43 55 57 71 85 99 101 115 117 131
cat_threshold=65536 1048576 335544400 16 0 0 0 0 0 32 2097152 131168 20971532 65540 0 268468288 0 64 128 268435456 32776 1141915652 537001984 8 10617088 2190018578 2088 18 2320 10518592 2147745792 1610612864 2147491845 268451904 16777216 0 0 524288 2166491648 32 2625536 5554704 70584 2097152 0 1073741824 0 0 0 0 0 0 2097152 0 2097152 4288884516 26645 278544 85994496 0 640 1114624 0 0 1073759232 4096 17 8388608 16785409 4141 5 2147487745 33554528 0 2097152 3364356096 2048 512 32768 67584 558088 1509953536 1081348 67108864 2 2147487745 33570816 4096 2097152 134742024 33555716 0 32768 65536 557058 1107300368 32772 67108864 2 1275077920 8208 278544 69348352 2147483648 640 98304 0 0 1073758208 4096 81 8388736 2164269056 1053704 5 839682 393992 0 2097152 0 640 1048576 0 0 1073741824 0 16 0 0 4096 4
is_linear=0
shrinkage=0.045


Tree=301
num_leaves=23
num_cat=19
split_feature=0 3 0 5 2 5 0 3 2 0 3 0 0 0 3 0 3 4 3 0 0 5
split_gain=1.42814 1.14306 1.13257 0.497317 0.632047 0.657265 0.450811 1.05406 0.819737 0.626207 0.554084 1.7137 1.63287 1.24919 1.08452 0.970265 1.15009 1.05411 0.74567 1.66873 0.894005 0.709115
threshold=0 1 2 4.7999057951650004 3 0.89587973461402759 4 5 6 7 8 9 10 11 12 13 14 15 16 17 18 3.4498615536424366
decision_type=9 9 9 10 9 10 9 9 9 9 9 9 9 9 9 9 9 1 9 9 9 10
left_child=1 -1 -2 4 5 -3 7 8 -4 -10 12 14 21 -13 -12 16 -14 -18 19 -15 -20 -8
right_child=2 3 6 -5 -6 -7 10 -9 9 -11 11 13 15 18 -16 -17 17 -19 20 -21 -22 -23
leaf_value=21.687144723010324 13.686443493846831 15.27964692568243 269.9482992334726 -0.16731270256130007 -11.623115695073011 -4.4823761910106299 -1.3880124680115196 13.965737652068976 -120.52463622090177 -0.66108104837556247 -1.6155344007560015 3.4519145782182967 0.59161151257951028 0.093357544270266338 46.159363583914917 -1.4991430991829773 -21.75308949360566 9.9802876533352816 26.776928954386005 -23.216511099521359 -1.0756230746134123 10.836804735643504
leaf_weight=236 437 88 107 136 107 291 442 874 124 941 403 3935 299 1198 920 6842 392 103 499 1113 1859 1629
leaf_count=236 437 88 107 136 107 291 442 874 124 941 403 3935 299 1198 920 6842 392 103 499 1113 1859 1629
internal_value=-3.23148e-05 -0.00182069 3.80272e-05 -0.00282492 -0.00354098 -0.00242839 -8.29782e-06 0.000625365 -0.000258446 -0.000647632 -7.46715e-05 0.000161636 -0.000316236 -7.10305e-05 0.0016618 -0.000620162 -0.00209926 -0.00341716 -0.000568148 -0.00114098 -3.7973e-06 0.000801488
internal_weight=22975 858 22117 622 486 379 21680 2046 1172 1065 19634 9927 9707 8604 1323 7636 794 495 4669 2311 2358 2071
internal_count=22975 858 22117 622 486 379 21680 2046 1172 1065 19634 9927 9707 8604 1323 7636 794 495 4669 2311 2358 2071
cat_boundaries=0 13 15 27 28 41 43 44 56 58 72 86 100 102 116 118 119 121 134 147
cat_threshold=4194380 2147549184 2147483648 2147516480 0 16777216 0 268435456 32776 1140867137 547487744 8 10617088 2194739298 157696 65536 1310720 1073741904 144 512 0 128 1073742848 0 2147484160 0 135264 20 2158018560 33554432 805306496 268443649 268451904 4608 0 0 524416 20062212 32 2621952 270336 676653648 72558 96 0 0 0 8192 268435456 0 0 0 0 0 0 2621440 4007739176 145429 262160 16908288 4096 0 2164293632 64 0 16384 5120 6144 67178512 16787461 1086976 5 1073745920 1149259872 0 2097664 8 33555461 512 32768 67584 524296 1375731840 0 67651588 16 16777217 69216260 67108864 0 135332096 536871168 0 134217728 536870916 4195586 8 2147484800 2147483706 2 269369346 33024 262161 18874372 4096 0 16777472 536870976 0 16448 5120 3104 65552 2049 4096 4 570491392 10244 4 17957008 490 33554432 1040 1 0 9043968 0 0 73728 2048 8 134217728 268468496 18437 1073741824 8388640 0 2097152 0 0 0 0 0 8945664 50331776 1048576 128
is_linear=0
shrinkage=0.045


Tree=302
num_leaves=23
num_cat=19
split_feature=0 0 3 0 4 3 0 3 5 5 5 3 0 0 3 1 0 3 0 3 0 0
split_gain=1.35288 1.0229 0.89417 0.631647 0.444583 1.00455 0.78396 0.940646 0.83408 0.699646 0.702301 0.992437 0.750964 0.740735 0.679991 0.638782 0.601319 2.2364 0.878762 0.857444 0.640776 0.63335
threshold=0 1 2 3 4 5 6 7 3.1567740231385479 1.7005986908310777 2.8029010331479989 8 9 10 11 12 13 14 15 16 17 18
decision_type=9 9 9 9 1 9 9 9 8 8 8 9 9 9 9 9 9 9 9 9 9 9
left_child=2 -2 -1 -4 5 -3 7 8 -6 -8 11 -11 -13 14 -12 -14 17 20 -19 -20 -15 -21
right_child=1 4 3 -5 6 -7 9 -9 -10 10 13 12 15 16 -16 -17 -18 18 19 21 -22 -23
leaf_value=-6.6189119248585815 7.5034475573835788 -14.426477362229777 54.031790439590736 -1.7749306368307334 -43.922255543925182 -0.20551006219942269 24.208713034427252 46.309595298189393 2.266180959231634 2.7026681379445967 -0.35479074475934608 4.58519344082909 -86.921884970753766 3.5843479562032745 33.236024626069998 -16.914835544763545 -0.12341169834146398 -5.3742026481928313 22.509286054798253 -4.7991208324910088 -11.987383801651204 3.1288691685179288
leaf_weight=231 470 253 105 352 144 724 494 998 900 320 240 108 112 131 429 272 15064 222 388 237 558 223
leaf_count=231 470 253 105 352 144 724 494 998 900 320 240 108 112 131 429 272 15064 222 388 237 558 223
internal_value=-5.7775e-05 3.43081e-06 -0.00200571 -0.000796375 -4.18478e-05 -0.00097906 2.15927e-06 0.000836904 -0.000110795 -8.8995e-05 -0.000134218 -0.00142629 -0.00266071 -7.40824e-05 0.00138106 -0.00359091 -0.000132848 -0.000917278 0.000374307 0.00103605 -0.00289515 -0.000286017
internal_weight=22975 22287 688 457 21817 977 20840 2042 1044 18798 18304 812 492 17492 669 384 16823 1759 1070 848 689 460
internal_count=22975 22287 688 457 21817 977 20840 2042 1044 18798 18304 812 492 17492 669 384 16823 1759 1070 848 689 460
cat_boundaries=0 13 25 27 37 38 40 53 55 57 69 83 85 87 100 102 115 117 130 141
cat_threshold=4194380 2147549184 0 2415951872 0 1 640 268435456 32776 67125313 8388608 8 10616832 8454144 1310720 1073741904 8208 2164261376 64 0 16384 0 0 0 131168 134742528 164 68 0 0 0 0 1 512 268435456 0 67108928 1 32960 20620 35684352 0 2952790144 64 268582980 0 0 0 524288 3240232964 536870920 2622080 1050752 697485840 498443 1761756240 151560 0 5120 0 0 524288 0 0 0 0 8388610 150994944 2147484672 16 0 100663296 641 0 516 0 0 7168 1048592 65536 0 20482 16 2174501906 4 1073741824 1546 3221241857 18892884 0 0 1048840 16777216 0 1073750080 0 800 33689600 16781312 525568 2713870658 348545 1073758208 16384 0 0 0 16777216 0 64 0 256 0 16777216 1024 134746644 8232 1073741824 0 0 0 0 0 0 0 0 256 33554432 16777216 1024 0 18876436 0 0 1048576 0 0 0 0 0 33554432
is_linear=0
shrinkage=0.045


Tree=303
num_leaves=23
num_cat=20
split_feature=0 3 0 2 0 3 0 5 0 0 3 5 3 3 1 0 1 3 0 0 0 3
split_gain=1.49686 1.43273 1.20754 0.492306 1.93067 1.21782 1.25452 1.24976 0.857882 0.792055 1.66619 0.736774 0.735991 0.680648 0.855417 0.771265 0.648428 0.640205 1.76572 1.70333 0.857985 0.832691
threshold=0 1 2 3 4 5 6 4.7578820629520608 7 8 9 2.3502401828962087 10 11 12 13 14 15 16 17 18 19
decision_type=9 9 9 9 9 9 9 10 9 9 9 10 9 9 9 9 9 9 9 9 9 9
left_child=1 -1 -2 9 -5 8 7 12 -6 10 -4 -10 -7 14 -8 -15 -17 19 -19 -11 21 -21
right_child=2 -3 3 4 5 6 13 -9 11 17 -12 -13 -14 15 -16 16 -18 18 -20 20 -22 -23
leaf_value=8.4874666438295137 9.6575070189152452 -3.9324648491718492 11.747586703671358 308.04958614051429 3.6906425209480003 -53.240357557191111 -24.383513286461234 284.75861003427224 108.58094417748117 5.8798936274999418 -24.171854338225767 -34.823795596471882 42.416630436819524 22.809691117777536 -1.7076126522111568 -46.116259704450648 0.80093843058895864 21.290274509506727 0.038686463200286243 -1.1454737226012994 -1.0133144532121192 -22.063139512713814
leaf_weight=229 550 505 228 454 128 245 124 429 50 1264 451 481 509 358 725 220 868 632 7773 746 4827 1179
leaf_count=229 550 505 228 454 128 245 124 429 50 1264 451 481 509 358 725 220 868 632 7773 746 4827 1179
internal_value=-4.40656e-05 -0.00202681 2.24466e-05 -3.08942e-05 0.000382251 7.26683e-05 0.000410029 0.00159289 -0.00168331 -0.000142005 -0.00163459 -0.0024779 0.0005 -0.000204811 -0.00120732 0.000388889 -0.000212727 -7.91394e-05 0.000195141 -0.000366592 -0.00065065 -0.00145199
internal_weight=22975 734 22241 21691 4591 4137 3478 1183 659 17100 679 531 754 2295 849 1446 1088 16421 8405 8016 6752 1925
internal_count=22975 734 22241 21691 4591 4137 3478 1183 659 17100 679 531 754 2295 849 1446 1088 16421 8405 8016 6752 1925
cat_boundaries=0 13 15 27 28 41 43 56 68 81 83 85 87 89 102 104 106 120 133 147 149
cat_threshold=4194380 65536 0 2415951872 2147483652 1 640 268435456 32776 1140850689 8388608 268435464 8519680 2210403344 133128 8454144 1048576 1342177488 8384 0 64 0 1073758208 0 2147484192 8 135264 135 2129920 67108864 1 0 0 0 0 0 0 0 16777216 2148007936 16384 1459651876 131080 33554432 2097152 0 512 65536 0 0 0 65536 2098184 134217728 2106640 540 0 6148 0 0 0 0 0 0 0 0 0 2098176 0 2166358020 1 512 147456 2048 256 64 0 0 2097152 524288 2113536 37426 2720 8520320 14340 2822832202 348368 2048 1028 262144 16777284 0 0 16809984 0 0 65536 0 4096 0 32768 2147483648 268959744 67072 641813080 151252 2097168 32 2147483648 1 1048576 50332676 0 134217728 0 2113552 32 2048 3456 1 50335745 132128 536875008 2097152 268959744 0 0 32768 3072 1048906 1342312448 17827845 4128 1075855376 1141125120 2147483648 1 1048584 50332672 0 8192 0 2113552 134283424 32768 33800 21 4211264 1216
is_linear=0
shrinkage=0.045


Tree=304
num_leaves=23
num_cat=17
split_feature=0 3 0 0 4 1 3 3 2 3 0 5 3 5 0 5 0 5 3 0 5 0
split_gain=1.90527 1.34511 1.06721 0.842533 0.964689 0.658753 0.636312 0.545498 0.468735 1.01532 0.912311 1.12292 0.882657 0.784032 0.780739 0.692779 0.667224 0.572357 0.583554 0.571028 0.536802 1.42045
threshold=0 1 2 3 4 5 6 7 8 9 10 4.8322978221268906 11 2.1383330595080281 12 4.7050052835523761 13 1.7005986908310777 14 15 4.135134555718313 16
decision_type=9 9 9 9 1 9 9 9 9 9 9 10 9 8 9 10 9 8 9 9 10 9
left_child=1 5 7 4 -3 -1 -5 -2 9 -4 11 12 13 -10 -14 16 -15 18 -12 -11 21 -19
right_child=2 3 8 6 -6 -7 -8 -9 10 19 17 -13 14 15 -16 -17 -18 20 -20 -21 -22 -23
leaf_value=50.399896724353319 -2.9344772715361316 -8.1344893010677488 -8.5902828111491303 -4.0228206879355826 -3.3159245946494784 -2.6638710702071098 -0.56175093180196145 51.866960078193678 -77.2494825699534 -30.005397855126702 -5.2935639955453491 68.62739927274248 -0.33435023803896236 -38.446623520450686 22.658485192987179 -194.83280691510595 3.2354148900337574 -23.767834531051289 68.233911517130366 3.0651375190127426 0.36335802158896896 -0.50895284434184873
leaf_weight=135 128 51 796 109 62 198 375 343 49 103 103 620 589 145 603 36 523 566 376 776 9742 6547
leaf_count=135 128 51 796 109 62 198 375 343 49 103 103 620 589 145 603 36 523 566 376 776 9742 6547
internal_value=-2.44808e-05 -0.00200637 6.01851e-05 -0.0032734 -0.006732 0.0003 -0.00232258 0.00215217 1.33421e-05 -0.000706876 7.4356e-05 0.000864377 0.000335131 -0.000864706 0.00109136 -0.000484419 -0.000147761 -4.30645e-05 0.00148753 0.000348485 -8.6759e-05 -0.000383907
internal_weight=22975 930 22045 597 113 333 484 471 21574 1675 19899 2565 1945 753 1192 704 668 17334 479 879 16855 7113
internal_count=22975 930 22045 597 113 333 484 471 21574 1675 19899 2565 1945 753 1192 704 668 17334 479 879 16855 7113
cat_boundaries=0 13 15 27 38 39 41 43 45 46 48 62 64 78 90 92 105 118
cat_threshold=4194380 2147549184 0 2415952384 2164260868 65 128 402653184 32776 67125313 8388608 268435464 10617088 2152792144 31240 8470528 1310720 3489661136 8192 0 0 0 0 0 512 65536 135264 8 0 0 33280 0 1 0 268435456 0 1 8388608 4 134234179 1 5120 65696 33554480 69640 1 2182792284 14401 35684352 8388608 536870912 68 268451904 0 0 0 526340 19005460 4240 2625152 2 4 2721595410 75944 32768 8388608 0 0 0 0 0 0 0 2228224 0 2622464 0 4 2097152 0 0 4 268435456 0 0 0 2048 0 0 2176 8404992 4100 0 0 0 0 0 0 0 0 0 0 0 3200 16 262160 1124089860 1 16 1048576 16777216 0 0 65536 0 35651584 8192 541312
is_linear=0
shrinkage=0.045


Tree=305
num_leaves=23
num_cat=16
split_feature=0 3 0 3 2 5 3 0 4 5 5 5 5 0 5 3 0 0 0 3 0 0
split_gain=2.32503 1.21401 0.854807 1.3395 0.837968 0.797811 0.575966 0.757599 0.744539 0.731183 0.58511 0.55163 0.527968 0.508492 0.504191 0.470523 2.33887 1.94387 1.48252 1.07185 1.0191 0.86101
threshold=0 1 2 3 4 4.3241107269113215 5 6 7 4.7999057951650004 4.2121001622835372 3.3140206880897671 3.6242520361853052 8 4.9732735209982879 9 10 11 12 13 14 15
decision_type=9 9 9 9 9 10 9 9 1 8 10 10 10 9 10 9 9 9 9 9 9 9
left_child=1 5 3 4 11 -1 10 14 -9 12 -3 -2 -10 -13 -8 16 -4 -17 19 -18 -19 -21
right_child=2 6 15 -5 -6 -7 7 8 9 -11 -12 13 -14 -15 -16 17 18 20 -20 21 -22 -23
leaf_value=-2.0329863128657992 -58.855044347702517 -0.72954298393129213 9.7739115994949053 15.11688440765243 143.51047813824843 -9.0471963815078258 11.102602997043942 -2.4833931113579348 -1.8968330941440055 -0.27354028262934826 12.520472013733258 20.195397052358469 -12.139960994658612 -16.805405396803181 -7.9667849095453498 11.970745575603363 -39.716876616539778 -5.0033926373772806 -0.73657258934454883 -0.58652998343432705 0.83892820316731376 -5.0793136311550544
leaf_weight=86 150 133 1860 941 223 36 166 146 57 60 95 107 73 367 45 2051 483 2220 6738 934 5591 413
leaf_count=86 150 133 1860 941 223 36 166 146 57 60 95 107 73 367 45 2051 483 2220 6738 934 5591 413
internal_value=-6.1692e-05 -0.00229208 3.01496e-05 0.00097 -0.000330035 -0.00631343 -0.00157243 -0.00235868 -0.00367241 -0.005625 0.0003375 -0.00117453 -0.0075 -0.000434874 -0.000181614 -5.31966e-05 -0.000263793 0.000169536 -0.000577972 -0.0017101 -0.000154736 -0.00103642
internal_weight=22975 897 22078 1788 847 122 775 547 336 190 228 624 130 474 211 20290 10428 9862 8568 1830 7811 1347
internal_count=22975 897 22078 1788 847 122 775 547 336 190 228 624 130 474 211 20290 10428 9862 8568 1830 7811 1347
cat_boundaries=0 13 15 27 29 30 32 45 46 58 60 73 87 101 103 116 130
cat_threshold=4194376 64 2415919104 2415952384 2164260868 65 128 402653184 32776 67125253 8388608 268435464 8388610 16781312 65696 2158067712 1074806784 1610612945 20 16448 16777216 0 0 589824 2166358032 0 2754656 2286151708 102904 7 2281702976 18968 0 64 2147483648 32768 16777220 0 0 0 8 16385 0 268435456 8388608 2 2155872256 0 1073741824 16 0 0 0 0 0 16 0 2048 719687528 285781 1073745920 33689600 0 2097281 268435464 33555460 768 32768 0 9961472 2013265920 16777360 67129348 50593796 83888128 0 8192 1081600 536875264 0 16384 5120 134146 65584 0 2131496 6 50610197 16842756 0 8192 1081344 536875008 0 17408 4096 2626 65576 4096 2148040744 4 169872200 262160 1073745920 33685536 0 2097281 1350565896 3076 512 32768 0 9961472 1746927616 16811024 67113220 1 16842756 0 0 1081344 536870912 0 0 0 0 32 4096 2148007944 4
is_linear=0
shrinkage=0.045


Tree=306
num_leaves=23
num_cat=20
split_feature=0 3 0 0 0 1 3 4 0 3 0 5 3 0 5 0 3 0 0 3 0 2
split_gain=2.009 1.59917 0.928793 0.640906 0.601301 0.470178 1.60267 1.43341 1.48602 1.74442 0.90776 0.876478 0.718595 0.791428 0.676832 0.889685 0.616337 2.32295 1.16207 0.950983 0.817585 0.851287
threshold=0 1 2 3 4 5 6 7 8 9 10 3.3497501700808394 11 12 5.2496487501035594 13 14 15 16 17 18 19
decision_type=9 9 9 9 9 9 9 1 9 9 9 10 9 9 8 9 9 9 9 9 9 9
left_child=1 4 -2 -3 -1 6 10 11 9 14 -4 -8 -10 -14 15 -9 17 -7 19 -18 21 -20
right_child=2 3 5 -5 -6 16 7 8 12 -11 -12 -13 13 -15 -16 -17 18 -19 20 -21 -22 -23
leaf_value=19.380860140252526 33.498753713361268 -0.84389183237621579 -0.57960819938541286 -5.4489148500117475 -1.4881868354226222 3.8078804273947982 -23.536733683283568 53.338777640927489 17.914354863718671 -53.912822369829698 57.973964596970475 119.36558764816296 -53.549045378727925 5.5145029657692302 82.025076682866484 -25.749438195984407 -1.2788923483848584 -5.2098915899428082 59.236366701008272 12.64068364906597 -2.0826554707191791 -0.52712206293024411
leaf_weight=210 216 240 246 379 207 1333 103 119 357 435 909 463 121 351 127 110 1143 3382 1154 2353 4330 4687
leaf_count=210 216 240 246 379 207 1333 103 119 357 435 909 463 121 351 127 110 1143 3382 1154 2353 4330 4687
internal_value=-6.75674e-05 -0.00199237 2.43954e-05 -0.00343027 0.000178322 -5.58989e-06 0.000484492 -0.000233394 -0.000915536 -0.00229203 0.00183162 0.00171127 0.000422711 -0.000725206 7.33697e-05 -0.00138312 -9.49221e-05 -0.000537867 5.82281e-05 0.000764538 -0.000185161 0.000162225
internal_weight=22975 1036 21939 619 417 21723 3341 2186 1620 791 1155 566 829 472 356 229 18382 4715 13667 3496 10171 5841
internal_count=22975 1036 21939 619 417 21723 3341 2186 1620 791 1155 566 829 472 356 229 18382 4715 13667 3496 10171 5841
cat_boundaries=0 13 15 27 40 53 55 57 58 69 71 82 84 93 102 104 118 132 134 147 148
cat_threshold=4194316 67648 2415919104 2415952384 2147483652 1 640 268435456 32776 1140850693 8388608 268435464 8519682 2194216048 133656 0 1074790400 1073741904 16 16777216 0 0 0 0 2147483648 0 131168 4194304 67584 2415919104 32768 0 0 128 0 0 0 0 268435456 2 0 2112 0 512 0 0 512 268435456 32776 1073741824 0 0 8388608 3892348132 160 1693461410 483633 2 2359296 128057344 1 2097152 32768 1024 0 0 2048 0 65672 16847952 4104 262144 0 4097 8193 131072 0 0 134217728 66560 0 131072 2298626056 2692 33554432 0 4096 128 131072 0 0 0 66560 0 85983232 1 0 0 1024 0 0 2048 652283432 9265 1073741824 9236 0 0 268959744 4 0 65536 0 1086744 167776256 1614336 2147485696 2 2164277264 0 0 0 134217800 16777216 256 16384 4 2755074 268435456 2166364305 49665 5 2281889794 148288 1073741889 4128 0 0 8388608 536870980 0 1073742848 536870912 29369360 83886080 526084 67118140 240
is_linear=0
shrinkage=0.045


Tree=307
num_leaves=23
num_cat=19
split_feature=0 3 0 0 3 5 5 5 0 0 3 3 3 0 3 0 0 0 0 0 4 0
split_gain=1.87063 1.0973 1.07635 0.863006 0.856096 0.823186 0.77279 0.500451 1.86693 1.83825 2.34079 1.60244 1.53305 2.33314 1.47142 2.29233 1.72861 1.36595 1.11753 0.774125 0.902188 0.763571
threshold=0 1 2 3 4 2.9174053685313028 4.4716224665663962 4.5900436644025815 5 6 7 8 9 10 11 12 13 14 15 16 17 18
decision_type=9 9 9 9 9 10 10 10 9 9 9 9 9 9 9 9 9 9 9 9 1 9
left_child=1 5 4 6 -2 -1 -3 9 12 10 -4 17 13 -9 15 -11 -16 -10 -13 20 -14 -18
right_child=2 3 7 -5 -6 -7 -8 8 11 14 -12 18 19 -15 16 -17 21 -19 -20 -21 -22 -23
leaf_value=-3.4765861768238824 -6.3967108166780369 5.2047626831107312 -49.895224414484858 -5.144907568317306 41.294287408724074 3.8467844208647248 -6.9226503271321942 -0.90855657027004355 1.5052324518387796 3.4167681282669995 -0.27398668582949476 -4.6988310674464175 -45.115893923699971 -18.661665456821328 12.227149783329784 -7.2309644596989635 -5.1096838767419879 63.017997128367625 6.4925183888616953 2.3633004439626997 -0.20892694393775632 1.1831768143700327
leaf_weight=91 115 165 690 327 362 276 40 550 836 1296 1123 2112 67 420 1107 3354 707 1232 1874 1325 145 4761
leaf_count=91 115 165 690 327 362 276 40 550 836 1296 1123 2112 67 420 1107 3354 707 1232 1874 1325 145 4761
internal_value=-8.12768e-05 -0.00207958 1.22255e-06 -0.003375 0.00208896 -0.000154353 -0.00093318 -4.60181e-05 0.000221243 -0.000221549 -0.00154603 0.000648368 -0.00080925 -0.00219959 -6.00677e-06 -0.00061776 0.000426978 0.00166154 0.00011931 7.84379e-05 -0.00237054 9.6898e-05
internal_weight=22975 899 22076 532 477 367 205 21599 8561 13038 1813 6054 2507 970 11225 4650 6575 2068 3986 1537 212 5468
internal_count=22975 899 22076 532 477 367 205 21599 8561 13038 1813 6054 2507 970 11225 4650 6575 2068 3986 1537 212 5468
cat_boundaries=0 13 15 27 38 40 54 67 69 71 73 86 88 102 115 128 141 154 155 169
cat_threshold=4194316 2147549248 2415923200 2147516928 2164326404 65 640 268435456 32776 67108869 8388608 8 8519682 2148025968 10776 8388608 1048576 1073742032 2105344 262152 0 0 16384 0 2147483648 8 131168 4194304 65536 2147487744 0 4 0 0 0 32768 67108864 8388608 49712 65536 4096 5168 0 1 277872896 536871172 0 73728 4096 4198466 201330688 2304 2214603777 4 1075838992 60819456 67108865 212 512 0 0 0 4 1075874816 33751040 8192 2642312 538412564 449296 1100615844 78256 2176852776 381361 0 4112 0 0 276824320 0 0 65536 0 4194304 201326592 0 67111936 1182290146 74900 2147745792 67130368 536870912 0 147712 536872192 0 0 1024 8404994 287309952 18350592 2147485729 4 33570817 0 0 0 277872704 0 0 32768 71680 4352 1275072544 17340544 67109888 33554432 92282880 1 0 134742016 1024 0 0 0 8388608 268435584 2147516420 16916 1074036736 2498560 0 0 134250496 33555456 0 0 536871936 540680 16908288 1607184 32792 0 16 0 0 269484288 0 0 0 0 64 201326592 0 3072 2 32768 67125248 536870912 0 0 0 0 0 0 147458 824180864 1048577 32 4
is_linear=0
shrinkage=0.045


Tree=308
num_leaves=23
num_cat=17
split_feature=0 3 0 0 1 5 5 5 4 0 0 3 5 3 0 0 2 3 0 1 0 5
split_gain=1.88806 1.26975 1.13521 1.01552 0.749222 0.895302 0.67457 0.649852 0.560287 1.18184 0.959154 0.799489 0.767237 0.687076 0.926906 0.62122 0.548524 1.62096 1.4831 0.995618 0.811596 0.857618
threshold=0 1 2 3 4 3.7494348669884658 6.0626210638078133 4.9732735209982879 5 6 7 8 4.4829865921051741 9 10 11 12 13 14 15 16 5.8847132099692177
decision_type=9 9 9 9 9 10 8 10 1 9 9 9 10 9 9 9 9 9 9 9 9 10
left_child=1 4 -3 -2 5 -1 7 -4 9 -5 13 12 -11 15 -15 -10 17 18 -12 -20 21 -19
right_child=3 2 6 8 -6 -7 -8 -9 10 11 16 -13 -14 14 -16 -17 -18 20 19 -21 -22 -23
leaf_value=-6.7898730657162369 52.521976355819533 0.19672123718407108 -4.0662211435933395 6.2114838168906461 5.4565329418312372 0.95724082702630298 -0.49928223615073597 -7.0948658522728083 14.25574868673678 -3.7408833805927051 -0.46703387667502416 -2.2390544215411778 -88.928385410765287 0.29465760141543584 101.19942275845074 -5.2955526779762634 0.30964779767807832 11.082976232843686 -180.48416919473516 -15.730524273210474 -1.179556746061373 -59.423413902766555
leaf_weight=45 227 110 242 270 279 76 54 49 356 155 1309 470 60 421 489 636 14532 888 107 928 1213 59
leaf_count=45 227 110 242 270 279 76 54 49 356 155 1309 470 60 421 489 636 14532 888 107 928 1213 59
internal_value=-4.21072e-05 -0.00210208 -0.00370985 3.8632e-05 -0.000218446 -0.00301128 -0.00497899 -0.0059744 6.77944e-06 -0.00105799 5.54443e-05 -0.00203372 -0.00426211 0.00101567 0.00190347 0.000188247 -4.11065e-05 -0.000474313 -0.00129117 -0.00255731 0.000414365 0.00139364
internal_weight=22975 855 455 22120 400 121 345 291 21893 955 20938 685 215 1902 910 992 19036 4504 2344 1035 2160 947
internal_count=22975 855 455 22120 400 121 345 291 21893 955 20938 685 215 1902 910 992 19036 4504 2344 1035 2160 947
cat_boundaries=0 13 15 23 35 37 38 50 63 65 67 80 93 94 96 109 111 124
cat_threshold=4194316 2147549248 2415919104 2147516928 2164326412 16777281 0 268451840 32904 67108869 8388608 8 8519680 2151760944 76316 4194308 0 2147483648 0 65536 64 0 268451840 0 1048576 80 0 262656 32 0 0 0 64 8 131169 135266374 8 1 3221225472 0 0 0 0 0 0 0 0 0 4240 2415919104 41996353 33554432 1610612864 270532672 147520 0 0 8192 524288 3240101904 0 2621568 3149824 2147483808 278668 671642138 373674 16384 0 0 0 131136 0 0 8192 0 2099216 0 2097280 3149824 33554432 0 0 0 131072 0 0 0 0 16 0 2097280 1052672 67 3516552722 330949 0 4096 0 1 8421632 0 0 0 536870912 256 16781472 2147493380 1 112 528 2147483648 4096 0 0 0 0 0 0 536870912 4104 4096 42752 1080
is_linear=0
shrinkage=0.045


Tree=309
num_leaves=23
num_cat=21
split_feature=0 0 3 3 2 0 5 0 3 0 0 3 3 0 3 3 0 0 3 2 0 0
split_gain=2.01125 1.03015 0.970303 0.773869 0.59558 0.516547 0.489292 1.59356 1.62192 1.18922 1.14249 1.23408 1.09966 1.03432 0.9986 0.984236 1.57146 1.31522 0.983905 0.970669 0.891248 0.836787
threshold=0 1 2 3 4 5 4.1820210059610323 6 7 8 9 10 11 12 13 14 15 16 17 18 19 20
decision_type=9 9 9 9 9 9 8 9 9 9 9 9 9 9 9 9 9 9 9 9 9 9
left_child=2 3 -1 4 -2 -4 7 8 -3 -8 11 -9 20 18 21 16 -11 -17 -14 -19 -12 -15
right_child=1 6 5 -5 -6 -7 9 10 -10 15 12 -13 13 14 -16 17 -18 19 -20 -21 -22 -23
leaf_value=0.072491450514614128 -61.834208908937264 -42.264868864838647 -4.2445082310321851 14.107056047732298 4.1196131937264155 -2.5772469812516929 4.8423093834319504 12.653369905111765 12.397607395430473 5.9557146358509581 -4.0222167507740556 -19.710996060951832 8.2329186288691165 0.66136434226322582 -4.506742472899127 -3.3098975961373318 -6.1381161498651844 -12.581049104408217 -4.8331658498905536 6.7563094216640946 4.7467099161978181 -23.188095910808961
leaf_weight=282 122 366 216 728 451 356 1639 109 1395 756 368 368 996 130 2259 1781 2383 374 937 5268 1221 470
leaf_count=282 122 366 216 728 451 356 1639 109 1395 756 368 368 996 130 2259 1781 2383 374 937 5268 1221 470
internal_value=-3.42732e-05 4.89994e-05 -0.00216166 0.00127152 2.30771e-05 -0.00322089 -2.80816e-05 -0.000287611 0.000916244 0.000155249 -0.00059738 -0.00269632 -0.000435711 -0.000775603 -0.00131818 -2.04273e-05 -0.000686925 0.000262071 3.00773e-05 0.000598514 0.000587445 -0.00294118
internal_weight=22975 22121 854 1301 573 572 20820 8619 1761 12201 6858 477 6381 4792 2859 10562 3139 7423 1933 5642 1589 600
internal_count=22975 22121 854 1301 573 572 20820 8619 1761 12201 6858 477 6381 4792 2859 10562 3139 7423 1933 5642 1589 600
cat_boundaries=0 13 26 28 30 31 41 55 57 71 85 87 89 103 105 107 120 134 136 137 149 162
cat_threshold=4194380 2147549248 2415919104 2147516928 2164326924 65 0 268451840 32776 67108869 8388608 8 8519680 2189447168 34603008 1677721808 268435604 131072 0 0 0 4 2097168 2162696 657504 4096 2147566128 74264 2147845640 94764 17 12 64 0 33280 2164326920 1 0 268435456 0 1 1073774592 69207044 4096 0 277872704 16777216 768 1073807424 5120 135170 1073741840 2165309444 524291 4 1241632772 262160 2424848 8781824 0 2105344 0 4096 128 134259712 2048 1073743872 436338848 2097280 2105856 3 2097168 1099055104 1 0 16384 0 128 0 0 1073759232 0 0 8832 16 150995456 16420 352804866 442947 262144 6160 0 1 134742016 1280 0 40960 536870912 9437288 134221824 1280 19744 1 710936648 264 409092904 404034 1073741824 16786464 0 0 524288 536870912 0 0 0 525312 4096 1057540 67159188 1073741824 2106400 4096 0 1352138752 570427648 0 0 0 8540480 16 286261252 17570 4 149424760 65928 1 262144 4096 0 1 524288 1024 0 8192 536870912 8388608 167776256 512 0 0 0 2097152 256 0 0 0 0 4194304 301989888 33280 67108864
is_linear=0
shrinkage=0.045


Tree=310
num_leaves=23
num_cat=20
split_feature=0 0 3 3 0 1 5 5 0 3 0 3 0 0 3 0 3 0 3 2 3 0
split_gain=1.74807 1.19971 0.965329 0.605792 0.579776 0.480229 0.418345 0.575041 1.73352 2.05747 1.28585 1.18399 1.54495 1.53336 0.981035 0.933551 1.84356 0.866803 0.83875 0.817203 1.76866 1.24209
threshold=0 1 2 3 4 5 1.7005986908310777 3.9019216517693867 6 7 8 9 10 11 12 13 14 15 16 17 18 19
decision_type=9 9 9 9 9 9 8 10 9 9 9 9 9 9 9 9 9 9 9 9 9 9
left_child=2 3 5 -2 -4 -1 -3 8 9 -8 18 13 -13 -10 -14 16 -12 -16 -9 20 21 -17
right_child=1 6 4 -5 -6 -7 7 10 11 -11 15 12 14 -15 17 19 -18 -19 -20 -21 -22 -23
leaf_value=50.46821055186674 81.890130632230949 13.563488473590635 -11.291909829992715 0.70092457992900159 -2.7276672359683873 -0.98252339154203128 -61.896969091527893 0.044676753016861269 -2.6271690383110959 0.36465063008912624 -19.924428385462598 6.3795435559976879 -31.350408948484187 15.027900350910775 1.8416437744578695 45.660261130328465 2.657304653543477 -10.937584001184709 32.179996995974896 -0.32584059012397509 48.454523749732815 -8.0855718710876889
leaf_weight=119 210 619 101 512 391 236 868 506 424 720 348 1119 555 1245 1042 329 542 1175 771 9081 1349 713
leaf_count=119 210 619 101 512 391 236 868 506 424 720 348 1119 555 1245 1042 329 542 1175 771 9081 1349 713
internal_value=-1.46884e-05 6.26018e-05 -0.0020064 0.0018515 -0.00328571 -0.000183924 1.26079e-06 -3.31183e-05 -0.00036 -0.001665 0.000138223 1.61524e-05 -0.000413912 0.00101457 -0.000982758 -2.90916e-06 -0.0013969 -0.000551144 0.00149069 0.000106583 0.000844569 -0.000546489
internal_weight=22975 22128 847 722 492 355 21406 20787 7148 1588 13639 5560 3891 1669 2772 12362 890 2217 1277 11472 2391 1042
internal_count=22975 22128 847 722 492 355 21406 20787 7148 1588 13639 5560 3891 1669 2772 12362 890 2217 1277 11472 2391 1042
cat_boundaries=0 13 26 28 30 40 42 55 57 71 73 87 101 103 117 119 132 134 135 137 150
cat_threshold=4194380 2147549248 2415919104 2147516928 2164326924 64 512 268451840 32776 67108865 8388608 8 8519680 4096 34603008 1140850896 268435604 0 0 0 134217728 0 32820 2293768 131168 65536 2151765552 76296 164103744 147456 8 64 0 32768 65536 0 512 268435456 0 1 134742290 1 2162704 16795680 1 64 1572864 1024 128 32768 65536 1075840256 536870944 9216 2215135400 710820884 105128 35979280 1073741824 0 8192 131072 1025 128 33792 68608 1076890624 536870944 2105344 26880 4 335954220 494187 8421376 67109888 536870912 2097153 8437824 0 0 1073741824 536872960 1196034 1476395008 286818305 517 3 32768 67109892 0 0 0 0 0 0 2048 1048584 469766144 3179024 512 1 157288512 9472 25182208 2228224 4096 0 1074806784 16779264 0 1073741888 0 16384 1140850688 285218817 39 2 2206224996 8740 2147483648 143364 0 0 134217728 536870912 0 65536 0 524288 67108864 2149587840 16 2160890896 182304 240 387647330 289288 0 12288 1 0 134217728 0 0 65536 4 0 0 2148008960 16
is_linear=0
shrinkage=0.045


Tree=311
num_leaves=23
num_cat=17
split_feature=0 0 3 5 1 4 5 5 4 0 3 3 0 0 3 0 3 5 0 0 3 5
split_gain=1.90047 1.50268 0.785696 0.698157 0.68818 0.479779 0.613827 0.563765 0.464496 0.442934 1.32664 0.424724 2.27024 1.58687 1.0612 0.784947 0.836737 0.731895 0.673312 0.660143 1.26706 0.923562
threshold=0 1 2 3.8815106545092593 3 4 4.4601277074540464 4.4127799275304271 5 6 7 8 9 10 11 12 13 3.3140206880897671 14 15 16 5.1619206365690227
decision_type=9 9 9 8 9 1 10 10 1 9 9 9 9 9 9 9 9 8 9 9 9 8
left_child=2 -2 3 -1 8 7 -7 -5 -4 10 -3 12 17 14 -13 16 -15 -11 -19 20 -14 -22
right_child=1 9 4 5 -6 6 -8 -9 -10 11 -12 13 19 15 -16 -17 -18 18 -20 -21 21 -23
leaf_value=-0.99548175655624449 9.3982466221460719 -2.4393214311104234 -0.023040246468236804 -72.912429518619888 -1.2500642719774884 -1.395831698028011 -11.84292048662803 21.923695578801393 82.386768997786817 -11.028514806631643 4.4873544095374998 7.8338913963120751 -0.17819901715386746 0.23713396609591941 -5.5827345230026379 1.21754414728792 19.923295865604345 2.2673764983206719 32.351500681336589 -1.6290837713202069 -35.488515578723565 -1.4011176499567073
leaf_weight=148 585 1049 164 49 234 68 59 54 75 308 1078 346 538 598 2236 6504 795 1200 1014 5262 436 175
leaf_count=148 585 1049 164 49 234 68 59 54 75 308 1078 346 538 598 2236 6504 795 1200 1014 5262 436 175
internal_value=-8.81299e-06 7.19644e-05 -0.00208053 -0.0036 -0.000807216 -0.00523707 -0.0070814 -0.00287143 0.000878486 1.02317e-05 0.000624825 -5.74545e-05 -0.000285243 0.000136832 -0.000829221 0.000453471 0.00141886 0.000855959 0.00114531 -0.000734937 -0.0017093 -0.00309872
internal_weight=22975 22124 851 378 473 230 127 103 239 21539 2127 19412 8933 10479 2582 7897 1393 2522 2214 6411 1149 611
internal_count=22975 22124 851 378 473 230 127 103 239 21539 2127 19412 8933 10479 2582 7897 1393 2522 2214 6411 1149 611
cat_boundaries=0 14 27 29 31 32 33 46 48 50 63 76 78 91 93 106 119 121
cat_threshold=4194376 65600 2415919104 2147516928 2164326924 1 128 268452864 8 67108865 8388608 9 8388608 4 545341440 1048576 1140850768 208 0 0 0 134250560 0 2147484192 2162696 131168 65536 164102178 147636 134235347 257 2 4 266240 33554448 536871040 268443652 268566592 0 0 8192 526336 19038224 536871072 271057024 2101536 586631190 45837 3462475528 228357 2129920 75649024 0 2097152 524288 16782340 512 0 69760 1572872 1375731712 2147483664 67127300 2097152 137216 0 2097152 1074315264 1092 512 0 102400 1589256 1375731712 32784 67128325 131138 262418 2164260880 17039360 4097 1 1048832 536870912 0 1073741824 0 1073743104 67112976 16787456 2148573184 537542726 295312 32768 75497472 0 0 0 16781312 512 0 65536 8 268435456 2147483648 4 2147483669 18874368 4097 1 1048832 536870976 0 1073741824 0 1073742850 67108880 16785408 2147524610 1109461504 141316
is_linear=0
shrinkage=0.045


Tree=312
num_leaves=23
num_cat=18
split_feature=0 0 3 0 3 0 4 0 3 0 1 5 5 5 5 0 3 0 4 0 3 0
split_gain=1.75551 0.882031 0.665749 0.474612 1.05873 0.798001 0.636796 0.556848 0.643048 0.595042 0.526056 0.480989 0.535465 0.453508 0.474501 0.469268 0.447927 2.21404 1.17464 1.16067 0.978481 0.814306
threshold=0 1 2 3 4 5 6 7 8 9 10 4.3757372435704527 3.1567740231385479 3.7726948748059121 2.9174053685313028 11 12 13 14 15 16 17
decision_type=9 9 9 9 9 9 1 9 9 9 9 8 10 8 10 9 9 9 1 9 9 9
left_child=2 -2 -1 4 5 6 11 -6 10 -10 -9 12 -3 14 -4 -15 17 18 -5 20 -18 -21
right_child=1 3 13 16 7 -7 -8 8 9 -11 -12 -13 -14 15 -16 -17 19 -19 -20 21 -22 -23
leaf_value=0.5463738450490917 54.616279806964116 -124.14569404443661 -3.7998397615966235 -117.25252326145676 60.614584991845689 0.47714617291507566 6.5288774820544768 -22.104570344833078 -25.392455087664331 35.170513770020243 3.0571117695270837 -4.2938012893948239 -49.56751314008612 -6.4750069379353894 0.69283285851642384 -1.9266969902690909 47.244958277497204 0.23470428277677366 -11.473156462513886 1.3328504812963351 1.3070191374514779 -1.16195088380292
leaf_weight=204 242 36 89 51 374 476 57 223 110 290 165 82 64 118 131 336 732 6219 1531 4876 1155 5414
leaf_count=204 242 36 89 51 374 476 57 223 110 290 165 82 64 118 131 336 732 6219 1531 4876 1155 5414
internal_value=-2.25224e-05 5.63799e-05 -0.00198202 2.57239e-05 0.000707517 -0.000649931 -0.00270717 0.00154089 0.0008325 0.00207524 -0.0004725 -0.0041087 -0.00617647 -0.00266327 -0.00101351 -0.00351316 -3.87192e-05 -0.000304684 -0.00180113 0.000131799 0.00115403 -5.67849e-05
internal_weight=22975 22097 878 21855 1877 715 239 1162 788 400 388 182 100 674 220 454 19978 7801 1582 12177 1887 10290
internal_count=22975 22097 878 21855 1877 715 239 1162 788 400 388 182 100 674 220 454 19978 7801 1582 12177 1887 10290
cat_boundaries=0 14 26 28 41 43 56 57 70 72 85 87 100 102 116 117 131 133 146
cat_threshold=4194372 2147549184 2415919104 2147516928 2147549708 64 640 268452864 136 67108869 8388608 9 8519680 4 0 1048576 1140850768 80 0 0 0 0 0 512 2097152 131168 2147537922 76296 2156220416 50331664 536871040 268435588 268435520 0 0 8192 524288 2167407632 536870944 271056896 2101504 2326118542 99116 331776 33554432 0 128 268435456 0 0 8192 0 1048592 32 268435456 2097408 4 348160 33554432 0 128 0 0 0 0 0 1048592 32 268959744 2097408 559022080 22672 8388608 0 0 0 0 0 0 0 0 2098176 536870912 0 4096 16496 1028 4194304 0 2147483648 0 2147483648 0 0 268436480 0 0 8388608 1 8388608 1445011240 161813 33554457 1028 4096 0 17825792 256 0 1073741888 5120 2304 134283280 17866756 41099 1 1 33554456 0 4096 8192 16777216 4352 0 1207959552 7172 133376 200720 8196 41000 19 2168479872 1226 2129921 67511300 1 0 1703936 0 0 32768 536870912 20480 134217856 2165345664 2147484305
is_linear=0
shrinkage=0.045


Tree=313
num_leaves=23
num_cat=18
split_feature=0 0 3 0 0 3 0 3 0 0 0 5 3 5 5 5 0 3 0 3 0 0
split_gain=1.49162 0.931628 0.82778 0.502147 0.412722 1.20767 0.597842 0.533554 2.01047 1.05128 0.845573 0.828504 0.717904 0.989227 1.65321 0.91844 0.707619 0.94397 0.586033 0.865236 0.964142 0.827037
threshold=0 1 2 3 4 5 6 7 8 9 10 5.2067464199591091 11 5.2857353797162627 5.4094089116575796 6.2719327192022343 12 13 14 15 16 17
decision_type=9 9 9 9 9 9 9 9 9 9 9 8 9 8 8 8 9 9 9 9 9 9
left_child=2 -2 -1 -4 5 6 -3 8 12 11 -10 -9 -6 16 -15 -16 -14 -18 19 20 -11 -21
right_child=1 4 3 -5 7 -7 -8 9 10 18 -12 -13 13 14 15 -17 17 -19 -20 21 -22 -23
leaf_value=0.39897027022865694 127.60365688239538 22.262754948831169 -1.0952438697026952 -4.3119693744801779 -4.8652539106227053 7.2813576610844066 -25.284289394185752 0.86938846716248608 2.9988906357745457 5.6886507590622122 -0.92912636825107608 37.139239172868223 4.9137491161555262 -107.58757313178512 4.3375317486789742 -51.752617357592598 -0.35497738893227582 -15.949405751867591 -0.76717870410206934 -1.0605209503522566 -14.689345739163675 18.128369906070343
leaf_weight=210 232 104 338 320 222 1265 275 1598 1299 662 3117 459 523 35 110 92 245 212 7537 997 1211 1912
leaf_count=210 232 104 338 320 222 1265 275 1598 1299 662 3117 459 523 35 110 92 245 212 7537 997 1211 1912
internal_value=-3.42732e-05 3.80444e-05 -0.00185114 -0.00263284 7.19622e-06 0.000690218 -0.00150767 -4.86833e-05 -0.000410346 9.88325e-05 6.70733e-05 0.00103746 -0.00186389 -0.00140236 -0.00401046 -0.00238235 -0.000779022 -0.00204371 -5.87542e-05 0.000330413 -0.000422546 0.000814961
internal_weight=22975 22107 868 658 21875 1644 379 20231 5855 14376 4416 2057 1439 1217 237 202 980 457 12319 4782 1873 2909
internal_count=22975 22107 868 658 21875 1644 379 20231 5855 14376 4416 2057 1439 1217 237 202 980 457 12319 4782 1873 2909
cat_boundaries=0 14 26 28 42 55 57 69 71 85 98 111 112 125 127 141 143 157 171
cat_threshold=4198468 2147549184 2415919104 2147516928 65544 64 0 268452864 32904 67108869 8388608 268435464 10616832 4 65536 1048576 80 16 0 0 0 64 0 0 65568 131168 2147522146 66056 4194304 65536 0 32768 0 0 0 16384 32768 4 8388608 0 10616832 4 41959424 0 1610612864 268443781 268435456 0 128 8192 526336 2166490128 603979776 2621440 4128 541410348 98328 41943040 0 0 4 268435456 0 0 0 0 2097152 0 524288 3609271168 146515 25 27659268 4096 0 256 0 0 0 536871936 1077940482 16 16821632 2560 1 24 25559044 4096 0 320 16777220 0 1073774592 1024 1073746464 2097168 16787840 10880 1074003968 100663296 0 0 144310272 536871936 0 0 0 1622016 318898304 4608 68158468 1075908992 17 16779268 4096 0 0 0 0 0 536871936 4096 16 1152 2048 33554944 143360 2149613569 35652608 67108864 64 2164785152 257 0 0 536870912 4196618 1208090632 2147517444 2147483664 3 12632106 17024 0 0 0 0 524288 256 0 0 0 264 134217728 32772 16 1 0 0 0 0 17301504 0 0 0 0 8 134217728 32772 16 1
is_linear=0
shrinkage=0.045


Tree=314
num_leaves=23
num_cat=18
split_feature=0 3 0 3 0 3 0 5 0 3 0 0 0 0 3 4 5 0 3 0 5 5
split_gain=1.38396 1.09234 0.91306 1.11399 0.848227 0.832458 0.822936 0.830296 0.744182 0.529168 2.01928 2.01829 1.02668 1.00743 0.981106 1.42221 1.01397 0.756034 0.576363 0.666113 0.534515 0.52362
threshold=0 1 2 3 4 5 6 3.7012257604091228 7 8 9 10 11 12 13 14 3.8176519431297078 15 16 17 6.176905692078182 4.7833076179467886
decision_type=9 9 9 9 9 9 9 8 9 9 9 9 9 9 9 1 8 9 9 9 8 8
left_child=1 -1 3 6 5 -5 7 -2 -3 10 14 18 -12 -13 15 -4 -17 -16 19 -11 -19 -18
right_child=2 8 9 4 -6 -7 -8 -9 -10 11 12 13 -14 -15 17 16 21 20 -20 -21 -22 -23
leaf_value=1.2160674857371967 -53.234276440434371 -0.87865797844490789 2.4450489784737162 -28.608918929654493 58.82060296130043 46.699333136484135 0.85708963097934265 -4.2131507099281071 -3.3502662253282849 -2.0176448076982583 4.9803860621052261 -5.9588632900075149 -0.83099128388150223 0.10798293421471027 0.53310771440184801 1.6800221503573043 -94.121653749030955 -13.805909467249879 13.357383783822238 24.461867347237138 78.214030344110839 -40.3746640602821
leaf_weight=241 46 230 77 227 377 290 241 59 359 613 2071 746 8036 6895 388 48 92 294 895 613 39 98
leaf_count=241 46 230 77 227 377 290 241 59 359 613 2071 746 8036 6895 388 48 92 294 895 613 39 98
internal_value=-2.64393e-05 -0.0018171 4.16349e-05 0.00122204 0.00205629 0.000825142 -0.000930167 -0.00403846 -0.00285275 -2.90432e-05 -0.000240834 0.000212707 -4.58048e-05 -0.000128773 -0.00212118 -0.00419725 -0.0060375 -0.0011603 0.00143671 0.000785137 -0.0027 -0.0075
internal_weight=22975 830 22145 1240 894 517 346 105 589 20905 11143 9762 10107 7641 1036 315 238 721 2121 1226 333 190
internal_count=22975 830 22145 1240 894 517 346 105 589 20905 11143 9762 10107 7641 1036 315 238 721 2121 1226 333 190
cat_boundaries=0 13 15 28 30 42 44 57 70 72 85 99 112 125 127 128 140 142 155
cat_threshold=2151682116 2147549184 268435456 2147516944 8 65 128 268451840 32904 67108868 8388608 268435464 10616832 2281707042 4632 578895896 1048576 1610612944 268443780 0 0 0 0 526336 2166359056 536870920 657504 4096 2735546380 133688 41943040 0 1073741952 268443648 0 0 0 0 0 2166359040 536870912 526336 138413616 77824 65560 0 0 132 0 0 0 0 2048 16 0 0 4096 4194304 65536 0 2147516416 0 64 0 16384 32768 4 0 0 2228224 3345211136 138437 2097153 1092878352 1 0 1114112 16777472 0 33856 0 1073746464 2297872 4097 386 2097152 27525136 1 0 2148597760 1280 0 32768 536875008 1073745920 2297872 2101632 67117200 2 1073741824 67125312 2214592512 2097153 411746880 33558528 512 0 0 8912961 16777216 16785408 1065504 0 16448 0 2097152 1342357568 33560576 512 134217728 0 9043969 16777216 16777216 16384 3223453952 4224 2 1 16777216 1 0 0 256 0 0 0 1073745920 4112 1 547102902 98304 0 0 0 0 1048576 1024 0 0 536875008 0 2101248 4224 67109008
is_linear=0
shrinkage=0.045


Tree=315
num_leaves=23
num_cat=17
split_feature=0 3 0 4 0 5 4 3 1 0 3 5 2 3 0 1 5 0 3 5 5 0
split_gain=1.47896 2.18253 0.810591 0.656069 0.632156 0.609107 0.557804 1.07307 0.890112 0.756921 0.866513 0.642254 0.485506 1.39875 0.554581 0.539333 0.801147 0.462477 0.879548 0.829766 0.457863 0.491388
threshold=0 1 2 3 4 5.1029059508623904 5 6 7 8 9 2.524928003624769 10 11 12 13 6.078787719222313 14 15 4.9522934739897151 5.4785512376367516 16
decision_type=9 9 9 1 9 8 1 9 9 9 9 8 9 9 9 9 8 9 9 10 10 9
left_child=1 -1 -2 4 -3 -6 7 -4 -9 10 11 -8 13 15 -15 -11 -17 18 19 -14 21 -20
right_child=2 3 6 -5 5 -7 9 8 -10 12 -12 -13 17 14 -16 16 -18 -19 20 -21 -22 -23
leaf_value=2.3535883353832312 137.84360109534146 -0.7475153938967587 -26.931708947878732 -1.997476481440537 -7.4070039765485367 -0.12742598018495022 -65.479872755781258 -27.246680817264753 1.5320186527507098 -1.4538366596501944 30.639324302395611 1.9632364279839469 -42.318048428158789 -50.819852143601253 5.297382489221925 -17.213726582507256 -108.31064114425691 -0.20514531397337823 55.175901139177199 207.21521850471322 161.61127337520688 5.9162025016139808
leaf_weight=346 109 105 232 303 174 44 72 110 601 151 1079 956 208 100 481 258 39 15892 172 48 159 1336
leaf_count=346 109 105 232 303 174 44 72 110 601 151 1079 956 208 100 481 258 39 15892 172 48 159 1336
internal_value=-6.75674e-05 -0.00177439 8.78963e-06 -0.00334326 -0.00480462 -0.00610435 -1.15035e-05 -0.00108095 -0.000180498 3.67252e-05 0.000843087 -9.51921e-05 -5.39349e-05 -0.000998559 0.000462901 -0.00285652 -0.00397573 1.2623e-06 0.00065814 -0.00174627 0.00103722 0.000798676
internal_weight=22975 972 22003 626 323 218 21894 943 711 20951 2107 1028 18844 1029 581 448 297 17815 1923 256 1667 1508
internal_count=22975 972 22003 626 323 218 21894 943 711 20951 2107 1028 18844 1029 581 448 297 17815 1923 256 1667 1508
cat_boundaries=0 13 15 27 28 41 42 44 46 59 61 62 64 76 78 91 93 105
cat_threshold=2151678028 2147549200 268435456 2147516944 66056 65 640 268451840 32904 67108869 0 268435464 8519680 2151751218 536 0 1048576 80 0 0 0 0 1024 0 0 0 131168 4 4194304 0 0 0 520 0 0 16384 32768 0 0 0 8388608 1 33408 20620 84 6 44138497 0 3758096512 268443716 268566528 0 0 0 524288 3240232976 8 2622080 1048736 3662392 374923 1 47760410 196612 0 0 0 0 0 0 0 0 0 0 4112 2147483904 4104 546 16777232 100663296 0 0 16384 5632 0 0 6144 8192 4240 16780544 2560 2181365766 8720 16 0 0 0 0 0 0 0 0 0 144 2048
is_linear=0
shrinkage=0.045


Tree=316
num_leaves=23
num_cat=21
split_feature=0 3 0 0 4 3 2 2 0 3 0 3 0 3 5 0 0 3 1 3 0 0
split_gain=1.56099 1.37291 0.693237 0.615255 0.77533 0.6242 0.455846 0.431067 1.97863 1.36138 1.08886 2.25572 1.08589 1.23293 0.916863 0.831903 0.737421 0.712916 1.0448 0.710513 2.0335 1.87988
threshold=0 1 2 3 4 5 6 7 8 9 10 11 12 13 4.0163424379838117 14 15 16 17 18 19 20
decision_type=9 9 9 9 1 9 9 9 9 9 9 9 9 9 8 9 9 9 9 9 9 9
left_child=1 -1 6 5 -5 -3 -2 10 -9 15 11 -4 13 14 -11 -10 -13 18 -14 21 -21 -12
right_child=2 3 7 4 -6 -7 -8 8 9 12 19 16 17 -15 -16 -17 -18 -19 -20 20 -22 -23
leaf_value=0.99294658954350101 0.0050161547505161684 10.878925958150349 1.9081940639236508 -9.3019082576657688 -2.2519720229172555 -2.8543192184204234 231.80826446719172 230.42013677195121 5.1672113439955005 -101.61346874786511 -7.9970133526155465 -1.4511297664309086 -5.9770849581335597 130.84395906466091 40.719947116576328 -11.648460879525565 -21.458796816272443 -5.9721860024378266 62.816852834084585 8.4975384378481387 -0.15342063120834834 0.028564311677033459
leaf_weight=348 129 102 667 157 134 254 179 575 215 121 1697 391 534 641 242 685 353 1082 532 1431 5925 6581
leaf_count=348 129 102 667 157 134 254 179 575 215 121 1697 391 534 641 242 685 353 1082 532 1431 5925 6581
internal_value=-7.73598e-05 -0.00180983 2.04637e-06 -0.00302504 -0.00458911 -0.00163859 0.00208125 -2.86385e-05 0.000356004 2.21473e-06 -0.00013323 -0.00132502 0.000443742 0.0016565 -0.000444 -0.00152961 -0.0030119 -0.000129166 0.00069295 -2.47346e-05 0.000296824 -0.000310494
internal_weight=22975 995 21980 647 291 356 308 21672 4627 4052 17045 1411 3152 1004 363 900 744 2148 1066 15634 7356 8278
internal_count=22975 995 21980 647 291 356 308 21672 4627 4052 17045 1411 3152 1004 363 900 744 2148 1066 15634 7356 8278
cat_boundaries=0 13 15 27 40 41 43 44 45 59 61 75 77 90 92 105 119 121 123 125 138 152
cat_threshold=4194388 2147549200 0 2147516944 197132 64 512 268452864 32904 67108869 0 268435464 8519680 2185303578 66056 1 1048576 1073742032 4 0 0 0 0 0 0 0 133216 4194308 65536 0 0 131596 64 0 16384 32776 0 0 0 8519680 4 151011328 4 19 7 35684352 83886080 1 0 0 0 0 0 0 2097152 0 2148007936 16388 4 1466111304 278560 16392 86376452 1 8256 64 50333696 256 64 0 1049120 1084227584 2621457 2113666 4 1389138 418212 0 2097252 0 0 16777216 0 0 0 0 8 16777216 16785664 2147484184 2147517088 4612 0 2048 0 0 32768 0 0 65536 0 1024 0 2130960 2048 0 67108864 1 8192 0 33554432 0 0 0 0 8388608 17 2097282 4 1059506 4868 1343539216 521 79784530 178628 2149879808 8388608 0 1 1048832 1280 0 1207967744 1024 2654208 738267152 17862784 5632 2149617664 1073741824 4096 0 3221225728 256 0 134225920 1024 33792 671158288 1052800 38160 19
is_linear=0
shrinkage=0.045


Tree=317
num_leaves=23
num_cat=15
split_feature=0 3 0 5 0 5 3 5 5 0 3 0 3 5 4 5 0 5 0 3 3 3
split_gain=1.74961 1.33703 1.01405 0.845833 0.551538 1.15991 0.560175 0.478017 0.410183 1.88763 1.56708 0.931104 1.39816 1.73083 1.29935 1.3492 1.17546 1.031 0.849946 0.797743 0.708718 0.708083
threshold=0 1 2 4.3241107269113215 3 4.6298509007569537 4 3.7726948748059121 5.344720891341141 5 6 7 8 5.1387309967764621 9 3.3497501700808394 10 4.4484992763719129 11 12 13 14
decision_type=9 9 9 8 9 8 9 10 10 9 9 9 9 10 1 10 9 8 9 9 9 9
left_child=1 3 -2 7 5 -3 -6 -1 11 19 -11 12 17 14 18 -16 -17 -4 -14 -10 -12 -13
right_child=2 4 8 -5 6 -7 -8 -9 9 10 20 21 13 -15 15 16 -18 -19 -20 -21 -22 -23
leaf_value=-0.43356394622973649 21.161685557586029 -1.8948255572297819 -0.85665812575562539 10.492662436362993 10.532705366954318 -24.094001051076031 -4.2194406619844527 -5.2362058681006225 1.439870504716696 46.4581080563933 -17.099545141832877 -1.0693672265497669 -12.965692965539679 -81.495759405730851 0.88569402787086127 2.4447384797855105 -52.199383270196272 39.462204974124681 11.341502661671836 75.519177868532765 -1.0037804742362808 0.69519356134766064
leaf_weight=163 407 76 384 233 106 53 411 104 385 361 416 7826 117 90 223 103 397 257 398 637 2154 7674
leaf_count=163 407 76 384 233 106 53 411 104 385 361 416 7826 117 90 223 103 397 257 398 637 2154 7674
internal_value=-5.97335e-05 -0.00176425 3.06993e-05 1.63709e-10 -0.00310486 -0.0057766 -0.00232231 -0.00172305 -1.21767e-05 0.000401644 -0.000181957 -0.000105861 -0.00102448 -0.00185373 -0.00142258 -0.00265034 -0.00394422 0.000696019 0.000304642 0.00205416 -0.000575135 1.16041e-05
internal_weight=22975 1146 21829 500 646 129 517 267 21422 3953 2931 17469 1969 1328 1238 723 500 641 515 1022 2570 15500
internal_count=22975 1146 21829 500 646 129 517 267 21422 3953 2931 17469 1969 1328 1238 723 500 641 515 1022 2570 15500
cat_boundaries=0 13 15 28 41 43 56 58 72 74 75 87 100 102 104 106
cat_threshold=4198493 2147549216 0 2147516944 131084 64 0 268452864 32904 67108868 0 8 8519680 2319566426 68096 0 1075052544 1073746000 64 0 0 256 0 0 32 0 133216 256 4105 0 0 512 0 0 0 268436480 0 0 0 0 8388608 16781312 4 1075871744 125830164 0 0 557056 1280 0 0 4 2641920 67108992 1057796 33284 1055040 393874 2097152 41961492 0 8320 32768 16781312 512 0 0 1591872 10551296 1056772 2654340 4 2867302530 352576 2 0 2048 0 0 0 0 0 0 0 16384 0 1048576 0 18432 0 0 0 0 0 0 0 64 0 4 4 2281870914 4736 536928260 24576 2818257816 205317
is_linear=0
shrinkage=0.045


Tree=318
num_leaves=23
num_cat=19
split_feature=0 3 0 0 3 0 3 1 3 0 5 4 0 3 5 4 3 5 3 0 0 3
split_gain=1.61725 1.29135 0.960674 0.847097 0.737446 0.606968 0.492374 0.394889 1.4807 1.20028 0.960834 0.826052 0.741091 0.915769 0.93229 0.732847 0.715067 0.666308 0.563351 2.23683 1.68226 1.53254
threshold=0 1 2 3 4 5 6 7 8 9 4.5053345884235583 10 11 12 3.4175922930736511 13 14 4.135134555718313 15 16 17 18
decision_type=9 9 9 9 9 9 9 9 9 9 8 1 9 9 10 1 9 10 9 9 9 9
left_child=1 5 6 -2 -4 -1 -3 8 9 10 12 -10 17 14 -14 -12 -17 -5 19 -9 21 -20
right_child=3 2 4 7 -6 -7 -8 18 11 -11 15 -13 13 -15 -16 16 -18 -19 20 -21 -22 -23
leaf_value=-1.6575541861780803 139.95026688338299 13.227182250898286 -3.7482282829226259 -80.322430651645846 -12.26154426936138 8.1627641713276642 -4.158470094124465 9.4249499444300433 -3.8872499542197292 12.157607895277174 156.14455906064057 46.212571455249517 10.918236429496902 0.77416431462845692 -133.14345347708223 10.405070759819262 -40.085686058497998 -80.082590905223924 -0.8209405864301389 -2.99858964110987 -0.31922234236041741 28.876917506261567
leaf_weight=112 114 140 120 153 207 368 358 1810 61 599 111 1373 37 210 63 252 177 68 705 5378 9418 1141
leaf_count=112 114 140 120 153 207 368 358 1810 61 599 111 1373 37 210 63 252 177 68 705 5378 9418 1141
internal_value=-5.7775e-05 -0.00158884 -0.00266129 3.52829e-05 -0.0045531 0.00027439 -0.00134118 1.37706e-05 0.000482349 -0.000428062 -0.00132548 0.00153734 -0.00269325 -0.00111801 -0.00441964 1.67019e-10 -0.000845707 -0.00461588 -6.53161e-05 -0.00037625 0.000133292 0.00137083
internal_weight=22975 1305 825 21670 327 480 498 21556 3104 1670 1071 1434 531 310 100 540 429 221 18452 7188 11264 1846
internal_count=22975 1305 825 21670 327 480 498 21556 3104 1670 1071 1434 531 310 100 540 429 221 18452 7188 11264 1846
cat_boundaries=0 13 15 28 40 42 52 54 56 58 69 70 73 75 76 78 80 94 108 110
cat_threshold=4198485 2147549232 4096 2147516944 131080 4160 512 268452864 32904 67125252 0 8 8519680 2315343458 207376 16 65568 4096 32768 131072 4096 0 16384 32768 16388 0 0 8388608 0 1048576 80 0 0 16777216 0 0 0 0 0 131168 13107216 16384 16 0 4096 0 8 0 0 16384 32768 16384 32784 4 3892347108 160 2382809374 105095 2392064 94502912 1 2097152 0 3072 0 134217728 0 0 196760 1 2392064 77594624 1 134365200 4096 2 2147500050 4608 4108921354 140301 0 22596 0 0 403177472 261 128 65536 0 4325387 1644167168 8708 8578 3 16793608 9216 0 0 2148646912 536870912 0 8192 0 2098512 75497472 17304577 1056288 4 184832320 311648
is_linear=0
shrinkage=0.045


Tree=319
num_leaves=23
num_cat=20
split_feature=0 3 1 0 0 3 0 3 3 0 5 0 3 3 5 3 0 0 0 3 0 3
split_gain=1.83849 1.29074 1.13425 0.813253 0.599549 0.541568 0.519012 2.10908 0.576691 0.758742 1.08632 0.573974 0.73601 0.591965 0.675283 0.552962 1.93072 1.70293 1.35549 1.16025 0.941969 1.54594
threshold=0 1 2 3 4 5 6 7 8 9 5.4909995847486188 10 11 12 3.1567740231385479 13 14 15 16 17 18 19
decision_type=9 9 9 9 9 9 9 9 9 9 10 9 9 9 8 9 9 9 9 9 9 9
left_child=1 4 5 -2 -1 -3 7 11 -9 10 -10 13 -13 -5 -15 17 -17 19 -18 -8 21 -19
right_child=3 2 -4 6 -6 -7 15 8 9 -11 -12 12 -14 14 -16 16 18 20 -20 -21 -22 -23
leaf_value=-1.287979032518956 283.76444946384055 -15.308296136931119 -7.5722977775005251 2.0953971398316811 5.3885366837030322 -1.7717873725312177 77.489330173767712 -2.0717852429722949 -6.2296716698264447 1.8205211317634447 -18.06738374549651 100.88418675799751 1.9185721174741837 -35.256618792521472 -0.92885017266169789 6.7727922279696831 -6.0703531872397694 -36.317665294911748 0.43415735135488859 1.1422110853018097 -0.9533259739238501 -2.933918912066741
leaf_weight=102 109 113 267 109 356 433 553 387 415 347 41 234 670 41 219 1274 364 239 6870 1186 7428 1218
leaf_count=102 109 113 267 109 356 433 553 387 415 347 41 234 670 41 219 1274 364 239 6870 1186 7428 1218
internal_value=-9.49861e-05 -0.00175019 -0.00282 2.90125e-06 0.000172341 -0.00156452 -1.77024e-05 -0.000630909 -0.00198419 -0.00125337 -0.00244231 0.000640856 0.00124782 -0.000838582 -0.00198529 6.1586e-05 0.00033169 -0.000154851 4.59566e-05 0.00112821 -0.00040716 -0.00144894
internal_weight=22975 1271 813 21704 458 546 21595 2463 1190 803 456 1273 904 369 260 19132 8508 10624 7234 1739 8885 1457
internal_count=22975 1271 813 21704 458 546 21595 2463 1190 803 456 1273 904 369 260 19132 8508 10624 7234 1739 8885 1457
cat_boundaries=0 14 16 18 30 44 46 59 61 63 76 89 91 93 95 109 123 137 139 153 155
cat_threshold=4194389 1073807408 268435456 2147516928 131080 16781313 0 268452864 32904 67125248 0 8 8388608 4 2328974342 76296 537953684 67584 0 1048576 80 0 0 0 0 0 0 0 8 131168 4194304 65536 0 0 131072 0 0 16384 0 0 0 0 0 4 557152 16384 0 2166367236 4096 8256 324 33554496 0 134217728 0 4612 10485760 268468225 2234754 143978068 352947 18944288 166216 0 18883584 0 8192 0 0 0 0 0 4096 10485760 1 4096 0 0 0 0 324 33554496 0 134217728 0 4 0 268468224 2 1056784 73744 16896 16416 2797825596 77349 1082392584 33947648 3221225473 129 1048576 1028 0 0 4 2261008 335675552 16779408 1049600 1 50384896 41943104 536870912 16 2432745472 256 0 1073774656 65536 1073741857 4112 2147483652 524832 18 33558528 64 536870912 0 16826368 0 0 1073774592 65536 1073741825 33554432 4 0 2 2717911068 65568 1082130440 393216 1 5 1074790400 3076 384 0 4 2752528 872415264 16777232 1065988 1 67120132 65568
is_linear=0
shrinkage=0.045


Tree=320
num_leaves=23
num_cat=20
split_feature=0 3 0 0 3 0 0 3 0 3 3 0 3 5 4 3 0 0 3 5 0 0
split_gain=1.70729 1.56911 0.829216 0.603147 0.497096 0.508961 0.482208 1.97998 0.66116 0.844472 0.764153 0.625899 0.850021 0.700011 0.838482 0.495402 2.11564 1.34236 1.26722 1.0842 0.962173 0.776405
threshold=0 1 2 3 4 5 6 7 8 9 10 11 12 4.2121001622835372 13 14 15 16 17 3.8815106545092593 18 19
decision_type=9 9 9 9 9 9 9 9 9 9 9 9 9 8 1 9 9 9 9 10 9 9
left_child=1 -1 -2 -3 -5 -6 7 11 9 -9 -10 -4 13 14 -13 17 -17 18 19 -8 -18 -19
right_child=2 3 6 4 5 -7 15 8 10 -11 -12 12 -14 -15 -16 16 20 21 -20 -21 -22 -23
leaf_value=9.1332072021136543 160.25255014083339 -0.68779596601917548 -25.621004056085784 -15.574235686785695 -5.8852858347736605 -8.5380304033340817 -92.83363449248381 -3.6813525105001883 9.4823739639731155 12.735300308107938 -2.6071431728940602 89.398555572087389 -7.1538341202841371 7.0981887374730812 -45.347381053146286 15.592874582682258 2.1392727794337558 10.71666456263201 -1.8891419065155042 -33.863183984752823 -1.2613263247314672 -0.41702216275553711
leaf_weight=343 111 354 213 119 168 179 125 252 288 702 430 72 247 164 82 1035 3475 1725 1901 269 4275 6446
leaf_count=343 111 354 213 119 168 179 125 252 288 702 430 72 247 164 82 1035 3475 1725 1901 269 4275 6446
internal_value=-7.93183e-05 -0.00175021 1.07223e-05 -0.0028125 -0.00389749 -0.00480084 -1.0155e-05 -0.000603168 0.000272565 0.00104348 -0.000752055 -0.00246076 -0.00159879 -2.72726e-05 -0.00219231 6.56441e-05 0.000314596 -0.000143443 -0.00110208 -0.00339163 5.79749e-05 0.000127032
internal_weight=22975 1163 21812 820 466 347 21701 2450 1672 954 718 778 565 318 154 19251 8785 10466 2295 394 7750 8171
internal_count=22975 1163 21812 820 466 347 21701 2450 1672 954 718 778 565 318 154 19251 8785 10466 2295 394 7750 8171
cat_boundaries=0 14 16 28 42 44 50 63 65 78 80 82 94 96 97 99 113 127 129 142 156
cat_threshold=4194373 1073807456 268435456 2147483664 131080 50335744 0 402670592 8 67108864 8388616 8 8392704 4 2282869766 141840 0 1048576 80 0 0 1 0 0 0 0 0 131168 4194304 65536 268435456 16 131072 33554432 0 16384 0 67108864 8 0 8388608 4 29360160 4096 64 96 0 0 0 4096 33570832 2166382612 4096 8896 16704 64 0 0 32768 20996 0 285245440 2230656 1663635940 38936 33570832 16785428 4096 8320 256 0 0 0 0 0 0 268468224 128 134250496 147972 1083408 65668 33554448 16777220 4096 0 0 0 0 0 0 0 0 32768 524388 6160 2 2990763580 207413 8650760 33947648 3221225472 5 1048576 1028 0 0 4 2228240 1409417376 6145 68173826 1 8388608 393216 1073741824 5 1209008128 536872964 128 0 4 11141136 268435488 4097 68174862 1 570436096 48 3221291008 75499520 1 2097152 134217728 536870912 128 0 536872960 13139970 134283264 2630032 33820 18911232 33554432 603979776 32768 2432729092 256 0 1073774656 65536 97 2101264 2147483652 8736 18
is_linear=0
shrinkage=0.045


Tree=321
num_leaves=23
num_cat=16
split_feature=0 3 0 0 5 2 3 3 4 5 2 0 3 0 3 5 3 5 5 0 5 0
split_gain=1.8996 1.22031 0.864487 0.81607 0.661166 0.542646 0.975541 0.704609 0.531123 0.712511 0.464766 1.31877 1.10141 0.842682 1.46395 0.666394 0.750558 0.714785 0.575974 0.575875 0.572427 1.53985
threshold=0 1 2 3 3.8606743063089755 4 5 6 7 4.6959141240107813 8 9 10 11 12 4.6395599436855051 13 4.135134555718313 3.8393944990995772 14 5.344720891341141 15
decision_type=9 9 9 9 8 9 9 9 1 10 9 9 9 9 9 10 9 10 8 9 8 9
left_child=1 -1 4 -2 -3 7 -7 -4 -9 -10 11 18 -13 14 19 16 17 -16 -5 -12 -15 -22
right_child=3 2 5 10 -6 6 -8 8 9 -11 13 12 -14 20 15 -17 -18 -19 -20 -21 21 -23
leaf_value=1.8430116796967453 397.53489547436698 -2.3477745036949846 -8.5512854391393542 0.13695874107723846 -8.9781461396445721 38.629758877739903 -1.4983779482124924 96.199527908272671 -8.0060249204600087 6.987966038640236 -17.936430323882551 -6.0424370958007385 4.6726280630889985 -0.44817846953306989 3.7453988968946366 101.06415790359479 28.520784410121664 -14.285105356477263 -31.446161982506098 1.3908399817646482 50.177006475743454 -0.38270738186739095
leaf_weight=402 110 75 125 77 127 105 273 77 96 46 302 727 830 13501 453 438 452 185 214 389 972 2999
leaf_count=402 110 75 125 77 127 105 273 77 96 46 302 727 830 13501 453 438 452 185 214 389 972 2999
internal_value=-8.32352e-05 -0.0017287 -0.002625 1.84896e-05 -0.00521495 -0.00182698 -0.0006 -0.00310955 -0.00138312 -0.0030625 -2.29671e-06 -0.000682258 -0.000152007 6.18943e-05 0.000885478 0.00165974 0.00107143 5.53848e-05 -0.00340099 -0.000825747 -4.32394e-05 0.000431538
internal_weight=22975 1326 924 21649 202 722 378 344 219 142 21539 1848 1557 19691 2219 1528 1090 638 291 691 17472 3971
internal_count=22975 1326 924 21649 202 722 378 344 219 142 21539 1848 1557 19691 2219 1528 1090 638 291 691 17472 3971
cat_boundaries=0 14 16 27 39 40 42 44 45 46 59 61 73 75 77 89 102
cat_threshold=4194373 2147549280 268435456 2147483664 16777228 50331649 0 268452864 32776 67108868 8388616 8 8523776 5 2168542276 133656 5 64 0 0 8 16777217 0 268452864 8 0 8388608 0 1048576 80 0 0 0 256 0 0 0 0 131168 83 524802 160 524802 16544 2 129 33587200 0 2147483648 0 256 0 0 0 0 0 0 3200 24 2199078476 22532 41979904 4 3758100608 68 268435520 0 0 0 526340 1092780048 4240 531584 37880354 78601 3373797392 18660 4096 0 1073745920 0 0 0 0 0 0 32768 4096 529536 2359296 58982416 0 0 33024 1284 0 0 0 540672 67108864 3154436 33300
is_linear=0
shrinkage=0.045


Tree=322
num_leaves=23
num_cat=20
split_feature=0 3 0 3 0 0 5 3 3 0 0 0 0 3 3 3 0 0 0 3 5 3
split_gain=2.11589 2.21681 0.898366 0.741634 0.887571 0.608441 0.40269 0.806107 0.484776 3.07565 2.52142 1.56998 1.56719 1.24964 1.12472 0.773084 0.743065 0.620478 0.57242 0.781292 0.69561 1.17188
threshold=0 1 2 3 4 5 6.5316059599741179 6 7 8 9 10 11 12 13 14 15 16 17 18 3.2384861814448418 19
decision_type=9 9 9 9 9 9 10 9 9 9 9 9 9 9 9 9 9 9 9 9 10 9
left_child=1 5 -2 -3 -5 -1 8 -8 9 14 -10 13 15 -12 16 -11 -4 -16 -14 -20 21 -21
right_child=2 3 6 4 -6 -7 7 -9 10 12 11 -13 18 -15 17 -17 -18 -19 19 20 -22 -23
leaf_value=-1.1023715127086811 422.89864838705853 -8.219873420636576 9.0736161441585406 -1.7912636133878197 -7.5531448592189019 21.718156779178283 64.684487155066464 -0.58764071784167637 16.214136338782822 32.560880423127379 -29.131553142066281 0.76635269930081573 -2.8718457887369491 -1.164783619640098 -11.139676007394556 2.171904220864302 -4.372704597332028 -41.281840359345317 -15.798131693393575 4.9241767862933701 1.7375936078060343 -40.191829565281907
leaf_weight=116 101 140 128 586 313 363 245 427 1237 637 793 6900 3018 1279 236 1328 333 290 418 285 3309 493
leaf_count=116 101 140 128 586 313 363 245 427 1237 637 793 6900 3018 1279 236 1328 333 290 418 285 3309 493
internal_value=-9.49861e-05 -0.00171176 2.03318e-05 -0.00287298 -0.00232656 0.000815682 -8.42214e-07 0.0010816 -3.61112e-05 -0.000251025 0.000184473 -7.91405e-05 -9.47201e-07 -0.00116171 -0.00262613 0.00112671 -0.00094186 -0.00404833 -0.000296815 2.49061e-05 0.000216272 -0.000992308
internal_weight=22975 1518 21457 1039 899 479 21356 672 20684 10475 10209 8972 9488 2072 987 1965 461 526 7523 4505 4087 778
internal_count=22975 1518 21457 1039 899 479 21356 672 20684 10475 10209 8972 9488 2072 987 1965 461 526 7523 4505 4087 778
cat_boundaries=0 14 16 28 30 44 58 60 62 75 88 101 115 117 119 121 127 140 153 155 157
cat_threshold=69 2164260976 4096 2147483664 8 16777217 0 268452864 32776 67256324 8388608 8 10620928 5 2325041250 467728 0 1048576 80 0 0 0 64 0 0 0 0 131168 2228352 49184 0 16777312 0 0 0 1 0 16384 32768 16388 0 0 8392704 5 0 0 0 0 8 0 0 16384 32768 0 0 0 8392704 4 1606664 6276 3401966158 200469 4472856 77858820 0 132 1097796 536870976 0 0 65536 528 67174408 2101248 1050624 4456472 77856768 2147483648 32900 1146880 536870980 0 0 536870916 16 67305504 270538752 1048576 1109397504 21504 536870912 2105856 1073873152 33555456 256 134217728 0 8915977 144 1048708 8320 1082200064 218112 1677721600 2105856 768 1280 0 134217728 2048 8913960 16 132 8320 2 84017168 45056 1115783688 65556 1073758790 196608 0 2052 0 4 32772 536870912 4194328 2099200 0 128 1048576 0 0 0 0 0 0 2097152 2048 32768 0 0 0 0 33554436 128 106496 536870912 1085760 131104 2147527169 2147485450 1073807368 65537 2151702530 2560
is_linear=0
shrinkage=0.045


Tree=323
num_leaves=23
num_cat=17
split_feature=0 3 0 5 0 5 3 3 5 0 3 3 5 5 0 0 3 3 0 0 3 0
split_gain=2.04048 1.77538 0.926302 0.685933 0.647767 0.777911 0.771412 0.610791 0.498523 0.428456 2.00665 0.889153 0.646866 0.885384 0.621962 0.617485 1.35473 0.529426 1.86025 1.77959 1.06802 0.956949
threshold=0 1 2 5.344720891341141 3 4.9163179057820896 4 5 4.4005842009683471 6 7 8 5.0782890901091458 6.3465127852423047 9 10 11 12 13 14 15 16
decision_type=9 9 9 8 9 8 9 9 10 9 9 9 8 10 9 9 9 9 9 9 9 9
left_child=1 3 -2 -1 5 6 -3 8 -6 10 14 -12 15 -14 -4 16 -13 19 20 -11 -19 -20
right_child=2 4 9 -5 7 -7 -8 -9 -10 17 11 12 13 -15 -16 -17 -18 18 21 -21 -22 -23
leaf_value=24.802576092854757 41.859017416545548 -19.115366384157447 -0.48733667095086636 -2.7030810302273038 6.4119588187254761 1.3888544135401237 -1.5080230285801555 -6.5254254778022451 -66.107865313138916 8.4730055581607537 14.427953623767079 -65.854243184908995 -15.145172849166238 55.646608117063231 -5.6201044832096132 2.8977866828669634 23.295308836078469 0.29714951556138192 -3.8767167225834043 -1.3908096745449585 43.822827412704633 1.6334761280845993
leaf_weight=290 215 115 121 79 88 176 245 244 56 1673 701 214 312 47 334 845 204 754 1781 8594 1198 4689
leaf_count=290 215 115 121 79 88 176 245 244 56 1673 701 214 312 47 334 845 204 754 1781 8594 1198 4689
internal_value=-8.91107e-05 -0.00181724 1.49352e-05 0.000814961 -0.00286538 -0.0017573 -0.00298343 -0.0042975 -0.00161538 -1.52938e-05 -0.000535484 5.78175e-06 -0.000572827 -0.00225623 -0.00322805 -9.60473e-05 -0.00148605 6.2323e-05 0.000326536 -0.000154538 0.00153971 -4.16536e-05
internal_weight=22975 1293 21682 369 924 536 360 388 144 21467 2778 2323 1622 359 455 1263 418 18689 8422 10267 1952 6470
internal_count=22975 1293 21682 369 924 536 360 388 144 21467 2778 2323 1622 359 455 1263 418 18689 8422 10267 1952 6470
cat_boundaries=0 14 16 30 44 46 48 62 64 66 78 92 94 96 109 122 124 137
cat_threshold=4194373 2164260944 4096 2147516416 65544 16777217 0 268452864 32776 67256324 8388608 8 10620928 5 2186630244 466960 0 1310720 80 0 0 512 0 32768 0 512 0 131168 0 16 4194304 16777232 4096 0 0 0 0 16384 32768 131076 0 0 10620928 4 557056 55304 159383570 6144 41943056 2113568 0 8832 1074937856 570425344 0 1207959616 4 6432 33554432 17859072 524322 2 3238473928 360464 204491266 140129 0 0 0 0 0 0 0 0 0 256 33554432 1049088 33554432 16416 0 8192 0 0 0 134217728 4 2048 0 1048576 32 2 8913968 4232 985780782 142309 2147745800 67111936 2147483648 20 32836 64 0 8192 4096 2129936 67239976 2418023569 2048 1090535424 196608 1677721600 1 512 7168 128 0 0 1073742921 270536720 532484 1106560 1091436800 17416 1075838976 65536 536870912 0 768 0 128 0 0 1083180105 555749376 8452 1073808
is_linear=0
shrinkage=0.045


Tree=324
num_leaves=23
num_cat=17
split_feature=0 3 0 5 5 1 3 5 4 1 2 3 0 3 5 4 0 3 5 3 0 0
split_gain=2.00684 1.25299 0.816618 0.754096 0.522244 0.42616 0.634431 0.476546 0.406884 1.046 0.820074 0.692174 0.641259 1.01572 0.619034 0.495231 0.437033 0.609866 0.513152 0.40512 3.32029 2.77598
threshold=0 1 2 3.4175922930736511 3.1567740231385479 3 4 5.0072908000208587 5 6 7 8 9 10 3.9415346756528771 11 12 13 5.344720891341141 14 15 16
decision_type=9 9 9 10 10 9 9 10 1 9 9 9 9 9 10 1 9 9 10 9 9 9
left_child=1 -1 -2 4 -3 6 -5 -8 9 -4 14 -12 13 15 -11 -10 -15 18 -18 20 -14 -21
right_child=2 3 8 5 -6 -7 7 -9 12 10 11 -13 19 16 -16 -17 17 -19 -20 21 -22 -23
leaf_value=5.0925626007181313 259.23227970144541 -2.4522703695256691 -37.249288271102223 27.870926923228023 9.1801443979614774 -5.7815178905157163 -2.1201321459753166 -41.332668803143243 -50.391843917920013 0.57542137570922736 -1.9568136534398313 2.8966723219437864 -12.445645588736527 32.952650666719613 -67.49787356078977 104.97147454842911 -11.603666070582859 14.105263491205733 107.06755243423336 18.530378757954324 0.41677711596260197 -0.84826644735869328
leaf_weight=293 125 233 103 100 58 350 99 42 154 72 233 450 1711 413 110 69 263 576 60 2312 6572 8577
leaf_count=293 125 233 103 100 58 350 99 42 154 72 233 450 1711 413 110 69 263 576 60 2312 6572 8577
internal_value=-0.000112612 -0.00191449 -1.44414e-05 -0.00275839 -0.000906143 -0.00371079 -0.00193873 -0.00379412 -3.63119e-05 -0.000937113 -0.000384834 0.000343166 5.86718e-06 0.000887201 -0.00296907 -0.00185745 0.00136631 0.000785401 -0.000765671 -6.52104e-05 -0.00030217 0.000115173
internal_weight=22975 1175 21800 882 291 591 241 141 21675 968 865 683 20707 1535 182 223 1312 899 323 19172 8283 10889
internal_count=22975 1175 21800 882 291 591 241 141 21675 968 865 683 20707 1535 182 223 1312 899 323 19172 8283 10889
cat_boundaries=0 14 16 28 30 32 33 35 36 38 51 53 54 66 68 70 83 96
cat_threshold=4194373 2147483728 4096 2147516416 196616 16781377 0 268485632 32776 67256324 0 16777224 8519680 4 2181776386 196888 0 1048576 80 0 0 0 0 0 0 0 32 131168 33940 67584 528 132 1 84 4 20 2147631168 4236 42008576 8404992 4026531968 268435536 269500420 0 0 1073741824 526336 3240101904 8 524416 32896 553648200 468992 4 8388608 8388608 4026531840 268435520 4 0 0 1073741824 0 0 8 128 2148564992 20796 1608865030 69267 1074020376 86050816 1 644 16809984 0 128 8192 1024 36866 606208000 2149586944 32 278544 69271552 0 132 16809984 2048 384 8192 1024 37378 1679818880 2149594112 544
is_linear=0
shrinkage=0.045


Tree=325
num_leaves=23
num_cat=14
split_feature=0 3 0 0 0 3 5 3 0 5 5 3 5 5 0 3 4 3 3 5 5 5
split_gain=1.97193 1.33633 0.935842 0.756704 0.526733 0.950065 0.625263 0.724405 0.719021 0.778689 0.614028 0.440542 0.583588 0.494793 0.430139 1.90816 0.859867 0.621158 0.580661 0.858988 0.531684 0.872595
threshold=0 1 2 3 4 5 4.4005842009683471 6 7 4.3241107269113215 3.5408542930527882 8 4.9163179057820896 6.0124911652234827 9 10 11 12 13 2.9700856263602158 5.3008111373035574 4.4601277074540464
decision_type=9 9 9 9 9 9 10 9 9 8 8 9 10 10 9 9 1 9 9 8 8 10
left_child=1 -1 -2 -3 5 -4 7 -7 10 -10 -9 12 -8 -13 15 16 -6 -17 20 -20 21 -18
right_child=2 3 4 -5 14 6 11 8 9 -11 -12 13 -14 -15 -16 17 18 -19 19 -21 -22 -23
leaf_value=-0.13253616100788343 349.7580505831686 -1.1092058779671203 40.149424804611961 -4.7368729526654993 -0.016913854257575047 -25.344928349172072 -41.579196756631013 -49.04197490187908 7.1217475332984375 -35.664269156023252 -0.2275098120764088 29.604564857725169 25.036635367098224 -29.839616195150786 -0.063096427608247352 37.472423630201547 -1.67558192566586 -0.32967327391508955 8.7351877421788675 -13.539256183766428 35.65455218677085 -33.738206484229259
leaf_weight=411 103 247 355 317 254 211 40 35 387 68 69 333 61 37 18028 245 187 1138 49 274 49 77
leaf_count=411 103 247 355 317 254 211 40 35 387 68 69 333 61 37 18028 245 187 1138 49 274 49 77
internal_value=-0.000106737 -0.00207447 -1.83989e-05 -0.00348437 -3.96411e-05 0.000744403 0.000147247 -0.000641192 0.000228547 0.00101178 -0.00294828 0.00143658 -0.00115487 0.00212042 -0.000101683 -0.00068337 -0.0022949 0.000364516 -0.00320219 -0.00452687 -0.00162 -0.00246992
internal_weight=22975 975 22000 564 21897 1596 1241 770 559 455 104 471 101 370 20301 2273 890 1383 636 323 313 264
internal_count=22975 975 22000 564 21897 1596 1241 770 559 455 104 471 101 370 20301 2273 890 1383 636 323 313 264
cat_boundaries=0 14 16 28 42 55 57 59 72 74 88 90 91 93 95
cat_threshold=4194389 65616 0 2147516432 16777228 16781377 0 268469248 8 67272704 8 8 0 4 2178106880 208904 0 1048576 268435536 0 0 0 0 0 0 0 0 131168 0 65552 0 0 0 4160 0 0 0 163840 0 0 0 4 33898504 8404992 1610612864 268435653 16640 512 0 0 526464 2166366224 536870912 526336 295168 538129024 17024 38273120 206896 262152 8388608 0 128 0 0 0 0 0 16 0 0 256 8389712 8 0 2166358048 4096 8704 1179712 536870912 0 134225920 32768 16900 1084227616 269484161 10637440 1 2741110914 372798 2 1417228 131584 20971520 266266
is_linear=0
shrinkage=0.045


Tree=326
num_leaves=23
num_cat=17
split_feature=0 3 0 0 5 3 5 2 0 3 3 0 5 5 0 3 5 2 3 0 0 3
split_gain=2.13275 1.2675 0.839091 0.668088 0.863539 0.732221 0.498518 0.393271 0.503574 1.583 0.598592 0.822733 0.494428 0.433607 0.430002 0.538483 0.426904 0.416296 0.969282 0.854082 0.688837 1.24808
threshold=0 1 2 3 5.5548938233105778 4 3.5114340430413216 5 6 7 8 9 4.4716224665663962 2.9700856263602158 10 11 4.6959141240107813 12 13 14 15 16
decision_type=9 9 9 9 8 9 10 9 9 9 9 9 8 8 9 9 10 9 9 9 9 9
left_child=1 -1 -2 4 6 -5 -3 -4 9 10 11 12 -9 -13 -11 -16 -15 18 -10 -20 21 -19
right_child=2 3 7 5 -6 -7 -8 8 17 14 -12 13 -14 16 15 -17 -18 20 19 -21 -22 -23
leaf_value=0.46044647915288489 44.332803417299345 6.3241229733927433 111.68665209063268 -2.1139172513195139 50.979232898916649 -5.9487018029638836 -2.3992130445119293 -28.19833144772182 -4.8224250306176719 20.594144064372301 -32.410085213129889 -15.820052997293184 -0.83721456002006267 11.138902684713925 -2.9717335349253426 3.3907765981767897 -9.9883240590112745 -1.5472964139715371 -19.735466157730503 3.2103658729426745 -0.064221693535323823 38.6409885271284
leaf_weight=333 231 86 284 114 66 294 212 82 644 396 251 55 48 374 412 282 179 676 230 897 15725 1104
leaf_count=333 231 86 284 114 66 294 212 82 644 396 251 55 48 374 412 282 179 676 230 897 15725 1104
internal_value=-0.000116529 -0.00203447 -1.85082e-05 -0.00303061 -0.00150798 -0.00430714 -0.00258 -4.80115e-05 -7.05526e-05 -0.000733859 -0.00202747 -0.001332 -0.00443662 -0.000595161 0.000449183 -0.000229462 -0.000218919 1.4e-06 -0.000653673 0.000146181 6.80769e-05 0.000904018
internal_weight=22975 1105 21870 772 364 408 298 21639 21355 2079 989 738 130 608 1090 694 553 19276 1771 1127 17505 1780
internal_count=22975 1105 21870 772 364 408 298 21639 21355 2079 989 738 130 608 1090 694 553 19276 1771 1127 17505 1780
cat_boundaries=0 14 16 28 42 44 45 58 60 62 75 88 90 91 93 106 119 121
cat_threshold=4194389 65616 268435456 2147516432 16777228 16781377 0 268469248 32904 67272708 8 8 0 4 3250783744 73992 8 1048576 1610612816 64 0 0 0 0 0 0 0 131168 4194305 65536 0 0 16777216 4160 0 0 32768 163840 0 0 0 4 16432 4096 64 0 2166358048 4096 512 1228800 536870912 0 134225920 4 16896 1084227616 3678208 10637696 2739094144 383244 2164343296 22788 0 2097152 0 0 1048576 0 0 0 0 0 1075838976 524288 4480 0 2097184 0 0 1179648 536870912 0 0 0 0 1075838976 0 384 134775826 160 129 2153366592 150025 2147516416 0 0 0 8388608 0 0 0 0 0 4112 1152 16 42254336 33570816 2147483776 4 64 512 0 0 526336 1092624400 536875152 3200 2 1107558930 340683
is_linear=0
shrinkage=0.045


Tree=327
num_leaves=23
num_cat=18
split_feature=0 3 0 2 5 0 0 0 3 0 0 5 5 3 3 0 0 3 0 0 5 4
split_gain=2.28056 1.09817 0.804054 0.751762 0.881809 0.876287 0.483797 0.461477 1.37889 1.16541 0.813931 0.579621 0.88599 0.559079 0.531308 1.89037 1.51844 1.16325 0.962395 0.810258 0.63591 0.887992
threshold=0 1 2 3 4.9732735209982879 4 5 6 7 8 9 4.4248287033199567 4.5379471377116305 10 11 12 13 14 15 16 6.4353484435784418 17
decision_type=9 9 9 9 8 9 9 9 9 9 9 10 10 9 9 9 9 9 9 9 8 1
left_child=1 6 -2 4 -3 -5 -1 8 10 13 -4 -11 -13 -10 16 -16 17 -9 -17 -18 21 -19
right_child=2 3 7 5 -6 -7 -8 14 9 11 -12 12 -14 -15 15 18 19 20 -20 -21 -22 -23
leaf_value=-1.6705925773490737 119.25222851686392 -1.9434347747752485 0.73472765058181644 -6.14559162718243 -92.714471322275799 -1.1699953890570682 4.7325246856051919 0.26409731470369413 27.229405975475139 27.473146026062985 -13.539527666745391 -34.821672367829855 1.0492916096625642 -5.4198119042084913 25.657453012502938 -3.1440204949243626 6.4016162053580743 -1.2504729093560405 1.4851136988734293 -0.41300516108492613 46.051986680559672 -26.903215700360168
leaf_weight=109 107 68 301 115 38 484 213 817 113 652 760 40 348 377 1115 3138 1739 383 4337 6892 71 758
leaf_count=109 107 68 301 115 38 484 213 817 113 652 760 40 348 377 1115 3138 1739 383 4337 6892 71 758
internal_value=-0.000118488 -0.00217854 -2.09015e-05 -0.00316946 -0.00663559 -0.00243781 2.69463e-05 -4.09782e-05 -0.000603342 0.000262646 -0.0018411 0.00111217 -0.000253846 -0.0015239 3.50433e-05 0.000298187 -0.000177099 -0.00128099 3.90679e-05 8.38252e-05 -0.00216176 -0.00243701
internal_weight=22975 1027 21948 705 106 599 322 21841 2591 1530 1061 1040 388 490 19250 8590 10660 2029 7475 8631 1212 1141
internal_count=22975 1027 21948 705 106 599 322 21841 2591 1530 1061 1040 388 490 19250 8590 10660 2029 7475 8631 1212 1141
cat_boundaries=0 14 16 28 29 42 55 68 70 83 96 98 100 114 128 130 143 156 157
cat_threshold=89 65616 268435456 2147483648 16777228 16777281 0 268468224 32904 67141636 8 8 8388610 4 2169177152 92168 0 1048576 80 0 0 0 0 0 0 512 0 131168 67 1 0 0 0 0 16777217 0 32768 0 67108864 0 0 8388608 0 65616 0 0 0 0 0 0 32768 0 0 0 2 8404996 2149581860 4096 528 1073774592 4096 0 8256 4 151584 44040224 286261376 655488 3408310730 286916 0 2147483680 4096 16 1073774592 0 0 0 4 147456 10485760 268435456 131200 0 32 4096 0 32768 0 0 0 4 147456 10485760 0 128 9453600 528 1182393956 73524 37748736 262144 1610612736 0 2415919104 536870912 128 134217728 71680 1048896 201396240 36869 2106884 1 3258974208 17039360 1073741824 0 2550136832 536870912 384 0 536938496 1049664 201392144 32773 2107136 1 33653284 516 2134016 28672 0 2097156 131328 1024 512 1073823744 1024 8914968 553779200 2147493392 2147489792 2097152 1073758208 0 2097280 131328 1536 512 1073742848 0 11010072 1627521024 534528 2147489792 2
is_linear=0
shrinkage=0.045


Tree=328
num_leaves=23
num_cat=19
split_feature=0 3 0 0 0 3 5 3 0 0 0 0 3 3 0 0 0 5 0 0 5 1
split_gain=2.15755 1.51331 0.934535 0.708105 0.696563 0.593912 0.539056 0.511651 2.62923 2.60034 1.51202 1.41004 1.223 0.957022 0.869209 0.733379 0.631917 0.733514 0.617235 0.599037 0.591761 0.580852
threshold=0 1 2 3 4 5 4.7405652883788738 6 7 8 9 10 11 12 13 14 15 4.7999057951650004 16 17 5.1619206365690227 18
decision_type=9 9 9 9 9 9 8 9 9 9 9 9 9 9 9 9 9 10 9 9 10 9
left_child=1 3 -2 -1 6 -6 -3 9 -9 13 -11 12 16 -4 -12 -15 -10 18 -18 -14 -19 -13
right_child=2 4 7 -5 5 -7 -8 8 11 10 14 21 19 15 -16 -17 17 20 -20 -21 -22 -23
leaf_value=-1.9555770357651838 346.4632074222352 -5.1079089648017604 -1.850259844134158 3.9537298577841713 -5.362019731665109 -3.7727138389185648 0.91762479907682737 29.622545390501053 -0.45341046544682584 10.014346183706365 -3.0667734630151151 -0.84407723400966728 69.416358092170157 -0.16955809416455025 0.18062015822593425 -21.911081505159967 -3.0590759456401067 106.57103099190242 -52.374449956274347 -1.1920997289106874 -17.12196668914649 2.0053089178324486
leaf_weight=105 104 256 295 364 104 318 148 848 213 1231 3018 3199 243 111 7116 416 119 55 237 613 137 3725
leaf_count=105 104 256 295 364 104 318 148 848 213 1231 3018 3199 243 111 7116 416 119 55 237 613 137 3725
internal_value=-0.000100862 -0.00187643 6.22366e-06 0.000177755 -0.00302864 -0.0043341 -0.00157933 -1.54251e-05 0.000234071 -0.000207681 -2.96649e-05 -4.73501e-06 -0.00119613 -0.00263309 -0.000211118 -0.003782 -0.00249741 -0.00331071 -0.00457542 -2.07372e-05 -0.0011134 0.000275087
internal_weight=22975 1295 21680 469 826 422 404 21576 9389 12187 11365 8541 1617 822 10134 527 761 548 356 856 192 6924
internal_count=22975 1295 21680 469 826 422 404 21576 9389 12187 11365 8541 1617 822 10134 527 761 548 356 856 192 6924
cat_boundaries=0 14 16 28 36 48 50 52 66 79 92 105 107 109 123 136 149 161 173 175
cat_threshold=4194377 65616 268435456 0 16809992 16777217 512 268469248 32776 67142148 8 16777352 2 1 3238089312 68248 0 1048576 80 2147483648 0 0 0 0 0 0 0 131168 4194313 16 0 0 0 16777216 0 32768 4194305 16 0 0 32768 0 0 32768 8 67141632 0 128 4194320 4096 2202648428 7829 42205200 19005444 1073741824 4 2147483648 256 0 0 71680 1073873154 2162864 5 1052800 2 33570836 2228228 2147487744 4 2147549184 0 0 64 69632 1073872992 10551344 5 11669632 2147549184 8667136 0 2106049 268566592 33554496 128 134225920 0 3145728 1627389952 534528 25601 2147483648 8413216 0 2105345 1476526084 33556544 128 134225920 0 6291456 1090519040 269492736 27648 673185936 213026 4261376 2176 8650752 1090521120 536870912 16 256 536871172 0 1073741824 536872964 20739 33554560 33024 44 22 0 0 2147487744 4 0 0 0 0 0 131072 16 0 8388608 0 0 0 0 268566528 33554432 0 8192 0 0 0 512 11264 2147483648 32 0 0 0 0 0 0 0 4194304 0 1048576 0 0 0 2097153 134217728 0 0 0 0 6291456 0 8192 269490313 9800
is_linear=0
shrinkage=0.045


Tree=329
num_leaves=23
num_cat=16
split_feature=0 3 0 0 0 5 5 5 3 0 0 0 3 0 5 1 3 0 3 5 0 5
split_gain=2.18865 1.32089 0.942114 0.92762 0.596584 0.547341 0.738094 0.529819 0.482274 2.12118 1.93074 1.13342 1.0131 0.891552 1.45596 0.760648 0.817839 0.848718 0.754969 0.682155 0.675087 0.548428
threshold=0 1 2 3 4 4.7578820629520608 4.0689902272260703 5.2857353797162627 5 6 7 8 9 10 2.9700856263602158 11 12 13 14 4.3882378946731615 15 2.6735537653587347
decision_type=9 9 9 9 9 10 10 8 9 9 9 9 9 9 8 9 9 9 9 8 9 8
left_child=1 4 -2 5 7 6 -3 -1 9 12 18 -11 -4 -14 -15 16 20 19 -10 -18 21 -12
right_child=2 3 8 -5 -6 -7 -8 -9 10 11 15 -13 13 14 -16 -17 17 -19 -20 -21 -22 -23
leaf_value=-20.033783713091715 3.1217279994652016 -1.5350613060847444 -15.76291546587048 -5.264942652342314 5.9847183921140061 0.87633168311839427 -30.39107916587038 27.85884797490305 -0.53943722083231394 5.1276900256594224 104.56086652028731 -0.61520095086378457 -0.049406455773052346 -8.9361878898425342 -4.7964585449716752 -1.2959964097998029 -78.348764264691212 19.235455584182034 56.280098433308936 0.93501832660908546 3.5134632203429055 -4.1458512315776481
leaf_weight=62 394 314 228 287 332 148 108 40 253 1063 64 9724 515 43 323 4775 37 1075 917 64 1334 875
leaf_count=62 394 314 228 287 332 148 108 40 253 1063 64 9724 515 43 323 4775 37 1075 917 64 1334 875
internal_value=-0.000104779 -0.00189601 2.90393e-06 -0.00291542 0.000141256 -0.00177835 -0.00263208 -0.00268421 -3.80244e-05 -0.00022825 0.000202849 -3.45864e-05 -0.00209144 -0.00135554 -0.00302381 -4.15248e-05 0.000466773 0.00142424 0.00190355 -0.00234956 -3.3479e-05 -0.000951104
internal_weight=22975 1291 21684 857 434 570 422 102 21290 11896 9394 10787 1109 881 366 8224 3449 1176 1170 101 2273 939
internal_count=22975 1291 21684 857 434 570 422 102 21290 11896 9394 10787 1109 881 366 8224 3449 1176 1170 101 2273 939
cat_boundaries=0 14 16 29 43 52 54 68 82 95 97 111 113 115 128 130 144
cat_threshold=4194377 65616 268435456 2147483648 16809992 16777281 0 268469248 32776 67142148 8 16908424 0 1 3222357600 68376 0 16384 1073742032 8256 2147483648 0 128 0 0 64 538968064 96 1048576 4194305 65552 0 0 32776 0 0 32768 32768 32768 8 128 0 1 4194304 0 0 0 32776 0 0 32768 32768 2202132396 8085 33820692 18874372 2684354560 4 0 260 0 64 4100 1073889312 1073807408 256 8519810 6 4112 36044804 2684354560 4 1048576 260 0 0 4096 1073872912 1073807408 2101509 10518657 2 3238084608 8388608 67108864 2097153 16900 7680 512 134217728 0 3147776 25165824 268969984 24576 2147516544 4112 33554432 16777216 536870912 0 0 256 0 0 4 1073741856 1073741840 256 0 6 1610613092 67767 682360914 409602 65536 0 1 0 0 0 0 0 0 0 0 0 8196 269484096 294986 33849344 92274688 0 129 256 0 0 0 1024 2056 128 0 2147487760 4
is_linear=0
shrinkage=0.045


Tree=330
num_leaves=23
num_cat=19
split_feature=0 3 0 3 3 5 0 1 2 5 3 2 0 3 0 3 0 3 5 3 0 3
split_gain=1.63285 1.81418 0.999114 1.19057 0.824192 1.26311 1.02781 0.696436 0.585136 0.426913 0.589014 0.409464 1.1487 0.803363 0.750297 0.564435 0.542717 1.48116 0.627818 0.829555 0.656426 0.500543
threshold=0 1 2 3 4 3.9415346756528771 5 6 7 3.5694334999727624 8 9 10 11 12 13 14 15 3.6762205501217919 16 17 18
decision_type=9 9 9 9 9 8 9 9 9 8 9 9 9 9 9 9 9 9 8 9 9 9
left_child=1 7 3 8 5 -3 9 -1 -2 -6 -11 12 -4 -14 15 -15 17 18 19 -13 -20 -18
right_child=2 4 11 -5 6 -7 -8 -9 -10 10 -12 16 13 14 -16 -17 21 -19 20 -21 -22 -23
leaf_value=41.226826221747771 -50.870065856142894 -0.95817342718381682 -145.32278425338686 15.019963292023961 -19.615500320743024 -8.5842866305776475 -4.0378957824741546 -0.75734508325261052 2.2307910344372792 13.11778632868341 -3.1656889541160691 17.11538878227795 -8.3411099311232153 12.828615653430095 15.960408269838103 -6.3510998395879446 -1.0203459973635032 33.340574972908861 -6.0765317235314251 -52.774982260532518 30.08075882749802 0.27563832008482769
leaf_weight=161 182 60 126 697 90 51 410 237 163 227 171 106 644 108 598 245 8692 821 298 181 423 8284
leaf_count=161 182 60 126 697 90 51 410 237 163 227 171 106 644 108 598 245 8692 821 298 181 423 8284
internal_value=-0.000116529 -0.00159514 -1.91843e-05 0.00133207 -0.0026048 -0.00618293 -0.00208681 0.000965854 -0.000819328 -0.000648 -2.24998e-05 -8.85187e-05 -0.000750433 -0.000406036 0.000425234 -0.00119589 -2.75016e-05 0.00070641 -0.00045 -0.00222664 0.000255187 -0.000107017
internal_weight=22975 1407 21568 1042 1009 111 898 398 345 488 398 20526 1721 1595 951 353 18805 1829 1008 287 721 16976
internal_count=22975 1407 21568 1042 1009 111 898 398 345 488 398 20526 1721 1595 951 353 18805 1829 1008 287 721 16976
cat_boundaries=0 13 15 28 30 32 44 46 47 49 50 63 65 78 80 94 96 98 112 114
cat_threshold=4121 3229614160 268439552 2147483648 33288 16777281 512 268435456 32776 164612 0 16908424 131072 2181645416 344576 81984 16384 1073742032 268443712 2147500032 0 0 0 524288 2167406656 538968064 268961889 1057024 2693283904 209448 142737408 163840 24 1073741840 268435456 0 33280 1 0 0 32768 131332 0 128 134758432 1024 4 528 4268 129 33587200 0 0 0 0 0 0 0 0 0 0 1024 16 2182301188 22536 0 0 2147483648 0 0 0 0 0 0 8 135296 33536 8 8421416 192 58753028 33751040 2684354560 20 65540 5632 0 0 6276 1073750016 4240 1024 0 2 50888758 293583 50364448 4104 50364416 33554432 536870912 0 65536 0 0 0 4096 0 4224 0 0 2 970063656 1924
is_linear=0
shrinkage=0.045


Tree=331
num_leaves=23
num_cat=18
split_feature=0 3 0 0 3 0 5 5 2 3 0 0 0 0 3 3 1 5 5 3 0 4
split_gain=1.3649 2.53181 0.870727 0.802431 0.844395 0.791471 0.715487 0.565885 0.489816 0.340528 2.61391 1.52548 1.42592 1.11179 1.07469 1.02883 1.14285 0.922349 0.927487 0.770539 0.70757 0.63329
threshold=0 1 2 3 4 5 5.772996334337213 4.166635176627655 6 7 8 9 10 11 12 13 14 2.8617925509761908 3.9019216517693867 15 16 17
decision_type=9 9 9 9 9 9 10 8 9 9 9 9 9 9 9 9 9 10 10 9 9 1
left_child=1 5 -3 4 8 7 -4 -1 -2 10 15 14 -12 19 20 16 -5 -18 -19 -13 -11 -17
right_child=3 2 6 9 -6 -7 -8 -9 -10 11 12 13 -14 -15 -16 21 17 18 -20 -21 -22 -23
leaf_value=56.232640961756296 -65.789321510658752 -0.28518544872282886 -8.0353802547383495 5.4271017012537648 104.10794933883835 27.35585333644682 32.770194260551541 -53.037693279883207 3.5576717112229135 -0.07565193820574069 6.968901632278695 2.1438500622255048 -0.97385723179958206 0.20703845683996128 -1.6178833850049006 -168.69293224970093 -62.6152498870863 27.137349078948127 -5.7248054878811994 37.502577952767176 -21.870009021190242 -10.326511141566847
leaf_weight=62 111 256 403 457 537 332 40 59 122 105 1744 672 4428 10352 1766 156 40 70 129 497 220 417
leaf_count=62 111 256 403 457 537 332 40 59 122 105 1744 672 4428 10352 1766 156 40 70 129 497 220 417
internal_value=-0.000114571 -0.00161598 -0.00329747 -3.44171e-05 0.00138107 0.000996774 -0.00451978 -0.00199624 -0.000863265 -8.6945e-05 -0.000331477 4.69027e-05 5.23934e-05 0.000250109 -0.00106776 -0.0021815 -0.000978813 -0.0034243 -0.00226119 0.00155843 -0.00340504 -0.00359231
internal_weight=22975 1152 699 21823 770 453 443 121 233 21053 7441 13612 6172 11521 2091 1269 696 239 199 1169 325 573
internal_count=22975 1152 699 21823 770 453 443 121 233 21053 7441 13612 6172 11521 2091 1269 696 239 199 1169 325 573
cat_boundaries=0 13 15 25 37 39 49 50 52 66 79 92 105 107 109 111 113 123 124
cat_threshold=4161 3238068304 268439552 2147483668 2147516936 16781377 0 268435456 0 33540 0 16908296 131072 2148549744 74260 0 65552 0 4 520 4096 0 268435456 0 33024 33636352 33570816 1073742032 268443712 16384 0 0 0 524288 18874368 0 526432 524400 208936 0 16 0 4 0 0 0 268435456 0 33024 4 1191308836 263687 1086586904 69206016 0 128 0 4 0 1073741824 4 1142046785 160 17 9963790 1 2147483648 3104 2684354560 0 1090650432 536873984 512 99328 32776 34 572522496 268435588 53376 2147483648 1024 536870912 2097153 151650624 536871936 0 98304 33792 524290 553652240 42116 2147504256 8650760 69345280 67108864 128 65536 4 0 1207959552 4096 1142030401 1082327072 17 11535616 64 108816 1090609184 1030 8 3088 2827747346 8616 0 1056 0 0 256 1024 0 0 0 2 2
is_linear=0
shrinkage=0.045


Tree=332
num_leaves=23
num_cat=17
split_feature=0 3 0 3 5 0 1 2 0 3 5 0 3 5 5 3 5 3 3 0 0 3
split_gain=1.50987 2.19583 0.855287 0.864893 0.816 0.870405 0.554765 0.507692 0.967073 0.75677 0.584745 0.549709 1.50127 0.735 0.889974 0.468765 0.80047 0.464476 0.457175 2.05438 1.71456 1.38816
threshold=0 1 2 3 5.7573219937320976 4 5 6 7 8 2.602003343538398 9 10 4.7833076179467886 3.5114340430413216 11 4.6959141240107813 12 13 14 15 16
decision_type=9 9 9 9 10 9 9 9 9 9 10 9 9 10 8 9 8 9 9 9 9 9
left_child=1 6 3 -2 5 -3 -1 8 15 -10 -11 12 13 14 -9 16 -4 -16 20 21 -13 -20
right_child=2 4 7 -5 -6 -7 -8 11 9 10 -12 18 -14 -15 17 -17 -18 -19 19 -21 -22 -23
leaf_value=-3.6216487950838374 -1.7584905967954141 -0.23411196309577798 -27.728952784675361 7.8806546395086023 51.469246910334142 -5.5493833361236433 51.151094234211278 31.918635328605912 31.015593978246311 -76.285939569980059 -1.7946173648418349 -9.8240734938097578 45.755891215277934 30.560431933327354 -13.798254309548316 -9.2231149107439254 40.72733147053583 -30.888995722086189 0.053774740187141436 -0.57645254381046962 -0.5292908756887279 62.516951596617645
leaf_weight=128 360 156 62 620 54 457 193 113 375 104 781 344 565 86 109 292 46 178 939 6927 8767 1319
leaf_count=128 360 156 62 620 54 457 193 113 375 104 781 344 565 86 109 292 46 178 939 6927 8767 1319
internal_value=-9.89031e-05 -0.001809 -2.1069e-05 0.00127016 -0.0032673 -0.00378293 0.00122973 -8.19971e-05 -0.00083433 -0.000212264 -0.000928093 -1.69687e-05 0.000977893 -0.000849397 -0.0016791 -0.00273058 -7.49998e-05 -0.00300519 -7.47213e-05 0.000149234 -0.000300394 0.00132423
internal_weight=22975 988 21987 980 667 613 321 21007 1660 1260 885 19347 1051 486 400 400 108 287 18296 9185 9111 2258
internal_count=22975 988 21987 980 667 613 321 21007 1660 1260 885 19347 1051 486 400 400 108 287 18296 9185 9111 2258
cat_boundaries=0 13 15 28 30 39 41 42 55 57 69 71 73 74 76 90 103 105
cat_threshold=73 3221291072 268439552 2147483664 16810504 16781313 0 268468224 32772 772 8388608 16908296 2228224 2147598448 66192 2181103616 33554432 1073742032 268443712 64 64 0 0 524288 2167406624 2097152 268959840 4352 2185807952 16680 0 1073741824 0 16 0 0 0 32768 32772 806387776 1025 1 32768 0 2147483648 0 260 0 0 0 0 1073741824 128 2147486848 16 155201634 73956 8388612 0 2684354560 4 4 512 0 0 128 1073897472 4240 3072 2333016694 12417 8389122 22528 134873616 937554468 265942 311312 69480448 0 128 2148597760 4 128 1073741824 69632 17 67174400 2149585536 75500032 2 16400 2097152 0 128 1114112 0 128 1073741888 4096 67141632 67108864 4097 8388608 1208352898 221192
is_linear=0
shrinkage=0.045


Tree=333
num_leaves=23
num_cat=18
split_feature=0 3 3 0 3 1 5 2 5 5 4 0 3 0 3 5 3 0 0 3 3 0
split_gain=1.46816 2.00845 0.902124 0.887824 1.3369 0.605081 0.580001 0.459335 0.471571 0.567532 0.379635 2.62075 2.03921 1.89332 2.77326 1.71745 1.56685 2.69631 1.40779 1.36 1.31978 1.30071
threshold=0 1 2 3 4 5 5.7573219937320976 6 5.344720891341141 3.8176519431297078 7 8 9 10 11 5.8245230014317348 12 13 14 15 16 17
decision_type=9 9 9 9 9 9 8 9 10 8 1 9 9 9 9 8 9 9 9 9 9 9
left_child=1 7 5 4 -2 -3 -4 -1 9 -9 11 20 -13 14 -12 -16 17 -15 19 -14 -5 -18
right_child=3 2 6 10 -6 -7 -8 8 -10 -11 13 12 18 16 15 -17 21 -19 -20 -21 -22 -23
leaf_value=22.034831193588133 -7.8761853579290664 3.2956312407679644 -3.6017423905838815 -12.880789708420904 7.9057858131551066 -3.7759852944822199 -0.19200617983080887 16.717956781954964 148.3214092617541 -26.532950163042912 3.4774688531138453 -36.941453631241053 -17.421882333268016 -25.619250536504101 -29.530370021076003 16.197921147155363 6.0543379686549628 0.15508240645390015 11.356286929550901 2.8449760073550037 75.459249674079558 0.023329840570894364
leaf_weight=195 257 110 251 257 806 174 50 42 37 57 785 806 1283 1329 1107 223 2082 2691 2524 601 1416 5892
leaf_count=195 257 110 251 257 806 174 50 42 37 57 785 806 1283 1329 1107 223 2082 2691 2524 601 1416 5892
internal_value=-0.000108695 -0.00186207 -0.00342965 -3.48646e-05 0.00122651 -0.00145946 -0.00516134 0.000931487 -0.00103378 -0.00271782 -9.93905e-05 0.000174409 -0.000323766 -0.000233116 -0.00147038 -0.0027161 -1.34931e-05 -0.000736607 5.90499e-05 -0.000868671 0.00171721 0.000351615
internal_weight=22975 916 585 22059 1063 284 301 331 136 99 20996 6887 5214 14109 2115 1330 11994 4020 4408 1884 1673 7974
internal_count=22975 916 585 22059 1063 284 301 331 136 99 20996 6887 5214 14109 2115 1330 11994 4020 4408 1884 1673 7974
cat_boundaries=0 13 15 17 30 32 34 35 36 50 52 66 68 70 83 97 99 101 114
cat_threshold=8388681 3221225536 268439552 2147483668 32776 16781377 0 268468224 32768 773 8388608 131080 131072 2181153840 90648 4722752 133252 65536 33554432 1610612944 268443840 64 0 0 0 524288 3308290048 0 268959840 8388896 344112 266248 536888324 513 36 2 2359296 83968000 1 2097152 403177472 536872192 0 0 1024 13238304 536870912 1049600 45570 1 1073943104 287488 2097152 16859184 0 2097664 1090535424 33557760 256 0 0 13123584 536870920 1048576 69259778 1 567620454 287232 2726143108 140357 0 69347332 1 0 135266304 536870912 0 0 536873984 4112 67239968 16783761 2072 33587200 11264 0 0 8454400 0 0 65536 4 17482 1593835520 2164301844 1028 6 143180960 6332 12583072 82464 2164277248 69345284 0 0 512 0 128 0 67584 5138 503447584 16791569 3084
is_linear=0
shrinkage=0.045


Tree=334
num_leaves=23
num_cat=14
split_feature=0 3 5 0 3 5 0 5 3 5 5 5 5 5 0 0 3 3 0 3 0 3
split_gain=1.91627 2.29658 1.17148 0.850416 1.43206 0.670971 0.611339 0.819139 0.567713 0.557511 0.774776 0.508991 0.450483 0.380894 1.91607 1.50938 1.8399 1.31523 1.24883 1.03574 1.02086 0.928157
threshold=0 1 5.7573219937320976 2 3 4.9522934739897151 4 3.8815106545092593 5 3.7012257604091228 3.4498615536424366 4.1971736807086968 4.8713658868283671 4.5379471377116305 6 7 8 9 10 11 12 13
decision_type=9 9 10 9 9 10 9 8 9 10 8 10 10 10 9 9 9 9 9 9 9 9
left_child=1 -1 5 4 6 8 7 -2 -3 10 -8 -9 -13 15 19 16 -5 18 -16 -15 -19 -17
right_child=3 2 -4 13 -6 -7 9 11 -10 -11 -12 12 -14 14 17 21 -18 20 -20 -21 -22 -23
leaf_value=31.462389013253155 -36.801324265548764 -0.17312654224962556 39.903733146015504 0.14329804367003771 40.349253434056465 -14.672801441729842 57.842117987823869 4.3067719165346663 -2.7886065607101607 13.542266666573042 -30.502313159962487 -69.416191016691627 7.720361031222156 -9.7578835702354141 -5.911561385703866 -3.0710765657345713 -11.094741807269687 50.383209293793257 6.1165639672110501 0.1598721790614786 4.4411374237813011 0.4806531194417904
leaf_weight=257 65 103 53 504 545 95 80 47 369 195 40 50 66 1493 1657 2752 767 1013 1596 1203 1683 8342
leaf_count=257 65 103 53 504 545 95 80 47 369 195 40 50 66 1493 1657 2752 767 1013 1596 1203 1683 8342
internal_value=-4.21072e-05 -0.00209055 -0.00356013 4.02987e-05 0.00126 -0.00421529 -0.000381081 -0.0021 -0.00349367 0.000894496 -0.00147541 -0.000463636 -0.00205932 -2.35466e-05 0.000205563 -0.000183755 -0.00164497 0.000656014 4.54826e-05 -0.000787666 0.00138922 -1.45865e-05
internal_weight=22975 877 620 22098 1088 567 543 228 472 315 120 163 116 21010 8645 12365 1271 5949 3253 2696 2696 11094
internal_count=22975 877 620 22098 1088 567 543 228 472 315 120 163 116 21010 8645 12365 1271 5949 3253 2696 2696 11094
cat_boundaries=0 13 15 28 30 42 44 58 72 74 76 90 92 106 108
cat_threshold=8388685 3221291072 268439552 2147483648 33288 16777217 512 268468224 8 773 8388608 16908296 131072 2185281648 73728 4259840 33554432 1644167376 268443840 0 33554432 0 0 524288 2234548288 536870912 268963936 2097408 579616880 70188 4259840 33554432 0 8192 0 0 0 0 0 67141632 0 268963840 8389632 2696 4112 13344 0 513 295174144 4 0 65536 536875008 151552 134221840 1051392 3075 4 1076101120 27279364 67108865 16 4 0 128 16384 32772 1073743888 1143013408 8192 577664 2 44372582 19176 2789338642 188003 1109426176 393216 0 0 134217728 536872192 0 8192 1024 4718602 67239936 2147491860 2147525136 3 2179576622 291364 1109393408 10487812 0 0 134217728 1024 0 8192 4 1078460416 83886080 2139152 33296 2 3795325024 74880
is_linear=0
shrinkage=0.045


Tree=335
num_leaves=23
num_cat=16
split_feature=0 3 5 0 3 5 5 4 5 5 0 3 4 0 3 0 0 5 0 3 0 3
split_gain=1.9808 3.28195 0.957152 0.752711 0.704145 0.684078 0.526872 0.844034 0.580044 0.494982 0.459333 2.43094 1.2586 0.779566 0.729389 1.77192 1.1209 0.716319 0.783913 1.54298 0.704844 1.30729
threshold=0 1 3.795426061844291 2 3 4.1026092131977068 4.516324041782946 4 5.173316863805991 4.4005842009683471 5 6 7 8 9 10 11 1.2424533248940004 12 13 14 15
decision_type=9 9 8 9 9 8 10 1 10 10 9 9 1 9 9 9 9 8 9 9 9 9
left_child=1 -1 -3 9 -4 -6 7 -7 -8 -2 11 12 -5 -13 16 -16 -12 -18 19 -19 21 -17
right_child=3 2 4 10 5 6 8 -9 -10 -11 14 13 -14 -15 15 20 17 18 -20 -21 -22 -23
leaf_value=19.44643765743 1.3826716483555852 -0.57666860599702796 -4.0037929829427759 0.21256473137718468 -6.807966202888915 7.9550614716440817 -6.9220192169130428 -5.2746783839460711 -9.1460457313671792 128.24770787046887 3.7565264297350947 29.834467394942731 -8.9921213282165748 -0.59998882569939682 6.4773154928933234 -41.288254862327911 52.117100313402105 -0.066627876363302405 -1.5407822996866494 -14.252631007670439 0.37015768994385401 0.15449714008932289
leaf_weight=253 512 183 104 304 51 49 56 52 46 327 1910 611 693 924 1781 239 214 604 8235 488 4871 468
leaf_count=253 512 183 104 304 51 49 56 52 46 327 1910 611 693 924 1781 239 214 604 8235 488 4871 468
internal_value=-7.54013e-05 -0.00226675 -0.00422333 4.25827e-06 -0.00565 -0.00686842 -0.00586098 -0.00345146 -0.00813462 0.00131669 -4.8047e-05 -0.000615566 -0.00233251 0.00050905 2.869e-05 0.0003779 -0.000195891 -0.000395216 -0.000454872 -0.00158152 -1.771e-05 -0.0013331
internal_weight=22975 794 541 22181 358 254 203 101 102 839 21342 2532 997 1535 18810 7359 11451 9541 9327 1092 5578 707
internal_count=22975 794 541 22181 358 254 203 101 102 839 21342 2532 997 1535 18810 7359 11451 9541 9327 1092 5578 707
cat_boundaries=0 12 14 27 29 30 43 45 46 59 61 75 89 103 105 118 120
cat_threshold=12582985 1082196032 268435456 2147483648 66056 16777217 512 268436480 8 2147484421 0 16908296 2185348608 75800 65536 33554432 1610612944 268443840 0 0 0 0 524288 1092616208 538968064 268959840 2097152 50 4096 4 33570820 2164277268 4097 512 573508 33554432 0 0 4 67125248 1082130464 36993 135553 2183845992 160088 2 33570816 16404 0 512 16448 0 0 0 0 0 1073741824 32769 4097 2127115954 267909 1074008064 139296 67108864 4 26214656 64 0 134217728 5120 168962 200848 1051652 8388608 2 16 67373056 0 2129937 268566528 7168 384 1073807360 34816 1048608 50331648 2105344 1107968 5 17043456 131072 0 4 1091567616 64 0 16448 5120 164864 196624 1050628 8913440 2 713556624 516 2147483664 67371008 0 0 268566528 0 128 1073807360 34816 1048576 33554440 2097152 1097728 1081412 198928
is_linear=0
shrinkage=0.045


Tree=336
num_leaves=23
num_cat=14
split_feature=0 3 5 0 3 5 0 5 5 5 5 5 3 0 0 3 0 3 0 0 0 5
split_gain=2.03855 2.91773 1.02059 0.661263 1.18344 0.550908 0.607689 0.724882 0.890081 0.536622 0.47657 0.368852 0.363726 2.45264 1.65544 1.42848 1.29062 1.17131 1.09188 0.876566 0.8341 1.05671
threshold=0 1 5.7573219937320976 2 3 4.5271940351011493 4 4.3502571242716384 3.8815106545092593 4.8713658868283671 4.5053345884235583 3.4498615536424366 5 6 7 8 9 10 11 12 13 2.3502401828962087
decision_type=9 9 10 9 9 10 9 10 10 10 8 8 9 9 9 9 9 9 9 9 9 10
left_child=1 -1 5 4 9 6 11 8 -8 10 -2 -3 14 -14 15 -5 17 20 -16 -19 -15 -22
right_child=3 2 -4 12 -6 -7 7 -9 -10 -11 -12 -13 13 16 18 -17 -18 19 -20 -21 21 -23
leaf_value=15.284413016390779 -20.023561227987464 -2.7135338051180238 56.858301045730059 -49.215018707365196 32.098967817524894 -11.118588626521165 -1.0824902813799819 11.955154488597508 -6.1240480443282488 16.879524659507101 -121.62927005707962 75.414987533586284 7.1690390572421032 -7.2008811656077807 4.5381569311793912 -1.9983699289462262 0.55679778617821396 11.178452755164415 -0.83214642629131441 -6.3106950231778107 -266.24730190999605 -11.43187347416572
leaf_weight=336 118 41 58 223 629 153 144 35 49 79 53 69 1517 633 2835 1030 3922 529 9717 307 58 440
leaf_count=336 118 41 58 223 629 153 144 35 49 79 53 69 1517 633 2835 1030 3922 529 9717 307 58 440
internal_value=-7.93183e-05 -0.00218227 -0.00417914 6.10821e-06 0.00120707 -0.00491988 -0.00386471 -0.0051 -0.00639231 -0.00137405 -0.00283526 -0.000737705 -4.4315e-05 0.000209895 -0.000180755 -0.00173241 -0.00020666 -0.00114376 -2.43551e-05 0.000137972 -0.00208268 -0.00345882
internal_weight=22975 885 549 22090 879 491 338 228 193 250 171 110 21211 7406 13805 1253 5889 1967 12552 836 1131 498
internal_count=22975 885 549 22090 879 491 338 228 193 250 171 110 21211 7406 13805 1253 5889 1967 12552 836 1131 498
cat_boundaries=0 13 15 28 30 42 44 58 72 74 87 89 103 116 129
cat_threshold=12587085 2155937792 268439552 2147483664 33288 16781313 0 268435456 8 2147484165 0 16908296 131072 2194227218 74256 65552 33816576 1610612944 268443840 64 64 0 0 557056 18874368 0 524384 8388608 16916 4120 4 65536 268439552 0 0 0 0 268435456 0 0 0 16777216 3211302776 21125 33570816 2229268 0 2097153 0 570426368 128 0 0 54272 33620144 4 2148532232 6 33570816 84 2147483648 0 1073758208 33554432 128 1088 0 67158384 8454304 4 2150629378 4 2181038408 16896 2147483648 67110912 1 4 268566532 0 0 73728 4 1572864 1761611776 2418050176 23841 1083326594 205136 16777216 2048 1 516 268435460 2048 0 73728 0 1048576 1226833928 2418017280 548129 1 2147483648 0 1 0 0 0 0 8192 0 0 134221824 2147484800 3073 0 67110912 0 0 131072 0 0 65536 4 524288 150994944 2147516416 4128
is_linear=0
shrinkage=0.045


Tree=337
num_leaves=23
num_cat=16
split_feature=0 3 3 0 3 5 0 5 3 0 0 0 0 0 3 3 3 5 0 5 5 5
split_gain=2.13047 2.30657 0.932596 0.826752 0.881429 0.917408 0.810275 1.68817 0.49801 1.96994 1.68709 1.52174 0.981983 0.938745 0.942367 0.935354 0.915619 1.0325 0.838455 0.915309 0.786096 0.823457
threshold=0 1 2 3 4 5.6646935841241897 5 3.9415346756528771 6 7 8 9 10 11 12 13 14 3.4811217321331038 15 5.688667405331941 2.1383330595080281 3.0677824455408698
decision_type=9 9 9 9 9 8 9 8 9 9 9 9 9 9 9 9 9 10 9 10 10 10
left_child=1 -1 6 4 5 -2 7 -3 11 -10 15 16 -13 -12 18 -11 -5 20 -15 -20 -18 -22
right_child=3 2 -4 8 -6 -7 -8 -9 9 10 13 12 -14 14 -16 -17 17 -19 19 -21 21 -23
leaf_value=12.725519151285214 0.31159061462620319 62.887029548449739 -3.7353459509991596 -0.14114836134484979 10.001702845444028 -191.55136022735718 -0.22697389762805609 -133.66420544408143 17.723771890189589 24.990721091346384 3.8582120914116964 4.8135791031066049 -0.82529612596530888 18.985213605697297 -3.265911060853055 -20.404004469949697 -1.2185137501156091 -3.7341253619728381 0.63680143807620182 -33.581641641806641 -113.32792612679495 -19.043051557129473
leaf_weight=280 312 37 328 370 803 43 315 64 632 100 3116 1411 8957 520 3449 265 66 462 1253 98 38 56
leaf_count=280 312 37 328 370 803 43 315 64 632 100 3116 1411 8957 520 3449 265 66 462 1253 98 38 56
internal_value=-7.34428e-05 -0.00206757 -0.00336905 2.06941e-05 0.00118462 -0.000674387 -0.00182944 -0.00513717 -4.47727e-05 0.000196771 2.09351e-05 -0.000245339 -8.32368e-05 0.000152344 -0.00021099 -0.0029244 -0.00191833 -0.00296688 0.000599841 3.30171e-06 -0.00611111 -0.00871875
internal_weight=22975 1024 744 21951 1158 355 416 101 20793 9433 8801 11360 10368 8436 5320 365 992 622 1871 1351 160 94
internal_count=22975 1024 744 21951 1158 355 416 101 20793 9433 8801 11360 10368 8436 5320 365 992 622 1871 1351 160 94
cat_boundaries=0 13 15 17 29 31 43 45 58 72 86 100 114 116 118 120 133
cat_threshold=12582985 8454208 268435456 2415919104 33288 553648129 0 268435456 32776 2147484165 0 16908296 2 2189479952 66064 4260386 30852 2181103616 33818624 3758096592 8256 16384 0 128 1024 524288 19923056 0 524384 4767808 21032 1 64 0 0 8 16777216 0 268435456 0 1 0 16777216 1054973476 266911 16793616 2097152 67108864 0 2147483652 320 0 0 5120 1073917184 65712 0 10485792 0 0 0 645 1073741824 6144 512 1073750016 0 0 1084227584 8192 1053056 4 16793620 1092616196 4097 32768 1048580 320 0 64 5124 67275776 65568 4 8912896 2 0 147456 0 661 134217792 7168 512 1073823744 0 0 1369440256 8192 1079680 4 294912 83894272 4097 2097152 1048832 4 0 32768 67584 8912898 67239944 2149580804 34332 3 17178818 51456 1703936 73792 146835968 8 1073741824 131072 0 0 8912896 0 0 0 4 4194304 150994944 2064 67125249
is_linear=0
shrinkage=0.045


Tree=338
num_leaves=23
num_cat=18
split_feature=0 3 0 3 3 0 0 3 0 3 0 3 0 0 3 5 3 5 5 5 0 3
split_gain=1.83299 2.1666 0.979923 1.38529 0.559975 2.47883 1.47587 1.31913 1.10117 0.856478 0.844151 0.833423 1.13459 0.822527 1.13284 0.874999 0.690259 0.648255 1.34367 0.626943 0.586254 0.553215
threshold=0 1 2 3 4 5 6 7 8 9 10 11 12 13 14 3.5408542930527882 15 3.8815106545092593 4.6491756246494491 6.6234007758748676 16 17
decision_type=9 9 9 9 9 9 9 9 9 9 9 9 9 9 9 8 9 8 10 10 9 9
left_child=1 -1 3 -2 5 11 7 10 9 -7 -6 12 17 14 15 -8 -16 -4 -19 21 -13 -15
right_child=2 -3 4 -5 6 8 13 -9 -10 -11 -12 20 -14 19 16 -17 -18 18 -20 -21 -22 -23
leaf_value=14.019213805759726 -9.7086189604557571 -3.6396597879321484 63.936907708206505 22.950189012215244 10.048448217533874 0.74760476450014046 -130.779190745953 -5.8454251550368586 0.20398032433688629 -20.814300746732247 -2.1483101953618551 42.565963879914356 7.4881120526202141 -3.3288741477886972 65.916875681057931 -6.5689514814766969 2.2614504678524852 -53.524831322485937 23.906243189176806 34.751499733141266 118.64653714204833 -0.038051131728723528
leaf_weight=240 316 577 75 769 351 231 40 870 3540 560 277 496 265 3675 226 115 1829 120 96 291 494 7522
leaf_count=240 316 577 75 769 351 231 40 870 3540 560 277 496 265 3675 226 115 1829 120 96 291 494 7522
internal_value=-5.58165e-05 -0.00213329 2.19217e-05 0.00133318 -4.63124e-05 0.000326286 -0.000190557 -0.00152583 -0.000226917 -0.00173163 5.62502e-05 0.00186585 0.000443662 -4.33259e-05 0.000749325 -0.00282934 0.00103411 -0.0014703 -0.00276605 -0.000196435 0.0026497 -0.000250335
internal_weight=22975 817 22158 1085 21073 5877 15196 1498 4331 791 628 1546 556 13698 2210 155 2055 291 216 11488 990 11197
internal_count=22975 817 22158 1085 21073 5877 15196 1498 4331 791 628 1546 556 13698 2210 155 2055 291 216 11488 990 11197
cat_boundaries=0 13 15 28 30 32 45 58 60 74 76 88 90 103 117 119 121 134 136
cat_threshold=8388684 2155937792 268439552 2147483664 524 4097 512 268435456 32776 2147484164 8388608 131080 135168 2185248802 74384 33619968 33554496 3758096592 268443716 16384 33554432 128 0 0 19955776 65536 524384 1048576 557168 4136 1075226840 116064 262144 86384644 0 0 33024 536870976 0 0 5120 4352 69206032 2166361109 2147502116 4210689 1092878340 1 0 2164293888 536870976 0 64 4096 67112225 1075838976 2068 10486016 578880006 264342 2149584896 0 0 2097153 268435456 1024 0 134217728 4 4734976 570425344 40960 67150850 3 401472 16448 0 4 0 0 33024 536870912 0 0 0 1056 1075838976 2068 1074167808 17472 0 83886080 0 0 0 0 0 0 0 4096 0 2149581840 2048 3223326720 18432 0 2097665 268435456 3072 256 134283264 0 540672 855638024 8192 67118080 3 67108864 128 555745282 270336 0 131076 0 0 256 536870912 0 0 1024 0 67108864 18875409 2147500036 857805314 270342
is_linear=0
shrinkage=0.045


Tree=339
num_leaves=23
num_cat=16
split_feature=0 3 0 3 0 3 4 5 5 0 5 2 3 0 0 3 5 0 3 5 5 0
split_gain=1.95861 2.40397 0.982421 0.741296 0.679 0.554395 0.658478 0.541154 0.531702 0.525037 0.413016 0.369812 1.36326 0.662097 0.633566 1.43569 1.01559 0.702384 0.655103 0.56192 0.940199 0.549154
threshold=0 1 2 3 4 5 6 4.2972622671762819 3.5694334999727624 7 3.6505739029280164 8 9 10 11 12 4.135134555718313 13 14 2.6735537653587347 1.4978661367769956 15
decision_type=9 9 9 9 9 9 1 8 8 9 10 9 9 9 9 9 10 9 9 10 8 9
left_child=1 4 3 10 8 -3 7 -7 -1 -8 -2 14 -13 -14 15 16 18 -17 -4 20 -19 -21
right_child=2 5 11 -5 -6 6 9 -9 -10 -11 -12 12 13 -15 -16 17 -18 19 -20 21 -22 -23
leaf_value=45.358185274957378 -15.763333358774469 -4.2596397907922627 4.0650362283054013 49.782871804179997 3.9727537332130529 -3.3112406117723197 -1.942085039443654 137.56420228795017 -2.6128658089218955 -5.4051129459179741 2.072727180827572 134.01238826602128 118.7614869710487 -27.652049936184948 -0.048909604022312453 -6.481453515994378 -39.228275296375628 110.53629313854465 -6.2885178434747022 0.0448298118285754 -55.826271251880428 32.716529597221893
leaf_weight=39 36 248 112 468 482 80 118 38 66 127 97 474 135 256 18622 213 238 40 148 562 84 292
leaf_count=39 36 248 112 468 482 80 118 38 66 127 97 474 135 256 18622 213 238 40 148 562 84 292
internal_value=-0.000104779 -0.00186694 -6.8152e-06 0.00176917 0.000202838 -0.00382103 -0.005004 -0.002325 -0.00288462 -0.00646761 -0.00114828 -5.81931e-05 0.000846636 -0.00110546 -9.7205e-05 -0.000928571 -0.00292941 -7.10722e-05 -0.00103053 0.000445455 -0.00235714 0.00086215
internal_weight=22975 1198 21777 601 587 611 363 118 105 245 133 21176 865 391 20311 1689 498 1191 260 978 124 854
internal_count=22975 1198 21777 601 587 611 363 118 105 245 133 21176 865 391 20311 1689 498 1191 260 978 124 854
cat_boundaries=0 13 15 27 29 40 42 43 53 54 56 68 81 83 96 98 111
cat_threshold=8388684 2172715008 268439552 2415919120 524 536875009 512 268435456 32776 2147516932 10485760 131080 131072 2193708594 74384 33619968 33554432 3221225680 8256 0 0 128 134217728 0 16777312 536936448 96 64 69644 0 2147483648 0 0 4 0 0 0 32776 2147483648 8388608 0 20492 2 0 16777216 0 0 4 536870912 0 0 0 32768 23 2711142996 4100 0 32 0 0 0 0 0 0 0 2 0 2148007936 16384 2113588 0 512 1090519104 16777216 0 0 4 67109890 1073741856 19398673 10490114 2738939010 8968 0 0 0 0 1073741824 16777216 0 0 0 67108866 0 524288 8388608 20971522 520 0 16436 0 0 0 0 0 0 0 0 0 18874385 256
is_linear=0
shrinkage=0.045


Tree=340
num_leaves=23
num_cat=20
split_feature=0 3 1 0 3 3 0 3 0 0 0 0 3 1 3 5 0 5 0 3 3 0
split_gain=1.64642 1.56886 0.974386 0.721673 1.22782 0.544499 0.625604 0.519812 2.01739 1.8331 1.2076 1.07178 1.03018 0.80265 0.802246 0.883538 0.97566 1.02544 0.659534 1.02415 0.613946 0.609286
threshold=0 1 2 3 4 5 6 7 8 9 10 11 12 13 14 4.7833076179467886 15 4.3241107269113215 16 17 18 19
decision_type=9 9 9 9 9 9 9 9 9 9 9 9 9 9 9 8 9 10 9 9 9 9
left_child=1 2 -1 4 -2 -3 -7 9 14 20 -11 12 -10 -12 15 16 17 -9 19 -15 -5 -16
right_child=3 5 -4 7 -6 6 -8 8 11 10 13 -13 -14 18 21 -17 -18 -19 -20 -21 -22 -23
leaf_value=-2.4290347503068288 -12.391272932877801 -15.796576224560592 3.0079884752515356 -1.2081133029623843 47.683185867729044 -11.898168293303305 -1.2512713408953311 -5.7920471078295668 -20.638038806596931 0.39636781545400834 -75.14313646731398 0.07903354334671521 0.92575702742506505 36.921679451443261 23.332432321839452 61.730860174092747 6.6031382448013725 -92.256655071917848 -2.6769344967687343 -9.3749387793223544 25.752852707162663 28.213104872823312
leaf_weight=108 218 109 442 421 649 101 508 227 640 3560 102 6448 423 105 982 337 272 77 5391 233 1122 500
leaf_count=108 218 109 442 421 649 101 508 227 640 3560 102 6448 423 105 982 337 272 77 5391 233 1122 500
internal_value=-9.10692e-05 -0.00165937 0.000160143 1.45051e-06 0.00126451 -0.00303288 -0.00239855 -5.17934e-05 0.000184211 -0.000265576 -0.00050202 -0.000178851 -0.00149442 -0.000900308 0.00131803 0.000257838 -0.000809688 -0.00250633 -0.000823811 -0.00272571 0.00116624 0.00196386
internal_weight=22975 1268 550 21707 867 718 609 20840 9906 10934 9391 7511 1063 5831 2395 913 576 304 5729 338 1543 1482
internal_count=22975 1268 550 21707 867 718 609 20840 9906 10934 9391 7511 1063 5831 2395 913 576 304 5729 338 1543 1482
cat_boundaries=0 13 15 17 29 31 33 38 40 53 66 80 93 95 97 99 112 125 126 128 141
cat_threshold=8388684 2172715012 268435456 2415919616 516 536875009 128 268435456 32776 2147516932 8388608 131080 131072 2189496882 74276 134742019 1536 81920 33554496 1610612944 8272 16448 0 0 32768 524292 18874464 65536 524384 294928 70200 135266376 163840 0 16777216 0 512 512 1067531964 264838 1074003968 69337088 0 2097280 1090584584 4 0 134217728 5120 9043984 285212800 269484160 9438236 2164260880 262160 0 32769 402817024 3072 256 0 67584 1073741824 1073876992 2144261 28929 35651585 16416 2147483649 0 2148532224 256 512 73728 536870912 1051658 203423888 2147484672 2214627360 1 1 16 0 0 402784256 0 0 0 67584 1073744896 1143083008 34821 28929 2153267456 86032 269747200 16 2148401216 164137 1073741824 0 0 2097152 0 0 0 0 0 8912896 285212800 0 12 0 1075841024 0 128 16777224 4 0 134217728 4096 131088 0 268435456 10485760 134218256 478153856 264192 1074003968 69206016 0 0 0 0 0 0 1024 8388608 128 1048704 24
is_linear=0
shrinkage=0.045


Tree=341
num_leaves=23
num_cat=20
split_feature=0 3 0 3 0 3 3 0 0 0 3 0 3 0 5 3 0 3 5 2 3 4
split_gain=1.66121 2.08022 0.965654 1.02421 0.653748 0.748654 0.608009 2.24387 1.97038 1.24593 1.08737 0.98969 0.909753 0.900092 0.757496 0.653934 0.614012 0.605873 0.560872 0.541826 0.532058 0.886301
threshold=0 1 2 3 4 5 6 7 8 9 10 11 12 13 4.5271940351011493 14 15 16 6.6234007758748676 17 18 19
decision_type=9 9 9 9 9 9 9 9 9 9 9 9 9 9 10 9 9 9 10 9 9 1
left_child=1 2 -1 -4 5 -2 7 15 10 12 14 17 16 -12 -8 -6 -9 -10 -13 -15 -3 -22
right_child=4 20 3 -5 6 -7 8 9 11 -11 13 18 -14 19 -16 -17 -18 -19 -20 -21 21 -23
leaf_value=81.299373910125581 71.415344072900609 -2.391385742279903 -13.865513426163664 1.4554072253807013 0.16164649328526884 0.9980812307645992 -69.05412192205506 -15.545880983045009 0.11582647127327317 0.54255431729687642 10.810543206812623 -0.87771948924427201 -0.10864700467686285 3.4703777096211503 -0.62199112661561462 63.963200076858712 -26.48650357971189 34.537784859600698 36.389179900536028 -7.696826497788205 -17.249384312702709 -1.7102209573642875
leaf_weight=226 212 360 102 211 287 578 232 128 358 6190 272 10577 521 136 129 670 369 472 281 320 205 139
leaf_count=226 212 360 102 211 287 578 232 128 358 6190 272 10577 521 136 129 670 369 472 281 320 205 139
internal_value=-0.000118488 -0.00171036 0.000400182 -0.00120462 -2.64899e-05 0.00123441 -7.4735e-05 0.000228385 -0.000268473 -4.48752e-05 -0.00208856 -9.69229e-05 -0.00149417 -0.00104595 -0.00408981 0.00226161 -0.0028556 0.00138955 -0.000211959 -0.00225 -0.00330587 -0.0046264
internal_weight=22975 1243 539 313 21732 790 20942 8165 12777 7208 1089 11688 1018 728 361 957 497 830 10858 456 704 344
internal_count=22975 1243 539 313 21732 790 20942 8165 12777 7208 1089 11688 1018 728 361 957 497 830 10858 456 704 344
cat_boundaries=0 13 15 23 25 37 39 41 54 67 80 82 95 97 110 112 125 127 128 130 131
cat_threshold=25165892 2164277264 268435456 2415919632 65548 536875009 0 268435456 34828 2147516932 8388608 131080 131072 2189514290 197264 16777216 16777232 0 16 65536 536875008 0 268435456 528 65536 2147565568 33554496 1610612944 64 262144 16777216 0 1024 524288 18874480 0 524384 684753986 2176 1082032400 255352 38010888 69470212 2147483649 8196 2148532224 256 0 8192 5120 1073872896 1076035600 2049 9437696 4198408 1151600644 2147483649 132 269484032 256 0 41024 4096 1073874944 1075904512 1 3145856 16 69664 0 1 1073741888 33555456 512 16384 65536 16384 100663296 41088 67129346 553664582 2178 16 65536 67108864 1 576 33557504 512 16384 65536 0 4104 40960 67137536 6815760 139536 4096 75759616 0 128 1048576 0 0 8192 0 0 2097152 0 1048704 4587776 114944 0 32 0 0 0 0 512 0 0 16384 67108864 8192 2 2181121124 6144 16 135266304 28716 4
is_linear=0
shrinkage=0.045


Tree=342
num_leaves=23
num_cat=20
split_feature=0 3 0 3 5 0 2 3 0 3 0 0 5 0 3 1 0 3 0 0 3 0
split_gain=1.52141 2.3555 0.746429 1.51253 0.769288 0.67045 0.641079 0.589749 2.20906 0.940386 0.803396 0.683888 0.825378 0.653793 2.07881 0.873798 0.605144 0.589387 1.84939 0.809069 1.20241 0.612327
threshold=0 1 2 3 4.8713658868283671 4 5 6 7 8 9 10 4.5591125415341898 11 12 13 14 15 16 17 18 19
decision_type=9 9 9 9 10 9 9 9 9 9 9 9 10 9 9 9 9 9 9 9 9 9
left_child=1 5 3 4 -2 -1 -3 8 9 -4 -10 -11 -13 14 15 -9 -16 18 -15 20 -19 -20
right_child=2 6 7 -5 -6 -7 -8 13 10 11 -12 12 -14 17 16 -17 -18 19 21 -21 -22 -23
leaf_value=32.502182198554344 -33.404228234335406 -0.999010425038654 1.0070416302593417 34.173027923186652 19.133949861706835 -0.67938455800457553 -8.0532729082322287 1.9503750787908005 47.723645492805154 -13.415189055583827 1.6813716998356836 -9.2381596021450232 -33.467809801117411 12.524368942547202 1.758449198692108 -13.255830559296969 -0.84379526091259238 -2.8273809936027794 -2.3511483666180406 -0.26024151330117168 37.977215255667815 -9.3386672599998501
leaf_weight=228 252 259 590 712 106 326 463 101 366 300 1587 198 93 595 498 407 472 409 944 12787 518 764
leaf_count=228 252 259 590 712 106 326 463 101 366 300 1587 198 93 595 498 407 472 409 944 12787 518 764
internal_value=-0.000118488 -0.00162112 -2.92246e-05 0.00112292 -0.00124054 0.000588339 -0.00329836 -8.9603e-05 0.00047775 -0.00105239 0.00140382 -0.00230597 -0.00384653 -0.000191495 -0.00109329 -0.00339231 0.000137475 -0.000107524 -0.000771706 4.59e-06 0.00127955 -0.00152267
internal_weight=22975 1276 21699 1070 358 554 722 20629 3134 1181 1953 591 291 17495 1478 508 970 16017 2303 13714 927 1708
internal_count=22975 1276 21699 1070 358 554 722 20629 3134 1181 1953 591 291 17495 1478 508 970 16017 2303 13714 927 1708
cat_boundaries=0 13 15 28 30 38 39 41 55 57 69 82 96 98 100 112 114 128 141 143 156
cat_threshold=12582980 2172715076 268435456 2147484176 65544 536875009 512 268435456 32780 2147484164 8388608 131080 131072 1115772466 74640 86032 33554432 1610612944 268435652 262144 16777216 0 17408 524288 18874400 128 524384 1048704 2181382196 4664 0 25165824 0 16 65544 536875008 0 268435456 112 1094058304 50496 2181300224 67122224 0 1 131072 0 0 0 0 264 301989888 2147492736 2147544625 4 1074921792 32832 32768 131072 0 2097152 134250500 0 0 0 1024 1083310082 67108880 2068 0 0 0 0 0 0 0 0 0 8 268435456 2147484032 2147516432 8 1073758224 2147483649 0 1090519044 64 256 40960 2048 1142063104 603979816 285214725 2101248 2 2692795394 73905 1073758224 67584 8 0 2147483649 0 16777220 0 256 8192 0 1073905664 536870912 2049 905982504 262144 2149613568 67117088 0 0 256 1024 0 65536 0 8912896 16846848 3146240 32820 1 50331648 131072 67112960 8192 2416968192 0 0 1073741888 4096 16401 0 0 8921601 2155954180 69660 1073741824 4096 0 0 142737408 0 0 0 536870912 1034 134217728 2147517840 2214593536
is_linear=0
shrinkage=0.045


Tree=343
num_leaves=23
num_cat=17
split_feature=0 3 2 0 3 5 0 3 5 3 0 0 3 0 0 3 5 0 0 5 0 5
split_gain=1.48017 2.5846 1.08671 0.898097 0.690406 0.635198 0.64414 0.553116 0.585877 0.515654 2.33878 1.81661 1.38203 1.23962 1.06884 0.729292 0.681925 0.706784 0.639281 0.636264 1.18014 0.901157
threshold=0 1 2 3 4 2.9174053685313028 5 6 5.0657496176235997 7 8 9 10 11 12 13 2.6735537653587347 14 15 5.344720891341141 16 5.2857353797162627
decision_type=9 9 9 9 9 8 9 9 10 9 9 9 9 9 9 9 10 9 9 10 9 10
left_child=1 -1 -3 4 -2 -4 -7 -8 -9 10 12 -11 -5 -12 15 18 -14 -18 -13 21 -21 -16
right_child=3 2 5 9 -6 6 7 8 -10 11 13 14 16 -15 19 -17 17 -19 -20 20 -22 -23
leaf_value=6.2323839274509787 -4.3796279866386874 -0.14100866158911748 -7.2036422608228978 1.2295634728746863 17.682367954931483 -0.59075794207511823 -1.2065182911546253 -21.792329837806342 -6.2757895075119903 12.090110698313683 6.3905409573713978 20.853702847103619 -41.55029909563526 -1.1530823928148997 -0.13595894534489636 -10.79681890134283 0.22086622807502052 -19.688979653428181 -0.56325053876252318 92.911459077021249 0.044417653666415188 -42.202994729359844
leaf_weight=393 238 159 38 263 686 101 107 160 45 1927 1830 107 67 8159 5187 1265 106 435 279 447 901 75
leaf_count=393 238 159 38 263 686 101 107 160 45 1927 1830 107 67 8159 5187 1265 106 435 279 447 901 75
internal_value=-0.000124363 -0.00180443 -0.00361736 -4.66701e-05 0.00131731 -0.0047527 -0.00430482 -0.00525 -0.00673963 -0.000107265 -0.000322848 0.000122647 -0.00254303 -0.000126437 -0.000168077 -0.00118791 -0.00371613 -0.00322376 0.000520101 8.83421e-05 0.00096 -0.000135068
internal_weight=22975 1003 610 21972 924 451 413 312 205 21048 10860 10188 871 9989 8261 1651 608 541 386 6610 1348 5262
internal_count=22975 1003 610 21972 924 451 413 312 205 21048 10860 10188 871 9989 8261 1651 608 541 386 6610 1348 5262
cat_boundaries=0 12 14 15 28 30 41 43 45 58 71 73 87 101 103 115 129 142
cat_threshold=4198404 25231428 268435456 2415919632 2147549704 16781313 512 268436480 8 2147484160 8388608 131080 8999474 74256 48 81984 33554432 3758096592 68 262144 0 0 134234112 524288 86016032 536870912 524384 1048704 112 77864 4194308 4 268435456 0 0 0 0 1024 0 0 8388608 2302672896 12 2864840238 403461 17039384 2216689664 1 32768 16777216 536870976 0 41024 4 1179664 67239968 285218817 2625536 262168 69601280 0 0 1048576 64 0 32768 5120 1184016 196648 287315969 33801 8466976 2048 1075838977 20512 67108864 1 268566528 33555716 0 0 0 1082130433 1092620416 32772 8192 23 1082130433 5168 4096 128 1342324800 3072 0 1073741824 32768 1024 1394606080 32772 8396802 5 1075970496 66914 24 0 0 0 0 64 0 0 4 1179648 0 16777216 0 4096 0 0 0 0 0 0 0 1024 0 4 0 4 2129920 0 0 0 32768 0 0 65536 0 0 0 2148541696 516
is_linear=0
shrinkage=0.045


Tree=344
num_leaves=23
num_cat=17
split_feature=0 3 0 3 0 5 5 3 0 0 0 3 4 5 0 3 5 1 5 1 3 2
split_gain=1.33689 1.38244 0.873552 1.14473 0.514966 0.969277 0.550374 0.479341 2.15932 1.19583 1.04668 0.88677 0.697814 1.37368 0.69127 1.21042 0.76204 0.674924 0.796802 0.755668 0.706375 0.653735
threshold=0 1 2 3 4 4.8713658868283671 3.3140206880897671 5 6 7 8 9 10 5.0205801788306017 11 12 2.740319461670996 13 3.2769667020129059 14 15 16
decision_type=9 9 9 9 9 8 10 9 9 9 9 9 1 10 9 9 10 9 8 9 9 9
left_child=1 -1 3 4 5 -2 -6 8 -4 11 -10 21 13 -12 15 -11 -17 20 -19 -20 -14 -9
right_child=2 -3 7 -5 6 -7 -8 9 10 14 12 -13 17 -15 -16 16 -18 18 19 -21 -22 -23
leaf_value=0.038738581734034064 -60.968258554275451 -2.2915742984237428 6.0394799505505699 26.248891186204435 -8.6859210008044894 55.716921737004007 60.72016200429205 143.64132470185896 -0.4633899203079862 1.6261026351024421 2.0454407999143496 16.492600379132721 -19.533134777869041 -94.042049513813552 -0.057807077241011681 15.058122018436766 -6.6375551999236233 -58.171037363878284 -2.1858391265898787 -63.702078103850205 1.4819124477541554 -1.0532264235077973
leaf_weight=665 72 654 1769 621 43 56 145 297 1541 434 48 1136 728 45 11939 73 429 117 329 172 577 1085
leaf_count=665 72 654 1769 621 43 56 145 297 1541 434 48 1136 728 45 11939 73 429 117 329 172 577 1085
internal_value=-0.000106737 -0.00149098 -2.15985e-05 0.00131349 -0.000878049 -0.00295714 0.00063 -8.27021e-05 -0.000450168 4.46934e-05 -0.00108812 0.000939131 -0.00176183 -0.0055421 -0.000130946 -0.00130063 -0.00278405 -0.0015826 -0.0028 -0.00204871 -0.000973804 0.000167862
internal_weight=22975 1319 21656 937 316 128 188 20719 5326 15393 3557 2518 2016 93 12875 936 502 1923 618 501 1305 1382
internal_count=22975 1319 21656 937 316 128 188 20719 5326 15393 3557 2518 2016 93 12875 936 502 1923 618 501 1305 1382
cat_boundaries=0 13 15 28 30 42 44 58 72 86 88 89 102 104 106 108 110 111
cat_threshold=4194372 2172715092 268439552 2415919616 2147483648 4161 512 268469248 32780 33284 0 131080 131072 10044978 66232 81936 33554432 1610612944 212 17039424 33554432 0 0 524288 2166489120 0 524384 3145728 134595156 56 16 33554432 0 128 0 0 0 0 0 2228224 0 524288 1652567592 262148 1075871744 282624 1 2097152 557316 1024 0 65536 0 1082130506 1140850688 2149614100 67109376 2 25427976 139264 2214592512 8192 1114632 0 0 134234112 7168 26640 69792 268435457 1033 4 0 3104 0 0 134348800 16777220 0 8192 536870912 4719616 186781712 11648 2147510304 21 2436448340 152417 1 1 16384 1 2129920 1073791236 16779264 0 1073750016 65536 67108864 1142947840 0 384 6160532 25424 537679080 2340 1073741845 1152 33557512 262148 48
is_linear=0
shrinkage=0.045


Tree=345
num_leaves=23
num_cat=17
split_feature=0 3 0 3 0 0 5 2 4 3 5 5 5 3 5 3 1 3 0 0 0 3
split_gain=1.31312 1.20376 1.11646 1.52535 0.944019 0.785243 0.7809 0.652225 0.513998 0.471618 0.499846 0.561367 0.416076 0.95234 0.61609 0.909021 0.825336 0.603718 2.37602 1.6025 1.25006 1.20662
threshold=0 1 2 3 4 5 4.1026092131977068 6 7 8 4.7405652883788738 3.9607678160667752 1.7005986908310777 9 2.3502401828962087 10 11 12 13 14 15 16
decision_type=9 9 9 9 9 9 10 9 1 9 10 8 8 9 8 9 9 9 9 9 9 9
left_child=1 7 3 5 -5 -2 -6 -1 -8 10 11 -7 13 -4 15 -14 -17 18 21 -19 -21 -16
right_child=2 -3 12 4 6 9 8 -9 -10 -11 -12 -13 14 -15 17 16 -18 19 -20 20 -22 -23
leaf_value=-3.5811185214315571 11.236176999738284 33.055803643309694 -23.632887260359606 -0.38321053822380202 -16.529925909466762 -12.706046199420516 41.22775101047759 142.34307280470753 -5.9062192102098212 31.763889209860917 -7.8224153198033903 14.510566914098948 4.9700951684546073 33.360835268716961 3.5925119316971603 -112.1978244326869 -0.99995042911896603 12.154580745736572 3.6535073660546273 -3.2609247978293383 -1.1935351219997803 -10.331840879887297
leaf_weight=349 221 579 120 249 215 35 73 148 163 183 35 40 106 484 549 116 107 1564 4465 1133 10170 1871
leaf_count=349 221 579 120 249 215 35 73 148 163 183 35 40 106 484 549 116 107 1564 4465 1133 10170 1871
internal_value=-9.49861e-05 0.00143107 -0.000170668 -0.00149021 -0.0028441 0.000376426 -0.00407235 -0.00020334 -0.00234454 -0.00113607 -0.00331967 -0.00146104 -9.24045e-05 0.00106931 -0.000127496 -0.00205287 -0.00358085 -9.52211e-05 0.000244672 -0.000277079 -0.000464118 -0.000888158
internal_weight=22975 1076 21899 1214 700 514 451 497 236 293 110 75 20685 604 20081 329 223 19752 6885 12867 11303 2420
internal_count=22975 1076 21899 1214 700 514 451 497 236 293 110 75 20685 604 20081 329 223 19752 6885 12867 11303 2420
cat_boundaries=0 13 15 28 30 39 49 50 51 53 55 57 59 61 75 89 103 105
cat_threshold=69640 1107296256 1610612944 64 327680 0 0 134234112 524288 87162929 1082195968 524384 2097280 2164801712 200872 4194372 2172715076 268439552 2415919632 2147483648 4161 512 268436480 34824 2147516932 0 131080 131072 2315339314 74288 4194308 65540 0 268435456 0 1 512 0 32768 0 16777280 4096 16 0 4160 0 268435456 2048 32768 6 2 134234624 544 8404992 16396 134365200 4100 16 3072 1167477184 251146 2097153 276528 1 129 269090816 256 0 0 536870912 4197376 687869952 2147483648 42513 4 1 262176 67108865 129 268567108 2308 0 1073807360 0 3072 538972160 0 1074947 16 33832976 131088 2147483648 4 1091567624 16777216 256 40960 65540 1073741824 33685536 286265344 8912900 4 393664 65794
is_linear=0
shrinkage=0.045


Tree=346
num_leaves=23
num_cat=17
split_feature=0 0 3 1 3 5 0 3 5 3 5 3 0 0 3 0 3 0 3 5 5 0
split_gain=1.36733 1.05441 0.896069 1.03834 0.726245 1.02351 0.602081 0.88119 0.662886 0.558833 0.63492 0.419867 2.07192 1.06362 1.84899 1.02205 0.820859 0.712592 1.14216 0.665881 0.561825 0.662726
threshold=0 1 2 3 4 3.6762205501217919 5 6 4.0859410030639109 7 4.1971736807086968 8 9 10 11 12 13 14 15 2.602003343538398 5.5816130673839615 16
decision_type=9 9 9 9 9 10 9 9 8 9 8 9 9 9 9 9 9 9 9 8 8 9
left_child=2 4 3 -1 5 -2 -4 -8 -9 10 -5 12 -3 14 19 16 -14 18 -15 -13 21 -21
right_child=1 11 6 9 -6 -7 7 8 -10 -11 -12 13 15 17 -16 -17 -18 -19 -20 20 -22 -23
leaf_value=49.250786122341133 -63.687581912507028 9.726651030199811 -9.6032236016003143 -5.9430681437769328 8.8299193312735529 2.9923609149371013 9.3551181752906665 -3.9193475616265592 -1.9115418919181892 1.3199479153268339 -1.3458878423602312 15.497043947978719 -1.3705334092096353 -0.29153322175845975 0.37846697817899033 -1.960337979012809 -5.0309492405594352 0.16182852402324888 7.8048973529548853 -57.800822693779331 -0.44402163060240413 -9.8376767460438348
leaf_weight=172 36 962 213 43 496 65 106 120 160 100 65 76 209 677 979 2572 128 14277 708 214 148 449
leaf_count=172 36 962 213 43 496 65 106 120 160 100 65 76 209 677 979 2572 128 14277 708 214 148 449
internal_value=-9.49861e-05 -2.12648e-05 -0.00173007 1.62506e-10 0.00182512 -0.0015531 -0.00280606 -0.00162814 -0.00292808 -0.00208636 -0.0042 -7.37703e-05 -0.000497167 2.00116e-05 -0.000992013 -0.00109534 -0.00339112 0.000141253 0.00111131 -0.00246774 -0.00287269 -0.00343083
internal_weight=22975 21996 979 380 597 101 599 386 280 208 108 21399 3871 17528 1866 2909 337 15662 1385 887 811 663
internal_count=22975 21996 979 380 597 101 599 386 280 208 108 21399 3871 17528 1866 2909 337 15662 1385 887 811 663
cat_boundaries=0 13 26 28 29 31 41 43 45 47 61 75 77 91 93 107 109 120
cat_threshold=4194308 3238019072 268435456 2415919632 2147549188 570429505 640 268436480 8 2147484164 8388608 131080 131072 8 33554432 1073742032 64 262144 32 0 134234112 0 68157488 1073807360 96 4096 8427056 80400 134512736 2147532832 196640 0 1073741824 0 512 65536 536875009 512 268436480 0 512 16777280 16388 560 65536 371471912 270352 1075871744 75771920 536870913 0 134217984 1024 0 8192 0 1082654720 67112960 2630144 2147486720 2 2101249 8276 1 32772 1073758464 2048 0 1073782784 98304 64 606076936 268435456 3328 18 687980994 233604 42205184 131072 0 0 0 0 0 0 1024 167936 268435456 38912 8736 4 33559072 270336 25247760 196608 2214592512 0 16777792 0 256 64 4096 19038208 268435632 4101 8912930 5 2148089872 4580 2101248 20 1 0 0 0 0 40960 0 0 2097152
is_linear=0
shrinkage=0.045


Tree=347
num_leaves=23
num_cat=15
split_feature=0 3 0 5 3 1 0 3 5 5 5 5 3 0 0 0 3 5 0 3 2 5
split_gain=1.36981 1.35757 1.08283 0.693009 0.574493 0.473276 0.435545 0.56212 0.73883 0.720058 0.558674 0.490202 0.391683 2.75456 1.61209 1.37624 1.04376 2.16812 0.851967 0.949932 1.92915 0.769277
threshold=0 1 2 3.0677824455408698 3 4 5 6 4.7405652883788738 4.0859410030639109 5.2704288588135384 3.4811217321331038 7 8 9 10 11 4.3882378946731615 12 13 14 3.3842466058243152
decision_type=9 9 9 8 9 9 9 9 10 8 10 10 9 9 9 9 9 8 9 9 9 8
left_child=1 5 4 -3 -2 -1 -5 9 11 -8 -10 -9 13 -4 16 -14 -15 -18 19 20 21 -17
right_child=2 3 12 6 -6 -7 7 8 10 -11 -12 -13 15 14 -16 18 17 -19 -20 -21 -22 -23
leaf_value=-0.56823493601635233 -8.9555552142127883 -55.155107944871702 6.3869857650509445 0.48475810702861416 6.2763701048421234 16.327447258037548 9.2568314494160564 -2.571236041545168 48.897865039412565 -7.9179780590264635 -7.2404473454070049 -4.209622406104403 4.2317970962797986 -3.6324560055863451 -1.3410458060912644 -3.3471535723916324 -2.0623787443317187 -20.117143227355211 0.052155482312733405 0.17549153978037071 -6.6046759909608541 -208.37737396645812
leaf_weight=100 103 54 1746 137 448 194 49 47 36 169 39 137 2653 274 4781 37 94 82 9898 911 917 69
leaf_count=100 103 54 1746 137 448 194 49 47 36 169 39 137 2653 274 4781 37 94 82 9898 911 917 69
internal_value=-9.49861e-05 -0.00174641 -2.18614e-05 -0.00285882 0.00192629 0.000794118 -0.00245455 -0.00306442 -0.0045 -0.00121304 -0.000876623 -0.00619355 -7.29252e-05 -0.000349621 -0.000866012 6.05299e-05 -0.00340909 -0.00607979 -0.000147416 -0.00100822 -0.00194348 -0.0073983
internal_weight=22975 962 22013 668 551 294 614 477 259 218 75 184 21462 6977 5231 14485 450 176 11832 1934 1023 106
internal_count=22975 962 22013 668 551 294 614 477 259 218 75 184 21462 6977 5231 14485 450 176 11832 1934 1023 106
cat_boundaries=0 13 15 27 29 31 39 41 43 57 71 85 87 101 103 104
cat_threshold=25165828 3238068224 268439552 2415919632 2164326916 33554497 512 268435456 8 2147615236 8388608 131080 131072 2181054560 207380 8 33570816 1073742032 32832 262144 0 0 134235136 0 48 1075904512 96 2147500064 4104 134742081 8 4 0 0 0 65540 33554432 512 268435456 134218258 20520 2518946600 404020 1075843072 4192 536870912 8325 256 1024 0 0 66560 5243905 603983872 2149580800 68169776 2 278544 2231300 0 0 268435520 16777216 0 64 6148 0 0 268439553 524288 4 344080 10882052 2214592512 0 0 4 0 0 6144 10502400 134217736 268959745 2155872394 20 4608 272420 1075843072 96 536870912 133 1073758464 6144 0 1073750016 99328 71306241 33558528 0 67117344 2 1094779090 118912 2
is_linear=0
shrinkage=0.045


Tree=348
num_leaves=23
num_cat=20
split_feature=0 3 0 0 0 3 3 0 3 0 0 0 3 0 3 5 5 3 0 3 0 3
split_gain=1.46306 1.36241 1.20095 1.03915 0.884248 0.775798 0.547711 0.542788 0.444336 2.10452 1.4353 1.00107 1.11462 0.837082 0.771669 0.737215 1.5196 0.798865 0.691409 0.603996 0.856709 0.50279
threshold=0 1 2 3 4 5 6 7 8 9 10 11 12 13 14 1.8688348091416842 3.0677824455408698 15 16 17 18 19
decision_type=9 9 9 9 9 9 9 9 9 9 9 9 9 9 9 8 10 9 9 9 9 9
left_child=1 4 -3 5 -1 -2 -4 -7 9 15 14 12 -11 21 -10 -5 -17 -18 -14 20 -15 -12
right_child=3 2 6 8 -6 7 -8 -9 10 11 13 -13 18 19 -16 16 17 -19 -20 -21 -22 -23
leaf_value=-1.3639820868198336 -8.0258927816326775 -0.65429144133772532 -5.7506158824110649 114.31691727697573 15.575547334840294 0.38932710029231721 -8.540807750220381 66.591376622085676 0.01449068635960445 25.401330876521328 -9.6778878351375042 -0.56076260892460106 -2.4686230085729242 -4.648508820668396 24.209950926038246 -56.522711299454699 -32.6017778784516 -1.5848410951995098 9.5531853175985262 0.3466177229595736 18.918293425648809 -0.93445726437369803
leaf_weight=217 244 281 123 61 372 375 219 431 321 932 950 6173 773 103 613 143 615 641 366 6986 648 1388
leaf_count=217 244 281 123 61 372 375 219 431 321 932 950 6173 773 103 613 143 615 641 366 6986 648 1388
internal_value=-5.97335e-05 -0.00157353 -0.00302598 2.54192e-05 -7.48736e-06 0.00139831 -0.00480508 0.00206846 -4.49455e-05 -0.000266776 0.000150667 1.30816e-05 0.000866299 -6.69161e-06 0.00182664 -0.00183424 -0.00205889 -0.00155246 -8.21024e-05 0.000218932 0.00142136 -0.000750638
internal_weight=22975 1212 623 21763 589 1050 342 806 20713 9704 11009 8244 2071 10075 934 1460 1399 1256 1139 7737 751 2338
internal_count=22975 1212 623 21763 589 1050 342 806 20713 9704 11009 8244 2071 10075 934 1460 1399 1256 1139 7737 751 2338
cat_boundaries=0 13 15 28 42 52 54 56 70 72 85 99 113 115 129 131 133 146 148 161 163
cat_threshold=4 3238019136 2415923200 2147484160 2147549764 50331649 512 268444672 32768 2147616260 0 131080 2097152 2182726260 74244 4 0 0 0 65604 33554432 512 268443648 32768 131072 0 0 2097152 541085704 33554432 1610612944 268468292 262144 0 0 16384 0 69206064 1612775424 524385 131072 2 4 1073758208 0 0 4 33554432 512 268435456 32768 131076 2147500064 70200 16778242 16544 20480 0 0 32836 0 0 0 0 0 69206032 536870912 524288 0 2 2523709036 272934 2206466048 2228244 0 16 1064960 536870912 384 0 67588 64 8388648 285245440 528396 2206531584 2293760 0 144 0 4 128 134217728 71684 1048896 8388640 285245440 1052676 4 1075871760 8388640 1 2105345 285343744 320 0 1073741824 1024 4194305 135296 2148540416 8407425 16 796744 2596 2097169 8396832 0 2105344 1359085824 2368 0 1073741824 1032 4196353 33558528 2148532352 19712 1 16842768 16664 34079276 516 32768 32 1 2097152 131072 64 0 0 1024 4194304 128 2147491840 1 1090519040 33040 0 4100 0 0 0 536870912 0 0 0 0 0 1024 33280 1635975296 184336
is_linear=0
shrinkage=0.045


Tree=349
num_leaves=23
num_cat=19
split_feature=0 3 0 3 1 1 5 3 2 1 5 3 0 0 0 5 3 3 0 3 3 0
split_gain=1.49037 1.57156 0.953222 1.42773 0.608266 0.491655 0.727963 0.633503 0.477701 0.454311 0.692232 0.447224 2.13989 1.44797 0.659085 0.722249 0.667497 0.653412 0.611163 1.76752 0.866222 1.12629
threshold=0 1 2 3 4 5 5.4402485097224949 6 7 8 4.3757372435704527 9 10 11 12 6.0626210638078133 13 14 15 16 17 18
decision_type=9 9 9 9 9 9 10 9 9 9 8 9 9 9 9 8 9 9 9 9 9 9
left_child=1 4 3 -2 -1 -3 7 -7 9 -5 -11 12 -4 -13 15 17 -17 -15 19 -14 21 -20
right_child=2 5 11 8 -6 6 -8 -9 -10 10 -12 13 18 14 -16 16 -18 -19 20 -21 -22 -23
leaf_value=43.422007118798973 13.725446139410099 -0.059683319433805025 -10.457323379071997 0.16556611738422181 -0.57579476661674933 -0.11975650326004499 -91.054473763334826 -2.919243317070233 306.86813578870306 -6.545181659998109 -281.46536263263346 10.504105309516955 -6.6160686149117893 -5.5961105601347665 -0.90456269842055681 3.5522023851004008 98.053627419409082 4.4055815943187184 -1.2168949081064617 15.582507083392805 -2.1222706715482582 5.7215260835774426
leaf_weight=109 535 118 1818 223 444 133 40 317 106 122 53 1199 754 1264 7018 270 215 1466 863 1612 3099 1197
leaf_count=109 535 118 1818 223 444 133 40 317 106 122 53 1199 754 1264 7018 270 215 1466 863 1612 3099 1197
internal_value=-8.32352e-05 -0.00164578 8.24872e-07 0.00132303 0.00010354 -0.00320806 -0.00385458 -0.00338496 -0.000401163 -0.00111951 -0.00276738 -6.60267e-05 -0.000296793 0.000122685 -5.13908e-05 0.000481097 0.00207906 0.000197658 3.88087e-05 0.000635829 -0.000235834 0.000477799
internal_weight=22975 1161 21814 1039 553 608 490 450 504 398 175 20775 9343 11432 10233 3215 485 2730 7525 2366 5159 2060
internal_count=22975 1161 21814 1039 553 608 490 450 504 398 175 20775 9343 11432 10233 3215 485 2730 7525 2366 5159 2060
cat_boundaries=0 13 15 29 31 33 35 37 38 40 42 56 70 84 86 88 101 103 105 118
cat_threshold=4194316 3238002688 268439552 2415919616 16842820 33554433 512 268460032 32768 2147615236 2097152 135176 2228224 3260661872 20992 2692763648 33701888 1073742032 68 262144 0 128 1073742848 65536 48 1619001344 524384 4096 2 152360006 153764 134226243 2048 536887296 1036 5632 196736 7 269221929 65536 375701096 268916 50593792 2097172 2147483648 8192 134217728 16777472 256 134217728 4100 1026 65592 268468229 41608 1 50659328 2097168 603979776 8192 2147483648 16777476 0 0 4100 1075863554 65712 268435461 8429568 1 32784 262144 0 0 142607104 4096 0 0 2048 77071424 201330688 32768 1049276 20 2164342800 73856 135856402 196618 1073741825 8392768 0 2097297 269631488 1088 0 32768 0 68161537 131072 2149592208 67125249 375427104 528 375428136 528 16 67109920 0 0 8945664 536870912 0 0 1024 13139968 100663424 256 20
is_linear=0
shrinkage=0.045


end of trees

feature_importances:
field=3062
state=2382
log_completions=1170
credential=522
broad_field=299
control=265

parameters:
[boosting: gbdt]
[objective: quantile]
[metric: quantile]
[tree_learner: serial]
[device_type: cpu]
[data_sample_strategy: bagging]
[data: ]
[valid: ]
[num_iterations: 350]
[learning_rate: 0.045]
[num_leaves: 23]
[num_threads: 4]
[seed: 42]
[deterministic: 0]
[force_col_wise: 0]
[force_row_wise: 0]
[histogram_pool_size: -1]
[max_depth: -1]
[min_data_in_leaf: 35]
[min_sum_hessian_in_leaf: 0.001]
[bagging_fraction: 1]
[pos_bagging_fraction: 1]
[neg_bagging_fraction: 1]
[bagging_freq: 0]
[bagging_seed: 400]
[bagging_by_query: 0]
[feature_fraction: 1]
[feature_fraction_bynode: 1]
[feature_fraction_seed: 30056]
[extra_trees: 0]
[extra_seed: 12879]
[early_stopping_round: 0]
[early_stopping_min_delta: 0]
[first_metric_only: 0]
[max_delta_step: 0]
[lambda_l1: 0]
[lambda_l2: 2]
[linear_lambda: 0]
[min_gain_to_split: 0]
[drop_rate: 0.1]
[max_drop: 50]
[skip_drop: 0.5]
[xgboost_dart_mode: 0]
[uniform_drop: 0]
[drop_seed: 17869]
[top_rate: 0.2]
[other_rate: 0.1]
[min_data_per_group: 100]
[max_cat_threshold: 32]
[cat_l2: 10]
[cat_smooth: 10]
[max_cat_to_onehot: 4]
[top_k: 20]
[monotone_constraints: ]
[monotone_constraints_method: basic]
[monotone_penalty: 0]
[feature_contri: ]
[forcedsplits_filename: ]
[refit_decay_rate: 0.9]
[cegb_tradeoff: 1]
[cegb_penalty_split: 0]
[cegb_penalty_feature_lazy: ]
[cegb_penalty_feature_coupled: ]
[path_smooth: 0]
[interaction_constraints: ]
[verbosity: -1]
[saved_feature_importance_type: 0]
[use_quantized_grad: 0]
[num_grad_quant_bins: 4]
[quant_train_renew_leaf: 0]
[stochastic_rounding: 1]
[linear_tree: 0]
[max_bin: 255]
[max_bin_by_feature: ]
[min_data_in_bin: 3]
[bin_construct_sample_cnt: 200000]
[data_random_seed: 175]
[is_enable_sparse: 1]
[enable_bundle: 1]
[use_missing: 1]
[zero_as_missing: 0]
[feature_pre_filter: 1]
[pre_partition: 0]
[two_round: 0]
[header: 0]
[label_column: ]
[weight_column: ]
[group_column: ]
[ignore_column: ]
[categorical_feature: 0,1,2,3,4]
[forcedbins_filename: ]
[precise_float_parser: 0]
[parser_config_file: ]
[objective_seed: 16083]
[num_class: 1]
[is_unbalance: 0]
[scale_pos_weight: 1]
[sigmoid: 1]
[boost_from_average: 1]
[reg_sqrt: 0]
[alpha: 0.1]
[fair_c: 1]
[poisson_max_delta_step: 0.7]
[tweedie_variance_power: 1.5]
[lambdarank_truncation_level: 30]
[lambdarank_norm: 1]
[label_gain: ]
[lambdarank_position_bias_regularization: 0]
[eval_at: ]
[multi_error_top_k: 1]
[auc_mu_weights: ]
[num_machines: 1]
[local_listen_port: 12400]
[time_out: 120]
[machine_list_filename: ]
[machines: ]
[gpu_platform_id: -1]
[gpu_device_id: -1]
[gpu_device_id_list: ]
[gpu_use_dp: 0]
[num_gpu: 1]

end of parameters

pandas_categorical:[["100", "1001", "1002", "1003", "101", "102", "103", "104", "105", "106", "107", "108", "109", "1099", "110", "1101", "1102", "1103", "1104", "1105", "1106", "1107", "1108", "1109", "111", "1110", "112", "113", "1199", "1203", "1204", "1205", "1206", "1299", "1301", "1302", "1303", "1304", "1305", "1306", "1307", "1309", "1310", "1311", "1312", "1313", "1314", "1315", "1399", "1401", "1402", "1403", "1404", "1405", "1406", "1407", "1408", "1409", "1410", "1411", "1412", "1413", "1414", "1418", "1419", "1420", "1421", "1422", "1423", "1424", "1425", "1427", "1428", "1432", "1433", "1434", "1435", "1436", "1437", "1438", "1439", "1440", "1441", "1442", "1443", "1444", "1445", "1447", "1448", "1499", "1500", "1501", "1502", "1503", "1504", "1505", "1506", "1507", "1508", "1509", "1510", "1511", "1512", "1513", "1514", "1515", "1516", "1517", "1599", "1601", "1602", "1603", "1604", "1605", "1606", "1607", "1608", "1609", "1610", "1611", "1612", "1613", "1614", "1615", "1616", "1617", "1699", "180", "181", "182", "183", "1901", "1902", "1904", "1905", "1906", "1907", "1909", "1910", "199", "1999", "2101", "2200", "2201", "2202", "2203", "2299", "2301", "2313", "2314", "2399", "2401", "2501", "2503", "2599", "2601", "2602", "2603", "2604", "2605", "2607", "2608", "2609", "2610", "2611", "2612", "2613", "2614", "2615", "2699", "2701", "2703", "2705", "2706", "2799", "2801", "2803", "2805", "2806", "2902", "2903", "2904", "2906", "2999", "3000", "3001", "3005", "3006", "3008", "301", "3010", "3011", "3012", "3013", "3014", "3015", "3016", "3017", "3018", "3019", "302", "3020", "3021", "3022", "3023", "3025", "3026", "3027", "3028", "3029", "303", "3030", "3031", "3032", "3033", "3034", "3035", "3036", "3038", "3039", "3040", "3041", "3042", "3043", "3044", "3045", "3046", "3047", "3048", "3049", "305", "3051", "3052", "3053", "306", "3070", "3071", "3099", "3101", "3103", "3105", "3106", "3199", "3201", "3301", "3401", "3501", "3601", "3602", "3701", "3800", "3801", "3802", "3899", "3902", "3903", "3904", "3905", "3906", "3907", "3908", "399", "3999", "4001", "4002", "4004", "4005", "4006", "4008", "4010", "4011", "402", "403", "404", "405", "406", "408", "409", "4099", "410", "4100", "4101", "4102", "4103", "4199", "4201", "4202", "4204", "4227", "4228", "4299", "4301", "4302", "4303", "4304", "4399", "4400", "4402", "4404", "4405", "4407", "4499", "4501", "4502", "4503", "4504", "4505", "4506", "4507", "4509", "4510", "4511", "4512", "4513", "4599", "4600", "4601", "4602", "4603", "4604", "4605", "4699", "4700", "4701", "4702", "4703", "4704", "4706", "4707", "4799", "4800", "4803", "4805", "4807", "4808", "4899", "4901", "4902", "4903", "499", "4999", "5001", "5002", "5003", "5004", "5005", "5006", "5007", "5009", "501", "5010", "5011", "502", "5099", "5100", "5101", "5102", "5104", "5105", "5106", "5107", "5108", "5109", "5110", "5111", "5112", "5114", "5115", "5116", "5117", "5118", "5120", "5122", "5123", "5126", "5127", "5131", "5132", "5133", "5134", "5135", "5136", "5137", "5138", "5139", "5199", "5201", "5202", "5203", "5204", "5205", "5206", "5207", "5208", "5209", "5210", "5211", "5212", "5213", "5214", "5215", "5216", "5217", "5218", "5219", "5220", "5221", "5299", "5301", "5302", "5401", "599", "6001", "6003", "6126", "901", "904", "907", "909", "910", "999"], ["1", "10", "11", "12", "13", "14", "15", "16", "19", "21", "22", "23", "24", "25", "26", "27", "28", "29", "3", "30", "31", "32", "33", "34", "35", "36", "37", "38", "39", "4", "40", "41", "42", "43", "44", "45", "46", "47", "48", "49", "5", "50", "51", "52", "53", "54", "60", "61", "9"], ["1", "2", "3", "4", "5", "6", "7", "8", "99"], ["AK", "AL", "AR", "AZ", "CA", "CO", "CT", "DC", "DE", "FL", "GA", "HI", "IA", "ID", "IL", "IN", "KS", "KY", "LA", "MA", "MD", "ME", "MI", "MN", "MO", "MS", "MT", "NC", "ND", "NE", "NH", "NJ", "NM", "NV", "NY", "OH", "OK", "OR", "Other", "PA", "RI", "SC", "SD", "TN", "TX", "UT", "VA", "VT", "WA", "WI", "WV"], ["Private, for-profit", "Private, nonprofit", "Public"]]
